"site_code","date","GRD","UND","CAN"
"TER-EXO-T01",2023-08-09,NA,NA,NA
"TER-EXO-T01",2023-08-10,NA,NA,NA
"TER-EXO-T01",2023-08-11,NA,NA,NA
"TER-EXO-T01",2023-08-12,NA,NA,NA
"TER-EXO-T01",2023-08-13,NA,NA,NA
"TER-EXO-T01",2023-08-14,NA,NA,NA
"TER-EXO-T01",2023-08-15,NA,NA,NA
"TER-EXO-T01",2023-08-16,NA,NA,NA
"TER-EXO-T01",2023-08-17,NA,NA,NA
"TER-EXO-T01",2023-08-18,NA,NA,NA
"TER-EXO-T01",2023-08-19,NA,NA,NA
"TER-EXO-T01",2023-08-20,NA,NA,NA
"TER-EXO-T01",2023-08-21,NA,NA,NA
"TER-EXO-T01",2023-08-22,NA,NA,NA
"TER-EXO-T01",2023-08-23,NA,NA,NA
"TER-EXO-T01",2023-08-24,NA,NA,NA
"TER-EXO-T01",2023-08-25,NA,NA,NA
"TER-EXO-T01",2023-08-26,NA,NA,NA
"TER-EXO-T01",2023-08-27,NA,NA,NA
"TER-EXO-T01",2023-08-28,NA,NA,NA
"TER-EXO-T01",2023-08-29,NA,NA,NA
"TER-EXO-T01",2023-08-30,NA,NA,NA
"TER-EXO-T01",2023-08-31,NA,NA,NA
"TER-EXO-T01",2023-09-01,NA,NA,NA
"TER-EXO-T01",2023-09-02,NA,NA,NA
"TER-EXO-T01",2023-09-03,NA,NA,NA
"TER-EXO-T01",2023-09-04,NA,NA,NA
"TER-EXO-T01",2023-09-05,NA,NA,NA
"TER-EXO-T01",2023-09-06,NA,NA,NA
"TER-EXO-T01",2023-09-07,NA,NA,NA
"TER-EXO-T01",2023-09-08,NA,NA,NA
"TER-EXO-T01",2023-09-09,NA,NA,NA
"TER-EXO-T01",2023-09-10,NA,NA,NA
"TER-EXO-T01",2023-09-11,NA,NA,NA
"TER-EXO-T01",2023-09-12,NA,NA,NA
"TER-EXO-T01",2023-09-13,NA,NA,NA
"TER-EXO-T01",2023-09-14,NA,NA,NA
"TER-EXO-T01",2023-09-15,NA,NA,NA
"TER-EXO-T01",2023-09-16,NA,NA,NA
"TER-EXO-T01",2023-09-17,NA,NA,NA
"TER-EXO-T01",2023-09-18,NA,NA,NA
"TER-EXO-T01",2023-09-19,NA,NA,NA
"TER-EXO-T01",2023-09-20,NA,NA,NA
"TER-EXO-T01",2023-09-21,NA,NA,NA
"TER-EXO-T01",2023-09-22,NA,NA,NA
"TER-EXO-T01",2023-09-23,NA,NA,NA
"TER-EXO-T01",2023-09-24,NA,NA,NA
"TER-EXO-T01",2023-09-25,NA,NA,NA
"TER-EXO-T01",2023-09-26,NA,NA,NA
"TER-EXO-T01",2023-09-27,NA,NA,NA
"TER-EXO-T01",2023-09-28,NA,NA,NA
"TER-EXO-T01",2023-09-29,NA,NA,NA
"TER-EXO-T01",2023-09-30,NA,NA,NA
"TER-EXO-T01",2023-10-01,NA,NA,NA
"TER-EXO-T01",2023-10-02,NA,NA,NA
"TER-EXO-T01",2023-10-03,NA,NA,NA
"TER-EXO-T01",2023-10-04,NA,NA,NA
"TER-EXO-T01",2023-10-05,NA,NA,NA
"TER-EXO-T01",2023-10-06,NA,NA,NA
"TER-EXO-T01",2023-10-07,NA,NA,NA
"TER-EXO-T01",2023-10-08,NA,NA,NA
"TER-EXO-T01",2023-10-09,NA,NA,NA
"TER-EXO-T01",2023-10-10,NA,NA,NA
"TER-EXO-T01",2023-10-11,NA,NA,NA
"TER-EXO-T01",2023-10-12,NA,NA,NA
"TER-EXO-T01",2023-10-13,NA,NA,NA
"TER-EXO-T01",2023-10-14,NA,NA,NA
"TER-EXO-T01",2023-10-15,NA,NA,NA
"TER-EXO-T01",2023-10-16,NA,NA,NA
"TER-EXO-T01",2023-10-17,NA,NA,NA
"TER-EXO-T01",2023-10-18,NA,NA,NA
"TER-EXO-T01",2023-10-19,NA,NA,NA
"TER-EXO-T01",2023-10-20,NA,NA,NA
"TER-EXO-T01",2023-10-21,NA,NA,NA
"TER-EXO-T01",2023-10-22,NA,NA,NA
"TER-EXO-T01",2023-10-23,NA,NA,NA
"TER-EXO-T01",2023-10-24,NA,NA,NA
"TER-EXO-T01",2023-10-25,NA,NA,NA
"TER-EXO-T01",2023-10-26,NA,NA,NA
"TER-EXO-T01",2023-10-27,NA,NA,NA
"TER-EXO-T01",2023-10-28,NA,NA,NA
"TER-EXO-T01",2023-10-29,NA,NA,NA
"TER-EXO-T01",2023-10-30,NA,NA,NA
"TER-EXO-T01",2023-10-31,NA,NA,NA
"TER-EXO-T01",2023-11-01,NA,NA,NA
"TER-EXO-T01",2023-11-02,NA,NA,NA
"TER-EXO-T01",2023-11-03,NA,NA,NA
"TER-EXO-T01",2023-11-04,NA,NA,NA
"TER-EXO-T01",2023-11-05,NA,NA,NA
"TER-EXO-T01",2023-11-06,NA,NA,NA
"TER-EXO-T01",2023-11-07,NA,NA,NA
"TER-EXO-T01",2023-11-08,NA,NA,NA
"TER-EXO-T01",2023-11-09,NA,NA,NA
"TER-EXO-T01",2023-11-10,NA,NA,NA
"TER-EXO-T01",2023-11-11,NA,NA,NA
"TER-EXO-T01",2023-11-12,NA,NA,NA
"TER-EXO-T01",2023-11-13,NA,NA,NA
"TER-EXO-T01",2023-11-14,NA,NA,NA
"TER-EXO-T01",2023-11-15,NA,NA,NA
"TER-EXO-T01",2023-11-16,NA,NA,NA
"TER-EXO-T01",2023-11-17,NA,NA,NA
"TER-EXO-T01",2023-11-18,NA,NA,NA
"TER-EXO-T01",2023-11-19,NA,NA,NA
"TER-EXO-T01",2023-11-20,NA,NA,NA
"TER-EXO-T01",2023-11-21,NA,NA,NA
"TER-EXO-T01",2023-11-22,NA,NA,NA
"TER-EXO-T01",2023-11-23,NA,NA,NA
"TER-EXO-T01",2023-11-24,NA,NA,NA
"TER-EXO-T01",2023-11-25,NA,NA,NA
"TER-EXO-T01",2023-11-26,NA,NA,NA
"TER-EXO-T01",2023-11-27,NA,NA,NA
"TER-EXO-T01",2023-11-28,NA,NA,NA
"TER-EXO-T01",2023-11-29,NA,NA,NA
"TER-EXO-T01",2023-11-30,NA,NA,NA
"TER-EXO-T01",2023-12-01,NA,NA,NA
"TER-EXO-T01",2023-12-02,NA,NA,NA
"TER-EXO-T01",2023-12-03,NA,NA,NA
"TER-EXO-T01",2023-12-04,NA,NA,NA
"TER-EXO-T01",2023-12-05,NA,NA,NA
"TER-EXO-T01",2023-12-06,NA,NA,NA
"TER-EXO-T01",2023-12-07,NA,NA,NA
"TER-EXO-T01",2023-12-08,NA,NA,NA
"TER-EXO-T01",2023-12-09,NA,NA,NA
"TER-EXO-T01",2023-12-10,NA,NA,NA
"TER-EXO-T01",2023-12-11,NA,NA,NA
"TER-EXO-T01",2023-12-12,NA,NA,NA
"TER-EXO-T01",2023-12-13,NA,NA,NA
"TER-EXO-T01",2023-12-14,NA,NA,NA
"TER-EXO-T01",2023-12-15,NA,NA,NA
"TER-EXO-T01",2023-12-16,NA,NA,NA
"TER-EXO-T01",2023-12-17,NA,NA,NA
"TER-EXO-T01",2023-12-18,NA,NA,NA
"TER-EXO-T01",2023-12-19,NA,NA,NA
"TER-EXO-T01",2023-12-20,NA,NA,NA
"TER-EXO-T01",2023-12-21,NA,NA,NA
"TER-EXO-T01",2023-12-22,NA,NA,NA
"TER-EXO-T01",2023-12-23,NA,NA,NA
"TER-EXO-T01",2023-12-24,NA,NA,NA
"TER-EXO-T01",2023-12-25,NA,NA,NA
"TER-EXO-T01",2023-12-26,NA,NA,NA
"TER-EXO-T01",2023-12-27,NA,NA,NA
"TER-EXO-T01",2023-12-28,NA,NA,NA
"TER-EXO-T01",2023-12-29,NA,NA,NA
"TER-EXO-T01",2023-12-30,NA,NA,NA
"TER-EXO-T01",2023-12-31,NA,NA,NA
"TER-EXO-T01",2024-01-01,NA,NA,NA
"TER-EXO-T01",2024-01-02,NA,NA,NA
"TER-EXO-T01",2024-01-03,NA,NA,NA
"TER-EXO-T01",2024-01-04,NA,NA,NA
"TER-EXO-T01",2024-01-05,NA,NA,NA
"TER-EXO-T01",2024-01-06,NA,NA,NA
"TER-EXO-T01",2024-01-07,NA,NA,NA
"TER-EXO-T01",2024-01-08,NA,NA,NA
"TER-EXO-T01",2024-01-09,NA,NA,NA
"TER-EXO-T01",2024-01-10,NA,NA,NA
"TER-EXO-T01",2024-01-11,NA,NA,NA
"TER-EXO-T01",2024-01-12,NA,NA,NA
"TER-EXO-T01",2024-01-13,NA,NA,NA
"TER-EXO-T01",2024-01-14,NA,NA,NA
"TER-EXO-T01",2024-01-15,NA,NA,NA
"TER-EXO-T01",2024-01-16,NA,NA,NA
"TER-EXO-T01",2024-01-17,NA,NA,NA
"TER-EXO-T01",2024-01-18,NA,NA,NA
"TER-EXO-T01",2024-01-19,NA,NA,NA
"TER-EXO-T01",2024-01-20,NA,NA,NA
"TER-EXO-T01",2024-01-21,NA,NA,NA
"TER-EXO-T01",2024-01-22,NA,NA,NA
"TER-EXO-T01",2024-01-23,NA,NA,NA
"TER-EXO-T01",2024-01-24,NA,NA,NA
"TER-EXO-T01",2024-01-25,NA,NA,NA
"TER-EXO-T01",2024-01-26,NA,NA,NA
"TER-EXO-T01",2024-01-27,NA,NA,NA
"TER-EXO-T01",2024-01-28,NA,NA,NA
"TER-EXO-T01",2024-01-29,NA,NA,NA
"TER-EXO-T01",2024-01-30,NA,NA,NA
"TER-EXO-T01",2024-01-31,NA,NA,NA
"TER-EXO-T01",2024-02-01,NA,NA,NA
"TER-EXO-T01",2024-02-02,NA,NA,NA
"TER-EXO-T01",2024-02-03,NA,NA,NA
"TER-EXO-T01",2024-02-04,NA,NA,NA
"TER-EXO-T01",2024-02-05,NA,NA,NA
"TER-EXO-T01",2024-02-06,NA,NA,NA
"TER-EXO-T01",2024-02-07,NA,NA,NA
"TER-EXO-T01",2024-02-08,NA,NA,NA
"TER-EXO-T01",2024-02-09,NA,NA,NA
"TER-EXO-T01",2024-02-10,NA,NA,NA
"TER-EXO-T01",2024-02-11,NA,NA,NA
"TER-EXO-T01",2024-02-12,NA,NA,NA
"TER-EXO-T01",2024-02-13,NA,NA,NA
"TER-EXO-T01",2024-02-14,NA,NA,NA
"TER-EXO-T01",2024-02-15,NA,NA,NA
"TER-EXO-T01",2024-02-16,NA,NA,NA
"TER-EXO-T01",2024-02-17,NA,NA,NA
"TER-EXO-T01",2024-02-18,NA,NA,NA
"TER-EXO-T01",2024-02-19,NA,NA,NA
"TER-EXO-T01",2024-02-20,NA,NA,NA
"TER-EXO-T01",2024-02-21,NA,NA,NA
"TER-EXO-T01",2024-02-22,NA,NA,NA
"TER-EXO-T01",2024-02-23,NA,NA,NA
"TER-EXO-T01",2024-02-24,NA,NA,NA
"TER-EXO-T01",2024-02-25,NA,NA,NA
"TER-EXO-T01",2024-02-26,NA,NA,NA
"TER-EXO-T01",2024-02-27,NA,NA,NA
"TER-EXO-T01",2024-02-28,NA,NA,NA
"TER-EXO-T01",2024-02-29,NA,NA,NA
"TER-EXO-T01",2024-03-01,NA,NA,NA
"TER-EXO-T01",2024-03-02,NA,NA,NA
"TER-EXO-T01",2024-03-03,NA,NA,NA
"TER-EXO-T01",2024-03-04,NA,NA,NA
"TER-EXO-T01",2024-03-05,NA,NA,NA
"TER-EXO-T01",2024-03-06,NA,NA,NA
"TER-EXO-T01",2024-03-07,NA,NA,NA
"TER-EXO-T01",2024-03-08,NA,NA,NA
"TER-EXO-T01",2024-03-09,NA,NA,NA
"TER-EXO-T01",2024-03-10,NA,NA,NA
"TER-EXO-T01",2024-03-11,NA,NA,NA
"TER-EXO-T01",2024-03-12,NA,NA,NA
"TER-EXO-T01",2024-03-13,0.0398759786085338,0.094338401358966,0.00182292519558483
"TER-EXO-T01",2024-03-14,0.0604748356835967,0.0890674221703741,0.000710603247683972
"TER-EXO-T01",2024-03-15,0.062250769347437,0.0972521757113513,0.0046531015090408
"TER-EXO-T01",2024-03-16,0.0848188351683391,0.152564884817111,0.0513205485025013
"TER-EXO-T01",2024-03-17,0.117394742899063,0.148096882630669,0.0492307045330979
"TER-EXO-T01",2024-03-18,0.0661402459098411,0.0777161430969098,0
"TER-EXO-T01",2024-03-19,0.0841497229601973,0.198785366067028,0.0993069451675493
"TER-EXO-T01",2024-03-20,0.121171046849721,0.178677184455334,0.0930558108356043
"TER-EXO-T01",2024-03-21,0.144777372450475,0.205703803824173,0.107927693196388
"TER-EXO-T01",2024-03-22,0.144401964140745,0.205483791564565,0.0902863425923128
"TER-EXO-T01",2024-03-23,0.103085732424816,0.152908747218626,0.0596262821031957
"TER-EXO-T01",2024-03-24,0.140254191755374,0.206529521209146,0.117549489406123
"TER-EXO-T01",2024-03-25,0.115777451450655,0.199608614721432,0.11095522129127
"TER-EXO-T01",2024-03-26,0.0962545096930723,0.154765402911226,0.0505089359106198
"TER-EXO-T01",2024-03-27,0.0770960646193238,0.160477176715652,0.0861966947759092
"TER-EXO-T01",2024-03-28,0.0168922825323476,0.116185692965718,0.0308068371290929
"TER-EXO-T01",2024-03-29,0.0489566620987474,0.072351113419181,0
"TER-EXO-T01",2024-03-30,0.0444205951132524,0.077018314761861,0
"TER-EXO-T01",2024-03-31,0.045962874505967,0.180263999860838,0.0985807159523458
"TER-EXO-T01",2024-04-01,0.061409800009276,0.124853539569505,0.0154334095335644
"TER-EXO-T01",2024-04-02,0.0628411201388213,0.0877391644192627,0.000820462110214928
"TER-EXO-T01",2024-04-03,0.0639961886168948,0.0710089335685304,0.000520362499326609
"TER-EXO-T01",2024-04-04,0.0484466727543124,0.0873419210763495,0.00930753750255872
"TER-EXO-T01",2024-04-05,0.0430203778895171,0.0640716091997244,0.000693695065048672
"TER-EXO-T01",2024-04-06,0.0472220111012158,0.136276385303424,0.0518107071665227
"TER-EXO-T01",2024-04-07,0.0664171046649582,0.0909852502751867,0.00410757724095219
"TER-EXO-T01",2024-04-08,0.0576281336596632,0.0640045150072332,0
"TER-EXO-T01",2024-04-09,0.0735190497531953,0.0666837358134977,0
"TER-EXO-T01",2024-04-10,0.0749176764396152,0.0611173978441755,0
"TER-EXO-T01",2024-04-11,0.0718651445124689,0.057967288305144,0
"TER-EXO-T01",2024-04-12,0.0635028086078212,0.107071785803375,0.038849633596031
"TER-EXO-T01",2024-04-13,0.0588843266598833,0.0641620629823894,0.000614025873436503
"TER-EXO-T01",2024-04-14,0.0546255906934213,0.061644074656539,0.00411044181752833
"TER-EXO-T01",2024-04-15,0.066696857571904,0.0726183629513292,0.00191368604310263
"TER-EXO-T01",2024-04-16,0.0727765991777981,0.0747172594548509,0.00453995617061385
"TER-EXO-T01",2024-04-17,0.0639664987487105,0.0579361283415851,0
"TER-EXO-T01",2024-04-18,0.063018858206792,0.0593529253954745,0
"TER-EXO-T01",2024-04-19,0.0619104812195183,0.10650251363392,0.0101405443906289
"TER-EXO-T01",2024-04-20,0.0582440496614426,0.0888042693783833,0.011478974009254
"TER-EXO-T01",2024-04-21,0.0674063783092393,0.0762343303103263,0
"TER-EXO-T01",2024-04-22,0.0706354316274339,0.101063440532932,0.00377546120510711
"TER-EXO-T01",2024-04-23,0.0733489664847902,0.117233432812879,0.0218570928587825
"TER-EXO-T01",2024-04-24,0.113087792262194,0.218383119989675,0.118247412249024
"TER-EXO-T01",2024-04-25,0.12454400483028,0.26084801980759,0.172967551538923
"TER-EXO-T01",2024-04-26,0.109213291415222,0.214250098540988,0.1255574861328
"TER-EXO-T01",2024-04-27,0.170332227040541,0.304180760297828,0.231055751636586
"TER-EXO-T01",2024-04-28,0.201596310135451,0.322545066561791,0.255679586422606
"TER-EXO-T01",2024-04-29,0.154952256691573,0.249144494107761,0.172509498022557
"TER-EXO-T01",2024-04-30,0.124238219138333,0.194523480737146,0.112841954477748
"TER-EXO-T01",2024-05-01,0.0798572684109848,0.0943642445907369,0.0263408270278503
"TER-EXO-T01",2024-05-02,0.0844184723466726,0.0891420821070644,0.00105494772938198
"TER-EXO-T01",2024-05-03,0.0744845669155988,0.0830669220836403,0.00106590487152595
"TER-EXO-T01",2024-05-04,0.0927084354844147,0.139053776386571,0.0150220360784304
"TER-EXO-T01",2024-05-05,0.116872116659804,0.211212769230312,0.124635246725552
"TER-EXO-T01",2024-05-06,0.0903285879299561,0.0959757225066918,0
"TER-EXO-T01",2024-05-07,0.0815625576218652,0.0831737392657124,0
"TER-EXO-T01",2024-05-08,0.0791136507541083,0.117111605932932,0
"TER-EXO-T01",2024-05-09,0.0999415022133665,0.241221957966375,0.145783780544235
"TER-EXO-T01",2024-05-10,0.0727396927717652,0.156722099588573,0.0511953560353185
"TER-EXO-T01",2024-05-11,0.0751426335349133,0.233070432770964,0.126530831112549
"TER-EXO-T01",2024-05-12,0.146395522647381,0.335174595069777,0.234120695753477
"TER-EXO-T01",2024-05-13,0.0986943600546154,0.218414611636801,0.113039784149611
"TER-EXO-T01",2024-05-14,0.179630946295262,0.318785273646542,0.268397217885601
"TER-EXO-T01",2024-05-15,0.0860602083247534,0.215479377588425,0.116510265860133
"TER-EXO-T01",2024-05-16,0.123399194842176,0.240691449530643,0.141945334644241
"TER-EXO-T01",2024-05-17,0.16831745164986,0.274440160543593,0.203364203582749
"TER-EXO-T01",2024-05-18,0.177237467457266,0.287403903688314,0.23948227703372
"TER-EXO-T01",2024-05-19,0.147495347061556,0.248130945512388,0.171919347548118
"TER-EXO-T01",2024-05-20,0.0577835633415288,0.167587946441039,0.063055615217847
"TER-EXO-T01",2024-05-21,0.0494081514644959,0.108801072150379,0.000782580905993844
"TER-EXO-T01",2024-05-22,0.0447984289328966,0.0989893264253186,0
"TER-EXO-T01",2024-05-23,0.0454603992550995,0.0899410779004762,0
"TER-EXO-T01",2024-05-24,0.049465537698641,0.129595741528635,0.0818078349103942
"TER-EXO-T01",2024-05-25,0.0940838313602202,0.246759529289173,0.198093832970228
"TER-EXO-T01",2024-05-26,0.14211217946581,0.231401849098017,0.156871230132275
"TER-EXO-T01",2024-05-27,0.0376548991559044,0.145359493629318,0.030637963077602
"TER-EXO-T01",2024-05-28,0.0311406428765701,0.117540387928278,0.00446744560504495
"TER-EXO-T01",2024-05-29,0.0463217573316951,0.0904297470872709,0
"TER-EXO-T01",2024-05-30,0.0430271034103238,0.111105966868961,0.0414845660108864
"TER-EXO-T01",2024-05-31,0.0352630492393493,0.0718313888640268,0
"TER-EXO-T01",2024-06-01,0.0394744310943055,0.0833390723928525,0.00516025267335686
"TER-EXO-T01",2024-06-02,0.0251727372098339,0.0862350035652015,0.00411526455660587
"TER-EXO-T01",2024-06-03,0.02481155652828,0.116463996794106,0.0240209652822339
"TER-EXO-T01",2024-06-04,0.010644892749566,0.0908408272233689,0.00791069201997168
"TER-EXO-T01",2024-06-05,0.00839111565804044,0.083132249488542,0.00408439165295529
"TER-EXO-T01",2024-06-06,0.0475526188765422,0.216849662110765,0.141753513804747
"TER-EXO-T01",2024-06-07,0.103994355852341,0.245751845355238,0.154294984015318
"TER-EXO-T01",2024-06-08,0.0877057424997939,0.243815494691814,0.151079433018006
"TER-EXO-T01",2024-06-09,0.00354669392810914,0.165154331332811,0.0468255383517032
"TER-EXO-T01",2024-06-10,0.000860121516223605,0.202497705747877,0.0992399062049801
"TER-EXO-T01",2024-06-11,0.00247435015006282,0.214012370725821,0.117676927394043
"TER-EXO-T01",2024-06-12,0.0123461324862278,0.234261425154183,0.141712672133043
"TER-EXO-T01",2024-06-13,0.0028236587169233,0.213088025114141,0.086566124456893
"TER-EXO-T01",2024-06-14,0.0215722822172557,0.242275828164712,0.162435494356483
"TER-EXO-T01",2024-06-15,0.026297838535408,0.236838096898658,0.132963998929879
"TER-EXO-T01",2024-06-16,0.0424560206098008,0.19141656882448,0.0475121257987538
"TER-EXO-T01",2024-06-17,0.0471607801874871,0.27622852876362,0.173726628964223
"TER-EXO-T01",2024-06-18,0.160990440351938,0.323662649197136,0.26157605543543
"TER-EXO-T01",2024-06-19,0.0424461744084664,0.265540739641226,0.19445149104268
"TER-EXO-T01",2024-06-20,0.179977772480921,0.275000914961944,0.201660764857525
"TER-EXO-T01",2024-06-21,0.0649102575111179,0.242199096478578,0.138807967797069
"TER-EXO-T01",2024-06-22,0.00665668501634873,0.11949667420935,0.0171090301200087
"TER-EXO-T01",2024-06-23,0.00530194898232618,0.123039604104129,0.00814446863142043
"TER-EXO-T01",2024-06-24,0.00912265693485747,0.100964110702205,0.00548203691811203
"TER-EXO-T01",2024-06-25,0.0663825699179299,0.271921256443926,0.19778795300789
"TER-EXO-T01",2024-06-26,0.101728179763383,0.255827775959974,0.175539860765517
"TER-EXO-T01",2024-06-27,0.0914786340722817,0.265448405005257,0.135571387322161
"TER-EXO-T01",2024-06-28,0.204721872400726,0.349396199238394,0.249053294403339
"TER-EXO-T01",2024-06-29,0.0985190556108452,0.257068804746179,0.133547581672204
"TER-EXO-T01",2024-06-30,0.0902699054077587,0.257349694950409,0.126126330282103
"TER-EXO-T01",2024-07-01,0.321096271702944,0.422019567921761,0.351062234058683
"TER-EXO-T01",2024-07-02,0.272934587610452,0.38843980841472,0.292229386061136
"TER-EXO-T01",2024-07-03,0.266502801520285,0.367801963109964,0.278972011192215
"TER-EXO-T01",2024-07-04,0.322118349104278,0.37651771806172,0.308567235194779
"TER-EXO-T01",2024-07-05,0.176044791075346,0.31453921129394,0.20587993904136
"TER-EXO-T01",2024-07-06,0.246838185318605,0.360603873173794,0.243153902031646
"TER-EXO-T01",2024-07-07,0.201943255892202,0.316266253139606,0.169546208930583
"TER-EXO-T01",2024-07-08,0.0280325925254466,0.133843110564763,0.00105267208291336
"TER-EXO-T01",2024-07-09,0.0205899096996912,0.156726646325584,0.017190892867966
"TER-EXO-T01",2024-07-10,0.199566132517828,0.388128999670248,0.293860436407759
"TER-EXO-T01",2024-07-11,0.0804967936798587,0.254660058110982,0.122289468262825
"TER-EXO-T01",2024-07-12,0.0117388240338943,0.125652061356793,0.0192158544938757
"TER-EXO-T01",2024-07-13,0.0300481453659512,0.174142543587769,0.107806689561288
"TER-EXO-T01",2024-07-14,0.0692753958929333,0.271564876734445,0.177975466703475
"TER-EXO-T01",2024-07-15,0.00540605954244406,0.127066642495543,0
"TER-EXO-T01",2024-07-16,0.00499986230066099,0.117620456481423,0.00372471258836473
"TER-EXO-T01",2024-07-17,NA,NA,NA
"TER-EXO-T01",2024-07-18,0.0153763549375281,0.194502991866532,0.0962903235030759
"TER-EXO-T01",2024-07-19,0.112471070007125,0.332777904193534,0.277196345536059
"TER-EXO-T01",2024-07-20,0.0355200222595737,0.258009784358239,0.130131503898539
"TER-EXO-T01",2024-07-21,0.12265976186255,0.346691221529573,0.242058237317063
"TER-EXO-T01",2024-07-22,0.0924956311978483,0.30204008019344,0.172088833342348
"TER-EXO-T01",2024-07-23,0.0759378655607471,0.274546631452552,0.154627305902258
"TER-EXO-T01",2024-07-24,0.0834045104631547,0.29354044106577,0.167373145344571
"TER-EXO-T01",2024-07-25,0.0513730422326019,0.229411851575139,0.0897036206769263
"TER-EXO-T01",2024-07-26,0.00601114627988805,0.179847519445497,0.0285608226186106
"TER-EXO-T01",2024-07-27,0.0810467156858737,0.280407351097864,0.137569758678654
"TER-EXO-T01",2024-07-28,0.0175809242734253,0.219721746361556,0.062486779145056
"TER-EXO-T01",2024-07-29,0.00284010201770294,0.18893928159961,0.0229168429927428
"TER-EXO-T01",2024-07-30,0.000974501541697502,0.160124235159556,0.0637110312793352
"TER-EXO-T01",2024-07-31,0.0823339398748405,0.265146440055491,0.166226087769116
"TER-EXO-T01",2024-08-01,0.0176428356850157,0.233697614935976,0.105753705154349
"TER-EXO-T01",2024-08-02,0.0673433317527255,0.264628701385473,0.136985038137636
"TER-EXO-T01",2024-08-03,0.0713116649769308,0.276330013161346,0.152259545519864
"TER-EXO-T01",2024-08-04,0.124249031545903,0.337210656448425,0.205937943503346
"TER-EXO-T01",2024-08-05,0.103133055488587,0.311871211625337,0.168381415863595
"TER-EXO-T01",2024-08-06,0.0437296661297462,0.261483016920664,0.110106452508059
"TER-EXO-T01",2024-08-07,0.129877840174671,0.313811466304544,0.232098654696698
"TER-EXO-T01",2024-08-08,0.141836244427464,0.353532138946641,0.250364825080144
"TER-EXO-T01",2024-08-09,0.0886934845304617,0.287179272084869,0.161924794500022
"TER-EXO-T01",2024-08-10,0.0169812047834705,0.184714959342608,0.0422211980978234
"TER-EXO-T01",2024-08-11,0.0710271812969061,0.267907347525093,0.183544660705052
"TER-EXO-T01",2024-08-12,0.163952717523852,0.364734526574964,0.311802013226838
"TER-EXO-T01",2024-08-13,0.121757046279448,0.371322499967335,0.240709906015815
"TER-EXO-T01",2024-08-14,0.0442794822529042,0.279937105326162,0.124475317355838
"TER-EXO-T01",2024-08-15,0.0520426538209736,0.268184103262519,0.118361703886366
"TER-EXO-T01",2024-08-16,0.0710627447221952,0.289669786981596,0.142398142744098
"TER-EXO-T01",2024-08-17,0.0845255907534526,0.279331264385876,0.139180466368336
"TER-EXO-T01",2024-08-18,0.081702127933744,0.300080676133716,0.156791273704482
"TER-EXO-T01",2024-08-19,0.129658533818558,0.351956382283542,0.220465349802651
"TER-EXO-T01",2024-08-20,0.0151151588615712,0.206402385267016,0.0445852718365283
"TER-EXO-T01",2024-08-21,0.0392992429288124,0.281326668557012,0.156133161961977
"TER-EXO-T01",2024-08-22,0.142255830778526,0.356966368045394,0.259782477459853
"TER-EXO-T01",2024-08-23,0.0929621321066193,0.347471125408825,0.23163553421618
"TER-EXO-T01",2024-08-24,0.0990524774878778,0.333067774904164,0.262709214082783
"TER-EXO-T01",2024-08-25,0.110457554024888,0.323298750512866,0.235725422331961
"TER-EXO-T01",2024-08-26,0,0.189540087031069,0.0437285678388064
"TER-EXO-T01",2024-08-27,0.119409092072902,0.357700591230552,0.274231344227203
"TER-EXO-T01",2024-08-28,0.141233630400046,0.351050551327556,0.268085861359039
"TER-EXO-T01",2024-08-29,0.148882985001428,0.342961499070249,0.245274659142955
"TER-EXO-T01",2024-08-30,0.100926826415658,0.314970111256465,0.183067624213401
"TER-EXO-T01",2024-08-31,0.0362951757006155,0.26327249456139,0.104429445331012
"TER-EXO-T01",2024-09-01,0.186629193264599,0.366758365460806,0.272316207384369
"TER-EXO-T01",2024-09-02,0.229901466540002,0.416177585064738,0.329357543358773
"TER-EXO-T01",2024-09-03,0.345762091317087,0.478561687202821,0.427814866463103
"TER-EXO-T01",2024-09-04,0.331852255801358,0.451999223173801,0.416972178932086
"TER-EXO-T01",2024-09-05,0.416034515645651,0.496716692859491,0.493961777189702
"TER-EXO-T01",2024-09-06,0.421168057332178,0.509844332004089,0.478141553971628
"TER-EXO-T01",2024-09-07,0.176605555397166,0.284297309984054,0.218383981458313
"TER-EXO-T01",2024-09-08,0.146847575574303,0.348171487928157,0.25207420205543
"TER-EXO-T01",2024-09-09,0.106699836633113,0.297400401986358,0.184398357316877
"TER-EXO-T01",2024-09-10,NA,NA,NA
"TER-EXO-T01",2024-09-11,NA,NA,NA
"TER-EXO-T01",2024-09-12,0.0738965559902588,0.298941217957413,0.208441693958593
"TER-EXO-T01",2024-09-13,0.0645175178595221,0.271113922116276,0.161216285528859
"TER-EXO-T01",2024-09-14,0.0392406090859284,0.242723587356518,0.140137730647386
"TER-EXO-T01",2024-09-15,0.120566189725273,0.306707181249834,0.218315588628356
"TER-EXO-T01",2024-09-16,0.00388463565786084,0.153417919656646,0.0471862547444295
"TER-EXO-T01",2024-09-17,0,0.210699841028016,0.109297750273434
"TER-EXO-T01",2024-09-18,0.129640657820341,0.376963858046901,0.329279885498177
"TER-EXO-T01",2024-09-19,0.106227749548528,0.305995739604936,0.22505377831174
"TER-EXO-T01",2024-09-20,0,0.157842382113836,0.0815369946118198
"TER-EXO-T01",2024-09-21,0.0351728504437978,0.244440058450689,0.173801202539243
"TER-EXO-T01",2024-09-22,0.00150764424730335,0.196216443376692,0.082154511850248
"TER-EXO-T01",2024-09-23,0.0157028775169208,0.219203250506474,0.105986155742917
"TER-EXO-T01",2024-09-24,0,0.14680632678951,0.0183351098944069
"TER-EXO-T01",2024-09-25,0,0.122760728488635,0.00417882831299755
"TER-EXO-T01",2024-09-26,0.0336117819986216,0.249803076327947,0.197567250537464
"TER-EXO-T01",2024-09-27,0,0.1289519382249,0.0126545108944712
"TER-EXO-T01",2024-09-28,0,0.108896438378596,0
"TER-EXO-T01",2024-09-29,0,0.109313402557349,0
"TER-EXO-T01",2024-09-30,0,0.112203875630421,0
"TER-EXO-T01",2024-10-01,0,0.115196220362174,0
"TER-EXO-T01",2024-10-02,0,0.106852636310066,0
"TER-EXO-T01",2024-10-03,0,0.102765112661885,0
"TER-EXO-T01",2024-10-04,0,0.0944654882508399,0
"TER-EXO-T01",2024-10-05,0,0.102791624033383,0.0512535969665708
"TER-EXO-T01",2024-10-06,0,0.18257312994229,0.115582828829044
"TER-EXO-T01",2024-10-07,0,0.174021911168745,0.0722191220593611
"TER-EXO-T01",2024-10-08,0,0.203481164616191,0.0906301529709229
"TER-EXO-T01",2024-10-09,0,0.126810487431308,0.0120578442925421
"TER-EXO-T01",2024-10-10,0,0.0903079608841912,0.00254146360256715
"TER-EXO-T01",2024-10-11,0.000344020918223132,0.254893971844494,0.163450489535041
"TER-EXO-T01",2024-10-12,0,0.211580071069647,0.106624705031872
"TER-EXO-T01",2024-10-13,0,0.106388718161815,0
"TER-EXO-T01",2024-10-14,0,0.0922422694882658,0
"TER-EXO-T01",2024-10-15,0,0.23040924984875,0.110897098220091
"TER-EXO-T01",2024-10-16,0,0.286290522113442,0.173512215769001
"TER-EXO-T01",2024-10-17,0,0.195445795224701,0.0722083309961899
"TER-EXO-T01",2024-10-18,0,0.166974190047726,0.0193662259003471
"TER-EXO-T01",2024-10-19,0,0.102687147418599,0
"TER-EXO-T01",2024-10-20,0,0.104098595863982,0.0402599520092473
"TER-EXO-T01",2024-10-21,0,0.24073689934941,0.150077755344011
"TER-EXO-T01",2024-10-22,0,0.208956301287486,0.0733752915458409
"TER-EXO-T01",2024-10-23,0,0.0990666843039822,0
"TER-EXO-T01",2024-10-24,0,0.239877120862552,0.194938394544506
"TER-EXO-T01",2024-10-25,0.00103237861885767,0.326945340389617,0.248965523801178
"TER-EXO-T01",2024-10-26,0,0.254854201211896,0.149971651482021
"TER-EXO-T01",2024-10-27,0,0.209061209670922,0.0776437868160591
"TER-EXO-T01",2024-10-28,0.00431003656247871,0.281664868914897,0.167249307211981
"TER-EXO-T01",2024-10-29,0,0.145406003269147,0.0219319496104653
"TER-EXO-T01",2024-10-30,0,0.0983451260687637,0
"TER-EXO-T01",2024-10-31,0,0.0889939032310247,0
"TER-EXO-T01",2024-11-01,0,0.0969325061300939,0
"TER-EXO-T01",2024-11-02,0,0.0822872073591071,0
"TER-EXO-T01",2024-11-03,0,0.0730501943278476,0
"TER-EXO-T01",2024-11-04,0,0.0748783569102416,0
"TER-EXO-T01",2024-11-05,0,0.0777792625023234,0
"TER-EXO-T01",2024-11-06,0,0.0558005840217751,0
"TER-EXO-T01",2024-11-07,0,0.125118639242872,0.0466489082892747
"TER-EXO-T01",2024-11-08,0,0.0898609210905867,0
"TER-EXO-T01",2024-11-09,0,0.0913419210471035,0
"TER-EXO-T01",2024-11-10,0,0.084494818836947,0
"TER-EXO-T01",2024-11-11,0,0.089273875793254,0
"TER-EXO-T01",2024-11-12,0,0.0902158180440383,0
"TER-EXO-T01",2024-11-13,0,0.0732305998296855,0
"TER-EXO-T01",2024-11-14,0,0.0705780648991539,0.00120821431468969
"TER-EXO-T01",2024-11-15,0,0.169376657526825,0.0478700452747698
"TER-EXO-T01",2024-11-16,0.00295548779487756,0.219574192743976,0.088138123737444
"TER-EXO-T01",2024-11-17,0,0.148211068950784,0.0267138326808494
"TER-EXO-T01",2024-11-18,0,0.120919925751655,0.00273023766292389
"TER-EXO-T01",2024-11-19,0,0.0832974775952714,0.00146762357174284
"TER-EXO-T01",2024-11-20,0,0.0786899867949403,0
"TER-EXO-T01",2024-11-21,0,0.0815976089699617,0
"TER-EXO-T01",2024-11-22,0,0.0878141502266751,0
"TER-EXO-T01",2024-11-23,0,0.0754657804600507,0
"TER-EXO-T01",2024-11-24,0,0.117515417754422,0.0442332120284798
"TER-EXO-T01",2024-11-25,0,0.121840694978292,0.0314020819496572
"TER-EXO-T01",2024-11-26,0,0.0817920497299331,0
"TER-EXO-T01",2024-11-27,0,0.0762141988968192,0
"TER-EXO-T01",2024-11-28,0,0.113384066922056,0.0104889855595674
"TER-EXO-T01",2024-11-29,0,0.112258193232414,0.0102051328121218
"TER-EXO-T01",2024-11-30,0,0.0900492161768773,0.0252486475913897
"TER-EXO-T01",2024-12-01,0,0.0761464799803574,0
"TER-EXO-T01",2024-12-02,0,0.117942296254795,0.0167842960015697
"TER-EXO-T01",2024-12-03,0,0.123971400210731,0.0146570041286742
"TER-EXO-T01",2024-12-04,0,0.156925995715273,0.0212187501954931
"TER-EXO-T01",2024-12-05,0,0.132141813352291,0.0168790940163363
"TER-EXO-T01",2024-12-06,0,0.0862118210030513,0
"TER-EXO-T01",2024-12-07,0,0.0883728174184427,0.00150343061638233
"TER-EXO-T01",2024-12-08,0,0.114145803475248,0.0135262092225586
"TER-EXO-T01",2024-12-09,0,0.113743338530489,0.0178874454299187
"TER-EXO-T01",2024-12-10,0,0.149988579143767,0.0415331614646447
"TER-EXO-T01",2024-12-11,0,0.0680997043027324,0
"TER-EXO-T01",2024-12-12,0,0.0522738929313283,0
"TER-EXO-T01",2024-12-13,0,0.0508476380139188,0.00076749704715049
"TER-EXO-T01",2024-12-14,0,0.108775998876588,0.0419505482496311
"TER-EXO-T01",2024-12-15,0,0.10991266808275,0.0275010753432145
"TER-EXO-T01",2024-12-16,0,0.0663367373294002,0
"TER-EXO-T01",2024-12-17,0,0.0712636908003358,0.0131471254447904
"TER-EXO-T01",2024-12-18,0,0.0743330624699491,0.00905840129856809
"TER-EXO-T01",2024-12-19,0,0.0602536210204888,0.00321427142852416
"TER-EXO-T01",2024-12-20,0,0.118318044935032,0.0414284289291051
"TER-EXO-T01",2024-12-21,0,0.111423993477879,0.0164383923582107
"TER-EXO-T01",2024-12-22,0,0.0994754672352295,0.0181619742819634
"TER-EXO-T01",2024-12-23,0,0.0755990854370221,0.00477333798127814
"TER-EXO-T01",2024-12-24,0,0.136070776100144,0.0563122763842101
"TER-EXO-T01",2024-12-25,0,0.0657421188230609,0
"TER-EXO-T01",2024-12-26,0,0.070956253427678,0
"TER-EXO-T01",2024-12-27,0,0.0714638281394829,0
"TER-EXO-T01",2024-12-28,0,0.0881770866539795,0
"TER-EXO-T01",2024-12-29,0,0.107368584280653,0.0124659260924929
"TER-EXO-T01",2024-12-30,0,0.0861944552899662,0.000688041836446265
"TER-EXO-T01",2024-12-31,0,0.0613860627502981,0
"TER-EXO-T01",2025-01-01,0,0.0667819880354217,0
"TER-EXO-T01",2025-01-02,0,0.0711351810670592,0
"TER-EXO-T01",2025-01-03,0,0.0695436326609775,0
"TER-EXO-T01",2025-01-04,0,0.0558741367961174,0
"TER-EXO-T01",2025-01-05,0,0.0710148417618044,0.0134552208676784
"TER-EXO-T01",2025-01-06,0,0.0699098241625492,0
"TER-EXO-T01",2025-01-07,0,0.0626511490023912,0
"TER-EXO-T01",2025-01-08,0,0.0823966124397606,0
"TER-EXO-T01",2025-01-09,0,0.0726583246740402,0
"TER-EXO-T01",2025-01-10,0,0.0710726861855008,0
"TER-EXO-T01",2025-01-11,0,0.0643906667219523,0
"TER-EXO-T01",2025-01-12,0,0.0587000464289644,0
"TER-EXO-T01",2025-01-13,0,0.0612455850879205,0
"TER-EXO-T01",2025-01-14,0,0.0609926158882748,0
"TER-EXO-T01",2025-01-15,0,0.0604330664799788,0
"TER-EXO-T01",2025-01-16,0,0.0616401900131993,0
"TER-EXO-T01",2025-01-17,0,0.0587382909448723,0
"TER-EXO-T01",2025-01-18,0,0.0431594273070107,0.00365123529651254
"TER-EXO-T01",2025-01-19,0,0.0504949404825695,0.053261862094995
"TER-EXO-T01",2025-01-20,0,0.0427237712741284,0.0460774631107199
"TER-EXO-T01",2025-01-21,0,0.0539617029851776,NA
"TER-EXO-T01",2025-01-22,0,0.130652888507315,NA
"TER-EXO-T01",2025-01-23,0,0.0671442783454747,NA
"TER-EXO-T01",2025-01-24,0,0.0510028629334669,NA
"TER-EXO-T01",2025-01-25,0,0.0823174382764843,NA
"TER-EXO-T01",2025-01-26,0,0.108557752638061,NA
"TER-EXO-T01",2025-01-27,0,0.187884184553496,NA
"TER-EXO-T01",2025-01-28,0,0.106039965544145,NA
"TER-EXO-T01",2025-01-29,0,0.0822831970123027,NA
"TER-EXO-T01",2025-01-30,0,0.0614151259720806,NA
"TER-EXO-T01",2025-01-31,0,0.0562993626186612,NA
"TER-EXO-T01",2025-02-01,0,0.0718406697415715,NA
"TER-EXO-T01",2025-02-02,0,0.0686568490035355,NA
"TER-EXO-T01",2025-02-03,0,0.0550711537699368,NA
"TER-EXO-T01",2025-02-04,0,0.039361603064631,NA
"TER-EXO-T01",2025-02-05,0,0.0567167257335523,NA
"TER-EXO-T01",2025-02-06,0,0.0522123004363158,NA
"TER-EXO-T01",2025-02-07,0,0.0476400245558061,NA
"TER-EXO-T01",2025-02-08,0,0.0327573392189873,NA
"TER-EXO-T01",2025-02-09,0,0.0333419218160744,NA
"TER-EXO-T01",2025-02-10,0,0.0377988582191642,NA
"TER-EXO-T01",2025-02-11,0,0.0438892621917125,NA
"TER-EXO-T01",2025-02-12,NA,NA,NA
"TER-EXO-T01",2025-02-13,NA,NA,NA
"TER-EXO-T01",2025-02-14,NA,NA,NA
"TER-EXO-T01",2025-02-15,NA,NA,NA
"TER-EXO-T01",2025-02-16,NA,NA,NA
"TER-EXO-T01",2025-02-17,NA,NA,NA
"TER-EXO-T01",2025-02-18,NA,NA,NA
"TER-EXO-T01",2025-02-19,NA,NA,NA
"TER-EXO-T01",2025-02-20,NA,NA,NA
"TER-EXO-T01",2025-02-21,NA,NA,NA
"TER-EXO-T01",2025-02-22,NA,NA,NA
"TER-EXO-T01",2025-02-23,NA,NA,NA
"TER-EXO-T01",2025-02-24,NA,NA,NA
"TER-EXO-T01",2025-02-25,NA,NA,NA
"TER-EXO-T01",2025-02-26,NA,NA,NA
"TER-EXO-T01",2025-02-27,NA,NA,NA
"TER-EXO-T01",2025-02-28,NA,NA,NA
"TER-EXO-T01",2025-03-01,NA,NA,NA
"TER-EXO-T01",2025-03-02,NA,NA,NA
"TER-EXO-T01",2025-03-03,NA,NA,NA
"TER-EXO-T01",2025-03-04,NA,NA,NA
"TER-EXO-T01",2025-03-05,NA,NA,NA
"TER-EXO-T01",2025-03-06,NA,NA,NA
"TER-EXO-T01",2025-03-07,NA,NA,NA
"TER-EXO-T01",2025-03-08,NA,NA,NA
"TER-EXO-T01",2025-03-09,NA,NA,NA
"TER-EXO-T01",2025-03-10,NA,NA,NA
"TER-EXO-T01",2025-03-11,NA,NA,NA
"TER-EXO-T01",2025-03-12,NA,NA,NA
"TER-EXO-T01",2025-03-13,NA,NA,NA
"TER-EXO-T01",2025-03-14,NA,NA,NA
"TER-EXO-T01",2025-03-15,NA,NA,NA
"TER-EXO-T01",2025-03-16,NA,NA,NA
"TER-EXO-T01",2025-03-17,NA,NA,NA
"TER-EXO-T01",2025-03-18,NA,NA,NA
"TER-EXO-T01",2025-03-19,NA,NA,NA
"TER-EXO-T01",2025-03-20,NA,NA,NA
"TER-EXO-T01",2025-03-21,NA,NA,NA
"TER-EXO-T01",2025-03-22,NA,NA,NA
"TER-EXO-T01",2025-03-23,NA,NA,NA
"TER-EXO-T01",2025-03-24,NA,NA,NA
"TER-EXO-T01",2025-03-25,NA,NA,NA
"TER-EXO-T01",2025-03-26,NA,NA,NA
"TER-EXO-T01",2025-03-27,NA,NA,NA
"TER-EXO-T01",2025-03-28,NA,NA,NA
"TER-EXO-T01",2025-03-29,NA,NA,NA
"TER-EXO-T01",2025-03-30,NA,NA,NA
"TER-EXO-T01",2025-03-31,NA,NA,NA
"TER-EXO-T01",2025-04-01,NA,NA,NA
"TER-EXO-T01",2025-04-02,NA,NA,NA
"TER-EXO-T01",2025-04-03,NA,NA,NA
"TER-EXO-T01",2025-04-04,NA,NA,NA
"TER-EXO-T01",2025-04-05,NA,NA,NA
"TER-EXO-T01",2025-04-06,NA,NA,NA
"TER-EXO-T01",2025-04-07,NA,NA,NA
"TER-EXO-T01",2025-04-08,NA,NA,NA
"TER-EXO-T01",2025-04-09,NA,NA,NA
"TER-EXO-T01",2025-04-10,NA,NA,NA
"TER-EXO-T01",2025-04-11,NA,NA,NA
"TER-EXO-T01",2025-04-12,NA,NA,NA
"TER-EXO-T01",2025-04-13,NA,NA,NA
"TER-EXO-T01",2025-04-14,NA,NA,NA
"TER-EXO-T01",2025-04-15,NA,NA,NA
"TER-EXO-T01",2025-04-16,NA,NA,NA
"TER-EXO-T01",2025-04-17,NA,NA,NA
"TER-EXO-T01",2025-04-18,NA,NA,NA
"TER-EXO-T01",2025-04-19,NA,NA,NA
"TER-EXO-T01",2025-04-20,NA,NA,NA
"TER-EXO-T01",2025-04-21,NA,NA,NA
"TER-EXO-T01",2025-04-22,NA,NA,NA
"TER-EXO-T01",2025-04-23,NA,NA,NA
"TER-EXO-T01",2025-04-24,NA,NA,NA
"TER-EXO-T01",2025-04-25,NA,NA,NA
"TER-EXO-T01",2025-04-26,NA,NA,NA
"TER-EXO-T01",2025-04-27,NA,NA,NA
"TER-EXO-T01",2025-04-28,NA,NA,NA
"TER-EXO-T01",2025-04-29,NA,NA,NA
"TER-EXO-T01",2025-04-30,NA,NA,NA
"TER-EXO-T01",2025-05-01,NA,NA,NA
"TER-EXO-T01",2025-05-02,NA,NA,NA
"TER-EXO-T01",2025-05-03,NA,NA,NA
"TER-EXO-T01",2025-05-04,NA,NA,NA
"TER-EXO-T01",2025-05-05,NA,NA,NA
"TER-EXO-T01",2025-05-06,NA,NA,NA
"TER-EXO-T01",2025-05-07,NA,NA,NA
"TER-EXO-T01",2025-05-08,NA,NA,NA
"TER-EXO-T01",2025-05-09,NA,NA,NA
"TER-EXO-T01",2025-05-10,NA,NA,NA
"TER-EXO-T01",2025-05-11,NA,NA,NA
"TER-EXO-T01",2025-05-12,NA,NA,NA
"TER-EXO-T01",2025-05-13,NA,NA,NA
"TER-EXO-T01",2025-05-14,NA,NA,NA
"TER-EXO-T01",2025-05-15,NA,NA,NA
"TER-EXO-T01",2025-05-16,NA,NA,NA
"TER-EXO-T01",2025-05-17,NA,NA,NA
"TER-EXO-T01",2025-05-18,NA,NA,NA
"TER-EXO-T01",2025-05-19,NA,NA,NA
"TER-EXO-T01",2025-05-20,NA,NA,NA
"TER-EXO-T01",2025-05-21,NA,NA,NA
"TER-EXO-T01",2025-05-22,NA,NA,NA
"TER-EXO-T01",2025-05-23,NA,NA,NA
"TER-EXO-T01",2025-05-24,NA,NA,NA
"TER-EXO-T01",2025-05-25,NA,NA,NA
"TER-EXO-T01",2025-05-26,NA,NA,NA
"TER-EXO-T01",2025-05-27,NA,NA,NA
"TER-EXO-T01",2025-05-28,NA,NA,NA
"TER-EXO-T01",2025-05-29,NA,NA,NA
"TER-EXO-T01",2025-05-30,NA,NA,NA
"TER-EXO-T01",2025-05-31,NA,NA,NA
"TER-EXO-T01",2025-06-01,NA,NA,NA
"TER-EXO-T01",2025-06-02,NA,NA,NA
"TER-EXO-T01",2025-06-03,NA,NA,NA
"TER-EXO-T01",2025-06-04,NA,NA,NA
"TER-EXO-T01",2025-06-05,NA,NA,NA
"TER-EXO-T01",2025-06-06,NA,NA,NA
"TER-EXO-T01",2025-06-07,NA,NA,NA
"TER-EXO-T01",2025-06-08,NA,NA,NA
"TER-EXO-T01",2025-06-09,NA,NA,NA
"TER-EXO-T01",2025-06-10,NA,NA,NA
"TER-EXO-T01",2025-06-11,NA,NA,NA
"TER-EXO-T01",2025-06-12,NA,NA,NA
"TER-EXO-T02",2023-08-09,NA,NA,NA
"TER-EXO-T02",2023-08-10,NA,NA,NA
"TER-EXO-T02",2023-08-11,NA,NA,NA
"TER-EXO-T02",2023-08-12,NA,NA,NA
"TER-EXO-T02",2023-08-13,NA,NA,NA
"TER-EXO-T02",2023-08-14,NA,NA,NA
"TER-EXO-T02",2023-08-15,NA,NA,NA
"TER-EXO-T02",2023-08-16,NA,NA,NA
"TER-EXO-T02",2023-08-17,NA,NA,NA
"TER-EXO-T02",2023-08-18,NA,NA,NA
"TER-EXO-T02",2023-08-19,NA,NA,NA
"TER-EXO-T02",2023-08-20,NA,NA,NA
"TER-EXO-T02",2023-08-21,NA,NA,NA
"TER-EXO-T02",2023-08-22,NA,NA,NA
"TER-EXO-T02",2023-08-23,NA,NA,NA
"TER-EXO-T02",2023-08-24,NA,NA,NA
"TER-EXO-T02",2023-08-25,NA,NA,NA
"TER-EXO-T02",2023-08-26,NA,NA,NA
"TER-EXO-T02",2023-08-27,NA,NA,NA
"TER-EXO-T02",2023-08-28,NA,NA,NA
"TER-EXO-T02",2023-08-29,NA,NA,NA
"TER-EXO-T02",2023-08-30,NA,NA,NA
"TER-EXO-T02",2023-08-31,NA,NA,NA
"TER-EXO-T02",2023-09-01,NA,NA,NA
"TER-EXO-T02",2023-09-02,NA,NA,NA
"TER-EXO-T02",2023-09-03,NA,NA,NA
"TER-EXO-T02",2023-09-04,NA,NA,NA
"TER-EXO-T02",2023-09-05,NA,NA,NA
"TER-EXO-T02",2023-09-06,NA,NA,NA
"TER-EXO-T02",2023-09-07,NA,NA,NA
"TER-EXO-T02",2023-09-08,NA,NA,NA
"TER-EXO-T02",2023-09-09,NA,NA,NA
"TER-EXO-T02",2023-09-10,NA,NA,NA
"TER-EXO-T02",2023-09-11,NA,NA,NA
"TER-EXO-T02",2023-09-12,NA,NA,NA
"TER-EXO-T02",2023-09-13,NA,NA,NA
"TER-EXO-T02",2023-09-14,NA,NA,NA
"TER-EXO-T02",2023-09-15,NA,NA,NA
"TER-EXO-T02",2023-09-16,NA,NA,NA
"TER-EXO-T02",2023-09-17,NA,NA,NA
"TER-EXO-T02",2023-09-18,NA,NA,NA
"TER-EXO-T02",2023-09-19,NA,NA,NA
"TER-EXO-T02",2023-09-20,NA,NA,NA
"TER-EXO-T02",2023-09-21,NA,NA,NA
"TER-EXO-T02",2023-09-22,NA,NA,NA
"TER-EXO-T02",2023-09-23,NA,NA,NA
"TER-EXO-T02",2023-09-24,NA,NA,NA
"TER-EXO-T02",2023-09-25,NA,NA,NA
"TER-EXO-T02",2023-09-26,NA,NA,NA
"TER-EXO-T02",2023-09-27,NA,NA,NA
"TER-EXO-T02",2023-09-28,NA,NA,NA
"TER-EXO-T02",2023-09-29,NA,NA,NA
"TER-EXO-T02",2023-09-30,NA,NA,NA
"TER-EXO-T02",2023-10-01,NA,NA,NA
"TER-EXO-T02",2023-10-02,NA,NA,NA
"TER-EXO-T02",2023-10-03,NA,NA,NA
"TER-EXO-T02",2023-10-04,NA,NA,NA
"TER-EXO-T02",2023-10-05,NA,NA,NA
"TER-EXO-T02",2023-10-06,NA,NA,NA
"TER-EXO-T02",2023-10-07,NA,NA,NA
"TER-EXO-T02",2023-10-08,NA,NA,NA
"TER-EXO-T02",2023-10-09,NA,NA,NA
"TER-EXO-T02",2023-10-10,NA,NA,NA
"TER-EXO-T02",2023-10-11,NA,NA,NA
"TER-EXO-T02",2023-10-12,NA,NA,NA
"TER-EXO-T02",2023-10-13,NA,NA,NA
"TER-EXO-T02",2023-10-14,NA,NA,NA
"TER-EXO-T02",2023-10-15,NA,NA,NA
"TER-EXO-T02",2023-10-16,NA,NA,NA
"TER-EXO-T02",2023-10-17,NA,NA,NA
"TER-EXO-T02",2023-10-18,NA,NA,NA
"TER-EXO-T02",2023-10-19,NA,NA,NA
"TER-EXO-T02",2023-10-20,NA,NA,NA
"TER-EXO-T02",2023-10-21,NA,NA,NA
"TER-EXO-T02",2023-10-22,NA,NA,NA
"TER-EXO-T02",2023-10-23,NA,NA,NA
"TER-EXO-T02",2023-10-24,NA,NA,NA
"TER-EXO-T02",2023-10-25,NA,NA,NA
"TER-EXO-T02",2023-10-26,NA,NA,NA
"TER-EXO-T02",2023-10-27,NA,NA,NA
"TER-EXO-T02",2023-10-28,NA,NA,NA
"TER-EXO-T02",2023-10-29,NA,NA,NA
"TER-EXO-T02",2023-10-30,NA,NA,NA
"TER-EXO-T02",2023-10-31,NA,NA,NA
"TER-EXO-T02",2023-11-01,NA,NA,NA
"TER-EXO-T02",2023-11-02,NA,NA,NA
"TER-EXO-T02",2023-11-03,NA,NA,NA
"TER-EXO-T02",2023-11-04,NA,NA,NA
"TER-EXO-T02",2023-11-05,NA,NA,NA
"TER-EXO-T02",2023-11-06,NA,NA,NA
"TER-EXO-T02",2023-11-07,NA,NA,NA
"TER-EXO-T02",2023-11-08,NA,NA,NA
"TER-EXO-T02",2023-11-09,NA,NA,NA
"TER-EXO-T02",2023-11-10,NA,NA,NA
"TER-EXO-T02",2023-11-11,NA,NA,NA
"TER-EXO-T02",2023-11-12,NA,NA,NA
"TER-EXO-T02",2023-11-13,NA,NA,NA
"TER-EXO-T02",2023-11-14,NA,NA,NA
"TER-EXO-T02",2023-11-15,NA,NA,NA
"TER-EXO-T02",2023-11-16,NA,NA,NA
"TER-EXO-T02",2023-11-17,NA,NA,NA
"TER-EXO-T02",2023-11-18,NA,NA,NA
"TER-EXO-T02",2023-11-19,NA,NA,NA
"TER-EXO-T02",2023-11-20,NA,NA,NA
"TER-EXO-T02",2023-11-21,NA,NA,NA
"TER-EXO-T02",2023-11-22,NA,NA,NA
"TER-EXO-T02",2023-11-23,NA,NA,NA
"TER-EXO-T02",2023-11-24,NA,NA,NA
"TER-EXO-T02",2023-11-25,NA,NA,NA
"TER-EXO-T02",2023-11-26,NA,NA,NA
"TER-EXO-T02",2023-11-27,NA,NA,NA
"TER-EXO-T02",2023-11-28,NA,NA,NA
"TER-EXO-T02",2023-11-29,NA,NA,NA
"TER-EXO-T02",2023-11-30,NA,NA,NA
"TER-EXO-T02",2023-12-01,NA,NA,NA
"TER-EXO-T02",2023-12-02,NA,NA,NA
"TER-EXO-T02",2023-12-03,NA,NA,NA
"TER-EXO-T02",2023-12-04,NA,NA,NA
"TER-EXO-T02",2023-12-05,NA,NA,NA
"TER-EXO-T02",2023-12-06,NA,NA,NA
"TER-EXO-T02",2023-12-07,NA,NA,NA
"TER-EXO-T02",2023-12-08,NA,NA,NA
"TER-EXO-T02",2023-12-09,NA,NA,NA
"TER-EXO-T02",2023-12-10,NA,NA,NA
"TER-EXO-T02",2023-12-11,NA,NA,NA
"TER-EXO-T02",2023-12-12,NA,NA,NA
"TER-EXO-T02",2023-12-13,NA,NA,NA
"TER-EXO-T02",2023-12-14,NA,NA,NA
"TER-EXO-T02",2023-12-15,NA,NA,NA
"TER-EXO-T02",2023-12-16,NA,NA,NA
"TER-EXO-T02",2023-12-17,NA,NA,NA
"TER-EXO-T02",2023-12-18,NA,NA,NA
"TER-EXO-T02",2023-12-19,NA,NA,NA
"TER-EXO-T02",2023-12-20,NA,NA,NA
"TER-EXO-T02",2023-12-21,NA,NA,NA
"TER-EXO-T02",2023-12-22,NA,NA,NA
"TER-EXO-T02",2023-12-23,NA,NA,NA
"TER-EXO-T02",2023-12-24,NA,NA,NA
"TER-EXO-T02",2023-12-25,NA,NA,NA
"TER-EXO-T02",2023-12-26,NA,NA,NA
"TER-EXO-T02",2023-12-27,NA,NA,NA
"TER-EXO-T02",2023-12-28,NA,NA,NA
"TER-EXO-T02",2023-12-29,NA,NA,NA
"TER-EXO-T02",2023-12-30,NA,NA,NA
"TER-EXO-T02",2023-12-31,NA,NA,NA
"TER-EXO-T02",2024-01-01,NA,NA,NA
"TER-EXO-T02",2024-01-02,NA,NA,NA
"TER-EXO-T02",2024-01-03,NA,NA,NA
"TER-EXO-T02",2024-01-04,NA,NA,NA
"TER-EXO-T02",2024-01-05,NA,NA,NA
"TER-EXO-T02",2024-01-06,NA,NA,NA
"TER-EXO-T02",2024-01-07,NA,NA,NA
"TER-EXO-T02",2024-01-08,NA,NA,NA
"TER-EXO-T02",2024-01-09,NA,NA,NA
"TER-EXO-T02",2024-01-10,NA,NA,NA
"TER-EXO-T02",2024-01-11,NA,NA,NA
"TER-EXO-T02",2024-01-12,NA,NA,NA
"TER-EXO-T02",2024-01-13,NA,NA,NA
"TER-EXO-T02",2024-01-14,NA,NA,NA
"TER-EXO-T02",2024-01-15,NA,NA,NA
"TER-EXO-T02",2024-01-16,NA,NA,NA
"TER-EXO-T02",2024-01-17,NA,NA,NA
"TER-EXO-T02",2024-01-18,NA,NA,NA
"TER-EXO-T02",2024-01-19,NA,NA,NA
"TER-EXO-T02",2024-01-20,NA,NA,NA
"TER-EXO-T02",2024-01-21,NA,NA,NA
"TER-EXO-T02",2024-01-22,NA,NA,NA
"TER-EXO-T02",2024-01-23,NA,NA,NA
"TER-EXO-T02",2024-01-24,NA,NA,NA
"TER-EXO-T02",2024-01-25,NA,NA,NA
"TER-EXO-T02",2024-01-26,NA,NA,NA
"TER-EXO-T02",2024-01-27,NA,NA,NA
"TER-EXO-T02",2024-01-28,NA,NA,NA
"TER-EXO-T02",2024-01-29,NA,NA,NA
"TER-EXO-T02",2024-01-30,NA,NA,NA
"TER-EXO-T02",2024-01-31,NA,NA,NA
"TER-EXO-T02",2024-02-01,NA,NA,NA
"TER-EXO-T02",2024-02-02,NA,NA,NA
"TER-EXO-T02",2024-02-03,NA,NA,NA
"TER-EXO-T02",2024-02-04,NA,NA,NA
"TER-EXO-T02",2024-02-05,NA,NA,NA
"TER-EXO-T02",2024-02-06,NA,NA,NA
"TER-EXO-T02",2024-02-07,NA,NA,NA
"TER-EXO-T02",2024-02-08,NA,NA,NA
"TER-EXO-T02",2024-02-09,NA,NA,NA
"TER-EXO-T02",2024-02-10,NA,NA,NA
"TER-EXO-T02",2024-02-11,NA,NA,NA
"TER-EXO-T02",2024-02-12,NA,NA,NA
"TER-EXO-T02",2024-02-13,NA,NA,NA
"TER-EXO-T02",2024-02-14,NA,NA,NA
"TER-EXO-T02",2024-02-15,NA,NA,NA
"TER-EXO-T02",2024-02-16,NA,NA,NA
"TER-EXO-T02",2024-02-17,NA,NA,NA
"TER-EXO-T02",2024-02-18,NA,NA,NA
"TER-EXO-T02",2024-02-19,NA,NA,NA
"TER-EXO-T02",2024-02-20,NA,NA,NA
"TER-EXO-T02",2024-02-21,NA,NA,NA
"TER-EXO-T02",2024-02-22,NA,NA,NA
"TER-EXO-T02",2024-02-23,NA,NA,NA
"TER-EXO-T02",2024-02-24,NA,NA,NA
"TER-EXO-T02",2024-02-25,NA,NA,NA
"TER-EXO-T02",2024-02-26,NA,NA,NA
"TER-EXO-T02",2024-02-27,NA,NA,NA
"TER-EXO-T02",2024-02-28,NA,NA,NA
"TER-EXO-T02",2024-02-29,NA,NA,NA
"TER-EXO-T02",2024-03-01,NA,NA,NA
"TER-EXO-T02",2024-03-02,NA,NA,NA
"TER-EXO-T02",2024-03-03,NA,NA,NA
"TER-EXO-T02",2024-03-04,NA,NA,NA
"TER-EXO-T02",2024-03-05,NA,NA,NA
"TER-EXO-T02",2024-03-06,NA,NA,NA
"TER-EXO-T02",2024-03-07,NA,NA,NA
"TER-EXO-T02",2024-03-08,NA,NA,NA
"TER-EXO-T02",2024-03-09,NA,NA,NA
"TER-EXO-T02",2024-03-10,NA,NA,NA
"TER-EXO-T02",2024-03-11,NA,NA,NA
"TER-EXO-T02",2024-03-12,NA,NA,NA
"TER-EXO-T02",2024-03-13,NA,NA,NA
"TER-EXO-T02",2024-03-14,NA,NA,NA
"TER-EXO-T02",2024-03-15,NA,NA,NA
"TER-EXO-T02",2024-03-16,NA,NA,NA
"TER-EXO-T02",2024-03-17,NA,NA,NA
"TER-EXO-T02",2024-03-18,NA,NA,NA
"TER-EXO-T02",2024-03-19,NA,NA,NA
"TER-EXO-T02",2024-03-20,NA,NA,NA
"TER-EXO-T02",2024-03-21,0.190754705265011,0.277757698203208,0.313675663157531
"TER-EXO-T02",2024-03-22,0.154907281038658,0.227497535303561,0.253212117804029
"TER-EXO-T02",2024-03-23,0.126217411759914,0.182226000356633,0.197061394830687
"TER-EXO-T02",2024-03-24,0.173010461076818,0.224332937279086,0.242781211142119
"TER-EXO-T02",2024-03-25,0.181543395714968,0.251506656211385,0.269540377580095
"TER-EXO-T02",2024-03-26,0.0888158517735167,0.149443896606974,0.157141194920889
"TER-EXO-T02",2024-03-27,NA,0.156253525406528,0.187506861149413
"TER-EXO-T02",2024-03-28,NA,NA,0.148443912075302
"TER-EXO-T02",2024-03-29,NA,NA,NA
"TER-EXO-T02",2024-03-30,NA,NA,NA
"TER-EXO-T02",2024-03-31,NA,NA,NA
"TER-EXO-T02",2024-04-01,NA,NA,NA
"TER-EXO-T02",2024-04-02,NA,NA,NA
"TER-EXO-T02",2024-04-03,NA,NA,NA
"TER-EXO-T02",2024-04-04,NA,NA,NA
"TER-EXO-T02",2024-04-05,NA,NA,NA
"TER-EXO-T02",2024-04-06,NA,NA,NA
"TER-EXO-T02",2024-04-07,NA,NA,NA
"TER-EXO-T02",2024-04-08,NA,NA,NA
"TER-EXO-T02",2024-04-09,NA,NA,NA
"TER-EXO-T02",2024-04-10,NA,NA,NA
"TER-EXO-T02",2024-04-11,NA,NA,NA
"TER-EXO-T02",2024-04-12,NA,NA,NA
"TER-EXO-T02",2024-04-13,NA,NA,NA
"TER-EXO-T02",2024-04-14,NA,NA,NA
"TER-EXO-T02",2024-04-15,NA,NA,NA
"TER-EXO-T02",2024-04-16,NA,NA,NA
"TER-EXO-T02",2024-04-17,NA,NA,NA
"TER-EXO-T02",2024-04-18,NA,NA,NA
"TER-EXO-T02",2024-04-19,NA,NA,NA
"TER-EXO-T02",2024-04-20,NA,NA,NA
"TER-EXO-T02",2024-04-21,NA,NA,NA
"TER-EXO-T02",2024-04-22,NA,NA,NA
"TER-EXO-T02",2024-04-23,0.0780718063393025,NA,0.0692248043447619
"TER-EXO-T02",2024-04-24,0.214746948633405,NA,0.207863169815152
"TER-EXO-T02",2024-04-25,0.287147553400774,NA,0.279311317528496
"TER-EXO-T02",2024-04-26,0.237267996197047,NA,0.206659557399557
"TER-EXO-T02",2024-04-27,0.339207999482442,NA,0.358400686785262
"TER-EXO-T02",2024-04-28,0.408222442419735,NA,0.420302527950999
"TER-EXO-T02",2024-04-29,0.371039911713968,NA,0.338711537774977
"TER-EXO-T02",2024-04-30,0.300677317001777,NA,0.206696601582856
"TER-EXO-T02",2024-05-01,0.12960427477719,NA,0.0142195598884666
"TER-EXO-T02",2024-05-02,0.0897252272198382,NA,0
"TER-EXO-T02",2024-05-03,0.0970486825667552,NA,0
"TER-EXO-T02",2024-05-04,0.21472771488952,NA,0.0863881262689384
"TER-EXO-T02",2024-05-05,0.337416864214095,NA,0.242698848022625
"TER-EXO-T02",2024-05-06,0.143629020194141,NA,0
"TER-EXO-T02",2024-05-07,0.131526797995086,NA,0
"TER-EXO-T02",2024-05-08,0.218484042752847,NA,0.115471194830765
"TER-EXO-T02",2024-05-09,0.382608335166894,NA,0.338220234070424
"TER-EXO-T02",2024-05-10,0.270926067200887,NA,0.112375899211929
"TER-EXO-T02",2024-05-11,0.424509369702672,NA,0.320974462148878
"TER-EXO-T02",2024-05-12,0.514800046754028,NA,0.384419908677018
"TER-EXO-T02",2024-05-13,0.342926532138819,NA,0.213462483674846
"TER-EXO-T02",2024-05-14,0.473650041950165,NA,0.39527284208007
"TER-EXO-T02",2024-05-15,0.386198606417144,NA,0.250147033973557
"TER-EXO-T02",2024-05-16,0.344744190594117,NA,0.197928724099004
"TER-EXO-T02",2024-05-17,0.424320537998497,NA,NA
"TER-EXO-T02",2024-05-18,0.421131035275847,0.343505835792249,0.379333302362318
"TER-EXO-T02",2024-05-19,0.40060561338622,0.267961295729872,0.304733102656707
"TER-EXO-T02",2024-05-20,0.252269248385714,0.0979625801243946,0.143564782113247
"TER-EXO-T02",2024-05-21,0.202866377534296,0.0163429403429295,0.0307978878820612
"TER-EXO-T02",2024-05-22,0.172730740556652,0.00125015361527967,0.00166687148703955
"TER-EXO-T02",2024-05-23,0.156482199466717,0,0
"TER-EXO-T02",2024-05-24,0.227231346161709,0.145312485832428,0.158592847831379
"TER-EXO-T02",2024-05-25,0.370273013380231,0.303127497542799,0.359184870434568
"TER-EXO-T02",2024-05-26,0.356311450773187,0.238036646756483,0.271810470876566
"TER-EXO-T02",2024-05-27,0.247260243558536,0.065890402234154,0.0724073733294275
"TER-EXO-T02",2024-05-28,0.211441263399272,0.0221857845764972,0.0173593866711845
"TER-EXO-T02",2024-05-29,0.16016961963255,0,0
"TER-EXO-T02",2024-05-30,0.235207161964621,0.10644526718869,0.102099121279359
"TER-EXO-T02",2024-05-31,0.152051908452039,0.0282315064955344,0.0124582061151457
"TER-EXO-T02",2024-06-01,0.192958246387091,0.0680623097395305,0.072153304270147
"TER-EXO-T02",2024-06-02,0.181651565965296,0.0475702952421479,0.0331560044876976
"TER-EXO-T02",2024-06-03,0.205915168037008,0.108848676037816,0.101629269584132
"TER-EXO-T02",2024-06-04,0.169669141419781,0.0698375611315583,0.0530217112657147
"TER-EXO-T02",2024-06-05,0.134432106256182,0.0744603064096509,0.0633019322684284
"TER-EXO-T02",2024-06-06,0.32774913814153,0.233617259480862,0.266115245097413
"TER-EXO-T02",2024-06-07,0.374425406624747,0.244500525043757,0.293705382195237
"TER-EXO-T02",2024-06-08,0.387369498809726,0.237089584569678,0.271221248879902
"TER-EXO-T02",2024-06-09,0.26965238711042,0.144944191711444,0.14168019086376
"TER-EXO-T02",2024-06-10,0.320984991098008,0.193101907900536,0.206274828213862
"TER-EXO-T02",2024-06-11,0.333399139228443,0.213668471674704,0.243615800783618
"TER-EXO-T02",2024-06-12,0.381195685233146,0.258604084596465,0.271280010169731
"TER-EXO-T02",2024-06-13,0.312173261011657,0.177846160029306,0.158652272931325
"TER-EXO-T02",2024-06-14,0.365784887591399,0.232399660172026,0.238260852523878
"TER-EXO-T02",2024-06-15,0.386199379582623,0.230008340442393,0.257406888148617
"TER-EXO-T02",2024-06-16,0.310624080184659,0.141022708162254,0.129545518236723
"TER-EXO-T02",2024-06-17,0.399024597849442,0.230209132023425,0.259998919864884
"TER-EXO-T02",2024-06-18,0.448174995642909,0.317987024474057,0.355295111143713
"TER-EXO-T02",2024-06-19,0.387769297458558,0.276132859165269,0.308599797448195
"TER-EXO-T02",2024-06-20,0.392777416494286,0.255821496333905,0.273968034547978
"TER-EXO-T02",2024-06-21,0.398900253355545,0.217545331300691,0.226989856254148
"TER-EXO-T02",2024-06-22,0.226098037162735,0.0877856800485276,0.056936172226714
"TER-EXO-T02",2024-06-23,0.224509802439419,0.0839486003689751,0.0301606062231441
"TER-EXO-T02",2024-06-24,0.19103405062978,0.0708995887962222,0.0360204075858519
"TER-EXO-T02",2024-06-25,0.376036381449188,0.284469621702206,0.310105213204793
"TER-EXO-T02",2024-06-26,0.412937342541455,0.279157299935547,0.309892905453343
"TER-EXO-T02",2024-06-27,0.412988649715442,0.226393841759912,0.240301297821924
"TER-EXO-T02",2024-06-28,0.495162317404181,0.287824918928896,0.317738945977273
"TER-EXO-T02",2024-06-29,0.40789586906401,0.222389834629982,0.211231589479793
"TER-EXO-T02",2024-06-30,0.393252536474461,0.175403307157394,0.182803712908712
"TER-EXO-T02",2024-07-01,0.562072360517937,0.355066849412159,0.402009064751917
"TER-EXO-T02",2024-07-02,0.567516282526339,0.338815127269179,0.374485077879149
"TER-EXO-T02",2024-07-03,0.571975211662337,0.366438868876484,0.399926563486736
"TER-EXO-T02",2024-07-04,0.579264899626393,0.374917584265941,0.423180807807091
"TER-EXO-T02",2024-07-05,0.53045633360425,0.321598666182129,0.362819549902386
"TER-EXO-T02",2024-07-06,0.568045715389184,0.343131969633855,0.381732628234541
"TER-EXO-T02",2024-07-07,0.470839013372596,0.234029611488072,0.250183710428598
"TER-EXO-T02",2024-07-08,0.2378966344968,0.0856359259877839,0.0120195355096742
"TER-EXO-T02",2024-07-09,0.277201834404944,0.110606915882238,0.0627045375716226
"TER-EXO-T02",2024-07-10,0.513165350977355,0.334624747805685,0.374213538984435
"TER-EXO-T02",2024-07-11,0.404246456370249,0.196324286845662,0.212501914564812
"TER-EXO-T02",2024-07-12,0.250891683406044,0.0958292520945759,0.0794138558309233
"TER-EXO-T02",2024-07-13,0.309348581721788,0.18476774694059,0.18104546093099
"TER-EXO-T02",2024-07-14,0.391220073106478,0.258131375507978,0.290661103399932
"TER-EXO-T02",2024-07-15,0.218898309731742,0.0593604470065702,0.0105958282387022
"TER-EXO-T02",2024-07-16,0.203258470651513,0.0541234310252821,0.0303637123006238
"TER-EXO-T02",2024-07-17,NA,NA,NA
"TER-EXO-T02",2024-07-18,0.286609240672827,0.207801919716843,0.164153383676948
"TER-EXO-T02",2024-07-19,0.480821944543327,0.410479355450834,0.408701234078798
"TER-EXO-T02",2024-07-20,0.446393698969585,0.290626819140046,0.266488384680067
"TER-EXO-T02",2024-07-21,0.512321172595891,0.366365332850841,0.364207342569758
"TER-EXO-T02",2024-07-22,0.451104819125725,0.250454564547749,0.285412613465202
"TER-EXO-T02",2024-07-23,0.384427935028956,0.184980089566771,0.191108388732258
"TER-EXO-T02",2024-07-24,0.445658102136514,0.244911641465136,0.277604829896647
"TER-EXO-T02",2024-07-25,0.37229351992732,0.15682849913662,0.135235838798033
"TER-EXO-T02",2024-07-26,0.290580583018947,0.108126261807113,0.0518419108957406
"TER-EXO-T02",2024-07-27,0.43335345370057,0.209066733998994,0.223515349617677
"TER-EXO-T02",2024-07-28,0.406054650597582,0.156570162574041,0.15362923275943
"TER-EXO-T02",2024-07-29,0.294232666018321,0.142643039636948,0.128313497110529
"TER-EXO-T02",2024-07-30,0.245032579892709,0.135996113296199,0.16170613958462
"TER-EXO-T02",2024-07-31,0.414838424491903,0.230008284519942,0.263852057635443
"TER-EXO-T02",2024-08-01,0.447386626988011,0.270780265228908,0.300268273195833
"TER-EXO-T02",2024-08-02,0.428930441451567,0.208485688333588,0.233073913107306
"TER-EXO-T02",2024-08-03,0.441378898374695,0.228368400265623,0.256161788610426
"TER-EXO-T02",2024-08-04,0.508710355739613,0.251345178173776,0.271701288506989
"TER-EXO-T02",2024-08-05,0.495207659701462,0.220086731089871,0.230214455292023
"TER-EXO-T02",2024-08-06,0.399148013651504,0.22349527154468,0.215165480944888
"TER-EXO-T02",2024-08-07,0.480842832240859,0.254907880493395,0.284715923124738
"TER-EXO-T02",2024-08-08,0.460745885723389,0.219714351559737,0.255537830650333
"TER-EXO-T02",2024-08-09,0.451271288644745,0.211439206969008,0.25986854210278
"TER-EXO-T02",2024-08-10,0.31044940308783,0.0624705684433601,0.0623531336683951
"TER-EXO-T02",2024-08-11,0.359358102601677,0.26804794746483,0.293336944635995
"TER-EXO-T02",2024-08-12,0.512342212849431,0.377459958613078,0.433155478095037
"TER-EXO-T02",2024-08-13,0.524770614682025,0.343153214879402,0.383048254444347
"TER-EXO-T02",2024-08-14,0.486957913402626,0.245704981798571,0.284789771735275
"TER-EXO-T02",2024-08-15,0.41076120897916,0.143400842544899,0.180130166683263
"TER-EXO-T02",2024-08-16,0.432370104189017,0.182425491279376,0.221541350507002
"TER-EXO-T02",2024-08-17,0.41511125457337,0.164080866756605,0.188194070285621
"TER-EXO-T02",2024-08-18,0.478010804518842,0.222867035585386,0.258332101420925
"TER-EXO-T02",2024-08-19,0.600692516342194,0.39155856728982,0.443142170015549
"TER-EXO-T02",2024-08-20,0.410105475860681,0.147692496766898,0.18264245155987
"TER-EXO-T02",2024-08-21,0.45737964244722,0.248988675517226,0.296243645470572
"TER-EXO-T02",2024-08-22,0.584287055956339,0.346387265480805,0.398186032072465
"TER-EXO-T02",2024-08-23,0.461074423692683,0.283251037468409,0.310803450453417
"TER-EXO-T02",2024-08-24,0.393732915997043,0.33772923708957,0.357440903671117
"TER-EXO-T02",2024-08-25,0.452313416553115,0.282559670659221,0.336811741421636
"TER-EXO-T02",2024-08-26,0.274797770336511,0.0564941099730266,0.0841022791574628
"TER-EXO-T02",2024-08-27,0.477643509550885,0.345970561961271,0.394181649745828
"TER-EXO-T02",2024-08-28,0.457333476762926,0.317991610992022,0.360687182681314
"TER-EXO-T02",2024-08-29,0.477195146806765,0.291295273031582,0.323887353960829
"TER-EXO-T02",2024-08-30,0.473078136544504,0.232526837213067,0.259859596230841
"TER-EXO-T02",2024-08-31,0.399450262579017,0.104684360055711,0.135797282549061
"TER-EXO-T02",2024-09-01,0.559229813448084,0.352315310742719,0.393824946047003
"TER-EXO-T02",2024-09-02,0.553663476196929,0.384923804981823,0.427159373178536
"TER-EXO-T02",2024-09-03,0.653054968938978,0.472504315486936,0.510143642328742
"TER-EXO-T02",2024-09-04,0.611743513948924,0.442985574743031,0.491147846557757
"TER-EXO-T02",2024-09-05,0.697357361260122,0.497415917764936,0.544986576462229
"TER-EXO-T02",2024-09-06,0.689312365642826,0.509023948543965,0.551721103689557
"TER-EXO-T02",2024-09-07,0.447083433080011,0.238901958279458,0.280524976548307
"TER-EXO-T02",2024-09-08,0.424117464498168,0.254393734296768,0.299155713019938
"TER-EXO-T02",2024-09-09,0.449070109686203,0.244505109945377,0.287774455157958
"TER-EXO-T02",2024-09-10,0.305305521051576,0.181018532860048,0.218413857086872
"TER-EXO-T02",2024-09-11,0.353763126911098,0.245226014433688,0.285328827414654
"TER-EXO-T02",2024-09-12,0.454456329439558,0.241886472973814,0.277336004137914
"TER-EXO-T02",2024-09-13,0.419831998357747,0.187109510829682,0.210216516420807
"TER-EXO-T02",2024-09-14,0.367439056861383,0.14528131289474,0.160431335065229
"TER-EXO-T02",2024-09-15,0.476549681493691,0.235906602600563,0.252196804134092
"TER-EXO-T02",2024-09-16,0.265921399658489,0.0565208323920543,0.0685671917398573
"TER-EXO-T02",2024-09-17,0.307817314414979,0.181626829520616,0.219685011823594
"TER-EXO-T02",2024-09-18,0.5231388875606,0.383045186484099,0.435482340010111
"TER-EXO-T02",2024-09-19,0.464508110376117,0.283692090564611,0.327372951286202
"TER-EXO-T02",2024-09-20,0.26737670702959,0.148657535381412,0.175465615689084
"TER-EXO-T02",2024-09-21,0.395244190861212,0.235655508420953,0.265995059909915
"TER-EXO-T02",2024-09-22,0.321884797782115,0.0917050199716432,0.11540582627658
"TER-EXO-T02",2024-09-23,0.356983665867654,0.105049909210443,0.131539734098559
"TER-EXO-T02",2024-09-24,0.258600835132563,0.0120222925597761,0.00661188296492583
"TER-EXO-T02",2024-09-25,0.263302133095783,0.0747691459953304,0.0881708958800328
"TER-EXO-T02",2024-09-26,0.410070991161851,0.280593605313014,0.3239837827587
"TER-EXO-T02",2024-09-27,0.205551184840612,0.0120209485298575,0.020698975447435
"TER-EXO-T02",2024-09-28,0.183876636076073,0.00106881620218055,0
"TER-EXO-T02",2024-09-29,0.185217261524561,0,0
"TER-EXO-T02",2024-09-30,0.190227171493811,0,0
"TER-EXO-T02",2024-10-01,0.192313028949532,0,0
"TER-EXO-T02",2024-10-02,0.180708431559005,0,0
"TER-EXO-T02",2024-10-03,0.178217143400263,0,0
"TER-EXO-T02",2024-10-04,0.172506525830256,0,0
"TER-EXO-T02",2024-10-05,0.14616628519159,0.0653942884008727,0.104438091481777
"TER-EXO-T02",2024-10-06,0.141793366399587,0.196635505683878,0.24421364220385
"TER-EXO-T02",2024-10-07,0.192171848271732,0.155231888835203,0.170538434627383
"TER-EXO-T02",2024-10-08,0.222240324359963,0.160694337600311,NA
"TER-EXO-T02",2024-10-09,0.152717116071818,0.0402297021564534,NA
"TER-EXO-T02",2024-10-10,0.137905220635943,0.041035365441351,NA
"TER-EXO-T02",2024-10-11,0.148921453805172,0.210327082785774,NA
"TER-EXO-T02",2024-10-12,0.168070524697628,0.194358138319139,NA
"TER-EXO-T02",2024-10-13,0.14769627505027,0,NA
"TER-EXO-T02",2024-10-14,0.141911547847436,0.0537426448633646,NA
"TER-EXO-T02",2024-10-15,0.163719073256632,0.210695738443724,NA
"TER-EXO-T02",2024-10-16,0.157281265053364,0.244196545431846,NA
"TER-EXO-T02",2024-10-17,0.191108771777004,0.15412627827225,NA
"TER-EXO-T02",2024-10-18,0.1767835843735,0.0928534336174082,NA
"TER-EXO-T02",2024-10-19,0.136729037675571,0.0102048006138843,NA
"TER-EXO-T02",2024-10-20,0.164809915451565,0.102056334651732,NA
"TER-EXO-T02",2024-10-21,0.224132352230253,0.215452803911992,NA
"TER-EXO-T02",2024-10-22,0.188571736210802,0.118266958125991,NA
"TER-EXO-T02",2024-10-23,0.128515342675185,0.00885777273492164,NA
"TER-EXO-T02",2024-10-24,0.134476451948117,0.258018273793666,NA
"TER-EXO-T02",2024-10-25,0.159126452867165,0.321298342573644,NA
"TER-EXO-T02",2024-10-26,0.143954795645172,0.237766728337512,NA
"TER-EXO-T02",2024-10-27,0.134272067049484,0.167201656138029,NA
"TER-EXO-T02",2024-10-28,0.156840526894703,0.270693279360152,NA
"TER-EXO-T02",2024-10-29,0.1359993024118,0.0995134979630015,NA
"TER-EXO-T02",2024-10-30,0.111299214577287,0.0279593185768443,NA
"TER-EXO-T02",2024-10-31,0.114964767590747,0.00664545278034885,NA
"TER-EXO-T02",2024-11-01,0.128807632104503,0.000860121516223605,NA
"TER-EXO-T02",2024-11-02,0.11919277259309,0.0153037020566499,NA
"TER-EXO-T02",2024-11-03,0.108688377554436,0.0167681607837644,NA
"TER-EXO-T02",2024-11-04,0.104332601108973,0.030932930519201,NA
"TER-EXO-T02",2024-11-05,0.112492236727064,0.0132220278939221,NA
"TER-EXO-T02",2024-11-06,0.125474395081561,0.116849561292107,NA
"TER-EXO-T02",2024-11-07,0.128901361674295,0.123124248825324,NA
"TER-EXO-T02",2024-11-08,0.115097535909455,0.00329187441713873,NA
"TER-EXO-T02",2024-11-09,0.123399532882612,0.000443776618715068,NA
"TER-EXO-T02",2024-11-10,0.116260830941449,0.00628519743735402,NA
"TER-EXO-T02",2024-11-11,0.11701267981246,0.00466919740842919,NA
"TER-EXO-T02",2024-11-12,0.123230363326584,0,NA
"TER-EXO-T02",2024-11-13,0.111195975744373,0,NA
"TER-EXO-T02",2024-11-14,0.112728841519038,0.0448013284893744,NA
"TER-EXO-T02",2024-11-15,0.109584557786753,0.0766871114425037,NA
"TER-EXO-T02",2024-11-16,0.135543361867057,0.1318682801245,NA
"TER-EXO-T02",2024-11-17,0.110168633585418,0.0564731463280204,NA
"TER-EXO-T02",2024-11-18,0.104079636961271,0.0209405579589142,NA
"TER-EXO-T02",2024-11-19,0.0965514255757844,0.0575247972826475,NA
"TER-EXO-T02",2024-11-20,0.0949916797457872,0.00897182833707781,NA
"TER-EXO-T02",2024-11-21,0.100850378718833,0.000794856000695499,NA
"TER-EXO-T02",2024-11-22,0.107328405832603,0,NA
"TER-EXO-T02",2024-11-23,0.0945942086934008,0.00203218627689846,NA
"TER-EXO-T02",2024-11-24,0.0681986237769301,0.143017730266599,NA
"TER-EXO-T02",2024-11-25,0.0794447129830458,0.0687220221341209,NA
"TER-EXO-T02",2024-11-26,0.0983366648860357,0.000833435743519781,NA
"TER-EXO-T02",2024-11-27,0.0911631117830279,0.0555084299939159,NA
"TER-EXO-T02",2024-11-28,0.133686565385016,0.0900003731240073,NA
"TER-EXO-T02",2024-11-29,0.109330942468887,0.0504232053804172,NA
"TER-EXO-T02",2024-11-30,0.0743572721585013,0.079375716063212,NA
"TER-EXO-T02",2024-12-01,0.080048827935288,0.0126653382318222,NA
"TER-EXO-T02",2024-12-02,0.0894965280227611,0.0754586171152915,NA
"TER-EXO-T02",2024-12-03,0.0986375392447117,0.0546277410082549,NA
"TER-EXO-T02",2024-12-04,0.104014083824979,0.07028594358601,NA
"TER-EXO-T02",2024-12-05,0.119180436570673,0.0344179323287568,NA
"TER-EXO-T02",2024-12-06,0.0996849208446815,0,NA
"TER-EXO-T02",2024-12-07,0.0888396540409822,0.0139376409387315,NA
"TER-EXO-T02",2024-12-08,0.0971543562025524,0.025792584097851,NA
"TER-EXO-T02",2024-12-09,0.0867975327639399,0.0344933580004858,NA
"TER-EXO-T02",2024-12-10,0.112241936284497,0.0596656586318483,NA
"TER-EXO-T02",2024-12-11,0.0800196480070123,0,NA
"TER-EXO-T02",2024-12-12,0.0671316731221852,0.0122148757448687,NA
"TER-EXO-T02",2024-12-13,0.0611174345534306,0.0187404180440248,NA
"TER-EXO-T02",2024-12-14,0.0995605535390501,0.136464928653116,NA
"TER-EXO-T02",2024-12-15,0.0917299716425795,0.040191212762576,NA
"TER-EXO-T02",2024-12-16,0.0798923730473885,0.00113084232803322,NA
"TER-EXO-T02",2024-12-17,0.118679405073875,0.10277652268622,NA
"TER-EXO-T02",2024-12-18,0.0883825916233847,0.0254378468144448,NA
"TER-EXO-T02",2024-12-19,0.0666646539428337,0.052342482645026,NA
"TER-EXO-T02",2024-12-20,0.0918364110388264,0.136351433973218,NA
"TER-EXO-T02",2024-12-21,0.0765776384679254,0.0691663022041917,NA
"TER-EXO-T02",2024-12-22,0.0741924763276932,0.0525438105147903,NA
"TER-EXO-T02",2024-12-23,0.0705358203101102,0.035112307389942,NA
"TER-EXO-T02",2024-12-24,0.0669035718428163,0.105632074364137,NA
"TER-EXO-T02",2024-12-25,0.0667918098335084,0.021852906640849,NA
"TER-EXO-T02",2024-12-26,0.0691474601174028,0.0142768273847834,NA
"TER-EXO-T02",2024-12-27,0.0808338970412879,0,NA
"TER-EXO-T02",2024-12-28,0.0812447376448526,0.00313066210924129,NA
"TER-EXO-T02",2024-12-29,0.0821055587754691,0.0300644524885102,NA
"TER-EXO-T02",2024-12-30,0.0849020111541013,0.00555072097079861,NA
"TER-EXO-T02",2024-12-31,0.0859549990587287,0,NA
"TER-EXO-T02",2025-01-01,0.0898679713118067,0,NA
"TER-EXO-T02",2025-01-02,0.0902126252460428,0,NA
"TER-EXO-T02",2025-01-03,0.0891580601501975,0,NA
"TER-EXO-T02",2025-01-04,0.0788334693154656,0.00789177855326407,NA
"TER-EXO-T02",2025-01-05,0.0794743851804184,0.0680965051536569,NA
"TER-EXO-T02",2025-01-06,0.0876262278065404,0,NA
"TER-EXO-T02",2025-01-07,0.0828268904644642,0.0714746084474831,NA
"TER-EXO-T02",2025-01-08,0.0814552600067659,0.0207433771904434,NA
"TER-EXO-T02",2025-01-09,0.0909422626580152,0,NA
"TER-EXO-T02",2025-01-10,0.0914535512283677,0,NA
"TER-EXO-T02",2025-01-11,0.0898477665365447,0,NA
"TER-EXO-T02",2025-01-12,0.0779499908621501,0,NA
"TER-EXO-T02",2025-01-13,0.0792757696165741,0,NA
"TER-EXO-T02",2025-01-14,0.0780559350014103,0,NA
"TER-EXO-T02",2025-01-15,NA,0,NA
"TER-EXO-T02",2025-01-16,NA,0,NA
"TER-EXO-T02",2025-01-17,NA,0,NA
"TER-EXO-T02",2025-01-18,NA,0.0243100632417022,NA
"TER-EXO-T02",2025-01-19,NA,0.0111703534967832,NA
"TER-EXO-T02",2025-01-20,NA,0.00549494790757838,NA
"TER-EXO-T02",2025-01-21,NA,0.0335239987672443,NA
"TER-EXO-T02",2025-01-22,NA,0.126430306873253,NA
"TER-EXO-T02",2025-01-23,NA,0.000838908534088243,NA
"TER-EXO-T02",2025-01-24,NA,0.0253800299136131,NA
"TER-EXO-T02",2025-01-25,NA,0.0236176139511972,NA
"TER-EXO-T02",2025-01-26,NA,0.0444084983595379,NA
"TER-EXO-T02",2025-01-27,NA,0.16731320571871,NA
"TER-EXO-T02",2025-01-28,NA,0.0248423850096149,NA
"TER-EXO-T02",2025-01-29,NA,0.0553342571525929,NA
"TER-EXO-T02",2025-01-30,NA,0.000603963895502005,NA
"TER-EXO-T02",2025-01-31,NA,0,NA
"TER-EXO-T02",2025-02-01,NA,0.0314898992405504,NA
"TER-EXO-T02",2025-02-02,NA,0,NA
"TER-EXO-T02",2025-02-03,NA,0,NA
"TER-EXO-T02",2025-02-04,NA,0.0162518153129414,NA
"TER-EXO-T02",2025-02-05,NA,0,NA
"TER-EXO-T02",2025-02-06,NA,0,NA
"TER-EXO-T02",2025-02-07,NA,0,NA
"TER-EXO-T02",2025-02-08,NA,0,NA
"TER-EXO-T02",2025-02-09,NA,0,NA
"TER-EXO-T02",2025-02-10,NA,0.0012369376236869,NA
"TER-EXO-T02",2025-02-11,NA,0,NA
"TER-EXO-T02",2025-02-12,NA,NA,NA
"TER-EXO-T02",2025-02-13,NA,NA,NA
"TER-EXO-T02",2025-02-14,NA,NA,NA
"TER-EXO-T02",2025-02-15,NA,NA,NA
"TER-EXO-T02",2025-02-16,NA,NA,NA
"TER-EXO-T02",2025-02-17,NA,NA,NA
"TER-EXO-T02",2025-02-18,NA,NA,NA
"TER-EXO-T02",2025-02-19,NA,NA,NA
"TER-EXO-T02",2025-02-20,NA,NA,NA
"TER-EXO-T02",2025-02-21,NA,NA,NA
"TER-EXO-T02",2025-02-22,NA,NA,NA
"TER-EXO-T02",2025-02-23,NA,NA,NA
"TER-EXO-T02",2025-02-24,NA,NA,NA
"TER-EXO-T02",2025-02-25,NA,NA,NA
"TER-EXO-T02",2025-02-26,NA,NA,NA
"TER-EXO-T02",2025-02-27,NA,NA,NA
"TER-EXO-T02",2025-02-28,NA,NA,NA
"TER-EXO-T02",2025-03-01,NA,NA,NA
"TER-EXO-T02",2025-03-02,NA,NA,NA
"TER-EXO-T02",2025-03-03,NA,NA,NA
"TER-EXO-T02",2025-03-04,NA,NA,NA
"TER-EXO-T02",2025-03-05,NA,NA,NA
"TER-EXO-T02",2025-03-06,NA,NA,NA
"TER-EXO-T02",2025-03-07,NA,NA,NA
"TER-EXO-T02",2025-03-08,NA,NA,NA
"TER-EXO-T02",2025-03-09,NA,NA,NA
"TER-EXO-T02",2025-03-10,NA,NA,NA
"TER-EXO-T02",2025-03-11,NA,NA,NA
"TER-EXO-T02",2025-03-12,NA,NA,NA
"TER-EXO-T02",2025-03-13,NA,NA,NA
"TER-EXO-T02",2025-03-14,NA,NA,NA
"TER-EXO-T02",2025-03-15,NA,NA,NA
"TER-EXO-T02",2025-03-16,NA,NA,NA
"TER-EXO-T02",2025-03-17,NA,NA,NA
"TER-EXO-T02",2025-03-18,NA,NA,NA
"TER-EXO-T02",2025-03-19,NA,NA,NA
"TER-EXO-T02",2025-03-20,NA,NA,NA
"TER-EXO-T02",2025-03-21,NA,NA,NA
"TER-EXO-T02",2025-03-22,NA,NA,NA
"TER-EXO-T02",2025-03-23,NA,NA,NA
"TER-EXO-T02",2025-03-24,NA,NA,NA
"TER-EXO-T02",2025-03-25,NA,NA,NA
"TER-EXO-T02",2025-03-26,NA,NA,NA
"TER-EXO-T02",2025-03-27,NA,NA,NA
"TER-EXO-T02",2025-03-28,NA,NA,NA
"TER-EXO-T02",2025-03-29,NA,NA,NA
"TER-EXO-T02",2025-03-30,NA,NA,NA
"TER-EXO-T02",2025-03-31,NA,NA,NA
"TER-EXO-T02",2025-04-01,NA,NA,NA
"TER-EXO-T02",2025-04-02,NA,NA,NA
"TER-EXO-T02",2025-04-03,NA,NA,NA
"TER-EXO-T02",2025-04-04,NA,NA,NA
"TER-EXO-T02",2025-04-05,NA,NA,NA
"TER-EXO-T02",2025-04-06,NA,NA,NA
"TER-EXO-T02",2025-04-07,NA,NA,NA
"TER-EXO-T02",2025-04-08,NA,NA,NA
"TER-EXO-T02",2025-04-09,NA,NA,NA
"TER-EXO-T02",2025-04-10,NA,NA,NA
"TER-EXO-T02",2025-04-11,NA,NA,NA
"TER-EXO-T02",2025-04-12,NA,NA,NA
"TER-EXO-T02",2025-04-13,NA,NA,NA
"TER-EXO-T02",2025-04-14,NA,NA,NA
"TER-EXO-T02",2025-04-15,NA,NA,NA
"TER-EXO-T02",2025-04-16,NA,NA,NA
"TER-EXO-T02",2025-04-17,NA,NA,NA
"TER-EXO-T02",2025-04-18,NA,NA,NA
"TER-EXO-T02",2025-04-19,NA,NA,NA
"TER-EXO-T02",2025-04-20,NA,NA,NA
"TER-EXO-T02",2025-04-21,NA,NA,NA
"TER-EXO-T02",2025-04-22,NA,NA,NA
"TER-EXO-T02",2025-04-23,NA,NA,NA
"TER-EXO-T02",2025-04-24,NA,NA,NA
"TER-EXO-T02",2025-04-25,NA,NA,NA
"TER-EXO-T02",2025-04-26,NA,NA,NA
"TER-EXO-T02",2025-04-27,NA,NA,NA
"TER-EXO-T02",2025-04-28,NA,NA,NA
"TER-EXO-T02",2025-04-29,NA,NA,NA
"TER-EXO-T02",2025-04-30,NA,NA,NA
"TER-EXO-T02",2025-05-01,NA,NA,NA
"TER-EXO-T02",2025-05-02,NA,NA,NA
"TER-EXO-T02",2025-05-03,NA,NA,NA
"TER-EXO-T02",2025-05-04,NA,NA,NA
"TER-EXO-T02",2025-05-05,NA,NA,NA
"TER-EXO-T02",2025-05-06,NA,NA,NA
"TER-EXO-T02",2025-05-07,NA,NA,NA
"TER-EXO-T02",2025-05-08,NA,NA,NA
"TER-EXO-T02",2025-05-09,NA,NA,NA
"TER-EXO-T02",2025-05-10,NA,NA,NA
"TER-EXO-T02",2025-05-11,NA,NA,NA
"TER-EXO-T02",2025-05-12,NA,NA,NA
"TER-EXO-T02",2025-05-13,NA,NA,NA
"TER-EXO-T02",2025-05-14,NA,NA,NA
"TER-EXO-T02",2025-05-15,NA,NA,NA
"TER-EXO-T02",2025-05-16,NA,NA,NA
"TER-EXO-T02",2025-05-17,NA,NA,NA
"TER-EXO-T02",2025-05-18,NA,NA,NA
"TER-EXO-T02",2025-05-19,NA,NA,NA
"TER-EXO-T02",2025-05-20,NA,NA,NA
"TER-EXO-T02",2025-05-21,NA,NA,NA
"TER-EXO-T02",2025-05-22,NA,NA,NA
"TER-EXO-T02",2025-05-23,NA,NA,NA
"TER-EXO-T02",2025-05-24,NA,NA,NA
"TER-EXO-T02",2025-05-25,NA,NA,NA
"TER-EXO-T02",2025-05-26,NA,NA,NA
"TER-EXO-T02",2025-05-27,NA,NA,NA
"TER-EXO-T02",2025-05-28,NA,NA,NA
"TER-EXO-T02",2025-05-29,NA,NA,NA
"TER-EXO-T02",2025-05-30,NA,NA,NA
"TER-EXO-T02",2025-05-31,NA,NA,NA
"TER-EXO-T02",2025-06-01,NA,NA,NA
"TER-EXO-T02",2025-06-02,NA,NA,NA
"TER-EXO-T02",2025-06-03,NA,NA,NA
"TER-EXO-T02",2025-06-04,NA,NA,NA
"TER-EXO-T02",2025-06-05,NA,NA,NA
"TER-EXO-T02",2025-06-06,NA,NA,NA
"TER-EXO-T02",2025-06-07,NA,NA,NA
"TER-EXO-T02",2025-06-08,NA,NA,NA
"TER-EXO-T02",2025-06-09,NA,NA,NA
"TER-EXO-T02",2025-06-10,NA,NA,NA
"TER-EXO-T02",2025-06-11,NA,NA,NA
"TER-EXO-T02",2025-06-12,NA,NA,NA
"TER-EXO-T04",2023-08-09,NA,NA,NA
"TER-EXO-T04",2023-08-10,NA,NA,NA
"TER-EXO-T04",2023-08-11,NA,NA,NA
"TER-EXO-T04",2023-08-12,NA,NA,NA
"TER-EXO-T04",2023-08-13,NA,NA,NA
"TER-EXO-T04",2023-08-14,NA,NA,NA
"TER-EXO-T04",2023-08-15,NA,NA,NA
"TER-EXO-T04",2023-08-16,NA,NA,NA
"TER-EXO-T04",2023-08-17,NA,NA,NA
"TER-EXO-T04",2023-08-18,NA,NA,NA
"TER-EXO-T04",2023-08-19,NA,NA,NA
"TER-EXO-T04",2023-08-20,NA,NA,NA
"TER-EXO-T04",2023-08-21,NA,NA,NA
"TER-EXO-T04",2023-08-22,NA,NA,NA
"TER-EXO-T04",2023-08-23,NA,NA,NA
"TER-EXO-T04",2023-08-24,NA,NA,NA
"TER-EXO-T04",2023-08-25,NA,NA,NA
"TER-EXO-T04",2023-08-26,NA,NA,NA
"TER-EXO-T04",2023-08-27,NA,NA,NA
"TER-EXO-T04",2023-08-28,NA,NA,NA
"TER-EXO-T04",2023-08-29,NA,NA,NA
"TER-EXO-T04",2023-08-30,NA,NA,NA
"TER-EXO-T04",2023-08-31,NA,NA,NA
"TER-EXO-T04",2023-09-01,NA,NA,NA
"TER-EXO-T04",2023-09-02,NA,NA,NA
"TER-EXO-T04",2023-09-03,NA,NA,NA
"TER-EXO-T04",2023-09-04,NA,NA,NA
"TER-EXO-T04",2023-09-05,NA,NA,NA
"TER-EXO-T04",2023-09-06,NA,NA,NA
"TER-EXO-T04",2023-09-07,NA,NA,NA
"TER-EXO-T04",2023-09-08,NA,NA,NA
"TER-EXO-T04",2023-09-09,NA,NA,NA
"TER-EXO-T04",2023-09-10,NA,NA,NA
"TER-EXO-T04",2023-09-11,NA,NA,NA
"TER-EXO-T04",2023-09-12,NA,NA,NA
"TER-EXO-T04",2023-09-13,NA,NA,NA
"TER-EXO-T04",2023-09-14,NA,NA,NA
"TER-EXO-T04",2023-09-15,NA,NA,NA
"TER-EXO-T04",2023-09-16,NA,NA,NA
"TER-EXO-T04",2023-09-17,NA,NA,NA
"TER-EXO-T04",2023-09-18,NA,NA,NA
"TER-EXO-T04",2023-09-19,NA,NA,NA
"TER-EXO-T04",2023-09-20,NA,NA,NA
"TER-EXO-T04",2023-09-21,NA,NA,NA
"TER-EXO-T04",2023-09-22,NA,NA,NA
"TER-EXO-T04",2023-09-23,NA,NA,NA
"TER-EXO-T04",2023-09-24,NA,NA,NA
"TER-EXO-T04",2023-09-25,NA,NA,NA
"TER-EXO-T04",2023-09-26,NA,NA,NA
"TER-EXO-T04",2023-09-27,NA,NA,NA
"TER-EXO-T04",2023-09-28,NA,NA,NA
"TER-EXO-T04",2023-09-29,NA,NA,NA
"TER-EXO-T04",2023-09-30,NA,NA,NA
"TER-EXO-T04",2023-10-01,NA,NA,NA
"TER-EXO-T04",2023-10-02,NA,NA,NA
"TER-EXO-T04",2023-10-03,NA,NA,NA
"TER-EXO-T04",2023-10-04,NA,NA,NA
"TER-EXO-T04",2023-10-05,NA,NA,NA
"TER-EXO-T04",2023-10-06,NA,NA,NA
"TER-EXO-T04",2023-10-07,NA,NA,NA
"TER-EXO-T04",2023-10-08,NA,NA,NA
"TER-EXO-T04",2023-10-09,NA,NA,NA
"TER-EXO-T04",2023-10-10,NA,NA,NA
"TER-EXO-T04",2023-10-11,NA,NA,NA
"TER-EXO-T04",2023-10-12,NA,NA,NA
"TER-EXO-T04",2023-10-13,NA,NA,NA
"TER-EXO-T04",2023-10-14,NA,NA,NA
"TER-EXO-T04",2023-10-15,NA,NA,NA
"TER-EXO-T04",2023-10-16,NA,NA,NA
"TER-EXO-T04",2023-10-17,NA,NA,NA
"TER-EXO-T04",2023-10-18,NA,NA,NA
"TER-EXO-T04",2023-10-19,NA,NA,NA
"TER-EXO-T04",2023-10-20,NA,NA,NA
"TER-EXO-T04",2023-10-21,NA,NA,NA
"TER-EXO-T04",2023-10-22,NA,NA,NA
"TER-EXO-T04",2023-10-23,NA,NA,NA
"TER-EXO-T04",2023-10-24,NA,NA,NA
"TER-EXO-T04",2023-10-25,NA,NA,NA
"TER-EXO-T04",2023-10-26,NA,NA,NA
"TER-EXO-T04",2023-10-27,NA,NA,NA
"TER-EXO-T04",2023-10-28,NA,NA,NA
"TER-EXO-T04",2023-10-29,NA,NA,NA
"TER-EXO-T04",2023-10-30,NA,NA,NA
"TER-EXO-T04",2023-10-31,NA,NA,NA
"TER-EXO-T04",2023-11-01,NA,NA,NA
"TER-EXO-T04",2023-11-02,NA,NA,NA
"TER-EXO-T04",2023-11-03,NA,NA,NA
"TER-EXO-T04",2023-11-04,NA,NA,NA
"TER-EXO-T04",2023-11-05,NA,NA,NA
"TER-EXO-T04",2023-11-06,NA,NA,NA
"TER-EXO-T04",2023-11-07,NA,NA,NA
"TER-EXO-T04",2023-11-08,NA,NA,NA
"TER-EXO-T04",2023-11-09,NA,NA,NA
"TER-EXO-T04",2023-11-10,NA,NA,NA
"TER-EXO-T04",2023-11-11,NA,NA,NA
"TER-EXO-T04",2023-11-12,NA,NA,NA
"TER-EXO-T04",2023-11-13,NA,NA,NA
"TER-EXO-T04",2023-11-14,NA,NA,NA
"TER-EXO-T04",2023-11-15,NA,NA,NA
"TER-EXO-T04",2023-11-16,NA,NA,NA
"TER-EXO-T04",2023-11-17,NA,NA,NA
"TER-EXO-T04",2023-11-18,NA,NA,NA
"TER-EXO-T04",2023-11-19,NA,NA,NA
"TER-EXO-T04",2023-11-20,NA,NA,NA
"TER-EXO-T04",2023-11-21,NA,NA,NA
"TER-EXO-T04",2023-11-22,NA,NA,NA
"TER-EXO-T04",2023-11-23,NA,NA,NA
"TER-EXO-T04",2023-11-24,NA,NA,NA
"TER-EXO-T04",2023-11-25,NA,NA,NA
"TER-EXO-T04",2023-11-26,NA,NA,NA
"TER-EXO-T04",2023-11-27,NA,NA,NA
"TER-EXO-T04",2023-11-28,NA,NA,NA
"TER-EXO-T04",2023-11-29,NA,NA,NA
"TER-EXO-T04",2023-11-30,NA,NA,NA
"TER-EXO-T04",2023-12-01,NA,NA,NA
"TER-EXO-T04",2023-12-02,NA,NA,NA
"TER-EXO-T04",2023-12-03,NA,NA,NA
"TER-EXO-T04",2023-12-04,NA,NA,NA
"TER-EXO-T04",2023-12-05,NA,NA,NA
"TER-EXO-T04",2023-12-06,NA,NA,NA
"TER-EXO-T04",2023-12-07,NA,NA,NA
"TER-EXO-T04",2023-12-08,NA,NA,NA
"TER-EXO-T04",2023-12-09,NA,NA,NA
"TER-EXO-T04",2023-12-10,NA,NA,NA
"TER-EXO-T04",2023-12-11,NA,NA,NA
"TER-EXO-T04",2023-12-12,NA,NA,NA
"TER-EXO-T04",2023-12-13,NA,NA,NA
"TER-EXO-T04",2023-12-14,NA,NA,NA
"TER-EXO-T04",2023-12-15,NA,NA,NA
"TER-EXO-T04",2023-12-16,NA,NA,NA
"TER-EXO-T04",2023-12-17,NA,NA,NA
"TER-EXO-T04",2023-12-18,NA,NA,NA
"TER-EXO-T04",2023-12-19,NA,NA,NA
"TER-EXO-T04",2023-12-20,NA,NA,NA
"TER-EXO-T04",2023-12-21,NA,NA,NA
"TER-EXO-T04",2023-12-22,NA,NA,NA
"TER-EXO-T04",2023-12-23,NA,NA,NA
"TER-EXO-T04",2023-12-24,NA,NA,NA
"TER-EXO-T04",2023-12-25,NA,NA,NA
"TER-EXO-T04",2023-12-26,NA,NA,NA
"TER-EXO-T04",2023-12-27,NA,NA,NA
"TER-EXO-T04",2023-12-28,NA,NA,NA
"TER-EXO-T04",2023-12-29,NA,NA,NA
"TER-EXO-T04",2023-12-30,NA,NA,NA
"TER-EXO-T04",2023-12-31,NA,NA,NA
"TER-EXO-T04",2024-01-01,NA,NA,NA
"TER-EXO-T04",2024-01-02,NA,NA,NA
"TER-EXO-T04",2024-01-03,NA,NA,NA
"TER-EXO-T04",2024-01-04,NA,NA,NA
"TER-EXO-T04",2024-01-05,NA,NA,NA
"TER-EXO-T04",2024-01-06,NA,NA,NA
"TER-EXO-T04",2024-01-07,NA,NA,NA
"TER-EXO-T04",2024-01-08,NA,NA,NA
"TER-EXO-T04",2024-01-09,NA,NA,NA
"TER-EXO-T04",2024-01-10,NA,NA,NA
"TER-EXO-T04",2024-01-11,NA,NA,NA
"TER-EXO-T04",2024-01-12,NA,NA,NA
"TER-EXO-T04",2024-01-13,NA,NA,NA
"TER-EXO-T04",2024-01-14,NA,NA,NA
"TER-EXO-T04",2024-01-15,NA,NA,NA
"TER-EXO-T04",2024-01-16,NA,NA,NA
"TER-EXO-T04",2024-01-17,NA,NA,NA
"TER-EXO-T04",2024-01-18,NA,NA,NA
"TER-EXO-T04",2024-01-19,NA,NA,NA
"TER-EXO-T04",2024-01-20,NA,NA,NA
"TER-EXO-T04",2024-01-21,NA,NA,NA
"TER-EXO-T04",2024-01-22,NA,NA,NA
"TER-EXO-T04",2024-01-23,NA,NA,NA
"TER-EXO-T04",2024-01-24,NA,NA,NA
"TER-EXO-T04",2024-01-25,NA,NA,NA
"TER-EXO-T04",2024-01-26,NA,NA,NA
"TER-EXO-T04",2024-01-27,NA,NA,NA
"TER-EXO-T04",2024-01-28,NA,NA,NA
"TER-EXO-T04",2024-01-29,NA,NA,NA
"TER-EXO-T04",2024-01-30,NA,NA,NA
"TER-EXO-T04",2024-01-31,NA,NA,NA
"TER-EXO-T04",2024-02-01,NA,NA,NA
"TER-EXO-T04",2024-02-02,NA,NA,NA
"TER-EXO-T04",2024-02-03,NA,NA,NA
"TER-EXO-T04",2024-02-04,NA,NA,NA
"TER-EXO-T04",2024-02-05,NA,NA,NA
"TER-EXO-T04",2024-02-06,NA,NA,NA
"TER-EXO-T04",2024-02-07,NA,NA,NA
"TER-EXO-T04",2024-02-08,NA,NA,NA
"TER-EXO-T04",2024-02-09,NA,NA,NA
"TER-EXO-T04",2024-02-10,NA,NA,NA
"TER-EXO-T04",2024-02-11,NA,NA,NA
"TER-EXO-T04",2024-02-12,NA,NA,NA
"TER-EXO-T04",2024-02-13,NA,NA,NA
"TER-EXO-T04",2024-02-14,NA,NA,NA
"TER-EXO-T04",2024-02-15,NA,NA,NA
"TER-EXO-T04",2024-02-16,NA,NA,NA
"TER-EXO-T04",2024-02-17,NA,NA,NA
"TER-EXO-T04",2024-02-18,NA,NA,NA
"TER-EXO-T04",2024-02-19,NA,NA,NA
"TER-EXO-T04",2024-02-20,NA,NA,NA
"TER-EXO-T04",2024-02-21,NA,NA,NA
"TER-EXO-T04",2024-02-22,NA,NA,NA
"TER-EXO-T04",2024-02-23,NA,NA,NA
"TER-EXO-T04",2024-02-24,NA,NA,NA
"TER-EXO-T04",2024-02-25,NA,NA,NA
"TER-EXO-T04",2024-02-26,NA,NA,NA
"TER-EXO-T04",2024-02-27,NA,NA,NA
"TER-EXO-T04",2024-02-28,NA,NA,NA
"TER-EXO-T04",2024-02-29,NA,NA,NA
"TER-EXO-T04",2024-03-01,NA,NA,NA
"TER-EXO-T04",2024-03-02,NA,NA,NA
"TER-EXO-T04",2024-03-03,NA,NA,NA
"TER-EXO-T04",2024-03-04,NA,NA,NA
"TER-EXO-T04",2024-03-05,NA,NA,NA
"TER-EXO-T04",2024-03-06,NA,NA,NA
"TER-EXO-T04",2024-03-07,NA,NA,NA
"TER-EXO-T04",2024-03-08,NA,NA,NA
"TER-EXO-T04",2024-03-09,NA,NA,NA
"TER-EXO-T04",2024-03-10,NA,NA,NA
"TER-EXO-T04",2024-03-11,NA,NA,NA
"TER-EXO-T04",2024-03-12,NA,NA,NA
"TER-EXO-T04",2024-03-13,NA,NA,NA
"TER-EXO-T04",2024-03-14,NA,NA,NA
"TER-EXO-T04",2024-03-15,NA,NA,NA
"TER-EXO-T04",2024-03-16,NA,NA,NA
"TER-EXO-T04",2024-03-17,NA,NA,NA
"TER-EXO-T04",2024-03-18,NA,NA,NA
"TER-EXO-T04",2024-03-19,NA,NA,NA
"TER-EXO-T04",2024-03-20,NA,NA,NA
"TER-EXO-T04",2024-03-21,0.207287312875198,0.269904899025102,0.294992333512225
"TER-EXO-T04",2024-03-22,0.0138562983524929,0.0195199792162652,0.0228644796380469
"TER-EXO-T04",2024-03-23,0.0457733071318908,0.0787471014704753,0.0890479183783617
"TER-EXO-T04",2024-03-24,0.100158826555685,0.152046420110856,0.218469415882595
"TER-EXO-T04",2024-03-25,0.131313243392716,0.18685784547283,0.190288044812377
"TER-EXO-T04",2024-03-26,0.0759814783145008,0.111260811177053,0.118653600079426
"TER-EXO-T04",2024-03-27,0.0650569321693615,0.117263618336603,0.123117269787919
"TER-EXO-T04",2024-03-28,0.0898667364891997,0.145407338643293,0.155230686118739
"TER-EXO-T04",2024-03-29,0.000788929599411299,0.018079933380112,0.0209519077756526
"TER-EXO-T04",2024-03-30,0.00172810939066043,0.00767607301802451,0.0126731476219145
"TER-EXO-T04",2024-03-31,0.136638277282718,0.25776732524872,0.286773695919121
"TER-EXO-T04",2024-04-01,0.0250246563108105,0.0720133278364507,0.100385314920578
"TER-EXO-T04",2024-04-02,0.0225496439625975,0.0779913181899661,0.0907167428410478
"TER-EXO-T04",2024-04-03,NA,0.044106151057054,0.0507034473801704
"TER-EXO-T04",2024-04-04,NA,0.141983355097548,0.150881847675478
"TER-EXO-T04",2024-04-05,NA,0.0395197478545915,0.0653636865633452
"TER-EXO-T04",2024-04-06,NA,0.182537317346185,0.20703749528934
"TER-EXO-T04",2024-04-07,NA,0,0.00528812098866795
"TER-EXO-T04",2024-04-08,NA,0.0433309192850987,0.0745398909388572
"TER-EXO-T04",2024-04-09,NA,0.0133163646920568,0.0261352206304721
"TER-EXO-T04",2024-04-10,NA,0,0
"TER-EXO-T04",2024-04-11,NA,0,NA
"TER-EXO-T04",2024-04-12,NA,0.0644237754557815,NA
"TER-EXO-T04",2024-04-13,NA,0,NA
"TER-EXO-T04",2024-04-14,NA,0,NA
"TER-EXO-T04",2024-04-15,NA,0,NA
"TER-EXO-T04",2024-04-16,NA,0.085964181807717,NA
"TER-EXO-T04",2024-04-17,NA,0.00644333748248679,NA
"TER-EXO-T04",2024-04-18,NA,0.0373379756181801,NA
"TER-EXO-T04",2024-04-19,NA,0,NA
"TER-EXO-T04",2024-04-20,NA,0.0588627272731868,NA
"TER-EXO-T04",2024-04-21,NA,0.00110071767880713,NA
"TER-EXO-T04",2024-04-22,NA,0.0197383614587025,NA
"TER-EXO-T04",2024-04-23,NA,0.00542819742669798,NA
"TER-EXO-T04",2024-04-24,NA,0.0477060536543605,NA
"TER-EXO-T04",2024-04-25,NA,0.0819612172007593,NA
"TER-EXO-T04",2024-04-26,NA,0.121447942328455,NA
"TER-EXO-T04",2024-04-27,NA,0.261732732344528,NA
"TER-EXO-T04",2024-04-28,NA,0.322968332987037,NA
"TER-EXO-T04",2024-04-29,NA,0.267360598608001,NA
"TER-EXO-T04",2024-04-30,NA,0.251130205268211,NA
"TER-EXO-T04",2024-05-01,NA,0.136015474435449,NA
"TER-EXO-T04",2024-05-02,NA,0,NA
"TER-EXO-T04",2024-05-03,NA,0.00116142248047604,NA
"TER-EXO-T04",2024-05-04,NA,0.0209447215742865,NA
"TER-EXO-T04",2024-05-05,NA,0.233520859708255,NA
"TER-EXO-T04",2024-05-06,NA,0.000378841574482209,NA
"TER-EXO-T04",2024-05-07,NA,0.0323610310239697,NA
"TER-EXO-T04",2024-05-08,NA,0.00277505232049767,NA
"TER-EXO-T04",2024-05-09,NA,0.0833716370769412,NA
"TER-EXO-T04",2024-05-10,NA,0.198434803633752,NA
"TER-EXO-T04",2024-05-11,NA,0.0967438211872069,NA
"TER-EXO-T04",2024-05-12,NA,0.0212946685219538,NA
"TER-EXO-T04",2024-05-13,NA,0.093155692708188,NA
"TER-EXO-T04",2024-05-14,NA,0.285725306325363,0.307989208522094
"TER-EXO-T04",2024-05-15,NA,0.126501158483116,0.148044066711862
"TER-EXO-T04",2024-05-16,NA,0.0128143418550722,0.0121345926103098
"TER-EXO-T04",2024-05-17,0.0641177651066613,0.144166601379226,0.181055013175507
"TER-EXO-T04",2024-05-18,0.222239630157011,0.313572621177261,0.345500497429485
"TER-EXO-T04",2024-05-19,0.219532079457922,0.295008600285492,0.376742405917423
"TER-EXO-T04",2024-05-20,0.0396110641062269,0.0417233545260554,0.0764719406226247
"TER-EXO-T04",2024-05-21,0.034494551573167,0.0795323624647967,0.0905218431661027
"TER-EXO-T04",2024-05-22,NA,0.114159630085482,0.173226782564702
"TER-EXO-T04",2024-05-23,NA,0,0
"TER-EXO-T04",2024-05-24,NA,0.0393019101320247,0.03825764866498
"TER-EXO-T04",2024-05-25,NA,0.242467376573579,0.28804639170667
"TER-EXO-T04",2024-05-26,NA,0.272726577427479,0.314014772273235
"TER-EXO-T04",2024-05-27,NA,0.194824467747608,0.212528691014794
"TER-EXO-T04",2024-05-28,NA,0.124156855147854,0.162404340827356
"TER-EXO-T04",2024-05-29,NA,0,0
"TER-EXO-T04",2024-05-30,NA,0.0737674028028355,0.05632407273944
"TER-EXO-T04",2024-05-31,NA,0.0875530053185809,0.110765371345739
"TER-EXO-T04",2024-06-01,NA,0.244487092735337,0.30320140147652
"TER-EXO-T04",2024-06-02,NA,0.178503472404528,0.2089866077363
"TER-EXO-T04",2024-06-03,NA,0.0141196170313996,0.0562645867804952
"TER-EXO-T04",2024-06-04,NA,NA,0.130565331481311
"TER-EXO-T04",2024-06-05,0.0491904588000933,0.0430610113835119,0.0660972496005156
"TER-EXO-T04",2024-06-06,0.139878496597327,0.13114052794884,0.152292573506161
"TER-EXO-T04",2024-06-07,0.102936581989204,0.0896833547502934,0.134177639108126
"TER-EXO-T04",2024-06-08,0.121818218020075,0.138710334450927,0.188428080460258
"TER-EXO-T04",2024-06-09,0.124390954767416,0.148987166659525,0.203029632456998
"TER-EXO-T04",2024-06-10,0.0847997520106759,0.105890267288191,0.148283164839145
"TER-EXO-T04",2024-06-11,0.168866254587653,0.186527885495875,0.243352556274927
"TER-EXO-T04",2024-06-12,0.136430119589677,0.148739881584752,0.188062263662685
"TER-EXO-T04",2024-06-13,0,0,0
"TER-EXO-T04",2024-06-14,0.0736232408674633,0.0975129865504775,0.143388851211194
"TER-EXO-T04",2024-06-15,0.121450225409698,0.166042266437133,0.228699264776278
"TER-EXO-T04",2024-06-16,0.0012112179945349,0.00248732869031108,0.0205861016503685
"TER-EXO-T04",2024-06-17,0.0923790198980238,0.123249654009637,0.160075593456541
"TER-EXO-T04",2024-06-18,0.234289081338761,0.252186829421289,0.285844857514986
"TER-EXO-T04",2024-06-19,0.260698588836001,0.29269222088984,0.320794640265754
"TER-EXO-T04",2024-06-20,0.349694003909728,0.391515889162873,0.430783969459308
"TER-EXO-T04",2024-06-21,0.365802854878239,0.406485803624276,0.447580106987735
"TER-EXO-T04",2024-06-22,0.223874806698153,0.213424297248986,0.263042369415329
"TER-EXO-T04",2024-06-23,0.142590190593786,0.124886899644937,0.169658792290333
"TER-EXO-T04",2024-06-24,0,0,0
"TER-EXO-T04",2024-06-25,0.128793887700143,0.177833019393282,0.191333221417655
"TER-EXO-T04",2024-06-26,0.166120912683177,0.201081035420699,0.260886773928261
"TER-EXO-T04",2024-06-27,0.0246224767287059,0.0272588848141022,0.0746386702714889
"TER-EXO-T04",2024-06-28,0.175425039927624,0.18285445033864,0.242971437496266
"TER-EXO-T04",2024-06-29,0.0687152898626291,0.0893247686447665,0.129255853555467
"TER-EXO-T04",2024-06-30,0.0439020010368182,0.0502489442488965,0.115626769312324
"TER-EXO-T04",2024-07-01,0.178329286371906,0.186309603508136,0.240633713952508
"TER-EXO-T04",2024-07-02,0.159811520960053,0.156012594805516,0.214055003372954
"TER-EXO-T04",2024-07-03,0.191967886499537,0.204139793406784,0.238523122125472
"TER-EXO-T04",2024-07-04,0.239686401011784,0.252190164036685,0.280118276464634
"TER-EXO-T04",2024-07-05,0.168721722353029,0.17809421308578,0.231450268730197
"TER-EXO-T04",2024-07-06,0.0316988388198338,0.0232947295820467,0.0701217755763002
"TER-EXO-T04",2024-07-07,0,0,0.00304713888118687
"TER-EXO-T04",2024-07-08,0,0,0
"TER-EXO-T04",2024-07-09,0,0,0
"TER-EXO-T04",2024-07-10,0.045467060930487,0.0762255687058729,0.13030550258162
"TER-EXO-T04",2024-07-11,0.0849725572512285,0.140478546518047,0.209016377510103
"TER-EXO-T04",2024-07-12,0.063735452782811,0.079113633326026,0.113116079611859
"TER-EXO-T04",2024-07-13,0.056204417082013,0.0870090813494874,0.124783912100281
"TER-EXO-T04",2024-07-14,0.178852414836495,0.293595783194653,0.354212277754198
"TER-EXO-T04",2024-07-15,0.0663361701381816,0.0857296381884823,0.141909044725956
"TER-EXO-T04",2024-07-16,0.0270161972613606,0.0407426763955192,0.0827196358057501
"TER-EXO-T04",2024-07-17,0,0,0
"TER-EXO-T04",2024-07-18,NA,NA,NA
"TER-EXO-T04",2024-07-19,0.0941774186583206,0.178318868884913,0.263119028357379
"TER-EXO-T04",2024-07-20,0.0391827921141498,0.0755728096830259,0.140537351197617
"TER-EXO-T04",2024-07-21,0.125298020363224,0.205041523613561,0.259327413973552
"TER-EXO-T04",2024-07-22,0.249233756651052,0.319143605296272,0.365256651697747
"TER-EXO-T04",2024-07-23,0.121587806052712,0.163524923521706,0.231701500564044
"TER-EXO-T04",2024-07-24,0.19772152466463,0.2790484190849,0.344865710592307
"TER-EXO-T04",2024-07-25,0.221318291952565,0.31143062178625,0.380405876363788
"TER-EXO-T04",2024-07-26,0.0633569992679928,0.0698101627740972,0.15211079460656
"TER-EXO-T04",2024-07-27,0.131840876358119,0.155198873986189,0.203340768687949
"TER-EXO-T04",2024-07-28,0.0991313237247433,0.141184634110275,0.217623834783389
"TER-EXO-T04",2024-07-29,0.00110377271513515,0.0784645152743366,0.162111029996018
"TER-EXO-T04",2024-07-30,0,0.00857104419706722,0.110608260417682
"TER-EXO-T04",2024-07-31,0.037550472341306,0.0907866801894831,0.15635349787729
"TER-EXO-T04",2024-08-01,0.0439613483482468,0.10208611284234,0.19616366742319
"TER-EXO-T04",2024-08-02,0.123137630253282,0.191266678167699,0.294954199978334
"TER-EXO-T04",2024-08-03,0.155708015446118,0.23386251183581,0.324663640934865
"TER-EXO-T04",2024-08-04,0.170467223316358,0.234749069429876,0.329892986360509
"TER-EXO-T04",2024-08-05,0.103593284182822,0.149925499442148,0.246273127776695
"TER-EXO-T04",2024-08-06,0.0922591794599492,0.111347009566921,0.189017001913811
"TER-EXO-T04",2024-08-07,0.201886929074565,0.242935345462479,0.301041209168808
"TER-EXO-T04",2024-08-08,0.141934427475051,0.185161067111377,0.261996984434712
"TER-EXO-T04",2024-08-09,0.193499930132024,0.244861202335135,0.330841014480907
"TER-EXO-T04",2024-08-10,0.133317421964888,0.164409407065332,0.245763946491158
"TER-EXO-T04",2024-08-11,0.165946098484974,0.21722828159474,0.288369999459452
"TER-EXO-T04",2024-08-12,0.186308490931511,0.271283430369535,0.336907435007969
"TER-EXO-T04",2024-08-13,0.013309477218831,0.0222030978908749,0.109189018077777
"TER-EXO-T04",2024-08-14,0.120429441016347,0.163551703946033,0.244911689601341
"TER-EXO-T04",2024-08-15,0.174341465314158,0.200638289098231,0.303794135357231
"TER-EXO-T04",2024-08-16,0.185620225498457,0.213180830909385,0.29304015578011
"TER-EXO-T04",2024-08-17,0.155631073317221,0.193604995358799,0.275710874625084
"TER-EXO-T04",2024-08-18,0.182805155338264,0.245136072483793,0.326474733647918
"TER-EXO-T04",2024-08-19,0.131534312918759,0.157876063887685,0.257326680180251
"TER-EXO-T04",2024-08-20,0,0.0101168566941676,0.111864306216914
"TER-EXO-T04",2024-08-21,0.0766528876418508,0.179920216220752,0.284864610179125
"TER-EXO-T04",2024-08-22,0.13123799775669,0.218753223015461,0.303624239321086
"TER-EXO-T04",2024-08-23,0,0.0101511737849823,0.088460531437238
"TER-EXO-T04",2024-08-24,0.139464605648383,0.218936026512812,0.237777435658564
"TER-EXO-T04",2024-08-25,0.209944984159902,0.316764598229082,0.377534688149255
"TER-EXO-T04",2024-08-26,0.0782078500402406,0.106354634736229,0.197804468484911
"TER-EXO-T04",2024-08-27,0.149561979085371,0.229584835860338,0.291823708134165
"TER-EXO-T04",2024-08-28,0.168198938358784,0.24903824933727,0.290336758602822
"TER-EXO-T04",2024-08-29,0.201830421398135,0.271563041706957,0.315735108024948
"TER-EXO-T04",2024-08-30,0.219840203689777,0.257181602264089,0.306898393398927
"TER-EXO-T04",2024-08-31,0.0631270338672445,0.0792934328662549,0.171178990741729
"TER-EXO-T04",2024-09-01,0.129417090800164,0.182631730980752,0.242839921743508
"TER-EXO-T04",2024-09-02,0.293067847475393,0.344647385900847,0.373532068318314
"TER-EXO-T04",2024-09-03,0.41160925410875,0.452514778423148,0.457553288921327
"TER-EXO-T04",2024-09-04,0.41060483587422,0.435935596149221,0.446509461134245
"TER-EXO-T04",2024-09-05,0.393019155521123,0.421923223809305,0.42514217429965
"TER-EXO-T04",2024-09-06,0.483280260486927,0.498402682895961,0.49942288144415
"TER-EXO-T04",2024-09-07,0.209972954948113,0.216606328682976,0.246919199193013
"TER-EXO-T04",2024-09-08,0.0867751943163887,0.121534278634576,0.173690454791988
"TER-EXO-T04",2024-09-09,0.060973080012759,0.102559631278954,0.116075340013371
"TER-EXO-T04",2024-09-10,0.033572364469704,0.073632690047412,0.121046214412803
"TER-EXO-T04",2024-09-11,0.167106769659846,0.236283110923643,0.30088027511132
"TER-EXO-T04",2024-09-12,0.254011724355917,0.349851439591789,0.411476146704181
"TER-EXO-T04",2024-09-13,0.320484280467514,0.404206404558624,0.432540675654323
"TER-EXO-T04",2024-09-14,0.125737375137301,0.175205882847126,0.250233846255114
"TER-EXO-T04",2024-09-15,0.289842567897924,0.359711317132212,0.40456352431541
"TER-EXO-T04",2024-09-16,0.135179460548811,0.176563054680633,0.235618571854886
"TER-EXO-T04",2024-09-17,0.0106564102538739,0.069341794526686,0.138315722905987
"TER-EXO-T04",2024-09-18,0.196781408699509,0.291144908935769,0.318266683528538
"TER-EXO-T04",2024-09-19,0.202492960984372,0.268084103960695,0.304752017591054
"TER-EXO-T04",2024-09-20,0.000378841574482209,0.055365603576913,0.132019839325448
"TER-EXO-T04",2024-09-21,0.135933110374371,0.238639240172785,0.301793828410558
"TER-EXO-T04",2024-09-22,0.0455225176284511,0.0761851910276611,0.167580386504164
"TER-EXO-T04",2024-09-23,0.0440549332823458,0.142292065675506,0.231678354426225
"TER-EXO-T04",2024-09-24,0.00497683840111091,0.0209528430311432,0.144614631094319
"TER-EXO-T04",2024-09-25,0,0,0.00703216169533437
"TER-EXO-T04",2024-09-26,0.0229915030156316,0.141005523658344,0.209174350040182
"TER-EXO-T04",2024-09-27,0.0705283728512249,0.161901403223885,0.249667840606507
"TER-EXO-T04",2024-09-28,0,0.00150764424730335,0.0824381598445479
"TER-EXO-T04",2024-09-29,0,0,0.00597105263463006
"TER-EXO-T04",2024-09-30,0,0,0.0236562109763355
"TER-EXO-T04",2024-10-01,0,0,0.0167656368856411
"TER-EXO-T04",2024-10-02,0,0.000550990247077152,0.0441544212892993
"TER-EXO-T04",2024-10-03,0,0.00160322430327083,0.0623678344906437
"TER-EXO-T04",2024-10-04,0,0,0.00147913327631782
"TER-EXO-T04",2024-10-05,0.00174767475365373,0.0402481430114198,0.0612101950632394
"TER-EXO-T04",2024-10-06,0.09074360158292,0.279105019094713,0.28676473107857
"TER-EXO-T04",2024-10-07,0.0678760415202947,0.14388843575013,0.212540810685985
"TER-EXO-T04",2024-10-08,0.0470036116695539,0.118860790044078,0.196495668474935
"TER-EXO-T04",2024-10-09,0.0799655036411571,0.139140996327926,0.232731526084019
"TER-EXO-T04",2024-10-10,0.000733811785871419,0.0113137087966127,0.0989116977453785
"TER-EXO-T04",2024-10-11,0.195524548209093,0.304133251194994,0.335282895509144
"TER-EXO-T04",2024-10-12,0.165663207157805,0.222071600435493,0.288747307497439
"TER-EXO-T04",2024-10-13,0,0,0.0476833124409406
"TER-EXO-T04",2024-10-14,0,0,0.0318601782899928
"TER-EXO-T04",2024-10-15,0.0892629181407663,0.176681426278181,0.244695531111252
"TER-EXO-T04",2024-10-16,0.189863432240019,0.270293192172457,0.32072616951985
"TER-EXO-T04",2024-10-17,0.11140432926513,0.183005056766904,0.256888071952976
"TER-EXO-T04",2024-10-18,0.0863712581374035,0.12275050909784,0.200684479734707
"TER-EXO-T04",2024-10-19,0.00633975128748472,0.0153890900618745,0.076593462349557
"TER-EXO-T04",2024-10-20,0.0480981912148183,0.136891119509305,0.180863246278063
"TER-EXO-T04",2024-10-21,0.113121431416229,0.212133919162582,0.235612688949219
"TER-EXO-T04",2024-10-22,0.163047999714408,0.226283425155826,0.270173207238648
"TER-EXO-T04",2024-10-23,0,0.0019983364607553,0.0507157995669212
"TER-EXO-T04",2024-10-24,0.147375267349454,0.2705899708647,0.306319157783244
"TER-EXO-T04",2024-10-25,0.214928093610833,0.296731195508925,0.308245710997745
"TER-EXO-T04",2024-10-26,0.142731252526146,0.236674489136126,0.269436459342938
"TER-EXO-T04",2024-10-27,0.117008729209804,0.212404465609822,0.258901333904428
"TER-EXO-T04",2024-10-28,0.211002809810117,0.295651401496313,0.317689418354235
"TER-EXO-T04",2024-10-29,0.0531460191761252,0.0853997489874705,0.155197306071607
"TER-EXO-T04",2024-10-30,0.0535782106054321,0.0833295625160707,0.176678932041945
"TER-EXO-T04",2024-10-31,0.0888385941411974,0.119448742863383,0.197802379880132
"TER-EXO-T04",2024-11-01,0.00301042530678262,0.00355021294972055,0.0494699155327466
"TER-EXO-T04",2024-11-02,0.0152454322118995,0.0636131742367605,0.0671210087620278
"TER-EXO-T04",2024-11-03,0.00492494046826866,0.014564888910489,0.0301299934055901
"TER-EXO-T04",2024-11-04,0.00702072259794314,0.055167194110075,0.0774520088672806
"TER-EXO-T04",2024-11-05,0.0204422852872364,0.0443188311989586,0.0718228541652765
"TER-EXO-T04",2024-11-06,0.0480748948637096,0.171623325487524,0.200032507300332
"TER-EXO-T04",2024-11-07,0.070222536274376,0.143903593960816,0.178262469074133
"TER-EXO-T04",2024-11-08,0.00660430607284278,0.0113294401898267,0.0375733934028434
"TER-EXO-T04",2024-11-09,0.0242762750520491,0.0612275349935211,0.019279416704038
"TER-EXO-T04",2024-11-10,0.0763899660807261,0.146648614208978,0.13134568605464
"TER-EXO-T04",2024-11-11,0.125829391421685,0.187190080970725,0.23292686337873
"TER-EXO-T04",2024-11-12,0.0226152321995652,0.0725008219166967,0.102458923886562
"TER-EXO-T04",2024-11-13,0.0294955397374176,0.129981189406589,0.162083573604133
"TER-EXO-T04",2024-11-14,0.0473435271676645,0.103652471918611,0.128807022703084
"TER-EXO-T04",2024-11-15,0.066837526182645,0.11677964882647,0.144971027903451
"TER-EXO-T04",2024-11-16,0.0946589380326377,0.146875047041733,0.185219953818148
"TER-EXO-T04",2024-11-17,0.0429027673522774,0.0785321684308517,0.112065817531976
"TER-EXO-T04",2024-11-18,0.00952545961002047,0.0299637432085728,0.0506783634916352
"TER-EXO-T04",2024-11-19,0.0400594805663159,0.14004679135771,0.158059282305969
"TER-EXO-T04",2024-11-20,0.0985677892294252,0.180564565124693,0.216572118028374
"TER-EXO-T04",2024-11-21,0.103104193541264,0.158827801191428,0.200903170386663
"TER-EXO-T04",2024-11-22,0.0200625193419064,0.0389427940355264,0.0622553410645503
"TER-EXO-T04",2024-11-23,0,0.0263540567651981,0.01848962129976
"TER-EXO-T04",2024-11-24,0.0174654169296629,0.241383837177213,0.178103525746274
"TER-EXO-T04",2024-11-25,0.0685084416977184,0.129514115881642,0.125258990469622
"TER-EXO-T04",2024-11-26,0.0128583163760414,0.0500286640579193,0.0332971135811799
"TER-EXO-T04",2024-11-27,0.0269190090886472,0.0889250257067306,0.039267869923605
"TER-EXO-T04",2024-11-28,0.108247651458271,0.146848769470237,0.100964106823328
"TER-EXO-T04",2024-11-29,0.0995366875277566,0.131334288135309,0.146228717054721
"TER-EXO-T04",2024-11-30,0.115540440908136,0.147880865252,0.185937366491319
"TER-EXO-T04",2024-12-01,0.0298848362522399,0.0660421311482209,0.0864277391720689
"TER-EXO-T04",2024-12-02,0.00213213330652677,0.0508242479172547,0.0665745640888619
"TER-EXO-T04",2024-12-03,0.0473447615041237,0.103355799277701,0.123183154867462
"TER-EXO-T04",2024-12-04,0.149754673967621,0.157276129342873,0.18171795679587
"TER-EXO-T04",2024-12-05,0.127930847872719,0.124850001816483,0.143812625935386
"TER-EXO-T04",2024-12-06,0.0697104902767199,0.0818633154385922,0.0907494809250179
"TER-EXO-T04",2024-12-07,0.0965281793785977,0.155468045283452,0.186150664381341
"TER-EXO-T04",2024-12-08,0.104308304675818,0.124851657677217,0.155295553523232
"TER-EXO-T04",2024-12-09,0.184137282914466,0.195219480495653,0.232886043656025
"TER-EXO-T04",2024-12-10,0.208809621262867,0.208405982782349,0.230412967147133
"TER-EXO-T04",2024-12-11,0.0528533437057076,0.0632582410514691,0.0709985287723609
"TER-EXO-T04",2024-12-12,0.0657743477189311,0.087689200881258,0.101565707439266
"TER-EXO-T04",2024-12-13,0.0210796204534323,0.0631799226840083,0.0469606915278586
"TER-EXO-T04",2024-12-14,0.147586811266616,0.164707302226118,0.160496249230184
"TER-EXO-T04",2024-12-15,0.038931944044689,0.0562088221182504,0.0579888448874665
"TER-EXO-T04",2024-12-16,0.000344020918223132,0.0236220527564386,0.0387163858110812
"TER-EXO-T04",2024-12-17,0.122173402833498,0.197259617555613,0.214262406876306
"TER-EXO-T04",2024-12-18,0.0264541181045295,0.0655770649774123,0.0763762961032911
"TER-EXO-T04",2024-12-19,0.00076749704715049,0.0555512482310444,0.0488655418064098
"TER-EXO-T04",2024-12-20,0.120197055918824,0.161876258952974,0.187588835859319
"TER-EXO-T04",2024-12-21,0.158662751634287,0.194656861258703,0.225903243643842
"TER-EXO-T04",2024-12-22,0.123926211823143,0.145145633458216,0.177687845132886
"TER-EXO-T04",2024-12-23,0.108115949947715,0.13204856170023,0.166753457291874
"TER-EXO-T04",2024-12-24,0.127974113396656,0.156457293945993,0.190373941811239
"TER-EXO-T04",2024-12-25,0.114927708660255,0.141747504075392,0.16937571609572
"TER-EXO-T04",2024-12-26,0.11691692599716,0.144038300771216,0.179036553851977
"TER-EXO-T04",2024-12-27,0.144740118680018,0.170119886896527,0.209786514435419
"TER-EXO-T04",2024-12-28,0.1740381325597,0.221640014535615,0.27624730907502
"TER-EXO-T04",2024-12-29,0.16546755136311,0.198320560164062,0.253805257037958
"TER-EXO-T04",2024-12-30,0.197118883741595,0.211707858000813,0.253802477727311
"TER-EXO-T04",2024-12-31,0.113937437855518,0.127611927575474,0.14223391539652
"TER-EXO-T04",2025-01-01,0.0169193018144001,0.0364447965573915,0.0401145103109517
"TER-EXO-T04",2025-01-02,0.02669551332375,0.0472825765505827,0.0293648195639802
"TER-EXO-T04",2025-01-03,0.00229759963629656,0.0131832608708054,0.0100045801633025
"TER-EXO-T04",2025-01-04,0.00686496636508083,0.0144354903012491,0.022653220586181
"TER-EXO-T04",2025-01-05,0.0665408930524577,0.117032533933189,0.114601490694839
"TER-EXO-T04",2025-01-06,0.00434681429754286,0.0172753530497343,0.0162839196076537
"TER-EXO-T04",2025-01-07,0.0315321463373769,0.0963281642685304,0.110757824790989
"TER-EXO-T04",2025-01-08,0.038122036705037,0.0858972085624876,0.101673529233572
"TER-EXO-T04",2025-01-09,0.000391116669183863,0.0129927946049567,0.00417953241400593
"TER-EXO-T04",2025-01-10,0.00470842320180169,0.00783376504140269,0.00771001894054862
"TER-EXO-T04",2025-01-11,0.0242103931353768,0.034012191932573,0.0377648006327555
"TER-EXO-T04",2025-01-12,0.0455121110148136,0.077859820472167,0.080771240718767
"TER-EXO-T04",2025-01-13,0.0656164667612659,0.103428020716096,0.110628758297471
"TER-EXO-T04",2025-01-14,0.0371261217304639,0.0582845590390568,0.0588378875957421
"TER-EXO-T04",2025-01-15,0.047358917557508,0.0694846692170023,0.0708358011624243
"TER-EXO-T04",2025-01-16,0.00374067301863609,0.0101929154663801,0.00595404405779683
"TER-EXO-T04",2025-01-17,0,0.000322399547932908,0.000322399547932908
"TER-EXO-T04",2025-01-18,0.00249827917839144,0.0855457854688489,0.126341997146632
"TER-EXO-T04",2025-01-19,0.00431662602207571,0.0747488654308782,0.0990452734930277
"TER-EXO-T04",2025-01-20,0,0.0186888600781681,0.0227979656349192
"TER-EXO-T04",2025-01-21,0.0191824866166735,0.0510536069141606,0.0880847699941631
"TER-EXO-T04",2025-01-22,0.0235546934438396,0.144830507663076,0.182583791895047
"TER-EXO-T04",2025-01-23,0.033111740867886,0.0635772976452372,0.0769049785116346
"TER-EXO-T04",2025-01-24,0.0152395506156385,0.0450912002279451,0.0649553154802555
"TER-EXO-T04",2025-01-25,0.0282228960135165,0.0881914900893619,0.120225661527453
"TER-EXO-T04",2025-01-26,0.0398413118876542,0.110812346271045,0.131244953683265
"TER-EXO-T04",2025-01-27,0.109293923768087,0.218161055025992,0.252894348406874
"TER-EXO-T04",2025-01-28,0.0568137162259729,0.12087930385149,0.134094283235755
"TER-EXO-T04",2025-01-29,0.0205134767379726,0.0867888016851558,0.0919065817930033
"TER-EXO-T04",2025-01-30,0.0533549159410457,0.13402597249738,0.156138374058554
"TER-EXO-T04",2025-01-31,0.0224778087570159,0.0434331446511984,0.0371539216137875
"TER-EXO-T04",2025-02-01,0.0224227646133902,0.020747819053081,0.0640923386369856
"TER-EXO-T04",2025-02-02,0.0610507801542286,0.101994648578367,0.121473451597359
"TER-EXO-T04",2025-02-03,0.0719189941103877,0.00804090863807843,0.00159544977832675
"TER-EXO-T04",2025-02-04,0.0567331284216267,0.0309597231898404,NA
"TER-EXO-T04",2025-02-05,0.0761504837092407,0.00427619444562219,NA
"TER-EXO-T04",2025-02-06,0.0743283498155021,0.00483885426636158,NA
"TER-EXO-T04",2025-02-07,0.0710426073933692,0.000597586227068992,NA
"TER-EXO-T04",2025-02-08,0.0547427802866749,0.000546974740143289,NA
"TER-EXO-T04",2025-02-09,0.0557349920028628,0,NA
"TER-EXO-T04",2025-02-10,0.0563693507506025,0,NA
"TER-EXO-T04",2025-02-11,0.064291212083433,0.0010320627546694,NA
"TER-EXO-T04",2025-02-12,NA,NA,NA
"TER-EXO-T04",2025-02-13,NA,NA,NA
"TER-EXO-T04",2025-02-14,NA,NA,NA
"TER-EXO-T04",2025-02-15,NA,NA,NA
"TER-EXO-T04",2025-02-16,NA,NA,NA
"TER-EXO-T04",2025-02-17,NA,NA,NA
"TER-EXO-T04",2025-02-18,NA,NA,NA
"TER-EXO-T04",2025-02-19,NA,NA,NA
"TER-EXO-T04",2025-02-20,NA,NA,NA
"TER-EXO-T04",2025-02-21,NA,NA,NA
"TER-EXO-T04",2025-02-22,NA,NA,NA
"TER-EXO-T04",2025-02-23,NA,NA,NA
"TER-EXO-T04",2025-02-24,NA,NA,NA
"TER-EXO-T04",2025-02-25,NA,NA,NA
"TER-EXO-T04",2025-02-26,NA,NA,NA
"TER-EXO-T04",2025-02-27,NA,NA,NA
"TER-EXO-T04",2025-02-28,NA,NA,NA
"TER-EXO-T04",2025-03-01,NA,NA,NA
"TER-EXO-T04",2025-03-02,NA,NA,NA
"TER-EXO-T04",2025-03-03,NA,NA,NA
"TER-EXO-T04",2025-03-04,NA,NA,NA
"TER-EXO-T04",2025-03-05,NA,NA,NA
"TER-EXO-T04",2025-03-06,NA,NA,NA
"TER-EXO-T04",2025-03-07,NA,NA,NA
"TER-EXO-T04",2025-03-08,NA,NA,NA
"TER-EXO-T04",2025-03-09,NA,NA,NA
"TER-EXO-T04",2025-03-10,NA,NA,NA
"TER-EXO-T04",2025-03-11,NA,NA,NA
"TER-EXO-T04",2025-03-12,NA,NA,NA
"TER-EXO-T04",2025-03-13,NA,NA,NA
"TER-EXO-T04",2025-03-14,NA,NA,NA
"TER-EXO-T04",2025-03-15,NA,NA,NA
"TER-EXO-T04",2025-03-16,NA,NA,NA
"TER-EXO-T04",2025-03-17,NA,NA,NA
"TER-EXO-T04",2025-03-18,NA,NA,NA
"TER-EXO-T04",2025-03-19,NA,NA,NA
"TER-EXO-T04",2025-03-20,NA,NA,NA
"TER-EXO-T04",2025-03-21,NA,NA,NA
"TER-EXO-T04",2025-03-22,NA,NA,NA
"TER-EXO-T04",2025-03-23,NA,NA,NA
"TER-EXO-T04",2025-03-24,NA,NA,NA
"TER-EXO-T04",2025-03-25,NA,NA,NA
"TER-EXO-T04",2025-03-26,NA,NA,NA
"TER-EXO-T04",2025-03-27,NA,NA,NA
"TER-EXO-T04",2025-03-28,NA,NA,NA
"TER-EXO-T04",2025-03-29,NA,NA,NA
"TER-EXO-T04",2025-03-30,NA,NA,NA
"TER-EXO-T04",2025-03-31,NA,NA,NA
"TER-EXO-T04",2025-04-01,NA,NA,NA
"TER-EXO-T04",2025-04-02,NA,NA,NA
"TER-EXO-T04",2025-04-03,NA,NA,NA
"TER-EXO-T04",2025-04-04,NA,NA,NA
"TER-EXO-T04",2025-04-05,NA,NA,NA
"TER-EXO-T04",2025-04-06,NA,NA,NA
"TER-EXO-T04",2025-04-07,NA,NA,NA
"TER-EXO-T04",2025-04-08,NA,NA,NA
"TER-EXO-T04",2025-04-09,NA,NA,NA
"TER-EXO-T04",2025-04-10,NA,NA,NA
"TER-EXO-T04",2025-04-11,NA,NA,NA
"TER-EXO-T04",2025-04-12,NA,NA,NA
"TER-EXO-T04",2025-04-13,NA,NA,NA
"TER-EXO-T04",2025-04-14,NA,NA,NA
"TER-EXO-T04",2025-04-15,NA,NA,NA
"TER-EXO-T04",2025-04-16,NA,NA,NA
"TER-EXO-T04",2025-04-17,NA,NA,NA
"TER-EXO-T04",2025-04-18,NA,NA,NA
"TER-EXO-T04",2025-04-19,NA,NA,NA
"TER-EXO-T04",2025-04-20,NA,NA,NA
"TER-EXO-T04",2025-04-21,NA,NA,NA
"TER-EXO-T04",2025-04-22,NA,NA,NA
"TER-EXO-T04",2025-04-23,NA,NA,NA
"TER-EXO-T04",2025-04-24,NA,NA,NA
"TER-EXO-T04",2025-04-25,NA,NA,NA
"TER-EXO-T04",2025-04-26,NA,NA,NA
"TER-EXO-T04",2025-04-27,NA,NA,NA
"TER-EXO-T04",2025-04-28,NA,NA,NA
"TER-EXO-T04",2025-04-29,NA,NA,NA
"TER-EXO-T04",2025-04-30,NA,NA,NA
"TER-EXO-T04",2025-05-01,NA,NA,NA
"TER-EXO-T04",2025-05-02,NA,NA,NA
"TER-EXO-T04",2025-05-03,NA,NA,NA
"TER-EXO-T04",2025-05-04,NA,NA,NA
"TER-EXO-T04",2025-05-05,NA,NA,NA
"TER-EXO-T04",2025-05-06,NA,NA,NA
"TER-EXO-T04",2025-05-07,NA,NA,NA
"TER-EXO-T04",2025-05-08,NA,NA,NA
"TER-EXO-T04",2025-05-09,NA,NA,NA
"TER-EXO-T04",2025-05-10,NA,NA,NA
"TER-EXO-T04",2025-05-11,NA,NA,NA
"TER-EXO-T04",2025-05-12,NA,NA,NA
"TER-EXO-T04",2025-05-13,NA,NA,NA
"TER-EXO-T04",2025-05-14,NA,NA,NA
"TER-EXO-T04",2025-05-15,NA,NA,NA
"TER-EXO-T04",2025-05-16,NA,NA,NA
"TER-EXO-T04",2025-05-17,NA,NA,NA
"TER-EXO-T04",2025-05-18,NA,NA,NA
"TER-EXO-T04",2025-05-19,NA,NA,NA
"TER-EXO-T04",2025-05-20,NA,NA,NA
"TER-EXO-T04",2025-05-21,NA,NA,NA
"TER-EXO-T04",2025-05-22,NA,NA,NA
"TER-EXO-T04",2025-05-23,NA,NA,NA
"TER-EXO-T04",2025-05-24,NA,NA,NA
"TER-EXO-T04",2025-05-25,NA,NA,NA
"TER-EXO-T04",2025-05-26,NA,NA,NA
"TER-EXO-T04",2025-05-27,NA,NA,NA
"TER-EXO-T04",2025-05-28,NA,NA,NA
"TER-EXO-T04",2025-05-29,NA,NA,NA
"TER-EXO-T04",2025-05-30,NA,NA,NA
"TER-EXO-T04",2025-05-31,NA,NA,NA
"TER-EXO-T04",2025-06-01,NA,NA,NA
"TER-EXO-T04",2025-06-02,NA,NA,NA
"TER-EXO-T04",2025-06-03,NA,NA,NA
"TER-EXO-T04",2025-06-04,NA,NA,NA
"TER-EXO-T04",2025-06-05,NA,NA,NA
"TER-EXO-T04",2025-06-06,NA,NA,NA
"TER-EXO-T04",2025-06-07,NA,NA,NA
"TER-EXO-T04",2025-06-08,NA,NA,NA
"TER-EXO-T04",2025-06-09,NA,NA,NA
"TER-EXO-T04",2025-06-10,NA,NA,NA
"TER-EXO-T04",2025-06-11,NA,NA,NA
"TER-EXO-T04",2025-06-12,NA,NA,NA
"TER-EXO-T09",2023-08-09,NA,NA,NA
"TER-EXO-T09",2023-08-10,NA,NA,NA
"TER-EXO-T09",2023-08-11,NA,NA,NA
"TER-EXO-T09",2023-08-12,NA,NA,NA
"TER-EXO-T09",2023-08-13,NA,NA,NA
"TER-EXO-T09",2023-08-14,NA,NA,NA
"TER-EXO-T09",2023-08-15,NA,NA,NA
"TER-EXO-T09",2023-08-16,NA,NA,NA
"TER-EXO-T09",2023-08-17,NA,NA,NA
"TER-EXO-T09",2023-08-18,NA,NA,NA
"TER-EXO-T09",2023-08-19,NA,NA,NA
"TER-EXO-T09",2023-08-20,NA,NA,NA
"TER-EXO-T09",2023-08-21,NA,NA,NA
"TER-EXO-T09",2023-08-22,NA,NA,NA
"TER-EXO-T09",2023-08-23,NA,NA,NA
"TER-EXO-T09",2023-08-24,NA,NA,NA
"TER-EXO-T09",2023-08-25,NA,NA,NA
"TER-EXO-T09",2023-08-26,NA,NA,NA
"TER-EXO-T09",2023-08-27,NA,NA,NA
"TER-EXO-T09",2023-08-28,NA,NA,NA
"TER-EXO-T09",2023-08-29,NA,NA,NA
"TER-EXO-T09",2023-08-30,NA,NA,NA
"TER-EXO-T09",2023-08-31,NA,NA,NA
"TER-EXO-T09",2023-09-01,NA,NA,NA
"TER-EXO-T09",2023-09-02,NA,NA,NA
"TER-EXO-T09",2023-09-03,NA,NA,NA
"TER-EXO-T09",2023-09-04,NA,NA,NA
"TER-EXO-T09",2023-09-05,NA,NA,NA
"TER-EXO-T09",2023-09-06,NA,NA,NA
"TER-EXO-T09",2023-09-07,NA,NA,NA
"TER-EXO-T09",2023-09-08,NA,NA,NA
"TER-EXO-T09",2023-09-09,NA,NA,NA
"TER-EXO-T09",2023-09-10,NA,NA,NA
"TER-EXO-T09",2023-09-11,NA,NA,NA
"TER-EXO-T09",2023-09-12,NA,NA,NA
"TER-EXO-T09",2023-09-13,NA,NA,NA
"TER-EXO-T09",2023-09-14,NA,NA,NA
"TER-EXO-T09",2023-09-15,NA,NA,NA
"TER-EXO-T09",2023-09-16,NA,NA,NA
"TER-EXO-T09",2023-09-17,NA,NA,NA
"TER-EXO-T09",2023-09-18,NA,NA,NA
"TER-EXO-T09",2023-09-19,NA,NA,NA
"TER-EXO-T09",2023-09-20,NA,NA,NA
"TER-EXO-T09",2023-09-21,NA,NA,NA
"TER-EXO-T09",2023-09-22,NA,NA,NA
"TER-EXO-T09",2023-09-23,NA,NA,NA
"TER-EXO-T09",2023-09-24,NA,NA,NA
"TER-EXO-T09",2023-09-25,NA,NA,NA
"TER-EXO-T09",2023-09-26,NA,NA,NA
"TER-EXO-T09",2023-09-27,NA,NA,NA
"TER-EXO-T09",2023-09-28,NA,NA,NA
"TER-EXO-T09",2023-09-29,NA,NA,NA
"TER-EXO-T09",2023-09-30,NA,NA,NA
"TER-EXO-T09",2023-10-01,NA,NA,NA
"TER-EXO-T09",2023-10-02,NA,NA,NA
"TER-EXO-T09",2023-10-03,NA,NA,NA
"TER-EXO-T09",2023-10-04,NA,NA,NA
"TER-EXO-T09",2023-10-05,NA,NA,NA
"TER-EXO-T09",2023-10-06,NA,NA,NA
"TER-EXO-T09",2023-10-07,NA,NA,NA
"TER-EXO-T09",2023-10-08,NA,NA,NA
"TER-EXO-T09",2023-10-09,NA,NA,NA
"TER-EXO-T09",2023-10-10,NA,NA,NA
"TER-EXO-T09",2023-10-11,NA,NA,NA
"TER-EXO-T09",2023-10-12,NA,NA,NA
"TER-EXO-T09",2023-10-13,NA,NA,NA
"TER-EXO-T09",2023-10-14,NA,NA,NA
"TER-EXO-T09",2023-10-15,NA,NA,NA
"TER-EXO-T09",2023-10-16,NA,NA,NA
"TER-EXO-T09",2023-10-17,NA,NA,NA
"TER-EXO-T09",2023-10-18,NA,NA,NA
"TER-EXO-T09",2023-10-19,NA,NA,NA
"TER-EXO-T09",2023-10-20,NA,NA,NA
"TER-EXO-T09",2023-10-21,NA,NA,NA
"TER-EXO-T09",2023-10-22,NA,NA,NA
"TER-EXO-T09",2023-10-23,NA,NA,NA
"TER-EXO-T09",2023-10-24,NA,NA,NA
"TER-EXO-T09",2023-10-25,NA,NA,NA
"TER-EXO-T09",2023-10-26,NA,NA,NA
"TER-EXO-T09",2023-10-27,NA,NA,NA
"TER-EXO-T09",2023-10-28,NA,NA,NA
"TER-EXO-T09",2023-10-29,NA,NA,NA
"TER-EXO-T09",2023-10-30,NA,NA,NA
"TER-EXO-T09",2023-10-31,NA,NA,NA
"TER-EXO-T09",2023-11-01,NA,NA,NA
"TER-EXO-T09",2023-11-02,NA,NA,NA
"TER-EXO-T09",2023-11-03,NA,NA,NA
"TER-EXO-T09",2023-11-04,NA,NA,NA
"TER-EXO-T09",2023-11-05,NA,NA,NA
"TER-EXO-T09",2023-11-06,NA,NA,NA
"TER-EXO-T09",2023-11-07,NA,NA,NA
"TER-EXO-T09",2023-11-08,NA,NA,NA
"TER-EXO-T09",2023-11-09,NA,NA,NA
"TER-EXO-T09",2023-11-10,NA,NA,NA
"TER-EXO-T09",2023-11-11,NA,NA,NA
"TER-EXO-T09",2023-11-12,NA,NA,NA
"TER-EXO-T09",2023-11-13,NA,NA,NA
"TER-EXO-T09",2023-11-14,NA,NA,NA
"TER-EXO-T09",2023-11-15,NA,NA,NA
"TER-EXO-T09",2023-11-16,NA,NA,NA
"TER-EXO-T09",2023-11-17,NA,NA,NA
"TER-EXO-T09",2023-11-18,NA,NA,NA
"TER-EXO-T09",2023-11-19,NA,NA,NA
"TER-EXO-T09",2023-11-20,NA,NA,NA
"TER-EXO-T09",2023-11-21,NA,NA,NA
"TER-EXO-T09",2023-11-22,NA,NA,NA
"TER-EXO-T09",2023-11-23,NA,NA,NA
"TER-EXO-T09",2023-11-24,NA,NA,NA
"TER-EXO-T09",2023-11-25,NA,NA,NA
"TER-EXO-T09",2023-11-26,NA,NA,NA
"TER-EXO-T09",2023-11-27,NA,NA,NA
"TER-EXO-T09",2023-11-28,NA,NA,NA
"TER-EXO-T09",2023-11-29,NA,NA,NA
"TER-EXO-T09",2023-11-30,NA,NA,NA
"TER-EXO-T09",2023-12-01,NA,NA,NA
"TER-EXO-T09",2023-12-02,NA,NA,NA
"TER-EXO-T09",2023-12-03,NA,NA,NA
"TER-EXO-T09",2023-12-04,NA,NA,NA
"TER-EXO-T09",2023-12-05,NA,NA,NA
"TER-EXO-T09",2023-12-06,NA,NA,NA
"TER-EXO-T09",2023-12-07,NA,NA,NA
"TER-EXO-T09",2023-12-08,NA,NA,NA
"TER-EXO-T09",2023-12-09,NA,NA,NA
"TER-EXO-T09",2023-12-10,NA,NA,NA
"TER-EXO-T09",2023-12-11,NA,NA,NA
"TER-EXO-T09",2023-12-12,NA,NA,NA
"TER-EXO-T09",2023-12-13,NA,NA,NA
"TER-EXO-T09",2023-12-14,NA,NA,NA
"TER-EXO-T09",2023-12-15,NA,NA,NA
"TER-EXO-T09",2023-12-16,NA,NA,NA
"TER-EXO-T09",2023-12-17,NA,NA,NA
"TER-EXO-T09",2023-12-18,NA,NA,NA
"TER-EXO-T09",2023-12-19,NA,NA,NA
"TER-EXO-T09",2023-12-20,NA,NA,NA
"TER-EXO-T09",2023-12-21,NA,NA,NA
"TER-EXO-T09",2023-12-22,NA,NA,NA
"TER-EXO-T09",2023-12-23,NA,NA,NA
"TER-EXO-T09",2023-12-24,NA,NA,NA
"TER-EXO-T09",2023-12-25,NA,NA,NA
"TER-EXO-T09",2023-12-26,NA,NA,NA
"TER-EXO-T09",2023-12-27,NA,NA,NA
"TER-EXO-T09",2023-12-28,NA,NA,NA
"TER-EXO-T09",2023-12-29,NA,NA,NA
"TER-EXO-T09",2023-12-30,NA,NA,NA
"TER-EXO-T09",2023-12-31,NA,NA,NA
"TER-EXO-T09",2024-01-01,NA,NA,NA
"TER-EXO-T09",2024-01-02,NA,NA,NA
"TER-EXO-T09",2024-01-03,NA,NA,NA
"TER-EXO-T09",2024-01-04,NA,NA,NA
"TER-EXO-T09",2024-01-05,NA,NA,NA
"TER-EXO-T09",2024-01-06,NA,NA,NA
"TER-EXO-T09",2024-01-07,NA,NA,NA
"TER-EXO-T09",2024-01-08,NA,NA,NA
"TER-EXO-T09",2024-01-09,NA,NA,NA
"TER-EXO-T09",2024-01-10,NA,NA,NA
"TER-EXO-T09",2024-01-11,NA,NA,NA
"TER-EXO-T09",2024-01-12,NA,NA,NA
"TER-EXO-T09",2024-01-13,NA,NA,NA
"TER-EXO-T09",2024-01-14,NA,NA,NA
"TER-EXO-T09",2024-01-15,NA,NA,NA
"TER-EXO-T09",2024-01-16,NA,NA,NA
"TER-EXO-T09",2024-01-17,NA,NA,NA
"TER-EXO-T09",2024-01-18,NA,NA,NA
"TER-EXO-T09",2024-01-19,NA,NA,NA
"TER-EXO-T09",2024-01-20,NA,NA,NA
"TER-EXO-T09",2024-01-21,NA,NA,NA
"TER-EXO-T09",2024-01-22,NA,NA,NA
"TER-EXO-T09",2024-01-23,NA,NA,NA
"TER-EXO-T09",2024-01-24,NA,NA,NA
"TER-EXO-T09",2024-01-25,NA,NA,NA
"TER-EXO-T09",2024-01-26,NA,NA,NA
"TER-EXO-T09",2024-01-27,NA,NA,NA
"TER-EXO-T09",2024-01-28,NA,NA,NA
"TER-EXO-T09",2024-01-29,NA,NA,NA
"TER-EXO-T09",2024-01-30,NA,NA,NA
"TER-EXO-T09",2024-01-31,NA,NA,NA
"TER-EXO-T09",2024-02-01,NA,NA,NA
"TER-EXO-T09",2024-02-02,NA,NA,NA
"TER-EXO-T09",2024-02-03,NA,NA,NA
"TER-EXO-T09",2024-02-04,NA,NA,NA
"TER-EXO-T09",2024-02-05,NA,NA,NA
"TER-EXO-T09",2024-02-06,NA,NA,NA
"TER-EXO-T09",2024-02-07,NA,NA,NA
"TER-EXO-T09",2024-02-08,NA,NA,NA
"TER-EXO-T09",2024-02-09,NA,NA,NA
"TER-EXO-T09",2024-02-10,NA,NA,NA
"TER-EXO-T09",2024-02-11,NA,NA,NA
"TER-EXO-T09",2024-02-12,NA,NA,NA
"TER-EXO-T09",2024-02-13,NA,NA,NA
"TER-EXO-T09",2024-02-14,NA,NA,NA
"TER-EXO-T09",2024-02-15,NA,NA,NA
"TER-EXO-T09",2024-02-16,NA,NA,NA
"TER-EXO-T09",2024-02-17,NA,NA,NA
"TER-EXO-T09",2024-02-18,NA,NA,NA
"TER-EXO-T09",2024-02-19,NA,NA,NA
"TER-EXO-T09",2024-02-20,NA,NA,NA
"TER-EXO-T09",2024-02-21,NA,NA,NA
"TER-EXO-T09",2024-02-22,NA,NA,NA
"TER-EXO-T09",2024-02-23,NA,NA,NA
"TER-EXO-T09",2024-02-24,NA,NA,NA
"TER-EXO-T09",2024-02-25,NA,NA,NA
"TER-EXO-T09",2024-02-26,NA,NA,NA
"TER-EXO-T09",2024-02-27,NA,NA,NA
"TER-EXO-T09",2024-02-28,NA,NA,NA
"TER-EXO-T09",2024-02-29,NA,NA,NA
"TER-EXO-T09",2024-03-01,NA,NA,NA
"TER-EXO-T09",2024-03-02,NA,NA,NA
"TER-EXO-T09",2024-03-03,NA,NA,NA
"TER-EXO-T09",2024-03-04,NA,NA,NA
"TER-EXO-T09",2024-03-05,NA,NA,NA
"TER-EXO-T09",2024-03-06,NA,NA,NA
"TER-EXO-T09",2024-03-07,NA,NA,NA
"TER-EXO-T09",2024-03-08,NA,NA,NA
"TER-EXO-T09",2024-03-09,NA,NA,NA
"TER-EXO-T09",2024-03-10,NA,NA,NA
"TER-EXO-T09",2024-03-11,NA,NA,NA
"TER-EXO-T09",2024-03-12,NA,NA,NA
"TER-EXO-T09",2024-03-13,NA,NA,NA
"TER-EXO-T09",2024-03-14,NA,NA,NA
"TER-EXO-T09",2024-03-15,NA,NA,NA
"TER-EXO-T09",2024-03-16,NA,NA,NA
"TER-EXO-T09",2024-03-17,NA,NA,NA
"TER-EXO-T09",2024-03-18,NA,NA,NA
"TER-EXO-T09",2024-03-19,NA,NA,NA
"TER-EXO-T09",2024-03-20,NA,NA,NA
"TER-EXO-T09",2024-03-21,NA,NA,NA
"TER-EXO-T09",2024-03-22,0.187912497204534,NA,0.00691172628016324
"TER-EXO-T09",2024-03-23,0.141951747023773,NA,0.00027348737007164
"TER-EXO-T09",2024-03-24,0.133950216514661,NA,0.0925875777015426
"TER-EXO-T09",2024-03-25,0.123688661327072,NA,0.152102585014091
"TER-EXO-T09",2024-03-26,0.160373239618257,NA,0.0811279315600125
"TER-EXO-T09",2024-03-27,0.153971381591368,NA,0.0981696828950765
"TER-EXO-T09",2024-03-28,0.093694019176395,NA,0.0489550027990702
"TER-EXO-T09",2024-03-29,0.10929127949898,NA,0
"TER-EXO-T09",2024-03-30,0.115109387661272,NA,0.0129907994762018
"TER-EXO-T09",2024-03-31,0.0962489097046321,NA,0.211925658206
"TER-EXO-T09",2024-04-01,0.122933004621292,NA,0.144521424790499
"TER-EXO-T09",2024-04-02,0.125337741133146,NA,0.0979188355865976
"TER-EXO-T09",2024-04-03,0.131699050421991,NA,0.0297311040636344
"TER-EXO-T09",2024-04-04,0.107321793399391,NA,0.106812540346839
"TER-EXO-T09",2024-04-05,0.0949753214080405,NA,0.0231506018138937
"TER-EXO-T09",2024-04-06,0.101483411080283,NA,0.124207495798532
"TER-EXO-T09",2024-04-07,0.123242612325183,NA,0.0137501520593315
"TER-EXO-T09",2024-04-08,0.118659604454336,NA,0.00033305607679255
"TER-EXO-T09",2024-04-09,0.134505098978137,NA,0.0104903860873418
"TER-EXO-T09",2024-04-10,0.142661798581284,NA,0
"TER-EXO-T09",2024-04-11,0.143067344888617,NA,0
"TER-EXO-T09",2024-04-12,0.12712173997598,NA,0.024202335441434
"TER-EXO-T09",2024-04-13,0.126463645508569,NA,0
"TER-EXO-T09",2024-04-14,0.119718797515585,NA,0
"TER-EXO-T09",2024-04-15,0.128062910521721,NA,0
"TER-EXO-T09",2024-04-16,0.134266913043248,NA,0
"TER-EXO-T09",2024-04-17,0.135007280946822,NA,0
"TER-EXO-T09",2024-04-18,0.135012522260528,NA,0.00644378768637988
"TER-EXO-T09",2024-04-19,0.13287951859083,NA,0.0352054308186393
"TER-EXO-T09",2024-04-20,0.121590600279192,NA,0.102414171568437
"TER-EXO-T09",2024-04-21,0.130362595668406,NA,0.00504324521541992
"TER-EXO-T09",2024-04-22,0.125437202708588,NA,0.00982117784202229
"TER-EXO-T09",2024-04-23,0.12872228630533,NA,0.00127924256948423
"TER-EXO-T09",2024-04-24,0.124959360735067,NA,0.0366021970502118
"TER-EXO-T09",2024-04-25,0.116433759531088,NA,0.0778834305013956
"TER-EXO-T09",2024-04-26,0.108341948173549,NA,0.109754371894099
"TER-EXO-T09",2024-04-27,0.102076886287397,NA,0.235464385217198
"TER-EXO-T09",2024-04-28,0.104999594032517,NA,0.273491985447956
"TER-EXO-T09",2024-04-29,0.103147042528093,NA,0.221104731083385
"TER-EXO-T09",2024-04-30,0.105711587361237,NA,0.196376833200537
"TER-EXO-T09",2024-05-01,0.113351678990252,NA,0.0557630959863543
"TER-EXO-T09",2024-05-02,0.128132865305844,NA,0
"TER-EXO-T09",2024-05-03,0.127114413719897,NA,0.0541034297938033
"TER-EXO-T09",2024-05-04,0.13343896909445,NA,0.126526702804466
"TER-EXO-T09",2024-05-05,0.125910784123757,NA,0.133187575826576
"TER-EXO-T09",2024-05-06,0.139082152118698,NA,0
"TER-EXO-T09",2024-05-07,0.137591251908164,NA,0.00403596482229281
"TER-EXO-T09",2024-05-08,0.132355895803746,NA,0.00550358839403565
"TER-EXO-T09",2024-05-09,0.126989647198903,NA,0.15287928777228
"TER-EXO-T09",2024-05-10,0.123600774599002,NA,0.217085563731524
"TER-EXO-T09",2024-05-11,0.128990796927646,NA,0.152034264167576
"TER-EXO-T09",2024-05-12,0.129381261349458,NA,0.146760224568965
"TER-EXO-T09",2024-05-13,0.128555855381274,NA,0.0842800451617591
"TER-EXO-T09",2024-05-14,0.111271500190469,NA,0.252524416281203
"TER-EXO-T09",2024-05-15,0.113796446911191,NA,0.10593583247996
"TER-EXO-T09",2024-05-16,0.118536934287614,NA,0.00703124360966543
"TER-EXO-T09",2024-05-17,0.117943628198847,NA,0.14136132221595
"TER-EXO-T09",2024-05-18,0.104586257753861,NA,0.238935865311186
"TER-EXO-T09",2024-05-19,0.102824352967445,NA,0.242949597001703
"TER-EXO-T09",2024-05-20,0.112838146582457,NA,0.137637537378781
"TER-EXO-T09",2024-05-21,0.117828072581848,NA,0.0577903007637476
"TER-EXO-T09",2024-05-22,0.128527974228278,NA,0.0472151210290634
"TER-EXO-T09",2024-05-23,0.148508734375556,NA,0
"TER-EXO-T09",2024-05-24,0.141978169034873,NA,0.0180142203544474
"TER-EXO-T09",2024-05-25,0.126104944828473,NA,0.193543749885207
"TER-EXO-T09",2024-05-26,0.111806121490683,NA,0.171610331772943
"TER-EXO-T09",2024-05-27,NA,NA,0.217171255091082
"TER-EXO-T09",2024-05-28,NA,0.230062262762455,0.195463027002104
"TER-EXO-T09",2024-05-29,NA,0,0
"TER-EXO-T09",2024-05-30,NA,0.0953640339292096,0.116471650433365
"TER-EXO-T09",2024-05-31,NA,0.0555592847521146,0.015698608271044
"TER-EXO-T09",2024-06-01,NA,0.122852508602219,0.123383702893525
"TER-EXO-T09",2024-06-02,NA,0.0747721766219942,0.0781798300784965
"TER-EXO-T09",2024-06-03,NA,0.00631044276200954,0.00391116669183866
"TER-EXO-T09",2024-06-04,NA,0.0385145677979373,0.049617840524163
"TER-EXO-T09",2024-06-05,NA,0.00162326348770736,0.000322399547932908
"TER-EXO-T09",2024-06-06,NA,0.135922053087023,0.113060625626006
"TER-EXO-T09",2024-06-07,NA,0.104747057198118,0.105275101650592
"TER-EXO-T09",2024-06-08,NA,0.0559895082489024,0.0670513273227422
"TER-EXO-T09",2024-06-09,NA,0.159945641662995,0.163645308686447
"TER-EXO-T09",2024-06-10,NA,0.139098640651168,0.147644524956782
"TER-EXO-T09",2024-06-11,NA,0.172940930352387,0.172959982963999
"TER-EXO-T09",2024-06-12,NA,0.254491046620682,0.25271924080819
"TER-EXO-T09",2024-06-13,NA,0.0129371670138511,0.00320511970637394
"TER-EXO-T09",2024-06-14,NA,0.127146158447679,0.113970401017743
"TER-EXO-T09",2024-06-15,NA,0.247603362494194,0.233091326711557
"TER-EXO-T09",2024-06-16,NA,0.078201364576225,0.0829681513928107
"TER-EXO-T09",2024-06-17,NA,0.125781588135177,0.113235680541546
"TER-EXO-T09",2024-06-18,NA,0.221270130161889,0.208576291770016
"TER-EXO-T09",2024-06-19,NA,0.19509378885988,0.186732706902023
"TER-EXO-T09",2024-06-20,NA,0.224914613393994,0.234398987775329
"TER-EXO-T09",2024-06-21,NA,0.240950853443699,0.237212490369964
"TER-EXO-T09",2024-06-22,NA,0.138605244712184,0.138206467535586
"TER-EXO-T09",2024-06-23,NA,0.142081473545548,0.144194580612754
"TER-EXO-T09",2024-06-24,NA,0.000430060758111798,0
"TER-EXO-T09",2024-06-25,NA,0.147607627635724,0.167255037333
"TER-EXO-T09",2024-06-26,NA,0.19366727894208,0.211229678221499
"TER-EXO-T09",2024-06-27,NA,0.0483371526593585,0.048260321993697
"TER-EXO-T09",2024-06-28,NA,0.135620942140803,0.130868500627639
"TER-EXO-T09",2024-06-29,NA,0.0932594594546903,0.079791469336476
"TER-EXO-T09",2024-06-30,NA,0.0501800478299772,0.0442574036571882
"TER-EXO-T09",2024-07-01,NA,0.160141964870568,0.161100403651667
"TER-EXO-T09",2024-07-02,NA,0.168350558024607,0.176181699489372
"TER-EXO-T09",2024-07-03,NA,0.161392083752393,0.157028905949167
"TER-EXO-T09",2024-07-04,NA,0.263507607445256,0.258158143287257
"TER-EXO-T09",2024-07-05,NA,0.170152868540989,0.172710273865532
"TER-EXO-T09",2024-07-06,NA,0.062928236785048,0.0541439213552134
"TER-EXO-T09",2024-07-07,NA,0.126437937599874,0.119202608451792
"TER-EXO-T09",2024-07-08,NA,0.0158165425664795,0.00852389649890137
"TER-EXO-T09",2024-07-09,NA,0.0904334432355432,0.0781602901787143
"TER-EXO-T09",2024-07-10,NA,0.14584643224578,0.137566698664566
"TER-EXO-T09",2024-07-11,NA,0.159750233685305,0.154165998656979
"TER-EXO-T09",2024-07-12,NA,0.0744969782834638,0.0690973703781948
"TER-EXO-T09",2024-07-13,NA,0.110172016999848,0.113730019033165
"TER-EXO-T09",2024-07-14,NA,0.302311355402784,0.289979681566547
"TER-EXO-T09",2024-07-15,NA,0.0607234244683283,0.0629096602272252
"TER-EXO-T09",2024-07-16,NA,0.13081005893692,0.131132878216385
"TER-EXO-T09",2024-07-17,NA,0.00339586721270625,0.00341075539594122
"TER-EXO-T09",2024-07-18,NA,0.0863981657821951,0.0816451649982331
"TER-EXO-T09",2024-07-19,NA,0.210144375356683,0.209951935652618
"TER-EXO-T09",2024-07-20,NA,NA,NA
"TER-EXO-T09",2024-07-21,NA,0.245090306208277,0.237173039913994
"TER-EXO-T09",2024-07-22,NA,0.218018093509467,0.221940972269173
"TER-EXO-T09",2024-07-23,NA,0.162697598383318,0.154664183726265
"TER-EXO-T09",2024-07-24,NA,0.145435181678933,0.140071392826291
"TER-EXO-T09",2024-07-25,NA,0.190683346658519,0.197541087686252
"TER-EXO-T09",2024-07-26,NA,0.183622797858793,0.177875763192498
"TER-EXO-T09",2024-07-27,NA,0.138206744983135,0.126507735054845
"TER-EXO-T09",2024-07-28,NA,0.138064843368514,0.135157297833027
"TER-EXO-T09",2024-07-29,NA,0.0600467924328647,0.0540430665564701
"TER-EXO-T09",2024-07-30,NA,0.0475647709533694,0.0456395314091249
"TER-EXO-T09",2024-07-31,NA,0.066821785356433,0.0437493191645033
"TER-EXO-T09",2024-08-01,NA,0.159692098523074,0.163840159046438
"TER-EXO-T09",2024-08-02,NA,0.113274657516981,0.101291655007536
"TER-EXO-T09",2024-08-03,NA,0.185397603948098,0.185912097840864
"TER-EXO-T09",2024-08-04,NA,0.315114826002141,0.301068951727563
"TER-EXO-T09",2024-08-05,NA,0.401310401648068,0.38187668022006
"TER-EXO-T09",2024-08-06,NA,0.0768847545195622,0.0445514424622608
"TER-EXO-T09",2024-08-07,NA,0.169303381862188,0.160634081547291
"TER-EXO-T09",2024-08-08,NA,0.200776790259638,0.188034448746013
"TER-EXO-T09",2024-08-09,NA,0.18872108346451,0.198161784636578
"TER-EXO-T09",2024-08-10,NA,0.16962663661228,0.175589323703196
"TER-EXO-T09",2024-08-11,NA,0.214539842352571,0.211841505183255
"TER-EXO-T09",2024-08-12,NA,0.283341531107104,0.27371451484809
"TER-EXO-T09",2024-08-13,NA,0.131229226691112,0.117439107690081
"TER-EXO-T09",2024-08-14,NA,0.219492412121263,0.21041769835203
"TER-EXO-T09",2024-08-15,NA,0.158386654683604,0.148733197826694
"TER-EXO-T09",2024-08-16,NA,0.138451647603901,0.124495326133137
"TER-EXO-T09",2024-08-17,NA,0.123248794780085,0.10598671336694
"TER-EXO-T09",2024-08-18,NA,0.153147751231905,0.141139044064685
"TER-EXO-T09",2024-08-19,NA,0.237943523385233,0.233366495509551
"TER-EXO-T09",2024-08-20,NA,0.0253254301285084,0.013788055036475
"TER-EXO-T09",2024-08-21,NA,0.136069628473161,0.130570102026183
"TER-EXO-T09",2024-08-22,NA,0.305424666651209,0.32267579909714
"TER-EXO-T09",2024-08-23,NA,0.0963276252727683,0.075945716354366
"TER-EXO-T09",2024-08-24,NA,0.16366912029311,0.156301173776806
"TER-EXO-T09",2024-08-25,NA,0.236169887095896,0.251530469453361
"TER-EXO-T09",2024-08-26,NA,0.177974333644464,0.175137066942029
"TER-EXO-T09",2024-08-27,NA,0.280822266483412,0.252893504481434
"TER-EXO-T09",2024-08-28,NA,0.214957515145726,0.208430251812388
"TER-EXO-T09",2024-08-29,NA,0.179455839876982,0.17945575680764
"TER-EXO-T09",2024-08-30,NA,0.328306383982477,0.329438568145373
"TER-EXO-T09",2024-08-31,NA,0.271813731747971,0.261562581115081
"TER-EXO-T09",2024-09-01,NA,0.136750583399825,0.117377110632795
"TER-EXO-T09",2024-09-02,NA,0.193784736135064,0.199505042739595
"TER-EXO-T09",2024-09-03,NA,0.295414915957967,NA
"TER-EXO-T09",2024-09-04,NA,0.279851760506828,0.296840829939317
"TER-EXO-T09",2024-09-05,NA,0.311192918980437,0.320303997742498
"TER-EXO-T09",2024-09-06,NA,0.41417799207224,0.401942990319548
"TER-EXO-T09",2024-09-07,NA,0.183713291713633,0.177087994992798
"TER-EXO-T09",2024-09-08,NA,0.0863729961432069,NA
"TER-EXO-T09",2024-09-09,NA,0.0644487081991248,0.0631984957076313
"TER-EXO-T09",2024-09-10,NA,0.0376532287131996,0
"TER-EXO-T09",2024-09-11,NA,0.125275964901014,0.123618988618762
"TER-EXO-T09",2024-09-12,NA,0.211967286713341,0.217649343842052
"TER-EXO-T09",2024-09-13,NA,0.22017360599602,0.204994052332112
"TER-EXO-T09",2024-09-14,NA,0.104173556747301,0.0791246205969257
"TER-EXO-T09",2024-09-15,NA,0.237801596943224,0.217869345077156
"TER-EXO-T09",2024-09-16,NA,0.0862989737142137,0.0425985106695777
"TER-EXO-T09",2024-09-17,NA,0.157245673586152,NA
"TER-EXO-T09",2024-09-18,NA,0.233102063019991,0.21177375284336
"TER-EXO-T09",2024-09-19,NA,0.2371431146541,0.211476870117976
"TER-EXO-T09",2024-09-20,NA,0.0769420753312431,NA
"TER-EXO-T09",2024-09-21,NA,0.134196983116139,0.127703651121735
"TER-EXO-T09",2024-09-22,NA,0.135488860545916,0.103652853502198
"TER-EXO-T09",2024-09-23,NA,0.235058828163522,0.214399199780886
"TER-EXO-T09",2024-09-24,NA,0.225264697718315,0.192509557280365
"TER-EXO-T09",2024-09-25,NA,0.0596137666698744,0.0144582777387843
"TER-EXO-T09",2024-09-26,NA,0.157519234962788,0.139812654280331
"TER-EXO-T09",2024-09-27,NA,0.129674960254033,0.0665600458703331
"TER-EXO-T09",2024-09-28,NA,0.15181072134416,NA
"TER-EXO-T09",2024-09-29,NA,0.0567840071556125,0.00705525354043131
"TER-EXO-T09",2024-09-30,NA,0.197769429102357,0.11605316258337
"TER-EXO-T09",2024-10-01,NA,0.183672900974564,0.0824596675440635
"TER-EXO-T09",2024-10-02,NA,0.202469648648703,NA
"TER-EXO-T09",2024-10-03,NA,0.254657708704099,NA
"TER-EXO-T09",2024-10-04,NA,0.116875802533016,NA
"TER-EXO-T09",2024-10-05,NA,0.107757287630389,NA
"TER-EXO-T09",2024-10-06,NA,0.279429009265044,NA
"TER-EXO-T09",2024-10-07,NA,0.163625515206494,NA
"TER-EXO-T09",2024-10-08,NA,0.239107877751962,NA
"TER-EXO-T09",2024-10-09,NA,0.146469090294383,NA
"TER-EXO-T09",2024-10-10,NA,0.084712415831222,NA
"TER-EXO-T09",2024-10-11,NA,0.328395710321501,NA
"TER-EXO-T09",2024-10-12,NA,0.232689242312805,NA
"TER-EXO-T09",2024-10-13,NA,0.0251324389147751,NA
"TER-EXO-T09",2024-10-14,NA,0.00656472525993364,NA
"TER-EXO-T09",2024-10-15,NA,0.189390033695097,NA
"TER-EXO-T09",2024-10-16,NA,0.309243856173783,NA
"TER-EXO-T09",2024-10-17,NA,0.187759026797414,NA
"TER-EXO-T09",2024-10-18,NA,0.226261078458923,NA
"TER-EXO-T09",2024-10-19,NA,0.136212771381917,NA
"TER-EXO-T09",2024-10-20,NA,0.0992107579994435,NA
"TER-EXO-T09",2024-10-21,NA,0.118533173810784,NA
"TER-EXO-T09",2024-10-22,NA,0.127203295261805,NA
"TER-EXO-T09",2024-10-23,NA,0.0291287707325899,NA
"TER-EXO-T09",2024-10-24,NA,0.311647863253368,NA
"TER-EXO-T09",2024-10-25,NA,0.247130607316375,NA
"TER-EXO-T09",2024-10-26,NA,0.196679459939491,NA
"TER-EXO-T09",2024-10-27,NA,0.170406756943131,NA
"TER-EXO-T09",2024-10-28,NA,0.227335689355231,NA
"TER-EXO-T09",2024-10-29,NA,0.0812884705690541,NA
"TER-EXO-T09",2024-10-30,NA,0.0725062912175382,NA
"TER-EXO-T09",2024-10-31,NA,0.105906530063107,NA
"TER-EXO-T09",2024-11-01,NA,0.0165070360046343,NA
"TER-EXO-T09",2024-11-02,NA,0.0900817872855785,NA
"TER-EXO-T09",2024-11-03,NA,0.0135649080068859,NA
"TER-EXO-T09",2024-11-04,NA,0.1132633400521,NA
"TER-EXO-T09",2024-11-05,NA,0.0846113743606335,NA
"TER-EXO-T09",2024-11-06,NA,0.170567072255303,NA
"TER-EXO-T09",2024-11-07,NA,0.123040393153837,NA
"TER-EXO-T09",2024-11-08,NA,0.0825005271904574,NA
"TER-EXO-T09",2024-11-09,NA,0.177164036603683,NA
"TER-EXO-T09",2024-11-10,NA,0.117321850189307,NA
"TER-EXO-T09",2024-11-11,NA,0.168552937093453,NA
"TER-EXO-T09",2024-11-12,NA,0.0261470378962437,NA
"TER-EXO-T09",2024-11-13,NA,0.0412465428340278,NA
"TER-EXO-T09",2024-11-14,NA,0.114988495304708,NA
"TER-EXO-T09",2024-11-15,NA,0.164105752601046,NA
"TER-EXO-T09",2024-11-16,NA,0.221143511741698,NA
"TER-EXO-T09",2024-11-17,NA,0.12578685299577,NA
"TER-EXO-T09",2024-11-18,NA,0.0548572558761425,NA
"TER-EXO-T09",2024-11-19,NA,0.0624171104430657,NA
"TER-EXO-T09",2024-11-20,NA,0.0926975973357629,NA
"TER-EXO-T09",2024-11-21,NA,0.0942797056060781,NA
"TER-EXO-T09",2024-11-22,NA,0.075725459630586,NA
"TER-EXO-T09",2024-11-23,NA,0.0920258444017338,NA
"TER-EXO-T09",2024-11-24,NA,0.239189301247545,NA
"TER-EXO-T09",2024-11-25,NA,0.131345386027708,NA
"TER-EXO-T09",2024-11-26,NA,0.0920305521916732,NA
"TER-EXO-T09",2024-11-27,NA,0.140122672888863,NA
"TER-EXO-T09",2024-11-28,NA,0.219998983910668,NA
"TER-EXO-T09",2024-11-29,NA,0.169249424794189,NA
"TER-EXO-T09",2024-11-30,NA,0.136592247227777,NA
"TER-EXO-T09",2024-12-01,NA,0.0789118091943704,NA
"TER-EXO-T09",2024-12-02,NA,0.0689025840704952,NA
"TER-EXO-T09",2024-12-03,NA,0.0802324988893472,NA
"TER-EXO-T09",2024-12-04,NA,0.1832291959847,NA
"TER-EXO-T09",2024-12-05,NA,0.166877659087835,NA
"TER-EXO-T09",2024-12-06,NA,0.153723717594495,NA
"TER-EXO-T09",2024-12-07,NA,0.0699348322714655,NA
"TER-EXO-T09",2024-12-08,NA,0.131426756593075,NA
"TER-EXO-T09",2024-12-09,NA,0.173467523115851,NA
"TER-EXO-T09",2024-12-10,NA,0.16135117854945,NA
"TER-EXO-T09",2024-12-11,NA,0.0384330957473095,NA
"TER-EXO-T09",2024-12-12,NA,0.0291381342793409,NA
"TER-EXO-T09",2024-12-13,NA,0.0596134701190225,NA
"TER-EXO-T09",2024-12-14,NA,0.157113243329209,NA
"TER-EXO-T09",2024-12-15,NA,0.0428855270768556,NA
"TER-EXO-T09",2024-12-16,NA,0.0127856778254923,NA
"TER-EXO-T09",2024-12-17,NA,0.172615135084896,NA
"TER-EXO-T09",2024-12-18,NA,0.0852128129114536,NA
"TER-EXO-T09",2024-12-19,NA,0.0166512390007661,NA
"TER-EXO-T09",2024-12-20,NA,0.0485015822249786,NA
"TER-EXO-T09",2024-12-21,NA,0.0798380795771911,NA
"TER-EXO-T09",2024-12-22,NA,0.0824205413613758,NA
"TER-EXO-T09",2024-12-23,NA,0.102699362484408,NA
"TER-EXO-T09",2024-12-24,NA,0.182728868850943,NA
"TER-EXO-T09",2024-12-25,NA,0.0920265741493276,NA
"TER-EXO-T09",2024-12-26,NA,0.100220707189597,NA
"TER-EXO-T09",2024-12-27,NA,0.101999992218627,NA
"TER-EXO-T09",2024-12-28,NA,0.122746366212944,NA
"TER-EXO-T09",2024-12-29,NA,0.155849051097787,NA
"TER-EXO-T09",2024-12-30,NA,0.15422298440637,NA
"TER-EXO-T09",2024-12-31,NA,0.100174112001698,NA
"TER-EXO-T09",2025-01-01,NA,0.0163031982902752,NA
"TER-EXO-T09",2025-01-02,NA,0.0323166786511577,NA
"TER-EXO-T09",2025-01-03,NA,0.00937291526413821,NA
"TER-EXO-T09",2025-01-04,NA,0.0452745526655101,NA
"TER-EXO-T09",2025-01-05,NA,0.161669542173127,NA
"TER-EXO-T09",2025-01-06,NA,0.0432586051021818,NA
"TER-EXO-T09",2025-01-07,NA,0.14641912587306,NA
"TER-EXO-T09",2025-01-08,NA,0.147314857936073,NA
"TER-EXO-T09",2025-01-09,NA,0.0275980148986239,NA
"TER-EXO-T09",2025-01-10,NA,0.0114929233911921,NA
"TER-EXO-T09",2025-01-11,NA,0.00258027693209649,NA
"TER-EXO-T09",2025-01-12,NA,0.0584560341308191,NA
"TER-EXO-T09",2025-01-13,NA,0.0613654347405783,NA
"TER-EXO-T09",2025-01-14,NA,0.0434636571649163,NA
"TER-EXO-T09",2025-01-15,NA,0.0513776308791175,NA
"TER-EXO-T09",2025-01-16,NA,0.00440287071522857,NA
"TER-EXO-T09",2025-01-17,NA,0,NA
"TER-EXO-T09",2025-01-18,NA,0.0127361296967082,NA
"TER-EXO-T09",2025-01-19,NA,0.0661063131161219,NA
"TER-EXO-T09",2025-01-20,NA,0.0410105201235945,NA
"TER-EXO-T09",2025-01-21,NA,0.101814023062516,NA
"TER-EXO-T09",2025-01-22,NA,0.214254052849772,NA
"TER-EXO-T09",2025-01-23,NA,0.0998594481694068,NA
"TER-EXO-T09",2025-01-24,NA,0.069734108328539,NA
"TER-EXO-T09",2025-01-25,NA,0.109514791980608,NA
"TER-EXO-T09",2025-01-26,NA,0.142353340878236,NA
"TER-EXO-T09",2025-01-27,NA,0.241379789374564,NA
"TER-EXO-T09",2025-01-28,NA,0.163440907643895,NA
"TER-EXO-T09",2025-01-29,NA,0.0809281959163445,NA
"TER-EXO-T09",2025-01-30,NA,0.0922716124258154,NA
"TER-EXO-T09",2025-01-31,NA,0.0525964291040657,NA
"TER-EXO-T09",2025-02-01,NA,0.0409758333652759,NA
"TER-EXO-T09",2025-02-02,NA,0.0523833207613632,NA
"TER-EXO-T09",2025-02-03,NA,0.0199647897191749,NA
"TER-EXO-T09",2025-02-04,NA,0.013543453579143,NA
"TER-EXO-T09",2025-02-05,NA,0.0124342979771439,NA
"TER-EXO-T09",2025-02-06,NA,0.113939048666318,NA
"TER-EXO-T09",2025-02-07,NA,0.0231495701513078,NA
"TER-EXO-T09",2025-02-08,NA,0.00822253266312559,NA
"TER-EXO-T09",2025-02-09,NA,0,NA
"TER-EXO-T09",2025-02-10,NA,0,NA
"TER-EXO-T09",2025-02-11,NA,0.0234380761372392,NA
"TER-EXO-T09",2025-02-12,NA,NA,NA
"TER-EXO-T09",2025-02-13,NA,NA,NA
"TER-EXO-T09",2025-02-14,NA,NA,NA
"TER-EXO-T09",2025-02-15,NA,NA,NA
"TER-EXO-T09",2025-02-16,NA,NA,NA
"TER-EXO-T09",2025-02-17,NA,NA,NA
"TER-EXO-T09",2025-02-18,NA,NA,NA
"TER-EXO-T09",2025-02-19,NA,NA,NA
"TER-EXO-T09",2025-02-20,NA,NA,NA
"TER-EXO-T09",2025-02-21,NA,NA,NA
"TER-EXO-T09",2025-02-22,NA,NA,NA
"TER-EXO-T09",2025-02-23,NA,NA,NA
"TER-EXO-T09",2025-02-24,NA,NA,NA
"TER-EXO-T09",2025-02-25,NA,NA,NA
"TER-EXO-T09",2025-02-26,NA,NA,NA
"TER-EXO-T09",2025-02-27,NA,NA,NA
"TER-EXO-T09",2025-02-28,NA,NA,NA
"TER-EXO-T09",2025-03-01,NA,NA,NA
"TER-EXO-T09",2025-03-02,NA,NA,NA
"TER-EXO-T09",2025-03-03,NA,NA,NA
"TER-EXO-T09",2025-03-04,NA,NA,NA
"TER-EXO-T09",2025-03-05,NA,NA,NA
"TER-EXO-T09",2025-03-06,NA,NA,NA
"TER-EXO-T09",2025-03-07,NA,NA,NA
"TER-EXO-T09",2025-03-08,NA,NA,NA
"TER-EXO-T09",2025-03-09,NA,NA,NA
"TER-EXO-T09",2025-03-10,NA,NA,NA
"TER-EXO-T09",2025-03-11,NA,NA,NA
"TER-EXO-T09",2025-03-12,NA,NA,NA
"TER-EXO-T09",2025-03-13,NA,NA,NA
"TER-EXO-T09",2025-03-14,NA,NA,NA
"TER-EXO-T09",2025-03-15,NA,NA,NA
"TER-EXO-T09",2025-03-16,NA,NA,NA
"TER-EXO-T09",2025-03-17,NA,NA,NA
"TER-EXO-T09",2025-03-18,NA,NA,NA
"TER-EXO-T09",2025-03-19,NA,NA,NA
"TER-EXO-T09",2025-03-20,NA,NA,NA
"TER-EXO-T09",2025-03-21,NA,NA,NA
"TER-EXO-T09",2025-03-22,NA,NA,NA
"TER-EXO-T09",2025-03-23,NA,NA,NA
"TER-EXO-T09",2025-03-24,NA,NA,NA
"TER-EXO-T09",2025-03-25,NA,NA,NA
"TER-EXO-T09",2025-03-26,NA,NA,NA
"TER-EXO-T09",2025-03-27,NA,NA,NA
"TER-EXO-T09",2025-03-28,NA,NA,NA
"TER-EXO-T09",2025-03-29,NA,NA,NA
"TER-EXO-T09",2025-03-30,NA,NA,NA
"TER-EXO-T09",2025-03-31,NA,NA,NA
"TER-EXO-T09",2025-04-01,NA,NA,NA
"TER-EXO-T09",2025-04-02,NA,NA,NA
"TER-EXO-T09",2025-04-03,NA,NA,NA
"TER-EXO-T09",2025-04-04,NA,NA,NA
"TER-EXO-T09",2025-04-05,NA,NA,NA
"TER-EXO-T09",2025-04-06,NA,NA,NA
"TER-EXO-T09",2025-04-07,NA,NA,NA
"TER-EXO-T09",2025-04-08,NA,NA,NA
"TER-EXO-T09",2025-04-09,NA,NA,NA
"TER-EXO-T09",2025-04-10,NA,NA,NA
"TER-EXO-T09",2025-04-11,NA,NA,NA
"TER-EXO-T09",2025-04-12,NA,NA,NA
"TER-EXO-T09",2025-04-13,NA,NA,NA
"TER-EXO-T09",2025-04-14,NA,NA,NA
"TER-EXO-T09",2025-04-15,NA,NA,NA
"TER-EXO-T09",2025-04-16,NA,NA,NA
"TER-EXO-T09",2025-04-17,NA,NA,NA
"TER-EXO-T09",2025-04-18,NA,NA,NA
"TER-EXO-T09",2025-04-19,NA,NA,NA
"TER-EXO-T09",2025-04-20,NA,NA,NA
"TER-EXO-T09",2025-04-21,NA,NA,NA
"TER-EXO-T09",2025-04-22,NA,NA,NA
"TER-EXO-T09",2025-04-23,NA,NA,NA
"TER-EXO-T09",2025-04-24,NA,NA,NA
"TER-EXO-T09",2025-04-25,NA,NA,NA
"TER-EXO-T09",2025-04-26,NA,NA,NA
"TER-EXO-T09",2025-04-27,NA,NA,NA
"TER-EXO-T09",2025-04-28,NA,NA,NA
"TER-EXO-T09",2025-04-29,NA,NA,NA
"TER-EXO-T09",2025-04-30,NA,NA,NA
"TER-EXO-T09",2025-05-01,NA,NA,NA
"TER-EXO-T09",2025-05-02,NA,NA,NA
"TER-EXO-T09",2025-05-03,NA,NA,NA
"TER-EXO-T09",2025-05-04,NA,NA,NA
"TER-EXO-T09",2025-05-05,NA,NA,NA
"TER-EXO-T09",2025-05-06,NA,NA,NA
"TER-EXO-T09",2025-05-07,NA,NA,NA
"TER-EXO-T09",2025-05-08,NA,NA,NA
"TER-EXO-T09",2025-05-09,NA,NA,NA
"TER-EXO-T09",2025-05-10,NA,NA,NA
"TER-EXO-T09",2025-05-11,NA,NA,NA
"TER-EXO-T09",2025-05-12,NA,NA,NA
"TER-EXO-T09",2025-05-13,NA,NA,NA
"TER-EXO-T09",2025-05-14,NA,NA,NA
"TER-EXO-T09",2025-05-15,NA,NA,NA
"TER-EXO-T09",2025-05-16,NA,NA,NA
"TER-EXO-T09",2025-05-17,NA,NA,NA
"TER-EXO-T09",2025-05-18,NA,NA,NA
"TER-EXO-T09",2025-05-19,NA,NA,NA
"TER-EXO-T09",2025-05-20,NA,NA,NA
"TER-EXO-T09",2025-05-21,NA,NA,NA
"TER-EXO-T09",2025-05-22,NA,NA,NA
"TER-EXO-T09",2025-05-23,NA,NA,NA
"TER-EXO-T09",2025-05-24,NA,NA,NA
"TER-EXO-T09",2025-05-25,NA,NA,NA
"TER-EXO-T09",2025-05-26,NA,NA,NA
"TER-EXO-T09",2025-05-27,NA,NA,NA
"TER-EXO-T09",2025-05-28,NA,NA,NA
"TER-EXO-T09",2025-05-29,NA,NA,NA
"TER-EXO-T09",2025-05-30,NA,NA,NA
"TER-EXO-T09",2025-05-31,NA,NA,NA
"TER-EXO-T09",2025-06-01,NA,NA,NA
"TER-EXO-T09",2025-06-02,NA,NA,NA
"TER-EXO-T09",2025-06-03,NA,NA,NA
"TER-EXO-T09",2025-06-04,NA,NA,NA
"TER-EXO-T09",2025-06-05,NA,NA,NA
"TER-EXO-T09",2025-06-06,NA,NA,NA
"TER-EXO-T09",2025-06-07,NA,NA,NA
"TER-EXO-T09",2025-06-08,NA,NA,NA
"TER-EXO-T09",2025-06-09,NA,NA,NA
"TER-EXO-T09",2025-06-10,NA,NA,NA
"TER-EXO-T09",2025-06-11,NA,NA,NA
"TER-EXO-T09",2025-06-12,NA,NA,NA
"TER-EXO-T10",2023-08-09,NA,NA,NA
"TER-EXO-T10",2023-08-10,NA,NA,NA
"TER-EXO-T10",2023-08-11,NA,NA,NA
"TER-EXO-T10",2023-08-12,NA,NA,NA
"TER-EXO-T10",2023-08-13,NA,NA,NA
"TER-EXO-T10",2023-08-14,NA,NA,NA
"TER-EXO-T10",2023-08-15,NA,NA,NA
"TER-EXO-T10",2023-08-16,NA,NA,NA
"TER-EXO-T10",2023-08-17,NA,NA,NA
"TER-EXO-T10",2023-08-18,NA,NA,NA
"TER-EXO-T10",2023-08-19,NA,NA,NA
"TER-EXO-T10",2023-08-20,NA,NA,NA
"TER-EXO-T10",2023-08-21,NA,NA,NA
"TER-EXO-T10",2023-08-22,NA,NA,NA
"TER-EXO-T10",2023-08-23,NA,NA,NA
"TER-EXO-T10",2023-08-24,NA,NA,NA
"TER-EXO-T10",2023-08-25,NA,NA,NA
"TER-EXO-T10",2023-08-26,NA,NA,NA
"TER-EXO-T10",2023-08-27,NA,NA,NA
"TER-EXO-T10",2023-08-28,NA,NA,NA
"TER-EXO-T10",2023-08-29,NA,NA,NA
"TER-EXO-T10",2023-08-30,NA,NA,NA
"TER-EXO-T10",2023-08-31,NA,NA,NA
"TER-EXO-T10",2023-09-01,NA,NA,NA
"TER-EXO-T10",2023-09-02,NA,NA,NA
"TER-EXO-T10",2023-09-03,NA,NA,NA
"TER-EXO-T10",2023-09-04,NA,NA,NA
"TER-EXO-T10",2023-09-05,NA,NA,NA
"TER-EXO-T10",2023-09-06,NA,NA,NA
"TER-EXO-T10",2023-09-07,NA,NA,NA
"TER-EXO-T10",2023-09-08,NA,NA,NA
"TER-EXO-T10",2023-09-09,NA,NA,NA
"TER-EXO-T10",2023-09-10,NA,NA,NA
"TER-EXO-T10",2023-09-11,NA,NA,NA
"TER-EXO-T10",2023-09-12,NA,NA,NA
"TER-EXO-T10",2023-09-13,NA,NA,NA
"TER-EXO-T10",2023-09-14,NA,NA,NA
"TER-EXO-T10",2023-09-15,NA,NA,NA
"TER-EXO-T10",2023-09-16,NA,NA,NA
"TER-EXO-T10",2023-09-17,NA,NA,NA
"TER-EXO-T10",2023-09-18,NA,NA,NA
"TER-EXO-T10",2023-09-19,NA,NA,NA
"TER-EXO-T10",2023-09-20,NA,NA,NA
"TER-EXO-T10",2023-09-21,NA,NA,NA
"TER-EXO-T10",2023-09-22,NA,NA,NA
"TER-EXO-T10",2023-09-23,NA,NA,NA
"TER-EXO-T10",2023-09-24,NA,NA,NA
"TER-EXO-T10",2023-09-25,NA,NA,NA
"TER-EXO-T10",2023-09-26,NA,NA,NA
"TER-EXO-T10",2023-09-27,NA,NA,NA
"TER-EXO-T10",2023-09-28,NA,NA,NA
"TER-EXO-T10",2023-09-29,NA,NA,NA
"TER-EXO-T10",2023-09-30,NA,NA,NA
"TER-EXO-T10",2023-10-01,NA,NA,NA
"TER-EXO-T10",2023-10-02,NA,NA,NA
"TER-EXO-T10",2023-10-03,NA,NA,NA
"TER-EXO-T10",2023-10-04,NA,NA,NA
"TER-EXO-T10",2023-10-05,NA,NA,NA
"TER-EXO-T10",2023-10-06,NA,NA,NA
"TER-EXO-T10",2023-10-07,NA,NA,NA
"TER-EXO-T10",2023-10-08,NA,NA,NA
"TER-EXO-T10",2023-10-09,NA,NA,NA
"TER-EXO-T10",2023-10-10,NA,NA,NA
"TER-EXO-T10",2023-10-11,NA,NA,NA
"TER-EXO-T10",2023-10-12,NA,NA,NA
"TER-EXO-T10",2023-10-13,NA,NA,NA
"TER-EXO-T10",2023-10-14,NA,NA,NA
"TER-EXO-T10",2023-10-15,NA,NA,NA
"TER-EXO-T10",2023-10-16,NA,NA,NA
"TER-EXO-T10",2023-10-17,NA,NA,NA
"TER-EXO-T10",2023-10-18,NA,NA,NA
"TER-EXO-T10",2023-10-19,NA,NA,NA
"TER-EXO-T10",2023-10-20,NA,NA,NA
"TER-EXO-T10",2023-10-21,NA,NA,NA
"TER-EXO-T10",2023-10-22,NA,NA,NA
"TER-EXO-T10",2023-10-23,NA,NA,NA
"TER-EXO-T10",2023-10-24,NA,NA,NA
"TER-EXO-T10",2023-10-25,NA,NA,NA
"TER-EXO-T10",2023-10-26,NA,NA,NA
"TER-EXO-T10",2023-10-27,NA,NA,NA
"TER-EXO-T10",2023-10-28,NA,NA,NA
"TER-EXO-T10",2023-10-29,NA,NA,NA
"TER-EXO-T10",2023-10-30,NA,NA,NA
"TER-EXO-T10",2023-10-31,NA,NA,NA
"TER-EXO-T10",2023-11-01,NA,NA,NA
"TER-EXO-T10",2023-11-02,NA,NA,NA
"TER-EXO-T10",2023-11-03,NA,NA,NA
"TER-EXO-T10",2023-11-04,NA,NA,NA
"TER-EXO-T10",2023-11-05,NA,NA,NA
"TER-EXO-T10",2023-11-06,NA,NA,NA
"TER-EXO-T10",2023-11-07,NA,NA,NA
"TER-EXO-T10",2023-11-08,NA,NA,NA
"TER-EXO-T10",2023-11-09,NA,NA,NA
"TER-EXO-T10",2023-11-10,NA,NA,NA
"TER-EXO-T10",2023-11-11,NA,NA,NA
"TER-EXO-T10",2023-11-12,NA,NA,NA
"TER-EXO-T10",2023-11-13,NA,NA,NA
"TER-EXO-T10",2023-11-14,NA,NA,NA
"TER-EXO-T10",2023-11-15,NA,NA,NA
"TER-EXO-T10",2023-11-16,NA,NA,NA
"TER-EXO-T10",2023-11-17,NA,NA,NA
"TER-EXO-T10",2023-11-18,NA,NA,NA
"TER-EXO-T10",2023-11-19,NA,NA,NA
"TER-EXO-T10",2023-11-20,NA,NA,NA
"TER-EXO-T10",2023-11-21,NA,NA,NA
"TER-EXO-T10",2023-11-22,NA,NA,NA
"TER-EXO-T10",2023-11-23,NA,NA,NA
"TER-EXO-T10",2023-11-24,NA,NA,NA
"TER-EXO-T10",2023-11-25,NA,NA,NA
"TER-EXO-T10",2023-11-26,NA,NA,NA
"TER-EXO-T10",2023-11-27,NA,NA,NA
"TER-EXO-T10",2023-11-28,NA,NA,NA
"TER-EXO-T10",2023-11-29,NA,NA,NA
"TER-EXO-T10",2023-11-30,NA,NA,NA
"TER-EXO-T10",2023-12-01,NA,NA,NA
"TER-EXO-T10",2023-12-02,NA,NA,NA
"TER-EXO-T10",2023-12-03,NA,NA,NA
"TER-EXO-T10",2023-12-04,NA,NA,NA
"TER-EXO-T10",2023-12-05,NA,NA,NA
"TER-EXO-T10",2023-12-06,NA,NA,NA
"TER-EXO-T10",2023-12-07,NA,NA,NA
"TER-EXO-T10",2023-12-08,NA,NA,NA
"TER-EXO-T10",2023-12-09,NA,NA,NA
"TER-EXO-T10",2023-12-10,NA,NA,NA
"TER-EXO-T10",2023-12-11,NA,NA,NA
"TER-EXO-T10",2023-12-12,NA,NA,NA
"TER-EXO-T10",2023-12-13,NA,NA,NA
"TER-EXO-T10",2023-12-14,NA,NA,NA
"TER-EXO-T10",2023-12-15,NA,NA,NA
"TER-EXO-T10",2023-12-16,NA,NA,NA
"TER-EXO-T10",2023-12-17,NA,NA,NA
"TER-EXO-T10",2023-12-18,NA,NA,NA
"TER-EXO-T10",2023-12-19,NA,NA,NA
"TER-EXO-T10",2023-12-20,NA,NA,NA
"TER-EXO-T10",2023-12-21,NA,NA,NA
"TER-EXO-T10",2023-12-22,NA,NA,NA
"TER-EXO-T10",2023-12-23,NA,NA,NA
"TER-EXO-T10",2023-12-24,NA,NA,NA
"TER-EXO-T10",2023-12-25,NA,NA,NA
"TER-EXO-T10",2023-12-26,NA,NA,NA
"TER-EXO-T10",2023-12-27,NA,NA,NA
"TER-EXO-T10",2023-12-28,NA,NA,NA
"TER-EXO-T10",2023-12-29,NA,NA,NA
"TER-EXO-T10",2023-12-30,NA,NA,NA
"TER-EXO-T10",2023-12-31,NA,NA,NA
"TER-EXO-T10",2024-01-01,NA,NA,NA
"TER-EXO-T10",2024-01-02,NA,NA,NA
"TER-EXO-T10",2024-01-03,NA,NA,NA
"TER-EXO-T10",2024-01-04,NA,NA,NA
"TER-EXO-T10",2024-01-05,NA,NA,NA
"TER-EXO-T10",2024-01-06,NA,NA,NA
"TER-EXO-T10",2024-01-07,NA,NA,NA
"TER-EXO-T10",2024-01-08,NA,NA,NA
"TER-EXO-T10",2024-01-09,NA,NA,NA
"TER-EXO-T10",2024-01-10,NA,NA,NA
"TER-EXO-T10",2024-01-11,NA,NA,NA
"TER-EXO-T10",2024-01-12,NA,NA,NA
"TER-EXO-T10",2024-01-13,NA,NA,NA
"TER-EXO-T10",2024-01-14,NA,NA,NA
"TER-EXO-T10",2024-01-15,NA,NA,NA
"TER-EXO-T10",2024-01-16,NA,NA,NA
"TER-EXO-T10",2024-01-17,NA,NA,NA
"TER-EXO-T10",2024-01-18,NA,NA,NA
"TER-EXO-T10",2024-01-19,NA,NA,NA
"TER-EXO-T10",2024-01-20,NA,NA,NA
"TER-EXO-T10",2024-01-21,NA,NA,NA
"TER-EXO-T10",2024-01-22,NA,NA,NA
"TER-EXO-T10",2024-01-23,NA,NA,NA
"TER-EXO-T10",2024-01-24,NA,NA,NA
"TER-EXO-T10",2024-01-25,NA,NA,NA
"TER-EXO-T10",2024-01-26,NA,NA,NA
"TER-EXO-T10",2024-01-27,NA,NA,NA
"TER-EXO-T10",2024-01-28,NA,NA,NA
"TER-EXO-T10",2024-01-29,NA,NA,NA
"TER-EXO-T10",2024-01-30,NA,NA,NA
"TER-EXO-T10",2024-01-31,NA,NA,NA
"TER-EXO-T10",2024-02-01,NA,NA,NA
"TER-EXO-T10",2024-02-02,NA,NA,NA
"TER-EXO-T10",2024-02-03,NA,NA,NA
"TER-EXO-T10",2024-02-04,NA,NA,NA
"TER-EXO-T10",2024-02-05,NA,NA,NA
"TER-EXO-T10",2024-02-06,NA,NA,NA
"TER-EXO-T10",2024-02-07,NA,NA,NA
"TER-EXO-T10",2024-02-08,NA,NA,NA
"TER-EXO-T10",2024-02-09,NA,NA,NA
"TER-EXO-T10",2024-02-10,NA,NA,NA
"TER-EXO-T10",2024-02-11,NA,NA,NA
"TER-EXO-T10",2024-02-12,NA,NA,NA
"TER-EXO-T10",2024-02-13,NA,NA,NA
"TER-EXO-T10",2024-02-14,NA,NA,NA
"TER-EXO-T10",2024-02-15,NA,NA,NA
"TER-EXO-T10",2024-02-16,NA,NA,NA
"TER-EXO-T10",2024-02-17,NA,NA,NA
"TER-EXO-T10",2024-02-18,NA,NA,NA
"TER-EXO-T10",2024-02-19,NA,NA,NA
"TER-EXO-T10",2024-02-20,NA,NA,NA
"TER-EXO-T10",2024-02-21,NA,NA,NA
"TER-EXO-T10",2024-02-22,NA,NA,NA
"TER-EXO-T10",2024-02-23,NA,NA,NA
"TER-EXO-T10",2024-02-24,NA,NA,NA
"TER-EXO-T10",2024-02-25,NA,NA,NA
"TER-EXO-T10",2024-02-26,NA,NA,NA
"TER-EXO-T10",2024-02-27,NA,NA,NA
"TER-EXO-T10",2024-02-28,NA,NA,NA
"TER-EXO-T10",2024-02-29,NA,NA,NA
"TER-EXO-T10",2024-03-01,NA,NA,NA
"TER-EXO-T10",2024-03-02,NA,NA,NA
"TER-EXO-T10",2024-03-03,NA,NA,NA
"TER-EXO-T10",2024-03-04,NA,NA,NA
"TER-EXO-T10",2024-03-05,NA,NA,NA
"TER-EXO-T10",2024-03-06,NA,NA,NA
"TER-EXO-T10",2024-03-07,NA,NA,NA
"TER-EXO-T10",2024-03-08,NA,NA,NA
"TER-EXO-T10",2024-03-09,NA,NA,NA
"TER-EXO-T10",2024-03-10,NA,NA,NA
"TER-EXO-T10",2024-03-11,NA,NA,NA
"TER-EXO-T10",2024-03-12,NA,NA,NA
"TER-EXO-T10",2024-03-13,NA,NA,NA
"TER-EXO-T10",2024-03-14,NA,NA,NA
"TER-EXO-T10",2024-03-15,NA,NA,NA
"TER-EXO-T10",2024-03-16,NA,NA,NA
"TER-EXO-T10",2024-03-17,NA,NA,NA
"TER-EXO-T10",2024-03-18,NA,NA,NA
"TER-EXO-T10",2024-03-19,NA,NA,NA
"TER-EXO-T10",2024-03-20,NA,NA,NA
"TER-EXO-T10",2024-03-21,NA,NA,NA
"TER-EXO-T10",2024-03-22,0.0105210314160487,0.0166547884145632,0.0258577301010187
"TER-EXO-T10",2024-03-23,0.000811770882561196,0.0555871024223283,0.0699836735153425
"TER-EXO-T10",2024-03-24,0.0077533366468981,0.11406614952831,0.136916487785073
"TER-EXO-T10",2024-03-25,0.00650881905777272,0.122798853680472,0.146974925265976
"TER-EXO-T10",2024-03-26,0,0.0435247974533609,0.0621682954597979
"TER-EXO-T10",2024-03-27,0.00298202139568542,0.0677529171414567,0.10341792215938
"TER-EXO-T10",2024-03-28,0,0.0417056274338319,0.0804566988398934
"TER-EXO-T10",2024-03-29,0,0,0.00331400336136689
"TER-EXO-T10",2024-03-30,0,0.0016699327452447,0.00654371019459286
"TER-EXO-T10",2024-03-31,0,0.149354820060973,0.227647529009671
"TER-EXO-T10",2024-04-01,0.000946487399303891,0.142574418582934,0.17354344038645
"TER-EXO-T10",2024-04-02,0,0.0699239404796907,0.0759603683064206
"TER-EXO-T10",2024-04-03,0,0.0203686364613597,0
"TER-EXO-T10",2024-04-04,0,0.101584865114074,0.0864871711628076
"TER-EXO-T10",2024-04-05,0,0.0109662477326131,0.00833307804304032
"TER-EXO-T10",2024-04-06,0,0.086883189208879,0.0766189156028503
"TER-EXO-T10",2024-04-07,0,0.0140901219238719,0.032594608693584
"TER-EXO-T10",2024-04-08,0,0.0034182794993702,0.00490748609263946
"TER-EXO-T10",2024-04-09,0,0.00283113228511702,0.006372867817918
"TER-EXO-T10",2024-04-10,0,0,0
"TER-EXO-T10",2024-04-11,0,0,0
"TER-EXO-T10",2024-04-12,0,0.0160541455885208,0.0291934464159109
"TER-EXO-T10",2024-04-13,0,0,0
"TER-EXO-T10",2024-04-14,0,0,0
"TER-EXO-T10",2024-04-15,0,0,0
"TER-EXO-T10",2024-04-16,0,0,0
"TER-EXO-T10",2024-04-17,0,0,0
"TER-EXO-T10",2024-04-18,0,0.00173138529673452,0.0151406155374527
"TER-EXO-T10",2024-04-19,0,0.0171797848865342,0.0244929394832364
"TER-EXO-T10",2024-04-20,0.00509026542472503,0.0763675138942506,0.122103869999713
"TER-EXO-T10",2024-04-21,0.00260447970764222,0,0.0329621906352264
"TER-EXO-T10",2024-04-22,0.000967198643798734,0.00033305607679255,0.00647153333536891
"TER-EXO-T10",2024-04-23,0,0,0.0100966551199566
"TER-EXO-T10",2024-04-24,0.00778388926751589,0.0247173578321115,0.0557830484028036
"TER-EXO-T10",2024-04-25,0.0153509382453629,0.0689370406829861,0.137218586237589
"TER-EXO-T10",2024-04-26,0.0134081292857428,0.0775294938297609,0.118088493592256
"TER-EXO-T10",2024-04-27,0.0427951840158624,0.204336540161051,0.257691974417841
"TER-EXO-T10",2024-04-28,0.0753917561855448,0.285325370371541,0.362237681203036
"TER-EXO-T10",2024-04-29,0.0460490517107467,0.224226280399674,0.307656628081922
"TER-EXO-T10",2024-04-30,0.037081166124013,0.219364383743204,0.30079609272326
"TER-EXO-T10",2024-05-01,0.00366454178243089,0.060576979434532,0.100601011558545
"TER-EXO-T10",2024-05-02,0,0,0.0256435611285817
"TER-EXO-T10",2024-05-03,0.000378841574482209,0.0298575888294861,0.0787247695636597
"TER-EXO-T10",2024-05-04,0.00152764139263048,0.102722526106957,0.219864052990692
"TER-EXO-T10",2024-05-05,0.0133561442053824,0.149797453911615,0.264624344296779
"TER-EXO-T10",2024-05-06,0,0,0.0139513568249995
"TER-EXO-T10",2024-05-07,0,0.0110989179912299,0.0621515605277488
"TER-EXO-T10",2024-05-08,0,0.014173722014677,0.0563472892263367
"TER-EXO-T10",2024-05-09,0.00111298477280639,0.091864570195053,0.0667261718264821
"TER-EXO-T10",2024-05-10,0.0348970764941106,0.214454885792154,0.245303117522502
"TER-EXO-T10",2024-05-11,0.0345146978463946,0.120031396957035,0.142389032333967
"TER-EXO-T10",2024-05-12,0.0453161042565927,0.148647142572601,0.162023967469077
"TER-EXO-T10",2024-05-13,0.0119374467244871,0.0585638488371305,0.0535477384064761
"TER-EXO-T10",2024-05-14,0.0608694434337752,0.232521414729315,0.231688281676004
"TER-EXO-T10",2024-05-15,0.0312675737394946,0.0806964006958883,0.075497816802991
"TER-EXO-T10",2024-05-16,0.000312043925685496,0.00321512986554421,0
"TER-EXO-T10",2024-05-17,0.015207991046918,0.104254012263486,0.111352877847507
"TER-EXO-T10",2024-05-18,0.0461995980142748,0.208180790894919,0.215875839911809
"TER-EXO-T10",2024-05-19,0.045247468993377,0.220623596045163,0.230201668634543
"TER-EXO-T10",2024-05-20,0.0294468779164567,0.108712838040367,0.101388501379692
"TER-EXO-T10",2024-05-21,0.00822815677120065,0.0579591304975453,0.04366588524104
"TER-EXO-T10",2024-05-22,0.00512341923478093,0.0402365996841303,0.0348651302056503
"TER-EXO-T10",2024-05-23,0,0,0
"TER-EXO-T10",2024-05-24,0,0.0203137042278571,0.0185594448076832
"TER-EXO-T10",2024-05-25,0.0170263319209578,0.176375837494164,0.180040329223205
"TER-EXO-T10",2024-05-26,0.0297347570969655,0.156632899317946,0.152808355289034
"TER-EXO-T10",2024-05-27,0.0533129962046375,0.188180192390675,0.182124685327533
"TER-EXO-T10",2024-05-28,0.0842693642737023,0.186962496495186,0.169749870990092
"TER-EXO-T10",2024-05-29,0.000391116669183863,0,0
"TER-EXO-T10",2024-05-30,0.00879850983640557,0.0962369789324931,0.0792961776061405
"TER-EXO-T10",2024-05-31,0.0051847566397387,0.0687013730766764,0.0428983492832321
"TER-EXO-T10",2024-06-01,0.031121763063631,0.147534657395918,0.158919359636538
"TER-EXO-T10",2024-06-02,0.0231592957537588,0.0935002468581622,0.0888165129159545
"TER-EXO-T10",2024-06-03,0,0.0319755682419273,0.0197487417613132
"TER-EXO-T10",2024-06-04,0.000769958243666072,0.056423585173246,0.0473728907212678
"TER-EXO-T10",2024-06-05,0.000301981947751007,0.0141997539146348,0.000688041836446274
"TER-EXO-T10",2024-06-06,0.0255131741676761,0.122202254410184,0.12853757954526
"TER-EXO-T10",2024-06-07,0.0467097439478113,0.143236621686542,0.138627762269949
"TER-EXO-T10",2024-06-08,0.0569034365616486,0.148639724660245,0.159868499555871
"TER-EXO-T10",2024-06-09,0.0815676352311637,0.222349188761782,0.235403260952877
"TER-EXO-T10",2024-06-10,0.0949014349920162,0.197566863520046,0.212408305859806
"TER-EXO-T10",2024-06-11,0.0967925412534568,0.191864103230948,0.205789776414348
"TER-EXO-T10",2024-06-12,0.125136125887444,0.279733988622315,0.319790721929179
"TER-EXO-T10",2024-06-13,0.0179298765221142,0.043948017301412,0.0127565887412941
"TER-EXO-T10",2024-06-14,0.0296612880063997,0.111411191874966,0.117825261026885
"TER-EXO-T10",2024-06-15,0.0974829602210638,0.237683259621438,0.258327242867944
"TER-EXO-T10",2024-06-16,0.0483694820366989,0.0930212182537928,0.071920867800746
"TER-EXO-T10",2024-06-17,0.0424713164034939,0.11974480146525,0.1167011309092
"TER-EXO-T10",2024-06-18,0.0964983734657863,0.204342560338093,0.208495189844155
"TER-EXO-T10",2024-06-19,0.08468370583206,0.193069572790356,0.1857938824895
"TER-EXO-T10",2024-06-20,0.118470200692948,0.292531256185879,0.298073945740148
"TER-EXO-T10",2024-06-21,0.127358355488889,0.328486867087491,0.333626087927515
"TER-EXO-T10",2024-06-22,0.0606222593756103,0.179909173869717,0.162749260900458
"TER-EXO-T10",2024-06-23,0.0868780285814462,0.161605802408494,0.13382499525103
"TER-EXO-T10",2024-06-24,0.00453304175183285,0.0293592204094103,0
"TER-EXO-T10",2024-06-25,0.0646239355969357,0.191077598658998,0.20766384268008
"TER-EXO-T10",2024-06-26,0.120846060076737,0.233578680102041,0.265466498825338
"TER-EXO-T10",2024-06-27,0.116227432491207,0.0857834464609621,0.0486839066410316
"TER-EXO-T10",2024-06-28,0.133999069375435,0.193951761050847,0.183948452045106
"TER-EXO-T10",2024-06-29,0.0961668445787264,0.113051209065877,0.0896823695482742
"TER-EXO-T10",2024-06-30,0.0859426647940769,0.0860083252404758,0.0401426219231423
"TER-EXO-T10",2024-07-01,0.111954108827545,0.209185340565865,0.216440471415204
"TER-EXO-T10",2024-07-02,0.142948496349319,0.222365198830368,0.19914785033812
"TER-EXO-T10",2024-07-03,0.109549982236815,0.173053374356463,0.155737758162728
"TER-EXO-T10",2024-07-04,0.182621958060369,0.306607256500627,0.311033861961399
"TER-EXO-T10",2024-07-05,0.140361535520742,0.20824514419013,0.215503410494904
"TER-EXO-T10",2024-07-06,0.13797410167384,0.10970047358485,0.0669381564224665
"TER-EXO-T10",2024-07-07,0.160080727382343,0.173778482204415,0.151906754489105
"TER-EXO-T10",2024-07-08,0.115759694172717,0.0214584709164494,0.0138124045056192
"TER-EXO-T10",2024-07-09,0.120412748797904,0.128824634274746,0.105018233813849
"TER-EXO-T10",2024-07-10,0.107787651685569,0.160404767308575,0.123494967870196
"TER-EXO-T10",2024-07-11,0.113135868326984,0.225251638146409,0.196167828500941
"TER-EXO-T10",2024-07-12,0.111403083963822,0.0887972589734326,0.0724599864447391
"TER-EXO-T10",2024-07-13,0.0859863308519808,0.1102562753167,0.115948724690181
"TER-EXO-T10",2024-07-14,0.0781193858201619,0.282345026161912,0.282743843865375
"TER-EXO-T10",2024-07-15,0.097643555584496,0.0824005478031281,0.0499638898646633
"TER-EXO-T10",2024-07-16,0.10387145644719,0.178500654093775,0.155058337140073
"TER-EXO-T10",2024-07-17,0.0873572554175836,0.0102627539892686,0.00188945035045505
"TER-EXO-T10",2024-07-18,0.0823050116957758,0.0873166830801698,0.0935429235598503
"TER-EXO-T10",2024-07-19,0.082052562178409,0.214240023191618,0.235537382179823
"TER-EXO-T10",2024-07-20,NA,NA,NA
"TER-EXO-T10",2024-07-21,0.195028355755105,0.269674228977012,0.247878194019155
"TER-EXO-T10",2024-07-22,0.129060035968333,0.27806486243298,0.25043151344767
"TER-EXO-T10",2024-07-23,0.170197065869624,0.196812050698345,0.172499605056223
"TER-EXO-T10",2024-07-24,0.171424999223835,0.195990175478774,0.179164368127307
"TER-EXO-T10",2024-07-25,0.193461351643515,0.248408964853209,0.243669349809512
"TER-EXO-T10",2024-07-26,0.214002616103687,0.233938161841891,0.1809977956725
"TER-EXO-T10",2024-07-27,0.187913883864387,0.20478485309676,0.177613912655762
"TER-EXO-T10",2024-07-28,0.190790121827905,0.221848892065844,0.176574446938795
"TER-EXO-T10",2024-07-29,0.131223173381937,0.159424079547719,0.118065556166568
"TER-EXO-T10",2024-07-30,0.104829391011272,0.0621444744538622,0.0487974700358429
"TER-EXO-T10",2024-07-31,0.0943151985128145,0.0934880247883555,0.0572003814881917
"TER-EXO-T10",2024-08-01,0.0994571303657516,0.196596199742886,0.192026492162443
"TER-EXO-T10",2024-08-02,0.116138957562328,0.196184803395586,0.164468724602
"TER-EXO-T10",2024-08-03,0.181876588598394,0.256176665077061,0.256056875904818
"TER-EXO-T10",2024-08-04,0.222073234444325,0.336910350411193,0.350181384916502
"TER-EXO-T10",2024-08-05,0.261192821583216,0.40630140065002,0.415004599807842
"TER-EXO-T10",2024-08-06,0.119176466981778,0.142255458524605,0.0942952125419267
"TER-EXO-T10",2024-08-07,0.16784094264571,0.234851979707127,0.231595356398541
"TER-EXO-T10",2024-08-08,0.197273337642352,0.276617632486714,0.261464488230125
"TER-EXO-T10",2024-08-09,0.17546860478843,0.240146706937993,0.207383894267241
"TER-EXO-T10",2024-08-10,0.184861455279528,0.238659723262549,0.185485473319698
"TER-EXO-T10",2024-08-11,0.124470218313443,0.218248799901304,0.193839263094027
"TER-EXO-T10",2024-08-12,0.179594497008919,0.293083311520621,0.295481125465733
"TER-EXO-T10",2024-08-13,0.16579896703989,0.221034214084187,0.184704504935414
"TER-EXO-T10",2024-08-14,0.206450678264581,0.289692210881831,0.265878961579623
"TER-EXO-T10",2024-08-15,0.213140527617151,0.273384439679369,0.244817031539968
"TER-EXO-T10",2024-08-16,0.211420071349543,0.23919310630916,0.202529224865237
"TER-EXO-T10",2024-08-17,0.187997888186749,0.204645644272923,0.157622632316872
"TER-EXO-T10",2024-08-18,0.194333003014169,0.25680639828841,0.219927781132548
"TER-EXO-T10",2024-08-19,0.219195717818073,0.311179983012261,0.292392267169285
"TER-EXO-T10",2024-08-20,0.110082387001192,0.105482362745987,0.0448076552317528
"TER-EXO-T10",2024-08-21,0.113835509142484,0.21468291877352,0.171020956732431
"TER-EXO-T10",2024-08-22,0.192003030016202,0.39493112713248,0.398914601271878
"TER-EXO-T10",2024-08-23,0.11737988772194,0.150545400068101,0.100059812917211
"TER-EXO-T10",2024-08-24,0.0956983481308522,0.224802128139889,0.195263676299646
"TER-EXO-T10",2024-08-25,0.186147124446985,0.386077752320786,0.345189040757738
"TER-EXO-T10",2024-08-26,0.134586240158756,0.265783260804523,0.216922289521088
"TER-EXO-T10",2024-08-27,0.154550695683681,0.270784154557207,0.214726015548336
"TER-EXO-T10",2024-08-28,0.164737492027415,0.274742042596617,0.242778605900172
"TER-EXO-T10",2024-08-29,0.164129630792051,0.281599552349675,0.232901834739018
"TER-EXO-T10",2024-08-30,0.228222586576636,0.42595310449273,0.390164723019862
"TER-EXO-T10",2024-08-31,0.21435839451728,0.347106436608195,0.280626512857312
"TER-EXO-T10",2024-09-01,0.0913828958936668,0.184339928459606,0.128506960682564
"TER-EXO-T10",2024-09-02,0.0947284477416827,0.2589166983853,0.227504186046578
"TER-EXO-T10",2024-09-03,0.16421560753554,0.360189425982668,0.340760316413671
"TER-EXO-T10",2024-09-04,0.170573173045631,0.331985114892102,0.285363994017923
"TER-EXO-T10",2024-09-05,0.177621453911426,0.348299779742143,0.299655220391672
"TER-EXO-T10",2024-09-06,0.209170397849752,0.423938172977081,0.375987334486608
"TER-EXO-T10",2024-09-07,0.14070536687787,0.213776636869795,0.159760214065109
"TER-EXO-T10",2024-09-08,0.0839633200202533,0.111036360070885,0.0846214719986864
"TER-EXO-T10",2024-09-09,0.0798100527263899,0.0991764313534964,0.063347407671469
"TER-EXO-T10",2024-09-10,0.0805105077127103,0.101472192757222,0.0758430436388557
"TER-EXO-T10",2024-09-11,0.0817544493585266,0.220526812098658,0.187249555646143
"TER-EXO-T10",2024-09-12,0.144616217399881,0.344729639141952,0.313761863847167
"TER-EXO-T10",2024-09-13,0.164801831398448,0.314503003780224,0.264428454382627
"TER-EXO-T10",2024-09-14,0.120410216399852,0.179833873835933,0.140175229527842
"TER-EXO-T10",2024-09-15,0.194585764523522,0.368058706689481,0.327563763183221
"TER-EXO-T10",2024-09-16,0.105323070030728,0.146854205899647,0.0982493608778285
"TER-EXO-T10",2024-09-17,0.0870294688216271,0.190279711533036,0.151551970202289
"TER-EXO-T10",2024-09-18,0.111893390537868,0.272446333562562,0.233809626864637
"TER-EXO-T10",2024-09-19,0.108788745847394,0.210254069773653,0.17574195138441
"TER-EXO-T10",2024-09-20,0.0787604694063085,0.103331554053062,0.0814392783616711
"TER-EXO-T10",2024-09-21,0.0785076774000184,0.187086674890657,0.163787465904412
"TER-EXO-T10",2024-09-22,0.103446801251796,0.177630496579183,0.154911878663047
"TER-EXO-T10",2024-09-23,0.118361094309563,0.306565307005312,0.285909483897282
"TER-EXO-T10",2024-09-24,0.14823146311601,0.264933712574083,0.208946047796082
"TER-EXO-T10",2024-09-25,0.101026164988879,0.0730423265974169,0.0518469232009539
"TER-EXO-T10",2024-09-26,0.0706280906779748,0.178650361672447,0.182077351928833
"TER-EXO-T10",2024-09-27,0.08267890029505,0.153949937983342,0.114237756323726
"TER-EXO-T10",2024-09-28,0.0927550621017273,0.146082772816323,0.115251368565992
"TER-EXO-T10",2024-09-29,0.0933989598669423,0.0632707860846951,0.0247769849105141
"TER-EXO-T10",2024-09-30,0.103054850816261,0.129625140785144,0.118048588399873
"TER-EXO-T10",2024-10-01,0.140297316102303,0.180596399438468,0.126179553550715
"TER-EXO-T10",2024-10-02,0.152104651080725,0.17774845686835,0.118823827090439
"TER-EXO-T10",2024-10-03,0.179239176071649,0.217394780837966,0.156126809771348
"TER-EXO-T10",2024-10-04,0.118165413120778,0.0883103627370621,0.0471620223458991
"TER-EXO-T10",2024-10-05,0.0723756827292505,0.0236429086033748,0.0432784296895401
"TER-EXO-T10",2024-10-06,0.0823766386082372,0.166381758576862,0.165987614833335
"TER-EXO-T10",2024-10-07,0.129188023203641,0.164613519406205,0.126328442334474
"TER-EXO-T10",2024-10-08,0.1186299657136,0.185959704705853,0.146944252944572
"TER-EXO-T10",2024-10-09,0.100213754000174,0.116121592418881,0.0825675738629951
"TER-EXO-T10",2024-10-10,0.0706598985650736,0.0478697760661916,0.0146137667632601
"TER-EXO-T10",2024-10-11,0.117731163354176,0.265992008824655,0.231655114979487
"TER-EXO-T10",2024-10-12,0.153025256840447,0.24384469499662,0.207032952668648
"TER-EXO-T10",2024-10-13,0.0808138720682124,0.0229075938287633,0
"TER-EXO-T10",2024-10-14,0.0678531784256707,0.00493679786182201,0
"TER-EXO-T10",2024-10-15,0.0608242937658695,0.0872887581567576,0.098709058485128
"TER-EXO-T10",2024-10-16,0.120076910180203,0.233513409928892,0.212643039792464
"TER-EXO-T10",2024-10-17,0.12252033733592,0.174449550972137,0.142455526191861
"TER-EXO-T10",2024-10-18,0.138575924963935,0.210877018448192,0.185008962286856
"TER-EXO-T10",2024-10-19,0.0799295109202459,0.0880117253988644,0.0598907243343143
"TER-EXO-T10",2024-10-20,0.0505263557578633,0.0423998221413731,0.0307469524603127
"TER-EXO-T10",2024-10-21,0.0742263297413308,0.184335398714659,0.155094433248913
"TER-EXO-T10",2024-10-22,0.137215535103987,0.207635239333261,0.163410844558145
"TER-EXO-T10",2024-10-23,0.0707542566899552,0.0185891644294025,0
"TER-EXO-T10",2024-10-24,0.120851704310302,0.282931432636473,0.246137248674519
"TER-EXO-T10",2024-10-25,0.135770529851731,0.279826380064266,0.242385468175702
"TER-EXO-T10",2024-10-26,0.116755036033991,0.242389539329826,0.210760920423497
"TER-EXO-T10",2024-10-27,0.105515513356613,0.195926525342668,0.164599011474053
"TER-EXO-T10",2024-10-28,0.13711877965855,0.269133985362231,0.23263836906001
"TER-EXO-T10",2024-10-29,0.0588841223451782,0.0921326677935443,0.0756355489867439
"TER-EXO-T10",2024-10-30,0.0603796224236531,0.0753226526913292,0.0511540670351009
"TER-EXO-T10",2024-10-31,0.0645864800773179,0.0844585138497447,0.0611938199263971
"TER-EXO-T10",2024-11-01,0.0716862377863193,0.018001974702773,0
"TER-EXO-T10",2024-11-02,NA,0.030112715469032,0.018369485237953
"TER-EXO-T10",2024-11-03,NA,0.0147508645215919,0.00145601930264912
"TER-EXO-T10",2024-11-04,NA,0.0441550052040605,0.0666971421135785
"TER-EXO-T10",2024-11-05,NA,0.0554039911983303,0.033523448379238
"TER-EXO-T10",2024-11-06,NA,0.0875106817738302,0.058718593845927
"TER-EXO-T10",2024-11-07,NA,0.0841095691222657,0.0988737000871015
"TER-EXO-T10",2024-11-08,NA,0.0296175014119443,0.0302469576160213
"TER-EXO-T10",2024-11-09,NA,0.125391830558378,0.0995233853820582
"TER-EXO-T10",2024-11-10,NA,0.0997393528614165,0.0668633516442914
"TER-EXO-T10",2024-11-11,NA,0.158249025129555,0.116543867916271
"TER-EXO-T10",2024-11-12,NA,0.0226668875183972,0.00208358935879945
"TER-EXO-T10",2024-11-13,NA,0.0435682965104114,0.033888496012642
"TER-EXO-T10",2024-11-14,NA,0.098520089431718,0.0692662814202584
"TER-EXO-T10",2024-11-15,NA,0.128681115230738,0.0946977495779274
"TER-EXO-T10",2024-11-16,NA,0.177264491306499,0.140437962509753
"TER-EXO-T10",2024-11-17,NA,0.0847696098489212,0.0518635763043283
"TER-EXO-T10",2024-11-18,NA,0.0273942061945588,0.00704900181979646
"TER-EXO-T10",2024-11-19,NA,0.12105796068424,0.101336758454039
"TER-EXO-T10",2024-11-20,NA,0.116777150158185,0.0895759201170906
"TER-EXO-T10",2024-11-21,NA,0.0707137418884623,0.0459506123854323
"TER-EXO-T10",2024-11-22,NA,0.0438997089714291,0.0159137220203388
"TER-EXO-T10",2024-11-23,NA,0.0163071647882416,0.00887832672946613
"TER-EXO-T10",2024-11-24,NA,0.187267868727073,0.161028053532584
"TER-EXO-T10",2024-11-25,NA,0.109224252908143,0.0847832249651822
"TER-EXO-T10",2024-11-26,NA,0.0606657280543958,0.0466810341954544
"TER-EXO-T10",2024-11-27,NA,0.0740319451120998,0.060393466434721
"TER-EXO-T10",2024-11-28,NA,0.149413668575225,0.117242259616764
"TER-EXO-T10",2024-11-29,NA,0.12305586387986,0.0904404465687286
"TER-EXO-T10",2024-11-30,NA,0.0523682017078931,0.0524890866822331
"TER-EXO-T10",2024-12-01,NA,0.020262970480965,0.0251790194929014
"TER-EXO-T10",2024-12-02,NA,0.0290116853788225,0.0307519113193658
"TER-EXO-T10",2024-12-03,NA,0.0691882954434142,0.0536269585741681
"TER-EXO-T10",2024-12-04,NA,0.159843983046435,0.124889993224387
"TER-EXO-T10",2024-12-05,NA,0.133722794486202,0.0972460988902406
"TER-EXO-T10",2024-12-06,NA,0.109726228262392,0.0742314990160964
"TER-EXO-T10",2024-12-07,NA,0.0955815286879606,0.0710182364829231
"TER-EXO-T10",2024-12-08,NA,0.114006874313337,0.0837164435317253
"TER-EXO-T10",2024-12-09,NA,0.169987392878629,0.140097799757327
"TER-EXO-T10",2024-12-10,NA,0.136723523404446,0.104822071647323
"TER-EXO-T10",2024-12-11,NA,0.017563271620172,0.0145192244967001
"TER-EXO-T10",2024-12-12,NA,0.0220418339201554,0.0221289326871658
"TER-EXO-T10",2024-12-13,NA,0.0217859439922975,0.0225054263667653
"TER-EXO-T10",2024-12-14,NA,0.148802117504088,0.130199796565837
"TER-EXO-T10",2024-12-15,NA,0.0467137488646664,0.0294332123280691
"TER-EXO-T10",2024-12-16,NA,0.0105537628907754,0.0140796153293971
"TER-EXO-T10",2024-12-17,NA,0.111163928405362,0.110065039573214
"TER-EXO-T10",2024-12-18,NA,0.0488239040663565,0.0375985013820118
"TER-EXO-T10",2024-12-19,NA,0.00715491171101092,0.0170837186058403
"TER-EXO-T10",2024-12-20,NA,0.10633590906708,0.107902926452212
"TER-EXO-T10",2024-12-21,NA,0.13987321097308,0.112115049303295
"TER-EXO-T10",2024-12-22,NA,0.117832038870665,0.0865530782301637
"TER-EXO-T10",2024-12-23,NA,0.117988352332741,0.0917840665848521
"TER-EXO-T10",2024-12-24,NA,0.165459367880154,0.141547092047303
"TER-EXO-T10",2024-12-25,NA,0.091427937309021,0.0740866442017229
"TER-EXO-T10",2024-12-26,NA,0.115699105389823,0.0862007886755228
"TER-EXO-T10",2024-12-27,NA,0.144013556778754,0.105666821343516
"TER-EXO-T10",2024-12-28,NA,0.198624033767592,0.154236993988238
"TER-EXO-T10",2024-12-29,NA,0.166648165527857,0.124204110382511
"TER-EXO-T10",2024-12-30,NA,0.153314463420982,0.10847056596438
"TER-EXO-T10",2024-12-31,NA,0.0686802904914197,0.0378327038233087
"TER-EXO-T10",2025-01-01,NA,0.018214013621381,0
"TER-EXO-T10",2025-01-02,NA,0.0198520393876955,0.00557520248331462
"TER-EXO-T10",2025-01-03,NA,0.0125606683471894,0
"TER-EXO-T10",2025-01-04,NA,0.0215557400294319,0
"TER-EXO-T10",2025-01-05,NA,0.121813053220565,0.0614692941436274
"TER-EXO-T10",2025-01-06,NA,0.0374570192607871,0
"TER-EXO-T10",2025-01-07,NA,0.0981888763140815,0.0467658031944711
"TER-EXO-T10",2025-01-08,NA,0.104350995729919,0.0458866737565953
"TER-EXO-T10",2025-01-09,NA,0.0220118474241875,0
"TER-EXO-T10",2025-01-10,NA,0.0149899539497382,0
"TER-EXO-T10",2025-01-11,NA,0.0139212038680862,NA
"TER-EXO-T10",2025-01-12,NA,0.0253830482807444,NA
"TER-EXO-T10",2025-01-13,NA,0.0616952289849031,NA
"TER-EXO-T10",2025-01-14,NA,0.0364861722708097,NA
"TER-EXO-T10",2025-01-15,NA,0.0518550680847718,NA
"TER-EXO-T10",2025-01-16,NA,0.0142861212863053,NA
"TER-EXO-T10",2025-01-17,NA,0.00875740972002105,NA
"TER-EXO-T10",2025-01-18,NA,0.0235124132511368,NA
"TER-EXO-T10",2025-01-19,NA,0.0393800609360273,NA
"TER-EXO-T10",2025-01-20,NA,0.018239838911082,NA
"TER-EXO-T10",2025-01-21,NA,0.0578066894293115,NA
"TER-EXO-T10",2025-01-22,NA,0.182848673503397,NA
"TER-EXO-T10",2025-01-23,NA,0.0698943295815314,NA
"TER-EXO-T10",2025-01-24,NA,0.0312468331526801,NA
"TER-EXO-T10",2025-01-25,NA,0.0542424074089753,NA
"TER-EXO-T10",2025-01-26,NA,0.0949626036157359,NA
"TER-EXO-T10",2025-01-27,NA,0.203502794621238,NA
"TER-EXO-T10",2025-01-28,NA,0.153756449067659,NA
"TER-EXO-T10",2025-01-29,NA,0.0931443195039428,NA
"TER-EXO-T10",2025-01-30,NA,0.0905962998476095,NA
"TER-EXO-T10",2025-01-31,NA,0.0459730304500124,NA
"TER-EXO-T10",2025-02-01,NA,0.0313308750603189,NA
"TER-EXO-T10",2025-02-02,NA,0.0334707748987508,NA
"TER-EXO-T10",2025-02-03,NA,0.023211937290871,NA
"TER-EXO-T10",2025-02-04,NA,0.0171725214061458,NA
"TER-EXO-T10",2025-02-05,NA,0.0282300876879373,NA
"TER-EXO-T10",2025-02-06,NA,0.124532068070163,NA
"TER-EXO-T10",2025-02-07,NA,0.0310803009507361,NA
"TER-EXO-T10",2025-02-08,NA,0.0152185610997696,NA
"TER-EXO-T10",2025-02-09,NA,0.0131154482404015,NA
"TER-EXO-T10",2025-02-10,NA,0.0167011470783545,NA
"TER-EXO-T10",2025-02-11,NA,0.035850513380518,NA
"TER-EXO-T10",2025-02-12,NA,NA,NA
"TER-EXO-T10",2025-02-13,NA,NA,NA
"TER-EXO-T10",2025-02-14,NA,NA,NA
"TER-EXO-T10",2025-02-15,NA,NA,NA
"TER-EXO-T10",2025-02-16,NA,NA,NA
"TER-EXO-T10",2025-02-17,NA,NA,NA
"TER-EXO-T10",2025-02-18,NA,NA,NA
"TER-EXO-T10",2025-02-19,NA,NA,NA
"TER-EXO-T10",2025-02-20,NA,NA,NA
"TER-EXO-T10",2025-02-21,NA,NA,NA
"TER-EXO-T10",2025-02-22,NA,NA,NA
"TER-EXO-T10",2025-02-23,NA,NA,NA
"TER-EXO-T10",2025-02-24,NA,NA,NA
"TER-EXO-T10",2025-02-25,NA,NA,NA
"TER-EXO-T10",2025-02-26,NA,NA,NA
"TER-EXO-T10",2025-02-27,NA,NA,NA
"TER-EXO-T10",2025-02-28,NA,NA,NA
"TER-EXO-T10",2025-03-01,NA,NA,NA
"TER-EXO-T10",2025-03-02,NA,NA,NA
"TER-EXO-T10",2025-03-03,NA,NA,NA
"TER-EXO-T10",2025-03-04,NA,NA,NA
"TER-EXO-T10",2025-03-05,NA,NA,NA
"TER-EXO-T10",2025-03-06,NA,NA,NA
"TER-EXO-T10",2025-03-07,NA,NA,NA
"TER-EXO-T10",2025-03-08,NA,NA,NA
"TER-EXO-T10",2025-03-09,NA,NA,NA
"TER-EXO-T10",2025-03-10,NA,NA,NA
"TER-EXO-T10",2025-03-11,NA,NA,NA
"TER-EXO-T10",2025-03-12,NA,NA,NA
"TER-EXO-T10",2025-03-13,NA,NA,NA
"TER-EXO-T10",2025-03-14,NA,NA,NA
"TER-EXO-T10",2025-03-15,NA,NA,NA
"TER-EXO-T10",2025-03-16,NA,NA,NA
"TER-EXO-T10",2025-03-17,NA,NA,NA
"TER-EXO-T10",2025-03-18,NA,NA,NA
"TER-EXO-T10",2025-03-19,NA,NA,NA
"TER-EXO-T10",2025-03-20,NA,NA,NA
"TER-EXO-T10",2025-03-21,NA,NA,NA
"TER-EXO-T10",2025-03-22,NA,NA,NA
"TER-EXO-T10",2025-03-23,NA,NA,NA
"TER-EXO-T10",2025-03-24,NA,NA,NA
"TER-EXO-T10",2025-03-25,NA,NA,NA
"TER-EXO-T10",2025-03-26,NA,NA,NA
"TER-EXO-T10",2025-03-27,NA,NA,NA
"TER-EXO-T10",2025-03-28,NA,NA,NA
"TER-EXO-T10",2025-03-29,NA,NA,NA
"TER-EXO-T10",2025-03-30,NA,NA,NA
"TER-EXO-T10",2025-03-31,NA,NA,NA
"TER-EXO-T10",2025-04-01,NA,NA,NA
"TER-EXO-T10",2025-04-02,NA,NA,NA
"TER-EXO-T10",2025-04-03,NA,NA,NA
"TER-EXO-T10",2025-04-04,NA,NA,NA
"TER-EXO-T10",2025-04-05,NA,NA,NA
"TER-EXO-T10",2025-04-06,NA,NA,NA
"TER-EXO-T10",2025-04-07,NA,NA,NA
"TER-EXO-T10",2025-04-08,NA,NA,NA
"TER-EXO-T10",2025-04-09,NA,NA,NA
"TER-EXO-T10",2025-04-10,NA,NA,NA
"TER-EXO-T10",2025-04-11,NA,NA,NA
"TER-EXO-T10",2025-04-12,NA,NA,NA
"TER-EXO-T10",2025-04-13,NA,NA,NA
"TER-EXO-T10",2025-04-14,NA,NA,NA
"TER-EXO-T10",2025-04-15,NA,NA,NA
"TER-EXO-T10",2025-04-16,NA,NA,NA
"TER-EXO-T10",2025-04-17,NA,NA,NA
"TER-EXO-T10",2025-04-18,NA,NA,NA
"TER-EXO-T10",2025-04-19,NA,NA,NA
"TER-EXO-T10",2025-04-20,NA,NA,NA
"TER-EXO-T10",2025-04-21,NA,NA,NA
"TER-EXO-T10",2025-04-22,NA,NA,NA
"TER-EXO-T10",2025-04-23,NA,NA,NA
"TER-EXO-T10",2025-04-24,NA,NA,NA
"TER-EXO-T10",2025-04-25,NA,NA,NA
"TER-EXO-T10",2025-04-26,NA,NA,NA
"TER-EXO-T10",2025-04-27,NA,NA,NA
"TER-EXO-T10",2025-04-28,NA,NA,NA
"TER-EXO-T10",2025-04-29,NA,NA,NA
"TER-EXO-T10",2025-04-30,NA,NA,NA
"TER-EXO-T10",2025-05-01,NA,NA,NA
"TER-EXO-T10",2025-05-02,NA,NA,NA
"TER-EXO-T10",2025-05-03,NA,NA,NA
"TER-EXO-T10",2025-05-04,NA,NA,NA
"TER-EXO-T10",2025-05-05,NA,NA,NA
"TER-EXO-T10",2025-05-06,NA,NA,NA
"TER-EXO-T10",2025-05-07,NA,NA,NA
"TER-EXO-T10",2025-05-08,NA,NA,NA
"TER-EXO-T10",2025-05-09,NA,NA,NA
"TER-EXO-T10",2025-05-10,NA,NA,NA
"TER-EXO-T10",2025-05-11,NA,NA,NA
"TER-EXO-T10",2025-05-12,NA,NA,NA
"TER-EXO-T10",2025-05-13,NA,NA,NA
"TER-EXO-T10",2025-05-14,NA,NA,NA
"TER-EXO-T10",2025-05-15,NA,NA,NA
"TER-EXO-T10",2025-05-16,NA,NA,NA
"TER-EXO-T10",2025-05-17,NA,NA,NA
"TER-EXO-T10",2025-05-18,NA,NA,NA
"TER-EXO-T10",2025-05-19,NA,NA,NA
"TER-EXO-T10",2025-05-20,NA,NA,NA
"TER-EXO-T10",2025-05-21,NA,NA,NA
"TER-EXO-T10",2025-05-22,NA,NA,NA
"TER-EXO-T10",2025-05-23,NA,NA,NA
"TER-EXO-T10",2025-05-24,NA,NA,NA
"TER-EXO-T10",2025-05-25,NA,NA,NA
"TER-EXO-T10",2025-05-26,NA,NA,NA
"TER-EXO-T10",2025-05-27,NA,NA,NA
"TER-EXO-T10",2025-05-28,NA,NA,NA
"TER-EXO-T10",2025-05-29,NA,NA,NA
"TER-EXO-T10",2025-05-30,NA,NA,NA
"TER-EXO-T10",2025-05-31,NA,NA,NA
"TER-EXO-T10",2025-06-01,NA,NA,NA
"TER-EXO-T10",2025-06-02,NA,NA,NA
"TER-EXO-T10",2025-06-03,NA,NA,NA
"TER-EXO-T10",2025-06-04,NA,NA,NA
"TER-EXO-T10",2025-06-05,NA,NA,NA
"TER-EXO-T10",2025-06-06,NA,NA,NA
"TER-EXO-T10",2025-06-07,NA,NA,NA
"TER-EXO-T10",2025-06-08,NA,NA,NA
"TER-EXO-T10",2025-06-09,NA,NA,NA
"TER-EXO-T10",2025-06-10,NA,NA,NA
"TER-EXO-T10",2025-06-11,NA,NA,NA
"TER-EXO-T10",2025-06-12,NA,NA,NA
"TER-NFBF-T-01",2023-08-09,NA,NA,NA
"TER-NFBF-T-01",2023-08-10,NA,NA,NA
"TER-NFBF-T-01",2023-08-11,NA,NA,NA
"TER-NFBF-T-01",2023-08-12,NA,NA,NA
"TER-NFBF-T-01",2023-08-13,NA,NA,NA
"TER-NFBF-T-01",2023-08-14,NA,NA,NA
"TER-NFBF-T-01",2023-08-15,NA,NA,NA
"TER-NFBF-T-01",2023-08-16,NA,NA,NA
"TER-NFBF-T-01",2023-08-17,NA,NA,NA
"TER-NFBF-T-01",2023-08-18,NA,NA,NA
"TER-NFBF-T-01",2023-08-19,NA,NA,NA
"TER-NFBF-T-01",2023-08-20,NA,NA,NA
"TER-NFBF-T-01",2023-08-21,NA,NA,NA
"TER-NFBF-T-01",2023-08-22,NA,NA,NA
"TER-NFBF-T-01",2023-08-23,NA,NA,NA
"TER-NFBF-T-01",2023-08-24,NA,NA,NA
"TER-NFBF-T-01",2023-08-25,NA,NA,NA
"TER-NFBF-T-01",2023-08-26,NA,NA,NA
"TER-NFBF-T-01",2023-08-27,NA,NA,NA
"TER-NFBF-T-01",2023-08-28,NA,NA,NA
"TER-NFBF-T-01",2023-08-29,NA,NA,NA
"TER-NFBF-T-01",2023-08-30,NA,NA,NA
"TER-NFBF-T-01",2023-08-31,NA,NA,NA
"TER-NFBF-T-01",2023-09-01,NA,NA,NA
"TER-NFBF-T-01",2023-09-02,NA,NA,NA
"TER-NFBF-T-01",2023-09-03,NA,NA,NA
"TER-NFBF-T-01",2023-09-04,NA,NA,NA
"TER-NFBF-T-01",2023-09-05,NA,NA,NA
"TER-NFBF-T-01",2023-09-06,NA,NA,NA
"TER-NFBF-T-01",2023-09-07,NA,NA,NA
"TER-NFBF-T-01",2023-09-08,NA,NA,NA
"TER-NFBF-T-01",2023-09-09,NA,NA,NA
"TER-NFBF-T-01",2023-09-10,NA,NA,NA
"TER-NFBF-T-01",2023-09-11,NA,NA,NA
"TER-NFBF-T-01",2023-09-12,NA,NA,NA
"TER-NFBF-T-01",2023-09-13,NA,NA,NA
"TER-NFBF-T-01",2023-09-14,NA,NA,NA
"TER-NFBF-T-01",2023-09-15,NA,NA,NA
"TER-NFBF-T-01",2023-09-16,NA,NA,NA
"TER-NFBF-T-01",2023-09-17,NA,NA,NA
"TER-NFBF-T-01",2023-09-18,NA,NA,NA
"TER-NFBF-T-01",2023-09-19,0.0325761339347967,0.0911890566473025,0.102626300828908
"TER-NFBF-T-01",2023-09-20,0,0.000443776618715068,0.00833301924956197
"TER-NFBF-T-01",2023-09-21,0,0.0298756654932454,0.116019928572904
"TER-NFBF-T-01",2023-09-22,0,0.0778481971327484,0.180022343250657
"TER-NFBF-T-01",2023-09-23,NA,0.0129944534261517,0.0934277001233202
"TER-NFBF-T-01",2023-09-24,NA,0.0719897447137179,0.204536048233301
"TER-NFBF-T-01",2023-09-25,NA,0.156656652666178,0.266723525985347
"TER-NFBF-T-01",2023-09-26,NA,0.000688041836446274,0.0281164244284503
"TER-NFBF-T-01",2023-09-27,NA,0,0.00600788070146468
"TER-NFBF-T-01",2023-09-28,NA,0,0
"TER-NFBF-T-01",2023-09-29,NA,0,0
"TER-NFBF-T-01",2023-09-30,NA,0,0.00381449472745285
"TER-NFBF-T-01",2023-10-01,NA,0,0.0915857307623661
"TER-NFBF-T-01",2023-10-02,NA,0.00503450147398522,0.0714696025633674
"TER-NFBF-T-01",2023-10-03,NA,0,0.0245266949294266
"TER-NFBF-T-01",2023-10-04,NA,0,0.00772332580581768
"TER-NFBF-T-01",2023-10-05,NA,0,0.019602379230295
"TER-NFBF-T-01",2023-10-06,NA,0,0.0254441148568702
"TER-NFBF-T-01",2023-10-07,NA,0,0.0530292906539453
"TER-NFBF-T-01",2023-10-08,NA,0,0.037591181776471
"TER-NFBF-T-01",2023-10-09,NA,0,0.00920143422162322
"TER-NFBF-T-01",2023-10-10,NA,0,0.0055994132595628
"TER-NFBF-T-01",2023-10-11,NA,0,0.0427043716056981
"TER-NFBF-T-01",2023-10-12,NA,0,0.0562673334719472
"TER-NFBF-T-01",2023-10-13,NA,0.000758022562119578,0.0426215943743186
"TER-NFBF-T-01",2023-10-14,NA,0,0.0246073368013119
"TER-NFBF-T-01",2023-10-15,NA,0,0.0194976949622604
"TER-NFBF-T-01",2023-10-16,NA,0,0.00623455064349485
"TER-NFBF-T-01",2023-10-17,NA,0,0.0407088358192014
"TER-NFBF-T-01",2023-10-18,NA,0,0.0575096446731433
"TER-NFBF-T-01",2023-10-19,NA,0,0.0502945336562552
"TER-NFBF-T-01",2023-10-20,NA,0,0.0336067467050099
"TER-NFBF-T-01",2023-10-21,NA,0,0.0325393919011497
"TER-NFBF-T-01",2023-10-22,NA,0,0.0199669822216238
"TER-NFBF-T-01",2023-10-23,NA,0.0135333304342009,0.0738586010373274
"TER-NFBF-T-01",2023-10-24,NA,0,0.0267013591533055
"TER-NFBF-T-01",2023-10-25,NA,0,0.0185366644265339
"TER-NFBF-T-01",2023-10-26,NA,0,0.0601395518479974
"TER-NFBF-T-01",2023-10-27,NA,0.00509701402584164,0.0767580352851762
"TER-NFBF-T-01",2023-10-28,NA,0,0.061838979096121
"TER-NFBF-T-01",2023-10-29,NA,0.00693134052494653,0.0749330164204358
"TER-NFBF-T-01",2023-10-30,NA,0.00611643941492679,0.061897869965477
"TER-NFBF-T-01",2023-10-31,NA,0,0.0384603309118096
"TER-NFBF-T-01",2023-11-01,NA,0.00563134261037567,0.0633346785511289
"TER-NFBF-T-01",2023-11-02,NA,0.0248310820017527,0.0922745099725594
"TER-NFBF-T-01",2023-11-03,NA,0.0120445132869026,0.0769467631935544
"TER-NFBF-T-01",2023-11-04,NA,0.0117062135943095,0.0720873856868864
"TER-NFBF-T-01",2023-11-05,NA,0,0.0299647138928765
"TER-NFBF-T-01",2023-11-06,NA,0.0115114061563635,0.0728972081551216
"TER-NFBF-T-01",2023-11-07,NA,0.000282710582008302,0.0584297262582627
"TER-NFBF-T-01",2023-11-08,NA,0,0.0247014829599555
"TER-NFBF-T-01",2023-11-09,NA,0,0.0193279921216587
"TER-NFBF-T-01",2023-11-10,NA,0,0.0199864274900193
"TER-NFBF-T-01",2023-11-11,NA,0,0.0491428091851812
"TER-NFBF-T-01",2023-11-12,NA,0,0.0452820643214052
"TER-NFBF-T-01",2023-11-13,NA,0,0.024039172233985
"TER-NFBF-T-01",2023-11-14,NA,0,0.0142803295370055
"TER-NFBF-T-01",2023-11-15,NA,0,0.0171399767916067
"TER-NFBF-T-01",2023-11-16,NA,0,0.0146926348910365
"TER-NFBF-T-01",2023-11-17,NA,0,0.0226940299408863
"TER-NFBF-T-01",2023-11-18,NA,0,0.0534254583121818
"TER-NFBF-T-01",2023-11-19,NA,0,0.0140004841112088
"TER-NFBF-T-01",2023-11-20,NA,0,0.00928617763124167
"TER-NFBF-T-01",2023-11-21,NA,0,0.013246650304964
"TER-NFBF-T-01",2023-11-22,NA,0,0.0187052172384579
"TER-NFBF-T-01",2023-11-23,NA,0,0.0329201478110141
"TER-NFBF-T-01",2023-11-24,NA,0,0.0297703007800851
"TER-NFBF-T-01",2023-11-25,NA,0,0.019170498133228
"TER-NFBF-T-01",2023-11-26,NA,0,0.0150313912317212
"TER-NFBF-T-01",2023-11-27,NA,0,0.00922388645599568
"TER-NFBF-T-01",2023-11-28,NA,0,0.0144781387998214
"TER-NFBF-T-01",2023-11-29,NA,0,0.00911474994953322
"TER-NFBF-T-01",2023-11-30,NA,0,0.019605536347622
"TER-NFBF-T-01",2023-12-01,NA,0.00320201171840969,0.0528540153401463
"TER-NFBF-T-01",2023-12-02,NA,0,0.026402777497788
"TER-NFBF-T-01",2023-12-03,NA,0.0020471647462283,0.0549756416081179
"TER-NFBF-T-01",2023-12-04,NA,0.0272343736269695,0.0886658957216483
"TER-NFBF-T-01",2023-12-05,NA,0,0.0348988445362199
"TER-NFBF-T-01",2023-12-06,NA,0,0.0172926344340499
"TER-NFBF-T-01",2023-12-07,NA,0,0.0294801921287007
"TER-NFBF-T-01",2023-12-08,NA,0,0.0200596563581831
"TER-NFBF-T-01",2023-12-09,NA,NA,NA
"TER-NFBF-T-01",2023-12-10,0,0,0.0253022633128419
"TER-NFBF-T-01",2023-12-11,0,0,0.041335557019396
"TER-NFBF-T-01",2023-12-12,0,0,0.0303456335404924
"TER-NFBF-T-01",2023-12-13,0,0,0.0101872185443976
"TER-NFBF-T-01",2023-12-14,0,0,0.00696631779580668
"TER-NFBF-T-01",2023-12-15,0,0,0.00790897733014864
"TER-NFBF-T-01",2023-12-16,0,0,0.0122195064397522
"TER-NFBF-T-01",2023-12-17,0,0,0.0122311107088459
"TER-NFBF-T-01",2023-12-18,0,0,0.010429900548803
"TER-NFBF-T-01",2023-12-19,0,0,0.00524525896978392
"TER-NFBF-T-01",2023-12-20,0,0,0.00690624316212899
"TER-NFBF-T-01",2023-12-21,0,0,0.00500684534049151
"TER-NFBF-T-01",2023-12-22,0,0,0.0187842550243621
"TER-NFBF-T-01",2023-12-23,0,0,0.0550067227250902
"TER-NFBF-T-01",2023-12-24,0,0.00286508946605863,0.0702700381734884
"TER-NFBF-T-01",2023-12-25,0,0,0.0309545905404167
"TER-NFBF-T-01",2023-12-26,0,0,0.00938670672310027
"TER-NFBF-T-01",2023-12-27,0,0,0.0160246751000239
"TER-NFBF-T-01",2023-12-28,0,0,0.0310719507051026
"TER-NFBF-T-01",2023-12-29,0,0,0.0274307365261614
"TER-NFBF-T-01",2023-12-30,0,0.00566588244070206,0.061910448061089
"TER-NFBF-T-01",2023-12-31,0,0.003779965292098,0.0650928206204234
"TER-NFBF-T-01",2024-01-01,0,0,0.0208443390397693
"TER-NFBF-T-01",2024-01-02,0,0,0.0267693901573122
"TER-NFBF-T-01",2024-01-03,0,0.00746857815228028,0.0620836556180189
"TER-NFBF-T-01",2024-01-04,0,0,0.0210303446759802
"TER-NFBF-T-01",2024-01-05,0,0,0.019084281951078
"TER-NFBF-T-01",2024-01-06,0,0,0.0123342290988289
"TER-NFBF-T-01",2024-01-07,0,0,0.0313063466843765
"TER-NFBF-T-01",2024-01-08,0,0.00113084232803322,0.0581826311359236
"TER-NFBF-T-01",2024-01-09,0,0,0.0250717095330201
"TER-NFBF-T-01",2024-01-10,0,0,0.0143703196309649
"TER-NFBF-T-01",2024-01-11,0,0,0.014774645271498
"TER-NFBF-T-01",2024-01-12,0,0,0.0163970308249016
"TER-NFBF-T-01",2024-01-13,0,0,0.00965801289574086
"TER-NFBF-T-01",2024-01-14,0,0,0.011733752669005
"TER-NFBF-T-01",2024-01-15,0,0,0.0108880574127844
"TER-NFBF-T-01",2024-01-16,0,0,0.00560836510400972
"TER-NFBF-T-01",2024-01-17,0,0,0.00551573427162107
"TER-NFBF-T-01",2024-01-18,0,0,0.00504105101629855
"TER-NFBF-T-01",2024-01-19,0,0,0.00840990615940453
"TER-NFBF-T-01",2024-01-20,0,0,0.0405589822930735
"TER-NFBF-T-01",2024-01-21,0,0,0.0199708630459819
"TER-NFBF-T-01",2024-01-22,0,0,0.0148597138521932
"TER-NFBF-T-01",2024-01-23,0,0,0.0140029974485682
"TER-NFBF-T-01",2024-01-24,0,0,0.0140868007556376
"TER-NFBF-T-01",2024-01-25,0,0,0.0134581800057855
"TER-NFBF-T-01",2024-01-26,0,0,0.0143115439977507
"TER-NFBF-T-01",2024-01-27,0,0,0.013126682613196
"TER-NFBF-T-01",2024-01-28,0,0,0.0250699105437003
"TER-NFBF-T-01",2024-01-29,0,0,0.0242953029000777
"TER-NFBF-T-01",2024-01-30,0,0,0.0142214716957448
"TER-NFBF-T-01",2024-01-31,0,0,0.0172248139425019
"TER-NFBF-T-01",2024-02-01,0,0,0.0268682491927582
"TER-NFBF-T-01",2024-02-02,0,0,0.0492708494138863
"TER-NFBF-T-01",2024-02-03,0,0.000967198643798734,0.0706880871548004
"TER-NFBF-T-01",2024-02-04,0,0,0.0560570978513333
"TER-NFBF-T-01",2024-02-05,0,0,0.0305653477818903
"TER-NFBF-T-01",2024-02-06,0,0,0.0157579920876069
"TER-NFBF-T-01",2024-02-07,0,0,0.0142112338191471
"TER-NFBF-T-01",2024-02-08,0,0,0.0356939428479351
"TER-NFBF-T-01",2024-02-09,0,0,0.0261580954863616
"TER-NFBF-T-01",2024-02-10,0,0,0.018904984098507
"TER-NFBF-T-01",2024-02-11,0,0,0.0149777191036429
"TER-NFBF-T-01",2024-02-12,0,0,0.0106610535099524
"TER-NFBF-T-01",2024-02-13,0,0,0.0068699628681893
"TER-NFBF-T-01",2024-02-14,0,0,0.0294129543390805
"TER-NFBF-T-01",2024-02-15,0,0,0.0229812109845843
"TER-NFBF-T-01",2024-02-16,0,0,0.0156150359584906
"TER-NFBF-T-01",2024-02-17,0,0,0.0311220007669018
"TER-NFBF-T-01",2024-02-18,0,0.00490746275307352,0.0850671697452657
"TER-NFBF-T-01",2024-02-19,0,0.0074487718828854,0.077304039273396
"TER-NFBF-T-01",2024-02-20,0.00463759294961679,0.00712670040109389,0.0780884467327477
"TER-NFBF-T-01",2024-02-21,0.000301981947751007,0.000355301623841986,0.060316357349726
"TER-NFBF-T-01",2024-02-22,0.0025304345681201,0.00194630756169563,0.0403596630838249
"TER-NFBF-T-01",2024-02-23,0.00576002657338848,0.0299495239668933,0.0980874825020594
"TER-NFBF-T-01",2024-02-24,0.00578308036247032,0.00538719335232579,0.0834644510458152
"TER-NFBF-T-01",2024-02-25,0.00109394948028658,0.00241585558200804,0.0547885933809197
"TER-NFBF-T-01",2024-02-26,0,0.00488259258520678,0.0456130175989908
"TER-NFBF-T-01",2024-02-27,0.00623151693388158,0.0491302793919659,0.147181699642352
"TER-NFBF-T-01",2024-02-28,0.0127784122928164,0.0495903458160977,0.050325443703174
"TER-NFBF-T-01",2024-02-29,0,0.00918796956406059,0.124069216869186
"TER-NFBF-T-01",2024-03-01,0.00717813991888408,0.0439832646761272,0.0997752993086151
"TER-NFBF-T-01",2024-03-02,0.0232485591410343,0.0386394942983438,0.0412504239124385
"TER-NFBF-T-01",2024-03-03,0.0111832431160339,0.0119825717835798,0.0694603130409464
"TER-NFBF-T-01",2024-03-04,0.0104089783413897,0.0293346822512819,0.0645679080876938
"TER-NFBF-T-01",2024-03-05,0.00299647087019166,0.00790059182786338,0.0332954493659976
"TER-NFBF-T-01",2024-03-06,0,0,0.0189604914790495
"TER-NFBF-T-01",2024-03-07,0,0,0.0320535471955153
"TER-NFBF-T-01",2024-03-08,0,0,0.0285037883243499
"TER-NFBF-T-01",2024-03-09,0,0,0.0496055090472069
"TER-NFBF-T-01",2024-03-10,0,0.000312043925685496,0.022071134652869
"TER-NFBF-T-01",2024-03-11,0,0,0.0493634571717183
"TER-NFBF-T-01",2024-03-12,0,0,NA
"TER-NFBF-T-01",2024-03-13,NA,NA,NA
"TER-NFBF-T-01",2024-03-14,0.00536724687977643,0.000624087851370983,NA
"TER-NFBF-T-01",2024-03-15,0.00690619500840256,0.00222648772263643,NA
"TER-NFBF-T-01",2024-03-16,0.0238791246912968,0.0115496629772218,NA
"TER-NFBF-T-01",2024-03-17,0.0230232123591923,0.0250037635777811,NA
"TER-NFBF-T-01",2024-03-18,0,0,NA
"TER-NFBF-T-01",2024-03-19,0.000264530150276443,0.00146842216084643,NA
"TER-NFBF-T-01",2024-03-20,0.013912770305152,0.0564915531802939,NA
"TER-NFBF-T-01",2024-03-21,0.0128696946100698,0.0216223779121854,NA
"TER-NFBF-T-01",2024-03-22,0,0,NA
"TER-NFBF-T-01",2024-03-23,0,0,NA
"TER-NFBF-T-01",2024-03-24,0.000546974740143289,0,NA
"TER-NFBF-T-01",2024-03-25,0.00092492675339823,0,NA
"TER-NFBF-T-01",2024-03-26,0,0,NA
"TER-NFBF-T-01",2024-03-27,0.00560841244187901,0.00659123818980119,NA
"TER-NFBF-T-01",2024-03-28,0,0,NA
"TER-NFBF-T-01",2024-03-29,0,0,NA
"TER-NFBF-T-01",2024-03-30,0,0,NA
"TER-NFBF-T-01",2024-03-31,0.000806746013964774,0.019181721878082,NA
"TER-NFBF-T-01",2024-04-01,0.00027348737007164,0.00951284380450459,NA
"TER-NFBF-T-01",2024-04-02,0.00097315378084781,0,NA
"TER-NFBF-T-01",2024-04-03,0,0,NA
"TER-NFBF-T-01",2024-04-04,0,0.00649379566062386,NA
"TER-NFBF-T-01",2024-04-05,0,0,NA
"TER-NFBF-T-01",2024-04-06,0.00395968038736968,0.00665857577535559,NA
"TER-NFBF-T-01",2024-04-07,0,0,NA
"TER-NFBF-T-01",2024-04-08,0,0,NA
"TER-NFBF-T-01",2024-04-09,0,0,NA
"TER-NFBF-T-01",2024-04-10,0,0,NA
"TER-NFBF-T-01",2024-04-11,0,0,NA
"TER-NFBF-T-01",2024-04-12,0,0,NA
"TER-NFBF-T-01",2024-04-13,0,0,NA
"TER-NFBF-T-01",2024-04-14,0,0,NA
"TER-NFBF-T-01",2024-04-15,0,0,NA
"TER-NFBF-T-01",2024-04-16,0,0,NA
"TER-NFBF-T-01",2024-04-17,0,0,NA
"TER-NFBF-T-01",2024-04-18,0,0,NA
"TER-NFBF-T-01",2024-04-19,0.000905945843253013,0.0630886580704461,NA
"TER-NFBF-T-01",2024-04-20,0,0.0776792842192719,NA
"TER-NFBF-T-01",2024-04-21,0.00123262425161255,NA,NA
"TER-NFBF-T-01",2024-04-22,0.00117860142825758,NA,NA
"TER-NFBF-T-01",2024-04-23,0,NA,NA
"TER-NFBF-T-01",2024-04-24,0,NA,NA
"TER-NFBF-T-01",2024-04-25,0.00303016797913021,NA,NA
"TER-NFBF-T-01",2024-04-26,0.000991005482545186,NA,NA
"TER-NFBF-T-01",2024-04-27,0.0149803807165134,NA,NA
"TER-NFBF-T-01",2024-04-28,0.0418788627962162,NA,NA
"TER-NFBF-T-01",2024-04-29,0.0390683953907062,NA,NA
"TER-NFBF-T-01",2024-04-30,0.0275961829125627,NA,NA
"TER-NFBF-T-01",2024-05-01,0.00781500055677121,NA,NA
"TER-NFBF-T-01",2024-05-02,0,NA,NA
"TER-NFBF-T-01",2024-05-03,0.0029131551800925,NA,NA
"TER-NFBF-T-01",2024-05-04,0.00288148650012581,NA,NA
"TER-NFBF-T-01",2024-05-05,0.0408207036741914,NA,NA
"TER-NFBF-T-01",2024-05-06,0,NA,NA
"TER-NFBF-T-01",2024-05-07,0,NA,NA
"TER-NFBF-T-01",2024-05-08,0.00128959819173165,NA,NA
"TER-NFBF-T-01",2024-05-09,0.0159723016203396,NA,NA
"TER-NFBF-T-01",2024-05-10,0.0486665002873478,NA,NA
"TER-NFBF-T-01",2024-05-11,0.0332683912845387,NA,NA
"TER-NFBF-T-01",2024-05-12,0.035781124469184,NA,NA
"TER-NFBF-T-01",2024-05-13,0.00940429508293079,NA,NA
"TER-NFBF-T-01",2024-05-14,0.036450132968317,NA,NA
"TER-NFBF-T-01",2024-05-15,0.0146078710933662,NA,NA
"TER-NFBF-T-01",2024-05-16,0.000301981947751007,NA,NA
"TER-NFBF-T-01",2024-05-17,0.00494918449912861,NA,NA
"TER-NFBF-T-01",2024-05-18,0.0301238971237707,NA,NA
"TER-NFBF-T-01",2024-05-19,0.0456322079027262,NA,NA
"TER-NFBF-T-01",2024-05-20,0.0184280339812302,NA,NA
"TER-NFBF-T-01",2024-05-21,0.0187132988648034,NA,NA
"TER-NFBF-T-01",2024-05-22,0.00690421410390462,NA,NA
"TER-NFBF-T-01",2024-05-23,0,NA,NA
"TER-NFBF-T-01",2024-05-24,0.000688357700634536,NA,NA
"TER-NFBF-T-01",2024-05-25,0.00757260766613864,NA,NA
"TER-NFBF-T-01",2024-05-26,0.0236333497686998,NA,NA
"TER-NFBF-T-01",2024-05-27,0.0408480414083679,NA,NA
"TER-NFBF-T-01",2024-05-28,0.0614626915968947,NA,NA
"TER-NFBF-T-01",2024-05-29,0,NA,NA
"TER-NFBF-T-01",2024-05-30,0.0217812980935716,NA,NA
"TER-NFBF-T-01",2024-05-31,0.00785018809945789,NA,NA
"TER-NFBF-T-01",2024-06-01,0.00683612101377679,NA,NA
"TER-NFBF-T-01",2024-06-02,0.000677076995015682,NA,NA
"TER-NFBF-T-01",2024-06-03,0,NA,NA
"TER-NFBF-T-01",2024-06-04,0,NA,NA
"TER-NFBF-T-01",2024-06-05,0,NA,NA
"TER-NFBF-T-01",2024-06-06,0,NA,NA
"TER-NFBF-T-01",2024-06-07,0,NA,NA
"TER-NFBF-T-01",2024-06-08,0.00191546257525083,NA,NA
"TER-NFBF-T-01",2024-06-09,0.0129703588057713,NA,NA
"TER-NFBF-T-01",2024-06-10,0.0198588172877714,NA,NA
"TER-NFBF-T-01",2024-06-11,0.0263632926983646,NA,NA
"TER-NFBF-T-01",2024-06-12,NA,NA,NA
"TER-NFBF-T-01",2024-06-13,0.00484848495702013,0.000624087851370983,0
"TER-NFBF-T-01",2024-06-14,0.000344020918223132,0.00246567708832296,0.0129887933474784
"TER-NFBF-T-01",2024-06-15,0.00878380164675341,0.0115339820469299,0.169216199172002
"TER-NFBF-T-01",2024-06-16,0.00207540621495766,0.0247802551423864,0.0185416173632813
"TER-NFBF-T-01",2024-06-17,0.00104365932447652,0,0.0179980806226942
"TER-NFBF-T-01",2024-06-18,0.0129130958482921,0.00146842216084643,0.0795434972621114
"TER-NFBF-T-01",2024-06-19,0.037066559151176,0.0564915531802939,0.109250215468228
"TER-NFBF-T-01",2024-06-20,0.0556888372400509,0.0216223779121854,0.192292093997013
"TER-NFBF-T-01",2024-06-21,0.0474062326081354,0,0.246108301480334
"TER-NFBF-T-01",2024-06-22,0.0362570142289541,0,0.0677618840209013
"TER-NFBF-T-01",2024-06-23,0.0356683784285463,0,0.059957316423933
"TER-NFBF-T-01",2024-06-24,0,0,0
"TER-NFBF-T-01",2024-06-25,0.00450102362035193,0,0.0509440353513899
"TER-NFBF-T-01",2024-06-26,0.0123824676776051,0.00659123818980119,0.217083100764273
"TER-NFBF-T-01",2024-06-27,0.00247583066127503,0,0.0030927204704022
"TER-NFBF-T-01",2024-06-28,0.0293156839789574,0,0.106736342577583
"TER-NFBF-T-01",2024-06-29,0.0248831230938012,0,0.0151743816423721
"TER-NFBF-T-01",2024-06-30,0.0108661264445427,0.019181721878082,0
"TER-NFBF-T-01",2024-07-01,0.0370005457945243,0.00951284380450459,0.128025985712905
"TER-NFBF-T-01",2024-07-02,0.0516961583246959,0,0.162255690731523
"TER-NFBF-T-01",2024-07-03,0.0345438495399229,0,0.0517011763424179
"TER-NFBF-T-01",2024-07-04,0.0673553353828403,0.00649379566062386,0.201573122688226
"TER-NFBF-T-01",2024-07-05,0.0567661524737713,0,0.172902382483258
"TER-NFBF-T-01",2024-07-06,0.0358426920451706,0.00665857577535559,0.0222908861045724
"TER-NFBF-T-01",2024-07-07,0.0424470125527592,0,0.0531221930774932
"TER-NFBF-T-01",2024-07-08,0.00881327034542175,0,0
"TER-NFBF-T-01",2024-07-09,0.00442886586222069,0,0
"TER-NFBF-T-01",2024-07-10,0.00475686090947134,0,0.0281877068969288
"TER-NFBF-T-01",2024-07-11,0.00439098956494299,0,0.0374194089993808
"TER-NFBF-T-01",2024-07-12,0.00161495732604652,0,0.0015547919454692
"TER-NFBF-T-01",2024-07-13,0.00160339398718584,0,0.0157306600812813
"TER-NFBF-T-01",2024-07-14,0.00793981045028068,0,0.194008980536591
"TER-NFBF-T-01",2024-07-15,0.00216476559966498,0,0
"TER-NFBF-T-01",2024-07-16,0.00690933311752066,0,0.0670805150331185
"TER-NFBF-T-01",2024-07-17,0,0,0
"TER-NFBF-T-01",2024-07-18,0,0.00166859385623984,0.00271905021250095
"TER-NFBF-T-01",2024-07-19,0.0113475432499015,0.0719522655703221,0.191844972119146
"TER-NFBF-T-01",2024-07-20,0.0354240293293821,0.0811589961949161,0.184454639634544
"TER-NFBF-T-01",2024-07-21,0.0568854677065776,NA,0.182261978402758
"TER-NFBF-T-01",2024-07-22,0.0423706128072729,NA,0.151682103648759
"TER-NFBF-T-01",2024-07-23,0.0518062613854536,NA,0.107874752668759
"TER-NFBF-T-01",2024-07-24,0.046891873476333,NA,0.0866804972517713
"TER-NFBF-T-01",2024-07-25,0.0498760763450457,NA,0.104717507183229
"TER-NFBF-T-01",2024-07-26,0.050813966765113,NA,0.0624539641021839
"TER-NFBF-T-01",2024-07-27,0.0451100252684323,NA,0.0486847620086594
"TER-NFBF-T-01",2024-07-28,0.0518359667144106,NA,0.040973081013645
"TER-NFBF-T-01",2024-07-29,0.0211220945837142,NA,0.0741025359869038
"TER-NFBF-T-01",2024-07-30,0.00623331651753855,NA,0.00835026393668719
"TER-NFBF-T-01",2024-07-31,0.000794856000695499,NA,0
"TER-NFBF-T-01",2024-08-01,0.00737401718529204,NA,0.0905575454674809
"TER-NFBF-T-01",2024-08-02,0.0115980063129943,NA,0.0612415153545625
"TER-NFBF-T-01",2024-08-03,0.0362065047515442,NA,0.146260593163227
"TER-NFBF-T-01",2024-08-04,0.0621982892651743,NA,0.31187962436406
"TER-NFBF-T-01",2024-08-05,0.054850711248893,NA,0.300004987633444
"TER-NFBF-T-01",2024-08-06,0.00772331733763451,NA,0.00609385917457077
"TER-NFBF-T-01",2024-08-07,0.00508067177923014,NA,0.0880353532591661
"TER-NFBF-T-01",2024-08-08,0.0127682746702419,NA,0.248623885115178
"TER-NFBF-T-01",2024-08-09,0.0404440392557414,NA,0.121191406190121
"TER-NFBF-T-01",2024-08-10,0.0403515573746242,NA,0.0907986747009956
"TER-NFBF-T-01",2024-08-11,0.00220742282092655,NA,0.0377427708427248
"TER-NFBF-T-01",2024-08-12,0.00959819143597621,NA,0.229647234435041
"TER-NFBF-T-01",2024-08-13,0.0168182723748484,NA,0.0588864518410441
"TER-NFBF-T-01",2024-08-14,0.0574596758627067,NA,0.176918491051846
"TER-NFBF-T-01",2024-08-15,0.0651637428946412,NA,0.154405885224554
"TER-NFBF-T-01",2024-08-16,0.0656030575051185,NA,0.12548933222618
"TER-NFBF-T-01",2024-08-17,0.0532532668312677,NA,0.0832107614664156
"TER-NFBF-T-01",2024-08-18,0.0437370907550956,NA,NA
"TER-NFBF-T-01",2024-08-19,NA,NA,NA
"TER-NFBF-T-01",2024-08-20,0.0336703405636299,NA,NA
"TER-NFBF-T-01",2024-08-21,0.0389172634906542,NA,NA
"TER-NFBF-T-01",2024-08-22,0.0285996208661604,NA,NA
"TER-NFBF-T-01",2024-08-23,0.0308987876389688,NA,NA
"TER-NFBF-T-01",2024-08-24,0.0137907935160368,NA,NA
"TER-NFBF-T-01",2024-08-25,0.0101238827383901,NA,NA
"TER-NFBF-T-01",2024-08-26,0.0141821450053599,NA,NA
"TER-NFBF-T-01",2024-08-27,0.0116578391391984,NA,NA
"TER-NFBF-T-01",2024-08-28,0.0487816722567922,NA,NA
"TER-NFBF-T-01",2024-08-29,0.0375398275815977,NA,NA
"TER-NFBF-T-01",2024-08-30,0.0547394376038492,NA,NA
"TER-NFBF-T-01",2024-08-31,0.039102318344991,NA,NA
"TER-NFBF-T-01",2024-09-01,0,NA,NA
"TER-NFBF-T-01",2024-09-02,0.00276340957656871,NA,NA
"TER-NFBF-T-01",2024-09-03,0.0219317555871371,NA,NA
"TER-NFBF-T-01",2024-09-04,0.0442337364708894,NA,NA
"TER-NFBF-T-01",2024-09-05,0.0436321819437094,NA,NA
"TER-NFBF-T-01",2024-09-06,0.0518521094852703,NA,NA
"TER-NFBF-T-01",2024-09-07,0.0224726071274514,NA,NA
"TER-NFBF-T-01",2024-09-08,0.000403739331511635,NA,NA
"TER-NFBF-T-01",2024-09-09,0,NA,NA
"TER-NFBF-T-01",2024-09-10,0,NA,NA
"TER-NFBF-T-01",2024-09-11,0.000391116669183863,NA,NA
"TER-NFBF-T-01",2024-09-12,NA,NA,NA
"TER-NFBF-T-01",2024-09-13,0.0449242409117282,NA,NA
"TER-NFBF-T-01",2024-09-14,0.0294620162847111,NA,NA
"TER-NFBF-T-01",2024-09-15,0.0521816628444289,NA,NA
"TER-NFBF-T-01",2024-09-16,0.0142913366873786,NA,NA
"TER-NFBF-T-01",2024-09-17,0.0165972055727254,NA,NA
"TER-NFBF-T-01",2024-09-18,0.0325602232363986,NA,NA
"TER-NFBF-T-01",2024-09-19,0.0329212036117261,NA,NA
"TER-NFBF-T-01",2024-09-20,0.0153258280563105,NA,NA
"TER-NFBF-T-01",2024-09-21,0.0196849396418694,NA,NA
"TER-NFBF-T-01",2024-09-22,0.0234313777082942,NA,NA
"TER-NFBF-T-01",2024-09-23,0.0384480662054994,NA,NA
"TER-NFBF-T-01",2024-09-24,0.0350680671416339,NA,NA
"TER-NFBF-T-01",2024-09-25,0.0095617892031228,NA,NA
"TER-NFBF-T-01",2024-09-26,0.0235722582479345,NA,NA
"TER-NFBF-T-01",2024-09-27,0.0112259078359699,NA,NA
"TER-NFBF-T-01",2024-09-28,0.0116499683697396,NA,NA
"TER-NFBF-T-01",2024-09-29,0,NA,NA
"TER-NFBF-T-01",2024-09-30,0.00668911650032332,NA,NA
"TER-NFBF-T-01",2024-10-01,0.00680662260864748,NA,NA
"TER-NFBF-T-01",2024-10-02,0.00478317860907758,NA,NA
"TER-NFBF-T-01",2024-10-03,0.0121100828039259,NA,NA
"TER-NFBF-T-01",2024-10-04,0.00180369244375896,NA,NA
"TER-NFBF-T-01",2024-10-05,0.000416717871759886,NA,NA
"TER-NFBF-T-01",2024-10-06,0.0151264268192248,NA,NA
"TER-NFBF-T-01",2024-10-07,0.0212917312974741,NA,NA
"TER-NFBF-T-01",2024-10-08,0.0162818414980969,NA,NA
"TER-NFBF-T-01",2024-10-09,0.00892645931135649,NA,NA
"TER-NFBF-T-01",2024-10-10,0.00426821415451359,NA,NA
"TER-NFBF-T-01",2024-10-11,0.0165344911380393,NA,NA
"TER-NFBF-T-01",2024-10-12,0.0353335941747149,NA,NA
"TER-NFBF-T-01",2024-10-13,0.00930156953275341,NA,NA
"TER-NFBF-T-01",2024-10-14,0,NA,NA
"TER-NFBF-T-01",2024-10-15,0.00608151412266561,NA,NA
"TER-NFBF-T-01",2024-10-16,0.0226919890130027,NA,NA
"TER-NFBF-T-01",2024-10-17,0.0281477870326518,NA,NA
"TER-NFBF-T-01",2024-10-18,0.0335023532464128,NA,NA
"TER-NFBF-T-01",2024-10-19,0.000391116669183863,NA,NA
"TER-NFBF-T-01",2024-10-20,0.00845692310843199,NA,NA
"TER-NFBF-T-01",2024-10-21,0.0194555939642899,NA,NA
"TER-NFBF-T-01",2024-10-22,0.0190044759350627,NA,NA
"TER-NFBF-T-01",2024-10-23,0,NA,NA
"TER-NFBF-T-01",2024-10-24,0,NA,NA
"TER-NFBF-T-01",2024-10-25,0.000603963895502015,NA,NA
"TER-NFBF-T-01",2024-10-26,0.0254312501474758,NA,NA
"TER-NFBF-T-01",2024-10-27,0.0308575993665322,NA,NA
"TER-NFBF-T-01",2024-10-28,0.0481039563885716,NA,NA
"TER-NFBF-T-01",2024-10-29,0.00319647441458396,NA,NA
"TER-NFBF-T-01",2024-10-30,0.00173138529673452,NA,NA
"TER-NFBF-T-01",2024-10-31,0.00145601930264912,NA,NA
"TER-NFBF-T-01",2024-11-01,0,NA,NA
"TER-NFBF-T-01",2024-11-02,0,NA,NA
"TER-NFBF-T-01",2024-11-03,0,NA,NA
"TER-NFBF-T-01",2024-11-04,0,NA,NA
"TER-NFBF-T-01",2024-11-05,0,NA,NA
"TER-NFBF-T-01",2024-11-06,0,NA,NA
"TER-NFBF-T-01",2024-11-07,0,NA,NA
"TER-NFBF-T-01",2024-11-08,0,NA,NA
"TER-NFBF-T-01",2024-11-09,0,NA,NA
"TER-NFBF-T-01",2024-11-10,0,NA,NA
"TER-NFBF-T-01",2024-11-11,0,NA,NA
"TER-NFBF-T-01",2024-11-12,0,NA,NA
"TER-NFBF-T-01",2024-11-13,0,NA,NA
"TER-NFBF-T-01",2024-11-14,0,NA,NA
"TER-NFBF-T-01",2024-11-15,0,NA,NA
"TER-NFBF-T-01",2024-11-16,0,NA,NA
"TER-NFBF-T-01",2024-11-17,0.000322399547932908,NA,NA
"TER-NFBF-T-01",2024-11-18,0,NA,NA
"TER-NFBF-T-01",2024-11-19,0,NA,NA
"TER-NFBF-T-01",2024-11-20,0,NA,NA
"TER-NFBF-T-01",2024-11-21,0,NA,NA
"TER-NFBF-T-01",2024-11-22,0,NA,NA
"TER-NFBF-T-01",2024-11-23,0,NA,NA
"TER-NFBF-T-01",2024-11-24,0.00753307958222423,NA,NA
"TER-NFBF-T-01",2024-11-25,0.00268113038194525,NA,NA
"TER-NFBF-T-01",2024-11-26,0,NA,NA
"TER-NFBF-T-01",2024-11-27,0.00027348737007164,NA,NA
"TER-NFBF-T-01",2024-11-28,0,NA,NA
"TER-NFBF-T-01",2024-11-29,0.00332624823991832,NA,NA
"TER-NFBF-T-01",2024-11-30,0.00027348737007164,NA,NA
"TER-NFBF-T-01",2024-12-01,0,NA,NA
"TER-NFBF-T-01",2024-12-02,0.00155015765049299,NA,NA
"TER-NFBF-T-01",2024-12-03,0.000848404445582133,NA,NA
"TER-NFBF-T-01",2024-12-04,0.00251735629429171,NA,NA
"TER-NFBF-T-01",2024-12-05,0.00497374631172337,NA,NA
"TER-NFBF-T-01",2024-12-06,0.000312043925685496,NA,NA
"TER-NFBF-T-01",2024-12-07,0.000936425421369412,NA,NA
"TER-NFBF-T-01",2024-12-08,0.00223608559103555,NA,NA
"TER-NFBF-T-01",2024-12-09,0.0117577847055862,NA,NA
"TER-NFBF-T-01",2024-12-10,0.00480933216658063,NA,NA
"TER-NFBF-T-01",2024-12-11,0,NA,NA
"TER-NFBF-T-01",2024-12-12,0,NA,NA
"TER-NFBF-T-01",2024-12-13,0,NA,NA
"TER-NFBF-T-01",2024-12-14,0,NA,NA
"TER-NFBF-T-01",2024-12-15,0,NA,NA
"TER-NFBF-T-01",2024-12-16,0,NA,NA
"TER-NFBF-T-01",2024-12-17,0.00151810444567541,NA,NA
"TER-NFBF-T-01",2024-12-18,NA,NA,NA
"TER-NFBF-T-01",2024-12-19,NA,NA,NA
"TER-NFBF-T-01",2024-12-20,NA,NA,NA
"TER-NFBF-T-01",2024-12-21,NA,NA,NA
"TER-NFBF-T-01",2024-12-22,NA,NA,NA
"TER-NFBF-T-01",2024-12-23,NA,NA,NA
"TER-NFBF-T-01",2024-12-24,NA,NA,NA
"TER-NFBF-T-01",2024-12-25,NA,NA,NA
"TER-NFBF-T-01",2024-12-26,NA,NA,NA
"TER-NFBF-T-01",2024-12-27,NA,NA,NA
"TER-NFBF-T-01",2024-12-28,NA,NA,NA
"TER-NFBF-T-01",2024-12-29,NA,NA,NA
"TER-NFBF-T-01",2024-12-30,NA,NA,NA
"TER-NFBF-T-01",2024-12-31,NA,NA,NA
"TER-NFBF-T-01",2025-01-01,NA,NA,NA
"TER-NFBF-T-01",2025-01-02,NA,NA,NA
"TER-NFBF-T-01",2025-01-03,NA,NA,NA
"TER-NFBF-T-01",2025-01-04,NA,NA,NA
"TER-NFBF-T-01",2025-01-05,NA,NA,NA
"TER-NFBF-T-01",2025-01-06,NA,NA,NA
"TER-NFBF-T-01",2025-01-07,NA,NA,NA
"TER-NFBF-T-01",2025-01-08,NA,NA,NA
"TER-NFBF-T-01",2025-01-09,NA,NA,NA
"TER-NFBF-T-01",2025-01-10,NA,NA,NA
"TER-NFBF-T-01",2025-01-11,NA,NA,NA
"TER-NFBF-T-01",2025-01-12,NA,NA,NA
"TER-NFBF-T-01",2025-01-13,NA,NA,NA
"TER-NFBF-T-01",2025-01-14,NA,NA,NA
"TER-NFBF-T-01",2025-01-15,NA,NA,NA
"TER-NFBF-T-01",2025-01-16,NA,NA,NA
"TER-NFBF-T-01",2025-01-17,NA,NA,NA
"TER-NFBF-T-01",2025-01-18,NA,NA,NA
"TER-NFBF-T-01",2025-01-19,NA,NA,NA
"TER-NFBF-T-01",2025-01-20,NA,NA,NA
"TER-NFBF-T-01",2025-01-21,NA,NA,NA
"TER-NFBF-T-01",2025-01-22,NA,NA,NA
"TER-NFBF-T-01",2025-01-23,NA,NA,NA
"TER-NFBF-T-01",2025-01-24,NA,NA,NA
"TER-NFBF-T-01",2025-01-25,NA,NA,NA
"TER-NFBF-T-01",2025-01-26,NA,NA,NA
"TER-NFBF-T-01",2025-01-27,NA,NA,NA
"TER-NFBF-T-01",2025-01-28,NA,NA,NA
"TER-NFBF-T-01",2025-01-29,NA,NA,NA
"TER-NFBF-T-01",2025-01-30,NA,NA,NA
"TER-NFBF-T-01",2025-01-31,NA,NA,NA
"TER-NFBF-T-01",2025-02-01,NA,NA,NA
"TER-NFBF-T-01",2025-02-02,NA,NA,NA
"TER-NFBF-T-01",2025-02-03,NA,NA,NA
"TER-NFBF-T-01",2025-02-04,NA,NA,NA
"TER-NFBF-T-01",2025-02-05,NA,NA,NA
"TER-NFBF-T-01",2025-02-06,NA,NA,NA
"TER-NFBF-T-01",2025-02-07,NA,NA,NA
"TER-NFBF-T-01",2025-02-08,NA,NA,NA
"TER-NFBF-T-01",2025-02-09,NA,NA,NA
"TER-NFBF-T-01",2025-02-10,NA,NA,NA
"TER-NFBF-T-01",2025-02-11,NA,NA,NA
"TER-NFBF-T-01",2025-02-12,NA,NA,NA
"TER-NFBF-T-01",2025-02-13,NA,NA,NA
"TER-NFBF-T-01",2025-02-14,NA,NA,NA
"TER-NFBF-T-01",2025-02-15,NA,NA,NA
"TER-NFBF-T-01",2025-02-16,NA,NA,NA
"TER-NFBF-T-01",2025-02-17,NA,NA,NA
"TER-NFBF-T-01",2025-02-18,NA,NA,NA
"TER-NFBF-T-01",2025-02-19,NA,NA,NA
"TER-NFBF-T-01",2025-02-20,NA,NA,NA
"TER-NFBF-T-01",2025-02-21,NA,NA,NA
"TER-NFBF-T-01",2025-02-22,NA,NA,NA
"TER-NFBF-T-01",2025-02-23,NA,NA,NA
"TER-NFBF-T-01",2025-02-24,NA,NA,NA
"TER-NFBF-T-01",2025-02-25,NA,NA,NA
"TER-NFBF-T-01",2025-02-26,NA,NA,NA
"TER-NFBF-T-01",2025-02-27,NA,NA,NA
"TER-NFBF-T-01",2025-02-28,NA,NA,NA
"TER-NFBF-T-01",2025-03-01,NA,NA,NA
"TER-NFBF-T-01",2025-03-02,NA,NA,NA
"TER-NFBF-T-01",2025-03-03,NA,NA,NA
"TER-NFBF-T-01",2025-03-04,NA,NA,NA
"TER-NFBF-T-01",2025-03-05,NA,NA,NA
"TER-NFBF-T-01",2025-03-06,NA,NA,NA
"TER-NFBF-T-01",2025-03-07,NA,NA,NA
"TER-NFBF-T-01",2025-03-08,NA,NA,NA
"TER-NFBF-T-01",2025-03-09,NA,NA,NA
"TER-NFBF-T-01",2025-03-10,NA,NA,NA
"TER-NFBF-T-01",2025-03-11,NA,NA,NA
"TER-NFBF-T-01",2025-03-12,NA,NA,NA
"TER-NFBF-T-01",2025-03-13,NA,NA,NA
"TER-NFBF-T-01",2025-03-14,NA,NA,NA
"TER-NFBF-T-01",2025-03-15,NA,NA,NA
"TER-NFBF-T-01",2025-03-16,NA,NA,NA
"TER-NFBF-T-01",2025-03-17,NA,NA,NA
"TER-NFBF-T-01",2025-03-18,NA,NA,NA
"TER-NFBF-T-01",2025-03-19,NA,NA,NA
"TER-NFBF-T-01",2025-03-20,NA,NA,NA
"TER-NFBF-T-01",2025-03-21,NA,NA,NA
"TER-NFBF-T-01",2025-03-22,NA,NA,NA
"TER-NFBF-T-01",2025-03-23,NA,NA,NA
"TER-NFBF-T-01",2025-03-24,NA,NA,NA
"TER-NFBF-T-01",2025-03-25,NA,NA,NA
"TER-NFBF-T-01",2025-03-26,NA,NA,NA
"TER-NFBF-T-01",2025-03-27,NA,NA,NA
"TER-NFBF-T-01",2025-03-28,NA,NA,NA
"TER-NFBF-T-01",2025-03-29,NA,NA,NA
"TER-NFBF-T-01",2025-03-30,NA,NA,NA
"TER-NFBF-T-01",2025-03-31,NA,NA,NA
"TER-NFBF-T-01",2025-04-01,NA,NA,NA
"TER-NFBF-T-01",2025-04-02,NA,NA,NA
"TER-NFBF-T-01",2025-04-03,NA,NA,NA
"TER-NFBF-T-01",2025-04-04,NA,NA,NA
"TER-NFBF-T-01",2025-04-05,NA,NA,NA
"TER-NFBF-T-01",2025-04-06,NA,NA,NA
"TER-NFBF-T-01",2025-04-07,NA,NA,NA
"TER-NFBF-T-01",2025-04-08,NA,NA,NA
"TER-NFBF-T-01",2025-04-09,NA,NA,NA
"TER-NFBF-T-01",2025-04-10,NA,NA,NA
"TER-NFBF-T-01",2025-04-11,NA,NA,NA
"TER-NFBF-T-01",2025-04-12,NA,NA,NA
"TER-NFBF-T-01",2025-04-13,NA,NA,NA
"TER-NFBF-T-01",2025-04-14,NA,NA,NA
"TER-NFBF-T-01",2025-04-15,NA,NA,NA
"TER-NFBF-T-01",2025-04-16,NA,NA,NA
"TER-NFBF-T-01",2025-04-17,NA,NA,NA
"TER-NFBF-T-01",2025-04-18,NA,NA,NA
"TER-NFBF-T-01",2025-04-19,NA,NA,NA
"TER-NFBF-T-01",2025-04-20,NA,NA,NA
"TER-NFBF-T-01",2025-04-21,NA,NA,NA
"TER-NFBF-T-01",2025-04-22,NA,NA,NA
"TER-NFBF-T-01",2025-04-23,NA,NA,NA
"TER-NFBF-T-01",2025-04-24,NA,NA,NA
"TER-NFBF-T-01",2025-04-25,NA,NA,NA
"TER-NFBF-T-01",2025-04-26,NA,NA,NA
"TER-NFBF-T-01",2025-04-27,NA,NA,NA
"TER-NFBF-T-01",2025-04-28,NA,NA,NA
"TER-NFBF-T-01",2025-04-29,NA,NA,NA
"TER-NFBF-T-01",2025-04-30,NA,NA,NA
"TER-NFBF-T-01",2025-05-01,NA,NA,NA
"TER-NFBF-T-01",2025-05-02,NA,NA,NA
"TER-NFBF-T-01",2025-05-03,NA,NA,NA
"TER-NFBF-T-01",2025-05-04,NA,NA,NA
"TER-NFBF-T-01",2025-05-05,NA,NA,NA
"TER-NFBF-T-01",2025-05-06,NA,NA,NA
"TER-NFBF-T-01",2025-05-07,NA,NA,NA
"TER-NFBF-T-01",2025-05-08,NA,NA,NA
"TER-NFBF-T-01",2025-05-09,NA,NA,NA
"TER-NFBF-T-01",2025-05-10,NA,NA,NA
"TER-NFBF-T-01",2025-05-11,NA,NA,NA
"TER-NFBF-T-01",2025-05-12,NA,NA,NA
"TER-NFBF-T-01",2025-05-13,NA,NA,NA
"TER-NFBF-T-01",2025-05-14,NA,NA,NA
"TER-NFBF-T-01",2025-05-15,NA,NA,NA
"TER-NFBF-T-01",2025-05-16,NA,NA,NA
"TER-NFBF-T-01",2025-05-17,NA,NA,NA
"TER-NFBF-T-01",2025-05-18,NA,NA,NA
"TER-NFBF-T-01",2025-05-19,NA,NA,NA
"TER-NFBF-T-01",2025-05-20,NA,NA,NA
"TER-NFBF-T-01",2025-05-21,NA,NA,NA
"TER-NFBF-T-01",2025-05-22,NA,NA,NA
"TER-NFBF-T-01",2025-05-23,NA,NA,NA
"TER-NFBF-T-01",2025-05-24,NA,NA,NA
"TER-NFBF-T-01",2025-05-25,NA,NA,NA
"TER-NFBF-T-01",2025-05-26,NA,NA,NA
"TER-NFBF-T-01",2025-05-27,NA,NA,NA
"TER-NFBF-T-01",2025-05-28,NA,NA,NA
"TER-NFBF-T-01",2025-05-29,NA,NA,NA
"TER-NFBF-T-01",2025-05-30,NA,NA,NA
"TER-NFBF-T-01",2025-05-31,NA,NA,NA
"TER-NFBF-T-01",2025-06-01,NA,NA,NA
"TER-NFBF-T-01",2025-06-02,NA,NA,NA
"TER-NFBF-T-01",2025-06-03,NA,NA,NA
"TER-NFBF-T-01",2025-06-04,NA,NA,NA
"TER-NFBF-T-01",2025-06-05,NA,NA,NA
"TER-NFBF-T-01",2025-06-06,NA,NA,NA
"TER-NFBF-T-01",2025-06-07,NA,NA,NA
"TER-NFBF-T-01",2025-06-08,NA,NA,NA
"TER-NFBF-T-01",2025-06-09,NA,NA,NA
"TER-NFBF-T-01",2025-06-10,NA,NA,NA
"TER-NFBF-T-01",2025-06-11,NA,NA,NA
"TER-NFBF-T-01",2025-06-12,NA,NA,NA
"TER-NFBF-T-02",2023-08-09,NA,NA,NA
"TER-NFBF-T-02",2023-08-10,NA,NA,NA
"TER-NFBF-T-02",2023-08-11,0.158441355108592,0.0516060146750463,0.259054450500053
"TER-NFBF-T-02",2023-08-12,0.144940696050233,0.00680456792796461,0.214472134004264
"TER-NFBF-T-02",2023-08-13,0.145398976656359,0.0326275131281032,0.257581324796542
"TER-NFBF-T-02",2023-08-14,0.170634589989441,0.16629343861737,0.45345879242529
"TER-NFBF-T-02",2023-08-15,0.226500416638255,0.150570379750044,0.426405930755854
"TER-NFBF-T-02",2023-08-16,0.344013981564136,0.229719248748837,0.567286477368547
"TER-NFBF-T-02",2023-08-17,0.266237366417245,0.0984857508678038,0.436209495699134
"TER-NFBF-T-02",2023-08-18,0.155406449099643,0.0294419577286719,0.260371969481507
"TER-NFBF-T-02",2023-08-19,0.200705558442881,0.163520236034665,0.411953933458643
"TER-NFBF-T-02",2023-08-20,0.163379985488793,0.0212360953597791,0.231780314719811
"TER-NFBF-T-02",2023-08-21,0.114297871693212,0,0.106622748120909
"TER-NFBF-T-02",2023-08-22,0.111097461434379,0.000887553237430135,0.165805700448278
"TER-NFBF-T-02",2023-08-23,0.107538644084661,0,0.141449357495674
"TER-NFBF-T-02",2023-08-24,0.0994396049979008,0,0.156807738071677
"TER-NFBF-T-02",2023-08-25,0.094194234044623,0,0.124651665833497
"TER-NFBF-T-02",2023-08-26,0.0938940038747577,0,0.163241829006733
"TER-NFBF-T-02",2023-08-27,0.0998135146463568,0.00240647748777375,0.168896626949196
"TER-NFBF-T-02",2023-08-28,0.0993397136172841,0.00986380231147681,0.204098642389502
"TER-NFBF-T-02",2023-08-29,0.0999481233877181,0.0362240563744866,0.245381334580255
"TER-NFBF-T-02",2023-08-30,0.112748549382028,0.111389191330135,0.320700676568867
"TER-NFBF-T-02",2023-08-31,0.143462951559667,0.1041494318499,0.33671507348313
"TER-NFBF-T-02",2023-09-01,0.186262199809583,0.163442712775426,0.420736268156888
"TER-NFBF-T-02",2023-09-02,0.170163055956807,0.070787557851842,0.293949747675396
"TER-NFBF-T-02",2023-09-03,0.184568370418728,0.126718431025014,0.358578209931062
"TER-NFBF-T-02",2023-09-04,0.160649908322102,0.0324635629087078,0.260991333998664
"TER-NFBF-T-02",2023-09-05,0.149240378952776,0.0404588762507916,0.252035653830467
"TER-NFBF-T-02",2023-09-06,0.095886911205363,0,0.12008190321971
"TER-NFBF-T-02",2023-09-07,0.0926626324279371,0,0.113328572029276
"TER-NFBF-T-02",2023-09-08,0.0845861995786765,0,0.114959838026632
"TER-NFBF-T-02",2023-09-09,0.0853408217572259,0.0152151995886598,0.195463621287853
"TER-NFBF-T-02",2023-09-10,0.0841991152806297,0.0597824669841953,0.232187236286429
"TER-NFBF-T-02",2023-09-11,0.0937683186830398,0.104164693287249,0.283986889931528
"TER-NFBF-T-02",2023-09-12,0.138566912130494,0.0786141780200041,0.283441005138607
"TER-NFBF-T-02",2023-09-13,0.0986256821688376,0,0.166887488823294
"TER-NFBF-T-02",2023-09-14,0.0766642844557262,0,0.147338064533531
"TER-NFBF-T-02",2023-09-15,0.0882082997775173,0.0100906550150419,0.163577856330374
"TER-NFBF-T-02",2023-09-16,0.0904516547094317,0.0969227958245223,0.293273006643194
"TER-NFBF-T-02",2023-09-17,0.0830906885465823,0.0258406880567723,0.207885037692274
"TER-NFBF-T-02",2023-09-18,0.121827188276546,0.138535532146526,0.283144436571544
"TER-NFBF-T-02",2023-09-19,0.131443914863967,0.0205846698981444,0.198200344250635
"TER-NFBF-T-02",2023-09-20,0.0909114992871248,0,0.138620171240482
"TER-NFBF-T-02",2023-09-21,0.0970585297072394,0.0339291208079701,0.195866120823476
"TER-NFBF-T-02",2023-09-22,0.0844402623384973,0.0410658277084141,0.234563360847855
"TER-NFBF-T-02",2023-09-23,0.0800801938602601,0.00559554513054388,0.190508759703749
"TER-NFBF-T-02",2023-09-24,0.0829194261719495,0.0308512485021712,0.200926512503678
"TER-NFBF-T-02",2023-09-25,0.0803505870400112,0.0882827719875541,0.31142912320568
"TER-NFBF-T-02",2023-09-26,0.076703621457009,0.00129018227433541,0.151143876530699
"TER-NFBF-T-02",2023-09-27,0.0767413737198765,0,0.118269552924935
"TER-NFBF-T-02",2023-09-28,0.0702155386161533,0,0.0869338555419891
"TER-NFBF-T-02",2023-09-29,0.0674804047586097,0,0.102897427418289
"TER-NFBF-T-02",2023-09-30,0.0682203283242694,0,0.0893752866840499
"TER-NFBF-T-02",2023-10-01,0.0645616158093053,0.00771440787330863,0.16179215978566
"TER-NFBF-T-02",2023-10-02,0.0713880319841383,0.00620095609757415,0.0916991132908833
"TER-NFBF-T-02",2023-10-03,0.0763707382961736,0.0133176824714181,0.16475035868582
"TER-NFBF-T-02",2023-10-04,0.070977396656051,0,0.103897185918897
"TER-NFBF-T-02",2023-10-05,0.0704327536066314,0,0.114816072565783
"TER-NFBF-T-02",2023-10-06,0.0710343817034283,0,0.0707053324646877
"TER-NFBF-T-02",2023-10-07,0.0686288044941771,0,0.123232930679407
"TER-NFBF-T-02",2023-10-08,0.0660193499458608,0,0.104335629558584
"TER-NFBF-T-02",2023-10-09,0.0584087907008872,0,0.0771055258287689
"TER-NFBF-T-02",2023-10-10,0.0604484312150398,0,0.0715219094728219
"TER-NFBF-T-02",2023-10-11,0.061104182522182,0,0.0867111238977534
"TER-NFBF-T-02",2023-10-12,0.0584270172402853,0,0.0842502776612174
"TER-NFBF-T-02",2023-10-13,0.0533718451936918,0,0.0651836501981432
"TER-NFBF-T-02",2023-10-14,0.0445656459465269,0,0.0776497329460107
"TER-NFBF-T-02",2023-10-15,0.0393226547682471,0,0.0787270230761328
"TER-NFBF-T-02",2023-10-16,0.0307918884042941,0,0.0592574917294169
"TER-NFBF-T-02",2023-10-17,0.0323525107843297,0,0.0907706658461172
"TER-NFBF-T-02",2023-10-18,0.0287138755116821,0,0.125312737819963
"TER-NFBF-T-02",2023-10-19,0.0317271877426463,0,0.0926929653402633
"TER-NFBF-T-02",2023-10-20,0.0259125170748254,0,0.0576381918617605
"TER-NFBF-T-02",2023-10-21,0.0217633270543539,NA,0.0648922787012257
"TER-NFBF-T-02",2023-10-22,0.021334141625987,NA,0.0727529832660101
"TER-NFBF-T-02",2023-10-23,0.026398126273072,NA,0.141021022460791
"TER-NFBF-T-02",2023-10-24,0.0244345129210851,NA,0.107316186180636
"TER-NFBF-T-02",2023-10-25,0.0210799778216835,NA,0.0845151700330783
"TER-NFBF-T-02",2023-10-26,0.0168111390007875,NA,0.0627883808510149
"TER-NFBF-T-02",2023-10-27,0.0170261189386459,NA,0.0941213781971473
"TER-NFBF-T-02",2023-10-28,0.00857232358273947,NA,0.0821951571330974
"TER-NFBF-T-02",2023-10-29,0.00185274228455535,NA,0.0919977060231178
"TER-NFBF-T-02",2023-10-30,0.00238207501890513,NA,0.103317122324216
"TER-NFBF-T-02",2023-10-31,0.0020561219660235,NA,0.0891854555130401
"TER-NFBF-T-02",2023-11-01,0,NA,0.135316198605633
"TER-NFBF-T-02",2023-11-02,0,NA,0.118460789434263
"TER-NFBF-T-02",2023-11-03,NA,NA,0.146585785611128
"TER-NFBF-T-02",2023-11-04,NA,NA,0.0799253420463259
"TER-NFBF-T-02",2023-11-05,NA,NA,0.0640360982079146
"TER-NFBF-T-02",2023-11-06,NA,NA,0.116103208701096
"TER-NFBF-T-02",2023-11-07,NA,NA,0.124776813945433
"TER-NFBF-T-02",2023-11-08,NA,NA,0.0745563631643348
"TER-NFBF-T-02",2023-11-09,NA,NA,0.0775249101294817
"TER-NFBF-T-02",2023-11-10,NA,NA,0.069134564933139
"TER-NFBF-T-02",2023-11-11,NA,NA,0.074424937605586
"TER-NFBF-T-02",2023-11-12,NA,NA,0.0958349967464456
"TER-NFBF-T-02",2023-11-13,NA,NA,0.0598715266188653
"TER-NFBF-T-02",2023-11-14,NA,NA,0.0540599211812264
"TER-NFBF-T-02",2023-11-15,NA,NA,0.057107830890921
"TER-NFBF-T-02",2023-11-16,NA,NA,0.0517171878240245
"TER-NFBF-T-02",2023-11-17,NA,NA,0.0458006401190648
"TER-NFBF-T-02",2023-11-18,NA,NA,0.0734091594251474
"TER-NFBF-T-02",2023-11-19,NA,NA,0.0352161635734472
"TER-NFBF-T-02",2023-11-20,NA,NA,0.0333309602577842
"TER-NFBF-T-02",2023-11-21,NA,NA,0.0545403956369303
"TER-NFBF-T-02",2023-11-22,NA,NA,0.0875773474492898
"TER-NFBF-T-02",2023-11-23,NA,NA,0.0888766050038396
"TER-NFBF-T-02",2023-11-24,NA,NA,0.0709158774711935
"TER-NFBF-T-02",2023-11-25,NA,NA,0.0494551855166843
"TER-NFBF-T-02",2023-11-26,NA,NA,0.0419419529147849
"TER-NFBF-T-02",2023-11-27,NA,NA,0.0331015751149544
"TER-NFBF-T-02",2023-11-28,NA,NA,0.0301060124158136
"TER-NFBF-T-02",2023-11-29,NA,NA,0.0314541088166436
"TER-NFBF-T-02",2023-11-30,NA,NA,0.064325485463373
"TER-NFBF-T-02",2023-12-01,NA,NA,0.0884461842161944
"TER-NFBF-T-02",2023-12-02,NA,NA,0.0477116893272181
"TER-NFBF-T-02",2023-12-03,NA,NA,0.0590196988863759
"TER-NFBF-T-02",2023-12-04,NA,NA,0.0934454469057617
"TER-NFBF-T-02",2023-12-05,NA,NA,0.0624313014101936
"TER-NFBF-T-02",2023-12-06,NA,NA,0.0442999498702342
"TER-NFBF-T-02",2023-12-07,NA,NA,0.0498296123323753
"TER-NFBF-T-02",2023-12-08,NA,NA,0.0423975270680038
"TER-NFBF-T-02",2023-12-09,NA,NA,0.0323555440955836
"TER-NFBF-T-02",2023-12-10,NA,NA,0.0335290686069316
"TER-NFBF-T-02",2023-12-11,NA,NA,NA
"TER-NFBF-T-02",2023-12-12,0,0,0.0422268812972187
"TER-NFBF-T-02",2023-12-13,0,0,0.0305632408007269
"TER-NFBF-T-02",2023-12-14,0,0,0.0525250003538521
"TER-NFBF-T-02",2023-12-15,0,0,0.0380006782659693
"TER-NFBF-T-02",2023-12-16,NA,0,0.0338269562393643
"TER-NFBF-T-02",2023-12-17,NA,0,0.0315804294551862
"TER-NFBF-T-02",2023-12-18,NA,0,0.0296057909390047
"TER-NFBF-T-02",2023-12-19,NA,0,0.0193948123849085
"TER-NFBF-T-02",2023-12-20,NA,0,0.0330790617550158
"TER-NFBF-T-02",2023-12-21,NA,0,0.0490222999773271
"TER-NFBF-T-02",2023-12-22,NA,0,0.0622488764997705
"TER-NFBF-T-02",2023-12-23,NA,0.00249752598273567,0.0815044000865902
"TER-NFBF-T-02",2023-12-24,NA,0.0197442162983357,0.111944631020475
"TER-NFBF-T-02",2023-12-25,NA,0,0.0432396082937968
"TER-NFBF-T-02",2023-12-26,NA,0,0.0264710274421439
"TER-NFBF-T-02",2023-12-27,NA,0,0.0220870449590149
"TER-NFBF-T-02",2023-12-28,NA,0,0.0339863242641859
"TER-NFBF-T-02",2023-12-29,NA,0,0.0396067203898149
"TER-NFBF-T-02",2023-12-30,NA,0,0.0471329748498057
"TER-NFBF-T-02",2023-12-31,NA,0.000876619480506586,0.0601281144930878
"TER-NFBF-T-02",2024-01-01,NA,0,0.0372891259696177
"TER-NFBF-T-02",2024-01-02,NA,0,0.0315069976231029
"TER-NFBF-T-02",2024-01-03,NA,0,0.0650360936778243
"TER-NFBF-T-02",2024-01-04,NA,0,0.0471244668275086
"TER-NFBF-T-02",2024-01-05,NA,0,0.0359417124866654
"TER-NFBF-T-02",2024-01-06,NA,0,0.0393102551643235
"TER-NFBF-T-02",2024-01-07,NA,0,0.0432291268666981
"TER-NFBF-T-02",2024-01-08,NA,0,0.0629314308246871
"TER-NFBF-T-02",2024-01-09,NA,0,NA
"TER-NFBF-T-02",2024-01-10,NA,0,NA
"TER-NFBF-T-02",2024-01-11,NA,0,NA
"TER-NFBF-T-02",2024-01-12,NA,0,NA
"TER-NFBF-T-02",2024-01-13,NA,0,NA
"TER-NFBF-T-02",2024-01-14,NA,0,NA
"TER-NFBF-T-02",2024-01-15,NA,0,NA
"TER-NFBF-T-02",2024-01-16,NA,0,NA
"TER-NFBF-T-02",2024-01-17,NA,0,NA
"TER-NFBF-T-02",2024-01-18,NA,0,NA
"TER-NFBF-T-02",2024-01-19,NA,0,NA
"TER-NFBF-T-02",2024-01-20,NA,0,NA
"TER-NFBF-T-02",2024-01-21,NA,0,NA
"TER-NFBF-T-02",2024-01-22,NA,0,NA
"TER-NFBF-T-02",2024-01-23,NA,0,NA
"TER-NFBF-T-02",2024-01-24,NA,0,NA
"TER-NFBF-T-02",2024-01-25,NA,0,NA
"TER-NFBF-T-02",2024-01-26,NA,0,NA
"TER-NFBF-T-02",2024-01-27,NA,0,NA
"TER-NFBF-T-02",2024-01-28,NA,0,NA
"TER-NFBF-T-02",2024-01-29,NA,0,NA
"TER-NFBF-T-02",2024-01-30,NA,0,NA
"TER-NFBF-T-02",2024-01-31,NA,0,NA
"TER-NFBF-T-02",2024-02-01,NA,0,NA
"TER-NFBF-T-02",2024-02-02,NA,0,NA
"TER-NFBF-T-02",2024-02-03,NA,0.0065754037468662,NA
"TER-NFBF-T-02",2024-02-04,NA,0,NA
"TER-NFBF-T-02",2024-02-05,NA,0,NA
"TER-NFBF-T-02",2024-02-06,NA,0,NA
"TER-NFBF-T-02",2024-02-07,NA,0,NA
"TER-NFBF-T-02",2024-02-08,NA,0,NA
"TER-NFBF-T-02",2024-02-09,NA,0,NA
"TER-NFBF-T-02",2024-02-10,NA,0,NA
"TER-NFBF-T-02",2024-02-11,NA,NA,NA
"TER-NFBF-T-02",2024-02-12,NA,NA,NA
"TER-NFBF-T-02",2024-02-13,NA,NA,NA
"TER-NFBF-T-02",2024-02-14,NA,NA,NA
"TER-NFBF-T-02",2024-02-15,NA,NA,NA
"TER-NFBF-T-02",2024-02-16,NA,NA,NA
"TER-NFBF-T-02",2024-02-17,NA,NA,NA
"TER-NFBF-T-02",2024-02-18,NA,NA,NA
"TER-NFBF-T-02",2024-02-19,NA,NA,NA
"TER-NFBF-T-02",2024-02-20,NA,NA,NA
"TER-NFBF-T-02",2024-02-21,NA,NA,NA
"TER-NFBF-T-02",2024-02-22,NA,NA,NA
"TER-NFBF-T-02",2024-02-23,NA,NA,NA
"TER-NFBF-T-02",2024-02-24,NA,NA,NA
"TER-NFBF-T-02",2024-02-25,NA,NA,NA
"TER-NFBF-T-02",2024-02-26,NA,NA,NA
"TER-NFBF-T-02",2024-02-27,NA,NA,NA
"TER-NFBF-T-02",2024-02-28,NA,NA,NA
"TER-NFBF-T-02",2024-02-29,NA,NA,NA
"TER-NFBF-T-02",2024-03-01,NA,NA,NA
"TER-NFBF-T-02",2024-03-02,NA,NA,NA
"TER-NFBF-T-02",2024-03-03,NA,NA,NA
"TER-NFBF-T-02",2024-03-04,NA,NA,NA
"TER-NFBF-T-02",2024-03-05,NA,NA,NA
"TER-NFBF-T-02",2024-03-06,NA,NA,NA
"TER-NFBF-T-02",2024-03-07,NA,NA,NA
"TER-NFBF-T-02",2024-03-08,NA,NA,NA
"TER-NFBF-T-02",2024-03-09,NA,NA,NA
"TER-NFBF-T-02",2024-03-10,NA,NA,NA
"TER-NFBF-T-02",2024-03-11,NA,NA,NA
"TER-NFBF-T-02",2024-03-12,NA,NA,NA
"TER-NFBF-T-02",2024-03-13,0.00176885453388351,NA,NA
"TER-NFBF-T-02",2024-03-14,0,NA,NA
"TER-NFBF-T-02",2024-03-15,0,NA,NA
"TER-NFBF-T-02",2024-03-16,0,NA,NA
"TER-NFBF-T-02",2024-03-17,0,NA,NA
"TER-NFBF-T-02",2024-03-18,0,NA,NA
"TER-NFBF-T-02",2024-03-19,0,NA,NA
"TER-NFBF-T-02",2024-03-20,0.0291554393390248,NA,NA
"TER-NFBF-T-02",2024-03-21,0.00714074799487084,NA,NA
"TER-NFBF-T-02",2024-03-22,0,NA,NA
"TER-NFBF-T-02",2024-03-23,0,NA,NA
"TER-NFBF-T-02",2024-03-24,0,NA,NA
"TER-NFBF-T-02",2024-03-25,0,NA,NA
"TER-NFBF-T-02",2024-03-26,0,NA,NA
"TER-NFBF-T-02",2024-03-27,0,NA,NA
"TER-NFBF-T-02",2024-03-28,0.0155082372436631,NA,NA
"TER-NFBF-T-02",2024-03-29,0.0338877758747615,NA,NA
"TER-NFBF-T-02",2024-03-30,0.0352459655493988,NA,NA
"TER-NFBF-T-02",2024-03-31,0.0350768323769697,NA,NA
"TER-NFBF-T-02",2024-04-01,0.0887958366835351,NA,NA
"TER-NFBF-T-02",2024-04-02,0.0864915971519392,NA,NA
"TER-NFBF-T-02",2024-04-03,0.093944667024099,NA,NA
"TER-NFBF-T-02",2024-04-04,0.0770915298088207,NA,NA
"TER-NFBF-T-02",2024-04-05,0.0666994296082545,NA,NA
"TER-NFBF-T-02",2024-04-06,0.0751419919413985,NA,NA
"TER-NFBF-T-02",2024-04-07,0.0905111717234204,NA,NA
"TER-NFBF-T-02",2024-04-08,0.0886420688635041,NA,NA
"TER-NFBF-T-02",2024-04-09,0.0981807128534447,NA,NA
"TER-NFBF-T-02",2024-04-10,0.106420958522581,NA,NA
"TER-NFBF-T-02",2024-04-11,0.0652241345058113,NA,NA
"TER-NFBF-T-02",2024-04-12,0.0325874835118779,NA,NA
"TER-NFBF-T-02",2024-04-13,0.0320105365763929,NA,NA
"TER-NFBF-T-02",2024-04-14,0.0261125359787205,NA,NA
"TER-NFBF-T-02",2024-04-15,0.0301963106020843,NA,NA
"TER-NFBF-T-02",2024-04-16,0.0171532348677063,NA,NA
"TER-NFBF-T-02",2024-04-17,0.0084692441606871,NA,NA
"TER-NFBF-T-02",2024-04-18,0.05072416424465,NA,NA
"TER-NFBF-T-02",2024-04-19,0.0478780468260913,NA,NA
"TER-NFBF-T-02",2024-04-20,0.0421139127597899,NA,NA
"TER-NFBF-T-02",2024-04-21,0.0445912358755958,NA,NA
"TER-NFBF-T-02",2024-04-22,0.0442220155536598,NA,NA
"TER-NFBF-T-02",2024-04-23,0.0438038803762534,NA,NA
"TER-NFBF-T-02",2024-04-24,0.0555462539776721,NA,NA
"TER-NFBF-T-02",2024-04-25,0.0727005212100603,NA,NA
"TER-NFBF-T-02",2024-04-26,0.0681921007140069,NA,NA
"TER-NFBF-T-02",2024-04-27,0.0684074766672467,NA,NA
"TER-NFBF-T-02",2024-04-28,0.0720659265162802,NA,NA
"TER-NFBF-T-02",2024-04-29,0.055416454374561,NA,NA
"TER-NFBF-T-02",2024-04-30,0.019998492459859,NA,NA
"TER-NFBF-T-02",2024-05-01,0,NA,NA
"TER-NFBF-T-02",2024-05-02,0,NA,NA
"TER-NFBF-T-02",2024-05-03,0,NA,NA
"TER-NFBF-T-02",2024-05-04,0.00487250770848747,NA,NA
"TER-NFBF-T-02",2024-05-05,0,NA,NA
"TER-NFBF-T-02",2024-05-06,0,NA,NA
"TER-NFBF-T-02",2024-05-07,0,NA,NA
"TER-NFBF-T-02",2024-05-08,0,NA,NA
"TER-NFBF-T-02",2024-05-09,0,NA,NA
"TER-NFBF-T-02",2024-05-10,0.00610314577718483,NA,NA
"TER-NFBF-T-02",2024-05-11,0.00228937121883854,NA,NA
"TER-NFBF-T-02",2024-05-12,0.0536022727561349,NA,NA
"TER-NFBF-T-02",2024-05-13,0,NA,NA
"TER-NFBF-T-02",2024-05-14,0.00591158480893829,NA,NA
"TER-NFBF-T-02",2024-05-15,0,NA,NA
"TER-NFBF-T-02",2024-05-16,0,NA,NA
"TER-NFBF-T-02",2024-05-17,0,NA,NA
"TER-NFBF-T-02",2024-05-18,0,NA,NA
"TER-NFBF-T-02",2024-05-19,0.00316579078071073,NA,NA
"TER-NFBF-T-02",2024-05-20,0,NA,NA
"TER-NFBF-T-02",2024-05-21,0,NA,NA
"TER-NFBF-T-02",2024-05-22,0,NA,NA
"TER-NFBF-T-02",2024-05-23,0,NA,NA
"TER-NFBF-T-02",2024-05-24,0,NA,NA
"TER-NFBF-T-02",2024-05-25,0.0240316457392552,NA,NA
"TER-NFBF-T-02",2024-05-26,0.00151536629792882,NA,NA
"TER-NFBF-T-02",2024-05-27,0.00368627990043871,NA,NA
"TER-NFBF-T-02",2024-05-28,0.0339782414708786,NA,NA
"TER-NFBF-T-02",2024-05-29,0,NA,NA
"TER-NFBF-T-02",2024-05-30,0.00443776618715069,NA,NA
"TER-NFBF-T-02",2024-05-31,0,NA,NA
"TER-NFBF-T-02",2024-06-01,0,NA,NA
"TER-NFBF-T-02",2024-06-02,0,NA,NA
"TER-NFBF-T-02",2024-06-03,0,NA,NA
"TER-NFBF-T-02",2024-06-04,0,NA,NA
"TER-NFBF-T-02",2024-06-05,0,NA,NA
"TER-NFBF-T-02",2024-06-06,0,NA,NA
"TER-NFBF-T-02",2024-06-07,0,NA,NA
"TER-NFBF-T-02",2024-06-08,0.0079522856495682,NA,NA
"TER-NFBF-T-02",2024-06-09,0,NA,NA
"TER-NFBF-T-02",2024-06-10,0,NA,NA
"TER-NFBF-T-02",2024-06-11,0,NA,NA
"TER-NFBF-T-02",2024-06-12,0.110144291235218,NA,NA
"TER-NFBF-T-02",2024-06-13,0,NA,NA
"TER-NFBF-T-02",2024-06-14,0,NA,NA
"TER-NFBF-T-02",2024-06-15,0.0204397592171251,NA,NA
"TER-NFBF-T-02",2024-06-16,0.00965634686018997,NA,NA
"TER-NFBF-T-02",2024-06-17,0,NA,NA
"TER-NFBF-T-02",2024-06-18,0.0295969362903886,0.187185892010739,0.122433016785845
"TER-NFBF-T-02",2024-06-19,0.0546270306318484,0.248588885291331,0.191613745140614
"TER-NFBF-T-02",2024-06-20,0.08895354976151,0.292858755981003,0.229662206822749
"TER-NFBF-T-02",2024-06-21,0.167106142313334,0.403996352165448,0.326249237184864
"TER-NFBF-T-02",2024-06-22,0,0.134407143036941,0.0445738861254253
"TER-NFBF-T-02",2024-06-23,0,0.135908947174208,0.0472342028653545
"TER-NFBF-T-02",2024-06-24,0,0.0292658190678654,0
"TER-NFBF-T-02",2024-06-25,0,0.214542380292918,0.104173419468339
"TER-NFBF-T-02",2024-06-26,0,0.320439884990977,0.290102468122632
"TER-NFBF-T-02",2024-06-27,0,0.13614238111182,0.0451941190081456
"TER-NFBF-T-02",2024-06-28,0.0614951491984224,0.245525926357295,0.177014615661443
"TER-NFBF-T-02",2024-06-29,0,0.115317502633825,0.0248597761086543
"TER-NFBF-T-02",2024-06-30,0,0.0672935874838268,0.00285464895107088
"TER-NFBF-T-02",2024-07-01,0.0764367374036373,0.287295963976012,0.226353848596823
"TER-NFBF-T-02",2024-07-02,0.0487330860001804,0.309345442196325,0.227115984409141
"TER-NFBF-T-02",2024-07-03,0.0217303876113549,0.213646973034466,0.131377156437848
"TER-NFBF-T-02",2024-07-04,0.169949993064312,0.388494634748759,0.311082266646277
"TER-NFBF-T-02",2024-07-05,0.147112420928716,0.351978336408383,0.284172490451677
"TER-NFBF-T-02",2024-07-06,0.00898760635209768,0.170436452990313,0.0489326340919335
"TER-NFBF-T-02",2024-07-07,0.0556968389754669,0.254926970672482,0.139083691122783
"TER-NFBF-T-02",2024-07-08,0,0.0430062516342127,0
"TER-NFBF-T-02",2024-07-09,0,0.0391918338605171,0
"TER-NFBF-T-02",2024-07-10,0,0.10980995433033,0.0567678042115762
"TER-NFBF-T-02",2024-07-11,0.0360386352758443,0.199002016357763,0.141528665928628
"TER-NFBF-T-02",2024-07-12,0,0.0540937676789594,0
"TER-NFBF-T-02",2024-07-13,0,0.0243032435636131,0.00772079867126611
"TER-NFBF-T-02",2024-07-14,0,0.198619112752057,0.210883700029072
"TER-NFBF-T-02",2024-07-15,0,0.058692409793455,0
"TER-NFBF-T-02",2024-07-16,0,0.0904908862042336,0.0417922709255679
"TER-NFBF-T-02",2024-07-17,0,0.018526697619469,0
"TER-NFBF-T-02",2024-07-18,0,0.0708348672587999,0.0317804346842898
"TER-NFBF-T-02",2024-07-19,0,0.253975396659411,0.213377166521533
"TER-NFBF-T-02",2024-07-20,0.0180264446990971,0.284176660531495,0.207634564720692
"TER-NFBF-T-02",2024-07-21,0.0278180418747367,0.27869321526448,0.218272595321622
"TER-NFBF-T-02",2024-07-22,0.0239101584047374,0.27439313472994,0.201335108374668
"TER-NFBF-T-02",2024-07-23,0.0624063188036719,0.288852237558615,0.19767994410852
"TER-NFBF-T-02",2024-07-24,0.0225406982131673,0.282310987677919,0.19388560584185
"TER-NFBF-T-02",2024-07-25,0.0957667967696599,0.351997996181961,0.254323610076899
"TER-NFBF-T-02",2024-07-26,0.0215947941703305,0.167743375398678,0.0641556156468059
"TER-NFBF-T-02",2024-07-27,0.00583266530082725,0.193410971218235,0.100558372248689
"TER-NFBF-T-02",2024-07-28,0.00718771642411696,0.213230234568844,0.0907357489404782
"TER-NFBF-T-02",2024-07-29,0,0.200617244570663,0.101350077824178
"TER-NFBF-T-02",2024-07-30,0.00106925422890023,0.0807217942067401,0.0137725519128908
"TER-NFBF-T-02",2024-07-31,0,0.0581434174373521,0.00711550841443411
"TER-NFBF-T-02",2024-08-01,0.000621901472486987,0.191347599986707,0.138457758810609
"TER-NFBF-T-02",2024-08-02,0.00985824409967957,0.208384077837625,0.126794066628673
"TER-NFBF-T-02",2024-08-03,0.00898807300293146,0.236947803866296,0.169720266083965
"TER-NFBF-T-02",2024-08-04,0.127595926511384,0.39479568465377,0.342904404091084
"TER-NFBF-T-02",2024-08-05,0.121228100660134,0.411354363631976,0.3306001955796
"TER-NFBF-T-02",2024-08-06,0,0.0924665967763597,0.0354626406084469
"TER-NFBF-T-02",2024-08-07,0.00697494240164396,0.210453945812447,0.146886324207184
"TER-NFBF-T-02",2024-08-08,0.116232763445908,0.326141168185653,0.292441334255206
"TER-NFBF-T-02",2024-08-09,0.0164117509213982,0.272841129073417,0.186095906709121
"TER-NFBF-T-02",2024-08-10,0.0326668356883624,0.162329545632172,0.0715207448693005
"TER-NFBF-T-02",2024-08-11,0,0.0652134024687644,0.0328787766791516
"TER-NFBF-T-02",2024-08-12,0.0517358008096965,0.281799163963865,0.242865397249377
"TER-NFBF-T-02",2024-08-13,0.0204454428286757,0.211708514440807,0.104693161037707
"TER-NFBF-T-02",2024-08-14,0.142226920834446,0.383647086427634,0.305744368483049
"TER-NFBF-T-02",2024-08-15,0.126528485130468,0.326783463392776,0.238473742838677
"TER-NFBF-T-02",2024-08-16,0.0991923252109451,0.298937973002106,0.201502351189392
"TER-NFBF-T-02",2024-08-17,0.0680077963190079,0.254219746556062,0.164148574661286
"TER-NFBF-T-02",2024-08-18,NA,NA,NA
"TER-NFBF-T-02",2024-08-19,0.143488710666887,0.409457053944141,0.290650964933987
"TER-NFBF-T-02",2024-08-20,0,0.065758686706686,0
"TER-NFBF-T-02",2024-08-21,0.000568020403540591,0.12023020685128,0.0733638164633527
"TER-NFBF-T-02",2024-08-22,0.0076881475172868,0.305911509288149,0.266223484228396
"TER-NFBF-T-02",2024-08-23,0,0.130105649654378,0.0265047184541968
"TER-NFBF-T-02",2024-08-24,0,0.104235039950923,0.104182267947324
"TER-NFBF-T-02",2024-08-25,0.0593880899138889,0.328686556204132,0.250959314851954
"TER-NFBF-T-02",2024-08-26,0,0.136406455721332,0.0680487393143758
"TER-NFBF-T-02",2024-08-27,0,0.0908507905059046,0.0174919921033292
"TER-NFBF-T-02",2024-08-28,0.00103652796364613,0.192763504450697,0.168121579758987
"TER-NFBF-T-02",2024-08-29,0.0143850908020673,0.228271258858313,0.192009063205216
"TER-NFBF-T-02",2024-08-30,0.101434529723181,0.389206078528545,0.293383071929747
"TER-NFBF-T-02",2024-08-31,0.047422243447257,0.220030025770073,0.149730228855141
"TER-NFBF-T-02",2024-09-01,0,0.0356988782375571,0.0258469622627155
"TER-NFBF-T-02",2024-09-02,0,0.107596433308091,0.0895328524958969
"TER-NFBF-T-02",2024-09-03,0.0113125102538665,0.276875985645779,0.234647396004704
"TER-NFBF-T-02",2024-09-04,0.0854174854608106,0.305766403010096,0.196685746822031
"TER-NFBF-T-02",2024-09-05,0.0886410724939079,0.297539972723103,0.201527536608475
"TER-NFBF-T-02",2024-09-06,0.117493397529251,0.295449848335925,0.225359692574788
"TER-NFBF-T-02",2024-09-07,0.0348825761265306,0.142792127234912,0.0655769992662705
"TER-NFBF-T-02",2024-09-08,0,0.0323973396606652,0.0185537621603766
"TER-NFBF-T-02",2024-09-09,0.000807478663023261,0.0130309526879493,0.00340045740583868
"TER-NFBF-T-02",2024-09-10,0.000443776618715068,0.0185282325658168,0.026517916112161
"TER-NFBF-T-02",2024-09-11,0.000887553237430135,0.0299279009814411,0.056935547046423
"TER-NFBF-T-02",2024-09-12,0.0301634246567716,0.244754282916382,0.225289330410094
"TER-NFBF-T-02",2024-09-13,0.0840165131236812,0.231508721977936,0.1659593059626
"TER-NFBF-T-02",2024-09-14,0.0335111542732378,0.138513974594351,0.0557094073074245
"TER-NFBF-T-02",2024-09-15,0.121352460424836,0.273853604612494,0.22484306556843
"TER-NFBF-T-02",2024-09-16,0.0027630620089426,0.0703002747836288,0
"TER-NFBF-T-02",2024-09-17,0.0221434058188486,0.0672951773487319,0.0117409431433595
"TER-NFBF-T-02",2024-09-18,0.0493728408592984,0.122522717382258,0.0623329030899841
"TER-NFBF-T-02",2024-09-19,0.0126933322138932,0.0539812790810901,0.00688097212978884
"TER-NFBF-T-02",2024-09-20,0.00619885720631821,0.0164463282895932,0.00389800616678997
"TER-NFBF-T-02",2024-09-21,0.0173702641177781,0.0631453606655439,0.10150630750072
"TER-NFBF-T-02",2024-09-22,0.0355252157674886,0.104973092747021,0.0457024335133802
"TER-NFBF-T-02",2024-09-23,0.0528970610476991,0.19193395524947,0.114147282018783
"TER-NFBF-T-02",2024-09-24,0.0633482328517519,0.108180123177843,0.0076641170211195
"TER-NFBF-T-02",2024-09-25,0.0511007084718397,0.0141794469461191,0
"TER-NFBF-T-02",2024-09-26,0.0408186689891474,0.0307491796422275,0.0195540230967313
"TER-NFBF-T-02",2024-09-27,0.0562470802479185,0.0301442507058995,0
"TER-NFBF-T-02",2024-09-28,0.0673670359224468,0.0396096215317381,0
"TER-NFBF-T-02",2024-09-29,0.0781990721897991,0.00450825431241384,0
"TER-NFBF-T-02",2024-09-30,0.0961067577694429,0.00661213278846952,0
"TER-NFBF-T-02",2024-10-01,0.0998134747343999,0.00870089498307474,0
"TER-NFBF-T-02",2024-10-02,0.095509026188565,0.00760234059747995,0
"TER-NFBF-T-02",2024-10-03,0.0979539581213219,0.0304228254872603,0
"TER-NFBF-T-02",2024-10-04,0.0954005552122044,0.000974501541697502,0
"TER-NFBF-T-02",2024-10-05,0.0687659318802766,0.00994293798072848,0.000944725175227537
"TER-NFBF-T-02",2024-10-06,0.0446399242263972,0.0180336496636073,0.0334152892850609
"TER-NFBF-T-02",2024-10-07,0.0638979946735966,0.0585084289977743,0.0239262878366314
"TER-NFBF-T-02",2024-10-08,0.0676444548326508,0.049771805626168,0.00515530406674471
"TER-NFBF-T-02",2024-10-09,0.082514003683096,0.0184260042544393,0
"TER-NFBF-T-02",2024-10-10,0.0859847392318965,0.0013313298561452,0
"TER-NFBF-T-02",2024-10-11,0.0672083907988929,0.0109753289053138,0.00738463410567387
"TER-NFBF-T-02",2024-10-12,0.0601257390707698,0.0828004760647916,0.0654174478054436
"TER-NFBF-T-02",2024-10-13,0.0322074633896218,0,0
"TER-NFBF-T-02",2024-10-14,0.0438217917461179,0,0
"TER-NFBF-T-02",2024-10-15,0.0287527912202419,0.000699322542065119,0
"TER-NFBF-T-02",2024-10-16,0.0193316122447815,0.0163437014239525,0.0199820890512129
"TER-NFBF-T-02",2024-10-17,0.0190463235953005,0.0706284120292432,0.0271812479008978
"TER-NFBF-T-02",2024-10-18,0.034987547349694,0.0847156901846939,0.0263654948996956
"TER-NFBF-T-02",2024-10-19,0.00854699453644557,0.000416717871759886,0
"TER-NFBF-T-02",2024-10-20,0.000366905892935714,0,0
"TER-NFBF-T-02",2024-10-21,0,0.0176587769748825,0.0421633770495557
"TER-NFBF-T-02",2024-10-22,0.00319901671745527,0.0598259223780821,0.0110446408949746
"TER-NFBF-T-02",2024-10-23,0.00864708398886085,0,0
"TER-NFBF-T-02",2024-10-24,0,0.0343404689780054,0.0419208428832168
"TER-NFBF-T-02",2024-10-25,0,0.153412463027552,0.128910105993854
"TER-NFBF-T-02",2024-10-26,0.00645156566818046,0.135602067787465,0.0719773635615441
"TER-NFBF-T-02",2024-10-27,NA,0.0899280622971212,0.0179909399481388
"TER-NFBF-T-02",2024-10-28,NA,0.179067090381988,0.111385474745382
"TER-NFBF-T-02",2024-10-29,NA,0.0214940692719355,0
"TER-NFBF-T-02",2024-10-30,NA,0.00967150853824544,0
"TER-NFBF-T-02",2024-10-31,NA,0.00828880839135354,0
"TER-NFBF-T-02",2024-11-01,NA,0,0
"TER-NFBF-T-02",2024-11-02,NA,0.00554235460381639,0
"TER-NFBF-T-02",2024-11-03,NA,0,0
"TER-NFBF-T-02",2024-11-04,NA,0.00444000340967907,0
"TER-NFBF-T-02",2024-11-05,NA,0,0
"TER-NFBF-T-02",2024-11-06,NA,0,0
"TER-NFBF-T-02",2024-11-07,NA,0.00777384865146315,0
"TER-NFBF-T-02",2024-11-08,NA,0,0
"TER-NFBF-T-02",2024-11-09,NA,0.00199345133290263,0
"TER-NFBF-T-02",2024-11-10,NA,0,0
"TER-NFBF-T-02",2024-11-11,NA,0.00727265872283737,0
"TER-NFBF-T-02",2024-11-12,NA,0,0
"TER-NFBF-T-02",2024-11-13,NA,0,0
"TER-NFBF-T-02",2024-11-14,NA,0,0
"TER-NFBF-T-02",2024-11-15,NA,0.00146103246751098,0
"TER-NFBF-T-02",2024-11-16,NA,0.00783455844619959,0
"TER-NFBF-T-02",2024-11-17,NA,0.00351625337627515,0
"TER-NFBF-T-02",2024-11-18,NA,0,0
"TER-NFBF-T-02",2024-11-19,NA,0.00104365932447651,0
"TER-NFBF-T-02",2024-11-20,NA,0.00417400556952955,0
"TER-NFBF-T-02",2024-11-21,NA,0,0
"TER-NFBF-T-02",2024-11-22,NA,0,0
"TER-NFBF-T-02",2024-11-23,NA,0,0
"TER-NFBF-T-02",2024-11-24,NA,0,0
"TER-NFBF-T-02",2024-11-25,NA,0.00834265505217275,0
"TER-NFBF-T-02",2024-11-26,NA,0,0
"TER-NFBF-T-02",2024-11-27,NA,0.000301981947751007,0
"TER-NFBF-T-02",2024-11-28,NA,0.000312043925685496,0
"TER-NFBF-T-02",2024-11-29,NA,0.00391231614817086,0
"TER-NFBF-T-02",2024-11-30,NA,0,0
"TER-NFBF-T-02",2024-12-01,NA,0,0
"TER-NFBF-T-02",2024-12-02,NA,0.00178843595177851,0
"TER-NFBF-T-02",2024-12-03,NA,0.00406154190869356,0
"TER-NFBF-T-02",2024-12-04,NA,0.0538102168335897,0.00220143535761426
"TER-NFBF-T-02",2024-12-05,NA,0.0403981089439729,0.00106590487152595
"TER-NFBF-T-02",2024-12-06,NA,0.0119155053690828,0
"TER-NFBF-T-02",2024-12-07,NA,0.00142120649536793,0
"TER-NFBF-T-02",2024-12-08,NA,0.00282016744368642,0
"TER-NFBF-T-02",2024-12-09,NA,0.0197360276556808,0.000322399547932908
"TER-NFBF-T-02",2024-12-10,NA,0.04138533823771,0.00328184844085972
"TER-NFBF-T-02",2024-12-11,NA,0,0
"TER-NFBF-T-02",2024-12-12,NA,0,0
"TER-NFBF-T-02",2024-12-13,NA,0,0
"TER-NFBF-T-02",2024-12-14,NA,0.063626464209587,0.00984187771613749
"TER-NFBF-T-02",2024-12-15,NA,0.0169562882855155,0
"TER-NFBF-T-02",2024-12-16,NA,0,0
"TER-NFBF-T-02",2024-12-17,NA,0,0
"TER-NFBF-T-02",2024-12-18,NA,NA,NA
"TER-NFBF-T-02",2024-12-19,NA,NA,NA
"TER-NFBF-T-02",2024-12-20,NA,NA,NA
"TER-NFBF-T-02",2024-12-21,NA,NA,NA
"TER-NFBF-T-02",2024-12-22,NA,NA,NA
"TER-NFBF-T-02",2024-12-23,NA,NA,NA
"TER-NFBF-T-02",2024-12-24,NA,NA,NA
"TER-NFBF-T-02",2024-12-25,NA,NA,NA
"TER-NFBF-T-02",2024-12-26,NA,NA,NA
"TER-NFBF-T-02",2024-12-27,NA,NA,NA
"TER-NFBF-T-02",2024-12-28,NA,NA,NA
"TER-NFBF-T-02",2024-12-29,NA,NA,NA
"TER-NFBF-T-02",2024-12-30,NA,NA,NA
"TER-NFBF-T-02",2024-12-31,NA,NA,NA
"TER-NFBF-T-02",2025-01-01,NA,NA,NA
"TER-NFBF-T-02",2025-01-02,NA,NA,NA
"TER-NFBF-T-02",2025-01-03,NA,NA,NA
"TER-NFBF-T-02",2025-01-04,NA,NA,NA
"TER-NFBF-T-02",2025-01-05,NA,NA,NA
"TER-NFBF-T-02",2025-01-06,NA,NA,NA
"TER-NFBF-T-02",2025-01-07,NA,NA,NA
"TER-NFBF-T-02",2025-01-08,NA,NA,NA
"TER-NFBF-T-02",2025-01-09,NA,NA,NA
"TER-NFBF-T-02",2025-01-10,NA,NA,NA
"TER-NFBF-T-02",2025-01-11,NA,NA,NA
"TER-NFBF-T-02",2025-01-12,NA,NA,NA
"TER-NFBF-T-02",2025-01-13,NA,NA,NA
"TER-NFBF-T-02",2025-01-14,NA,NA,NA
"TER-NFBF-T-02",2025-01-15,NA,NA,NA
"TER-NFBF-T-02",2025-01-16,NA,NA,NA
"TER-NFBF-T-02",2025-01-17,NA,NA,NA
"TER-NFBF-T-02",2025-01-18,NA,NA,NA
"TER-NFBF-T-02",2025-01-19,NA,NA,NA
"TER-NFBF-T-02",2025-01-20,NA,NA,NA
"TER-NFBF-T-02",2025-01-21,NA,NA,NA
"TER-NFBF-T-02",2025-01-22,NA,NA,NA
"TER-NFBF-T-02",2025-01-23,NA,NA,NA
"TER-NFBF-T-02",2025-01-24,NA,NA,NA
"TER-NFBF-T-02",2025-01-25,NA,NA,NA
"TER-NFBF-T-02",2025-01-26,NA,NA,NA
"TER-NFBF-T-02",2025-01-27,NA,NA,NA
"TER-NFBF-T-02",2025-01-28,NA,NA,NA
"TER-NFBF-T-02",2025-01-29,NA,NA,NA
"TER-NFBF-T-02",2025-01-30,NA,NA,NA
"TER-NFBF-T-02",2025-01-31,NA,NA,NA
"TER-NFBF-T-02",2025-02-01,NA,NA,NA
"TER-NFBF-T-02",2025-02-02,NA,NA,NA
"TER-NFBF-T-02",2025-02-03,NA,NA,NA
"TER-NFBF-T-02",2025-02-04,NA,NA,NA
"TER-NFBF-T-02",2025-02-05,NA,NA,NA
"TER-NFBF-T-02",2025-02-06,NA,NA,NA
"TER-NFBF-T-02",2025-02-07,NA,NA,NA
"TER-NFBF-T-02",2025-02-08,NA,NA,NA
"TER-NFBF-T-02",2025-02-09,NA,NA,NA
"TER-NFBF-T-02",2025-02-10,NA,NA,NA
"TER-NFBF-T-02",2025-02-11,NA,NA,NA
"TER-NFBF-T-02",2025-02-12,NA,NA,NA
"TER-NFBF-T-02",2025-02-13,NA,NA,NA
"TER-NFBF-T-02",2025-02-14,NA,NA,NA
"TER-NFBF-T-02",2025-02-15,NA,NA,NA
"TER-NFBF-T-02",2025-02-16,NA,NA,NA
"TER-NFBF-T-02",2025-02-17,NA,NA,NA
"TER-NFBF-T-02",2025-02-18,NA,NA,NA
"TER-NFBF-T-02",2025-02-19,NA,NA,NA
"TER-NFBF-T-02",2025-02-20,NA,NA,NA
"TER-NFBF-T-02",2025-02-21,NA,NA,NA
"TER-NFBF-T-02",2025-02-22,NA,NA,NA
"TER-NFBF-T-02",2025-02-23,NA,NA,NA
"TER-NFBF-T-02",2025-02-24,NA,NA,NA
"TER-NFBF-T-02",2025-02-25,NA,NA,NA
"TER-NFBF-T-02",2025-02-26,NA,NA,NA
"TER-NFBF-T-02",2025-02-27,NA,NA,NA
"TER-NFBF-T-02",2025-02-28,NA,NA,NA
"TER-NFBF-T-02",2025-03-01,NA,NA,NA
"TER-NFBF-T-02",2025-03-02,NA,NA,NA
"TER-NFBF-T-02",2025-03-03,NA,NA,NA
"TER-NFBF-T-02",2025-03-04,NA,NA,NA
"TER-NFBF-T-02",2025-03-05,NA,NA,NA
"TER-NFBF-T-02",2025-03-06,NA,NA,NA
"TER-NFBF-T-02",2025-03-07,NA,NA,NA
"TER-NFBF-T-02",2025-03-08,NA,NA,NA
"TER-NFBF-T-02",2025-03-09,NA,NA,NA
"TER-NFBF-T-02",2025-03-10,NA,NA,NA
"TER-NFBF-T-02",2025-03-11,NA,NA,NA
"TER-NFBF-T-02",2025-03-12,NA,NA,NA
"TER-NFBF-T-02",2025-03-13,NA,NA,NA
"TER-NFBF-T-02",2025-03-14,NA,NA,NA
"TER-NFBF-T-02",2025-03-15,NA,NA,NA
"TER-NFBF-T-02",2025-03-16,NA,NA,NA
"TER-NFBF-T-02",2025-03-17,NA,NA,NA
"TER-NFBF-T-02",2025-03-18,NA,NA,NA
"TER-NFBF-T-02",2025-03-19,NA,NA,NA
"TER-NFBF-T-02",2025-03-20,NA,NA,NA
"TER-NFBF-T-02",2025-03-21,NA,NA,NA
"TER-NFBF-T-02",2025-03-22,NA,NA,NA
"TER-NFBF-T-02",2025-03-23,NA,NA,NA
"TER-NFBF-T-02",2025-03-24,NA,NA,NA
"TER-NFBF-T-02",2025-03-25,NA,NA,NA
"TER-NFBF-T-02",2025-03-26,NA,NA,NA
"TER-NFBF-T-02",2025-03-27,NA,NA,NA
"TER-NFBF-T-02",2025-03-28,NA,NA,NA
"TER-NFBF-T-02",2025-03-29,NA,NA,NA
"TER-NFBF-T-02",2025-03-30,NA,NA,NA
"TER-NFBF-T-02",2025-03-31,NA,NA,NA
"TER-NFBF-T-02",2025-04-01,NA,NA,NA
"TER-NFBF-T-02",2025-04-02,NA,NA,NA
"TER-NFBF-T-02",2025-04-03,NA,NA,NA
"TER-NFBF-T-02",2025-04-04,NA,NA,NA
"TER-NFBF-T-02",2025-04-05,NA,NA,NA
"TER-NFBF-T-02",2025-04-06,NA,NA,NA
"TER-NFBF-T-02",2025-04-07,NA,NA,NA
"TER-NFBF-T-02",2025-04-08,NA,NA,NA
"TER-NFBF-T-02",2025-04-09,NA,NA,NA
"TER-NFBF-T-02",2025-04-10,NA,NA,NA
"TER-NFBF-T-02",2025-04-11,NA,NA,NA
"TER-NFBF-T-02",2025-04-12,NA,NA,NA
"TER-NFBF-T-02",2025-04-13,NA,NA,NA
"TER-NFBF-T-02",2025-04-14,NA,NA,NA
"TER-NFBF-T-02",2025-04-15,NA,NA,NA
"TER-NFBF-T-02",2025-04-16,NA,NA,NA
"TER-NFBF-T-02",2025-04-17,NA,NA,NA
"TER-NFBF-T-02",2025-04-18,NA,NA,NA
"TER-NFBF-T-02",2025-04-19,NA,NA,NA
"TER-NFBF-T-02",2025-04-20,NA,NA,NA
"TER-NFBF-T-02",2025-04-21,NA,NA,NA
"TER-NFBF-T-02",2025-04-22,NA,NA,NA
"TER-NFBF-T-02",2025-04-23,NA,NA,NA
"TER-NFBF-T-02",2025-04-24,NA,NA,NA
"TER-NFBF-T-02",2025-04-25,NA,NA,NA
"TER-NFBF-T-02",2025-04-26,NA,NA,NA
"TER-NFBF-T-02",2025-04-27,NA,NA,NA
"TER-NFBF-T-02",2025-04-28,NA,NA,NA
"TER-NFBF-T-02",2025-04-29,NA,NA,NA
"TER-NFBF-T-02",2025-04-30,NA,NA,NA
"TER-NFBF-T-02",2025-05-01,NA,NA,NA
"TER-NFBF-T-02",2025-05-02,NA,NA,NA
"TER-NFBF-T-02",2025-05-03,NA,NA,NA
"TER-NFBF-T-02",2025-05-04,NA,NA,NA
"TER-NFBF-T-02",2025-05-05,NA,NA,NA
"TER-NFBF-T-02",2025-05-06,NA,NA,NA
"TER-NFBF-T-02",2025-05-07,NA,NA,NA
"TER-NFBF-T-02",2025-05-08,NA,NA,NA
"TER-NFBF-T-02",2025-05-09,NA,NA,NA
"TER-NFBF-T-02",2025-05-10,NA,NA,NA
"TER-NFBF-T-02",2025-05-11,NA,NA,NA
"TER-NFBF-T-02",2025-05-12,NA,NA,NA
"TER-NFBF-T-02",2025-05-13,NA,NA,NA
"TER-NFBF-T-02",2025-05-14,NA,NA,NA
"TER-NFBF-T-02",2025-05-15,NA,NA,NA
"TER-NFBF-T-02",2025-05-16,NA,NA,NA
"TER-NFBF-T-02",2025-05-17,NA,NA,NA
"TER-NFBF-T-02",2025-05-18,NA,NA,NA
"TER-NFBF-T-02",2025-05-19,NA,NA,NA
"TER-NFBF-T-02",2025-05-20,NA,NA,NA
"TER-NFBF-T-02",2025-05-21,NA,NA,NA
"TER-NFBF-T-02",2025-05-22,NA,NA,NA
"TER-NFBF-T-02",2025-05-23,NA,NA,NA
"TER-NFBF-T-02",2025-05-24,NA,NA,NA
"TER-NFBF-T-02",2025-05-25,NA,NA,NA
"TER-NFBF-T-02",2025-05-26,NA,NA,NA
"TER-NFBF-T-02",2025-05-27,NA,NA,NA
"TER-NFBF-T-02",2025-05-28,NA,NA,NA
"TER-NFBF-T-02",2025-05-29,NA,NA,NA
"TER-NFBF-T-02",2025-05-30,NA,NA,NA
"TER-NFBF-T-02",2025-05-31,NA,NA,NA
"TER-NFBF-T-02",2025-06-01,NA,NA,NA
"TER-NFBF-T-02",2025-06-02,NA,NA,NA
"TER-NFBF-T-02",2025-06-03,NA,NA,NA
"TER-NFBF-T-02",2025-06-04,NA,NA,NA
"TER-NFBF-T-02",2025-06-05,NA,NA,NA
"TER-NFBF-T-02",2025-06-06,NA,NA,NA
"TER-NFBF-T-02",2025-06-07,NA,NA,NA
"TER-NFBF-T-02",2025-06-08,NA,NA,NA
"TER-NFBF-T-02",2025-06-09,NA,NA,NA
"TER-NFBF-T-02",2025-06-10,NA,NA,NA
"TER-NFBF-T-02",2025-06-11,NA,NA,NA
"TER-NFBF-T-02",2025-06-12,NA,NA,NA
"TER-NFBF-TP41",2023-08-09,0.072790478300699,0.0527064671076405,NA
"TER-NFBF-TP41",2023-08-10,0.0502104325362121,0.0157646783571573,NA
"TER-NFBF-TP41",2023-08-11,0.0339376059272604,0.0114503546546453,NA
"TER-NFBF-TP41",2023-08-12,0.0383012932871014,0.0154885461812764,NA
"TER-NFBF-TP41",2023-08-13,0.0439270451930772,0.0951211802877503,NA
"TER-NFBF-TP41",2023-08-14,0.0794420309917868,0.264585142143671,NA
"TER-NFBF-TP41",2023-08-15,0.0791479036717277,0.269762584334527,NA
"TER-NFBF-TP41",2023-08-16,0.0911040527160903,0.375183170523368,NA
"TER-NFBF-TP41",2023-08-17,0.0633180609205366,0.268787453990587,NA
"TER-NFBF-TP41",2023-08-18,0.0273056711871906,0.155521174374376,NA
"TER-NFBF-TP41",2023-08-19,0.0732392709180053,0.29152933528497,NA
"TER-NFBF-TP41",2023-08-20,0.0152292815639452,0.158103053832097,NA
"TER-NFBF-TP41",2023-08-21,0,NA,NA
"TER-NFBF-TP41",2023-08-22,0.00754713449687177,NA,NA
"TER-NFBF-TP41",2023-08-23,0.0084219164421321,NA,NA
"TER-NFBF-TP41",2023-08-24,0,NA,NA
"TER-NFBF-TP41",2023-08-25,0,NA,NA
"TER-NFBF-TP41",2023-08-26,0,NA,NA
"TER-NFBF-TP41",2023-08-27,0,NA,NA
"TER-NFBF-TP41",2023-08-28,0,NA,NA
"TER-NFBF-TP41",2023-08-29,0,NA,NA
"TER-NFBF-TP41",2023-08-30,0.040783624795019,NA,NA
"TER-NFBF-TP41",2023-08-31,0.0600726846545905,NA,NA
"TER-NFBF-TP41",2023-09-01,0.0617447829503905,NA,NA
"TER-NFBF-TP41",2023-09-02,0.0492239237251923,NA,NA
"TER-NFBF-TP41",2023-09-03,0.0472465350144923,NA,NA
"TER-NFBF-TP41",2023-09-04,0.0230501528592064,NA,NA
"TER-NFBF-TP41",2023-09-05,0.0193849824968096,NA,NA
"TER-NFBF-TP41",2023-09-06,0,NA,NA
"TER-NFBF-TP41",2023-09-07,0,NA,NA
"TER-NFBF-TP41",2023-09-08,0,NA,NA
"TER-NFBF-TP41",2023-09-09,0.0107400843298664,NA,NA
"TER-NFBF-TP41",2023-09-10,0.015319580324118,NA,NA
"TER-NFBF-TP41",2023-09-11,0.0157147874813713,NA,NA
"TER-NFBF-TP41",2023-09-12,0.0215575815332791,NA,NA
"TER-NFBF-TP41",2023-09-13,0,NA,NA
"TER-NFBF-TP41",2023-09-14,0,NA,NA
"TER-NFBF-TP41",2023-09-15,0,NA,NA
"TER-NFBF-TP41",2023-09-16,0.0106861246165723,NA,NA
"TER-NFBF-TP41",2023-09-17,0.000745747467417923,NA,NA
"TER-NFBF-TP41",2023-09-18,0.00639884294977584,NA,NA
"TER-NFBF-TP41",2023-09-19,0.000794856000695499,NA,NA
"TER-NFBF-TP41",2023-09-20,0,NA,NA
"TER-NFBF-TP41",2023-09-21,0,NA,NA
"TER-NFBF-TP41",2023-09-22,0.017785128397276,NA,NA
"TER-NFBF-TP41",2023-09-23,0.00316476251649503,NA,NA
"TER-NFBF-TP41",2023-09-24,0.00752027048604001,NA,NA
"TER-NFBF-TP41",2023-09-25,0.016506604877633,NA,NA
"TER-NFBF-TP41",2023-09-26,0,NA,NA
"TER-NFBF-TP41",2023-09-27,0,NA,NA
"TER-NFBF-TP41",2023-09-28,0,NA,NA
"TER-NFBF-TP41",2023-09-29,0,NA,NA
"TER-NFBF-TP41",2023-09-30,0,NA,NA
"TER-NFBF-TP41",2023-10-01,0,NA,NA
"TER-NFBF-TP41",2023-10-02,0.0012801380270216,NA,NA
"TER-NFBF-TP41",2023-10-03,0,NA,NA
"TER-NFBF-TP41",2023-10-04,0,NA,NA
"TER-NFBF-TP41",2023-10-05,0,NA,NA
"TER-NFBF-TP41",2023-10-06,0,NA,NA
"TER-NFBF-TP41",2023-10-07,0.00345429505311658,NA,NA
"TER-NFBF-TP41",2023-10-08,0,NA,NA
"TER-NFBF-TP41",2023-10-09,0,NA,NA
"TER-NFBF-TP41",2023-10-10,0,NA,NA
"TER-NFBF-TP41",2023-10-11,0,NA,NA
"TER-NFBF-TP41",2023-10-12,0,NA,NA
"TER-NFBF-TP41",2023-10-13,0,NA,NA
"TER-NFBF-TP41",2023-10-14,0,NA,NA
"TER-NFBF-TP41",2023-10-15,0,NA,NA
"TER-NFBF-TP41",2023-10-16,0,NA,NA
"TER-NFBF-TP41",2023-10-17,0,NA,NA
"TER-NFBF-TP41",2023-10-18,0,NA,NA
"TER-NFBF-TP41",2023-10-19,0,NA,NA
"TER-NFBF-TP41",2023-10-20,0,NA,NA
"TER-NFBF-TP41",2023-10-21,0,NA,NA
"TER-NFBF-TP41",2023-10-22,0,NA,NA
"TER-NFBF-TP41",2023-10-23,0,NA,NA
"TER-NFBF-TP41",2023-10-24,0,NA,NA
"TER-NFBF-TP41",2023-10-25,0,NA,NA
"TER-NFBF-TP41",2023-10-26,0,NA,NA
"TER-NFBF-TP41",2023-10-27,0,NA,NA
"TER-NFBF-TP41",2023-10-28,0,NA,NA
"TER-NFBF-TP41",2023-10-29,0,NA,NA
"TER-NFBF-TP41",2023-10-30,0,NA,NA
"TER-NFBF-TP41",2023-10-31,0,NA,NA
"TER-NFBF-TP41",2023-11-01,0,NA,NA
"TER-NFBF-TP41",2023-11-02,0,NA,NA
"TER-NFBF-TP41",2023-11-03,0,NA,NA
"TER-NFBF-TP41",2023-11-04,0,NA,NA
"TER-NFBF-TP41",2023-11-05,0,NA,NA
"TER-NFBF-TP41",2023-11-06,0,NA,NA
"TER-NFBF-TP41",2023-11-07,0,NA,NA
"TER-NFBF-TP41",2023-11-08,0,NA,NA
"TER-NFBF-TP41",2023-11-09,0,NA,NA
"TER-NFBF-TP41",2023-11-10,0,NA,NA
"TER-NFBF-TP41",2023-11-11,0,NA,NA
"TER-NFBF-TP41",2023-11-12,0,NA,NA
"TER-NFBF-TP41",2023-11-13,0,NA,NA
"TER-NFBF-TP41",2023-11-14,0,NA,NA
"TER-NFBF-TP41",2023-11-15,0,NA,NA
"TER-NFBF-TP41",2023-11-16,0,NA,NA
"TER-NFBF-TP41",2023-11-17,0,NA,NA
"TER-NFBF-TP41",2023-11-18,0,NA,NA
"TER-NFBF-TP41",2023-11-19,0,NA,NA
"TER-NFBF-TP41",2023-11-20,0,NA,NA
"TER-NFBF-TP41",2023-11-21,0,NA,NA
"TER-NFBF-TP41",2023-11-22,0,NA,NA
"TER-NFBF-TP41",2023-11-23,0,NA,NA
"TER-NFBF-TP41",2023-11-24,0,NA,NA
"TER-NFBF-TP41",2023-11-25,0,NA,NA
"TER-NFBF-TP41",2023-11-26,0,NA,NA
"TER-NFBF-TP41",2023-11-27,0,NA,NA
"TER-NFBF-TP41",2023-11-28,0,NA,NA
"TER-NFBF-TP41",2023-11-29,0,NA,NA
"TER-NFBF-TP41",2023-11-30,0,NA,NA
"TER-NFBF-TP41",2023-12-01,0,NA,NA
"TER-NFBF-TP41",2023-12-02,0,NA,NA
"TER-NFBF-TP41",2023-12-03,0,NA,NA
"TER-NFBF-TP41",2023-12-04,0.000529060300552895,NA,NA
"TER-NFBF-TP41",2023-12-05,0,NA,NA
"TER-NFBF-TP41",2023-12-06,0,NA,NA
"TER-NFBF-TP41",2023-12-07,0,NA,NA
"TER-NFBF-TP41",2023-12-08,NA,NA,NA
"TER-NFBF-TP41",2023-12-09,0,0,0
"TER-NFBF-TP41",2023-12-10,0,0.00404856723230346,0.00211624120221156
"TER-NFBF-TP41",2023-12-11,0,0.00130525514892966,0.00156108749797983
"TER-NFBF-TP41",2023-12-12,0,0.00074216257421214,0.000989550098949527
"TER-NFBF-TP41",2023-12-13,0,0,0
"TER-NFBF-TP41",2023-12-14,0,0,0
"TER-NFBF-TP41",2023-12-15,0,0,0
"TER-NFBF-TP41",2023-12-16,0,0,0
"TER-NFBF-TP41",2023-12-17,0,0,0
"TER-NFBF-TP41",2023-12-18,0,0,0
"TER-NFBF-TP41",2023-12-19,0,0,0
"TER-NFBF-TP41",2023-12-20,0,0,0
"TER-NFBF-TP41",2023-12-21,0,0,0
"TER-NFBF-TP41",2023-12-22,0,0.0028323040610933,0
"TER-NFBF-TP41",2023-12-23,0,0.0193308879237004,0.00597754361384055
"TER-NFBF-TP41",2023-12-24,0,0.11129737085997,0.0934135089990379
"TER-NFBF-TP41",2023-12-25,0,0.00611035932424719,0.00898153434129458
"TER-NFBF-TP41",2023-12-26,0,0,0
"TER-NFBF-TP41",2023-12-27,0,0.0138138778850425,0.020947546795409
"TER-NFBF-TP41",2023-12-28,0,0.00968279157588792,0.0132981404879401
"TER-NFBF-TP41",2023-12-29,0,0.0130696006336872,0
"TER-NFBF-TP41",2023-12-30,0,0.0218015876793732,0.0236182043406151
"TER-NFBF-TP41",2023-12-31,0,0.047792465466894,0.0624104896432192
"TER-NFBF-TP41",2024-01-01,0,0.00264997541645797,0.0023189396677847
"TER-NFBF-TP41",2024-01-02,0,0.02703176201418,0.0188679344389622
"TER-NFBF-TP41",2024-01-03,0,0.0545817234778376,0.0571329099286164
"TER-NFBF-TP41",2024-01-04,0,0.00621011337062886,0
"TER-NFBF-TP41",2024-01-05,0,0.00411289068916362,0.000264530150276443
"TER-NFBF-TP41",2024-01-06,0,0.0141795001406362,0.00412102296708943
"TER-NFBF-TP41",2024-01-07,0,0.0363238969858666,0.0224962479061842
"TER-NFBF-TP41",2024-01-08,0,0.0578494417095031,0.0601028878246887
"TER-NFBF-TP41",2024-01-09,0,0.004571666968274,0.00824772263305365
"TER-NFBF-TP41",2024-01-10,0,0,0
"TER-NFBF-TP41",2024-01-11,0,0.00112161911609655,0.00027348737007164
"TER-NFBF-TP41",2024-01-12,0,0,0
"TER-NFBF-TP41",2024-01-13,0,0,0
"TER-NFBF-TP41",2024-01-14,0,0.011448720600781,0.00529529350751931
"TER-NFBF-TP41",2024-01-15,0,0.00264709179612906,0.00328006105577199
"TER-NFBF-TP41",2024-01-16,0,0,0
"TER-NFBF-TP41",2024-01-17,0,0,0
"TER-NFBF-TP41",2024-01-18,0,0.000216013673832549,0
"TER-NFBF-TP41",2024-01-19,0,0,0
"TER-NFBF-TP41",2024-01-20,0,0.0314625139372132,0.035674288649293
"TER-NFBF-TP41",2024-01-21,0,0.0020169577200337,0.00316679187105471
"TER-NFBF-TP41",2024-01-22,0,0,0
"TER-NFBF-TP41",2024-01-23,0,0,0
"TER-NFBF-TP41",2024-01-24,0,0,0
"TER-NFBF-TP41",2024-01-25,0,0.00923148868839759,0
"TER-NFBF-TP41",2024-01-26,0,0.00935060779207027,0.00555192337654174
"TER-NFBF-TP41",2024-01-27,0,0.000292206493502192,0.00207477181726181
"TER-NFBF-TP41",2024-01-28,0,0.0414716497717463,0.0485611801419907
"TER-NFBF-TP41",2024-01-29,0,0.00746092969398724,0.0129419876521532
"TER-NFBF-TP41",2024-01-30,0,0.0067940545597248,0.00357670184247469
"TER-NFBF-TP41",2024-01-31,0,0.00627742637181775,0
"TER-NFBF-TP41",2024-02-01,0,0.000896170389004207,0
"TER-NFBF-TP41",2024-02-02,0,0.0106866039161223,0.00157144906298642
"TER-NFBF-TP41",2024-02-03,0,0.0301249637313917,0.0258024888522591
"TER-NFBF-TP41",2024-02-04,0,0.0405152922471937,0.057603936138602
"TER-NFBF-TP41",2024-02-05,0,0.00205522090876418,0.00676991314548023
"TER-NFBF-TP41",2024-02-06,0,0,0
"TER-NFBF-TP41",2024-02-07,0,0,0
"TER-NFBF-TP41",2024-02-08,0,0.0233244915488132,0.0304174487006358
"TER-NFBF-TP41",2024-02-09,0,0.00894294812264118,0
"TER-NFBF-TP41",2024-02-10,0,0,0
"TER-NFBF-TP41",2024-02-11,0,0.000603963895502005,0
"TER-NFBF-TP41",2024-02-12,0,0.00216102730118755,0
"TER-NFBF-TP41",2024-02-13,0,0,0
"TER-NFBF-TP41",2024-02-14,0,0.0327948333049661,0.0296784212741838
"TER-NFBF-TP41",2024-02-15,0,0.00576046320486303,0.00871347624435424
"TER-NFBF-TP41",2024-02-16,0,0,0
"TER-NFBF-TP41",2024-02-17,0,0.0321284732068867,0.016990396279113
"TER-NFBF-TP41",2024-02-18,0,0.100408227124394,0.0991085724768976
"TER-NFBF-TP41",2024-02-19,0.00901391901931204,0.0934480587457913,0.0943140252077083
"TER-NFBF-TP41",2024-02-20,0.012950968864456,0.0910565581291168,0.100971394034865
"TER-NFBF-TP41",2024-02-21,0.00126918059154974,0.0435017600593041,0.0509160269730478
"TER-NFBF-TP41",2024-02-22,0.00162821465781162,0.0590111471181282,0.0733701185659832
"TER-NFBF-TP41",2024-02-23,0.0112327912978073,0.104205620117862,0.108961986819236
"TER-NFBF-TP41",2024-02-24,0.00227145326711756,0.0584500184182922,0.0674184011075477
"TER-NFBF-TP41",2024-02-25,0.000301981947751007,0.0294116872501451,0.0369330202607619
"TER-NFBF-TP41",2024-02-26,0.000546974740143289,0.035406835993475,0.0336929285570677
"TER-NFBF-TP41",2024-02-27,0.0189299900970928,0.138438756494153,0.144193103587602
"TER-NFBF-TP41",2024-02-28,0.0148286671896984,0.151415520343679,0.155563844955909
"TER-NFBF-TP41",2024-02-29,0.0052383741380909,0.0885757976065223,0.0905016298049436
"TER-NFBF-TP41",2024-03-01,0.0134460717066022,0.141080564978139,0.145149664035738
"TER-NFBF-TP41",2024-03-02,0.0116193023986133,0.121544057768951,0.1283853302278
"TER-NFBF-TP41",2024-03-03,0.00421665146067235,0.072049430312377,0.0804691482695281
"TER-NFBF-TP41",2024-03-04,0.00158910581045501,0.0978286078899748,0.0997895289395868
"TER-NFBF-TP41",2024-03-05,0,0.0516626151607169,0.048819062774034
"TER-NFBF-TP41",2024-03-06,0,0.0185151799828272,0.00733396424302189
"TER-NFBF-TP41",2024-03-07,0,0.00389196829030174,0
"TER-NFBF-TP41",2024-03-08,0,0.0241268705779732,0.0175734808986783
"TER-NFBF-TP41",2024-03-09,0,0.0147603457130577,0.0162254688662201
"TER-NFBF-TP41",2024-03-10,0,0.0629186708563051,0.0562978317932125
"TER-NFBF-TP41",2024-03-11,0,0.00415818851439332,0.0052239296671712
"TER-NFBF-TP41",2024-03-12,NA,NA,0.0589460513858617
"TER-NFBF-TP41",2024-03-13,0,NA,0.0493949688048622
"TER-NFBF-TP41",2024-03-14,0,NA,0.0421485583831939
"TER-NFBF-TP41",2024-03-15,0,NA,0.0197047170972158
"TER-NFBF-TP41",2024-03-16,0,NA,0.0835235062096294
"TER-NFBF-TP41",2024-03-17,0,NA,0.0870274967818157
"TER-NFBF-TP41",2024-03-18,0,NA,0.0100451920547954
"TER-NFBF-TP41",2024-03-19,0,NA,0.0439855509044816
"TER-NFBF-TP41",2024-03-20,0,NA,0.127237181113116
"TER-NFBF-TP41",2024-03-21,NA,NA,0.111739840943763
"TER-NFBF-TP41",2024-03-22,NA,NA,0.0133675187569236
"TER-NFBF-TP41",2024-03-23,NA,NA,0.0143304222070276
"TER-NFBF-TP41",2024-03-24,NA,NA,0.0384510359406071
"TER-NFBF-TP41",2024-03-25,NA,NA,0.0452610288479694
"TER-NFBF-TP41",2024-03-26,NA,NA,0.0237636545399243
"TER-NFBF-TP41",2024-03-27,NA,NA,0.0350859705157635
"TER-NFBF-TP41",2024-03-28,NA,NA,0.00555028809654332
"TER-NFBF-TP41",2024-03-29,NA,NA,0
"TER-NFBF-TP41",2024-03-30,NA,NA,0
"TER-NFBF-TP41",2024-03-31,NA,NA,0.0616333530659565
"TER-NFBF-TP41",2024-04-01,NA,NA,0.0464066106149616
"TER-NFBF-TP41",2024-04-02,NA,NA,0.0280943735560172
"TER-NFBF-TP41",2024-04-03,NA,NA,0.000701887166767752
"TER-NFBF-TP41",2024-04-04,NA,NA,0.0430777585295995
"TER-NFBF-TP41",2024-04-05,NA,NA,0.00802389404679772
"TER-NFBF-TP41",2024-04-06,NA,NA,0.059908134732747
"TER-NFBF-TP41",2024-04-07,NA,NA,0.0020362290857764
"TER-NFBF-TP41",2024-04-08,NA,NA,0
"TER-NFBF-TP41",2024-04-09,NA,NA,0.000301981947751007
"TER-NFBF-TP41",2024-04-10,NA,NA,0
"TER-NFBF-TP41",2024-04-11,NA,NA,0
"TER-NFBF-TP41",2024-04-12,NA,NA,0.00707067221086952
"TER-NFBF-TP41",2024-04-13,NA,NA,0
"TER-NFBF-TP41",2024-04-14,NA,NA,0
"TER-NFBF-TP41",2024-04-15,NA,NA,0
"TER-NFBF-TP41",2024-04-16,NA,NA,0
"TER-NFBF-TP41",2024-04-17,NA,NA,0
"TER-NFBF-TP41",2024-04-18,NA,NA,0.00180211623225722
"TER-NFBF-TP41",2024-04-19,NA,NA,0.00757420145663501
"TER-NFBF-TP41",2024-04-20,NA,NA,0.0594051568918952
"TER-NFBF-TP41",2024-04-21,NA,NA,0.0459804421901083
"TER-NFBF-TP41",2024-04-22,NA,NA,0.0271947599613759
"TER-NFBF-TP41",2024-04-23,NA,NA,0.00586393450310552
"TER-NFBF-TP41",2024-04-24,NA,NA,0.0129375019971255
"TER-NFBF-TP41",2024-04-25,NA,NA,0.0611984734048602
"TER-NFBF-TP41",2024-04-26,NA,NA,0.0564219996821007
"TER-NFBF-TP41",2024-04-27,NA,NA,0.128391756687336
"TER-NFBF-TP41",2024-04-28,NA,NA,0.206477457438051
"TER-NFBF-TP41",2024-04-29,NA,NA,0.199275669794915
"TER-NFBF-TP41",2024-04-30,NA,NA,0.203731828421584
"TER-NFBF-TP41",2024-05-01,NA,NA,0.0721628888758384
"TER-NFBF-TP41",2024-05-02,NA,NA,0.0362929082074777
"TER-NFBF-TP41",2024-05-03,NA,NA,0.0335203601094632
"TER-NFBF-TP41",2024-05-04,NA,NA,0.0922238226055152
"TER-NFBF-TP41",2024-05-05,NA,NA,0.238528121613292
"TER-NFBF-TP41",2024-05-06,NA,NA,0.0361456946991755
"TER-NFBF-TP41",2024-05-07,NA,NA,0.0358275130421605
"TER-NFBF-TP41",2024-05-08,NA,NA,0.0640027807685107
"TER-NFBF-TP41",2024-05-09,NA,NA,0.175156659563806
"TER-NFBF-TP41",2024-05-10,NA,NA,0.23653294868353
"TER-NFBF-TP41",2024-05-11,NA,NA,0.212844279527852
"TER-NFBF-TP41",2024-05-12,NA,NA,0.237898553349259
"TER-NFBF-TP41",2024-05-13,NA,NA,0.0543497932411103
"TER-NFBF-TP41",2024-05-14,NA,NA,0.149868409193445
"TER-NFBF-TP41",2024-05-15,NA,NA,0.0913520882774672
"TER-NFBF-TP41",2024-05-16,NA,NA,0.0490484589813671
"TER-NFBF-TP41",2024-05-17,NA,NA,0.0793676093674205
"TER-NFBF-TP41",2024-05-18,NA,NA,0.201257736794373
"TER-NFBF-TP41",2024-05-19,NA,NA,0.225921302447174
"TER-NFBF-TP41",2024-05-20,NA,NA,0.125115051780304
"TER-NFBF-TP41",2024-05-21,NA,NA,0.102353066256196
"TER-NFBF-TP41",2024-05-22,NA,NA,0.0851522909248845
"TER-NFBF-TP41",2024-05-23,NA,NA,0.0156200648487973
"TER-NFBF-TP41",2024-05-24,NA,NA,0.0408410508438705
"TER-NFBF-TP41",2024-05-25,NA,NA,0.220449021024717
"TER-NFBF-TP41",2024-05-26,NA,NA,0.202625280703441
"TER-NFBF-TP41",2024-05-27,NA,NA,0.18661075565671
"TER-NFBF-TP41",2024-05-28,NA,NA,0.186361600059674
"TER-NFBF-TP41",2024-05-29,NA,NA,0.0306280129667035
"TER-NFBF-TP41",2024-05-30,NA,NA,0.115963327245896
"TER-NFBF-TP41",2024-05-31,NA,NA,0.0556301239936965
"TER-NFBF-TP41",2024-06-01,NA,NA,0.112805592841113
"TER-NFBF-TP41",2024-06-02,NA,NA,0.0580745002242485
"TER-NFBF-TP41",2024-06-03,NA,NA,0.0351779912783102
"TER-NFBF-TP41",2024-06-04,NA,NA,0.0559442344542384
"TER-NFBF-TP41",2024-06-05,NA,NA,0.0106123874770578
"TER-NFBF-TP41",2024-06-06,NA,NA,0.0562770006432637
"TER-NFBF-TP41",2024-06-07,NA,NA,0.0556679358542624
"TER-NFBF-TP41",2024-06-08,NA,NA,0.0894412398259902
"TER-NFBF-TP41",2024-06-09,NA,NA,0.0763857936911312
"TER-NFBF-TP41",2024-06-10,NA,NA,0.100922257567293
"TER-NFBF-TP41",2024-06-11,NA,NA,0.183322985456295
"TER-NFBF-TP41",2024-06-12,NA,NA,0.412618946510408
"TER-NFBF-TP41",2024-06-13,NA,NA,0.0865372696829228
"TER-NFBF-TP41",2024-06-14,NA,NA,0.115465767739726
"TER-NFBF-TP41",2024-06-15,NA,NA,0.318212293735501
"TER-NFBF-TP41",2024-06-16,NA,NA,0.146528306216348
"TER-NFBF-TP41",2024-06-17,NA,NA,0.0974320753891902
"TER-NFBF-TP41",2024-06-18,NA,NA,0.192525304733915
"TER-NFBF-TP41",2024-06-19,NA,NA,0.222884258427792
"TER-NFBF-TP41",2024-06-20,NA,NA,0.255120016392242
"TER-NFBF-TP41",2024-06-21,NA,NA,0.367359117401837
"TER-NFBF-TP41",2024-06-22,NA,NA,0.161139289404481
"TER-NFBF-TP41",2024-06-23,NA,NA,0.15820327984659
"TER-NFBF-TP41",2024-06-24,NA,NA,0.071695793644208
"TER-NFBF-TP41",2024-06-25,NA,0.139971899128491,0.163016000119923
"TER-NFBF-TP41",2024-06-26,NA,0.331480058071266,0.338123480202714
"TER-NFBF-TP41",2024-06-27,NA,0.147056051783039,0.160816410850644
"TER-NFBF-TP41",2024-06-28,NA,0.171572537161148,0.177305285606922
"TER-NFBF-TP41",2024-06-29,NA,0.0858885686268489,0.10445454539345
"TER-NFBF-TP41",2024-06-30,NA,0.0700590616474664,0.062800805090033
"TER-NFBF-TP41",2024-07-01,NA,0.232595927936935,0.217762191801845
"TER-NFBF-TP41",2024-07-02,NA,0.300854540795889,0.310755939239322
"TER-NFBF-TP41",2024-07-03,NA,0.197384205205334,0.177758069804374
"TER-NFBF-TP41",2024-07-04,NA,0.302622150932808,0.297302765649667
"TER-NFBF-TP41",2024-07-05,NA,0.449093272457125,0.442403463356973
"TER-NFBF-TP41",2024-07-06,NA,0.227642733621404,0.230188361633278
"TER-NFBF-TP41",2024-07-07,NA,0.268695102029792,0.259934953128278
"TER-NFBF-TP41",2024-07-08,NA,0.0939236457901016,0.0733849729471904
"TER-NFBF-TP41",2024-07-09,NA,0.115291861148764,0.0877024809278472
"TER-NFBF-TP41",2024-07-10,NA,0.169422543298783,0.16987000152413
"TER-NFBF-TP41",2024-07-11,NA,0.142205923445431,0.127957867615667
"TER-NFBF-TP41",2024-07-12,NA,0.0962222848185158,0.0775282027752279
"TER-NFBF-TP41",2024-07-13,NA,0.0937903182246839,0.0631169189764319
"TER-NFBF-TP41",2024-07-14,NA,0.267014621503717,0.284450186236062
"TER-NFBF-TP41",2024-07-15,NA,0.103760315813661,0.0889657397363691
"TER-NFBF-TP41",2024-07-16,NA,0.147018542813264,0.117629445406914
"TER-NFBF-TP41",2024-07-17,NA,0.0704208564486374,0.0365689474929144
"TER-NFBF-TP41",2024-07-18,NA,0.102952773153995,0.0661372687392672
"TER-NFBF-TP41",2024-07-19,NA,0.332475436138365,0.33217045606028
"TER-NFBF-TP41",2024-07-20,NA,0.35090767373515,0.345517770157735
"TER-NFBF-TP41",2024-07-21,NA,0.315004544166201,0.317041650642908
"TER-NFBF-TP41",2024-07-22,NA,0.265771474726342,0.261247526152881
"TER-NFBF-TP41",2024-07-23,NA,0.266279216418892,0.264294576952181
"TER-NFBF-TP41",2024-07-24,NA,0.246944137048396,0.228007701576845
"TER-NFBF-TP41",2024-07-25,NA,0.265764119874608,0.244937837483004
"TER-NFBF-TP41",2024-07-26,NA,0.17811598458879,0.164125251482737
"TER-NFBF-TP41",2024-07-27,NA,0.130687627680174,0.106432478369106
"TER-NFBF-TP41",2024-07-28,NA,0.192352928915188,0.166862776821464
"TER-NFBF-TP41",2024-07-29,NA,0.236342051451365,0.239982612427094
"TER-NFBF-TP41",2024-07-30,NA,0.143168326932844,0.128612621841275
"TER-NFBF-TP41",2024-07-31,NA,0.110561743106741,0.0965940112769923
"TER-NFBF-TP41",2024-08-01,NA,0.282655665470916,0.271450934561684
"TER-NFBF-TP41",2024-08-02,NA,0.187361032836288,0.176542484050749
"TER-NFBF-TP41",2024-08-03,NA,0.27285925742278,0.260108406499383
"TER-NFBF-TP41",2024-08-04,NA,0.428232014398239,0.423425713981196
"TER-NFBF-TP41",2024-08-05,NA,0.392450041101409,0.396210381262622
"TER-NFBF-TP41",2024-08-06,NA,0.117921888001247,0.105300971621329
"TER-NFBF-TP41",2024-08-07,NA,0.184145613566222,0.163066087192576
"TER-NFBF-TP41",2024-08-08,NA,0.318513271170736,0.318278146104757
"TER-NFBF-TP41",2024-08-09,NA,0.275291357669782,0.278992817443008
"TER-NFBF-TP41",2024-08-10,NA,0.211396686254019,0.205377302097897
"TER-NFBF-TP41",2024-08-11,NA,0.121679614887067,0.0970931574978476
"TER-NFBF-TP41",2024-08-12,NA,0.304748550602825,0.330990588242291
"TER-NFBF-TP41",2024-08-13,NA,0.243268441800228,0.218940556059886
"TER-NFBF-TP41",2024-08-14,NA,0.320515734734858,0.308337276750174
"TER-NFBF-TP41",2024-08-15,NA,0.293226385279091,0.2845757018904
"TER-NFBF-TP41",2024-08-16,NA,NA,NA
"TER-NFBF-TP41",2024-08-17,NA,0.277206315108804,0.240903953375433
"TER-NFBF-TP41",2024-08-18,NA,0.265951870761106,0.232525975648607
"TER-NFBF-TP41",2024-08-19,NA,0.381105309773064,0.351489176033049
"TER-NFBF-TP41",2024-08-20,NA,0.129745479942023,0.101826396143518
"TER-NFBF-TP41",2024-08-21,NA,0.142809120136675,0.145249241506223
"TER-NFBF-TP41",2024-08-22,NA,0.410801872478264,0.40162628937057
"TER-NFBF-TP41",2024-08-23,NA,0.202794145088788,0.173510540826729
"TER-NFBF-TP41",2024-08-24,NA,0.175330919773373,0.138470204455976
"TER-NFBF-TP41",2024-08-25,NA,0.321943308656969,0.316968511696636
"TER-NFBF-TP41",2024-08-26,NA,0.182487069000195,0.142083710991776
"TER-NFBF-TP41",2024-08-27,NA,0.196422515668793,0.16159729351618
"TER-NFBF-TP41",2024-08-28,NA,0.2809623070498,0.259794538982195
"TER-NFBF-TP41",2024-08-29,NA,0.269708660689169,0.245742539203223
"TER-NFBF-TP41",2024-08-30,NA,0.36479724259176,0.348794869969577
"TER-NFBF-TP41",2024-08-31,NA,0.269218586619151,0.252331689462622
"TER-NFBF-TP41",2024-09-01,NA,0.127514529645376,0.0920871312326374
"TER-NFBF-TP41",2024-09-02,NA,0.155689228579201,0.134203977918161
"TER-NFBF-TP41",2024-09-03,NA,0.268764630944676,0.261771566185658
"TER-NFBF-TP41",2024-09-04,NA,0.256159804424387,0.250461902094113
"TER-NFBF-TP41",2024-09-05,NA,0.26853186646117,0.260227022756981
"TER-NFBF-TP41",2024-09-06,NA,0.294439696264696,0.289364334906552
"TER-NFBF-TP41",2024-09-07,NA,0.16907251639074,0.15934841616342
"TER-NFBF-TP41",2024-09-08,NA,0.109914086217852,0.0706771512031392
"TER-NFBF-TP41",2024-09-09,NA,0.101822555465561,0.0677303795934922
"TER-NFBF-TP41",2024-09-10,NA,0.0942683859671263,0.0540440524395688
"TER-NFBF-TP41",2024-09-11,NA,0.115196667485989,0.0679902732141098
"TER-NFBF-TP41",2024-09-12,NA,0.201788406812145,0.164627089812919
"TER-NFBF-TP41",2024-09-13,NA,0.267219441954638,0.241474781409254
"TER-NFBF-TP41",2024-09-14,NA,0.166384443657705,0.1423716404011
"TER-NFBF-TP41",2024-09-15,NA,0.292267896143175,0.260168939473847
"TER-NFBF-TP41",2024-09-16,NA,0.123824871995212,0.0913863541048677
"TER-NFBF-TP41",2024-09-17,NA,NA,NA
"TER-NFBF-TP41",2024-09-18,NA,0.165916635515779,0.143292581651108
"TER-NFBF-TP41",2024-09-19,NA,0.173032430711004,0.158188637975215
"TER-NFBF-TP41",2024-09-20,NA,0.106762929471089,0.0331177253228396
"TER-NFBF-TP41",2024-09-21,NA,0.144507036167516,0.0357601400301807
"TER-NFBF-TP41",2024-09-22,NA,0.161312893390558,0.116895465300038
"TER-NFBF-TP41",2024-09-23,NA,0.239359626357537,0.203912530934464
"TER-NFBF-TP41",2024-09-24,NA,0.161369599614871,0.123831718153803
"TER-NFBF-TP41",2024-09-25,NA,0.105452628291049,0.0355874023938882
"TER-NFBF-TP41",2024-09-26,NA,0.124545837149333,0.0461471124560972
"TER-NFBF-TP41",2024-09-27,NA,0.103515738607231,0.061364813527194
"TER-NFBF-TP41",2024-09-28,NA,0.111553001872621,0.0669306317725063
"TER-NFBF-TP41",2024-09-29,NA,0.1028044412251,0.0267443858328873
"TER-NFBF-TP41",2024-09-30,NA,0.108316221715557,0.0117820871995966
"TER-NFBF-TP41",2024-10-01,NA,0.110088929852948,0.0100982725387089
"TER-NFBF-TP41",2024-10-02,NA,0.10544682147418,0.00372134716491479
"TER-NFBF-TP41",2024-10-03,NA,0.107465683358196,0.0207476953897962
"TER-NFBF-TP41",2024-10-04,NA,0.0965279101570061,0.0162742267813252
"TER-NFBF-TP41",2024-10-05,NA,0.105772171022486,0.0156462557720915
"TER-NFBF-TP41",2024-10-06,NA,0.148644955185584,0.0743261385740406
"TER-NFBF-TP41",2024-10-07,NA,0.135659071569011,0.0828049250345634
"TER-NFBF-TP41",2024-10-08,NA,0.134349826557476,0.0616593256434608
"TER-NFBF-TP41",2024-10-09,NA,0.109629070539001,0.0559275859615439
"TER-NFBF-TP41",2024-10-10,NA,0.0749397312455568,0.021104315313645
"TER-NFBF-TP41",2024-10-11,NA,0.137670767339723,0.101355565921193
"TER-NFBF-TP41",2024-10-12,NA,0.194194239601652,0.148217016707162
"TER-NFBF-TP41",2024-10-13,NA,0.0899488300926717,0.0251880157007601
"TER-NFBF-TP41",2024-10-14,NA,0.0722930626877313,0.00185873224022433
"TER-NFBF-TP41",2024-10-15,NA,0.0999799521679416,0.0285642710838901
"TER-NFBF-TP41",2024-10-16,NA,0.155552549043835,0.11728900209655
"TER-NFBF-TP41",2024-10-17,NA,0.137791169950674,0.105066875282828
"TER-NFBF-TP41",2024-10-18,NA,0.145694609951653,0.109428564810349
"TER-NFBF-TP41",2024-10-19,NA,0.0873058117245078,0.0340881293917054
"TER-NFBF-TP41",2024-10-20,NA,0.0675246502939206,0.0302204057038685
"TER-NFBF-TP41",2024-10-21,NA,0.10550735183628,0.0660696608719266
"TER-NFBF-TP41",2024-10-22,NA,0.0949891962483398,0.0551193379457512
"TER-NFBF-TP41",2024-10-23,NA,0.0770390531843367,0.00803414809602649
"TER-NFBF-TP41",2024-10-24,NA,0.140452965295703,0.0830410061542992
"TER-NFBF-TP41",2024-10-25,NA,0.172706849593594,0.151483238441968
"TER-NFBF-TP41",2024-10-26,NA,0.145580370307401,0.126469694914057
"TER-NFBF-TP41",2024-10-27,NA,0.113006084097526,0.0883126671053946
"TER-NFBF-TP41",2024-10-28,NA,0.170373580400289,0.151363396953502
"TER-NFBF-TP41",2024-10-29,NA,0.0665589999461478,0.027322010474601
"TER-NFBF-TP41",2024-10-30,NA,0.0679197419397125,0.0169863045116551
"TER-NFBF-TP41",2024-10-31,NA,0.0688701330173497,0.0209734119567464
"TER-NFBF-TP41",2024-11-01,NA,0.0763593295877584,0.0063564357438003
"TER-NFBF-TP41",2024-11-02,NA,0.0758610664233456,0.0259120172228568
"TER-NFBF-TP41",2024-11-03,NA,0.0621525592953031,0.000666112153585099
"TER-NFBF-TP41",2024-11-04,NA,0.045046618806563,0.0264777606416055
"TER-NFBF-TP41",2024-11-05,NA,0.0121886693008042,0.0183677301925362
"TER-NFBF-TP41",2024-11-06,NA,0.00265529639683532,0.00979086101411225
"TER-NFBF-TP41",2024-11-07,NA,0.0103343590975326,0.0467344449023607
"TER-NFBF-TP41",2024-11-08,NA,0.00662917167329407,0.00388813104257092
"TER-NFBF-TP41",2024-11-09,NA,0.0121666473887255,0.00903588150858252
"TER-NFBF-TP41",2024-11-10,NA,0.0181901956666318,0.0175678807132891
"TER-NFBF-TP41",2024-11-11,NA,NA,0.00168721006682391
"TER-NFBF-TP41",2024-11-12,NA,NA,0
"TER-NFBF-TP41",2024-11-13,NA,NA,0.000344020918223132
"TER-NFBF-TP41",2024-11-14,NA,NA,0.000520362499326609
"TER-NFBF-TP41",2024-11-15,NA,NA,0.0013951064861682
"TER-NFBF-TP41",2024-11-16,NA,NA,0.0153958123795302
"TER-NFBF-TP41",2024-11-17,NA,NA,0.0100490013843002
"TER-NFBF-TP41",2024-11-18,NA,NA,0
"TER-NFBF-TP41",2024-11-19,NA,NA,0.000312043925685496
"TER-NFBF-TP41",2024-11-20,NA,NA,0.00647288584652698
"TER-NFBF-TP41",2024-11-21,NA,NA,0.00237525190327018
"TER-NFBF-TP41",2024-11-22,NA,NA,0
"TER-NFBF-TP41",2024-11-23,NA,NA,0
"TER-NFBF-TP41",2024-11-24,NA,NA,0.0306900919379535
"TER-NFBF-TP41",2024-11-25,NA,NA,0.0493782083277175
"TER-NFBF-TP41",2024-11-26,NA,NA,0.0194304357664297
"TER-NFBF-TP41",2024-11-27,NA,NA,0.0184501560432786
"TER-NFBF-TP41",2024-11-28,NA,NA,0.0413633974130488
"TER-NFBF-TP41",2024-11-29,NA,NA,0.0422138127705412
"TER-NFBF-TP41",2024-11-30,NA,NA,0.0167381019057893
"TER-NFBF-TP41",2024-12-01,NA,NA,0.0187494944276328
"TER-NFBF-TP41",2024-12-02,NA,NA,0.02259161303358
"TER-NFBF-TP41",2024-12-03,NA,NA,0.0243396945807674
"TER-NFBF-TP41",2024-12-04,NA,NA,0.062746320087156
"TER-NFBF-TP41",2024-12-05,NA,NA,0.0645911067758683
"TER-NFBF-TP41",2024-12-06,NA,NA,0.0389388366419035
"TER-NFBF-TP41",2024-12-07,NA,NA,0.014604742097483
"TER-NFBF-TP41",2024-12-08,NA,NA,0.0130183963691035
"TER-NFBF-TP41",2024-12-09,NA,NA,0.0129104808384288
"TER-NFBF-TP41",2024-12-10,NA,NA,0.0188532120001211
"TER-NFBF-TP41",2024-12-11,NA,NA,0.00401575540214667
"TER-NFBF-TP41",2024-12-12,NA,NA,0.00607237172632691
"TER-NFBF-TP41",2024-12-13,NA,NA,0
"TER-NFBF-TP41",2024-12-14,NA,NA,0.0259293866495435
"TER-NFBF-TP41",2024-12-15,NA,NA,NA
"TER-NFBF-TP41",2024-12-16,NA,NA,0.002010469161571
"TER-NFBF-TP41",2024-12-17,NA,NA,0.0256709119275579
"TER-NFBF-TP41",2024-12-18,NA,NA,0.0219663284073337
"TER-NFBF-TP41",2024-12-19,NA,NA,0.00340769749997982
"TER-NFBF-TP41",2024-12-20,NA,NA,0.00334141488741606
"TER-NFBF-TP41",2024-12-21,NA,NA,0.000998241588524242
"TER-NFBF-TP41",2024-12-22,NA,NA,0.00271477890279775
"TER-NFBF-TP41",2024-12-23,NA,NA,0.00308019753965767
"TER-NFBF-TP41",2024-12-24,NA,NA,0.0215972781967712
"TER-NFBF-TP41",2024-12-25,NA,NA,0.0371174775616421
"TER-NFBF-TP41",2024-12-26,NA,NA,0.0363403227233349
"TER-NFBF-TP41",2024-12-27,NA,NA,0.0125983679942794
"TER-NFBF-TP41",2024-12-28,NA,NA,0.0507953366589307
"TER-NFBF-TP41",2024-12-29,NA,NA,0.0467355275798945
"TER-NFBF-TP41",2024-12-30,NA,NA,0.0604207349417342
"TER-NFBF-TP41",2024-12-31,NA,NA,0.0264421973484296
"TER-NFBF-TP41",2025-01-01,NA,NA,0.0109477517955579
"TER-NFBF-TP41",2025-01-02,NA,NA,0.0104133820497266
"TER-NFBF-TP41",2025-01-03,NA,NA,0.0153350276983748
"TER-NFBF-TP41",2025-01-04,NA,NA,0.00822414416951171
"TER-NFBF-TP41",2025-01-05,NA,NA,0.0127227003561788
"TER-NFBF-TP41",2025-01-06,NA,NA,0.0157181068558226
"TER-NFBF-TP41",2025-01-07,NA,NA,0.0242022570910838
"TER-NFBF-TP41",2025-01-08,NA,NA,0.0360149900425196
"TER-NFBF-TP41",2025-01-09,NA,NA,0.0165869907842928
"TER-NFBF-TP41",2025-01-10,NA,NA,0.0202202674703451
"TER-NFBF-TP41",2025-01-11,NA,NA,0.0221242440069059
"TER-NFBF-TP41",2025-01-12,NA,NA,0.0183513449556143
"TER-NFBF-TP41",2025-01-13,NA,NA,0.0223538232934429
"TER-NFBF-TP41",2025-01-14,NA,NA,0.0212302029316817
"TER-NFBF-TP41",2025-01-15,NA,NA,0.0207483235321574
"TER-NFBF-TP41",2025-01-16,NA,NA,0.0242441186611105
"TER-NFBF-TP41",2025-01-17,NA,NA,0.0206055161287522
"TER-NFBF-TP41",2025-01-18,NA,NA,0.0111934866310133
"TER-NFBF-TP41",2025-01-19,NA,NA,0.0109129035520295
"TER-NFBF-TP41",2025-01-20,NA,NA,0.0107063873284193
"TER-NFBF-TP41",2025-01-21,NA,NA,0.00874259635738653
"TER-NFBF-TP41",2025-01-22,NA,NA,0.0322174171875727
"TER-NFBF-TP41",2025-01-23,NA,NA,0.0253522705832818
"TER-NFBF-TP41",2025-01-24,NA,NA,0.0105599358266732
"TER-NFBF-TP41",2025-01-25,NA,NA,0.0142315563426944
"TER-NFBF-TP41",2025-01-26,NA,NA,0.0220133772936668
"TER-NFBF-TP41",2025-01-27,NA,NA,0.0843581293020853
"TER-NFBF-TP41",2025-01-28,NA,NA,0.048664743754797
"TER-NFBF-TP41",2025-01-29,NA,NA,0.0339654383377838
"TER-NFBF-TP41",2025-01-30,NA,NA,0.0324061097913563
"TER-NFBF-TP41",2025-01-31,NA,NA,0.0288987599611472
"TER-NFBF-TP41",2025-02-01,NA,NA,0.0229678512910247
"TER-NFBF-TP41",2025-02-02,NA,NA,0.0248013285434387
"TER-NFBF-TP41",2025-02-03,NA,NA,0.031149217148645
"TER-NFBF-TP41",2025-02-04,NA,NA,0.0235105719370481
"TER-NFBF-TP41",2025-02-05,NA,NA,0.0490363101220426
"TER-NFBF-TP41",2025-02-06,NA,NA,0.0392374206496373
"TER-NFBF-TP41",2025-02-07,NA,NA,0.0336240452648058
"TER-NFBF-TP41",2025-02-08,NA,NA,0.0291566480441538
"TER-NFBF-TP41",2025-02-09,NA,NA,0.0350934361474905
"TER-NFBF-TP41",2025-02-10,NA,NA,0.0317310876097556
"TER-NFBF-TP41",2025-02-11,NA,NA,0.0369317444312176
"TER-NFBF-TP41",2025-02-12,NA,NA,0.0359395000570265
"TER-NFBF-TP41",2025-02-13,NA,NA,0.0331012881304414
"TER-NFBF-TP41",2025-02-14,NA,NA,0.0169019482930789
"TER-NFBF-TP41",2025-02-15,NA,NA,0.0343210477491432
"TER-NFBF-TP41",2025-02-16,NA,NA,0.0429474435702054
"TER-NFBF-TP41",2025-02-17,NA,NA,0.0436832306332436
"TER-NFBF-TP41",2025-02-18,NA,NA,0.0537478652369512
"TER-NFBF-TP41",2025-02-19,NA,NA,0.0380179969623633
"TER-NFBF-TP41",2025-02-20,NA,NA,0.0441586587923251
"TER-NFBF-TP41",2025-02-21,NA,NA,0.0575528684431408
"TER-NFBF-TP41",2025-02-22,NA,NA,0.0381921512310964
"TER-NFBF-TP41",2025-02-23,NA,NA,0.0393668604533236
"TER-NFBF-TP41",2025-02-24,NA,NA,0.0627702411584143
"TER-NFBF-TP41",2025-02-25,NA,NA,0.061580834860816
"TER-NFBF-TP41",2025-02-26,NA,NA,0.0627792449323202
"TER-NFBF-TP41",2025-02-27,NA,NA,0.149082892297011
"TER-NFBF-TP41",2025-02-28,NA,NA,0.06277656681821
"TER-NFBF-TP41",2025-03-01,NA,NA,0.134385676512547
"TER-NFBF-TP41",2025-03-02,NA,NA,0.132059787970089
"TER-NFBF-TP41",2025-03-03,NA,NA,0.216238434416727
"TER-NFBF-TP41",2025-03-04,NA,NA,0.0863766310892443
"TER-NFBF-TP41",2025-03-05,NA,NA,0.0622479470851062
"TER-NFBF-TP41",2025-03-06,NA,NA,0.0482492418103239
"TER-NFBF-TP41",2025-03-07,NA,NA,0.0696256901483774
"TER-NFBF-TP41",2025-03-08,NA,NA,0.0558391937336837
"TER-NFBF-TP41",2025-03-09,NA,NA,0.0321658411076615
"TER-NFBF-TP41",2025-03-10,NA,NA,0.0471797612077487
"TER-NFBF-TP41",2025-03-11,NA,NA,0.0367137584962051
"TER-NFBF-TP41",2025-03-12,NA,NA,0.0520048233588171
"TER-NFBF-TP41",2025-03-13,NA,NA,0.0433551572318705
"TER-NFBF-TP41",2025-03-14,NA,NA,0.035187470178762
"TER-NFBF-TP41",2025-03-15,NA,NA,0.0382314940658473
"TER-NFBF-TP41",2025-03-16,NA,NA,0.0782352598850911
"TER-NFBF-TP41",2025-03-17,NA,NA,0.0965325091948411
"TER-NFBF-TP41",2025-03-18,NA,NA,0.0298249986872281
"TER-NFBF-TP41",2025-03-19,NA,NA,0.0690142594029507
"TER-NFBF-TP41",2025-03-20,NA,NA,0.0688650959742925
"TER-NFBF-TP41",2025-03-21,NA,NA,0.0909875372306197
"TER-NFBF-TP41",2025-03-22,NA,NA,0.146278682637669
"TER-NFBF-TP41",2025-03-23,NA,NA,0.149202427035391
"TER-NFBF-TP41",2025-03-24,NA,NA,0.140405194247846
"TER-NFBF-TP41",2025-03-25,NA,NA,0.0662468551170912
"TER-NFBF-TP41",2025-03-26,NA,NA,0.106485397834077
"TER-NFBF-TP41",2025-03-27,NA,NA,0.149336350081303
"TER-NFBF-TP41",2025-03-28,NA,NA,0.120152478016854
"TER-NFBF-TP41",2025-03-29,NA,NA,0.0838000384655221
"TER-NFBF-TP41",2025-03-30,NA,NA,0.098481566768019
"TER-NFBF-TP41",2025-03-31,NA,NA,0.10107481376565
"TER-NFBF-TP41",2025-04-01,NA,NA,0.076986627176684
"TER-NFBF-TP41",2025-04-02,NA,NA,0.0631983369139677
"TER-NFBF-TP41",2025-04-03,NA,NA,0.0557473865249578
"TER-NFBF-TP41",2025-04-04,NA,NA,0.0403647027214248
"TER-NFBF-TP41",2025-04-05,NA,NA,0.0575816313933792
"TER-NFBF-TP41",2025-04-06,NA,NA,0.0373897356164823
"TER-NFBF-TP41",2025-04-07,NA,NA,0.0393469817253657
"TER-NFBF-TP41",2025-04-08,NA,NA,0.0412203139402004
"TER-NFBF-TP41",2025-04-09,NA,NA,0.0389953870103603
"TER-NFBF-TP41",2025-04-10,NA,NA,0.0366522853547079
"TER-NFBF-TP41",2025-04-11,NA,NA,0.0349887872680027
"TER-NFBF-TP41",2025-04-12,NA,NA,0.0399803240551853
"TER-NFBF-TP41",2025-04-13,NA,NA,0.0431247868847879
"TER-NFBF-TP41",2025-04-14,NA,NA,0.10455056396902
"TER-NFBF-TP41",2025-04-15,NA,NA,0.145497161953511
"TER-NFBF-TP41",2025-04-16,NA,NA,0.0629067281468654
"TER-NFBF-TP41",2025-04-17,NA,NA,0.0642252180739028
"TER-NFBF-TP41",2025-04-18,NA,NA,0.0654610958673051
"TER-NFBF-TP41",2025-04-19,NA,NA,0.160649604687464
"TER-NFBF-TP41",2025-04-20,NA,NA,0.0617419701669963
"TER-NFBF-TP41",2025-04-21,NA,NA,0.210560742633005
"TER-NFBF-TP41",2025-04-22,NA,NA,0.155324759923632
"TER-NFBF-TP41",2025-04-23,NA,NA,0.0561251915876127
"TER-NFBF-TP41",2025-04-24,NA,NA,0.132789477306181
"TER-NFBF-TP41",2025-04-25,NA,NA,0.220335768187707
"TER-NFBF-TP41",2025-04-26,NA,NA,0.140441012368545
"TER-NFBF-TP41",2025-04-27,NA,NA,0.0591922330923297
"TER-NFBF-TP41",2025-04-28,NA,NA,0.10498004740673
"TER-NFBF-TP41",2025-04-29,NA,NA,0.0918581589808474
"TER-NFBF-TP41",2025-04-30,NA,NA,0.0424863291445427
"TER-NFBF-TP41",2025-05-01,NA,NA,0.0451645811352525
"TER-NFBF-TP41",2025-05-02,NA,NA,0.0428710741307067
"TER-NFBF-TP41",2025-05-03,NA,NA,0.0500837019109089
"TER-NFBF-TP41",2025-05-04,NA,NA,0.0475687206807803
"TER-NFBF-TP41",2025-05-05,NA,NA,0.0700159417967084
"TER-NFBF-TP41",2025-05-06,NA,NA,0.0462897900598794
"TER-NFBF-TP41",2025-05-07,NA,NA,0.0339327065821618
"TER-NFBF-TP41",2025-05-08,NA,NA,0.0388679519529902
"TER-NFBF-TP41",2025-05-09,NA,NA,0.054287438568403
"TER-NFBF-TP41",2025-05-10,NA,NA,0.198326767098798
"TER-NFBF-TP41",2025-05-11,NA,NA,0.0823185174301545
"TER-NFBF-TP41",2025-05-12,NA,NA,0.0768827266220265
"TER-NFBF-TP41",2025-05-13,NA,NA,0.137969870273407
"TER-NFBF-TP41",2025-05-14,NA,NA,0.0601119605004651
"TER-NFBF-TP41",2025-05-15,NA,NA,0.0529551169824584
"TER-NFBF-TP41",2025-05-16,NA,NA,0.0810181419995541
"TER-NFBF-TP41",2025-05-17,NA,NA,0.153250253724205
"TER-NFBF-TP41",2025-05-18,NA,NA,0.110842146267983
"TER-NFBF-TP41",2025-05-19,NA,NA,0.0680636190555045
"TER-NFBF-TP41",2025-05-20,NA,NA,0.108250809913627
"TER-NFBF-TP41",2025-05-21,NA,NA,0.183673813753408
"TER-NFBF-TP41",2025-05-22,NA,NA,0.110297575623625
"TER-NFBF-TP41",2025-05-23,NA,NA,0.127282945554704
"TER-NFBF-TP41",2025-05-24,NA,NA,0.132061294677671
"TER-NFBF-TP41",2025-05-25,NA,NA,0.135434667118683
"TER-NFBF-TP41",2025-05-26,NA,NA,0.252332378995996
"TER-NFBF-TP41",2025-05-27,NA,NA,0.149785904873537
"TER-NFBF-TP41",2025-05-28,NA,NA,0.130623837469827
"TER-NFBF-TP41",2025-05-29,NA,NA,0.0754618224830012
"TER-NFBF-TP41",2025-05-30,NA,NA,0.0971729369350694
"TER-NFBF-TP41",2025-05-31,NA,NA,0.194666663677022
"TER-NFBF-TP41",2025-06-01,NA,NA,0.242546555557077
"TER-NFBF-TP41",2025-06-02,NA,NA,0.398650554935381
"TER-NFBF-TP41",2025-06-03,NA,NA,0.120854395920806
"TER-NFBF-TP41",2025-06-04,NA,NA,0.0829353266861322
"TER-NFBF-TP41",2025-06-05,NA,NA,0.120893578482767
"TER-NFBF-TP41",2025-06-06,NA,NA,0.0749517716041756
"TER-NFBF-TP41",2025-06-07,NA,NA,0.0785010363133707
"TER-NFBF-TP41",2025-06-08,NA,NA,0.0846061007684461
"TER-NFBF-TP41",2025-06-09,NA,NA,0.0897744778003914
"TER-NFBF-TP41",2025-06-10,NA,NA,0.120017603446428
"TER-NFBF-TP41",2025-06-11,NA,NA,0.13260838099647
"TER-NFBF-TP41",2025-06-12,NA,NA,0.0954864762146408
"TER-NFPG-T-33",2023-08-09,0.234097912254537,NA,NA
"TER-NFPG-T-33",2023-08-10,0.190961756439814,NA,NA
"TER-NFPG-T-33",2023-08-11,0.173815025039866,NA,NA
"TER-NFPG-T-33",2023-08-12,0.164414020670659,NA,NA
"TER-NFPG-T-33",2023-08-13,0.171095426031094,NA,NA
"TER-NFPG-T-33",2023-08-14,0.17621745507468,NA,NA
"TER-NFPG-T-33",2023-08-15,0.15488681219912,NA,NA
"TER-NFPG-T-33",2023-08-16,0.181969702588656,NA,NA
"TER-NFPG-T-33",2023-08-17,0.205264300273598,NA,NA
"TER-NFPG-T-33",2023-08-18,0.143368610417544,NA,NA
"TER-NFPG-T-33",2023-08-19,0.146680547455909,NA,NA
"TER-NFPG-T-33",2023-08-20,0.132069851031049,NA,NA
"TER-NFPG-T-33",2023-08-21,0.113510623055017,NA,NA
"TER-NFPG-T-33",2023-08-22,0.105384792168976,NA,NA
"TER-NFPG-T-33",2023-08-23,0.105076366053188,NA,NA
"TER-NFPG-T-33",2023-08-24,0.0995263428137785,NA,NA
"TER-NFPG-T-33",2023-08-25,0.112893012180939,NA,NA
"TER-NFPG-T-33",2023-08-26,0.116960750577829,NA,NA
"TER-NFPG-T-33",2023-08-27,0.0685989299904854,NA,NA
"TER-NFPG-T-33",2023-08-28,0.0631153952955815,NA,NA
"TER-NFPG-T-33",2023-08-29,0.0844212202123264,NA,NA
"TER-NFPG-T-33",2023-08-30,0.0840864560178917,NA,NA
"TER-NFPG-T-33",2023-08-31,0.0819192192093336,NA,NA
"TER-NFPG-T-33",2023-09-01,0.0825338761638583,NA,NA
"TER-NFPG-T-33",2023-09-02,0.0786369665067252,NA,NA
"TER-NFPG-T-33",2023-09-03,0.0798567142514044,NA,NA
"TER-NFPG-T-33",2023-09-04,0.0839553089985738,NA,NA
"TER-NFPG-T-33",2023-09-05,0.0833189027136288,NA,NA
"TER-NFPG-T-33",2023-09-06,0.0832908442568532,NA,NA
"TER-NFPG-T-33",2023-09-07,0.0817468700916483,NA,NA
"TER-NFPG-T-33",2023-09-08,0.0798068188287983,NA,NA
"TER-NFPG-T-33",2023-09-09,0.086923436551709,NA,NA
"TER-NFPG-T-33",2023-09-10,0.0860757088794096,NA,NA
"TER-NFPG-T-33",2023-09-11,0.0914282576126923,NA,NA
"TER-NFPG-T-33",2023-09-12,0.0961313965836103,NA,NA
"TER-NFPG-T-33",2023-09-13,0.101142437121944,NA,NA
"TER-NFPG-T-33",2023-09-14,0.0979765177102899,NA,NA
"TER-NFPG-T-33",2023-09-15,0.0804450814381376,NA,NA
"TER-NFPG-T-33",2023-09-16,0.075791762652561,NA,NA
"TER-NFPG-T-33",2023-09-17,0.0742232162815923,NA,NA
"TER-NFPG-T-33",2023-09-18,0.0767415523031042,NA,NA
"TER-NFPG-T-33",2023-09-19,0.0815288482879146,NA,NA
"TER-NFPG-T-33",2023-09-20,0.0916580588381617,NA,NA
"TER-NFPG-T-33",2023-09-21,0.0688305484945564,NA,NA
"TER-NFPG-T-33",2023-09-22,0.0728468405697201,NA,NA
"TER-NFPG-T-33",2023-09-23,0.0790693804843566,NA,NA
"TER-NFPG-T-33",2023-09-24,0.0737655400787876,NA,NA
"TER-NFPG-T-33",2023-09-25,0.0783199068933144,NA,NA
"TER-NFPG-T-33",2023-09-26,0.0832071712835914,NA,NA
"TER-NFPG-T-33",2023-09-27,0.0811282379005341,NA,NA
"TER-NFPG-T-33",2023-09-28,0.0745254375699121,NA,NA
"TER-NFPG-T-33",2023-09-29,0.0811267494498326,NA,NA
"TER-NFPG-T-33",2023-09-30,NA,NA,NA
"TER-NFPG-T-33",2023-10-01,NA,NA,NA
"TER-NFPG-T-33",2023-10-02,NA,NA,NA
"TER-NFPG-T-33",2023-10-03,NA,NA,NA
"TER-NFPG-T-33",2023-10-04,NA,NA,NA
"TER-NFPG-T-33",2023-10-05,NA,NA,NA
"TER-NFPG-T-33",2023-10-06,NA,NA,NA
"TER-NFPG-T-33",2023-10-07,NA,NA,NA
"TER-NFPG-T-33",2023-10-08,NA,NA,NA
"TER-NFPG-T-33",2023-10-09,NA,NA,NA
"TER-NFPG-T-33",2023-10-10,NA,NA,NA
"TER-NFPG-T-33",2023-10-11,NA,NA,NA
"TER-NFPG-T-33",2023-10-12,NA,NA,NA
"TER-NFPG-T-33",2023-10-13,NA,NA,NA
"TER-NFPG-T-33",2023-10-14,NA,NA,NA
"TER-NFPG-T-33",2023-10-15,NA,NA,NA
"TER-NFPG-T-33",2023-10-16,NA,NA,NA
"TER-NFPG-T-33",2023-10-17,NA,NA,NA
"TER-NFPG-T-33",2023-10-18,NA,NA,NA
"TER-NFPG-T-33",2023-10-19,NA,NA,NA
"TER-NFPG-T-33",2023-10-20,NA,NA,NA
"TER-NFPG-T-33",2023-10-21,NA,NA,NA
"TER-NFPG-T-33",2023-10-22,NA,NA,NA
"TER-NFPG-T-33",2023-10-23,NA,NA,NA
"TER-NFPG-T-33",2023-10-24,NA,NA,NA
"TER-NFPG-T-33",2023-10-25,NA,NA,NA
"TER-NFPG-T-33",2023-10-26,NA,NA,NA
"TER-NFPG-T-33",2023-10-27,NA,NA,NA
"TER-NFPG-T-33",2023-10-28,NA,NA,NA
"TER-NFPG-T-33",2023-10-29,NA,NA,NA
"TER-NFPG-T-33",2023-10-30,NA,NA,NA
"TER-NFPG-T-33",2023-10-31,NA,NA,NA
"TER-NFPG-T-33",2023-11-01,NA,NA,NA
"TER-NFPG-T-33",2023-11-02,NA,NA,NA
"TER-NFPG-T-33",2023-11-03,NA,NA,NA
"TER-NFPG-T-33",2023-11-04,NA,NA,NA
"TER-NFPG-T-33",2023-11-05,NA,NA,NA
"TER-NFPG-T-33",2023-11-06,NA,NA,NA
"TER-NFPG-T-33",2023-11-07,NA,NA,NA
"TER-NFPG-T-33",2023-11-08,NA,NA,NA
"TER-NFPG-T-33",2023-11-09,NA,NA,NA
"TER-NFPG-T-33",2023-11-10,NA,NA,NA
"TER-NFPG-T-33",2023-11-11,NA,NA,NA
"TER-NFPG-T-33",2023-11-12,NA,NA,NA
"TER-NFPG-T-33",2023-11-13,NA,NA,NA
"TER-NFPG-T-33",2023-11-14,NA,NA,NA
"TER-NFPG-T-33",2023-11-15,NA,NA,NA
"TER-NFPG-T-33",2023-11-16,NA,NA,NA
"TER-NFPG-T-33",2023-11-17,NA,NA,NA
"TER-NFPG-T-33",2023-11-18,NA,NA,NA
"TER-NFPG-T-33",2023-11-19,NA,NA,NA
"TER-NFPG-T-33",2023-11-20,NA,NA,NA
"TER-NFPG-T-33",2023-11-21,NA,NA,NA
"TER-NFPG-T-33",2023-11-22,NA,NA,NA
"TER-NFPG-T-33",2023-11-23,NA,NA,NA
"TER-NFPG-T-33",2023-11-24,NA,NA,NA
"TER-NFPG-T-33",2023-11-25,NA,NA,NA
"TER-NFPG-T-33",2023-11-26,NA,NA,NA
"TER-NFPG-T-33",2023-11-27,NA,NA,NA
"TER-NFPG-T-33",2023-11-28,NA,NA,NA
"TER-NFPG-T-33",2023-11-29,NA,NA,NA
"TER-NFPG-T-33",2023-11-30,NA,NA,NA
"TER-NFPG-T-33",2023-12-01,NA,NA,NA
"TER-NFPG-T-33",2023-12-02,NA,NA,NA
"TER-NFPG-T-33",2023-12-03,NA,NA,NA
"TER-NFPG-T-33",2023-12-04,NA,NA,NA
"TER-NFPG-T-33",2023-12-05,NA,NA,NA
"TER-NFPG-T-33",2023-12-06,NA,NA,NA
"TER-NFPG-T-33",2023-12-07,NA,NA,NA
"TER-NFPG-T-33",2023-12-08,NA,NA,NA
"TER-NFPG-T-33",2023-12-09,NA,NA,NA
"TER-NFPG-T-33",2023-12-10,NA,NA,NA
"TER-NFPG-T-33",2023-12-11,NA,NA,NA
"TER-NFPG-T-33",2023-12-12,0,0.00297253219160729,NA
"TER-NFPG-T-33",2023-12-13,0,0.000820462110214928,NA
"TER-NFPG-T-33",2023-12-14,0,0,NA
"TER-NFPG-T-33",2023-12-15,0,0,NA
"TER-NFPG-T-33",2023-12-16,0,0,NA
"TER-NFPG-T-33",2023-12-17,0,0,NA
"TER-NFPG-T-33",2023-12-18,0,0,NA
"TER-NFPG-T-33",2023-12-19,0,0,NA
"TER-NFPG-T-33",2023-12-20,0,0,NA
"TER-NFPG-T-33",2023-12-21,0,0,NA
"TER-NFPG-T-33",2023-12-22,0,0.00585926031353998,NA
"TER-NFPG-T-33",2023-12-23,0,0.0295559937074264,NA
"TER-NFPG-T-33",2023-12-24,0,0.0778926612709386,NA
"TER-NFPG-T-33",2023-12-25,0,0,NA
"TER-NFPG-T-33",2023-12-26,0,0,NA
"TER-NFPG-T-33",2023-12-27,0,0,NA
"TER-NFPG-T-33",2023-12-28,0,0,NA
"TER-NFPG-T-33",2023-12-29,0,0,NA
"TER-NFPG-T-33",2023-12-30,0,0.0217837583187508,NA
"TER-NFPG-T-33",2023-12-31,0,0.0341749687736625,NA
"TER-NFPG-T-33",2024-01-01,0,0,NA
"TER-NFPG-T-33",2024-01-02,0,0.00451549618315083,NA
"TER-NFPG-T-33",2024-01-03,0,0.0269722752924015,NA
"TER-NFPG-T-33",2024-01-04,0,0,NA
"TER-NFPG-T-33",2024-01-05,0,0,NA
"TER-NFPG-T-33",2024-01-06,0,0.000624087851370983,NA
"TER-NFPG-T-33",2024-01-07,0,0.0167869680627653,NA
"TER-NFPG-T-33",2024-01-08,0,0.0174810755780601,NA
"TER-NFPG-T-33",2024-01-09,0,0,NA
"TER-NFPG-T-33",2024-01-10,0,0,NA
"TER-NFPG-T-33",2024-01-11,0,0,NA
"TER-NFPG-T-33",2024-01-12,0,0,NA
"TER-NFPG-T-33",2024-01-13,0,0,NA
"TER-NFPG-T-33",2024-01-14,0,0.00365652707719435,NA
"TER-NFPG-T-33",2024-01-15,0,0,NA
"TER-NFPG-T-33",2024-01-16,0,0,NA
"TER-NFPG-T-33",2024-01-17,0,0,NA
"TER-NFPG-T-33",2024-01-18,0,0,NA
"TER-NFPG-T-33",2024-01-19,0,0,NA
"TER-NFPG-T-33",2024-01-20,0,0.00187226355411295,NA
"TER-NFPG-T-33",2024-01-21,0,0,NA
"TER-NFPG-T-33",2024-01-22,0,0,NA
"TER-NFPG-T-33",2024-01-23,0,0,NA
"TER-NFPG-T-33",2024-01-24,0,0,NA
"TER-NFPG-T-33",2024-01-25,0,0.00249988867991497,NA
"TER-NFPG-T-33",2024-01-26,0.00625503966603949,0,NA
"TER-NFPG-T-33",2024-01-27,0.0147520237071583,0,NA
"TER-NFPG-T-33",2024-01-28,0.00287027238823835,0.0227032409484267,NA
"TER-NFPG-T-33",2024-01-29,0,0.00951669807104874,NA
"TER-NFPG-T-33",2024-01-30,0,0.0145252643415834,NA
"TER-NFPG-T-33",2024-01-31,0,0.00921865312887526,NA
"TER-NFPG-T-33",2024-02-01,0,0,NA
"TER-NFPG-T-33",2024-02-02,0,0.0165716174936403,NA
"TER-NFPG-T-33",2024-02-03,0,0.0553873833581354,NA
"TER-NFPG-T-33",2024-02-04,0,0.0262108350701144,NA
"TER-NFPG-T-33",2024-02-05,0,0,NA
"TER-NFPG-T-33",2024-02-06,0.00101013307180823,0,NA
"TER-NFPG-T-33",2024-02-07,0.00499462415388916,0,NA
"TER-NFPG-T-33",2024-02-08,0.00645516234160166,0.0163760917154923,NA
"TER-NFPG-T-33",2024-02-09,0.00123693762368689,0.000511664698100323,NA
"TER-NFPG-T-33",2024-02-10,0.0116886425788439,0,NA
"TER-NFPG-T-33",2024-02-11,0.0498404780855407,0,NA
"TER-NFPG-T-33",2024-02-12,0.0479664041312978,0,NA
"TER-NFPG-T-33",2024-02-13,0.0423550537250029,0,NA
"TER-NFPG-T-33",2024-02-14,0.000247387524737377,0.0549955738107761,NA
"TER-NFPG-T-33",2024-02-15,0.00033305607679255,0.00801773868334957,NA
"TER-NFPG-T-33",2024-02-16,0.0409626615630825,0,NA
"TER-NFPG-T-33",2024-02-17,0.0501297117799917,0.0206093446761488,NA
"TER-NFPG-T-33",2024-02-18,0.0422568149511035,0.135397580092604,NA
"TER-NFPG-T-33",2024-02-19,0.0490969033258013,0.115021400798647,NA
"TER-NFPG-T-33",2024-02-20,0.0344253926149033,0.103153040268634,NA
"TER-NFPG-T-33",2024-02-21,0,0.0566317917564865,NA
"TER-NFPG-T-33",2024-02-22,0.000685971812093811,0.0785907789158421,NA
"TER-NFPG-T-33",2024-02-23,0.0109738660170258,0.193081565041354,NA
"TER-NFPG-T-33",2024-02-24,0.00888636034705381,0.0895339423362054,NA
"TER-NFPG-T-33",2024-02-25,0,0.048704274893153,NA
"TER-NFPG-T-33",2024-02-26,0,0.136025111059491,NA
"TER-NFPG-T-33",2024-02-27,0.00805471571838137,0.286224556376672,NA
"TER-NFPG-T-33",2024-02-28,0.0283770905508688,0.240977098780361,NA
"TER-NFPG-T-33",2024-02-29,0.0111532209250535,0.155097766107595,NA
"TER-NFPG-T-33",2024-03-01,0.0461500425395746,0.274413094697679,NA
"TER-NFPG-T-33",2024-03-02,0.0749800236116074,0.298730332329656,NA
"TER-NFPG-T-33",2024-03-03,0.0235330403596286,0.130282609154407,NA
"TER-NFPG-T-33",2024-03-04,0.00917066663497418,0.150085404594431,NA
"TER-NFPG-T-33",2024-03-05,0.00189321849975421,0.0962368429726054,NA
"TER-NFPG-T-33",2024-03-06,0.00101548760712036,0.0600055903994478,NA
"TER-NFPG-T-33",2024-03-07,0.000201686503491194,0.0628116993335723,NA
"TER-NFPG-T-33",2024-03-08,0.0282924447380493,0.136773625343868,NA
"TER-NFPG-T-33",2024-03-09,0.035365704765145,0.0830618139441633,NA
"TER-NFPG-T-33",2024-03-10,0.0220411015346326,0.108312564549415,NA
"TER-NFPG-T-33",2024-03-11,0.0406747420832549,0.0605659971539849,NA
"TER-NFPG-T-33",2024-03-12,0.0407530842267796,NA,NA
"TER-NFPG-T-33",2024-03-13,0.00231112813148415,NA,NA
"TER-NFPG-T-33",2024-03-14,0.0212284835838629,NA,NA
"TER-NFPG-T-33",2024-03-15,0.0137660592953287,NA,NA
"TER-NFPG-T-33",2024-03-16,0.0261078881937679,NA,NA
"TER-NFPG-T-33",2024-03-17,0.047288487887938,NA,NA
"TER-NFPG-T-33",2024-03-18,0.00477727977903618,NA,NA
"TER-NFPG-T-33",2024-03-19,0.0493968072549463,NA,NA
"TER-NFPG-T-33",2024-03-20,0.063874878076262,NA,NA
"TER-NFPG-T-33",2024-03-21,0.0689253102673911,NA,NA
"TER-NFPG-T-33",2024-03-22,0.0403837826177171,NA,NA
"TER-NFPG-T-33",2024-03-23,0.0286137353356792,NA,NA
"TER-NFPG-T-33",2024-03-24,0.0609743645551168,NA,NA
"TER-NFPG-T-33",2024-03-25,0.0302217461950868,NA,NA
"TER-NFPG-T-33",2024-03-26,0.00976033229104568,NA,NA
"TER-NFPG-T-33",2024-03-27,0.0306255619280041,NA,NA
"TER-NFPG-T-33",2024-03-28,0.00910224482609093,NA,NA
"TER-NFPG-T-33",2024-03-29,0.00107629445926509,NA,NA
"TER-NFPG-T-33",2024-03-30,0.00419707243509278,NA,NA
"TER-NFPG-T-33",2024-03-31,0.0112191785943513,NA,NA
"TER-NFPG-T-33",2024-04-01,0.0309227287572884,NA,NA
"TER-NFPG-T-33",2024-04-02,0.00235720285651517,NA,NA
"TER-NFPG-T-33",2024-04-03,0.000529319719121806,NA,NA
"TER-NFPG-T-33",2024-04-04,0.00299940385099288,NA,NA
"TER-NFPG-T-33",2024-04-05,0.0137366250213438,NA,NA
"TER-NFPG-T-33",2024-04-06,0.0180785147828561,NA,NA
"TER-NFPG-T-33",2024-04-07,0.0191307022048004,NA,NA
"TER-NFPG-T-33",2024-04-08,0.0157553849069778,NA,NA
"TER-NFPG-T-33",2024-04-09,0.0109101001627948,NA,NA
"TER-NFPG-T-33",2024-04-10,0.0297859330739998,NA,NA
"TER-NFPG-T-33",2024-04-11,0.0375738680903343,NA,NA
"TER-NFPG-T-33",2024-04-12,0.0553851471519846,NA,NA
"TER-NFPG-T-33",2024-04-13,0.0112874158255208,NA,NA
"TER-NFPG-T-33",2024-04-14,0.013975184316931,NA,NA
"TER-NFPG-T-33",2024-04-15,0.0201027217475097,NA,NA
"TER-NFPG-T-33",2024-04-16,0.0373061234972555,NA,NA
"TER-NFPG-T-33",2024-04-17,0.0317348683283565,NA,NA
"TER-NFPG-T-33",2024-04-18,0.0209567704039962,NA,NA
"TER-NFPG-T-33",2024-04-19,0.0319129107846624,NA,NA
"TER-NFPG-T-33",2024-04-20,0.0730251410889874,NA,NA
"TER-NFPG-T-33",2024-04-21,0.0199871168369646,NA,NA
"TER-NFPG-T-33",2024-04-22,0.0238463845065949,NA,NA
"TER-NFPG-T-33",2024-04-23,0.0149114466270501,NA,NA
"TER-NFPG-T-33",2024-04-24,0.0465280890441921,NA,NA
"TER-NFPG-T-33",2024-04-25,0.079788105900856,NA,NA
"TER-NFPG-T-33",2024-04-26,0.0498780256768399,NA,NA
"TER-NFPG-T-33",2024-04-27,0.116452717513869,NA,NA
"TER-NFPG-T-33",2024-04-28,0.165773329622519,NA,NA
"TER-NFPG-T-33",2024-04-29,0.231211729923748,NA,NA
"TER-NFPG-T-33",2024-04-30,0.153969638534503,NA,NA
"TER-NFPG-T-33",2024-05-01,0.047431851754099,NA,NA
"TER-NFPG-T-33",2024-05-02,0.0517372311147279,NA,NA
"TER-NFPG-T-33",2024-05-03,0.0326544154202538,NA,NA
"TER-NFPG-T-33",2024-05-04,0.0808543627452029,NA,NA
"TER-NFPG-T-33",2024-05-05,0.180900126365867,NA,NA
"TER-NFPG-T-33",2024-05-06,0.0626144788644327,NA,NA
"TER-NFPG-T-33",2024-05-07,0.0655134147007686,NA,NA
"TER-NFPG-T-33",2024-05-08,0.0641241278084303,NA,NA
"TER-NFPG-T-33",2024-05-09,0.178977687840715,NA,NA
"TER-NFPG-T-33",2024-05-10,0.140565463091832,NA,NA
"TER-NFPG-T-33",2024-05-11,0.225247619574649,NA,NA
"TER-NFPG-T-33",2024-05-12,0.332416096496302,NA,NA
"TER-NFPG-T-33",2024-05-13,0.0939995762878421,NA,NA
"TER-NFPG-T-33",2024-05-14,0.162694747265084,NA,NA
"TER-NFPG-T-33",2024-05-15,0.121786012777005,NA,NA
"TER-NFPG-T-33",2024-05-16,0.059456984805375,NA,NA
"TER-NFPG-T-33",2024-05-17,0.0913568148007421,NA,NA
"TER-NFPG-T-33",2024-05-18,0.115384724659617,NA,NA
"TER-NFPG-T-33",2024-05-19,0.143209525565701,NA,NA
"TER-NFPG-T-33",2024-05-20,0.0640528148683211,NA,NA
"TER-NFPG-T-33",2024-05-21,0.0445265682306476,NA,NA
"TER-NFPG-T-33",2024-05-22,0.0264408742691163,NA,NA
"TER-NFPG-T-33",2024-05-23,0.0606516459323332,NA,NA
"TER-NFPG-T-33",2024-05-24,0.0731788519885124,NA,NA
"TER-NFPG-T-33",2024-05-25,0.110181763226687,NA,NA
"TER-NFPG-T-33",2024-05-26,0.121008809459201,NA,NA
"TER-NFPG-T-33",2024-05-27,0.111803782622392,NA,NA
"TER-NFPG-T-33",2024-05-28,0.118450332813222,NA,NA
"TER-NFPG-T-33",2024-05-29,0.0564323586812965,NA,NA
"TER-NFPG-T-33",2024-05-30,0.12092336146612,NA,NA
"TER-NFPG-T-33",2024-05-31,0.057511078831911,NA,NA
"TER-NFPG-T-33",2024-06-01,0.0773554220788703,NA,NA
"TER-NFPG-T-33",2024-06-02,0.058421178449519,NA,NA
"TER-NFPG-T-33",2024-06-03,0.0206687329891053,NA,NA
"TER-NFPG-T-33",2024-06-04,0.0407516773083306,NA,NA
"TER-NFPG-T-33",2024-06-05,0.0278890348705977,NA,NA
"TER-NFPG-T-33",2024-06-06,0.050294927527755,NA,NA
"TER-NFPG-T-33",2024-06-07,0.0842654531245083,NA,NA
"TER-NFPG-T-33",2024-06-08,0.090710040087487,NA,NA
"TER-NFPG-T-33",2024-06-09,0.0403998802803138,NA,NA
"TER-NFPG-T-33",2024-06-10,0.0618994841901075,NA,NA
"TER-NFPG-T-33",2024-06-11,0.0806676473386977,NA,NA
"TER-NFPG-T-33",2024-06-12,0.146951050751142,NA,NA
"TER-NFPG-T-33",2024-06-13,0.03553862117484,NA,NA
"TER-NFPG-T-33",2024-06-14,0.0852214507462309,NA,NA
"TER-NFPG-T-33",2024-06-15,0.180701387063963,0.324958334154965,NA
"TER-NFPG-T-33",2024-06-16,0.0775148736401806,0.142412102762461,NA
"TER-NFPG-T-33",2024-06-17,0.0697040321150685,0.133663102824427,NA
"TER-NFPG-T-33",2024-06-18,0.125208454060921,0.161459620147704,NA
"TER-NFPG-T-33",2024-06-19,0.115287596892621,0.135487818786156,NA
"TER-NFPG-T-33",2024-06-20,0.209238014344233,0.329413127432613,NA
"TER-NFPG-T-33",2024-06-21,0.231205226949072,0.340005553381451,NA
"TER-NFPG-T-33",2024-06-22,0.0585639061305665,0.140818410593877,NA
"TER-NFPG-T-33",2024-06-23,0.0219870032819398,0.110659327265732,NA
"TER-NFPG-T-33",2024-06-24,0.0202345732311952,0.0837640446961793,NA
"TER-NFPG-T-33",2024-06-25,0.0493557950198507,0.190801927295091,NA
"TER-NFPG-T-33",2024-06-26,0.173905250132209,0.331270141146559,NA
"TER-NFPG-T-33",2024-06-27,0.103119116846124,0.102368456030455,NA
"TER-NFPG-T-33",2024-06-28,0.157232149779423,0.229643603123769,NA
"TER-NFPG-T-33",2024-06-29,0.100598267952451,0.109535981689866,NA
"TER-NFPG-T-33",2024-06-30,0.0823301496303987,0.033756560012951,NA
"TER-NFPG-T-33",2024-07-01,0.206561076581176,0.347130645648482,0.384314026742415
"TER-NFPG-T-33",2024-07-02,0.223480488158752,0.305162932344907,0.338696867357307
"TER-NFPG-T-33",2024-07-03,0.165771558493387,0.212356769014239,0.231770171684637
"TER-NFPG-T-33",2024-07-04,0.220656237664933,0.263326238746475,0.275616647637217
"TER-NFPG-T-33",2024-07-05,0.234932617815833,0.30574161990296,0.336511154677056
"TER-NFPG-T-33",2024-07-06,0.15452869753929,0.0955366613757993,0.0858544038453174
"TER-NFPG-T-33",2024-07-07,0.165105565797543,0.166809131226515,0.149102103162788
"TER-NFPG-T-33",2024-07-08,0.054462378465245,0.0406213667037454,0
"TER-NFPG-T-33",2024-07-09,0.0413718727823044,0.0223843362927438,0
"TER-NFPG-T-33",2024-07-10,0.0545161308758016,0.0443747279498804,0.0255045451991799
"TER-NFPG-T-33",2024-07-11,0.0875958488007858,0.0668635980533183,0.0326208310964875
"TER-NFPG-T-33",2024-07-12,0.0424371536227485,0.00628486237410131,0
"TER-NFPG-T-33",2024-07-13,0.0255419298504534,0.000443776618715068,0.000487250770848751
"TER-NFPG-T-33",2024-07-14,0.119604808475983,0.156787980178828,0.0849176151842042
"TER-NFPG-T-33",2024-07-15,0.0359453707728475,0.000487250770848751,0
"TER-NFPG-T-33",2024-07-16,0.0292278798041698,0,0.00543119022418076
"TER-NFPG-T-33",2024-07-17,0.0177558924761635,0,0
"TER-NFPG-T-33",2024-07-18,0.0220318908814611,0,0.023677336000406
"TER-NFPG-T-33",2024-07-19,0.143141908994769,0.130055160961071,0.154533193805683
"TER-NFPG-T-33",2024-07-20,0.153380525964508,0.118772037314402,0.144429175808795
"TER-NFPG-T-33",2024-07-21,0.18060121010071,0.171582855034424,0.200626362523785
"TER-NFPG-T-33",2024-07-22,0.14785360955739,0.113193576058719,0.154125502742256
"TER-NFPG-T-33",2024-07-23,0.131170179560028,0.126503403961501,0.145874940689571
"TER-NFPG-T-33",2024-07-24,0.1162251449197,0.100216956893787,0.0981115557368996
"TER-NFPG-T-33",2024-07-25,0.108922035628021,0.0934830357076114,0.0721082140592755
"TER-NFPG-T-33",2024-07-26,0.0646605524700544,0.0152177878108284,0.00603465580464528
"TER-NFPG-T-33",2024-07-27,0.080243543159866,0.0562460368982474,0.048745761053798
"TER-NFPG-T-33",2024-07-28,0.0794737129729935,0.0305457163644233,0.0468216008250421
"TER-NFPG-T-33",2024-07-29,0.0854633025990867,0.0307449526585238,0.0808646263453557
"TER-NFPG-T-33",2024-07-30,0.0570162873254475,0.00440792197661722,0.00398490092979963
"TER-NFPG-T-33",2024-07-31,0.06136386252198,0.00527124763662776,0.0100117347525492
"TER-NFPG-T-33",2024-08-01,0.0799070645040718,0.0776064995404731,0.0819201140192695
"TER-NFPG-T-33",2024-08-02,0.0780757319763456,0.0339300079985235,0.0276672109546924
"TER-NFPG-T-33",2024-08-03,0.0879493809763527,0.0793551255939346,0.0888801752048158
"TER-NFPG-T-33",2024-08-04,0.0956265908976011,0.161001339125371,0.200094544457749
"TER-NFPG-T-33",2024-08-05,0.150467752896607,0.25914976681337,0.302429912581194
"TER-NFPG-T-33",2024-08-06,0.057463943125556,0,0.0537798655331895
"TER-NFPG-T-33",2024-08-07,0.0703331755278963,0.0483216652491288,0.12044068061401
"TER-NFPG-T-33",2024-08-08,0.0963513267614728,0.138628972438907,0.149226117662459
"TER-NFPG-T-33",2024-08-09,0.0872311238544385,0.0547145556046825,0.0399803826840175
"TER-NFPG-T-33",2024-08-10,0.0647405792771385,0.017982258766256,0.00621461213649616
"TER-NFPG-T-33",2024-08-11,0.029456569189762,0,0.0851996346072009
"TER-NFPG-T-33",2024-08-12,0.123057989139817,0.16907287784309,0.319335827640946
"TER-NFPG-T-33",2024-08-13,0.100813511437332,0.104619158920807,0.216658724441317
"TER-NFPG-T-33",2024-08-14,0.10525218390474,0.130633099929008,0.317830322662041
"TER-NFPG-T-33",2024-08-15,0.10500243723685,0.0846312905163867,0.129917989495089
"TER-NFPG-T-33",2024-08-16,0.120869124057353,0.158356594517298,0.244864240603429
"TER-NFPG-T-33",2024-08-17,0.109335300582535,0.0970038395975045,0.0887125837735021
"TER-NFPG-T-33",2024-08-18,0.106061570251849,0.103321843001467,0.10941945331291
"TER-NFPG-T-33",2024-08-19,0.167628714751133,0.191006380818179,0.401308387640728
"TER-NFPG-T-33",2024-08-20,0.0727315354672614,0.0204971008438867,0.0190588585065435
"TER-NFPG-T-33",2024-08-21,0.0286931701178185,0.0157065015763842,0.230921083879294
"TER-NFPG-T-33",2024-08-22,0.058944894454094,0.181082663008995,0.187696509162195
"TER-NFPG-T-33",2024-08-23,NA,NA,NA
"TER-NFPG-T-33",2024-08-24,NA,0.0397091373483331,0.0314355461749179
"TER-NFPG-T-33",2024-08-25,NA,0.178282552723671,0.148575910790746
"TER-NFPG-T-33",2024-08-26,NA,0,0
"TER-NFPG-T-33",2024-08-27,NA,0.0120479496058557,0.02635029085135
"TER-NFPG-T-33",2024-08-28,NA,0.112370522098585,0.170768634850914
"TER-NFPG-T-33",2024-08-29,NA,0.126978962328144,0.0880587635331878
"TER-NFPG-T-33",2024-08-30,NA,0.199148172971049,0.191428912187526
"TER-NFPG-T-33",2024-08-31,NA,0.0289018796752062,0.00891626132538225
"TER-NFPG-T-33",2024-09-01,NA,0,0.00826485370615728
"TER-NFPG-T-33",2024-09-02,NA,0.0279747903026116,0.0826104201325051
"TER-NFPG-T-33",2024-09-03,NA,0.134727786844084,0.185237548132032
"TER-NFPG-T-33",2024-09-04,NA,0.0954216081142022,0.10721288830291
"TER-NFPG-T-33",2024-09-05,NA,0.108079250889286,0.0991503441554211
"TER-NFPG-T-33",2024-09-06,NA,0.114355212688769,0.116009592918674
"TER-NFPG-T-33",2024-09-07,NA,0.0125907834878247,0.0074898859314821
"TER-NFPG-T-33",2024-09-08,NA,0.00091574848753542,0.0768745200149901
"TER-NFPG-T-33",2024-09-09,NA,0.000944725175227537,0
"TER-NFPG-T-33",2024-09-10,NA,0,0
"TER-NFPG-T-33",2024-09-11,NA,0.0229964531152529,0.0682659121264919
"TER-NFPG-T-33",2024-09-12,NA,0.214711037767045,0.256114897408137
"TER-NFPG-T-33",2024-09-13,NA,0.172805461597331,0.245058050280728
"TER-NFPG-T-33",2024-09-14,NA,0.0612348790600029,0.048894746956197
"TER-NFPG-T-33",2024-09-15,NA,0.195980179693908,0.306563562706753
"TER-NFPG-T-33",2024-09-16,NA,0,0
"TER-NFPG-T-33",2024-09-17,NA,0.0130323666807636,0.0647138078795823
"TER-NFPG-T-33",2024-09-18,NA,0.105228785347096,0.269316864998808
"TER-NFPG-T-33",2024-09-19,NA,0.00796058299132289,0.0150791802351945
"TER-NFPG-T-33",2024-09-20,NA,0.00274724546260624,0.113186735071742
"TER-NFPG-T-33",2024-09-21,NA,0.110673338545182,0.210585834431966
"TER-NFPG-T-33",2024-09-22,NA,0.0222585723157961,0.017234861893449
"TER-NFPG-T-33",2024-09-23,NA,0.0517846605693439,0.0301313214385851
"TER-NFPG-T-33",2024-09-24,NA,0,0
"TER-NFPG-T-33",2024-09-25,NA,0,0.0589593662294555
"TER-NFPG-T-33",2024-09-26,NA,0.00686094201005404,0.0523220660864654
"TER-NFPG-T-33",2024-09-27,NA,0,0
"TER-NFPG-T-33",2024-09-28,NA,0,0.00476134042850454
"TER-NFPG-T-33",2024-09-29,NA,0,0
"TER-NFPG-T-33",2024-09-30,NA,0,0
"TER-NFPG-T-33",2024-10-01,NA,0,0
"TER-NFPG-T-33",2024-10-02,NA,0,0
"TER-NFPG-T-33",2024-10-03,NA,0,0
"TER-NFPG-T-33",2024-10-04,NA,0,0
"TER-NFPG-T-33",2024-10-05,NA,0,0
"TER-NFPG-T-33",2024-10-06,NA,0,0
"TER-NFPG-T-33",2024-10-07,NA,NA,0
"TER-NFPG-T-33",2024-10-08,NA,NA,0.00165297074123146
"TER-NFPG-T-33",2024-10-09,NA,NA,0.0157295244978402
"TER-NFPG-T-33",2024-10-10,NA,NA,0
"TER-NFPG-T-33",2024-10-11,NA,NA,0.0142536178073568
"TER-NFPG-T-33",2024-10-12,NA,NA,0.00370856846909752
"TER-NFPG-T-33",2024-10-13,NA,NA,0
"TER-NFPG-T-33",2024-10-14,NA,NA,0
"TER-NFPG-T-33",2024-10-15,NA,NA,0.00502548082434449
"TER-NFPG-T-33",2024-10-16,NA,NA,0.000944725175227537
"TER-NFPG-T-33",2024-10-17,NA,NA,0.00251274041217224
"TER-NFPG-T-33",2024-10-18,NA,NA,0
"TER-NFPG-T-33",2024-10-19,NA,NA,0
"TER-NFPG-T-33",2024-10-20,NA,NA,0.00194400338646988
"TER-NFPG-T-33",2024-10-21,NA,NA,0
"TER-NFPG-T-33",2024-10-22,NA,NA,0
"TER-NFPG-T-33",2024-10-23,NA,NA,0
"TER-NFPG-T-33",2024-10-24,NA,NA,0.0150201638927414
"TER-NFPG-T-33",2024-10-25,NA,NA,0.0135809781153721
"TER-NFPG-T-33",2024-10-26,NA,NA,0
"TER-NFPG-T-33",2024-10-27,NA,NA,0
"TER-NFPG-T-33",2024-10-28,NA,NA,0.00330653811329635
"TER-NFPG-T-33",2024-10-29,NA,NA,0.027177236505279
"TER-NFPG-T-33",2024-10-30,NA,NA,0
"TER-NFPG-T-33",2024-10-31,NA,NA,0
"TER-NFPG-T-33",2024-11-01,NA,NA,0
"TER-NFPG-T-33",2024-11-02,NA,NA,0
"TER-NFPG-T-33",2024-11-03,NA,NA,0
"TER-NFPG-T-33",2024-11-04,NA,NA,0
"TER-NFPG-T-33",2024-11-05,NA,NA,0
"TER-NFPG-T-33",2024-11-06,NA,NA,0.0113139957002863
"TER-NFPG-T-33",2024-11-07,NA,NA,0
"TER-NFPG-T-33",2024-11-08,NA,NA,0
"TER-NFPG-T-33",2024-11-09,NA,NA,0
"TER-NFPG-T-33",2024-11-10,NA,NA,0
"TER-NFPG-T-33",2024-11-11,NA,NA,0
"TER-NFPG-T-33",2024-11-12,NA,NA,0
"TER-NFPG-T-33",2024-11-13,NA,NA,0
"TER-NFPG-T-33",2024-11-14,NA,NA,0
"TER-NFPG-T-33",2024-11-15,NA,NA,0
"TER-NFPG-T-33",2024-11-16,NA,NA,0
"TER-NFPG-T-33",2024-11-17,NA,NA,0
"TER-NFPG-T-33",2024-11-18,NA,NA,0
"TER-NFPG-T-33",2024-11-19,NA,NA,0
"TER-NFPG-T-33",2024-11-20,NA,NA,0
"TER-NFPG-T-33",2024-11-21,NA,NA,0
"TER-NFPG-T-33",2024-11-22,NA,NA,0
"TER-NFPG-T-33",2024-11-23,NA,NA,0
"TER-NFPG-T-33",2024-11-24,NA,NA,0
"TER-NFPG-T-33",2024-11-25,NA,NA,0
"TER-NFPG-T-33",2024-11-26,NA,NA,0
"TER-NFPG-T-33",2024-11-27,NA,NA,0
"TER-NFPG-T-33",2024-11-28,NA,NA,0.00183149697507082
"TER-NFPG-T-33",2024-11-29,NA,NA,0
"TER-NFPG-T-33",2024-11-30,NA,NA,0.0286688726359505
"TER-NFPG-T-33",2024-12-01,NA,NA,0.0100955660605884
"TER-NFPG-T-33",2024-12-02,NA,NA,0.0254090552452632
"TER-NFPG-T-33",2024-12-03,NA,NA,0.0162935706725422
"TER-NFPG-T-33",2024-12-04,NA,NA,0.00926351293355316
"TER-NFPG-T-33",2024-12-05,NA,NA,0.0014170877628413
"TER-NFPG-T-33",2024-12-06,NA,NA,0
"TER-NFPG-T-33",2024-12-07,NA,NA,0.00898975063495336
"TER-NFPG-T-33",2024-12-08,NA,NA,0
"TER-NFPG-T-33",2024-12-09,NA,NA,0.00425126328852389
"TER-NFPG-T-33",2024-12-10,NA,NA,0
"TER-NFPG-T-33",2024-12-11,NA,NA,0
"TER-NFPG-T-33",2024-12-12,NA,NA,0.0306115924405721
"TER-NFPG-T-33",2024-12-13,NA,NA,0
"TER-NFPG-T-33",2024-12-14,NA,NA,0.0127537898655716
"TER-NFPG-T-33",2024-12-15,NA,NA,NA
"TER-NFPG-T-33",2024-12-16,NA,NA,NA
"TER-NFPG-T-33",2024-12-17,NA,NA,NA
"TER-NFPG-T-33",2024-12-18,NA,NA,NA
"TER-NFPG-T-33",2024-12-19,NA,NA,NA
"TER-NFPG-T-33",2024-12-20,NA,NA,NA
"TER-NFPG-T-33",2024-12-21,NA,NA,NA
"TER-NFPG-T-33",2024-12-22,NA,NA,NA
"TER-NFPG-T-33",2024-12-23,NA,NA,NA
"TER-NFPG-T-33",2024-12-24,NA,NA,NA
"TER-NFPG-T-33",2024-12-25,NA,NA,NA
"TER-NFPG-T-33",2024-12-26,NA,NA,NA
"TER-NFPG-T-33",2024-12-27,NA,NA,NA
"TER-NFPG-T-33",2024-12-28,NA,NA,NA
"TER-NFPG-T-33",2024-12-29,NA,NA,NA
"TER-NFPG-T-33",2024-12-30,NA,NA,NA
"TER-NFPG-T-33",2024-12-31,NA,NA,NA
"TER-NFPG-T-33",2025-01-01,NA,NA,NA
"TER-NFPG-T-33",2025-01-02,NA,NA,NA
"TER-NFPG-T-33",2025-01-03,NA,NA,NA
"TER-NFPG-T-33",2025-01-04,NA,NA,NA
"TER-NFPG-T-33",2025-01-05,NA,NA,NA
"TER-NFPG-T-33",2025-01-06,NA,NA,NA
"TER-NFPG-T-33",2025-01-07,NA,NA,NA
"TER-NFPG-T-33",2025-01-08,NA,NA,NA
"TER-NFPG-T-33",2025-01-09,NA,NA,NA
"TER-NFPG-T-33",2025-01-10,NA,NA,NA
"TER-NFPG-T-33",2025-01-11,NA,NA,NA
"TER-NFPG-T-33",2025-01-12,NA,NA,NA
"TER-NFPG-T-33",2025-01-13,NA,NA,NA
"TER-NFPG-T-33",2025-01-14,NA,NA,NA
"TER-NFPG-T-33",2025-01-15,NA,NA,NA
"TER-NFPG-T-33",2025-01-16,NA,NA,NA
"TER-NFPG-T-33",2025-01-17,NA,NA,NA
"TER-NFPG-T-33",2025-01-18,NA,NA,NA
"TER-NFPG-T-33",2025-01-19,NA,NA,NA
"TER-NFPG-T-33",2025-01-20,NA,NA,NA
"TER-NFPG-T-33",2025-01-21,NA,NA,NA
"TER-NFPG-T-33",2025-01-22,NA,NA,NA
"TER-NFPG-T-33",2025-01-23,NA,NA,NA
"TER-NFPG-T-33",2025-01-24,NA,NA,NA
"TER-NFPG-T-33",2025-01-25,NA,NA,NA
"TER-NFPG-T-33",2025-01-26,NA,NA,NA
"TER-NFPG-T-33",2025-01-27,NA,NA,NA
"TER-NFPG-T-33",2025-01-28,NA,NA,NA
"TER-NFPG-T-33",2025-01-29,NA,NA,NA
"TER-NFPG-T-33",2025-01-30,NA,NA,NA
"TER-NFPG-T-33",2025-01-31,NA,NA,NA
"TER-NFPG-T-33",2025-02-01,NA,NA,NA
"TER-NFPG-T-33",2025-02-02,NA,NA,NA
"TER-NFPG-T-33",2025-02-03,NA,NA,NA
"TER-NFPG-T-33",2025-02-04,NA,NA,NA
"TER-NFPG-T-33",2025-02-05,NA,NA,NA
"TER-NFPG-T-33",2025-02-06,NA,NA,NA
"TER-NFPG-T-33",2025-02-07,NA,NA,NA
"TER-NFPG-T-33",2025-02-08,NA,NA,NA
"TER-NFPG-T-33",2025-02-09,NA,NA,NA
"TER-NFPG-T-33",2025-02-10,NA,NA,NA
"TER-NFPG-T-33",2025-02-11,NA,NA,NA
"TER-NFPG-T-33",2025-02-12,NA,NA,NA
"TER-NFPG-T-33",2025-02-13,NA,NA,NA
"TER-NFPG-T-33",2025-02-14,NA,NA,NA
"TER-NFPG-T-33",2025-02-15,NA,NA,NA
"TER-NFPG-T-33",2025-02-16,NA,NA,NA
"TER-NFPG-T-33",2025-02-17,NA,NA,NA
"TER-NFPG-T-33",2025-02-18,NA,NA,NA
"TER-NFPG-T-33",2025-02-19,NA,NA,NA
"TER-NFPG-T-33",2025-02-20,NA,NA,NA
"TER-NFPG-T-33",2025-02-21,NA,NA,NA
"TER-NFPG-T-33",2025-02-22,NA,NA,NA
"TER-NFPG-T-33",2025-02-23,NA,NA,NA
"TER-NFPG-T-33",2025-02-24,NA,NA,NA
"TER-NFPG-T-33",2025-02-25,NA,NA,NA
"TER-NFPG-T-33",2025-02-26,NA,NA,NA
"TER-NFPG-T-33",2025-02-27,NA,NA,NA
"TER-NFPG-T-33",2025-02-28,NA,NA,NA
"TER-NFPG-T-33",2025-03-01,NA,NA,NA
"TER-NFPG-T-33",2025-03-02,NA,NA,NA
"TER-NFPG-T-33",2025-03-03,NA,NA,NA
"TER-NFPG-T-33",2025-03-04,NA,NA,NA
"TER-NFPG-T-33",2025-03-05,NA,NA,NA
"TER-NFPG-T-33",2025-03-06,NA,NA,NA
"TER-NFPG-T-33",2025-03-07,NA,NA,NA
"TER-NFPG-T-33",2025-03-08,NA,NA,NA
"TER-NFPG-T-33",2025-03-09,NA,NA,NA
"TER-NFPG-T-33",2025-03-10,NA,NA,NA
"TER-NFPG-T-33",2025-03-11,NA,NA,NA
"TER-NFPG-T-33",2025-03-12,NA,NA,NA
"TER-NFPG-T-33",2025-03-13,NA,NA,NA
"TER-NFPG-T-33",2025-03-14,NA,NA,NA
"TER-NFPG-T-33",2025-03-15,NA,NA,NA
"TER-NFPG-T-33",2025-03-16,NA,NA,NA
"TER-NFPG-T-33",2025-03-17,NA,NA,NA
"TER-NFPG-T-33",2025-03-18,NA,NA,NA
"TER-NFPG-T-33",2025-03-19,NA,NA,NA
"TER-NFPG-T-33",2025-03-20,NA,NA,NA
"TER-NFPG-T-33",2025-03-21,NA,NA,NA
"TER-NFPG-T-33",2025-03-22,NA,NA,NA
"TER-NFPG-T-33",2025-03-23,NA,NA,NA
"TER-NFPG-T-33",2025-03-24,NA,NA,NA
"TER-NFPG-T-33",2025-03-25,NA,NA,NA
"TER-NFPG-T-33",2025-03-26,NA,NA,NA
"TER-NFPG-T-33",2025-03-27,NA,NA,NA
"TER-NFPG-T-33",2025-03-28,NA,NA,NA
"TER-NFPG-T-33",2025-03-29,NA,NA,NA
"TER-NFPG-T-33",2025-03-30,NA,NA,NA
"TER-NFPG-T-33",2025-03-31,NA,NA,NA
"TER-NFPG-T-33",2025-04-01,NA,NA,NA
"TER-NFPG-T-33",2025-04-02,NA,NA,NA
"TER-NFPG-T-33",2025-04-03,NA,NA,NA
"TER-NFPG-T-33",2025-04-04,NA,NA,NA
"TER-NFPG-T-33",2025-04-05,NA,NA,NA
"TER-NFPG-T-33",2025-04-06,NA,NA,NA
"TER-NFPG-T-33",2025-04-07,NA,NA,NA
"TER-NFPG-T-33",2025-04-08,NA,NA,NA
"TER-NFPG-T-33",2025-04-09,NA,NA,NA
"TER-NFPG-T-33",2025-04-10,NA,NA,NA
"TER-NFPG-T-33",2025-04-11,NA,NA,NA
"TER-NFPG-T-33",2025-04-12,NA,NA,NA
"TER-NFPG-T-33",2025-04-13,NA,NA,NA
"TER-NFPG-T-33",2025-04-14,NA,NA,NA
"TER-NFPG-T-33",2025-04-15,NA,NA,NA
"TER-NFPG-T-33",2025-04-16,NA,NA,NA
"TER-NFPG-T-33",2025-04-17,NA,NA,NA
"TER-NFPG-T-33",2025-04-18,NA,NA,NA
"TER-NFPG-T-33",2025-04-19,NA,NA,NA
"TER-NFPG-T-33",2025-04-20,NA,NA,NA
"TER-NFPG-T-33",2025-04-21,NA,NA,NA
"TER-NFPG-T-33",2025-04-22,NA,NA,NA
"TER-NFPG-T-33",2025-04-23,NA,NA,NA
"TER-NFPG-T-33",2025-04-24,NA,NA,NA
"TER-NFPG-T-33",2025-04-25,NA,NA,NA
"TER-NFPG-T-33",2025-04-26,NA,NA,NA
"TER-NFPG-T-33",2025-04-27,NA,NA,NA
"TER-NFPG-T-33",2025-04-28,NA,NA,NA
"TER-NFPG-T-33",2025-04-29,NA,NA,NA
"TER-NFPG-T-33",2025-04-30,NA,NA,NA
"TER-NFPG-T-33",2025-05-01,NA,NA,NA
"TER-NFPG-T-33",2025-05-02,NA,NA,NA
"TER-NFPG-T-33",2025-05-03,NA,NA,NA
"TER-NFPG-T-33",2025-05-04,NA,NA,NA
"TER-NFPG-T-33",2025-05-05,NA,NA,NA
"TER-NFPG-T-33",2025-05-06,NA,NA,NA
"TER-NFPG-T-33",2025-05-07,NA,NA,NA
"TER-NFPG-T-33",2025-05-08,NA,NA,NA
"TER-NFPG-T-33",2025-05-09,NA,NA,NA
"TER-NFPG-T-33",2025-05-10,NA,NA,NA
"TER-NFPG-T-33",2025-05-11,NA,NA,NA
"TER-NFPG-T-33",2025-05-12,NA,NA,NA
"TER-NFPG-T-33",2025-05-13,NA,NA,NA
"TER-NFPG-T-33",2025-05-14,NA,NA,NA
"TER-NFPG-T-33",2025-05-15,NA,NA,NA
"TER-NFPG-T-33",2025-05-16,NA,NA,NA
"TER-NFPG-T-33",2025-05-17,NA,NA,NA
"TER-NFPG-T-33",2025-05-18,NA,NA,NA
"TER-NFPG-T-33",2025-05-19,NA,NA,NA
"TER-NFPG-T-33",2025-05-20,NA,NA,NA
"TER-NFPG-T-33",2025-05-21,NA,NA,NA
"TER-NFPG-T-33",2025-05-22,NA,NA,NA
"TER-NFPG-T-33",2025-05-23,NA,NA,NA
"TER-NFPG-T-33",2025-05-24,NA,NA,NA
"TER-NFPG-T-33",2025-05-25,NA,NA,NA
"TER-NFPG-T-33",2025-05-26,NA,NA,NA
"TER-NFPG-T-33",2025-05-27,NA,NA,NA
"TER-NFPG-T-33",2025-05-28,NA,NA,NA
"TER-NFPG-T-33",2025-05-29,NA,NA,NA
"TER-NFPG-T-33",2025-05-30,NA,NA,NA
"TER-NFPG-T-33",2025-05-31,NA,NA,NA
"TER-NFPG-T-33",2025-06-01,NA,NA,NA
"TER-NFPG-T-33",2025-06-02,NA,NA,NA
"TER-NFPG-T-33",2025-06-03,NA,NA,NA
"TER-NFPG-T-33",2025-06-04,NA,NA,NA
"TER-NFPG-T-33",2025-06-05,NA,NA,NA
"TER-NFPG-T-33",2025-06-06,NA,NA,NA
"TER-NFPG-T-33",2025-06-07,NA,NA,NA
"TER-NFPG-T-33",2025-06-08,NA,NA,NA
"TER-NFPG-T-33",2025-06-09,NA,NA,NA
"TER-NFPG-T-33",2025-06-10,NA,NA,NA
"TER-NFPG-T-33",2025-06-11,NA,NA,NA
"TER-NFPG-T-33",2025-06-12,NA,NA,NA
"TER-NFSB-T-07",2023-08-09,NA,NA,NA
"TER-NFSB-T-07",2023-08-10,NA,NA,NA
"TER-NFSB-T-07",2023-08-11,NA,NA,NA
"TER-NFSB-T-07",2023-08-12,NA,NA,NA
"TER-NFSB-T-07",2023-08-13,NA,NA,NA
"TER-NFSB-T-07",2023-08-14,NA,NA,NA
"TER-NFSB-T-07",2023-08-15,NA,NA,NA
"TER-NFSB-T-07",2023-08-16,NA,NA,NA
"TER-NFSB-T-07",2023-08-17,NA,NA,NA
"TER-NFSB-T-07",2023-08-18,NA,NA,NA
"TER-NFSB-T-07",2023-08-19,NA,NA,NA
"TER-NFSB-T-07",2023-08-20,NA,NA,NA
"TER-NFSB-T-07",2023-08-21,NA,NA,NA
"TER-NFSB-T-07",2023-08-22,NA,NA,NA
"TER-NFSB-T-07",2023-08-23,NA,NA,NA
"TER-NFSB-T-07",2023-08-24,NA,NA,NA
"TER-NFSB-T-07",2023-08-25,NA,NA,NA
"TER-NFSB-T-07",2023-08-26,NA,NA,NA
"TER-NFSB-T-07",2023-08-27,NA,NA,NA
"TER-NFSB-T-07",2023-08-28,NA,NA,NA
"TER-NFSB-T-07",2023-08-29,NA,NA,NA
"TER-NFSB-T-07",2023-08-30,NA,NA,NA
"TER-NFSB-T-07",2023-08-31,NA,NA,NA
"TER-NFSB-T-07",2023-09-01,NA,NA,NA
"TER-NFSB-T-07",2023-09-02,NA,NA,NA
"TER-NFSB-T-07",2023-09-03,NA,NA,NA
"TER-NFSB-T-07",2023-09-04,NA,NA,NA
"TER-NFSB-T-07",2023-09-05,NA,NA,NA
"TER-NFSB-T-07",2023-09-06,NA,NA,NA
"TER-NFSB-T-07",2023-09-07,NA,NA,NA
"TER-NFSB-T-07",2023-09-08,NA,NA,NA
"TER-NFSB-T-07",2023-09-09,NA,NA,NA
"TER-NFSB-T-07",2023-09-10,NA,NA,NA
"TER-NFSB-T-07",2023-09-11,NA,NA,NA
"TER-NFSB-T-07",2023-09-12,NA,NA,NA
"TER-NFSB-T-07",2023-09-13,NA,NA,NA
"TER-NFSB-T-07",2023-09-14,NA,NA,NA
"TER-NFSB-T-07",2023-09-15,NA,NA,NA
"TER-NFSB-T-07",2023-09-16,NA,NA,NA
"TER-NFSB-T-07",2023-09-17,NA,NA,NA
"TER-NFSB-T-07",2023-09-18,NA,NA,NA
"TER-NFSB-T-07",2023-09-19,NA,NA,NA
"TER-NFSB-T-07",2023-09-20,NA,NA,NA
"TER-NFSB-T-07",2023-09-21,NA,NA,NA
"TER-NFSB-T-07",2023-09-22,NA,NA,NA
"TER-NFSB-T-07",2023-09-23,NA,NA,NA
"TER-NFSB-T-07",2023-09-24,NA,NA,NA
"TER-NFSB-T-07",2023-09-25,NA,NA,NA
"TER-NFSB-T-07",2023-09-26,NA,NA,NA
"TER-NFSB-T-07",2023-09-27,NA,NA,NA
"TER-NFSB-T-07",2023-09-28,NA,NA,NA
"TER-NFSB-T-07",2023-09-29,NA,NA,NA
"TER-NFSB-T-07",2023-09-30,NA,NA,NA
"TER-NFSB-T-07",2023-10-01,NA,NA,NA
"TER-NFSB-T-07",2023-10-02,NA,NA,NA
"TER-NFSB-T-07",2023-10-03,NA,NA,NA
"TER-NFSB-T-07",2023-10-04,NA,NA,NA
"TER-NFSB-T-07",2023-10-05,NA,NA,NA
"TER-NFSB-T-07",2023-10-06,NA,NA,NA
"TER-NFSB-T-07",2023-10-07,NA,NA,NA
"TER-NFSB-T-07",2023-10-08,NA,NA,NA
"TER-NFSB-T-07",2023-10-09,NA,NA,NA
"TER-NFSB-T-07",2023-10-10,NA,NA,NA
"TER-NFSB-T-07",2023-10-11,NA,NA,NA
"TER-NFSB-T-07",2023-10-12,NA,NA,NA
"TER-NFSB-T-07",2023-10-13,NA,NA,NA
"TER-NFSB-T-07",2023-10-14,NA,NA,NA
"TER-NFSB-T-07",2023-10-15,NA,NA,NA
"TER-NFSB-T-07",2023-10-16,NA,NA,NA
"TER-NFSB-T-07",2023-10-17,NA,NA,NA
"TER-NFSB-T-07",2023-10-18,NA,NA,NA
"TER-NFSB-T-07",2023-10-19,NA,NA,NA
"TER-NFSB-T-07",2023-10-20,NA,NA,NA
"TER-NFSB-T-07",2023-10-21,NA,NA,NA
"TER-NFSB-T-07",2023-10-22,NA,NA,NA
"TER-NFSB-T-07",2023-10-23,NA,NA,NA
"TER-NFSB-T-07",2023-10-24,NA,NA,NA
"TER-NFSB-T-07",2023-10-25,NA,NA,NA
"TER-NFSB-T-07",2023-10-26,NA,NA,NA
"TER-NFSB-T-07",2023-10-27,NA,NA,NA
"TER-NFSB-T-07",2023-10-28,NA,NA,NA
"TER-NFSB-T-07",2023-10-29,NA,NA,NA
"TER-NFSB-T-07",2023-10-30,NA,NA,NA
"TER-NFSB-T-07",2023-10-31,NA,NA,NA
"TER-NFSB-T-07",2023-11-01,NA,NA,NA
"TER-NFSB-T-07",2023-11-02,NA,NA,NA
"TER-NFSB-T-07",2023-11-03,NA,NA,NA
"TER-NFSB-T-07",2023-11-04,NA,NA,NA
"TER-NFSB-T-07",2023-11-05,NA,NA,NA
"TER-NFSB-T-07",2023-11-06,NA,NA,NA
"TER-NFSB-T-07",2023-11-07,NA,NA,NA
"TER-NFSB-T-07",2023-11-08,NA,NA,NA
"TER-NFSB-T-07",2023-11-09,NA,NA,NA
"TER-NFSB-T-07",2023-11-10,NA,NA,NA
"TER-NFSB-T-07",2023-11-11,NA,NA,NA
"TER-NFSB-T-07",2023-11-12,NA,NA,NA
"TER-NFSB-T-07",2023-11-13,NA,NA,NA
"TER-NFSB-T-07",2023-11-14,NA,NA,NA
"TER-NFSB-T-07",2023-11-15,NA,NA,NA
"TER-NFSB-T-07",2023-11-16,NA,NA,NA
"TER-NFSB-T-07",2023-11-17,NA,NA,NA
"TER-NFSB-T-07",2023-11-18,NA,NA,NA
"TER-NFSB-T-07",2023-11-19,NA,NA,NA
"TER-NFSB-T-07",2023-11-20,NA,NA,NA
"TER-NFSB-T-07",2023-11-21,NA,NA,NA
"TER-NFSB-T-07",2023-11-22,NA,NA,NA
"TER-NFSB-T-07",2023-11-23,NA,NA,NA
"TER-NFSB-T-07",2023-11-24,NA,NA,NA
"TER-NFSB-T-07",2023-11-25,NA,NA,NA
"TER-NFSB-T-07",2023-11-26,NA,NA,NA
"TER-NFSB-T-07",2023-11-27,NA,NA,NA
"TER-NFSB-T-07",2023-11-28,NA,NA,NA
"TER-NFSB-T-07",2023-11-29,NA,NA,NA
"TER-NFSB-T-07",2023-11-30,NA,NA,NA
"TER-NFSB-T-07",2023-12-01,NA,NA,NA
"TER-NFSB-T-07",2023-12-02,NA,NA,NA
"TER-NFSB-T-07",2023-12-03,NA,NA,NA
"TER-NFSB-T-07",2023-12-04,NA,NA,NA
"TER-NFSB-T-07",2023-12-05,NA,NA,NA
"TER-NFSB-T-07",2023-12-06,NA,NA,NA
"TER-NFSB-T-07",2023-12-07,NA,NA,NA
"TER-NFSB-T-07",2023-12-08,NA,NA,NA
"TER-NFSB-T-07",2023-12-09,NA,NA,NA
"TER-NFSB-T-07",2023-12-10,NA,NA,NA
"TER-NFSB-T-07",2023-12-11,NA,NA,NA
"TER-NFSB-T-07",2023-12-12,0,0.0178696130492414,0.0241096285772847
"TER-NFSB-T-07",2023-12-13,0,0.000626224779466762,0.00453438789875481
"TER-NFSB-T-07",2023-12-14,0,0,0
"TER-NFSB-T-07",2023-12-15,0,0,0
"TER-NFSB-T-07",2023-12-16,0,0,0
"TER-NFSB-T-07",2023-12-17,0,0,0
"TER-NFSB-T-07",2023-12-18,0,0,0
"TER-NFSB-T-07",2023-12-19,0,0,0
"TER-NFSB-T-07",2023-12-20,0,0,0
"TER-NFSB-T-07",2023-12-21,0,0,0
"TER-NFSB-T-07",2023-12-22,0,0.00898609584132916,0.00910280239813068
"TER-NFSB-T-07",2023-12-23,0,0.0413932417479839,0.0228177220885841
"TER-NFSB-T-07",2023-12-24,0,0.0749199658468563,0.0580132364001912
"TER-NFSB-T-07",2023-12-25,0,0,0
"TER-NFSB-T-07",2023-12-26,0,0,0
"TER-NFSB-T-07",2023-12-27,0,0.000216013673832549,0
"TER-NFSB-T-07",2023-12-28,0,0.00334236469960805,0.00074216257421214
"TER-NFSB-T-07",2023-12-29,0,0.00267871350464866,0
"TER-NFSB-T-07",2023-12-30,0,0.00998980999072413,0.00841786685795475
"TER-NFSB-T-07",2023-12-31,0,0.024667305185075,0.010414175474624
"TER-NFSB-T-07",2024-01-01,0,0.0121865990202283,0
"TER-NFSB-T-07",2024-01-02,0,0.0182476354744557,0
"TER-NFSB-T-07",2024-01-03,0,0.0580723108677819,0.0203891997730547
"TER-NFSB-T-07",2024-01-04,0,0.0140837041760269,0
"TER-NFSB-T-07",2024-01-05,0,0.00844690350138264,0
"TER-NFSB-T-07",2024-01-06,0,0.0204723661121136,0
"TER-NFSB-T-07",2024-01-07,0,0.0454492789279745,0
"TER-NFSB-T-07",2024-01-08,0,0.0728482556877334,0.0054889918017306
"TER-NFSB-T-07",2024-01-09,0,0.0187657462393497,0
"TER-NFSB-T-07",2024-01-10,0,0.0178433465932117,0
"TER-NFSB-T-07",2024-01-11,NA,0.0119952448903744,0
"TER-NFSB-T-07",2024-01-12,NA,0.0250934532448237,0
"TER-NFSB-T-07",2024-01-13,NA,0.0257744852322477,0
"TER-NFSB-T-07",2024-01-14,NA,0.0288183243056412,0
"TER-NFSB-T-07",2024-01-15,NA,0.0328677650385002,0
"TER-NFSB-T-07",2024-01-16,NA,0.0228232331784748,0
"TER-NFSB-T-07",2024-01-17,NA,0.0285498949769466,0
"TER-NFSB-T-07",2024-01-18,NA,0.0274535096539394,0
"TER-NFSB-T-07",2024-01-19,NA,0.0322245091849783,0
"TER-NFSB-T-07",2024-01-20,NA,0.0660923594991786,0.0054273252427669
"TER-NFSB-T-07",2024-01-21,NA,0.0659543050037899,0
"TER-NFSB-T-07",2024-01-22,NA,0.0574863896754971,0
"TER-NFSB-T-07",2024-01-23,NA,0.0539556640950192,0
"TER-NFSB-T-07",2024-01-24,NA,0.0503419221998653,0
"TER-NFSB-T-07",2024-01-25,NA,0.0524578755570541,0
"TER-NFSB-T-07",2024-01-26,NA,0.0548574450271915,0
"TER-NFSB-T-07",2024-01-27,NA,0.0544697994984606,0
"TER-NFSB-T-07",2024-01-28,NA,0.0756555838057694,0.0293082610227533
"TER-NFSB-T-07",2024-01-29,NA,0.0662217200827115,0.0122941754839531
"TER-NFSB-T-07",2024-01-30,NA,0.0553305305030299,0.00162457957131519
"TER-NFSB-T-07",2024-01-31,NA,0.0588532326977384,0.0159636930079271
"TER-NFSB-T-07",2024-02-01,NA,0.0674937797730871,0
"TER-NFSB-T-07",2024-02-02,NA,0.0718583842375391,0.003519894688486
"TER-NFSB-T-07",2024-02-03,NA,0.0877911054269123,0.0325747151138576
"TER-NFSB-T-07",2024-02-04,NA,0.0863174235536329,0.0192627900575183
"TER-NFSB-T-07",2024-02-05,NA,0.0769645167174356,0.000264530150276443
"TER-NFSB-T-07",2024-02-06,NA,0.0690020489133532,0
"TER-NFSB-T-07",2024-02-07,NA,0.0554605751006194,0
"TER-NFSB-T-07",2024-02-08,NA,0.0657022744005875,0
"TER-NFSB-T-07",2024-02-09,NA,0.0615246405590667,0.00456747023262393
"TER-NFSB-T-07",2024-02-10,NA,0.0669255228903046,0
"TER-NFSB-T-07",2024-02-11,NA,0.0596721489502363,0
"TER-NFSB-T-07",2024-02-12,NA,0.0539420945224126,0
"TER-NFSB-T-07",2024-02-13,NA,0.0464406010045506,0
"TER-NFSB-T-07",2024-02-14,NA,0.0498770859879834,0.00804373543090454
"TER-NFSB-T-07",2024-02-15,NA,0.0704896378336244,0.00544651018832653
"TER-NFSB-T-07",2024-02-16,NA,0.0711978976695819,0
"TER-NFSB-T-07",2024-02-17,NA,0.0730944669302679,0.0074901709976714
"TER-NFSB-T-07",2024-02-18,NA,0.112590672574922,0.0734827007373714
"TER-NFSB-T-07",2024-02-19,NA,0.108745598991672,0.0587874917254985
"TER-NFSB-T-07",2024-02-20,NA,0.116980467837941,0.0720002198540276
"TER-NFSB-T-07",2024-02-21,NA,0.106889364731243,0.0526164110125154
"TER-NFSB-T-07",2024-02-22,NA,0.0876796065311894,0.0615961784503326
"TER-NFSB-T-07",2024-02-23,NA,0.126672201883949,0.0941065597505508
"TER-NFSB-T-07",2024-02-24,NA,0.103278461649494,0.0633125733611758
"TER-NFSB-T-07",2024-02-25,NA,0.0871435519329783,0.0364670235555514
"TER-NFSB-T-07",2024-02-26,NA,0.0910287657444713,0.055196131265186
"TER-NFSB-T-07",2024-02-27,NA,0.149220654220999,0.114748012756429
"TER-NFSB-T-07",2024-02-28,NA,0.162818289102751,0.127707347432889
"TER-NFSB-T-07",2024-02-29,NA,0.110919449984127,0.0898201041761079
"TER-NFSB-T-07",2024-03-01,NA,0.150366578388329,0.120016934957701
"TER-NFSB-T-07",2024-03-02,NA,0.146009231721802,0.110532655813671
"TER-NFSB-T-07",2024-03-03,NA,0.0927921246394389,0.0660979974446975
"TER-NFSB-T-07",2024-03-04,NA,0.0729089750627753,0.0587163701929042
"TER-NFSB-T-07",2024-03-05,NA,0.0748314217305258,0.0512611671262081
"TER-NFSB-T-07",2024-03-06,NA,0.0501353669939959,0.0254809585039994
"TER-NFSB-T-07",2024-03-07,NA,0.0503208752808902,0.0216900940499265
"TER-NFSB-T-07",2024-03-08,NA,0.0658523446979832,0.0287620418261015
"TER-NFSB-T-07",2024-03-09,NA,0.0699070660927449,0.0267948434950372
"TER-NFSB-T-07",2024-03-10,NA,0.0745597358371872,0.041920659156405
"TER-NFSB-T-07",2024-03-11,NA,0.064773710018369,0.0140880922232307
"TER-NFSB-T-07",2024-03-12,NA,0.090962179261927,0.040729554275388
"TER-NFSB-T-07",2024-03-13,NA,0.119285788620254,0.0729872147291708
"TER-NFSB-T-07",2024-03-14,NA,0.0946774386517806,0.0422937285236409
"TER-NFSB-T-07",2024-03-15,NA,0.0744288776027696,0.0169838609511499
"TER-NFSB-T-07",2024-03-16,NA,0.122267453212109,0.100881076266333
"TER-NFSB-T-07",2024-03-17,0.0566284015908356,0.135990875643553,0.0996840345777867
"TER-NFSB-T-07",2024-03-18,0.0480692562879756,0.0977655604157615,0.0431275464736941
"TER-NFSB-T-07",2024-03-19,0.0308210948621182,0.112716442750439,0.101293889724183
"TER-NFSB-T-07",2024-03-20,0.0528511571371575,0.159016478637884,0.170248923247128
"TER-NFSB-T-07",2024-03-21,0.0632820164317478,0.154639066598714,0.13625515867966
"TER-NFSB-T-07",2024-03-22,0.0442412459576273,0.097586452710835,0.0520565180173175
"TER-NFSB-T-07",2024-03-23,0.0251566086261099,0.0861150999059905,0.0461286218676335
"TER-NFSB-T-07",2024-03-24,0.0260763614185974,0.102477808680001,0.0803725441480881
"TER-NFSB-T-07",2024-03-25,0.0153353031094336,0.0875945365614669,0.0577652449346842
"TER-NFSB-T-07",2024-03-26,0.0204244388525827,0.0831027421610091,0.0447981875765301
"TER-NFSB-T-07",2024-03-27,0.0226102551864972,0.0827124488491893,0.0594234101543945
"TER-NFSB-T-07",2024-03-28,0.00547568856456628,0.0584540260062297,0.0349648044473558
"TER-NFSB-T-07",2024-03-29,0.0111194894251994,0.0568261395193364,0.0189652868973486
"TER-NFSB-T-07",2024-03-30,0.00781826336469984,0.0582453561900627,0.0182825660196494
"TER-NFSB-T-07",2024-03-31,0.0230746903515288,0.104643610071616,0.132670541197809
"TER-NFSB-T-07",2024-04-01,0.0379019370115611,0.0909997521479876,0.072383420338295
"TER-NFSB-T-07",2024-04-02,0.0306621367558246,0.0862497800796407,0.0410698054407735
"TER-NFSB-T-07",2024-04-03,0.0183000916679299,0.0719178110673851,0.0242168431176535
"TER-NFSB-T-07",2024-04-04,0.010911819334864,0.0682813250491542,0.0400703275310153
"TER-NFSB-T-07",2024-04-05,0.00331538121450244,0.0428903774651889,0.022975681647446
"TER-NFSB-T-07",2024-04-06,0.00882201288080376,0.0734118128871775,0.0597653670751105
"TER-NFSB-T-07",2024-04-07,0.018335081416218,0.0772841352648696,0.0371127926756741
"TER-NFSB-T-07",2024-04-08,0.00795272346824236,0.0623647653327752,0.0229629312275971
"TER-NFSB-T-07",2024-04-09,0.0195007121143635,0.076940040766096,0.0233021803217429
"TER-NFSB-T-07",2024-04-10,0.0153923333228004,0.0765460664658426,0.0202697490307838
"TER-NFSB-T-07",2024-04-11,0.0132974983160683,0.0743529285926174,0.0274439588001069
"TER-NFSB-T-07",2024-04-12,0.0111536464408106,0.0666155719216092,0.0596783866210754
"TER-NFSB-T-07",2024-04-13,0.000282710582008302,0.0620711849942552,0.0217705999217937
"TER-NFSB-T-07",2024-04-14,0,0.0516375723515655,0.00908586411971744
"TER-NFSB-T-07",2024-04-15,0,0.056392444413833,0.00986876790431468
"TER-NFSB-T-07",2024-04-16,0.00275808544149701,0.0669810195026088,0.0145572245017692
"TER-NFSB-T-07",2024-04-17,0.00645287570742181,0.0676135784791683,0.0110256971294893
"TER-NFSB-T-07",2024-04-18,0.0026885111670126,0.0659338848913579,0.0118385606520208
"TER-NFSB-T-07",2024-04-19,0.0068721893762954,0.0708033927362926,0.0413554931321546
"TER-NFSB-T-07",2024-04-20,0.00606982488882356,0.0944677559550101,0.0715359731311776
"TER-NFSB-T-07",2024-04-21,0.00303045450281589,0.0879286069349625,0.0440842243098485
"TER-NFSB-T-07",2024-04-22,0,0.0785947625820659,0.0303885090944993
"TER-NFSB-T-07",2024-04-23,0,0.076235733813435,0.0231931033442147
"TER-NFSB-T-07",2024-04-24,0,0.0748932803132034,0.0261185310579884
"TER-NFSB-T-07",2024-04-25,0.0202175548062587,0.107059153148951,0.0908659327708655
"TER-NFSB-T-07",2024-04-26,0.0100646098834325,0.0916911074933501,0.0596338487402007
"TER-NFSB-T-07",2024-04-27,0.0433615225115275,0.159556242812255,0.138458510895818
"TER-NFSB-T-07",2024-04-28,0.071152278724055,0.222329084600858,0.2152427968725
"TER-NFSB-T-07",2024-04-29,0.0763459499196207,0.228005114397257,0.206199967223558
"TER-NFSB-T-07",2024-04-30,0.0640919244248023,0.211497643809477,0.208854427041097
"TER-NFSB-T-07",2024-05-01,0.0200972738357307,0.105504012885205,0.0599971078555045
"TER-NFSB-T-07",2024-05-02,0.00856277457505121,0.0964154595887363,0.037851013252327
"TER-NFSB-T-07",2024-05-03,0.00991422766588448,0.0938702123527659,0.0456939308689672
"TER-NFSB-T-07",2024-05-04,0.0364975293239815,0.164821529592226,0.152437211990452
"TER-NFSB-T-07",2024-05-05,0.0811556935771066,0.283364074851698,0.302148446510982
"TER-NFSB-T-07",2024-05-06,0.0256424613370493,0.115233457402818,0.0507670852102195
"TER-NFSB-T-07",2024-05-07,0.0130772476810904,0.0934757378513032,0.0385673897249865
"TER-NFSB-T-07",2024-05-08,0.00512765014682086,0.102071745828329,0.0616907940097739
"TER-NFSB-T-07",2024-05-09,0.0191660715005904,0.195349640738814,0.196270823919115
"TER-NFSB-T-07",2024-05-10,0.0321719996901997,0.281349934022281,0.282292355434367
"TER-NFSB-T-07",2024-05-11,0.0809413175130516,0.350320356479128,0.346870741122327
"TER-NFSB-T-07",2024-05-12,0.129482206321066,0.374950634973571,0.352412948245052
"TER-NFSB-T-07",2024-05-13,0.0332892959278377,0.132029123961734,0.0744021666107728
"TER-NFSB-T-07",2024-05-14,0.0558260276043698,0.214877458300516,0.184564111065783
"TER-NFSB-T-07",2024-05-15,0.0538401220296296,0.154244663820009,0.11739754417799
"TER-NFSB-T-07",2024-05-16,0.0277881783753815,0.114013203705301,0.0593441116312167
"TER-NFSB-T-07",2024-05-17,0.01581459314202,0.144657297782945,0.112404202797864
"TER-NFSB-T-07",2024-05-18,0.0516791225098945,0.230979849670386,0.213408432312628
"TER-NFSB-T-07",2024-05-19,0.06618202699321,0.253663914606313,0.24458725941643
"TER-NFSB-T-07",2024-05-20,0.0555385698655814,0.209261486545248,0.15712018362034
"TER-NFSB-T-07",2024-05-21,0.0374081360870832,0.140215056590106,0.0875693294056808
"TER-NFSB-T-07",2024-05-22,0.0205425131412938,0.137509248815974,0.0784926281732291
"TER-NFSB-T-07",2024-05-23,0.0132944818036804,0.118570838617787,0.0340219040935414
"TER-NFSB-T-07",2024-05-24,0.0048889483086656,0.126067541820948,0.0765279282635201
"TER-NFSB-T-07",2024-05-25,0.0236345152525893,0.269537147703173,0.260231969050368
"TER-NFSB-T-07",2024-05-26,0.0657691685277288,0.326286208628259,0.304393809082788
"TER-NFSB-T-07",2024-05-27,0.0576673046741935,0.229299763569824,0.184518869932538
"TER-NFSB-T-07",2024-05-28,0.0575584081483753,0.193645355529464,0.134240808462744
"TER-NFSB-T-07",2024-05-29,0.0168807713100483,0.130903431800728,0.0464146640579865
"TER-NFSB-T-07",2024-05-30,0.00663038519955588,0.160770723528559,0.12668368515989
"TER-NFSB-T-07",2024-05-31,0,0.109092906325839,0.0484188450085199
"TER-NFSB-T-07",2024-06-01,0.00533013047896458,0.136569833691291,0.0858952911333174
"TER-NFSB-T-07",2024-06-02,0.00666177176265981,0.13256657378415,0.0790559668382616
"TER-NFSB-T-07",2024-06-03,0,0.11381305647613,0.0482937769506555
"TER-NFSB-T-07",2024-06-04,0.0217383312580783,0.130327246143255,0.0806490948820925
"TER-NFSB-T-07",2024-06-05,0.0253075456177045,0.0944014968024045,0.0395229910503162
"TER-NFSB-T-07",2024-06-06,NA,0.127770417393779,0.0861899893350668
"TER-NFSB-T-07",2024-06-07,NA,0.185853602825428,0.153955699382015
"TER-NFSB-T-07",2024-06-08,NA,0.223781001609029,0.191364265272529
"TER-NFSB-T-07",2024-06-09,NA,0.206751395659927,0.162477399214229
"TER-NFSB-T-07",2024-06-10,NA,0.21481473505986,0.176555438748951
"TER-NFSB-T-07",2024-06-11,NA,0.231847802930537,0.208424547693408
"TER-NFSB-T-07",2024-06-12,NA,0.514913006835148,0.501657578221145
"TER-NFSB-T-07",2024-06-13,NA,0.184637814343312,0.118266043252418
"TER-NFSB-T-07",2024-06-14,NA,0.178606015383654,0.125816976406163
"TER-NFSB-T-07",2024-06-15,NA,0.342524100398122,0.337568383818184
"TER-NFSB-T-07",2024-06-16,NA,0.233851840933597,0.185563319179947
"TER-NFSB-T-07",2024-06-17,NA,NA,NA
"TER-NFSB-T-07",2024-06-18,0.07392221153097,0.25130622993758,0.214166342961019
"TER-NFSB-T-07",2024-06-19,0.0703259112132781,0.239574043909942,0.204602612617126
"TER-NFSB-T-07",2024-06-20,0.0866512069347011,0.293317415808569,0.252714515364036
"TER-NFSB-T-07",2024-06-21,0.120476253729112,0.390114010998683,0.344330877179201
"TER-NFSB-T-07",2024-06-22,0.0480961903513602,0.171862926497504,0.0906786035855313
"TER-NFSB-T-07",2024-06-23,0.0404233321660328,0.172971292624533,0.0931668548540946
"TER-NFSB-T-07",2024-06-24,0.0311094322192384,0.139040248148403,0.0506698678669822
"TER-NFSB-T-07",2024-06-25,0.0234250791203948,0.195309727598236,0.129448066055484
"TER-NFSB-T-07",2024-06-26,0.0673987197578851,0.337859499579905,0.302573038550059
"TER-NFSB-T-07",2024-06-27,0.0702560237687291,0.221625275155468,0.158091483273748
"TER-NFSB-T-07",2024-06-28,0.075229589925702,0.237611318876533,0.1710641621892
"TER-NFSB-T-07",2024-06-29,0.0468733290891697,0.185467535032307,0.109401931006069
"TER-NFSB-T-07",2024-06-30,0.0296019492109521,0.141493946028366,0.0634785342930422
"TER-NFSB-T-07",2024-07-01,0.0587992821398268,0.281119751723214,0.223093468033844
"TER-NFSB-T-07",2024-07-02,0.103719825380851,0.328789428107638,0.277859986324099
"TER-NFSB-T-07",2024-07-03,0.0693981090968702,0.255974168617654,0.17220177361425
"TER-NFSB-T-07",2024-07-04,0.118749218811076,0.333217883703334,0.283761156642547
"TER-NFSB-T-07",2024-07-05,0.145087541799237,0.394080819957518,0.332018629533645
"TER-NFSB-T-07",2024-07-06,0.110034753390179,0.299367017911847,0.228457987224469
"TER-NFSB-T-07",2024-07-07,0.136438946041356,0.36569481162814,0.301832912345459
"TER-NFSB-T-07",2024-07-08,0.0582168020109464,0.179450205441832,0.0636781037408821
"TER-NFSB-T-07",2024-07-09,0.0555644230707499,0.173407580217817,0.0488255413068126
"TER-NFSB-T-07",2024-07-10,0.0792345596400042,0.236506306842053,0.159514880641074
"TER-NFSB-T-07",2024-07-11,0.0691992885530223,0.205504470413051,0.140906217814177
"TER-NFSB-T-07",2024-07-12,0.0537522942266285,0.172419838729142,0.0819927853021144
"TER-NFSB-T-07",2024-07-13,0.043832108915189,0.181158417810052,0.0733200230445341
"TER-NFSB-T-07",2024-07-14,0.0674170401189982,0.274828839245182,0.205542976148115
"TER-NFSB-T-07",2024-07-15,0.0605480431386379,0.166246197185446,0.0630513315382464
"TER-NFSB-T-07",2024-07-16,0.0610579938905693,0.190141387564128,0.0983801771650033
"TER-NFSB-T-07",2024-07-17,0.0502468378397539,0.142325648072273,0.0333026227098537
"TER-NFSB-T-07",2024-07-18,0.042736436733542,0.151436553394983,0.0634343809716326
"TER-NFSB-T-07",2024-07-19,0.079372685652614,0.360457661000762,0.304166866150112
"TER-NFSB-T-07",2024-07-20,0.108795177044449,0.370445302015598,0.314097058730178
"TER-NFSB-T-07",2024-07-21,0.141524468154716,0.409428772746831,0.340224937386003
"TER-NFSB-T-07",2024-07-22,0.101569879127678,0.326234193394985,0.265291749224279
"TER-NFSB-T-07",2024-07-23,0.0978620462543157,0.294414641377467,0.219075628749029
"TER-NFSB-T-07",2024-07-24,0.101121138202797,0.295818039682576,0.248977247898206
"TER-NFSB-T-07",2024-07-25,0.115614716630153,0.331756014835243,0.301930356965014
"TER-NFSB-T-07",2024-07-26,0.0924635764834251,0.248320432443912,0.159981799264894
"TER-NFSB-T-07",2024-07-27,0.0647881432953,0.226905485207633,0.13579565295109
"TER-NFSB-T-07",2024-07-28,0.0721790297911694,0.331200794252049,0.262598685378539
"TER-NFSB-T-07",2024-07-29,0.0739542348630764,0.253270517889098,0.15501537732072
"TER-NFSB-T-07",2024-07-30,0.060715520970399,0.190197959486915,0.117797022066176
"TER-NFSB-T-07",2024-07-31,0.051565103447096,0.178121049950048,0.0960147548595018
"TER-NFSB-T-07",2024-08-01,0.0659876733601699,0.287331172417861,0.27376485428815
"TER-NFSB-T-07",2024-08-02,0.0707210511650533,0.235364657293835,0.198613355987043
"TER-NFSB-T-07",2024-08-03,0.0990729002907421,0.324912390814721,0.345053274285402
"TER-NFSB-T-07",2024-08-04,0.15839057879186,0.448195892820441,0.466606039872899
"TER-NFSB-T-07",2024-08-05,0.192647905101854,0.506139983002586,0.526403479407923
"TER-NFSB-T-07",2024-08-06,0.0684211494466974,0.198054956334896,0.123742035684085
"TER-NFSB-T-07",2024-08-07,0.0427976767542342,0.227684070251572,0.190442936982543
"TER-NFSB-T-07",2024-08-08,0.0511141687593226,0.304804303416927,0.337185875529233
"TER-NFSB-T-07",2024-08-09,0.0835874689340683,0.29053861882792,0.35316098720138
"TER-NFSB-T-07",2024-08-10,0.0740429203131561,0.229222638165689,0.15871967034615
"TER-NFSB-T-07",2024-08-11,0.0343662892159364,0.181814818785459,0.124304395541952
"TER-NFSB-T-07",2024-08-12,0.0368877210968541,0.335286847091677,0.364957706206511
"TER-NFSB-T-07",2024-08-13,0.107353647478533,0.338736290170326,0.30373547647058
"TER-NFSB-T-07",2024-08-14,0.136376929278103,0.413271151722678,0.470315715017414
"TER-NFSB-T-07",2024-08-15,0.132237531236948,0.366778212336746,0.396490608639316
"TER-NFSB-T-07",2024-08-16,NA,0.375520234243257,0.367480542253521
"TER-NFSB-T-07",2024-08-17,NA,0.31544836270691,0.3039054208779
"TER-NFSB-T-07",2024-08-18,NA,0.325994907175384,0.355865467242053
"TER-NFSB-T-07",2024-08-19,NA,0.478480737637648,0.53832729006971
"TER-NFSB-T-07",2024-08-20,NA,0.222552746485857,0.212459962637182
"TER-NFSB-T-07",2024-08-21,NA,0.24886506295612,0.214522859341203
"TER-NFSB-T-07",2024-08-22,NA,0.482527838645288,0.606699528998696
"TER-NFSB-T-07",2024-08-23,NA,0.302204925497758,0.262431541783704
"TER-NFSB-T-07",2024-08-24,NA,0.181105558231714,0.158380941313844
"TER-NFSB-T-07",2024-08-25,NA,0.290998650484995,0.365974689968906
"TER-NFSB-T-07",2024-08-26,NA,0.194971706493433,0.132857389622417
"TER-NFSB-T-07",2024-08-27,NA,0.237248879205753,0.197433604264406
"TER-NFSB-T-07",2024-08-28,NA,0.317056394949181,0.39551524773237
"TER-NFSB-T-07",2024-08-29,NA,0.285649709758041,0.258823804321137
"TER-NFSB-T-07",2024-08-30,NA,0.372177691109961,0.419148223434333
"TER-NFSB-T-07",2024-08-31,NA,0.325130766238198,0.351398154034845
"TER-NFSB-T-07",2024-09-01,NA,0.161831576336785,0.132373921126082
"TER-NFSB-T-07",2024-09-02,NA,0.17007848417903,0.138623509057297
"TER-NFSB-T-07",2024-09-03,NA,0.291804128463025,0.291891238913347
"TER-NFSB-T-07",2024-09-04,NA,0.302120429209439,0.285947402338659
"TER-NFSB-T-07",2024-09-05,NA,0.322648598713756,0.342700951306715
"TER-NFSB-T-07",2024-09-06,NA,0.329800891195631,0.315249384568689
"TER-NFSB-T-07",2024-09-07,NA,0.223640710124372,0.168776180506131
"TER-NFSB-T-07",2024-09-08,NA,0.142375014900398,0.0482571487019423
"TER-NFSB-T-07",2024-09-09,NA,0.124021406430732,0.0504743178535858
"TER-NFSB-T-07",2024-09-10,NA,0.127260038269049,0.0593060115608368
"TER-NFSB-T-07",2024-09-11,NA,0.147695574219535,0.114130946120215
"TER-NFSB-T-07",2024-09-12,NA,0.243999783333661,0.215864515788583
"TER-NFSB-T-07",2024-09-13,NA,0.253229166893952,0.213867310769729
"TER-NFSB-T-07",2024-09-14,NA,0.228853974262695,0.189136262640597
"TER-NFSB-T-07",2024-09-15,NA,0.290394010765031,0.241647709907199
"TER-NFSB-T-07",2024-09-16,NA,0.150888202963596,0.0553942882697745
"TER-NFSB-T-07",2024-09-17,NA,NA,NA
"TER-NFSB-T-07",2024-09-18,NA,0.213215318851715,0.162385393252357
"TER-NFSB-T-07",2024-09-19,NA,0.187498459043912,0.130941454382649
"TER-NFSB-T-07",2024-09-20,NA,0.123492681762466,0.0234656557027732
"TER-NFSB-T-07",2024-09-21,NA,0.139464696288874,0.155085806387096
"TER-NFSB-T-07",2024-09-22,NA,0.193037175642973,0.111555281121404
"TER-NFSB-T-07",2024-09-23,NA,0.274633382209266,0.205448089104776
"TER-NFSB-T-07",2024-09-24,NA,0.221295370829781,0.132996275673873
"TER-NFSB-T-07",2024-09-25,NA,0.158313822178979,0.0269462680492201
"TER-NFSB-T-07",2024-09-26,NA,0.112712847864792,0.0610618922813766
"TER-NFSB-T-07",2024-09-27,NA,0.12627440325902,0.0234073325352597
"TER-NFSB-T-07",2024-09-28,NA,0.129765009359842,0.0233094465840322
"TER-NFSB-T-07",2024-09-29,NA,0.128099551212554,0.00230735861978621
"TER-NFSB-T-07",2024-09-30,NA,0.142302237928927,0.00918372356934018
"TER-NFSB-T-07",2024-10-01,NA,0.143003754612886,0.00347194464228405
"TER-NFSB-T-07",2024-10-02,NA,0.133737653856808,0.000472362587613759
"TER-NFSB-T-07",2024-10-03,NA,0.133780099598343,0.0004578742437677
"TER-NFSB-T-07",2024-10-04,NA,0.116567801451301,0.000416717871759886
"TER-NFSB-T-07",2024-10-05,NA,0.0984649497351384,0.0397971603679502
"TER-NFSB-T-07",2024-10-06,NA,0.0801044692920971,0.0531498709644828
"TER-NFSB-T-07",2024-10-07,NA,0.110714539345716,0.0598540803600328
"TER-NFSB-T-07",2024-10-08,NA,0.131545507059024,0.0498925567555765
"TER-NFSB-T-07",2024-10-09,NA,0.112105439468866,0.0213775573694207
"TER-NFSB-T-07",2024-10-10,NA,0.0905928358020517,0.00266133472368459
"TER-NFSB-T-07",2024-10-11,NA,0.108297265252633,0.066961102273705
"TER-NFSB-T-07",2024-10-12,NA,0.15437039674647,0.118800076256427
"TER-NFSB-T-07",2024-10-13,NA,0.0890511340449437,0.00615505403722008
"TER-NFSB-T-07",2024-10-14,NA,0.0687405374747645,0.00200678575107138
"TER-NFSB-T-07",2024-10-15,NA,0.0698685219264121,0.0129588988057554
"TER-NFSB-T-07",2024-10-16,NA,0.131215264824098,0.129687710527539
"TER-NFSB-T-07",2024-10-17,NA,0.14173664631394,0.106928195654513
"TER-NFSB-T-07",2024-10-18,NA,0.149495312670948,0.103565153269965
"TER-NFSB-T-07",2024-10-19,NA,0.0641149544387743,0.000782233338367727
"TER-NFSB-T-07",2024-10-20,NA,0.0588266088012355,0.00997522662849267
"TER-NFSB-T-07",2024-10-21,NA,0.0877853579769077,0.0837730534350439
"TER-NFSB-T-07",2024-10-22,NA,0.114611720589186,0.0636905720775206
"TER-NFSB-T-07",2024-10-23,NA,0.0952835094268053,0.00222110136675218
"TER-NFSB-T-07",2024-10-24,NA,0.114530618609735,0.10781265634058
"TER-NFSB-T-07",2024-10-25,NA,0.158100959430387,0.167182409759212
"TER-NFSB-T-07",2024-10-26,NA,0.154570961911633,0.140224238958439
"TER-NFSB-T-07",2024-10-27,NA,0.136890536633317,0.113251340805807
"TER-NFSB-T-07",2024-10-28,NA,0.171752363731657,0.169771543417173
"TER-NFSB-T-07",2024-10-29,NA,0.108678951478587,0.05851447225556
"TER-NFSB-T-07",2024-10-30,NA,0.0992891468415969,0.00770943575536096
"TER-NFSB-T-07",2024-10-31,NA,0.0784277202572735,0
"TER-NFSB-T-07",2024-11-01,NA,0.0790184126581774,0
"TER-NFSB-T-07",2024-11-02,NA,0.0633610867186681,0.00462372081473195
"TER-NFSB-T-07",2024-11-03,NA,0.0517027185965011,0
"TER-NFSB-T-07",2024-11-04,NA,0.0770712061947979,0.0216509843555176
"TER-NFSB-T-07",2024-11-05,NA,0.0778972366073986,0.00707773911938246
"TER-NFSB-T-07",2024-11-06,NA,0.0501085287837343,0.00921818816304936
"TER-NFSB-T-07",2024-11-07,NA,0.0482887654215742,0.0327667162248508
"TER-NFSB-T-07",2024-11-08,NA,0.0663226563219665,0.00343412435974317
"TER-NFSB-T-07",2024-11-09,NA,0.074334932160568,0.00459553868574828
"TER-NFSB-T-07",2024-11-10,NA,0.0689886069427219,0
"TER-NFSB-T-07",2024-11-11,NA,0.0591116353906092,0
"TER-NFSB-T-07",2024-11-12,NA,0.0656545528135015,0
"TER-NFSB-T-07",2024-11-13,NA,0.0443443092018114,0
"TER-NFSB-T-07",2024-11-14,NA,0.0314865637504417,0
"TER-NFSB-T-07",2024-11-15,NA,0.0389248321530501,0.00192363480243816
"TER-NFSB-T-07",2024-11-16,NA,0.0532831596545508,0.0377312366293307
"TER-NFSB-T-07",2024-11-17,NA,0.0534549180381054,0.0373006261798391
"TER-NFSB-T-07",2024-11-18,NA,0.0407773797048874,0.0406378703932793
"TER-NFSB-T-07",2024-11-19,NA,0.0491753542193399,NA
"TER-NFSB-T-07",2024-11-20,NA,0.0506714970569526,NA
"TER-NFSB-T-07",2024-11-21,NA,0.0477731131067018,NA
"TER-NFSB-T-07",2024-11-22,NA,0.0539521014389124,NA
"TER-NFSB-T-07",2024-11-23,NA,0.0555458206383735,NA
"TER-NFSB-T-07",2024-11-24,NA,0.0484389503279044,NA
"TER-NFSB-T-07",2024-11-25,NA,0.0740287501241383,NA
"TER-NFSB-T-07",2024-11-26,NA,0.0677222721905582,NA
"TER-NFSB-T-07",2024-11-27,NA,0.0841342869980978,NA
"TER-NFSB-T-07",2024-11-28,NA,0.0748823327665481,NA
"TER-NFSB-T-07",2024-11-29,NA,0.0757773011922121,NA
"TER-NFSB-T-07",2024-11-30,NA,0.073785865792644,NA
"TER-NFSB-T-07",2024-12-01,NA,0.0826553574139124,NA
"TER-NFSB-T-07",2024-12-02,NA,0.0926874308722801,NA
"TER-NFSB-T-07",2024-12-03,NA,0.0771249579675792,NA
"TER-NFSB-T-07",2024-12-04,NA,0.0998941073535402,NA
"TER-NFSB-T-07",2024-12-05,NA,0.107911960262377,NA
"TER-NFSB-T-07",2024-12-06,NA,0.102455003285099,NA
"TER-NFSB-T-07",2024-12-07,NA,0.0988547241421491,NA
"TER-NFSB-T-07",2024-12-08,NA,0.105714800737168,NA
"TER-NFSB-T-07",2024-12-09,NA,0.0937097998060329,NA
"TER-NFSB-T-07",2024-12-10,NA,0.0992298565934108,NA
"TER-NFSB-T-07",2024-12-11,NA,0.0843041917599916,NA
"TER-NFSB-T-07",2024-12-12,NA,0.0697773035188208,NA
"TER-NFSB-T-07",2024-12-13,NA,0.0640706541038932,NA
"TER-NFSB-T-07",2024-12-14,NA,0.0711621394976272,NA
"TER-NFSB-T-07",2024-12-15,NA,0.0835599596468593,NA
"TER-NFSB-T-07",2024-12-16,NA,0.0817163019420895,NA
"TER-NFSB-T-07",2024-12-17,NA,0.0772724927478054,NA
"TER-NFSB-T-07",2024-12-18,NA,NA,NA
"TER-NFSB-T-07",2024-12-19,NA,NA,NA
"TER-NFSB-T-07",2024-12-20,NA,NA,NA
"TER-NFSB-T-07",2024-12-21,NA,NA,NA
"TER-NFSB-T-07",2024-12-22,NA,NA,NA
"TER-NFSB-T-07",2024-12-23,NA,NA,NA
"TER-NFSB-T-07",2024-12-24,NA,NA,NA
"TER-NFSB-T-07",2024-12-25,NA,NA,NA
"TER-NFSB-T-07",2024-12-26,NA,NA,NA
"TER-NFSB-T-07",2024-12-27,NA,NA,NA
"TER-NFSB-T-07",2024-12-28,NA,NA,NA
"TER-NFSB-T-07",2024-12-29,NA,NA,NA
"TER-NFSB-T-07",2024-12-30,NA,NA,NA
"TER-NFSB-T-07",2024-12-31,NA,NA,NA
"TER-NFSB-T-07",2025-01-01,NA,NA,NA
"TER-NFSB-T-07",2025-01-02,NA,NA,NA
"TER-NFSB-T-07",2025-01-03,NA,NA,NA
"TER-NFSB-T-07",2025-01-04,NA,NA,NA
"TER-NFSB-T-07",2025-01-05,NA,NA,NA
"TER-NFSB-T-07",2025-01-06,NA,NA,NA
"TER-NFSB-T-07",2025-01-07,NA,NA,NA
"TER-NFSB-T-07",2025-01-08,NA,NA,NA
"TER-NFSB-T-07",2025-01-09,NA,NA,NA
"TER-NFSB-T-07",2025-01-10,NA,NA,NA
"TER-NFSB-T-07",2025-01-11,NA,NA,NA
"TER-NFSB-T-07",2025-01-12,NA,NA,NA
"TER-NFSB-T-07",2025-01-13,NA,NA,NA
"TER-NFSB-T-07",2025-01-14,NA,NA,NA
"TER-NFSB-T-07",2025-01-15,NA,NA,NA
"TER-NFSB-T-07",2025-01-16,NA,NA,NA
"TER-NFSB-T-07",2025-01-17,NA,NA,NA
"TER-NFSB-T-07",2025-01-18,NA,NA,NA
"TER-NFSB-T-07",2025-01-19,NA,NA,NA
"TER-NFSB-T-07",2025-01-20,NA,NA,NA
"TER-NFSB-T-07",2025-01-21,NA,NA,NA
"TER-NFSB-T-07",2025-01-22,NA,NA,NA
"TER-NFSB-T-07",2025-01-23,NA,NA,NA
"TER-NFSB-T-07",2025-01-24,NA,NA,NA
"TER-NFSB-T-07",2025-01-25,NA,NA,NA
"TER-NFSB-T-07",2025-01-26,NA,NA,NA
"TER-NFSB-T-07",2025-01-27,NA,NA,NA
"TER-NFSB-T-07",2025-01-28,NA,NA,NA
"TER-NFSB-T-07",2025-01-29,NA,NA,NA
"TER-NFSB-T-07",2025-01-30,NA,NA,NA
"TER-NFSB-T-07",2025-01-31,NA,NA,NA
"TER-NFSB-T-07",2025-02-01,NA,NA,NA
"TER-NFSB-T-07",2025-02-02,NA,NA,NA
"TER-NFSB-T-07",2025-02-03,NA,NA,NA
"TER-NFSB-T-07",2025-02-04,NA,NA,NA
"TER-NFSB-T-07",2025-02-05,NA,NA,NA
"TER-NFSB-T-07",2025-02-06,NA,NA,NA
"TER-NFSB-T-07",2025-02-07,NA,NA,NA
"TER-NFSB-T-07",2025-02-08,NA,NA,NA
"TER-NFSB-T-07",2025-02-09,NA,NA,NA
"TER-NFSB-T-07",2025-02-10,NA,NA,NA
"TER-NFSB-T-07",2025-02-11,NA,NA,NA
"TER-NFSB-T-07",2025-02-12,NA,NA,NA
"TER-NFSB-T-07",2025-02-13,NA,NA,NA
"TER-NFSB-T-07",2025-02-14,NA,NA,NA
"TER-NFSB-T-07",2025-02-15,NA,NA,NA
"TER-NFSB-T-07",2025-02-16,NA,NA,NA
"TER-NFSB-T-07",2025-02-17,NA,NA,NA
"TER-NFSB-T-07",2025-02-18,NA,NA,NA
"TER-NFSB-T-07",2025-02-19,NA,NA,NA
"TER-NFSB-T-07",2025-02-20,NA,NA,NA
"TER-NFSB-T-07",2025-02-21,NA,NA,NA
"TER-NFSB-T-07",2025-02-22,NA,NA,NA
"TER-NFSB-T-07",2025-02-23,NA,NA,NA
"TER-NFSB-T-07",2025-02-24,NA,NA,NA
"TER-NFSB-T-07",2025-02-25,NA,NA,NA
"TER-NFSB-T-07",2025-02-26,NA,NA,NA
"TER-NFSB-T-07",2025-02-27,NA,NA,NA
"TER-NFSB-T-07",2025-02-28,NA,NA,NA
"TER-NFSB-T-07",2025-03-01,NA,NA,NA
"TER-NFSB-T-07",2025-03-02,NA,NA,NA
"TER-NFSB-T-07",2025-03-03,NA,NA,NA
"TER-NFSB-T-07",2025-03-04,NA,NA,NA
"TER-NFSB-T-07",2025-03-05,NA,NA,NA
"TER-NFSB-T-07",2025-03-06,NA,NA,NA
"TER-NFSB-T-07",2025-03-07,NA,NA,NA
"TER-NFSB-T-07",2025-03-08,NA,NA,NA
"TER-NFSB-T-07",2025-03-09,NA,NA,NA
"TER-NFSB-T-07",2025-03-10,NA,NA,NA
"TER-NFSB-T-07",2025-03-11,NA,NA,NA
"TER-NFSB-T-07",2025-03-12,NA,NA,NA
"TER-NFSB-T-07",2025-03-13,NA,NA,NA
"TER-NFSB-T-07",2025-03-14,NA,NA,NA
"TER-NFSB-T-07",2025-03-15,NA,NA,NA
"TER-NFSB-T-07",2025-03-16,NA,NA,NA
"TER-NFSB-T-07",2025-03-17,NA,NA,NA
"TER-NFSB-T-07",2025-03-18,NA,NA,NA
"TER-NFSB-T-07",2025-03-19,NA,NA,NA
"TER-NFSB-T-07",2025-03-20,NA,NA,NA
"TER-NFSB-T-07",2025-03-21,NA,NA,NA
"TER-NFSB-T-07",2025-03-22,NA,NA,NA
"TER-NFSB-T-07",2025-03-23,NA,NA,NA
"TER-NFSB-T-07",2025-03-24,NA,NA,NA
"TER-NFSB-T-07",2025-03-25,NA,NA,NA
"TER-NFSB-T-07",2025-03-26,NA,NA,NA
"TER-NFSB-T-07",2025-03-27,NA,NA,NA
"TER-NFSB-T-07",2025-03-28,NA,NA,NA
"TER-NFSB-T-07",2025-03-29,NA,NA,NA
"TER-NFSB-T-07",2025-03-30,NA,NA,NA
"TER-NFSB-T-07",2025-03-31,NA,NA,NA
"TER-NFSB-T-07",2025-04-01,NA,NA,NA
"TER-NFSB-T-07",2025-04-02,NA,NA,NA
"TER-NFSB-T-07",2025-04-03,NA,NA,NA
"TER-NFSB-T-07",2025-04-04,NA,NA,NA
"TER-NFSB-T-07",2025-04-05,NA,NA,NA
"TER-NFSB-T-07",2025-04-06,NA,NA,NA
"TER-NFSB-T-07",2025-04-07,NA,NA,NA
"TER-NFSB-T-07",2025-04-08,NA,NA,NA
"TER-NFSB-T-07",2025-04-09,NA,NA,NA
"TER-NFSB-T-07",2025-04-10,NA,NA,NA
"TER-NFSB-T-07",2025-04-11,NA,NA,NA
"TER-NFSB-T-07",2025-04-12,NA,NA,NA
"TER-NFSB-T-07",2025-04-13,NA,NA,NA
"TER-NFSB-T-07",2025-04-14,NA,NA,NA
"TER-NFSB-T-07",2025-04-15,NA,NA,NA
"TER-NFSB-T-07",2025-04-16,NA,NA,NA
"TER-NFSB-T-07",2025-04-17,NA,NA,NA
"TER-NFSB-T-07",2025-04-18,NA,NA,NA
"TER-NFSB-T-07",2025-04-19,NA,NA,NA
"TER-NFSB-T-07",2025-04-20,NA,NA,NA
"TER-NFSB-T-07",2025-04-21,NA,NA,NA
"TER-NFSB-T-07",2025-04-22,NA,NA,NA
"TER-NFSB-T-07",2025-04-23,NA,NA,NA
"TER-NFSB-T-07",2025-04-24,NA,NA,NA
"TER-NFSB-T-07",2025-04-25,NA,NA,NA
"TER-NFSB-T-07",2025-04-26,NA,NA,NA
"TER-NFSB-T-07",2025-04-27,NA,NA,NA
"TER-NFSB-T-07",2025-04-28,NA,NA,NA
"TER-NFSB-T-07",2025-04-29,NA,NA,NA
"TER-NFSB-T-07",2025-04-30,NA,NA,NA
"TER-NFSB-T-07",2025-05-01,NA,NA,NA
"TER-NFSB-T-07",2025-05-02,NA,NA,NA
"TER-NFSB-T-07",2025-05-03,NA,NA,NA
"TER-NFSB-T-07",2025-05-04,NA,NA,NA
"TER-NFSB-T-07",2025-05-05,NA,NA,NA
"TER-NFSB-T-07",2025-05-06,NA,NA,NA
"TER-NFSB-T-07",2025-05-07,NA,NA,NA
"TER-NFSB-T-07",2025-05-08,NA,NA,NA
"TER-NFSB-T-07",2025-05-09,NA,NA,NA
"TER-NFSB-T-07",2025-05-10,NA,NA,NA
"TER-NFSB-T-07",2025-05-11,NA,NA,NA
"TER-NFSB-T-07",2025-05-12,NA,NA,NA
"TER-NFSB-T-07",2025-05-13,NA,NA,NA
"TER-NFSB-T-07",2025-05-14,NA,NA,NA
"TER-NFSB-T-07",2025-05-15,NA,NA,NA
"TER-NFSB-T-07",2025-05-16,NA,NA,NA
"TER-NFSB-T-07",2025-05-17,NA,NA,NA
"TER-NFSB-T-07",2025-05-18,NA,NA,NA
"TER-NFSB-T-07",2025-05-19,NA,NA,NA
"TER-NFSB-T-07",2025-05-20,NA,NA,NA
"TER-NFSB-T-07",2025-05-21,NA,NA,NA
"TER-NFSB-T-07",2025-05-22,NA,NA,NA
"TER-NFSB-T-07",2025-05-23,NA,NA,NA
"TER-NFSB-T-07",2025-05-24,NA,NA,NA
"TER-NFSB-T-07",2025-05-25,NA,NA,NA
"TER-NFSB-T-07",2025-05-26,NA,NA,NA
"TER-NFSB-T-07",2025-05-27,NA,NA,NA
"TER-NFSB-T-07",2025-05-28,NA,NA,NA
"TER-NFSB-T-07",2025-05-29,NA,NA,NA
"TER-NFSB-T-07",2025-05-30,NA,NA,NA
"TER-NFSB-T-07",2025-05-31,NA,NA,NA
"TER-NFSB-T-07",2025-06-01,NA,NA,NA
"TER-NFSB-T-07",2025-06-02,NA,NA,NA
"TER-NFSB-T-07",2025-06-03,NA,NA,NA
"TER-NFSB-T-07",2025-06-04,NA,NA,NA
"TER-NFSB-T-07",2025-06-05,NA,NA,NA
"TER-NFSB-T-07",2025-06-06,NA,NA,NA
"TER-NFSB-T-07",2025-06-07,NA,NA,NA
"TER-NFSB-T-07",2025-06-08,NA,NA,NA
"TER-NFSB-T-07",2025-06-09,NA,NA,NA
"TER-NFSB-T-07",2025-06-10,NA,NA,NA
"TER-NFSB-T-07",2025-06-11,NA,NA,NA
"TER-NFSB-T-07",2025-06-12,NA,NA,NA
"TER-NFSB-T164B",2023-08-09,NA,NA,NA
"TER-NFSB-T164B",2023-08-10,NA,NA,NA
"TER-NFSB-T164B",2023-08-11,NA,NA,NA
"TER-NFSB-T164B",2023-08-12,0.037573116207814,0.00118343053333497,0.0943347977622577
"TER-NFSB-T164B",2023-08-13,0.014612738084282,0.00324616657447973,0.146788247033092
"TER-NFSB-T164B",2023-08-14,0.0311176304306514,0,0.318555880730775
"TER-NFSB-T164B",2023-08-15,0.0663065312616728,0,0.273684233617416
"TER-NFSB-T164B",2023-08-16,0.0861895995689326,0,0.370441568275015
"TER-NFSB-T164B",2023-08-17,0.0228767724040126,0,0.103773653342935
"TER-NFSB-T164B",2023-08-18,0.00631592058736933,0,0.123734396054064
"TER-NFSB-T164B",2023-08-19,0.050682536328543,0,0.232371330632233
"TER-NFSB-T164B",2023-08-20,0.0281488655747755,0,0.109066993400477
"TER-NFSB-T164B",2023-08-21,0.00143505290828655,0,0.064196035802311
"TER-NFSB-T164B",2023-08-22,0,0,0.0557694821343991
"TER-NFSB-T164B",2023-08-23,0,0,0.05570049436632
"TER-NFSB-T164B",2023-08-24,0,0,0.0628736377861364
"TER-NFSB-T164B",2023-08-25,0,0,0.0828475378884898
"TER-NFSB-T164B",2023-08-26,0,0,0.0822610905609967
"TER-NFSB-T164B",2023-08-27,0,0,0.0719399008400966
"TER-NFSB-T164B",2023-08-28,0,0,0.0761414660607187
"TER-NFSB-T164B",2023-08-29,0,0,0.0670275429608369
"TER-NFSB-T164B",2023-08-30,0,0,0.0584631602805948
"TER-NFSB-T164B",2023-08-31,0,0.0380428089392107,0.0914996698389935
"TER-NFSB-T164B",2023-09-01,0.0108966490399996,0.0231718647633057,0.126439778640421
"TER-NFSB-T164B",2023-09-02,0.00677759095542677,0.00239658421626533,0.0617239087311213
"TER-NFSB-T164B",2023-09-03,0,0,0.0509855129724895
"TER-NFSB-T164B",2023-09-04,0,0,0.0715145761132357
"TER-NFSB-T164B",2023-09-05,0,0.0119908303538348,0.0590385002864619
"TER-NFSB-T164B",2023-09-06,0,0.0794623029334665,0.0412371241471846
"TER-NFSB-T164B",2023-09-07,0,0.0448078675002317,0.0402045632843541
"TER-NFSB-T164B",2023-09-08,0,0,0.0329105850234257
"TER-NFSB-T164B",2023-09-09,0,0,0.0546647164203784
"TER-NFSB-T164B",2023-09-10,0.0011316672699026,0,0.0659007251204435
"TER-NFSB-T164B",2023-09-11,0.00189890489848417,0,0.0468011948607877
"TER-NFSB-T164B",2023-09-12,0,0,0.0571189513535465
"TER-NFSB-T164B",2023-09-13,0.000769958243666072,0,0.0330921518928735
"TER-NFSB-T164B",2023-09-14,0.128760518849123,0,0.0334205575777005
"TER-NFSB-T164B",2023-09-15,0.10868554033979,NA,0.0194885538000579
"TER-NFSB-T164B",2023-09-16,0.0933546626965642,NA,0.0800057463488427
"TER-NFSB-T164B",2023-09-17,0.100137571758397,NA,0.0575285374190564
"TER-NFSB-T164B",2023-09-18,0.065096859440598,NA,0.0781501452556984
"TER-NFSB-T164B",2023-09-19,0.00365307217766196,NA,0.0200115845338703
"TER-NFSB-T164B",2023-09-20,0.0194485801134769,NA,0.020951588563129
"TER-NFSB-T164B",2023-09-21,0.0303171997200398,NA,0.0122700463843115
"TER-NFSB-T164B",2023-09-22,0.0273475793448535,NA,0.0431287691169628
"TER-NFSB-T164B",2023-09-23,0.0215903773085597,NA,0.0213206479090696
"TER-NFSB-T164B",2023-09-24,0.0268584096949851,NA,0.055764329694047
"TER-NFSB-T164B",2023-09-25,0.036105885310422,NA,0.0590601828280094
"TER-NFSB-T164B",2023-09-26,0.00519040771492292,NA,0.00550440661592914
"TER-NFSB-T164B",2023-09-27,0.011314181323749,NA,0.00503421353556015
"TER-NFSB-T164B",2023-09-28,0.00859496931762298,NA,0.00448593539254797
"TER-NFSB-T164B",2023-09-29,0.0096480345362181,NA,0.00438565091212275
"TER-NFSB-T164B",2023-09-30,0.00799883065876003,NA,0.00179234077800841
"TER-NFSB-T164B",2023-10-01,0.013948782548217,NA,0.00925179896124608
"TER-NFSB-T164B",2023-10-02,0.023752196783389,NA,0.00293184038927075
"TER-NFSB-T164B",2023-10-03,0.0146889376309908,NA,0.00665405327515018
"TER-NFSB-T164B",2023-10-04,0.00954213680370508,NA,0
"TER-NFSB-T164B",2023-10-05,0.00956945969129318,NA,0
"TER-NFSB-T164B",2023-10-06,0.00767840402262176,NA,0
"TER-NFSB-T164B",2023-10-07,0.00745288200332719,NA,0
"TER-NFSB-T164B",2023-10-08,0.00786882190519229,NA,0
"TER-NFSB-T164B",2023-10-09,0.00795869926160939,NA,0
"TER-NFSB-T164B",2023-10-10,0.00494038061693125,NA,0
"TER-NFSB-T164B",2023-10-11,0,NA,0
"TER-NFSB-T164B",2023-10-12,0.00200991792732776,NA,0
"TER-NFSB-T164B",2023-10-13,0,NA,0
"TER-NFSB-T164B",2023-10-14,0,NA,0
"TER-NFSB-T164B",2023-10-15,0.0036224465226645,NA,0
"TER-NFSB-T164B",2023-10-16,NA,NA,0.0109773950363576
"TER-NFSB-T164B",2023-10-17,NA,NA,0
"TER-NFSB-T164B",2023-10-18,NA,NA,0
"TER-NFSB-T164B",2023-10-19,NA,NA,0
"TER-NFSB-T164B",2023-10-20,NA,NA,0
"TER-NFSB-T164B",2023-10-21,NA,NA,0
"TER-NFSB-T164B",2023-10-22,NA,NA,0
"TER-NFSB-T164B",2023-10-23,NA,NA,0.000312043925685496
"TER-NFSB-T164B",2023-10-24,NA,NA,0
"TER-NFSB-T164B",2023-10-25,NA,NA,0
"TER-NFSB-T164B",2023-10-26,NA,NA,NA
"TER-NFSB-T164B",2023-10-27,NA,NA,NA
"TER-NFSB-T164B",2023-10-28,NA,NA,NA
"TER-NFSB-T164B",2023-10-29,NA,NA,NA
"TER-NFSB-T164B",2023-10-30,NA,NA,NA
"TER-NFSB-T164B",2023-10-31,NA,NA,NA
"TER-NFSB-T164B",2023-11-01,NA,NA,NA
"TER-NFSB-T164B",2023-11-02,NA,NA,NA
"TER-NFSB-T164B",2023-11-03,NA,NA,NA
"TER-NFSB-T164B",2023-11-04,NA,NA,NA
"TER-NFSB-T164B",2023-11-05,NA,NA,NA
"TER-NFSB-T164B",2023-11-06,NA,NA,NA
"TER-NFSB-T164B",2023-11-07,NA,NA,NA
"TER-NFSB-T164B",2023-11-08,NA,NA,NA
"TER-NFSB-T164B",2023-11-09,NA,NA,NA
"TER-NFSB-T164B",2023-11-10,NA,NA,NA
"TER-NFSB-T164B",2023-11-11,NA,NA,NA
"TER-NFSB-T164B",2023-11-12,NA,NA,NA
"TER-NFSB-T164B",2023-11-13,NA,NA,NA
"TER-NFSB-T164B",2023-11-14,NA,NA,NA
"TER-NFSB-T164B",2023-11-15,NA,NA,NA
"TER-NFSB-T164B",2023-11-16,NA,NA,NA
"TER-NFSB-T164B",2023-11-17,NA,NA,NA
"TER-NFSB-T164B",2023-11-18,NA,NA,NA
"TER-NFSB-T164B",2023-11-19,NA,NA,NA
"TER-NFSB-T164B",2023-11-20,NA,NA,NA
"TER-NFSB-T164B",2023-11-21,NA,NA,NA
"TER-NFSB-T164B",2023-11-22,NA,NA,NA
"TER-NFSB-T164B",2023-11-23,NA,NA,NA
"TER-NFSB-T164B",2023-11-24,NA,NA,NA
"TER-NFSB-T164B",2023-11-25,NA,NA,NA
"TER-NFSB-T164B",2023-11-26,NA,NA,NA
"TER-NFSB-T164B",2023-11-27,NA,NA,NA
"TER-NFSB-T164B",2023-11-28,NA,NA,NA
"TER-NFSB-T164B",2023-11-29,NA,NA,NA
"TER-NFSB-T164B",2023-11-30,NA,NA,NA
"TER-NFSB-T164B",2023-12-01,NA,NA,NA
"TER-NFSB-T164B",2023-12-02,NA,NA,NA
"TER-NFSB-T164B",2023-12-03,NA,NA,NA
"TER-NFSB-T164B",2023-12-04,NA,NA,NA
"TER-NFSB-T164B",2023-12-05,NA,NA,NA
"TER-NFSB-T164B",2023-12-06,NA,NA,NA
"TER-NFSB-T164B",2023-12-07,NA,NA,NA
"TER-NFSB-T164B",2023-12-08,NA,NA,NA
"TER-NFSB-T164B",2023-12-09,NA,NA,NA
"TER-NFSB-T164B",2023-12-10,NA,NA,NA
"TER-NFSB-T164B",2023-12-11,0,NA,0
"TER-NFSB-T164B",2023-12-12,0,NA,0
"TER-NFSB-T164B",2023-12-13,0,NA,0
"TER-NFSB-T164B",2023-12-14,0,NA,0
"TER-NFSB-T164B",2023-12-15,0,NA,0
"TER-NFSB-T164B",2023-12-16,0,NA,0
"TER-NFSB-T164B",2023-12-17,0,NA,0
"TER-NFSB-T164B",2023-12-18,0,NA,0
"TER-NFSB-T164B",2023-12-19,0,NA,0
"TER-NFSB-T164B",2023-12-20,0,NA,0
"TER-NFSB-T164B",2023-12-21,0,NA,0
"TER-NFSB-T164B",2023-12-22,0,NA,0
"TER-NFSB-T164B",2023-12-23,0,NA,0
"TER-NFSB-T164B",2023-12-24,0,NA,0.00145997115298562
"TER-NFSB-T164B",2023-12-25,0,NA,0
"TER-NFSB-T164B",2023-12-26,0,NA,0
"TER-NFSB-T164B",2023-12-27,0,NA,0
"TER-NFSB-T164B",2023-12-28,0,NA,0
"TER-NFSB-T164B",2023-12-29,0,NA,0
"TER-NFSB-T164B",2023-12-30,0,NA,0.0101002006317645
"TER-NFSB-T164B",2023-12-31,0,NA,0.00878913980016692
"TER-NFSB-T164B",2024-01-01,0,NA,0
"TER-NFSB-T164B",2024-01-02,0,NA,0.0039637071088188
"TER-NFSB-T164B",2024-01-03,0,NA,0.0163253094758889
"TER-NFSB-T164B",2024-01-04,0,NA,0
"TER-NFSB-T164B",2024-01-05,0,NA,0
"TER-NFSB-T164B",2024-01-06,0,NA,0
"TER-NFSB-T164B",2024-01-07,0,NA,0.015776722900398
"TER-NFSB-T164B",2024-01-08,0,NA,0.0136891698043733
"TER-NFSB-T164B",2024-01-09,0,NA,0
"TER-NFSB-T164B",2024-01-10,0,NA,0
"TER-NFSB-T164B",2024-01-11,0,NA,0
"TER-NFSB-T164B",2024-01-12,0,NA,0
"TER-NFSB-T164B",2024-01-13,0,NA,0
"TER-NFSB-T164B",2024-01-14,0,NA,0.00769435091859903
"TER-NFSB-T164B",2024-01-15,0,NA,0.0119054048714227
"TER-NFSB-T164B",2024-01-16,0,NA,0.00618597305049894
"TER-NFSB-T164B",2024-01-17,0,NA,0.00859166413309947
"TER-NFSB-T164B",2024-01-18,0,NA,0.0082135136947855
"TER-NFSB-T164B",2024-01-19,0,NA,0.00995065491189427
"TER-NFSB-T164B",2024-01-20,0,NA,0.0235598084521069
"TER-NFSB-T164B",2024-01-21,0,NA,0.01331930317344
"TER-NFSB-T164B",2024-01-22,0,NA,0.0140114065110578
"TER-NFSB-T164B",2024-01-23,0,NA,0.0110854140156055
"TER-NFSB-T164B",2024-01-24,0,NA,0.00960238750973213
"TER-NFSB-T164B",2024-01-25,0,NA,0.00340293433458732
"TER-NFSB-T164B",2024-01-26,0,NA,0.0121976091081284
"TER-NFSB-T164B",2024-01-27,0,NA,0.0115612772412225
"TER-NFSB-T164B",2024-01-28,0,NA,0.0051587047206503
"TER-NFSB-T164B",2024-01-29,0,NA,0.00919168739290474
"TER-NFSB-T164B",2024-01-30,0,NA,0.0122662899774063
"TER-NFSB-T164B",2024-01-31,0,NA,0.0104115856652303
"TER-NFSB-T164B",2024-02-01,0,NA,0.016503123218384
"TER-NFSB-T164B",2024-02-02,0,NA,0.0223190390738602
"TER-NFSB-T164B",2024-02-03,0,NA,0.0236084017885558
"TER-NFSB-T164B",2024-02-04,0,NA,0.0248861886256007
"TER-NFSB-T164B",2024-02-05,0,NA,0.0325644504923092
"TER-NFSB-T164B",2024-02-06,0,NA,0.0361140630479139
"TER-NFSB-T164B",2024-02-07,0,NA,0.0264099491614066
"TER-NFSB-T164B",2024-02-08,0,NA,0.0171361637703155
"TER-NFSB-T164B",2024-02-09,0,NA,0.014866144606784
"TER-NFSB-T164B",2024-02-10,0,NA,0.0292326690435196
"TER-NFSB-T164B",2024-02-11,0,NA,0.0260808290380083
"TER-NFSB-T164B",2024-02-12,0,NA,0.0224241875486889
"TER-NFSB-T164B",2024-02-13,0,NA,0.0195656131440491
"TER-NFSB-T164B",2024-02-14,0,NA,0.0182225896304326
"TER-NFSB-T164B",2024-02-15,0,NA,0.0325873587204871
"TER-NFSB-T164B",2024-02-16,0,NA,0.0398349886811778
"TER-NFSB-T164B",2024-02-17,0,NA,0.0591307386033277
"TER-NFSB-T164B",2024-02-18,0,NA,0.128307280908104
"TER-NFSB-T164B",2024-02-19,0,NA,0.0518118993950824
"TER-NFSB-T164B",2024-02-20,0,NA,0.0421508311583963
"TER-NFSB-T164B",2024-02-21,0,NA,0.030730201688261
"TER-NFSB-T164B",2024-02-22,0,NA,0.0233672260876635
"TER-NFSB-T164B",2024-02-23,0,NA,0.0906988633988685
"TER-NFSB-T164B",2024-02-24,0,NA,0.11586255100153
"TER-NFSB-T164B",2024-02-25,0,NA,0.0427957071534849
"TER-NFSB-T164B",2024-02-26,0,NA,0.040859203281898
"TER-NFSB-T164B",2024-02-27,0,NA,0.0808568901111558
"TER-NFSB-T164B",2024-02-28,0,NA,0.0867570154103445
"TER-NFSB-T164B",2024-02-29,0,NA,0.0509655948351729
"TER-NFSB-T164B",2024-03-01,0,NA,0.0765384031301094
"TER-NFSB-T164B",2024-03-02,0,NA,0.0645789089942957
"TER-NFSB-T164B",2024-03-03,0,NA,0.0402670146243431
"TER-NFSB-T164B",2024-03-04,0,NA,0.0402042833415757
"TER-NFSB-T164B",2024-03-05,0,NA,0.0267607056547214
"TER-NFSB-T164B",2024-03-06,0,NA,0.0211426484103152
"TER-NFSB-T164B",2024-03-07,0,NA,0.018860095268531
"TER-NFSB-T164B",2024-03-08,0,NA,0.024397316409848
"TER-NFSB-T164B",2024-03-09,0,NA,0.0226176743601483
"TER-NFSB-T164B",2024-03-10,0,NA,0.0288174638835875
"TER-NFSB-T164B",2024-03-11,0,NA,0.0250940070544022
"TER-NFSB-T164B",2024-03-12,0,NA,0.0348244966315345
"TER-NFSB-T164B",2024-03-13,0,NA,0.042175273103225
"TER-NFSB-T164B",2024-03-14,0,NA,0.028651684377589
"TER-NFSB-T164B",2024-03-15,0,NA,0.0262875743469922
"TER-NFSB-T164B",2024-03-16,0,NA,0.0418825047259923
"TER-NFSB-T164B",2024-03-17,0,NA,0.0391892975753063
"TER-NFSB-T164B",2024-03-18,0,NA,0.0216837841125521
"TER-NFSB-T164B",2024-03-19,0,NA,0.0636808811224506
"TER-NFSB-T164B",2024-03-20,0,0.0623120034442058,0.119704052197907
"TER-NFSB-T164B",2024-03-21,0,0.0321219081631683,0.0797895094721066
"TER-NFSB-T164B",2024-03-22,0,0.00268113038194524,0.045968767508748
"TER-NFSB-T164B",2024-03-23,0,0.00382485796209378,0.0362514731760996
"TER-NFSB-T164B",2024-03-24,0,0.00689968221267345,0.0356549856358985
"TER-NFSB-T164B",2024-03-25,0,0.0017813721145139,0.0266688816832639
"TER-NFSB-T164B",2024-03-26,0,0,0.0221920596790658
"TER-NFSB-T164B",2024-03-27,0,0.00231662716081201,0.0264554047332967
"TER-NFSB-T164B",2024-03-28,0,0.00368154839833864,0.0197493602608251
"TER-NFSB-T164B",2024-03-29,0,0,0.0137829470700047
"TER-NFSB-T164B",2024-03-30,0,0,0.013242746203264
"TER-NFSB-T164B",2024-03-31,0,0.0124385225251851,0.044205928464286
"TER-NFSB-T164B",2024-04-01,0,0.00334002200120897,0.0265435756777512
"TER-NFSB-T164B",2024-04-02,0,0.000917203500443369,0.020600941599108
"TER-NFSB-T164B",2024-04-03,0,0.000208741593155589,0.0205736370770605
"TER-NFSB-T164B",2024-04-04,0,0.00390954529453888,0.0140213315146268
"TER-NFSB-T164B",2024-04-05,0,0,0.0033872844084455
"TER-NFSB-T164B",2024-04-06,0,0.00635605864702731,0.00775501128685338
"TER-NFSB-T164B",2024-04-07,0,0,0.00924560991436379
"TER-NFSB-T164B",2024-04-08,0,0,0.00553577415294181
"TER-NFSB-T164B",2024-04-09,0,0,0.012411206343105
"TER-NFSB-T164B",2024-04-10,0,0,0.0145353814037861
"TER-NFSB-T164B",2024-04-11,0,0,0.0162219304786448
"TER-NFSB-T164B",2024-04-12,0,0.00137666006229488,0.0128777544098468
"TER-NFSB-T164B",2024-04-13,0,0,0.00800292788281113
"TER-NFSB-T164B",2024-04-14,0,0,0.00506444843809914
"TER-NFSB-T164B",2024-04-15,0,0,0.00993516499171401
"TER-NFSB-T164B",2024-04-16,0,0,0.0155971069670407
"TER-NFSB-T164B",2024-04-17,0,0,0.0234679899133778
"TER-NFSB-T164B",2024-04-18,0,0,0.0239036001035433
"TER-NFSB-T164B",2024-04-19,0,0.00216128671975647,0.0232877740191463
"TER-NFSB-T164B",2024-04-20,0,0.00363834471836133,0.0283529675716523
"TER-NFSB-T164B",2024-04-21,0,0.00499372607190145,0.0349649657272691
"TER-NFSB-T164B",2024-04-22,0,0.00206106943183366,0.0329159818841678
"TER-NFSB-T164B",2024-04-23,0,0.00153550004812796,0.0342363618754998
"TER-NFSB-T164B",2024-04-24,0,0.00347410290940015,0.0321405200558567
"TER-NFSB-T164B",2024-04-25,0,0.0226890014638291,0.0490339569177673
"TER-NFSB-T164B",2024-04-26,0,0.00802423077113425,0.031998534922871
"TER-NFSB-T164B",2024-04-27,0,0.0352978546832333,0.0618331579229064
"TER-NFSB-T164B",2024-04-28,0,0.0855822135985343,0.11920575849726
"TER-NFSB-T164B",2024-04-29,0,0.0895394959461078,0.120348343687678
"TER-NFSB-T164B",2024-04-30,0,0.0845369317124234,0.122474487293458
"TER-NFSB-T164B",2024-05-01,0,0.00916615202322302,0.0442394919954832
"TER-NFSB-T164B",2024-05-02,0,0.00144204064452319,0.0439930246528129
"TER-NFSB-T164B",2024-05-03,0,0.0014420406445232,0.0420961846349143
"TER-NFSB-T164B",2024-05-04,0,0.0104524877146152,0.0532696449450167
"TER-NFSB-T164B",2024-05-05,0,0.114151210793153,0.171687713170306
"TER-NFSB-T164B",2024-05-06,0,0.00779237632774914,0.0600454934191247
"TER-NFSB-T164B",2024-05-07,0,0.00230133200990921,0.0501061943429667
"TER-NFSB-T164B",2024-05-08,0,0.0081767201978392,0.0432547953111849
"TER-NFSB-T164B",2024-05-09,0,0.0720949935886952,0.066401252212991
"TER-NFSB-T164B",2024-05-10,0,0.096260775193756,0.113126293970813
"TER-NFSB-T164B",2024-05-11,0.00309210806936594,0.151553261983786,0.181007629225986
"TER-NFSB-T164B",2024-05-12,0.00104334346028826,0.101197415801924,0.135677606003842
"TER-NFSB-T164B",2024-05-13,0,0.0230461886513813,0.0472043810735367
"TER-NFSB-T164B",2024-05-14,0,0.0569990663435998,0.0640619644885037
"TER-NFSB-T164B",2024-05-15,0,0.0373492979267366,0.054801547262393
"TER-NFSB-T164B",2024-05-16,0,0.0214612560117111,0.0378463672900715
"TER-NFSB-T164B",2024-05-17,0,0.0294973336872328,0.0424864262080883
"TER-NFSB-T164B",2024-05-18,0,0.0926200697917845,0.0924272110135849
"TER-NFSB-T164B",2024-05-19,0,0.0842106200302059,0.0888384677197794
"TER-NFSB-T164B",2024-05-20,0,0.0693342309675914,0.0787568802343548
"TER-NFSB-T164B",2024-05-21,0,0.0319718381273323,0.0456193984764109
"TER-NFSB-T164B",2024-05-22,0,0.0195624349968824,0.0438987458000168
"TER-NFSB-T164B",2024-05-23,0,0.00205379239628475,0.0442523400790859
"TER-NFSB-T164B",2024-05-24,0,0.0110267337193841,0.0359829637054491
"TER-NFSB-T164B",2024-05-25,0,0.0939493669003025,0.103046294005055
"TER-NFSB-T164B",2024-05-26,0,0.117263182998481,0.112764554433476
"TER-NFSB-T164B",2024-05-27,0,0.0618628098025074,0.0688674218079286
"TER-NFSB-T164B",2024-05-28,0,0.0392005104192564,0.046541367057472
"TER-NFSB-T164B",2024-05-29,0,0.0156798954154182,0.0442663536067035
"TER-NFSB-T164B",2024-05-30,0,0.0174932334125979,0.0366157094981634
"TER-NFSB-T164B",2024-05-31,0,0.00258515419325448,0.0224409183062006
"TER-NFSB-T164B",2024-06-01,0,0.00953393374422307,0.0242747813732408
"TER-NFSB-T164B",2024-06-02,0,0.00675672227638226,0.0226442602252208
"TER-NFSB-T164B",2024-06-03,0,0.0100016234369724,0.0204747583505366
"TER-NFSB-T164B",2024-06-04,0,0.0130454020980118,0.0206169924279385
"TER-NFSB-T164B",2024-06-05,0,0.00319813505383992,0.0185418428772693
"TER-NFSB-T164B",2024-06-06,0,0.0113676035788232,0.017787923706137
"TER-NFSB-T164B",2024-06-07,0,0.0181516611978687,0.0210625136848386
"TER-NFSB-T164B",2024-06-08,0,0.0327127367274122,0.0205037824231641
"TER-NFSB-T164B",2024-06-09,0,0.0334648805435376,0.0215898569339748
"TER-NFSB-T164B",2024-06-10,0,0.0465084527197254,0.0314239981638737
"TER-NFSB-T164B",2024-06-11,0,0.0595162796360734,0.0468810308936281
"TER-NFSB-T164B",2024-06-12,0,0.191711865714525,0.192070573752134
"TER-NFSB-T164B",2024-06-13,0,0.04459380978945,0.0510891944339307
"TER-NFSB-T164B",2024-06-14,0,0.0345095448507973,0.0323871314374313
"TER-NFSB-T164B",2024-06-15,0,0.232903587813913,0.246511795286297
"TER-NFSB-T164B",2024-06-16,0,0.0624192003543397,0.0507993330437529
"TER-NFSB-T164B",2024-06-17,0,0.0493392344810169,0.0326964122431001
"TER-NFSB-T164B",2024-06-18,0,0.0802838224680874,0.0524420327973527
"TER-NFSB-T164B",2024-06-19,0,0.0881112919377614,0.0711272902206446
"TER-NFSB-T164B",2024-06-20,0.000355301623841986,0.151785573913844,0.151015361465381
"TER-NFSB-T164B",2024-06-21,0,0.148359087665749,0.13366927747869
"TER-NFSB-T164B",2024-06-22,0,0.0652682884680675,0.0473564666136921
"TER-NFSB-T164B",2024-06-23,0,0.0592217035178553,0.04620523024895
"TER-NFSB-T164B",2024-06-24,0,0.0406042366962418,0.0435737341182859
"TER-NFSB-T164B",2024-06-25,0,0.076421738032832,0.0361448993148799
"TER-NFSB-T164B",2024-06-26,0.00361103758388847,0.204226849596429,0.193532645514881
"TER-NFSB-T164B",2024-06-27,0,0.095299769676899,0.0864047577847296
"TER-NFSB-T164B",2024-06-28,0,0.0932911148288274,0.0930504202342061
"TER-NFSB-T164B",2024-06-29,0,0.067981229938968,0.0577177896105834
"TER-NFSB-T164B",2024-06-30,0,0.0430738841583742,0.0434374384473435
"TER-NFSB-T164B",2024-07-01,0,0.138686476817107,0.148474568406813
"TER-NFSB-T164B",2024-07-02,0,0.15451481400726,0.16018754458
"TER-NFSB-T164B",2024-07-03,0,0.102560567469924,0.0954392934913678
"TER-NFSB-T164B",2024-07-04,0.00525003482133317,0.176762850892283,0.18232503311222
"TER-NFSB-T164B",2024-07-05,0.00242243598906979,0.181922275265194,0.189858834775289
"TER-NFSB-T164B",2024-07-06,0,0.122816759649371,0.10915454114684
"TER-NFSB-T164B",2024-07-07,0,0.102782805595322,0.0913375256084566
"TER-NFSB-T164B",2024-07-08,0,0.0554781512703042,0.0692427892021395
"TER-NFSB-T164B",2024-07-09,0,0.0498201568133795,0.0731375634902399
"TER-NFSB-T164B",2024-07-10,0,0.0414643282009636,0.0526762236633994
"TER-NFSB-T164B",2024-07-11,0,0.0503712319826568,0.0497237719754436
"TER-NFSB-T164B",2024-07-12,0,0.0477223282222596,0.0552349721441747
"TER-NFSB-T164B",2024-07-13,0,0.0437987709859288,0.0485116214838051
"TER-NFSB-T164B",2024-07-14,0,0.12010265268772,0.0902797192495601
"TER-NFSB-T164B",2024-07-15,0,0.0507990268383701,0.0595700965001387
"TER-NFSB-T164B",2024-07-16,0,0.0608055040910864,0.0654991943199519
"TER-NFSB-T164B",2024-07-17,0,0.0322310547368109,0.0536030739716709
"TER-NFSB-T164B",2024-07-18,0,0.0214184085561003,0.04613730100282
"TER-NFSB-T164B",2024-07-19,0,0.159085656027425,0.202721030573407
"TER-NFSB-T164B",2024-07-20,0.0014170877628413,0.165191163574534,0.171685423615524
"TER-NFSB-T164B",2024-07-21,0.010117870550808,0.226676937844302,0.237301598828894
"TER-NFSB-T164B",2024-07-22,0,0.160750540481873,0.149940253665536
"TER-NFSB-T164B",2024-07-23,0,0.129119655570288,0.123861750456052
"TER-NFSB-T164B",2024-07-24,0,0.114872137306972,0.11346428379251
"TER-NFSB-T164B",2024-07-25,0,0.121913325793128,0.127043370832471
"TER-NFSB-T164B",2024-07-26,0,0.0700994396371939,0.0848716803250388
"TER-NFSB-T164B",2024-07-27,0,0.0944281431899667,0.0967801214841564
"TER-NFSB-T164B",2024-07-28,0,0.129892719387928,0.127226520002158
"TER-NFSB-T164B",2024-07-29,0,0.145006198994548,0.117645684814267
"TER-NFSB-T164B",2024-07-30,0,0.0811866526823934,0.0702697192413495
"TER-NFSB-T164B",2024-07-31,0,0.0862433594219679,0.0583498418647899
"TER-NFSB-T164B",2024-08-01,0,0.177783452089805,0.160839049150433
"TER-NFSB-T164B",2024-08-02,0,0.111822465850468,0.114593595607427
"TER-NFSB-T164B",2024-08-03,0,0.146304579508038,0.140976672324083
"TER-NFSB-T164B",2024-08-04,0,0.184839231738377,0.174341424681379
"TER-NFSB-T164B",2024-08-05,0.000487250770848751,0.19747352414107,0.178279030462949
"TER-NFSB-T164B",2024-08-06,0,0.0779535357694339,0.0745864767766186
"TER-NFSB-T164B",2024-08-07,0,0.124500566745109,0.103042181213975
"TER-NFSB-T164B",2024-08-08,0,0.143414429994067,0.139984238180596
"TER-NFSB-T164B",2024-08-09,0,0.101333603635046,0.108348512353886
"TER-NFSB-T164B",2024-08-10,0,0.0697667735930285,0.0769339081640529
"TER-NFSB-T164B",2024-08-11,0,0.0583474009679472,0.0508810922333169
"TER-NFSB-T164B",2024-08-12,0,0.13926716954928,0.126416787361306
"TER-NFSB-T164B",2024-08-13,0,0.135377366087828,0.143810088372118
"TER-NFSB-T164B",2024-08-14,0,0.198859544821907,0.200498946470859
"TER-NFSB-T164B",2024-08-15,0,0.143457122000988,0.144399825592931
"TER-NFSB-T164B",2024-08-16,0,0.163700645812043,0.161903437101565
"TER-NFSB-T164B",2024-08-17,0,0.12265001968416,0.12637776519563
"TER-NFSB-T164B",2024-08-18,0,0.119346525144611,0.122794874412009
"TER-NFSB-T164B",2024-08-19,0.00763304199677301,0.237130872721048,0.239100982598552
"TER-NFSB-T164B",2024-08-20,0,0.0781217044676286,0.0801850959784832
"TER-NFSB-T164B",2024-08-21,0,0.0934329977446809,0.0677792530651031
"TER-NFSB-T164B",2024-08-22,0,0.29537942695272,0.342709275925452
"TER-NFSB-T164B",2024-08-23,0,0.122993031829104,0.129412107851661
"TER-NFSB-T164B",2024-08-24,0,0.0585694639793007,0.0738019628636197
"TER-NFSB-T164B",2024-08-25,0,0.111538386188029,0.129734864745538
"TER-NFSB-T164B",2024-08-26,0,0.0786907436224379,0.081381894261282
"TER-NFSB-T164B",2024-08-27,0,0.101148166786519,0.101672202415939
"TER-NFSB-T164B",2024-08-28,0,0.158997063910762,0.151950814022535
"TER-NFSB-T164B",2024-08-29,0,0.115271786418816,0.11512412906157
"TER-NFSB-T164B",2024-08-30,0.00129018227433541,0.171550963955492,0.165071036820227
"TER-NFSB-T164B",2024-08-31,0,0.118109940248571,0.121944505693803
"TER-NFSB-T164B",2024-09-01,0,0.0542126754538577,0.0594471871448817
"TER-NFSB-T164B",2024-09-02,0,0.0607188898512254,0.0556766069461717
"TER-NFSB-T164B",2024-09-03,0,0.121106791946657,0.110571114532991
"TER-NFSB-T164B",2024-09-04,0,0.128231600737499,0.124472391087971
"TER-NFSB-T164B",2024-09-05,0,0.123697622395607,0.116963981916874
"TER-NFSB-T164B",2024-09-06,0,0.127425855555843,0.118682692928337
"TER-NFSB-T164B",2024-09-07,0,0.0705800427598828,0.0726513586342445
"TER-NFSB-T164B",2024-09-08,0,0.036317840842807,0.056043132852245
"TER-NFSB-T164B",2024-09-09,0,0.0240219202357444,0.0449425221809861
"TER-NFSB-T164B",2024-09-10,0,0.0328528569458654,0.0489738357250727
"TER-NFSB-T164B",2024-09-11,0,0.0415839829152983,0.0519456697013946
"TER-NFSB-T164B",2024-09-12,0,0.0904881253509185,0.114813406779797
"TER-NFSB-T164B",2024-09-13,0,0.102367600546484,0.107742092760689
"TER-NFSB-T164B",2024-09-14,0,0.0587403704047302,0.070352348397106
"TER-NFSB-T164B",2024-09-15,0,0.102995930637542,0.112675337020133
"TER-NFSB-T164B",2024-09-16,0,0.0329095557978918,0.0538508963433601
"TER-NFSB-T164B",2024-09-17,0,0.0464486113039376,0.0595064749215534
"TER-NFSB-T164B",2024-09-18,0,0.0676642654740094,0.0714606350705065
"TER-NFSB-T164B",2024-09-19,0,0.0524815688106726,0.0578750801976224
"TER-NFSB-T164B",2024-09-20,0,0.0242825060257356,0.0469780581801923
"TER-NFSB-T164B",2024-09-21,0,0.0646840710412713,0.072714714515029
"TER-NFSB-T164B",2024-09-22,0,0.0636754606063064,0.0703186857647365
"TER-NFSB-T164B",2024-09-23,0,0.100077249928091,0.108936540654948
"TER-NFSB-T164B",2024-09-24,0,0.0473675467497781,0.0718873573624114
"TER-NFSB-T164B",2024-09-25,0,0.026313887027277,0.0647138862349301
"TER-NFSB-T164B",2024-09-26,0,0.0554371800796112,0.0619173329734983
"TER-NFSB-T164B",2024-09-27,0,0.0312937067173719,0.0572685782063711
"TER-NFSB-T164B",2024-09-28,0,0.0138687433325691,0.0584359580463173
"TER-NFSB-T164B",2024-09-29,0,0.00952403339040273,0.0697877739376273
"TER-NFSB-T164B",2024-09-30,0,0.00837765584207196,0.0703270114718003
"TER-NFSB-T164B",2024-10-01,0,0.00228937121883852,0.0783482007129962
"TER-NFSB-T164B",2024-10-02,0,0.000901650862482768,0.0757939574433913
"TER-NFSB-T164B",2024-10-03,0,0.000443776618715068,0.0725690641972307
"TER-NFSB-T164B",2024-10-04,0,0.000782233338367737,0.072465340318204
"TER-NFSB-T164B",2024-10-05,0,0.0176904835655449,0.0496530833648391
"TER-NFSB-T164B",2024-10-06,0,0.0457878287201806,0.0455170082980612
"TER-NFSB-T164B",2024-10-07,0,0.0294036744849942,0.0465697847796021
"TER-NFSB-T164B",2024-10-08,0,0.0211918340859138,0.0526927771667294
"TER-NFSB-T164B",2024-10-09,0,0.0209365453752869,0.0505514134380828
"TER-NFSB-T164B",2024-10-10,0,0.0160541422507332,0.0440898774061199
"TER-NFSB-T164B",2024-10-11,0,0.0508756617963239,0.0510084224339882
"TER-NFSB-T164B",2024-10-12,0,0.0531361230962959,0.0604296100994535
"TER-NFSB-T164B",2024-10-13,0,0.0158909421761905,0.0523425717044824
"TER-NFSB-T164B",2024-10-14,0,0.00418026346800924,0.0392848859621322
"TER-NFSB-T164B",2024-10-15,0,0.0261999432572774,0.0341594814401333
"TER-NFSB-T164B",2024-10-16,0,0.0466988501787838,0.0446161761964322
"TER-NFSB-T164B",2024-10-17,0,0.0277347983970807,0.0357281776024269
"TER-NFSB-T164B",2024-10-18,0,0.0351856070894567,0.0476739850072998
"TER-NFSB-T164B",2024-10-19,0,0.00355592076009842,0.0424311938777671
"TER-NFSB-T164B",2024-10-20,0,0.0109680729108593,0.0217200384686995
"TER-NFSB-T164B",2024-10-21,0,0.0286628122594502,0.0218539986107277
"TER-NFSB-T164B",2024-10-22,0,0.00629063867826924,0.0263303817088098
"TER-NFSB-T164B",2024-10-23,0,0.00861430386178594,0.0441986696759073
"TER-NFSB-T164B",2024-10-24,0,0.0415613339740211,0.0423164283909818
"TER-NFSB-T164B",2024-10-25,0,0.0778688752954418,0.079977703132331
"TER-NFSB-T164B",2024-10-26,0,0.0537502385575661,0.062783306447446
"TER-NFSB-T164B",2024-10-27,0,0.0402066834586114,0.0502870044804144
"TER-NFSB-T164B",2024-10-28,0,0.0727444692132993,0.0735168443649403
"TER-NFSB-T164B",2024-10-29,0,0.0166060984350547,0.0312097088101585
"TER-NFSB-T164B",2024-10-30,0,0.00567240807821399,0.0312950184787471
"TER-NFSB-T164B",2024-10-31,0,0,0.0332358722001401
"TER-NFSB-T164B",2024-11-01,0,0.00375631070134139,0.0442220418126791
"TER-NFSB-T164B",2024-11-02,0,0.00033305607679255,0.0347033858525641
"TER-NFSB-T164B",2024-11-03,0,0,0.0331757748458976
"TER-NFSB-T164B",2024-11-04,0,0.00787032333794401,0.0343574790159147
"TER-NFSB-T164B",2024-11-05,0,0.00318240744392503,0.0394359283209749
"TER-NFSB-T164B",2024-11-06,0,0.00952249502300595,0.0185027821575898
"TER-NFSB-T164B",2024-11-07,0,0.0132643990484404,0.0228027912512284
"TER-NFSB-T164B",2024-11-08,0,0.000688041836446265,0.0422644933622446
"TER-NFSB-T164B",2024-11-09,0,0.00137639953708081,0.0440791629610931
"TER-NFSB-T164B",2024-11-10,0,0,0.0403435478974451
"TER-NFSB-T164B",2024-11-11,0,0,0.0492563325554325
"TER-NFSB-T164B",2024-11-12,0,0,0.0520697568608865
"TER-NFSB-T164B",2024-11-13,0,0.000301981947751007,0.0418924223430639
"TER-NFSB-T164B",2024-11-14,0,0,0.0295959686694926
"TER-NFSB-T164B",2024-11-15,0,0,0.0257253006554496
"TER-NFSB-T164B",2024-11-16,0,0,0.0288640298848338
"TER-NFSB-T164B",2024-11-17,0,0,0.0328804942610428
"TER-NFSB-T164B",2024-11-18,0,0,0.0345425040880995
"TER-NFSB-T164B",2024-11-19,0,0.00405953526486093,0.0331125774364422
"TER-NFSB-T164B",2024-11-20,0,0.00626653412466928,0.0333041148617643
"TER-NFSB-T164B",2024-11-21,0,0,0.0377887194060657
"TER-NFSB-T164B",2024-11-22,0,0,0.0490529495517884
"TER-NFSB-T164B",2024-11-23,0,0.00027348737007164,0.0367568785471359
"TER-NFSB-T164B",2024-11-24,0,0.0139631559097249,0.0263505764868579
"TER-NFSB-T164B",2024-11-25,0,0.0158650076926634,0.037994728266759
"TER-NFSB-T164B",2024-11-26,0,0,0.0391190034657757
"TER-NFSB-T164B",2024-11-27,0,0.00633978247610419,0.0327951924822216
"TER-NFSB-T164B",2024-11-28,0,0.00831272457927662,0.0277229573236786
"TER-NFSB-T164B",2024-11-29,0,0.00589166270181353,0.0268905205454142
"TER-NFSB-T164B",2024-11-30,0,0.0129474530490504,0.0249179591258167
"TER-NFSB-T164B",2024-12-01,0,0.00691438534365083,0.028264920468084
"TER-NFSB-T164B",2024-12-02,0,0.00999726764844936,0.0315532007277317
"TER-NFSB-T164B",2024-12-03,0,0.017463716775459,0.0276500705465085
"TER-NFSB-T164B",2024-12-04,0,0.0250083654985608,0.0425265765025004
"TER-NFSB-T164B",2024-12-05,0,0.00670284303719375,0.0299456876491134
"TER-NFSB-T164B",2024-12-06,0,0.0042395144267011,0.0314066340408171
"TER-NFSB-T164B",2024-12-07,0,0.00265025495921289,0.0342347918509812
"TER-NFSB-T164B",2024-12-08,0,0.00177278986951078,0.0336855583101532
"TER-NFSB-T164B",2024-12-09,0,0.0050808474066439,0.0260566200518226
"TER-NFSB-T164B",2024-12-10,0,0.00235234575189431,0.0275210556249152
"TER-NFSB-T164B",2024-12-11,0,0,0.0309571981368201
"TER-NFSB-T164B",2024-12-12,0,0.00363751040303082,0.0227535517447726
"TER-NFSB-T164B",2024-12-13,0,0.000417483186311173,0.0212970931738803
"TER-NFSB-T164B",2024-12-14,0,0.00798816770234612,0.020699479690782
"TER-NFSB-T164B",2024-12-15,0,0.00109505789228704,0.0265970368185984
"TER-NFSB-T164B",2024-12-16,0,0,0.0298306942092529
"TER-NFSB-T164B",2024-12-17,0,0.00782952304888022,0.0292501182469776
"TER-NFSB-T164B",2024-12-18,0,0.00298307661406177,0.0192883875098412
"TER-NFSB-T164B",2024-12-19,0,0.000909480247488508,0.0189929563197226
"TER-NFSB-T164B",2024-12-20,0,0.00258128853639279,0.0169886496885593
"TER-NFSB-T164B",2024-12-21,0,0,0.0206462128453516
"TER-NFSB-T164B",2024-12-22,0,0.00090198548592636,0.0221198911419953
"TER-NFSB-T164B",2024-12-23,0,0.0011563928661299,0.0227113569092186
"TER-NFSB-T164B",2024-12-24,0,0.00341532070962264,0.020841764155072
"TER-NFSB-T164B",2024-12-25,0,0.00125382727231246,0.0234824667041639
"TER-NFSB-T164B",2024-12-26,0,0.00103228017434044,0.0259692210985086
"TER-NFSB-T164B",2024-12-27,0,0,0.0326130754292476
"TER-NFSB-T164B",2024-12-28,0,0.00330757374962788,0.0259865734040103
"TER-NFSB-T164B",2024-12-29,0,0,0.0283589191272383
"TER-NFSB-T164B",2024-12-30,0,0,0.031619636479002
"TER-NFSB-T164B",2024-12-31,0,0,0.0354783702385322
"TER-NFSB-T164B",2025-01-01,0,0,0.0383449511135492
"TER-NFSB-T164B",2025-01-02,0,0,0.0396946366476325
"TER-NFSB-T164B",2025-01-03,0,0,0.0415461584180123
"TER-NFSB-T164B",2025-01-04,NA,NA,NA
"TER-NFSB-T164B",2025-01-05,NA,NA,NA
"TER-NFSB-T164B",2025-01-06,NA,NA,NA
"TER-NFSB-T164B",2025-01-07,NA,NA,NA
"TER-NFSB-T164B",2025-01-08,NA,NA,NA
"TER-NFSB-T164B",2025-01-09,NA,NA,NA
"TER-NFSB-T164B",2025-01-10,NA,NA,NA
"TER-NFSB-T164B",2025-01-11,NA,NA,NA
"TER-NFSB-T164B",2025-01-12,NA,NA,NA
"TER-NFSB-T164B",2025-01-13,NA,NA,NA
"TER-NFSB-T164B",2025-01-14,NA,NA,NA
"TER-NFSB-T164B",2025-01-15,NA,NA,NA
"TER-NFSB-T164B",2025-01-16,NA,NA,NA
"TER-NFSB-T164B",2025-01-17,NA,NA,NA
"TER-NFSB-T164B",2025-01-18,NA,NA,NA
"TER-NFSB-T164B",2025-01-19,NA,NA,NA
"TER-NFSB-T164B",2025-01-20,NA,NA,NA
"TER-NFSB-T164B",2025-01-21,NA,NA,NA
"TER-NFSB-T164B",2025-01-22,NA,NA,NA
"TER-NFSB-T164B",2025-01-23,NA,NA,NA
"TER-NFSB-T164B",2025-01-24,NA,NA,NA
"TER-NFSB-T164B",2025-01-25,NA,NA,NA
"TER-NFSB-T164B",2025-01-26,NA,NA,NA
"TER-NFSB-T164B",2025-01-27,NA,NA,NA
"TER-NFSB-T164B",2025-01-28,NA,NA,NA
"TER-NFSB-T164B",2025-01-29,NA,NA,NA
"TER-NFSB-T164B",2025-01-30,NA,NA,NA
"TER-NFSB-T164B",2025-01-31,NA,NA,NA
"TER-NFSB-T164B",2025-02-01,NA,NA,NA
"TER-NFSB-T164B",2025-02-02,NA,NA,NA
"TER-NFSB-T164B",2025-02-03,NA,NA,NA
"TER-NFSB-T164B",2025-02-04,NA,NA,NA
"TER-NFSB-T164B",2025-02-05,NA,NA,NA
"TER-NFSB-T164B",2025-02-06,NA,NA,NA
"TER-NFSB-T164B",2025-02-07,NA,NA,NA
"TER-NFSB-T164B",2025-02-08,NA,NA,NA
"TER-NFSB-T164B",2025-02-09,NA,NA,NA
"TER-NFSB-T164B",2025-02-10,NA,NA,NA
"TER-NFSB-T164B",2025-02-11,NA,NA,NA
"TER-NFSB-T164B",2025-02-12,NA,NA,NA
"TER-NFSB-T164B",2025-02-13,NA,NA,NA
"TER-NFSB-T164B",2025-02-14,NA,NA,NA
"TER-NFSB-T164B",2025-02-15,NA,NA,NA
"TER-NFSB-T164B",2025-02-16,NA,NA,NA
"TER-NFSB-T164B",2025-02-17,NA,NA,NA
"TER-NFSB-T164B",2025-02-18,NA,NA,NA
"TER-NFSB-T164B",2025-02-19,NA,NA,NA
"TER-NFSB-T164B",2025-02-20,NA,NA,NA
"TER-NFSB-T164B",2025-02-21,NA,NA,NA
"TER-NFSB-T164B",2025-02-22,NA,NA,NA
"TER-NFSB-T164B",2025-02-23,NA,NA,NA
"TER-NFSB-T164B",2025-02-24,NA,NA,NA
"TER-NFSB-T164B",2025-02-25,NA,NA,NA
"TER-NFSB-T164B",2025-02-26,NA,NA,NA
"TER-NFSB-T164B",2025-02-27,NA,NA,NA
"TER-NFSB-T164B",2025-02-28,NA,NA,NA
"TER-NFSB-T164B",2025-03-01,NA,NA,NA
"TER-NFSB-T164B",2025-03-02,NA,NA,NA
"TER-NFSB-T164B",2025-03-03,NA,NA,NA
"TER-NFSB-T164B",2025-03-04,NA,NA,NA
"TER-NFSB-T164B",2025-03-05,NA,NA,NA
"TER-NFSB-T164B",2025-03-06,NA,NA,NA
"TER-NFSB-T164B",2025-03-07,NA,NA,NA
"TER-NFSB-T164B",2025-03-08,NA,NA,NA
"TER-NFSB-T164B",2025-03-09,NA,NA,NA
"TER-NFSB-T164B",2025-03-10,NA,NA,NA
"TER-NFSB-T164B",2025-03-11,NA,NA,NA
"TER-NFSB-T164B",2025-03-12,NA,NA,NA
"TER-NFSB-T164B",2025-03-13,NA,NA,NA
"TER-NFSB-T164B",2025-03-14,NA,NA,NA
"TER-NFSB-T164B",2025-03-15,NA,NA,NA
"TER-NFSB-T164B",2025-03-16,NA,NA,NA
"TER-NFSB-T164B",2025-03-17,NA,NA,NA
"TER-NFSB-T164B",2025-03-18,NA,NA,NA
"TER-NFSB-T164B",2025-03-19,NA,NA,NA
"TER-NFSB-T164B",2025-03-20,NA,NA,NA
"TER-NFSB-T164B",2025-03-21,NA,NA,NA
"TER-NFSB-T164B",2025-03-22,NA,NA,NA
"TER-NFSB-T164B",2025-03-23,NA,NA,NA
"TER-NFSB-T164B",2025-03-24,NA,NA,NA
"TER-NFSB-T164B",2025-03-25,NA,NA,NA
"TER-NFSB-T164B",2025-03-26,NA,NA,NA
"TER-NFSB-T164B",2025-03-27,NA,NA,NA
"TER-NFSB-T164B",2025-03-28,NA,NA,NA
"TER-NFSB-T164B",2025-03-29,NA,NA,NA
"TER-NFSB-T164B",2025-03-30,NA,NA,NA
"TER-NFSB-T164B",2025-03-31,NA,NA,NA
"TER-NFSB-T164B",2025-04-01,NA,NA,NA
"TER-NFSB-T164B",2025-04-02,NA,NA,NA
"TER-NFSB-T164B",2025-04-03,NA,NA,NA
"TER-NFSB-T164B",2025-04-04,NA,NA,NA
"TER-NFSB-T164B",2025-04-05,NA,NA,NA
"TER-NFSB-T164B",2025-04-06,NA,NA,NA
"TER-NFSB-T164B",2025-04-07,NA,NA,NA
"TER-NFSB-T164B",2025-04-08,NA,NA,NA
"TER-NFSB-T164B",2025-04-09,NA,NA,NA
"TER-NFSB-T164B",2025-04-10,NA,NA,NA
"TER-NFSB-T164B",2025-04-11,NA,NA,NA
"TER-NFSB-T164B",2025-04-12,NA,NA,NA
"TER-NFSB-T164B",2025-04-13,NA,NA,NA
"TER-NFSB-T164B",2025-04-14,NA,NA,NA
"TER-NFSB-T164B",2025-04-15,NA,NA,NA
"TER-NFSB-T164B",2025-04-16,NA,NA,NA
"TER-NFSB-T164B",2025-04-17,NA,NA,NA
"TER-NFSB-T164B",2025-04-18,NA,NA,NA
"TER-NFSB-T164B",2025-04-19,NA,NA,NA
"TER-NFSB-T164B",2025-04-20,NA,NA,NA
"TER-NFSB-T164B",2025-04-21,NA,NA,NA
"TER-NFSB-T164B",2025-04-22,NA,NA,NA
"TER-NFSB-T164B",2025-04-23,NA,NA,NA
"TER-NFSB-T164B",2025-04-24,NA,NA,NA
"TER-NFSB-T164B",2025-04-25,NA,NA,NA
"TER-NFSB-T164B",2025-04-26,NA,NA,NA
"TER-NFSB-T164B",2025-04-27,NA,NA,NA
"TER-NFSB-T164B",2025-04-28,NA,NA,NA
"TER-NFSB-T164B",2025-04-29,NA,NA,NA
"TER-NFSB-T164B",2025-04-30,NA,NA,NA
"TER-NFSB-T164B",2025-05-01,NA,NA,NA
"TER-NFSB-T164B",2025-05-02,NA,NA,NA
"TER-NFSB-T164B",2025-05-03,NA,NA,NA
"TER-NFSB-T164B",2025-05-04,NA,NA,NA
"TER-NFSB-T164B",2025-05-05,NA,NA,NA
"TER-NFSB-T164B",2025-05-06,NA,NA,NA
"TER-NFSB-T164B",2025-05-07,NA,NA,NA
"TER-NFSB-T164B",2025-05-08,NA,NA,NA
"TER-NFSB-T164B",2025-05-09,NA,NA,NA
"TER-NFSB-T164B",2025-05-10,NA,NA,NA
"TER-NFSB-T164B",2025-05-11,NA,NA,NA
"TER-NFSB-T164B",2025-05-12,NA,NA,NA
"TER-NFSB-T164B",2025-05-13,NA,NA,NA
"TER-NFSB-T164B",2025-05-14,NA,NA,NA
"TER-NFSB-T164B",2025-05-15,NA,NA,NA
"TER-NFSB-T164B",2025-05-16,NA,NA,NA
"TER-NFSB-T164B",2025-05-17,NA,NA,NA
"TER-NFSB-T164B",2025-05-18,NA,NA,NA
"TER-NFSB-T164B",2025-05-19,NA,NA,NA
"TER-NFSB-T164B",2025-05-20,NA,NA,NA
"TER-NFSB-T164B",2025-05-21,NA,NA,NA
"TER-NFSB-T164B",2025-05-22,NA,NA,NA
"TER-NFSB-T164B",2025-05-23,NA,NA,NA
"TER-NFSB-T164B",2025-05-24,NA,NA,NA
"TER-NFSB-T164B",2025-05-25,NA,NA,NA
"TER-NFSB-T164B",2025-05-26,NA,NA,NA
"TER-NFSB-T164B",2025-05-27,NA,NA,NA
"TER-NFSB-T164B",2025-05-28,NA,NA,NA
"TER-NFSB-T164B",2025-05-29,NA,NA,NA
"TER-NFSB-T164B",2025-05-30,NA,NA,NA
"TER-NFSB-T164B",2025-05-31,NA,NA,NA
"TER-NFSB-T164B",2025-06-01,NA,NA,NA
"TER-NFSB-T164B",2025-06-02,NA,NA,NA
"TER-NFSB-T164B",2025-06-03,NA,NA,NA
"TER-NFSB-T164B",2025-06-04,NA,NA,NA
"TER-NFSB-T164B",2025-06-05,NA,NA,NA
"TER-NFSB-T164B",2025-06-06,NA,NA,NA
"TER-NFSB-T164B",2025-06-07,NA,NA,NA
"TER-NFSB-T164B",2025-06-08,NA,NA,NA
"TER-NFSB-T164B",2025-06-09,NA,NA,NA
"TER-NFSB-T164B",2025-06-10,NA,NA,NA
"TER-NFSB-T164B",2025-06-11,NA,NA,NA
"TER-NFSB-T164B",2025-06-12,NA,NA,NA
"TER-NFSB-TE48",2023-08-09,NA,NA,NA
"TER-NFSB-TE48",2023-08-10,NA,NA,NA
"TER-NFSB-TE48",2023-08-11,NA,NA,NA
"TER-NFSB-TE48",2023-08-12,NA,NA,NA
"TER-NFSB-TE48",2023-08-13,NA,NA,NA
"TER-NFSB-TE48",2023-08-14,NA,NA,NA
"TER-NFSB-TE48",2023-08-15,NA,NA,NA
"TER-NFSB-TE48",2023-08-16,NA,NA,NA
"TER-NFSB-TE48",2023-08-17,NA,NA,NA
"TER-NFSB-TE48",2023-08-18,NA,NA,NA
"TER-NFSB-TE48",2023-08-19,NA,NA,NA
"TER-NFSB-TE48",2023-08-20,NA,NA,NA
"TER-NFSB-TE48",2023-08-21,NA,NA,NA
"TER-NFSB-TE48",2023-08-22,NA,NA,NA
"TER-NFSB-TE48",2023-08-23,NA,NA,NA
"TER-NFSB-TE48",2023-08-24,NA,NA,NA
"TER-NFSB-TE48",2023-08-25,NA,NA,NA
"TER-NFSB-TE48",2023-08-26,NA,NA,NA
"TER-NFSB-TE48",2023-08-27,NA,NA,NA
"TER-NFSB-TE48",2023-08-28,NA,NA,NA
"TER-NFSB-TE48",2023-08-29,NA,NA,NA
"TER-NFSB-TE48",2023-08-30,NA,NA,NA
"TER-NFSB-TE48",2023-08-31,NA,NA,NA
"TER-NFSB-TE48",2023-09-01,NA,NA,NA
"TER-NFSB-TE48",2023-09-02,NA,NA,NA
"TER-NFSB-TE48",2023-09-03,NA,NA,NA
"TER-NFSB-TE48",2023-09-04,NA,NA,NA
"TER-NFSB-TE48",2023-09-05,NA,NA,NA
"TER-NFSB-TE48",2023-09-06,NA,NA,NA
"TER-NFSB-TE48",2023-09-07,NA,NA,NA
"TER-NFSB-TE48",2023-09-08,NA,NA,NA
"TER-NFSB-TE48",2023-09-09,NA,NA,NA
"TER-NFSB-TE48",2023-09-10,NA,NA,NA
"TER-NFSB-TE48",2023-09-11,NA,NA,NA
"TER-NFSB-TE48",2023-09-12,0.10439459240962,0.299506491114603,0.144074032163274
"TER-NFSB-TE48",2023-09-13,0.0881171415177556,0.31334485071092,0.122356086787148
"TER-NFSB-TE48",2023-09-14,0.0421576066964432,0.198240600888754,0.00310643633100547
"TER-NFSB-TE48",2023-09-15,0.00701927705549145,0.14293951775,0
"TER-NFSB-TE48",2023-09-16,0.0378556691605482,0.266618407967566,0.123213588404718
"TER-NFSB-TE48",2023-09-17,0.0582469091133831,0.247666655316742,0.0748924046217622
"TER-NFSB-TE48",2023-09-18,0.0507678124495001,0.234405027245457,0.0826710745524895
"TER-NFSB-TE48",2023-09-19,0.0285479280599102,0.187030911134798,0.0122809351375858
"TER-NFSB-TE48",2023-09-20,0.00286071081961426,0.12727648546097,0
"TER-NFSB-TE48",2023-09-21,0.00159366498420179,0.102579880853396,0
"TER-NFSB-TE48",2023-09-22,0.010938845556722,0.275266101489331,0.145469006776796
"TER-NFSB-TE48",2023-09-23,0.00419714392516466,0.134525542211657,0
"TER-NFSB-TE48",2023-09-24,0.00236806321489119,0.155208675589662,0.0169255292263159
"TER-NFSB-TE48",2023-09-25,0.0192156032687973,0.20315826878218,0.0095537556962197
"TER-NFSB-TE48",2023-09-26,0.0082754532956867,0.125662427468381,0
"TER-NFSB-TE48",2023-09-27,0.00572203247966957,0.0773764317907308,0
"TER-NFSB-TE48",2023-09-28,0.00122455241270364,0.0745687828671591,0
"TER-NFSB-TE48",2023-09-29,NA,0.0896786445969571,0
"TER-NFSB-TE48",2023-09-30,NA,0.0718645852023967,0
"TER-NFSB-TE48",2023-10-01,NA,0.111366551929449,0
"TER-NFSB-TE48",2023-10-02,NA,0.135762685345561,0.0124402073709749
"TER-NFSB-TE48",2023-10-03,NA,0.157904216085798,0.0165665262088574
"TER-NFSB-TE48",2023-10-04,NA,0.105745670998007,0
"TER-NFSB-TE48",2023-10-05,NA,0.0891776269256504,0
"TER-NFSB-TE48",2023-10-06,NA,0.0723807090849712,0
"TER-NFSB-TE48",2023-10-07,NA,0.0973730356406471,0
"TER-NFSB-TE48",2023-10-08,NA,0.0971040079735979,0
"TER-NFSB-TE48",2023-10-09,NA,0.061519039527425,0
"TER-NFSB-TE48",2023-10-10,NA,0.0577774024882285,0
"TER-NFSB-TE48",2023-10-11,NA,0.0622768941544293,0
"TER-NFSB-TE48",2023-10-12,NA,0.0564952312204765,0
"TER-NFSB-TE48",2023-10-13,NA,0.0595495534768187,0
"TER-NFSB-TE48",2023-10-14,NA,0.0611137655270876,0
"TER-NFSB-TE48",2023-10-15,NA,0.0830579238048091,0
"TER-NFSB-TE48",2023-10-16,NA,0.0665586191586213,0
"TER-NFSB-TE48",2023-10-17,NA,0.0626746101377812,0
"TER-NFSB-TE48",2023-10-18,NA,0.0841809196727804,0
"TER-NFSB-TE48",2023-10-19,NA,0.0785456589571549,0
"TER-NFSB-TE48",2023-10-20,NA,0.079631228946481,0
"TER-NFSB-TE48",2023-10-21,NA,0.0923245943966993,0
"TER-NFSB-TE48",2023-10-22,NA,0.0827864562817626,0
"TER-NFSB-TE48",2023-10-23,NA,0.124412207783652,0
"TER-NFSB-TE48",2023-10-24,NA,0.103460147328225,0
"TER-NFSB-TE48",2023-10-25,NA,0.0925501189666298,0
"TER-NFSB-TE48",2023-10-26,NA,0.0927769028431598,0
"TER-NFSB-TE48",2023-10-27,NA,0.0932195646491343,0
"TER-NFSB-TE48",2023-10-28,NA,0.0912908102695578,0
"TER-NFSB-TE48",2023-10-29,NA,0.118054739244084,0
"TER-NFSB-TE48",2023-10-30,NA,0.0850811036293075,0
"TER-NFSB-TE48",2023-10-31,NA,0.083306839178873,0
"TER-NFSB-TE48",2023-11-01,NA,0.0936854685573708,0
"TER-NFSB-TE48",2023-11-02,NA,0.12395888225673,0.0189416089945564
"TER-NFSB-TE48",2023-11-03,NA,0.138453899913769,0.0153236909895512
"TER-NFSB-TE48",2023-11-04,NA,0.12747942455058,0
"TER-NFSB-TE48",2023-11-05,NA,0.0685610818865913,0
"TER-NFSB-TE48",2023-11-06,NA,0.0885234012008354,0
"TER-NFSB-TE48",2023-11-07,NA,0.113826011023755,0
"TER-NFSB-TE48",2023-11-08,NA,0.0922615706162839,0
"TER-NFSB-TE48",2023-11-09,NA,0.0848265737766462,0
"TER-NFSB-TE48",2023-11-10,NA,0.0875639613270206,0
"TER-NFSB-TE48",2023-11-11,NA,0.0768712304197035,0
"TER-NFSB-TE48",2023-11-12,NA,0.0776418210337213,0
"TER-NFSB-TE48",2023-11-13,NA,0.0580918479220575,0
"TER-NFSB-TE48",2023-11-14,NA,0.0647402636785391,0
"TER-NFSB-TE48",2023-11-15,NA,0.085932987867144,0
"TER-NFSB-TE48",2023-11-16,NA,0.0854246158101698,0
"TER-NFSB-TE48",2023-11-17,NA,0.0745024603027071,0
"TER-NFSB-TE48",2023-11-18,NA,0.0759371074097717,0
"TER-NFSB-TE48",2023-11-19,NA,0.0575758262692572,0
"TER-NFSB-TE48",2023-11-20,NA,0.0529297424956826,0
"TER-NFSB-TE48",2023-11-21,NA,0.0731606710113627,0
"TER-NFSB-TE48",2023-11-22,NA,0.0956120926321677,0
"TER-NFSB-TE48",2023-11-23,NA,0.109237545254196,0
"TER-NFSB-TE48",2023-11-24,NA,0.111364538404101,0
"TER-NFSB-TE48",2023-11-25,NA,0.0919119134418212,0
"TER-NFSB-TE48",2023-11-26,NA,0.0812521142448861,0
"TER-NFSB-TE48",2023-11-27,NA,0.067737931809705,0
"TER-NFSB-TE48",2023-11-28,NA,0.069823474082765,0
"TER-NFSB-TE48",2023-11-29,NA,0.0656141699325156,0
"TER-NFSB-TE48",2023-11-30,NA,0.0729871858864951,0
"TER-NFSB-TE48",2023-12-01,NA,0.0899184646076042,0.000794375280108625
"TER-NFSB-TE48",2023-12-02,NA,0.0613326497218148,0
"TER-NFSB-TE48",2023-12-03,NA,0.11270485824384,0.000239189365686533
"TER-NFSB-TE48",2023-12-04,NA,0.114251157168458,0.00753747336152112
"TER-NFSB-TE48",2023-12-05,NA,0.0745067173669777,0
"TER-NFSB-TE48",2023-12-06,NA,0.0744245921259577,0
"TER-NFSB-TE48",2023-12-07,NA,0.0730493870328302,0
"TER-NFSB-TE48",2023-12-08,NA,NA,NA
"TER-NFSB-TE48",2023-12-09,0,0.0657762402514383,0
"TER-NFSB-TE48",2023-12-10,0,0.0548498003620357,0
"TER-NFSB-TE48",2023-12-11,0,0.0459780084708489,0
"TER-NFSB-TE48",2023-12-12,0,0.0561368386905266,0
"TER-NFSB-TE48",2023-12-13,0,0.0647037391484124,0
"TER-NFSB-TE48",2023-12-14,0,0.0740170639308484,0
"TER-NFSB-TE48",2023-12-15,0,0.0696387146663084,0
"TER-NFSB-TE48",2023-12-16,0,0.0696104240689079,0
"TER-NFSB-TE48",2023-12-17,0,0.0695175899161581,0
"TER-NFSB-TE48",2023-12-18,0,0.0603070279814841,0
"TER-NFSB-TE48",2023-12-19,0,0.0405651669818876,0
"TER-NFSB-TE48",2023-12-20,0,0.0566214609468744,0
"TER-NFSB-TE48",2023-12-21,0,0.0670537961517613,0
"TER-NFSB-TE48",2023-12-22,0,0.0583820381891405,0
"TER-NFSB-TE48",2023-12-23,0,0.0575278860999158,0
"TER-NFSB-TE48",2023-12-24,0,0.109344005057923,0.00120792779100402
"TER-NFSB-TE48",2023-12-25,0,0.0722282005015805,0
"TER-NFSB-TE48",2023-12-26,0,0.0468472626794155,0
"TER-NFSB-TE48",2023-12-27,0,0.0392290332227141,0
"TER-NFSB-TE48",2023-12-28,0,0.0478469719863924,0
"TER-NFSB-TE48",2023-12-29,0,0.0451667873155481,0
"TER-NFSB-TE48",2023-12-30,0,0.0475082589899553,0
"TER-NFSB-TE48",2023-12-31,0,0.080304692477164,0
"TER-NFSB-TE48",2024-01-01,0,0.0632782934162737,0
"TER-NFSB-TE48",2024-01-02,0,0.0485294609049615,0
"TER-NFSB-TE48",2024-01-03,0,0.0644327564980096,0
"TER-NFSB-TE48",2024-01-04,0,0.0456074169338737,0
"TER-NFSB-TE48",2024-01-05,0,0.0562622341262807,0
"TER-NFSB-TE48",2024-01-06,0,0.047125190371739,0
"TER-NFSB-TE48",2024-01-07,0,0.0476138238056171,0
"TER-NFSB-TE48",2024-01-08,0,0.0742717915527436,0
"TER-NFSB-TE48",2024-01-09,0,0.059912520226374,NA
"TER-NFSB-TE48",2024-01-10,0,0.0569509062602193,NA
"TER-NFSB-TE48",2024-01-11,0,0.0534079447195522,NA
"TER-NFSB-TE48",2024-01-12,0,0.0636700509025167,NA
"TER-NFSB-TE48",2024-01-13,0,0.0515643555326282,NA
"TER-NFSB-TE48",2024-01-14,0,0.0393921259935208,NA
"TER-NFSB-TE48",2024-01-15,0,0.0369726647033422,NA
"TER-NFSB-TE48",2024-01-16,0,0.0336400139062822,NA
"TER-NFSB-TE48",2024-01-17,0,0.0313865388567038,NA
"TER-NFSB-TE48",2024-01-18,0,0.0289397387234187,NA
"TER-NFSB-TE48",2024-01-19,0,0.0400102175971773,NA
"TER-NFSB-TE48",2024-01-20,0,0.0433332923382962,NA
"TER-NFSB-TE48",2024-01-21,0,0.0549557302337563,NA
"TER-NFSB-TE48",2024-01-22,0,0.0517353356081005,NA
"TER-NFSB-TE48",2024-01-23,0,0.0516506128800069,NA
"TER-NFSB-TE48",2024-01-24,0,0.0487681180025049,NA
"TER-NFSB-TE48",2024-01-25,0,0.0405358011910218,NA
"TER-NFSB-TE48",2024-01-26,0,0.0559959420172561,NA
"TER-NFSB-TE48",2024-01-27,0,0.0602505924922327,NA
"TER-NFSB-TE48",2024-01-28,0,0.0584993780633123,NA
"TER-NFSB-TE48",2024-01-29,0,0.0613037517814206,NA
"TER-NFSB-TE48",2024-01-30,0,0.0592656864495529,NA
"TER-NFSB-TE48",2024-01-31,0,0.0530093109149646,NA
"TER-NFSB-TE48",2024-02-01,0,0.0594231709048965,NA
"TER-NFSB-TE48",2024-02-02,0,0.0634472258330538,NA
"TER-NFSB-TE48",2024-02-03,0,0.104512297124621,NA
"TER-NFSB-TE48",2024-02-04,0,0.10887652543332,NA
"TER-NFSB-TE48",2024-02-05,0,0.0776334423690143,NA
"TER-NFSB-TE48",2024-02-06,0,0.0702622442012529,NA
"TER-NFSB-TE48",2024-02-07,0,0.0628094579010747,NA
"TER-NFSB-TE48",2024-02-08,0,0.0557931032512683,NA
"TER-NFSB-TE48",2024-02-09,0,0.0489424192494416,NA
"TER-NFSB-TE48",2024-02-10,0,0.0640506188176299,NA
"TER-NFSB-TE48",2024-02-11,0,0.0625064209500223,NA
"TER-NFSB-TE48",2024-02-12,0,0.0599153910228822,NA
"TER-NFSB-TE48",2024-02-13,0,0.0557321562910048,NA
"TER-NFSB-TE48",2024-02-14,0,0.0443029214209643,NA
"TER-NFSB-TE48",2024-02-15,0,0.0662455254219667,NA
"TER-NFSB-TE48",2024-02-16,0,0.0770415509153069,NA
"TER-NFSB-TE48",2024-02-17,0,0.0796048797530583,NA
"TER-NFSB-TE48",2024-02-18,0,0.110421518650003,NA
"TER-NFSB-TE48",2024-02-19,0,0.147497625297222,NA
"TER-NFSB-TE48",2024-02-20,0,0.121282801241724,NA
"TER-NFSB-TE48",2024-02-21,0,0.0907494388265592,NA
"TER-NFSB-TE48",2024-02-22,0,0.0703888228680654,NA
"TER-NFSB-TE48",2024-02-23,0,0.0983302447754193,NA
"TER-NFSB-TE48",2024-02-24,0,0.118634645838982,NA
"TER-NFSB-TE48",2024-02-25,0,0.0744438360752401,NA
"TER-NFSB-TE48",2024-02-26,0,0.0677400024393594,NA
"TER-NFSB-TE48",2024-02-27,0,0.0833445061524706,NA
"TER-NFSB-TE48",2024-02-28,0,0.119179514166371,NA
"TER-NFSB-TE48",2024-02-29,0,0.084803599228526,NA
"TER-NFSB-TE48",2024-03-01,0,0.108714429673787,NA
"TER-NFSB-TE48",2024-03-02,0,0.103324056070441,NA
"TER-NFSB-TE48",2024-03-03,0,0.0769690659894901,NA
"TER-NFSB-TE48",2024-03-04,0,0.0820716939781702,NA
"TER-NFSB-TE48",2024-03-05,0,0.0615263986300319,NA
"TER-NFSB-TE48",2024-03-06,0,0.0466337267723318,NA
"TER-NFSB-TE48",2024-03-07,0,0.0523987703974991,NA
"TER-NFSB-TE48",2024-03-08,0,0.0567540470515929,NA
"TER-NFSB-TE48",2024-03-09,0,0.0637004112713487,NA
"TER-NFSB-TE48",2024-03-10,0,0.0616310446304073,NA
"TER-NFSB-TE48",2024-03-11,0,0.0672620642025571,NA
"TER-NFSB-TE48",2024-03-12,0,0.0579140877744775,NA
"TER-NFSB-TE48",2024-03-13,0,0.0728933276815144,NA
"TER-NFSB-TE48",2024-03-14,0,0.0722815578640669,NA
"TER-NFSB-TE48",2024-03-15,0,0.0682259663521865,NA
"TER-NFSB-TE48",2024-03-16,0,0.0833340523166683,NA
"TER-NFSB-TE48",2024-03-17,0.000886674477510307,0.0900466214232688,NA
"TER-NFSB-TE48",2024-03-18,0,0.0755995880971786,0
"TER-NFSB-TE48",2024-03-19,0,0.0623002305787939,0.0347352681590257
"TER-NFSB-TE48",2024-03-20,0,0.104396417629208,0.0600508086290104
"TER-NFSB-TE48",2024-03-21,0.000538017520348082,0.112719893544575,0.0392064350783617
"TER-NFSB-TE48",2024-03-22,0,0.0757523822054567,0
"TER-NFSB-TE48",2024-03-23,0,0.0664681425920012,0.000793590450829337
"TER-NFSB-TE48",2024-03-24,0,0.0715250428052388,0.0060964003102059
"TER-NFSB-TE48",2024-03-25,0,0.0691217135958181,0.00192195356625696
"TER-NFSB-TE48",2024-03-26,0,0.0648922099263165,0
"TER-NFSB-TE48",2024-03-27,0,0.0557354360684384,NA
"TER-NFSB-TE48",2024-03-28,0,0.0401364011982874,NA
"TER-NFSB-TE48",2024-03-29,0,0.0482275677403879,NA
"TER-NFSB-TE48",2024-03-30,0,0.0500477480833465,NA
"TER-NFSB-TE48",2024-03-31,0,0.0583760230058498,NA
"TER-NFSB-TE48",2024-04-01,0,0.0636520529747199,NA
"TER-NFSB-TE48",2024-04-02,0,0.0626774284363143,NA
"TER-NFSB-TE48",2024-04-03,0,0.0627394721376512,NA
"TER-NFSB-TE48",2024-04-04,0,0.0530848947355064,NA
"TER-NFSB-TE48",2024-04-05,0,0.0421068262054196,NA
"TER-NFSB-TE48",2024-04-06,0,0.0571332998292398,NA
"TER-NFSB-TE48",2024-04-07,0,0.0604689056085615,NA
"TER-NFSB-TE48",2024-04-08,0,0.0632844295480487,NA
"TER-NFSB-TE48",2024-04-09,0,0.0700055728918563,NA
"TER-NFSB-TE48",2024-04-10,0,0.0697423355917757,NA
"TER-NFSB-TE48",2024-04-11,0,0.0705224824296078,NA
"TER-NFSB-TE48",2024-04-12,0,0.065833148928312,NA
"TER-NFSB-TE48",2024-04-13,0,0.0598347760447255,NA
"TER-NFSB-TE48",2024-04-14,0,0.0511259076534652,NA
"TER-NFSB-TE48",2024-04-15,0,0.0608185579497265,NA
"TER-NFSB-TE48",2024-04-16,0,0.067179317149958,NA
"TER-NFSB-TE48",2024-04-17,0,0.0661870827014279,NA
"TER-NFSB-TE48",2024-04-18,0,0.0659499689944523,NA
"TER-NFSB-TE48",2024-04-19,0,0.0616902226170305,NA
"TER-NFSB-TE48",2024-04-20,0,0.063427159072284,NA
"TER-NFSB-TE48",2024-04-21,0,0.0620484855242548,NA
"TER-NFSB-TE48",2024-04-22,0,0.0523207578179286,NA
"TER-NFSB-TE48",2024-04-23,0,0.0349888005212533,NA
"TER-NFSB-TE48",2024-04-24,0.012425560266605,0.0291084959588692,NA
"TER-NFSB-TE48",2024-04-25,0.0172220790232205,0.0467381688091456,NA
"TER-NFSB-TE48",2024-04-26,0.0311774100332461,0.0340932609436193,NA
"TER-NFSB-TE48",2024-04-27,0.0339790024110152,0.0989354544069495,NA
"TER-NFSB-TE48",2024-04-28,0.0864005000278492,0.14506185911734,NA
"TER-NFSB-TE48",2024-04-29,0.119156551826279,0.144031836309989,NA
"TER-NFSB-TE48",2024-04-30,0.122561107212121,0.171735922796789,NA
"TER-NFSB-TE48",2024-05-01,0.078901983128199,0.124142280286659,NA
"TER-NFSB-TE48",2024-05-02,0.0398371028573118,0.083610874955917,NA
"TER-NFSB-TE48",2024-05-03,0.0515293051642688,0.0711446766710439,NA
"TER-NFSB-TE48",2024-05-04,0.0569963991583989,0.0767475037920858,NA
"TER-NFSB-TE48",2024-05-05,0.0748340854652201,0.158535742743133,NA
"TER-NFSB-TE48",2024-05-06,0.0512203924828406,0.0688421647260918,NA
"TER-NFSB-TE48",2024-05-07,0.0500754190972653,0.0636908537560337,NA
"TER-NFSB-TE48",2024-05-08,0.0372051161518032,0.0519518585247753,NA
"TER-NFSB-TE48",2024-05-09,0.0250814705237633,0.0604850342624159,NA
"TER-NFSB-TE48",2024-05-10,0.0062011569020517,0.127459429773033,NA
"TER-NFSB-TE48",2024-05-11,0.0012112179945349,0.112208959683574,NA
"TER-NFSB-TE48",2024-05-12,0,0.0744486061112905,NA
"TER-NFSB-TE48",2024-05-13,0,0.0467897739370154,NA
"TER-NFSB-TE48",2024-05-14,0,0.102713264210873,NA
"TER-NFSB-TE48",2024-05-15,0,0.0609468147525479,NA
"TER-NFSB-TE48",2024-05-16,NA,0.0427389852174045,NA
"TER-NFSB-TE48",2024-05-17,NA,0.0737213607244904,NA
"TER-NFSB-TE48",2024-05-18,NA,0.138246307316523,NA
"TER-NFSB-TE48",2024-05-19,NA,0.185748975790387,NA
"TER-NFSB-TE48",2024-05-20,NA,0.0809900020869429,NA
"TER-NFSB-TE48",2024-05-21,NA,0.106181659833391,NA
"TER-NFSB-TE48",2024-05-22,NA,0.082181474764754,NA
"TER-NFSB-TE48",2024-05-23,NA,0.0357044339387403,NA
"TER-NFSB-TE48",2024-05-24,NA,0.029043333257409,NA
"TER-NFSB-TE48",2024-05-25,NA,0.0685757570798691,NA
"TER-NFSB-TE48",2024-05-26,NA,0.156771891250452,NA
"TER-NFSB-TE48",2024-05-27,NA,0.138375288853337,NA
"TER-NFSB-TE48",2024-05-28,NA,0.128616385899087,NA
"TER-NFSB-TE48",2024-05-29,NA,0.0368151885740256,NA
"TER-NFSB-TE48",2024-05-30,NA,0.0622755987194298,NA
"TER-NFSB-TE48",2024-05-31,NA,0.0557141500139399,NA
"TER-NFSB-TE48",2024-06-01,NA,0.101934672728375,NA
"TER-NFSB-TE48",2024-06-02,NA,0.0975016459821871,NA
"TER-NFSB-TE48",2024-06-03,NA,0.0500029419582287,NA
"TER-NFSB-TE48",2024-06-04,NA,0.0654518390619508,NA
"TER-NFSB-TE48",2024-06-05,NA,0.0411940521262043,NA
"TER-NFSB-TE48",2024-06-06,NA,0.0497600942808388,NA
"TER-NFSB-TE48",2024-06-07,NA,0.0776407122590909,NA
"TER-NFSB-TE48",2024-06-08,NA,0.0778084712659907,NA
"TER-NFSB-TE48",2024-06-09,NA,0.0894757318677543,NA
"TER-NFSB-TE48",2024-06-10,NA,0.075213662153505,NA
"TER-NFSB-TE48",2024-06-11,NA,0.115284081411111,NA
"TER-NFSB-TE48",2024-06-12,NA,0.25033077656307,NA
"TER-NFSB-TE48",2024-06-13,0,0.0525540955151224,0.000769958243666072
"TER-NFSB-TE48",2024-06-14,0,0.0439427859630669,0.0243053334049503
"TER-NFSB-TE48",2024-06-15,0.058419673684638,0.167977353525,0.249906778007468
"TER-NFSB-TE48",2024-06-16,0,0.0644281290881037,0
"TER-NFSB-TE48",2024-06-17,0.0029004343362045,0.0647764619667725,0.0148874382911245
"TER-NFSB-TE48",2024-06-18,0.0298565179236856,0.13455455832548,0.113002079305039
"TER-NFSB-TE48",2024-06-19,0.0332711938756721,0.137476960936159,0.150961571938814
"TER-NFSB-TE48",2024-06-20,0.137121333601302,0.263772654983195,0.361253904670739
"TER-NFSB-TE48",2024-06-21,0.160831032652829,0.289620379576175,0.390813814769657
"TER-NFSB-TE48",2024-06-22,0.0654110121381496,0.171926260225047,0.199428716997271
"TER-NFSB-TE48",2024-06-23,0.0428255522748658,0.144169829818418,0.119067067445093
"TER-NFSB-TE48",2024-06-24,0,0.0562230693399737,0
"TER-NFSB-TE48",2024-06-25,0,0.0543153417139103,0.043322204805046
"TER-NFSB-TE48",2024-06-26,0.036870451030653,0.165799451008072,0.179913631118661
"TER-NFSB-TE48",2024-06-27,0,0.0853939684127531,0.00340045740583868
"TER-NFSB-TE48",2024-06-28,0.0274798487428497,0.142095927058071,0.115578815144517
"TER-NFSB-TE48",2024-06-29,0,0.0954241251994405,0.0208468553088958
"TER-NFSB-TE48",2024-06-30,0,0.0700529202556165,0
"TER-NFSB-TE48",2024-07-01,0.0571760906970293,0.220123507743539,0.258504833648827
"TER-NFSB-TE48",2024-07-02,0.0524375739603271,0.192748303232101,0.169179324260895
"TER-NFSB-TE48",2024-07-03,0.0331361227098686,0.161077342532646,0.126148283465333
"TER-NFSB-TE48",2024-07-04,0.082049168386037,0.190208855436638,0.185314449123641
"TER-NFSB-TE48",2024-07-05,0.0545632435736333,0.181518683546586,0.168744272199608
"TER-NFSB-TE48",2024-07-06,0.001761390614257,0.112106676496547,0.0167701378393536
"TER-NFSB-TE48",2024-07-07,0,0.0922943842186935,0
"TER-NFSB-TE48",2024-07-08,0.0223978340218433,0.0794638636103511,0
"TER-NFSB-TE48",2024-07-09,0.0554021449834192,0.0786469858706555,0
"TER-NFSB-TE48",2024-07-10,0.0523276953575382,0.0619483863456152,0
"TER-NFSB-TE48",2024-07-11,0.0631114999205553,0.0612479810827476,0.029483851448386
"TER-NFSB-TE48",2024-07-12,0.0557572367835168,0.0809067790175354,0.0209541067184209
"TER-NFSB-TE48",2024-07-13,0.0381009238888777,0.0641646948255031,0.0233736499277948
"TER-NFSB-TE48",2024-07-14,0.0550118949070103,0.155509707956828,0.13608318094363
"TER-NFSB-TE48",2024-07-15,0.0608719129830539,0.106600582866683,0.0425311507724203
"TER-NFSB-TE48",2024-07-16,0.047306366067741,0.0892144437016302,0.023364339703158
"TER-NFSB-TE48",2024-07-17,0.0302967324536634,0.0690553696392367,0
"TER-NFSB-TE48",2024-07-18,0.0213578781163595,0.0610543537419214,0.0145634697462467
"TER-NFSB-TE48",2024-07-19,0.040191482376389,0.173476572370199,0.192669468522507
"TER-NFSB-TE48",2024-07-20,0.094349957551288,0.179669339500886,0.125464850457004
"TER-NFSB-TE48",2024-07-21,0.155072141854305,0.247556873041946,0.251719006655152
"TER-NFSB-TE48",2024-07-22,0.156850935274328,0.233554976465395,0.250622453218276
"TER-NFSB-TE48",2024-07-23,0.115519519044251,0.170479362009533,0.134221377514512
"TER-NFSB-TE48",2024-07-24,0.141196660318982,0.210748302365975,0.208264492715671
"TER-NFSB-TE48",2024-07-25,0.183674317059969,0.265430795622851,0.26861174146084
"TER-NFSB-TE48",2024-07-26,0.122631649335174,0.180804251856012,0.0959013743594519
"TER-NFSB-TE48",2024-07-27,0.0790722054995592,0.1416328379197,0.0577605097927077
"TER-NFSB-TE48",2024-07-28,0.0834286190089783,0.169938432369384,0.138357706643194
"TER-NFSB-TE48",2024-07-29,0.0664256458915061,0.16760485426587,0.135615493205382
"TER-NFSB-TE48",2024-07-30,0.0220213888528369,0.0926993278414779,0.00698402040728405
"TER-NFSB-TE48",2024-07-31,0.01314765077156,0.0870848234247249,0.0116432363670913
"TER-NFSB-TE48",2024-08-01,0.0169892640083823,0.158394354364401,0.139204142920636
"TER-NFSB-TE48",2024-08-02,0.024960677566982,0.179117272213923,0.157032157749073
"TER-NFSB-TE48",2024-08-03,0.0917088883182034,0.216397143256093,0.226075510006537
"TER-NFSB-TE48",2024-08-04,0.143880572698147,0.252373378077237,0.242672924349193
"TER-NFSB-TE48",2024-08-05,0.156094176420869,0.231851795686695,0.207497533158263
"TER-NFSB-TE48",2024-08-06,0.083755301343773,0.163412129118182,0.100681808860382
"TER-NFSB-TE48",2024-08-07,0.119391247291606,0.209856581665924,0.194416652984902
"TER-NFSB-TE48",2024-08-08,0.155682402767601,0.243986347442966,0.272769725123379
"TER-NFSB-TE48",2024-08-09,0.139836787262453,0.204714181925577,0.210173689663219
"TER-NFSB-TE48",2024-08-10,0.132055332265579,0.191544954529717,0.153744735292055
"TER-NFSB-TE48",2024-08-11,0.0661291630173464,0.125356946121361,0.0778328592696183
"TER-NFSB-TE48",2024-08-12,0.104386503502727,0.189281515809524,0.156449645838612
"TER-NFSB-TE48",2024-08-13,0.082407596755351,0.162506280449238,0.0719996059262479
"TER-NFSB-TE48",2024-08-14,0.165263742780766,0.260889652114176,0.234937690425699
"TER-NFSB-TE48",2024-08-15,0.159233481128281,0.234819584394639,0.218081133269447
"TER-NFSB-TE48",2024-08-16,0.177105797227419,0.246258463049065,0.228920980512218
"TER-NFSB-TE48",2024-08-17,0.154858732397326,0.216561383506276,0.201872860743671
"TER-NFSB-TE48",2024-08-18,0.176973204793778,0.258907337810378,0.26019289687949
"TER-NFSB-TE48",2024-08-19,0.189681468167133,0.255077755956587,0.231237935614945
"TER-NFSB-TE48",2024-08-20,0.053980653930047,0.122186278028741,0.0155798342886881
"TER-NFSB-TE48",2024-08-21,0.05225230739179,0.142875705102448,0.148580858736289
"TER-NFSB-TE48",2024-08-22,0.115564932912971,0.270914366880297,0.325253928760501
"TER-NFSB-TE48",2024-08-23,0.0532648455337359,0.141275488345653,0.010255268340741
"TER-NFSB-TE48",2024-08-24,0.0126568364213571,0.122763235276841,0.0734249416215261
"TER-NFSB-TE48",2024-08-25,0.0268833449058368,0.240246524558503,0.312040477176038
"TER-NFSB-TE48",2024-08-26,0.048852759991254,0.161644642988383,0.0820892517984832
"TER-NFSB-TE48",2024-08-27,0.0685949093184934,0.164357255467922,0.109256684083592
"TER-NFSB-TE48",2024-08-28,0.105225028765324,0.206229115790878,0.194668660122855
"TER-NFSB-TE48",2024-08-29,0.10149944654902,0.176113410848223,0.169532665520043
"TER-NFSB-TE48",2024-08-30,0.149783288633064,0.258524229109045,0.285093542545836
"TER-NFSB-TE48",2024-08-31,0.108394770636463,0.190545993071005,0.145554980781047
"TER-NFSB-TE48",2024-09-01,0.0223668433837466,0.0987830915966391,0.0539083122281533
"TER-NFSB-TE48",2024-09-02,0.0627792849615924,0.182788831988489,0.172619644918571
"TER-NFSB-TE48",2024-09-03,0.135859486372922,0.240388006579841,0.269518983533253
"TER-NFSB-TE48",2024-09-04,0.155630839448601,0.232158759780137,0.255442638991734
"TER-NFSB-TE48",2024-09-05,0.1515323104698,0.211267100951636,0.222625950018431
"TER-NFSB-TE48",2024-09-06,0.187448409005522,0.240810781331168,0.268884857823319
"TER-NFSB-TE48",2024-09-07,0.094226199783522,0.151096241574877,0.115987790360386
"TER-NFSB-TE48",2024-09-08,0.0244180616864123,0.0917682750951388,0.0341622145966554
"TER-NFSB-TE48",2024-09-09,0.0189956751027692,0.0947309396927891,0.0454661038350221
"TER-NFSB-TE48",2024-09-10,0.0128656860488343,0.0851614935748151,0.022597524829775
"TER-NFSB-TE48",2024-09-11,0.0156087466784516,0.0959676577455754,0.0844529001840294
"TER-NFSB-TE48",2024-09-12,NA,NA,NA
"TER-NFSB-TE48",2024-09-13,0.100342043949139,0.217160069240179,0.277684590309071
"TER-NFSB-TE48",2024-09-14,0.0575598314525213,0.133914291892502,0.103724937992845
"TER-NFSB-TE48",2024-09-15,0.103865738275466,0.220305455043638,0.281948290627702
"TER-NFSB-TE48",2024-09-16,0.0399556651714821,0.130629705358547,0.068550507922611
"TER-NFSB-TE48",2024-09-17,0.00445517882063767,0.126228283396686,0.0125313723419635
"TER-NFSB-TE48",2024-09-18,0.00671703071431934,0.156145276212541,0.139421356836822
"TER-NFSB-TE48",2024-09-19,0.00700056259425929,0.135431098303876,0.114906389327988
"TER-NFSB-TE48",2024-09-20,0.00160303810926537,0.103684277560498,0.0131371972630321
"TER-NFSB-TE48",2024-09-21,0.00821794396858775,0.142287887476118,0.147429642705995
"TER-NFSB-TE48",2024-09-22,0.013580245493849,0.141818942650867,0.0829395567075931
"TER-NFSB-TE48",2024-09-23,0.0150340741890123,0.154982340159505,0.140959725784924
"TER-NFSB-TE48",2024-09-24,0.0257662157155666,0.131180524133033,0.024029478983536
"TER-NFSB-TE48",2024-09-25,0.0122278359880875,0.102793200347015,0
"TER-NFSB-TE48",2024-09-26,0.0555602309787388,0.078505871878022,0.0357006678688894
"TER-NFSB-TE48",2024-09-27,0.0912679550807514,0.131798217916291,0.0836075013933142
"TER-NFSB-TE48",2024-09-28,0.087567882997625,0.115677760365186,0.0125731006237984
"TER-NFSB-TE48",2024-09-29,0.0954457376318475,0.100898880175856,0
"TER-NFSB-TE48",2024-09-30,0.0639170962754654,0.105498776022504,0
"TER-NFSB-TE48",2024-10-01,0.0548945572634115,0.107702244068946,0
"TER-NFSB-TE48",2024-10-02,0.0715414437555646,0.123313222214919,0
"TER-NFSB-TE48",2024-10-03,0.0944685919756338,0.133613645895925,0
"TER-NFSB-TE48",2024-10-04,0.0543388844571739,0.133770941078339,0
"TER-NFSB-TE48",2024-10-05,0.106644949290115,0.103841540826632,0
"TER-NFSB-TE48",2024-10-06,NA,0.0839971931857518,0.0208091433866265
"TER-NFSB-TE48",2024-10-07,NA,0.105345286068168,0.048021930127537
"TER-NFSB-TE48",2024-10-08,NA,0.119245258988801,0
"TER-NFSB-TE48",2024-10-09,NA,0.151385326115958,0.0981024772661891
"TER-NFSB-TE48",2024-10-10,NA,0.112590998126223,0
"TER-NFSB-TE48",2024-10-11,NA,0.114129988821114,0.0777724014176684
"TER-NFSB-TE48",2024-10-12,NA,0.132239957326033,0.0958911207308757
"TER-NFSB-TE48",2024-10-13,NA,0.126498127192949,0
"TER-NFSB-TE48",2024-10-14,NA,0.101852072590096,0
"TER-NFSB-TE48",2024-10-15,NA,0.0878055259465672,0.00654982294366047
"TER-NFSB-TE48",2024-10-16,NA,0.116134788505615,0.0840940659021996
"TER-NFSB-TE48",2024-10-17,NA,0.114892928912319,0.0558655776450668
"TER-NFSB-TE48",2024-10-18,NA,0.128879916440949,0.0502610613839102
"TER-NFSB-TE48",2024-10-19,NA,0.114096429076621,0
"TER-NFSB-TE48",2024-10-20,NA,0.0786615909728262,0
"TER-NFSB-TE48",2024-10-21,NA,0.0797703439360329,0.0443164757108386
"TER-NFSB-TE48",2024-10-22,NA,0.116720245891424,0.0673311403879918
"TER-NFSB-TE48",2024-10-23,NA,0.110516973740027,0
"TER-NFSB-TE48",2024-10-24,NA,0.108222949014435,0.0889233986022964
"TER-NFSB-TE48",2024-10-25,NA,0.139025848382701,0.143564907529896
"TER-NFSB-TE48",2024-10-26,NA,0.134034738464187,0.118493752539762
"TER-NFSB-TE48",2024-10-27,NA,0.122107536472708,0.0965424666244016
"TER-NFSB-TE48",2024-10-28,NA,0.149463245507874,0.149286123585868
"TER-NFSB-TE48",2024-10-29,NA,0.101133635662991,0.0168547899490333
"TER-NFSB-TE48",2024-10-30,NA,0.101180700425992,0.00459667556289634
"TER-NFSB-TE48",2024-10-31,NA,0.112083609933439,0.00555231750860204
"TER-NFSB-TE48",2024-11-01,NA,0.11496239651945,0
"TER-NFSB-TE48",2024-11-02,NA,0.0929215477785422,0
"TER-NFSB-TE48",2024-11-03,NA,0.0898773803336512,0
"TER-NFSB-TE48",2024-11-04,NA,0.0940891330979563,0
"TER-NFSB-TE48",2024-11-05,NA,0.100814013653758,0
"TER-NFSB-TE48",2024-11-06,NA,0.0692754295363186,0
"TER-NFSB-TE48",2024-11-07,NA,0.0729085012853895,0.00268851116701261
"TER-NFSB-TE48",2024-11-08,NA,0.104728639895312,0
"TER-NFSB-TE48",2024-11-09,NA,0.107411689021637,0
"TER-NFSB-TE48",2024-11-10,NA,0.103045179083685,0.0239321089937874
"TER-NFSB-TE48",2024-11-11,NA,0.123700762523091,0.0325005379376505
"TER-NFSB-TE48",2024-11-12,NA,0.111877761769226,0
"TER-NFSB-TE48",2024-11-13,NA,0.0967884741421049,0
"TER-NFSB-TE48",2024-11-14,NA,0.0785827898565281,0
"TER-NFSB-TE48",2024-11-15,NA,0.0707285039505204,0.000547240732284744
"TER-NFSB-TE48",2024-11-16,NA,0.0852875115105471,0.0182332687257757
"TER-NFSB-TE48",2024-11-17,NA,0.0893475381937216,0.00610895426094279
"TER-NFSB-TE48",2024-11-18,NA,0.0895134668552906,0
"TER-NFSB-TE48",2024-11-19,NA,0.0835534775891268,0
"TER-NFSB-TE48",2024-11-20,NA,0.0889247793854039,0.0346755783538936
"TER-NFSB-TE48",2024-11-21,NA,0.121337866709133,0.0770916805445301
"TER-NFSB-TE48",2024-11-22,NA,0.112330864410742,0.00791248111913214
"TER-NFSB-TE48",2024-11-23,NA,0.0924878733541806,0
"TER-NFSB-TE48",2024-11-24,NA,0.0737747785886197,0.0679714702828659
"TER-NFSB-TE48",2024-11-25,NA,0.0997747750920849,0.0701603554066724
"TER-NFSB-TE48",2024-11-26,NA,0.0983888985759317,0.00605434392914014
"TER-NFSB-TE48",2024-11-27,NA,0.089168742997208,0.0129394766490538
"TER-NFSB-TE48",2024-11-28,NA,0.0862899176317032,0.0357108206444569
"TER-NFSB-TE48",2024-11-29,NA,0.0846350900515393,0.0366116960767599
"TER-NFSB-TE48",2024-11-30,NA,0.0857863270473915,0.0299962959423258
"TER-NFSB-TE48",2024-12-01,NA,0.0852879376754014,0.0171907995196309
"TER-NFSB-TE48",2024-12-02,NA,0.0924050530269657,0.0296442032067595
"TER-NFSB-TE48",2024-12-03,NA,0.0871717845084163,0.0450749947925628
"TER-NFSB-TE48",2024-12-04,NA,0.107138776033066,0.122012463336597
"TER-NFSB-TE48",2024-12-05,NA,0.107266257881871,0.101855677182837
"TER-NFSB-TE48",2024-12-06,NA,0.0996564449282102,0.078875817322723
"TER-NFSB-TE48",2024-12-07,NA,0.100669371479106,0.107625827609986
"TER-NFSB-TE48",2024-12-08,NA,0.114568453636958,0.125970141605648
"TER-NFSB-TE48",2024-12-09,NA,0.0974526206752286,0.112871826480635
"TER-NFSB-TE48",2024-12-10,NA,0.106270125237146,0.136188741537487
"TER-NFSB-TE48",2024-12-11,NA,0.0869785836757106,0.042992258812364
"TER-NFSB-TE48",2024-12-12,NA,0.075220431547258,0.0209947744275439
"TER-NFSB-TE48",2024-12-13,NA,0.0680166421617372,0.0228550876293909
"TER-NFSB-TE48",2024-12-14,NA,0.0816562391478214,0.0835576194011864
"TER-NFSB-TE48",2024-12-15,NA,0.0819402075172771,0.0505384279148506
"TER-NFSB-TE48",2024-12-16,NA,NA,NA
"TER-NFSB-TE48",2024-12-17,NA,NA,NA
"TER-NFSB-TE48",2024-12-18,NA,NA,NA
"TER-NFSB-TE48",2024-12-19,NA,NA,NA
"TER-NFSB-TE48",2024-12-20,NA,NA,NA
"TER-NFSB-TE48",2024-12-21,NA,NA,NA
"TER-NFSB-TE48",2024-12-22,NA,NA,NA
"TER-NFSB-TE48",2024-12-23,NA,NA,NA
"TER-NFSB-TE48",2024-12-24,NA,NA,NA
"TER-NFSB-TE48",2024-12-25,NA,NA,NA
"TER-NFSB-TE48",2024-12-26,NA,NA,NA
"TER-NFSB-TE48",2024-12-27,NA,NA,NA
"TER-NFSB-TE48",2024-12-28,NA,NA,NA
"TER-NFSB-TE48",2024-12-29,NA,NA,NA
"TER-NFSB-TE48",2024-12-30,NA,NA,NA
"TER-NFSB-TE48",2024-12-31,NA,NA,NA
"TER-NFSB-TE48",2025-01-01,NA,NA,NA
"TER-NFSB-TE48",2025-01-02,NA,NA,NA
"TER-NFSB-TE48",2025-01-03,NA,NA,NA
"TER-NFSB-TE48",2025-01-04,NA,NA,NA
"TER-NFSB-TE48",2025-01-05,NA,NA,NA
"TER-NFSB-TE48",2025-01-06,NA,NA,NA
"TER-NFSB-TE48",2025-01-07,NA,NA,NA
"TER-NFSB-TE48",2025-01-08,NA,NA,NA
"TER-NFSB-TE48",2025-01-09,NA,NA,NA
"TER-NFSB-TE48",2025-01-10,NA,NA,NA
"TER-NFSB-TE48",2025-01-11,NA,NA,NA
"TER-NFSB-TE48",2025-01-12,NA,NA,NA
"TER-NFSB-TE48",2025-01-13,NA,NA,NA
"TER-NFSB-TE48",2025-01-14,NA,NA,NA
"TER-NFSB-TE48",2025-01-15,NA,NA,NA
"TER-NFSB-TE48",2025-01-16,NA,NA,NA
"TER-NFSB-TE48",2025-01-17,NA,NA,NA
"TER-NFSB-TE48",2025-01-18,NA,NA,NA
"TER-NFSB-TE48",2025-01-19,NA,NA,NA
"TER-NFSB-TE48",2025-01-20,NA,NA,NA
"TER-NFSB-TE48",2025-01-21,NA,NA,NA
"TER-NFSB-TE48",2025-01-22,NA,NA,NA
"TER-NFSB-TE48",2025-01-23,NA,NA,NA
"TER-NFSB-TE48",2025-01-24,NA,NA,NA
"TER-NFSB-TE48",2025-01-25,NA,NA,NA
"TER-NFSB-TE48",2025-01-26,NA,NA,NA
"TER-NFSB-TE48",2025-01-27,NA,NA,NA
"TER-NFSB-TE48",2025-01-28,NA,NA,NA
"TER-NFSB-TE48",2025-01-29,NA,NA,NA
"TER-NFSB-TE48",2025-01-30,NA,NA,NA
"TER-NFSB-TE48",2025-01-31,NA,NA,NA
"TER-NFSB-TE48",2025-02-01,NA,NA,NA
"TER-NFSB-TE48",2025-02-02,NA,NA,NA
"TER-NFSB-TE48",2025-02-03,NA,NA,NA
"TER-NFSB-TE48",2025-02-04,NA,NA,NA
"TER-NFSB-TE48",2025-02-05,NA,NA,NA
"TER-NFSB-TE48",2025-02-06,NA,NA,NA
"TER-NFSB-TE48",2025-02-07,NA,NA,NA
"TER-NFSB-TE48",2025-02-08,NA,NA,NA
"TER-NFSB-TE48",2025-02-09,NA,NA,NA
"TER-NFSB-TE48",2025-02-10,NA,NA,NA
"TER-NFSB-TE48",2025-02-11,NA,NA,NA
"TER-NFSB-TE48",2025-02-12,NA,NA,NA
"TER-NFSB-TE48",2025-02-13,NA,NA,NA
"TER-NFSB-TE48",2025-02-14,NA,NA,NA
"TER-NFSB-TE48",2025-02-15,NA,NA,NA
"TER-NFSB-TE48",2025-02-16,NA,NA,NA
"TER-NFSB-TE48",2025-02-17,NA,NA,NA
"TER-NFSB-TE48",2025-02-18,NA,NA,NA
"TER-NFSB-TE48",2025-02-19,NA,NA,NA
"TER-NFSB-TE48",2025-02-20,NA,NA,NA
"TER-NFSB-TE48",2025-02-21,NA,NA,NA
"TER-NFSB-TE48",2025-02-22,NA,NA,NA
"TER-NFSB-TE48",2025-02-23,NA,NA,NA
"TER-NFSB-TE48",2025-02-24,NA,NA,NA
"TER-NFSB-TE48",2025-02-25,NA,NA,NA
"TER-NFSB-TE48",2025-02-26,NA,NA,NA
"TER-NFSB-TE48",2025-02-27,NA,NA,NA
"TER-NFSB-TE48",2025-02-28,NA,NA,NA
"TER-NFSB-TE48",2025-03-01,NA,NA,NA
"TER-NFSB-TE48",2025-03-02,NA,NA,NA
"TER-NFSB-TE48",2025-03-03,NA,NA,NA
"TER-NFSB-TE48",2025-03-04,NA,NA,NA
"TER-NFSB-TE48",2025-03-05,NA,NA,NA
"TER-NFSB-TE48",2025-03-06,NA,NA,NA
"TER-NFSB-TE48",2025-03-07,NA,NA,NA
"TER-NFSB-TE48",2025-03-08,NA,NA,NA
"TER-NFSB-TE48",2025-03-09,NA,NA,NA
"TER-NFSB-TE48",2025-03-10,NA,NA,NA
"TER-NFSB-TE48",2025-03-11,NA,NA,NA
"TER-NFSB-TE48",2025-03-12,NA,NA,NA
"TER-NFSB-TE48",2025-03-13,NA,NA,NA
"TER-NFSB-TE48",2025-03-14,NA,NA,NA
"TER-NFSB-TE48",2025-03-15,NA,NA,NA
"TER-NFSB-TE48",2025-03-16,NA,NA,NA
"TER-NFSB-TE48",2025-03-17,NA,NA,NA
"TER-NFSB-TE48",2025-03-18,NA,NA,NA
"TER-NFSB-TE48",2025-03-19,NA,NA,NA
"TER-NFSB-TE48",2025-03-20,NA,NA,NA
"TER-NFSB-TE48",2025-03-21,NA,NA,NA
"TER-NFSB-TE48",2025-03-22,NA,NA,NA
"TER-NFSB-TE48",2025-03-23,NA,NA,NA
"TER-NFSB-TE48",2025-03-24,NA,NA,NA
"TER-NFSB-TE48",2025-03-25,NA,NA,NA
"TER-NFSB-TE48",2025-03-26,NA,NA,NA
"TER-NFSB-TE48",2025-03-27,NA,NA,NA
"TER-NFSB-TE48",2025-03-28,NA,NA,NA
"TER-NFSB-TE48",2025-03-29,NA,NA,NA
"TER-NFSB-TE48",2025-03-30,NA,NA,NA
"TER-NFSB-TE48",2025-03-31,NA,NA,NA
"TER-NFSB-TE48",2025-04-01,NA,NA,NA
"TER-NFSB-TE48",2025-04-02,NA,NA,NA
"TER-NFSB-TE48",2025-04-03,NA,NA,NA
"TER-NFSB-TE48",2025-04-04,NA,NA,NA
"TER-NFSB-TE48",2025-04-05,NA,NA,NA
"TER-NFSB-TE48",2025-04-06,NA,NA,NA
"TER-NFSB-TE48",2025-04-07,NA,NA,NA
"TER-NFSB-TE48",2025-04-08,NA,NA,NA
"TER-NFSB-TE48",2025-04-09,NA,NA,NA
"TER-NFSB-TE48",2025-04-10,NA,NA,NA
"TER-NFSB-TE48",2025-04-11,NA,NA,NA
"TER-NFSB-TE48",2025-04-12,NA,NA,NA
"TER-NFSB-TE48",2025-04-13,NA,NA,NA
"TER-NFSB-TE48",2025-04-14,NA,NA,NA
"TER-NFSB-TE48",2025-04-15,NA,NA,NA
"TER-NFSB-TE48",2025-04-16,NA,NA,NA
"TER-NFSB-TE48",2025-04-17,NA,NA,NA
"TER-NFSB-TE48",2025-04-18,NA,NA,NA
"TER-NFSB-TE48",2025-04-19,NA,NA,NA
"TER-NFSB-TE48",2025-04-20,NA,NA,NA
"TER-NFSB-TE48",2025-04-21,NA,NA,NA
"TER-NFSB-TE48",2025-04-22,NA,NA,NA
"TER-NFSB-TE48",2025-04-23,NA,NA,NA
"TER-NFSB-TE48",2025-04-24,NA,NA,NA
"TER-NFSB-TE48",2025-04-25,NA,NA,NA
"TER-NFSB-TE48",2025-04-26,NA,NA,NA
"TER-NFSB-TE48",2025-04-27,NA,NA,NA
"TER-NFSB-TE48",2025-04-28,NA,NA,NA
"TER-NFSB-TE48",2025-04-29,NA,NA,NA
"TER-NFSB-TE48",2025-04-30,NA,NA,NA
"TER-NFSB-TE48",2025-05-01,NA,NA,NA
"TER-NFSB-TE48",2025-05-02,NA,NA,NA
"TER-NFSB-TE48",2025-05-03,NA,NA,NA
"TER-NFSB-TE48",2025-05-04,NA,NA,NA
"TER-NFSB-TE48",2025-05-05,NA,NA,NA
"TER-NFSB-TE48",2025-05-06,NA,NA,NA
"TER-NFSB-TE48",2025-05-07,NA,NA,NA
"TER-NFSB-TE48",2025-05-08,NA,NA,NA
"TER-NFSB-TE48",2025-05-09,NA,NA,NA
"TER-NFSB-TE48",2025-05-10,NA,NA,NA
"TER-NFSB-TE48",2025-05-11,NA,NA,NA
"TER-NFSB-TE48",2025-05-12,NA,NA,NA
"TER-NFSB-TE48",2025-05-13,NA,NA,NA
"TER-NFSB-TE48",2025-05-14,NA,NA,NA
"TER-NFSB-TE48",2025-05-15,NA,NA,NA
"TER-NFSB-TE48",2025-05-16,NA,NA,NA
"TER-NFSB-TE48",2025-05-17,NA,NA,NA
"TER-NFSB-TE48",2025-05-18,NA,NA,NA
"TER-NFSB-TE48",2025-05-19,NA,NA,NA
"TER-NFSB-TE48",2025-05-20,NA,NA,NA
"TER-NFSB-TE48",2025-05-21,NA,NA,NA
"TER-NFSB-TE48",2025-05-22,NA,NA,NA
"TER-NFSB-TE48",2025-05-23,NA,NA,NA
"TER-NFSB-TE48",2025-05-24,NA,NA,NA
"TER-NFSB-TE48",2025-05-25,NA,NA,NA
"TER-NFSB-TE48",2025-05-26,NA,NA,NA
"TER-NFSB-TE48",2025-05-27,NA,NA,NA
"TER-NFSB-TE48",2025-05-28,NA,NA,NA
"TER-NFSB-TE48",2025-05-29,NA,NA,NA
"TER-NFSB-TE48",2025-05-30,NA,NA,NA
"TER-NFSB-TE48",2025-05-31,NA,NA,NA
"TER-NFSB-TE48",2025-06-01,NA,NA,NA
"TER-NFSB-TE48",2025-06-02,NA,NA,NA
"TER-NFSB-TE48",2025-06-03,NA,NA,NA
"TER-NFSB-TE48",2025-06-04,NA,NA,NA
"TER-NFSB-TE48",2025-06-05,NA,NA,NA
"TER-NFSB-TE48",2025-06-06,NA,NA,NA
"TER-NFSB-TE48",2025-06-07,NA,NA,NA
"TER-NFSB-TE48",2025-06-08,NA,NA,NA
"TER-NFSB-TE48",2025-06-09,NA,NA,NA
"TER-NFSB-TE48",2025-06-10,NA,NA,NA
"TER-NFSB-TE48",2025-06-11,NA,NA,NA
"TER-NFSB-TE48",2025-06-12,NA,NA,NA
"TER-NFSB-TE49",2023-08-09,NA,NA,NA
"TER-NFSB-TE49",2023-08-10,NA,NA,NA
"TER-NFSB-TE49",2023-08-11,NA,NA,NA
"TER-NFSB-TE49",2023-08-12,NA,NA,NA
"TER-NFSB-TE49",2023-08-13,NA,NA,NA
"TER-NFSB-TE49",2023-08-14,NA,NA,NA
"TER-NFSB-TE49",2023-08-15,NA,NA,NA
"TER-NFSB-TE49",2023-08-16,NA,NA,NA
"TER-NFSB-TE49",2023-08-17,NA,NA,NA
"TER-NFSB-TE49",2023-08-18,NA,NA,NA
"TER-NFSB-TE49",2023-08-19,NA,NA,NA
"TER-NFSB-TE49",2023-08-20,NA,NA,NA
"TER-NFSB-TE49",2023-08-21,NA,NA,NA
"TER-NFSB-TE49",2023-08-22,NA,NA,NA
"TER-NFSB-TE49",2023-08-23,NA,NA,NA
"TER-NFSB-TE49",2023-08-24,NA,NA,NA
"TER-NFSB-TE49",2023-08-25,NA,NA,NA
"TER-NFSB-TE49",2023-08-26,NA,NA,NA
"TER-NFSB-TE49",2023-08-27,NA,NA,NA
"TER-NFSB-TE49",2023-08-28,NA,NA,NA
"TER-NFSB-TE49",2023-08-29,NA,NA,NA
"TER-NFSB-TE49",2023-08-30,NA,NA,NA
"TER-NFSB-TE49",2023-08-31,NA,NA,NA
"TER-NFSB-TE49",2023-09-01,NA,NA,NA
"TER-NFSB-TE49",2023-09-02,NA,NA,NA
"TER-NFSB-TE49",2023-09-03,NA,NA,NA
"TER-NFSB-TE49",2023-09-04,NA,NA,NA
"TER-NFSB-TE49",2023-09-05,NA,NA,NA
"TER-NFSB-TE49",2023-09-06,NA,NA,NA
"TER-NFSB-TE49",2023-09-07,NA,NA,NA
"TER-NFSB-TE49",2023-09-08,NA,NA,NA
"TER-NFSB-TE49",2023-09-09,NA,NA,NA
"TER-NFSB-TE49",2023-09-10,NA,NA,NA
"TER-NFSB-TE49",2023-09-11,NA,NA,NA
"TER-NFSB-TE49",2023-09-12,0.162050285390863,0.306762042032563,0.101238686895645
"TER-NFSB-TE49",2023-09-13,0.133485755215929,0.156528839739359,0.00223298071862797
"TER-NFSB-TE49",2023-09-14,0.109079123981451,0.00864452842507937,0
"TER-NFSB-TE49",2023-09-15,0.06029930442784,0,0
"TER-NFSB-TE49",2023-09-16,0.0586147572601803,0.136271717267207,0.0718281173576345
"TER-NFSB-TE49",2023-09-17,0.0624973561864189,0.0821883795289833,0.0117785008811885
"TER-NFSB-TE49",2023-09-18,0.0738636964582034,0.220828123972467,0.104740912213866
"TER-NFSB-TE49",2023-09-19,0.0954182095653267,0.0443976340371738,0.00277568467127036
"TER-NFSB-TE49",2023-09-20,0.11627045852117,0,0
"TER-NFSB-TE49",2023-09-21,0.0815800008574925,0.0278054879563345,0
"TER-NFSB-TE49",2023-09-22,0.100082709693009,0.260684342022317,0.230541746147609
"TER-NFSB-TE49",2023-09-23,0.122159346003764,0.0541914406467933,0
"TER-NFSB-TE49",2023-09-24,0.10252199623638,0.181125769070667,0.0207868164837534
"TER-NFSB-TE49",2023-09-25,0.103706379671823,0.119852475231447,0.0164180463232678
"TER-NFSB-TE49",2023-09-26,0.10975655119634,0,0
"TER-NFSB-TE49",2023-09-27,0.112236985211074,0,0
"TER-NFSB-TE49",2023-09-28,0.114136782825264,0,0
"TER-NFSB-TE49",2023-09-29,0.125589085829634,0,0
"TER-NFSB-TE49",2023-09-30,0.104897223705911,0.00180067964853539,0
"TER-NFSB-TE49",2023-10-01,0.0940376753281298,0.0636728968616877,0
"TER-NFSB-TE49",2023-10-02,0.0858283559158091,0.00256884076121588,0
"TER-NFSB-TE49",2023-10-03,0.0920881567058532,0.013393132611429,0.000430060758111798
"TER-NFSB-TE49",2023-10-04,0.120830532162312,0,0
"TER-NFSB-TE49",2023-10-05,0.120409009619832,0,0
"TER-NFSB-TE49",2023-10-06,0.10107726029285,0,0
"TER-NFSB-TE49",2023-10-07,0.0862103906848536,0,0
"TER-NFSB-TE49",2023-10-08,0.090419012179583,0,0
"TER-NFSB-TE49",2023-10-09,0.0933395195596624,0,0
"TER-NFSB-TE49",2023-10-10,0.0981682582594637,0,0
"TER-NFSB-TE49",2023-10-11,0.0957014815515448,0,0
"TER-NFSB-TE49",2023-10-12,0.0935857715870542,0,0
"TER-NFSB-TE49",2023-10-13,0.0906261063796755,0,0
"TER-NFSB-TE49",2023-10-14,0.0981119544349654,0,0
"TER-NFSB-TE49",2023-10-15,0.118202455130441,0,0
"TER-NFSB-TE49",2023-10-16,0.0972108747032876,0,0
"TER-NFSB-TE49",2023-10-17,0.096114629221604,0,0
"TER-NFSB-TE49",2023-10-18,0.107462748135337,0,0
"TER-NFSB-TE49",2023-10-19,NA,0,0
"TER-NFSB-TE49",2023-10-20,0.108562069295328,0,0
"TER-NFSB-TE49",2023-10-21,0.0878130349992395,0,0
"TER-NFSB-TE49",2023-10-22,0.075905573786972,0,0
"TER-NFSB-TE49",2023-10-23,0.0818862685541589,0,0
"TER-NFSB-TE49",2023-10-24,0.0698978076360293,0,0
"TER-NFSB-TE49",2023-10-25,NA,0,0
"TER-NFSB-TE49",2023-10-26,NA,0,0
"TER-NFSB-TE49",2023-10-27,NA,0,0
"TER-NFSB-TE49",2023-10-28,NA,0,0
"TER-NFSB-TE49",2023-10-29,NA,0,0
"TER-NFSB-TE49",2023-10-30,NA,0,0
"TER-NFSB-TE49",2023-10-31,NA,0,0
"TER-NFSB-TE49",2023-11-01,NA,0,0
"TER-NFSB-TE49",2023-11-02,NA,0.00172010459111568,0.0224879960478428
"TER-NFSB-TE49",2023-11-03,NA,0,0.00593730059369715
"TER-NFSB-TE49",2023-11-04,NA,0.014854977920695,0
"TER-NFSB-TE49",2023-11-05,NA,0,0
"TER-NFSB-TE49",2023-11-06,NA,0,0
"TER-NFSB-TE49",2023-11-07,NA,0,0
"TER-NFSB-TE49",2023-11-08,NA,0,0
"TER-NFSB-TE49",2023-11-09,NA,0,0
"TER-NFSB-TE49",2023-11-10,NA,0,0
"TER-NFSB-TE49",2023-11-11,NA,0.0605753120803272,0
"TER-NFSB-TE49",2023-11-12,NA,0.0631608721057534,0
"TER-NFSB-TE49",2023-11-13,NA,0.0537764291751181,0
"TER-NFSB-TE49",2023-11-14,NA,0.0673692077959017,0
"TER-NFSB-TE49",2023-11-15,NA,0.0693808498679313,0
"TER-NFSB-TE49",2023-11-16,NA,0.0686920764186318,0
"TER-NFSB-TE49",2023-11-17,NA,0.0629053629040019,0
"TER-NFSB-TE49",2023-11-18,NA,0.0612587064568203,0
"TER-NFSB-TE49",2023-11-19,NA,0.0556121039285089,0
"TER-NFSB-TE49",2023-11-20,NA,0.0609634725146314,0
"TER-NFSB-TE49",2023-11-21,NA,0.0726303818645875,0
"TER-NFSB-TE49",2023-11-22,NA,0.0671912439027574,0
"TER-NFSB-TE49",2023-11-23,NA,0.066829557238093,0
"TER-NFSB-TE49",2023-11-24,NA,0.0812046086376541,0
"TER-NFSB-TE49",2023-11-25,NA,0.0859912953109411,0
"TER-NFSB-TE49",2023-11-26,NA,0.0839503714128927,0
"TER-NFSB-TE49",2023-11-27,NA,0.0743651123501528,0
"TER-NFSB-TE49",2023-11-28,NA,0.072271117290919,0
"TER-NFSB-TE49",2023-11-29,NA,0.0674749034047588,0
"TER-NFSB-TE49",2023-11-30,NA,0.0506343892146896,0
"TER-NFSB-TE49",2023-12-01,NA,0.0510523738601569,0
"TER-NFSB-TE49",2023-12-02,NA,0.0489750837011318,0
"TER-NFSB-TE49",2023-12-03,NA,0.0362765487227153,0
"TER-NFSB-TE49",2023-12-04,NA,0.0166641513652968,0.0158871550513395
"TER-NFSB-TE49",2023-12-05,NA,0.0144103449536577,0
"TER-NFSB-TE49",2023-12-06,NA,0.0251484756430006,0
"TER-NFSB-TE49",2023-12-07,NA,NA,0
"TER-NFSB-TE49",2023-12-08,NA,NA,NA
"TER-NFSB-TE49",2023-12-09,0.0832074643437192,0.295482298786352,0
"TER-NFSB-TE49",2023-12-10,0.0714610781188757,0.134945469936176,0
"TER-NFSB-TE49",2023-12-11,0.0618076748507164,0.00122419653478315,0
"TER-NFSB-TE49",2023-12-12,0.0545011928276587,0.0097778637018799,0
"TER-NFSB-TE49",2023-12-13,0.0532608614510934,0.12753457856398,0
"TER-NFSB-TE49",2023-12-14,0.0579609934052595,0.0813950420550675,0
"TER-NFSB-TE49",2023-12-15,0.0824128465215654,0.22058073644773,0
"TER-NFSB-TE49",2023-12-16,0.0952375946271695,0.0443976340371738,0
"TER-NFSB-TE49",2023-12-17,0.08841604017274,0,0
"TER-NFSB-TE49",2023-12-18,0.0767901219882607,0.0278054879563345,0
"TER-NFSB-TE49",2023-12-19,0.0591287291374876,0.260684342022317,0
"TER-NFSB-TE49",2023-12-20,0.0660008552518356,0.0541914406467933,0
"TER-NFSB-TE49",2023-12-21,0.0591489325226793,0.181125769070667,0
"TER-NFSB-TE49",2023-12-22,0.0542716523453668,0.119852475231447,0.00734663776993481
"TER-NFSB-TE49",2023-12-23,0.0570551041486498,0,0.0167592337739672
"TER-NFSB-TE49",2023-12-24,0.0606440235420267,0,0
"TER-NFSB-TE49",2023-12-25,0.0705508968701498,0,0
"TER-NFSB-TE49",2023-12-26,0.061140104855439,0,0
"TER-NFSB-TE49",2023-12-27,0.0507826129059031,0.00180067964853539,0
"TER-NFSB-TE49",2023-12-28,0.0566737980263403,0.0636728968616877,0
"TER-NFSB-TE49",2023-12-29,NA,0.00256884076121588,0
"TER-NFSB-TE49",2023-12-30,NA,0.013393132611429,0
"TER-NFSB-TE49",2023-12-31,NA,0,0
"TER-NFSB-TE49",2024-01-01,NA,0,0
"TER-NFSB-TE49",2024-01-02,NA,0,0
"TER-NFSB-TE49",2024-01-03,NA,0,0
"TER-NFSB-TE49",2024-01-04,NA,0,0
"TER-NFSB-TE49",2024-01-05,NA,0,0
"TER-NFSB-TE49",2024-01-06,NA,0,0
"TER-NFSB-TE49",2024-01-07,NA,0,0
"TER-NFSB-TE49",2024-01-08,NA,0,0
"TER-NFSB-TE49",2024-01-09,NA,0,0
"TER-NFSB-TE49",2024-01-10,NA,0,0
"TER-NFSB-TE49",2024-01-11,NA,0,0
"TER-NFSB-TE49",2024-01-12,NA,0,0
"TER-NFSB-TE49",2024-01-13,NA,0,0
"TER-NFSB-TE49",2024-01-14,NA,0,NA
"TER-NFSB-TE49",2024-01-15,NA,0,NA
"TER-NFSB-TE49",2024-01-16,NA,0,NA
"TER-NFSB-TE49",2024-01-17,NA,0,NA
"TER-NFSB-TE49",2024-01-18,NA,0,NA
"TER-NFSB-TE49",2024-01-19,NA,0,NA
"TER-NFSB-TE49",2024-01-20,NA,0,NA
"TER-NFSB-TE49",2024-01-21,NA,0,NA
"TER-NFSB-TE49",2024-01-22,NA,0,NA
"TER-NFSB-TE49",2024-01-23,NA,0,NA
"TER-NFSB-TE49",2024-01-24,NA,0,NA
"TER-NFSB-TE49",2024-01-25,NA,0,NA
"TER-NFSB-TE49",2024-01-26,NA,0,NA
"TER-NFSB-TE49",2024-01-27,NA,0,NA
"TER-NFSB-TE49",2024-01-28,NA,0,NA
"TER-NFSB-TE49",2024-01-29,NA,0.00172010459111568,NA
"TER-NFSB-TE49",2024-01-30,NA,0,NA
"TER-NFSB-TE49",2024-01-31,NA,0.014854977920695,NA
"TER-NFSB-TE49",2024-02-01,NA,0,NA
"TER-NFSB-TE49",2024-02-02,NA,0,NA
"TER-NFSB-TE49",2024-02-03,NA,0,NA
"TER-NFSB-TE49",2024-02-04,NA,0,NA
"TER-NFSB-TE49",2024-02-05,NA,0,NA
"TER-NFSB-TE49",2024-02-06,NA,0.00721001187198009,NA
"TER-NFSB-TE49",2024-02-07,NA,0.068002196251798,NA
"TER-NFSB-TE49",2024-02-08,NA,0.0693776676902204,NA
"TER-NFSB-TE49",2024-02-09,NA,0.052641205692355,NA
"TER-NFSB-TE49",2024-02-10,NA,0.0718033173294747,NA
"TER-NFSB-TE49",2024-02-11,NA,0.0678769703161655,NA
"TER-NFSB-TE49",2024-02-12,NA,0.0681713627938289,NA
"TER-NFSB-TE49",2024-02-13,NA,0.0605084762739726,NA
"TER-NFSB-TE49",2024-02-14,NA,NA,NA
"TER-NFSB-TE49",2024-02-15,0,NA,0.000856782614653251
"TER-NFSB-TE49",2024-02-16,0,NA,0
"TER-NFSB-TE49",2024-02-17,0,NA,0.0730438166024802
"TER-NFSB-TE49",2024-02-18,0,NA,0.231227174115732
"TER-NFSB-TE49",2024-02-19,0,NA,0.100735064531712
"TER-NFSB-TE49",2024-02-20,0,NA,0.0320120796207989
"TER-NFSB-TE49",2024-02-21,NA,NA,NA
"TER-NFSB-TE49",2024-02-22,0,NA,0.00162760220725833
"TER-NFSB-TE49",2024-02-23,0,NA,0.088691635844207
"TER-NFSB-TE49",2024-02-24,0,NA,0.103159181046142
"TER-NFSB-TE49",2024-02-25,0,NA,0
"TER-NFSB-TE49",2024-02-26,0,NA,0.00897400281557182
"TER-NFSB-TE49",2024-02-27,0,NA,0.0390517586665228
"TER-NFSB-TE49",2024-02-28,0,NA,0.0552383840857964
"TER-NFSB-TE49",2024-02-29,0,NA,0.0129385034645853
"TER-NFSB-TE49",2024-03-01,0,NA,0.0402704396443491
"TER-NFSB-TE49",2024-03-02,0,NA,0.0267393798974796
"TER-NFSB-TE49",2024-03-03,0,NA,0
"TER-NFSB-TE49",2024-03-04,NA,NA,NA
"TER-NFSB-TE49",2024-03-05,0,0.0142275890795573,0
"TER-NFSB-TE49",2024-03-06,0,0.00297299759364768,0
"TER-NFSB-TE49",2024-03-07,0,0.00220050030911243,0
"TER-NFSB-TE49",2024-03-08,0,0.00438179045597939,0
"TER-NFSB-TE49",2024-03-09,0,0.00229404631713869,0
"TER-NFSB-TE49",2024-03-10,0,0.0127469382099791,0
"TER-NFSB-TE49",2024-03-11,0,0.00176723782030838,0
"TER-NFSB-TE49",2024-03-12,0,0.0100575451354934,0
"TER-NFSB-TE49",2024-03-13,0,0.0159153117065754,0.0005941884412532
"TER-NFSB-TE49",2024-03-14,0,0.00574429874007037,0
"TER-NFSB-TE49",2024-03-15,0,0.00232390990413617,0
"TER-NFSB-TE49",2024-03-16,0,0.0231098415936378,0.0125881500358377
"TER-NFSB-TE49",2024-03-17,NA,NA,NA
"TER-NFSB-TE49",2024-03-18,0,0.00158001397522807,0
"TER-NFSB-TE49",2024-03-19,0,0.0199087170088137,0.0175164976232873
"TER-NFSB-TE49",2024-03-20,0,0.0854583716428696,0.0814444123036646
"TER-NFSB-TE49",2024-03-21,0,0.0506095679391421,0.034524778648899
"TER-NFSB-TE49",2024-03-22,0,0.0123715342819603,0
"TER-NFSB-TE49",2024-03-23,0,0.0068207887236108,0.000223508435394696
"TER-NFSB-TE49",2024-03-24,0,0.013398127958108,0.00193157758250291
"TER-NFSB-TE49",2024-03-25,0,0.000194842833768514,0
"TER-NFSB-TE49",2024-03-26,0,0,0
"TER-NFSB-TE49",2024-03-27,0,0.00101548760712036,0
"TER-NFSB-TE49",2024-03-28,0,0.00172556768891737,0
"TER-NFSB-TE49",2024-03-29,0,0,0
"TER-NFSB-TE49",2024-03-30,0,0.000208741593155589,0
"TER-NFSB-TE49",2024-03-31,0,0.0201610179692039,0.0133680664194382
"TER-NFSB-TE49",2024-04-01,0,0.00652985965350411,0.00111347328755729
"TER-NFSB-TE49",2024-04-02,0,0.000511664698100323,0
"TER-NFSB-TE49",2024-04-03,NA,NA,NA
"TER-NFSB-TE49",2024-04-04,0,NA,0.000208741593155589
"TER-NFSB-TE49",2024-04-05,0,NA,0
"TER-NFSB-TE49",2024-04-06,0,NA,0.0128659745885048
"TER-NFSB-TE49",2024-04-07,0,NA,0.000264530150276443
"TER-NFSB-TE49",2024-04-08,0,NA,0.00260192979254793
"TER-NFSB-TE49",2024-04-09,0,NA,0.00082968532215159
"TER-NFSB-TE49",2024-04-10,0,NA,0
"TER-NFSB-TE49",2024-04-11,0,NA,0.00354586626270727
"TER-NFSB-TE49",2024-04-12,0,NA,0.0434911482835657
"TER-NFSB-TE49",2024-04-13,0,NA,0
"TER-NFSB-TE49",2024-04-14,0,NA,0
"TER-NFSB-TE49",2024-04-15,0,NA,0
"TER-NFSB-TE49",2024-04-16,0,NA,0.000282710582008302
"TER-NFSB-TE49",2024-04-17,0,NA,0.00114033823952711
"TER-NFSB-TE49",2024-04-18,0,NA,0.00524237609104455
"TER-NFSB-TE49",2024-04-19,0,NA,0.00540383395923143
"TER-NFSB-TE49",2024-04-20,0,NA,0.0690815032045142
"TER-NFSB-TE49",2024-04-21,0,NA,0.0297184665615444
"TER-NFSB-TE49",2024-04-22,0,NA,0.0194307741246921
"TER-NFSB-TE49",2024-04-23,0,NA,0.00261051029785932
"TER-NFSB-TE49",2024-04-24,0,NA,0.00442042329078332
"TER-NFSB-TE49",2024-04-25,0.00137608367289255,NA,0.0258694416343756
"TER-NFSB-TE49",2024-04-26,0,NA,0.00481372984162485
"TER-NFSB-TE49",2024-04-27,0,NA,0.0403382568094734
"TER-NFSB-TE49",2024-04-28,0.00527409862975886,NA,0.115499186541795
"TER-NFSB-TE49",2024-04-29,0.0512984656385412,NA,0.160742768199493
"TER-NFSB-TE49",2024-04-30,0.0572417916972184,NA,0.269951708653964
"TER-NFSB-TE49",2024-05-01,0.000565421164016603,NA,0.0756742126063508
"TER-NFSB-TE49",2024-05-02,0,NA,0.0128528668989577
"TER-NFSB-TE49",2024-05-03,0,NA,0.0236813028827828
"TER-NFSB-TE49",2024-05-04,0.00242243598906979,NA,0.0333794007429447
"TER-NFSB-TE49",2024-05-05,0.0392987145711587,NA,0.259056804292454
"TER-NFSB-TE49",2024-05-06,0,NA,0.0196640904440951
"TER-NFSB-TE49",2024-05-07,0,NA,0.0193218606250287
"TER-NFSB-TE49",2024-05-08,0,NA,0.0177260364005658
"TER-NFSB-TE49",2024-05-09,0.00428502471641371,NA,0.0621753902623564
"TER-NFSB-TE49",2024-05-10,0.0164844690073222,NA,0.215606112155399
"TER-NFSB-TE49",2024-05-11,0.111584952542875,NA,0.211318442050559
"TER-NFSB-TE49",2024-05-12,0.0643130202310408,NA,0.153637461293853
"TER-NFSB-TE49",2024-05-13,NA,NA,NA
"TER-NFSB-TE49",2024-05-14,0.0246693262161306,0.0627193265127561,0.0875847300056444
"TER-NFSB-TE49",2024-05-15,0.0131815337670462,0.015828848992452,0.0370755288995743
"TER-NFSB-TE49",2024-05-16,0.00198928808422372,0.000820462110214928,0.0258167610509351
"TER-NFSB-TE49",2024-05-17,0.0140724828570132,0.0238574066874397,0.0477613381896786
"TER-NFSB-TE49",2024-05-18,0.0360529923460696,0.118020716347914,0.156670527039145
"TER-NFSB-TE49",2024-05-19,0.10387734092185,0.249309535823235,0.255103201990825
"TER-NFSB-TE49",2024-05-20,0.0440138156108095,0.0720266203550547,0.113647470975807
"TER-NFSB-TE49",2024-05-21,0.0400321829707099,0.0855688660535622,0.132729676085785
"TER-NFSB-TE49",2024-05-22,0.0188255066286827,0.0340779425151091,0.0765684023640592
"TER-NFSB-TE49",2024-05-23,0,0,0.00799270951521708
"TER-NFSB-TE49",2024-05-24,0.00497462598785881,0,0.0139499808016694
"TER-NFSB-TE49",2024-05-25,0.0471664433835619,0.0675600898145985,0.0839224670408635
"TER-NFSB-TE49",2024-05-26,0.120871448796942,0.248679098679229,0.256108924897601
"TER-NFSB-TE49",2024-05-27,0.0724558967629734,0.206158304232464,0.187759382154606
"TER-NFSB-TE49",2024-05-28,0.0616585416279185,0.0786802586147993,0.113991007658329
"TER-NFSB-TE49",2024-05-29,0,0,0.016077198832281
"TER-NFSB-TE49",2024-05-30,0.0673028884645844,0.0520128584989651,0.0916572145207153
"TER-NFSB-TE49",2024-05-31,0.00736074248038465,0.00339311620374126,0.0228963548675606
"TER-NFSB-TE49",2024-06-01,0.0338897625972351,0.0578737256404538,0.0858227853824633
"TER-NFSB-TE49",2024-06-02,0.0189521029118782,0.0105951769862133,0.0625288237416982
"TER-NFSB-TE49",2024-06-03,0.013786789812823,0.0162292303243017,0.0342127375055166
"TER-NFSB-TE49",2024-06-04,0.0517486028177568,0.138025400724167,0.107577733201593
"TER-NFSB-TE49",2024-06-05,0.00364469005420569,0.0110086693831404,0.0594160815557315
"TER-NFSB-TE49",2024-06-06,0.0145478390460844,0.00482622686351468,0.0278663478199018
"TER-NFSB-TE49",2024-06-07,0.0126373874007125,0.0360470234727949,0.0526350116962477
"TER-NFSB-TE49",2024-06-08,0.0223456371608477,0.0695108742221386,0.107898498153201
"TER-NFSB-TE49",2024-06-09,0.0276177773765807,0.0679837572141952,0.109937037317517
"TER-NFSB-TE49",2024-06-10,0.0405137199334735,0.077725325254868,0.113067814973863
"TER-NFSB-TE49",2024-06-11,0.0625774459250143,0.115462220741786,0.162920591480231
"TER-NFSB-TE49",2024-06-12,0.288811907642814,0.428300017435011,NA
"TER-NFSB-TE49",2024-06-13,0.0245805839957984,0,0.047621543975277
"TER-NFSB-TE49",2024-06-14,0.0197671797757507,0.0207089302519165,0.0719087536920807
"TER-NFSB-TE49",2024-06-15,0.212482223786614,0.576088095030661,0.575889512785031
"TER-NFSB-TE49",2024-06-16,0.0427815935030717,0.00940289024453066,0.0655848295395723
"TER-NFSB-TE49",2024-06-17,0.0237144433343764,0.00595129345714228,0.0269949649902087
"TER-NFSB-TE49",2024-06-18,0.0508126153206351,0.0429810977714567,0.0734376907087803
"TER-NFSB-TE49",2024-06-19,0.0612006388204695,0.142239382685603,0.1475459826129
"TER-NFSB-TE49",2024-06-20,0.166531547941938,0.265605740325337,0.324953600186007
"TER-NFSB-TE49",2024-06-21,0.196237426990298,0.427045425399498,0.365162278954785
"TER-NFSB-TE49",2024-06-22,0.063228019318633,0.0664397801668294,0.137847869904099
"TER-NFSB-TE49",2024-06-23,0.061500132377706,0.0703410509876164,0.117425636509616
"TER-NFSB-TE49",2024-06-24,0.015813170322816,0.00631066348247198,0.041440800322955
"TER-NFSB-TE49",2024-06-25,0.0515360111479826,0.0819264894248934,0.107486377113089
"TER-NFSB-TE49",2024-06-26,0.252579828902318,0.294545903927224,0.277124122939396
"TER-NFSB-TE49",2024-06-27,0.0556793622320039,0.0182982655590124,0.0573985881212901
"TER-NFSB-TE49",2024-06-28,0.045171483957425,0.0526178716959434,0.0751262012412702
"TER-NFSB-TE49",2024-06-29,0.0295669821306674,0.0257612334784733,0.0545568137324822
"TER-NFSB-TE49",2024-06-30,0.0102312325616213,0.000355301623841986,0.0193086519252866
"TER-NFSB-TE49",2024-07-01,0.070287095800439,0.118578073617987,0.206515312866981
"TER-NFSB-TE49",2024-07-02,0.0674101924309543,0.10943692511531,0.157222751577831
"TER-NFSB-TE49",2024-07-03,0.0939270059681364,0.0907619229378353,0.1183972533952
"TER-NFSB-TE49",2024-07-04,0.240337141184083,0.209604806052992,0.217798737500364
"TER-NFSB-TE49",2024-07-05,0.247102160058693,0.351606163553527,0.302257574608748
"TER-NFSB-TE49",2024-07-06,0.0738383314248977,0.0416625360813918,0.073354685404171
"TER-NFSB-TE49",2024-07-07,0.0590089734706944,0.0463685713777702,0.0654286817173332
"TER-NFSB-TE49",2024-07-08,0.0182630678783356,0,0.0175472017219546
"TER-NFSB-TE49",2024-07-09,0.00990992744985148,0,0.0148325836448653
"TER-NFSB-TE49",2024-07-10,0.00727197989652703,0.0114648056447001,0.0177931693837337
"TER-NFSB-TE49",2024-07-11,0.0164685152471015,0.142462859657993,0.0765657840963578
"TER-NFSB-TE49",2024-07-12,0.0189222243462853,0.0348856799141151,0.0334591801221606
"TER-NFSB-TE49",2024-07-13,0.00882231718979132,0.0140379699083893,0.0280092515107056
"TER-NFSB-TE49",2024-07-14,0.0292926612785829,0.133809549629457,0.145931157871887
"TER-NFSB-TE49",2024-07-15,0.0240171393448078,0.0287931063749154,0.0436220662697234
"TER-NFSB-TE49",2024-07-16,0.0459705566840024,0.0268704365801117,0.039895177862306
"TER-NFSB-TE49",2024-07-17,0.00939093025333991,0.00341194221549215,0.00421874189843655
"TER-NFSB-TE49",2024-07-18,0.00486822952779562,0.0182986431944867,0.0167440166342365
"TER-NFSB-TE49",2024-07-19,0.128951258240782,0.342778569147186,0.344830949861959
"TER-NFSB-TE49",2024-07-20,0.156459567240926,0.206566724716514,0.226731794039333
"TER-NFSB-TE49",2024-07-21,0.205091997361617,0.206763758600994,0.259361901156748
"TER-NFSB-TE49",2024-07-22,0.170440734667548,0.224433151364736,0.255566242915054
"TER-NFSB-TE49",2024-07-23,0.126879439543678,0.140240268976582,0.142040710090222
"TER-NFSB-TE49",2024-07-24,0.130750656130868,0.254303562276047,0.259619304186764
"TER-NFSB-TE49",2024-07-25,0.171672873194011,0.372842798719609,0.342842599018872
"TER-NFSB-TE49",2024-07-26,0.114852722591027,0.124934949671163,0.120777140442595
"TER-NFSB-TE49",2024-07-27,0.0937709093107251,0.0988857454238231,0.113351029067264
"TER-NFSB-TE49",2024-07-28,0.0996239477550497,0.173161886006389,0.18585165175269
"TER-NFSB-TE49",2024-07-29,0.115832024371226,0.177304489144222,0.20974419288278
"TER-NFSB-TE49",2024-07-30,0.0509950638066914,0.074673764271822,0.0714413634109106
"TER-NFSB-TE49",2024-07-31,0.0437378257578737,0.0242142042034304,0.0606232819354
"TER-NFSB-TE49",2024-08-01,0.217436092156888,0.215558414439337,0.23022097294491
"TER-NFSB-TE49",2024-08-02,0.145880191130566,0.161464603902979,0.183461193767885
"TER-NFSB-TE49",2024-08-03,0.164694831594038,0.28432028204182,0.295422760825168
"TER-NFSB-TE49",2024-08-04,0.241771090598921,0.344172793605127,0.349400403428603
"TER-NFSB-TE49",2024-08-05,0.211325364491695,0.271997443564093,0.283020415272844
"TER-NFSB-TE49",2024-08-06,0.0741476543771336,0.0727244088969298,0.10132494521146
"TER-NFSB-TE49",2024-08-07,0.157033852263028,0.248549256010517,0.179332636360974
"TER-NFSB-TE49",2024-08-08,0.28028054249518,0.423110865489557,0.37542866803227
"TER-NFSB-TE49",2024-08-09,0.197071348989866,0.387538699178029,0.317842014188378
"TER-NFSB-TE49",2024-08-10,0.132226895559271,0.136983662214176,0.137187415617904
"TER-NFSB-TE49",2024-08-11,0.0583262061462211,0.0315286238425106,0.0461489521706458
"TER-NFSB-TE49",2024-08-12,0.138559227713761,0.203353428316672,0.210352814639551
"TER-NFSB-TE49",2024-08-13,0.104759154873733,0.124521813559099,0.114047263138403
"TER-NFSB-TE49",2024-08-14,0.265623421239137,0.447119302272475,0.377329156884984
"TER-NFSB-TE49",2024-08-15,0.257195994813225,0.297600215514032,0.282102400606996
"TER-NFSB-TE49",2024-08-16,0.249982331708276,0.305819098927777,0.275335217117711
"TER-NFSB-TE49",2024-08-17,0.235927172732587,0.403414158047106,0.274264480168148
"TER-NFSB-TE49",2024-08-18,0.197809231252092,0.43252428865388,0.33604348093958
"TER-NFSB-TE49",2024-08-19,0.369435952180508,0.448002269482016,0.332159489236306
"TER-NFSB-TE49",2024-08-20,0.0881292708941042,0.122831859090707,0.107492995623245
"TER-NFSB-TE49",2024-08-21,0.163336501313163,0.220459548815626,0.240583134536516
"TER-NFSB-TE49",2024-08-22,0.290779802434605,0.603543427551211,0.476367862968868
"TER-NFSB-TE49",2024-08-23,0.0864994570764358,0.0835471126767999,0.0829846897625387
"TER-NFSB-TE49",2024-08-24,0.0898355436193435,0.0898094800966899,0.0737058246660733
"TER-NFSB-TE49",2024-08-25,0.15767089208835,0.512006393820055,0.402786959302879
"TER-NFSB-TE49",2024-08-26,0.0897180734335934,0.122944269547831,0.117882259954015
"TER-NFSB-TE49",2024-08-27,0.0782114846977169,0.0607940098264397,0.0681563671735252
"TER-NFSB-TE49",2024-08-28,0.142983214600251,0.309820293395996,0.199589358186155
"TER-NFSB-TE49",2024-08-29,0.136150831318112,0.309539998676715,0.211186452875806
"TER-NFSB-TE49",2024-08-30,0.180509329478832,0.472341383347433,0.349494276178287
"TER-NFSB-TE49",2024-08-31,0.151619349446365,0.337972717958886,0.217008911661818
"TER-NFSB-TE49",2024-09-01,0.0620512483977128,0.0421499664437286,0.0567718392779664
"TER-NFSB-TE49",2024-09-02,0.0610945064129875,0.0668632163953947,0.0880766130216488
"TER-NFSB-TE49",2024-09-03,0.102920239082426,0.1639709716241,0.170651212247823
"TER-NFSB-TE49",2024-09-04,0.106253218003164,0.153529161257273,0.167057299242491
"TER-NFSB-TE49",2024-09-05,0.110977468292728,0.193465344214348,0.161232736284453
"TER-NFSB-TE49",2024-09-06,0.108319990882447,0.155340305035656,0.157393451139162
"TER-NFSB-TE49",2024-09-07,0.0589599195070672,0.0635839471095368,0.0737665701633949
"TER-NFSB-TE49",2024-09-08,0.0299442445412324,0.0161745783446515,0.0305474745882554
"TER-NFSB-TE49",2024-09-09,0.0304433315229185,0.00906950315544873,0.0188284674493021
"TER-NFSB-TE49",2024-09-10,0.00893646317669265,0.0243601785972401,0.026856653146044
"TER-NFSB-TE49",2024-09-11,0.0155154252057077,0.0407489291038457,0.052211868744772
"TER-NFSB-TE49",2024-09-12,0.0881644991308001,0.290490520136675,0.304073986922686
"TER-NFSB-TE49",2024-09-13,0.108705037977363,0.197399262861535,0.275677767154823
"TER-NFSB-TE49",2024-09-14,0.0811337509900402,0.0969590695374328,0.132804885155886
"TER-NFSB-TE49",2024-09-15,0.114902286255881,0.244426838073958,0.321655316162289
"TER-NFSB-TE49",2024-09-16,0.0287817137225247,0.0343196799846905,0.0405644712508883
"TER-NFSB-TE49",2024-09-17,0.0104806599574003,0.0182831390085972,0.0369762359000998
"TER-NFSB-TE49",2024-09-18,0.0122626620122763,0.0467988631753374,0.0874495100872345
"TER-NFSB-TE49",2024-09-19,0.00137608367289253,0.025556986818446,0.0385288479153217
"TER-NFSB-TE49",2024-09-20,0.00342673393462154,0.00991690670251188,0.0235260965502536
"TER-NFSB-TE49",2024-09-21,0.0136774418326135,0.120055644378756,0.19942361084112
"TER-NFSB-TE49",2024-09-22,0.0177965126607735,0.0746289495279959,0.103778328934972
"TER-NFSB-TE49",2024-09-23,0.020786961502137,0.122461956764831,0.165491326714328
"TER-NFSB-TE49",2024-09-24,0.012553005713945,0.0299140883328622,0.0449338775988442
"TER-NFSB-TE49",2024-09-25,0.00131761399554193,0.00137401345009653,0.00659072474845926
"TER-NFSB-TE49",2024-09-26,0.00340983416749769,0.0139226443370238,0.0634643161985227
"TER-NFSB-TE49",2024-09-27,0.00705142021983753,0.00621516324870718,0.0337924995900568
"TER-NFSB-TE49",2024-09-28,0.00234910052437073,0.000416717871759886,0.00864742689528395
"TER-NFSB-TE49",2024-09-29,0,0,0
"TER-NFSB-TE49",2024-09-30,0.00572947551928354,0,0.00448120435565672
"TER-NFSB-TE49",2024-10-01,0.00732715110231944,0,0.00183149697507082
"TER-NFSB-TE49",2024-10-02,0.00226117596873324,0,0
"TER-NFSB-TE49",2024-10-03,0.000873837376826865,0,0.000915748487535401
"TER-NFSB-TE49",2024-10-04,0,0,0
"TER-NFSB-TE49",2024-10-05,0,0.000745747467417923,0.0036819888482619
"TER-NFSB-TE49",2024-10-06,0.0286341736798437,0.00161199773966456,0.000624087851370992
"TER-NFSB-TE49",2024-10-07,0.0507999508611007,0.00563349982125744,0.039235770609829
"TER-NFSB-TE49",2024-10-08,0.0637449884673304,0,NA
"TER-NFSB-TE49",2024-10-09,0.0586015910823303,0,NA
"TER-NFSB-TE49",2024-10-10,0.0546998263673238,0,NA
"TER-NFSB-TE49",2024-10-11,0.0325297293261512,0.0255513708782223,NA
"TER-NFSB-TE49",2024-10-12,0.0401680093299882,0.0437603453440752,NA
"TER-NFSB-TE49",2024-10-13,0.0651245169798586,0.0585327358139049,NA
"TER-NFSB-TE49",2024-10-14,0.0508736005790122,0.0512835896290051,NA
"TER-NFSB-TE49",2024-10-15,0.0424098735428192,0.0375603487882095,NA
"TER-NFSB-TE49",2024-10-16,0.0328904403081676,0.0264029555771539,NA
"TER-NFSB-TE49",2024-10-17,0.0371777400311022,0.0281773798432625,NA
"TER-NFSB-TE49",2024-10-18,0.0463098808895053,0.0280897887614517,NA
"TER-NFSB-TE49",2024-10-19,0.0527328407208199,0,NA
"TER-NFSB-TE49",2024-10-20,0.0343589683009485,NA,NA
"TER-NFSB-TE49",2024-10-21,0.0293815505576584,NA,NA
"TER-NFSB-TE49",2024-10-22,0.0355591689764255,NA,NA
"TER-NFSB-TE49",2024-10-23,0.0504408100791241,NA,NA
"TER-NFSB-TE49",2024-10-24,0.0254318156634274,NA,NA
"TER-NFSB-TE49",2024-10-25,NA,NA,NA
"TER-NFSB-TE49",2024-10-26,NA,NA,NA
"TER-NFSB-TE49",2024-10-27,NA,NA,NA
"TER-NFSB-TE49",2024-10-28,NA,NA,NA
"TER-NFSB-TE49",2024-10-29,NA,NA,NA
"TER-NFSB-TE49",2024-10-30,NA,NA,NA
"TER-NFSB-TE49",2024-10-31,NA,NA,NA
"TER-NFSB-TE49",2024-11-01,NA,NA,NA
"TER-NFSB-TE49",2024-11-02,NA,NA,NA
"TER-NFSB-TE49",2024-11-03,NA,NA,NA
"TER-NFSB-TE49",2024-11-04,NA,NA,NA
"TER-NFSB-TE49",2024-11-05,NA,NA,NA
"TER-NFSB-TE49",2024-11-06,NA,NA,NA
"TER-NFSB-TE49",2024-11-07,NA,NA,NA
"TER-NFSB-TE49",2024-11-08,NA,NA,NA
"TER-NFSB-TE49",2024-11-09,NA,NA,NA
"TER-NFSB-TE49",2024-11-10,NA,NA,NA
"TER-NFSB-TE49",2024-11-11,NA,NA,NA
"TER-NFSB-TE49",2024-11-12,NA,NA,NA
"TER-NFSB-TE49",2024-11-13,NA,NA,NA
"TER-NFSB-TE49",2024-11-14,NA,NA,NA
"TER-NFSB-TE49",2024-11-15,NA,NA,NA
"TER-NFSB-TE49",2024-11-16,NA,NA,NA
"TER-NFSB-TE49",2024-11-17,NA,NA,NA
"TER-NFSB-TE49",2024-11-18,NA,NA,NA
"TER-NFSB-TE49",2024-11-19,NA,NA,NA
"TER-NFSB-TE49",2024-11-20,NA,NA,NA
"TER-NFSB-TE49",2024-11-21,NA,NA,NA
"TER-NFSB-TE49",2024-11-22,NA,NA,NA
"TER-NFSB-TE49",2024-11-23,NA,NA,NA
"TER-NFSB-TE49",2024-11-24,NA,NA,NA
"TER-NFSB-TE49",2024-11-25,NA,NA,NA
"TER-NFSB-TE49",2024-11-26,NA,NA,NA
"TER-NFSB-TE49",2024-11-27,NA,NA,NA
"TER-NFSB-TE49",2024-11-28,NA,NA,NA
"TER-NFSB-TE49",2024-11-29,NA,NA,NA
"TER-NFSB-TE49",2024-11-30,NA,NA,NA
"TER-NFSB-TE49",2024-12-01,NA,NA,NA
"TER-NFSB-TE49",2024-12-02,NA,NA,NA
"TER-NFSB-TE49",2024-12-03,NA,NA,NA
"TER-NFSB-TE49",2024-12-04,NA,NA,NA
"TER-NFSB-TE49",2024-12-05,NA,NA,NA
"TER-NFSB-TE49",2024-12-06,NA,NA,NA
"TER-NFSB-TE49",2024-12-07,NA,NA,NA
"TER-NFSB-TE49",2024-12-08,NA,NA,NA
"TER-NFSB-TE49",2024-12-09,NA,NA,NA
"TER-NFSB-TE49",2024-12-10,NA,NA,NA
"TER-NFSB-TE49",2024-12-11,NA,NA,NA
"TER-NFSB-TE49",2024-12-12,NA,NA,NA
"TER-NFSB-TE49",2024-12-13,NA,NA,NA
"TER-NFSB-TE49",2024-12-14,NA,NA,NA
"TER-NFSB-TE49",2024-12-15,NA,NA,NA
"TER-NFSB-TE49",2024-12-16,NA,NA,NA
"TER-NFSB-TE49",2024-12-17,NA,NA,NA
"TER-NFSB-TE49",2024-12-18,NA,NA,NA
"TER-NFSB-TE49",2024-12-19,NA,NA,NA
"TER-NFSB-TE49",2024-12-20,NA,NA,NA
"TER-NFSB-TE49",2024-12-21,NA,NA,NA
"TER-NFSB-TE49",2024-12-22,NA,NA,NA
"TER-NFSB-TE49",2024-12-23,NA,NA,NA
"TER-NFSB-TE49",2024-12-24,NA,NA,NA
"TER-NFSB-TE49",2024-12-25,NA,NA,NA
"TER-NFSB-TE49",2024-12-26,NA,NA,NA
"TER-NFSB-TE49",2024-12-27,NA,NA,NA
"TER-NFSB-TE49",2024-12-28,NA,NA,NA
"TER-NFSB-TE49",2024-12-29,NA,NA,NA
"TER-NFSB-TE49",2024-12-30,NA,NA,NA
"TER-NFSB-TE49",2024-12-31,NA,NA,NA
"TER-NFSB-TE49",2025-01-01,NA,NA,NA
"TER-NFSB-TE49",2025-01-02,NA,NA,NA
"TER-NFSB-TE49",2025-01-03,NA,NA,NA
"TER-NFSB-TE49",2025-01-04,NA,NA,NA
"TER-NFSB-TE49",2025-01-05,NA,NA,NA
"TER-NFSB-TE49",2025-01-06,NA,NA,NA
"TER-NFSB-TE49",2025-01-07,NA,NA,NA
"TER-NFSB-TE49",2025-01-08,NA,NA,NA
"TER-NFSB-TE49",2025-01-09,NA,NA,NA
"TER-NFSB-TE49",2025-01-10,NA,NA,NA
"TER-NFSB-TE49",2025-01-11,NA,NA,NA
"TER-NFSB-TE49",2025-01-12,NA,NA,NA
"TER-NFSB-TE49",2025-01-13,NA,NA,NA
"TER-NFSB-TE49",2025-01-14,NA,NA,NA
"TER-NFSB-TE49",2025-01-15,NA,NA,NA
"TER-NFSB-TE49",2025-01-16,NA,NA,NA
"TER-NFSB-TE49",2025-01-17,NA,NA,NA
"TER-NFSB-TE49",2025-01-18,NA,NA,NA
"TER-NFSB-TE49",2025-01-19,NA,NA,NA
"TER-NFSB-TE49",2025-01-20,NA,NA,NA
"TER-NFSB-TE49",2025-01-21,NA,NA,NA
"TER-NFSB-TE49",2025-01-22,NA,NA,NA
"TER-NFSB-TE49",2025-01-23,NA,NA,NA
"TER-NFSB-TE49",2025-01-24,NA,NA,NA
"TER-NFSB-TE49",2025-01-25,NA,NA,NA
"TER-NFSB-TE49",2025-01-26,NA,NA,NA
"TER-NFSB-TE49",2025-01-27,NA,NA,NA
"TER-NFSB-TE49",2025-01-28,NA,NA,NA
"TER-NFSB-TE49",2025-01-29,NA,NA,NA
"TER-NFSB-TE49",2025-01-30,NA,NA,NA
"TER-NFSB-TE49",2025-01-31,NA,NA,NA
"TER-NFSB-TE49",2025-02-01,NA,NA,NA
"TER-NFSB-TE49",2025-02-02,NA,NA,NA
"TER-NFSB-TE49",2025-02-03,NA,NA,NA
"TER-NFSB-TE49",2025-02-04,NA,NA,NA
"TER-NFSB-TE49",2025-02-05,NA,NA,NA
"TER-NFSB-TE49",2025-02-06,NA,NA,NA
"TER-NFSB-TE49",2025-02-07,NA,NA,NA
"TER-NFSB-TE49",2025-02-08,NA,NA,NA
"TER-NFSB-TE49",2025-02-09,NA,NA,NA
"TER-NFSB-TE49",2025-02-10,NA,NA,NA
"TER-NFSB-TE49",2025-02-11,NA,NA,NA
"TER-NFSB-TE49",2025-02-12,NA,NA,NA
"TER-NFSB-TE49",2025-02-13,NA,NA,NA
"TER-NFSB-TE49",2025-02-14,NA,NA,NA
"TER-NFSB-TE49",2025-02-15,NA,NA,NA
"TER-NFSB-TE49",2025-02-16,NA,NA,NA
"TER-NFSB-TE49",2025-02-17,NA,NA,NA
"TER-NFSB-TE49",2025-02-18,NA,NA,NA
"TER-NFSB-TE49",2025-02-19,NA,NA,NA
"TER-NFSB-TE49",2025-02-20,NA,NA,NA
"TER-NFSB-TE49",2025-02-21,NA,NA,NA
"TER-NFSB-TE49",2025-02-22,NA,NA,NA
"TER-NFSB-TE49",2025-02-23,NA,NA,NA
"TER-NFSB-TE49",2025-02-24,NA,NA,NA
"TER-NFSB-TE49",2025-02-25,NA,NA,NA
"TER-NFSB-TE49",2025-02-26,NA,NA,NA
"TER-NFSB-TE49",2025-02-27,NA,NA,NA
"TER-NFSB-TE49",2025-02-28,NA,NA,NA
"TER-NFSB-TE49",2025-03-01,NA,NA,NA
"TER-NFSB-TE49",2025-03-02,NA,NA,NA
"TER-NFSB-TE49",2025-03-03,NA,NA,NA
"TER-NFSB-TE49",2025-03-04,NA,NA,NA
"TER-NFSB-TE49",2025-03-05,NA,NA,NA
"TER-NFSB-TE49",2025-03-06,NA,NA,NA
"TER-NFSB-TE49",2025-03-07,NA,NA,NA
"TER-NFSB-TE49",2025-03-08,NA,NA,NA
"TER-NFSB-TE49",2025-03-09,NA,NA,NA
"TER-NFSB-TE49",2025-03-10,NA,NA,NA
"TER-NFSB-TE49",2025-03-11,NA,NA,NA
"TER-NFSB-TE49",2025-03-12,NA,NA,NA
"TER-NFSB-TE49",2025-03-13,NA,NA,NA
"TER-NFSB-TE49",2025-03-14,NA,NA,NA
"TER-NFSB-TE49",2025-03-15,NA,NA,NA
"TER-NFSB-TE49",2025-03-16,NA,NA,NA
"TER-NFSB-TE49",2025-03-17,NA,NA,NA
"TER-NFSB-TE49",2025-03-18,NA,NA,NA
"TER-NFSB-TE49",2025-03-19,NA,NA,NA
"TER-NFSB-TE49",2025-03-20,NA,NA,NA
"TER-NFSB-TE49",2025-03-21,NA,NA,NA
"TER-NFSB-TE49",2025-03-22,NA,NA,NA
"TER-NFSB-TE49",2025-03-23,NA,NA,NA
"TER-NFSB-TE49",2025-03-24,NA,NA,NA
"TER-NFSB-TE49",2025-03-25,NA,NA,NA
"TER-NFSB-TE49",2025-03-26,NA,NA,NA
"TER-NFSB-TE49",2025-03-27,NA,NA,NA
"TER-NFSB-TE49",2025-03-28,NA,NA,NA
"TER-NFSB-TE49",2025-03-29,NA,NA,NA
"TER-NFSB-TE49",2025-03-30,NA,NA,NA
"TER-NFSB-TE49",2025-03-31,NA,NA,NA
"TER-NFSB-TE49",2025-04-01,NA,NA,NA
"TER-NFSB-TE49",2025-04-02,NA,NA,NA
"TER-NFSB-TE49",2025-04-03,NA,NA,NA
"TER-NFSB-TE49",2025-04-04,NA,NA,NA
"TER-NFSB-TE49",2025-04-05,NA,NA,NA
"TER-NFSB-TE49",2025-04-06,NA,NA,NA
"TER-NFSB-TE49",2025-04-07,NA,NA,NA
"TER-NFSB-TE49",2025-04-08,NA,NA,NA
"TER-NFSB-TE49",2025-04-09,NA,NA,NA
"TER-NFSB-TE49",2025-04-10,NA,NA,NA
"TER-NFSB-TE49",2025-04-11,NA,NA,NA
"TER-NFSB-TE49",2025-04-12,NA,NA,NA
"TER-NFSB-TE49",2025-04-13,NA,NA,NA
"TER-NFSB-TE49",2025-04-14,NA,NA,NA
"TER-NFSB-TE49",2025-04-15,NA,NA,NA
"TER-NFSB-TE49",2025-04-16,NA,NA,NA
"TER-NFSB-TE49",2025-04-17,NA,NA,NA
"TER-NFSB-TE49",2025-04-18,NA,NA,NA
"TER-NFSB-TE49",2025-04-19,NA,NA,NA
"TER-NFSB-TE49",2025-04-20,NA,NA,NA
"TER-NFSB-TE49",2025-04-21,NA,NA,NA
"TER-NFSB-TE49",2025-04-22,NA,NA,NA
"TER-NFSB-TE49",2025-04-23,NA,NA,NA
"TER-NFSB-TE49",2025-04-24,NA,NA,NA
"TER-NFSB-TE49",2025-04-25,NA,NA,NA
"TER-NFSB-TE49",2025-04-26,NA,NA,NA
"TER-NFSB-TE49",2025-04-27,NA,NA,NA
"TER-NFSB-TE49",2025-04-28,NA,NA,NA
"TER-NFSB-TE49",2025-04-29,NA,NA,NA
"TER-NFSB-TE49",2025-04-30,NA,NA,NA
"TER-NFSB-TE49",2025-05-01,NA,NA,NA
"TER-NFSB-TE49",2025-05-02,NA,NA,NA
"TER-NFSB-TE49",2025-05-03,NA,NA,NA
"TER-NFSB-TE49",2025-05-04,NA,NA,NA
"TER-NFSB-TE49",2025-05-05,NA,NA,NA
"TER-NFSB-TE49",2025-05-06,NA,NA,NA
"TER-NFSB-TE49",2025-05-07,NA,NA,NA
"TER-NFSB-TE49",2025-05-08,NA,NA,NA
"TER-NFSB-TE49",2025-05-09,NA,NA,NA
"TER-NFSB-TE49",2025-05-10,NA,NA,NA
"TER-NFSB-TE49",2025-05-11,NA,NA,NA
"TER-NFSB-TE49",2025-05-12,NA,NA,NA
"TER-NFSB-TE49",2025-05-13,NA,NA,NA
"TER-NFSB-TE49",2025-05-14,NA,NA,NA
"TER-NFSB-TE49",2025-05-15,NA,NA,NA
"TER-NFSB-TE49",2025-05-16,NA,NA,NA
"TER-NFSB-TE49",2025-05-17,NA,NA,NA
"TER-NFSB-TE49",2025-05-18,NA,NA,NA
"TER-NFSB-TE49",2025-05-19,NA,NA,NA
"TER-NFSB-TE49",2025-05-20,NA,NA,NA
"TER-NFSB-TE49",2025-05-21,NA,NA,NA
"TER-NFSB-TE49",2025-05-22,NA,NA,NA
"TER-NFSB-TE49",2025-05-23,NA,NA,NA
"TER-NFSB-TE49",2025-05-24,NA,NA,NA
"TER-NFSB-TE49",2025-05-25,NA,NA,NA
"TER-NFSB-TE49",2025-05-26,NA,NA,NA
"TER-NFSB-TE49",2025-05-27,NA,NA,NA
"TER-NFSB-TE49",2025-05-28,NA,NA,NA
"TER-NFSB-TE49",2025-05-29,NA,NA,NA
"TER-NFSB-TE49",2025-05-30,NA,NA,NA
"TER-NFSB-TE49",2025-05-31,NA,NA,NA
"TER-NFSB-TE49",2025-06-01,NA,NA,NA
"TER-NFSB-TE49",2025-06-02,NA,NA,NA
"TER-NFSB-TE49",2025-06-03,NA,NA,NA
"TER-NFSB-TE49",2025-06-04,NA,NA,NA
"TER-NFSB-TE49",2025-06-05,NA,NA,NA
"TER-NFSB-TE49",2025-06-06,NA,NA,NA
"TER-NFSB-TE49",2025-06-07,NA,NA,NA
"TER-NFSB-TE49",2025-06-08,NA,NA,NA
"TER-NFSB-TE49",2025-06-09,NA,NA,NA
"TER-NFSB-TE49",2025-06-10,NA,NA,NA
"TER-NFSB-TE49",2025-06-11,NA,NA,NA
"TER-NFSB-TE49",2025-06-12,NA,NA,NA
"TER-NFTB-T-15",2023-08-09,NA,NA,NA
"TER-NFTB-T-15",2023-08-10,NA,NA,NA
"TER-NFTB-T-15",2023-08-11,NA,NA,NA
"TER-NFTB-T-15",2023-08-12,NA,NA,NA
"TER-NFTB-T-15",2023-08-13,NA,NA,NA
"TER-NFTB-T-15",2023-08-14,NA,NA,NA
"TER-NFTB-T-15",2023-08-15,NA,NA,NA
"TER-NFTB-T-15",2023-08-16,NA,NA,NA
"TER-NFTB-T-15",2023-08-17,NA,NA,NA
"TER-NFTB-T-15",2023-08-18,NA,NA,NA
"TER-NFTB-T-15",2023-08-19,NA,NA,NA
"TER-NFTB-T-15",2023-08-20,NA,NA,NA
"TER-NFTB-T-15",2023-08-21,NA,NA,NA
"TER-NFTB-T-15",2023-08-22,NA,NA,NA
"TER-NFTB-T-15",2023-08-23,NA,NA,NA
"TER-NFTB-T-15",2023-08-24,NA,NA,NA
"TER-NFTB-T-15",2023-08-25,NA,NA,NA
"TER-NFTB-T-15",2023-08-26,NA,NA,NA
"TER-NFTB-T-15",2023-08-27,NA,NA,NA
"TER-NFTB-T-15",2023-08-28,NA,NA,NA
"TER-NFTB-T-15",2023-08-29,NA,NA,NA
"TER-NFTB-T-15",2023-08-30,NA,NA,NA
"TER-NFTB-T-15",2023-08-31,NA,NA,NA
"TER-NFTB-T-15",2023-09-01,NA,NA,NA
"TER-NFTB-T-15",2023-09-02,NA,NA,NA
"TER-NFTB-T-15",2023-09-03,NA,NA,NA
"TER-NFTB-T-15",2023-09-04,NA,NA,NA
"TER-NFTB-T-15",2023-09-05,NA,NA,NA
"TER-NFTB-T-15",2023-09-06,NA,NA,NA
"TER-NFTB-T-15",2023-09-07,NA,NA,NA
"TER-NFTB-T-15",2023-09-08,NA,NA,NA
"TER-NFTB-T-15",2023-09-09,NA,NA,NA
"TER-NFTB-T-15",2023-09-10,NA,NA,NA
"TER-NFTB-T-15",2023-09-11,NA,NA,NA
"TER-NFTB-T-15",2023-09-12,NA,NA,NA
"TER-NFTB-T-15",2023-09-13,NA,NA,NA
"TER-NFTB-T-15",2023-09-14,NA,NA,NA
"TER-NFTB-T-15",2023-09-15,NA,NA,NA
"TER-NFTB-T-15",2023-09-16,NA,NA,NA
"TER-NFTB-T-15",2023-09-17,NA,NA,NA
"TER-NFTB-T-15",2023-09-18,NA,NA,NA
"TER-NFTB-T-15",2023-09-19,NA,NA,NA
"TER-NFTB-T-15",2023-09-20,NA,NA,NA
"TER-NFTB-T-15",2023-09-21,NA,NA,NA
"TER-NFTB-T-15",2023-09-22,NA,NA,NA
"TER-NFTB-T-15",2023-09-23,NA,NA,NA
"TER-NFTB-T-15",2023-09-24,NA,NA,NA
"TER-NFTB-T-15",2023-09-25,NA,NA,NA
"TER-NFTB-T-15",2023-09-26,NA,NA,NA
"TER-NFTB-T-15",2023-09-27,NA,NA,NA
"TER-NFTB-T-15",2023-09-28,NA,NA,NA
"TER-NFTB-T-15",2023-09-29,NA,NA,NA
"TER-NFTB-T-15",2023-09-30,NA,NA,NA
"TER-NFTB-T-15",2023-10-01,NA,NA,NA
"TER-NFTB-T-15",2023-10-02,NA,NA,NA
"TER-NFTB-T-15",2023-10-03,NA,NA,NA
"TER-NFTB-T-15",2023-10-04,NA,NA,NA
"TER-NFTB-T-15",2023-10-05,NA,NA,NA
"TER-NFTB-T-15",2023-10-06,NA,NA,NA
"TER-NFTB-T-15",2023-10-07,NA,NA,NA
"TER-NFTB-T-15",2023-10-08,NA,NA,NA
"TER-NFTB-T-15",2023-10-09,NA,NA,NA
"TER-NFTB-T-15",2023-10-10,NA,NA,NA
"TER-NFTB-T-15",2023-10-11,NA,NA,NA
"TER-NFTB-T-15",2023-10-12,NA,NA,NA
"TER-NFTB-T-15",2023-10-13,NA,NA,NA
"TER-NFTB-T-15",2023-10-14,NA,NA,NA
"TER-NFTB-T-15",2023-10-15,NA,NA,NA
"TER-NFTB-T-15",2023-10-16,NA,NA,NA
"TER-NFTB-T-15",2023-10-17,NA,NA,NA
"TER-NFTB-T-15",2023-10-18,NA,NA,NA
"TER-NFTB-T-15",2023-10-19,NA,NA,NA
"TER-NFTB-T-15",2023-10-20,NA,NA,NA
"TER-NFTB-T-15",2023-10-21,NA,NA,NA
"TER-NFTB-T-15",2023-10-22,NA,NA,NA
"TER-NFTB-T-15",2023-10-23,NA,NA,NA
"TER-NFTB-T-15",2023-10-24,NA,NA,NA
"TER-NFTB-T-15",2023-10-25,NA,NA,NA
"TER-NFTB-T-15",2023-10-26,NA,NA,NA
"TER-NFTB-T-15",2023-10-27,NA,NA,NA
"TER-NFTB-T-15",2023-10-28,NA,NA,NA
"TER-NFTB-T-15",2023-10-29,NA,NA,NA
"TER-NFTB-T-15",2023-10-30,NA,NA,NA
"TER-NFTB-T-15",2023-10-31,NA,NA,NA
"TER-NFTB-T-15",2023-11-01,NA,NA,NA
"TER-NFTB-T-15",2023-11-02,NA,NA,NA
"TER-NFTB-T-15",2023-11-03,NA,NA,NA
"TER-NFTB-T-15",2023-11-04,NA,NA,NA
"TER-NFTB-T-15",2023-11-05,NA,NA,NA
"TER-NFTB-T-15",2023-11-06,NA,NA,NA
"TER-NFTB-T-15",2023-11-07,NA,NA,NA
"TER-NFTB-T-15",2023-11-08,NA,NA,NA
"TER-NFTB-T-15",2023-11-09,NA,NA,NA
"TER-NFTB-T-15",2023-11-10,NA,NA,NA
"TER-NFTB-T-15",2023-11-11,NA,NA,NA
"TER-NFTB-T-15",2023-11-12,NA,NA,NA
"TER-NFTB-T-15",2023-11-13,NA,NA,NA
"TER-NFTB-T-15",2023-11-14,NA,NA,NA
"TER-NFTB-T-15",2023-11-15,NA,NA,NA
"TER-NFTB-T-15",2023-11-16,NA,NA,NA
"TER-NFTB-T-15",2023-11-17,NA,NA,NA
"TER-NFTB-T-15",2023-11-18,0.0103649156723858,0.0108375674036618,0.0153101257772968
"TER-NFTB-T-15",2023-11-19,0,0,0
"TER-NFTB-T-15",2023-11-20,0,0,0
"TER-NFTB-T-15",2023-11-21,0,0,0
"TER-NFTB-T-15",2023-11-22,0,0,0
"TER-NFTB-T-15",2023-11-23,0,0,0
"TER-NFTB-T-15",2023-11-24,0,0,0
"TER-NFTB-T-15",2023-11-25,0,0,0
"TER-NFTB-T-15",2023-11-26,0,0,0
"TER-NFTB-T-15",2023-11-27,0,0,0
"TER-NFTB-T-15",2023-11-28,0,0,0
"TER-NFTB-T-15",2023-11-29,0,0,0
"TER-NFTB-T-15",2023-11-30,0,0.019933450523815,0.054544010441187
"TER-NFTB-T-15",2023-12-01,0,0,0.0165536058548222
"TER-NFTB-T-15",2023-12-02,0,0,0.0114101009205262
"TER-NFTB-T-15",2023-12-03,0,0.0368292144939279,0.0941718403226266
"TER-NFTB-T-15",2023-12-04,0,0.0150382625914615,0.0563554917510308
"TER-NFTB-T-15",2023-12-05,0,0,0.00571876374880786
"TER-NFTB-T-15",2023-12-06,0,0,0.000565421164016612
"TER-NFTB-T-15",2023-12-07,0,0.000614025873436503,0.0431268517275477
"TER-NFTB-T-15",2023-12-08,0,0,0
"TER-NFTB-T-15",2023-12-09,0,0,0.000344020918223132
"TER-NFTB-T-15",2023-12-10,0,0,0
"TER-NFTB-T-15",2023-12-11,0,0,0.0149925045258353
"TER-NFTB-T-15",2023-12-12,0,0.000494775049474763,0.0390335927502598
"TER-NFTB-T-15",2023-12-13,NA,0.00148481847894814,0.0344256649294041
"TER-NFTB-T-15",2023-12-14,NA,0,0.0237770593314451
"TER-NFTB-T-15",2023-12-15,NA,0,0.0316897675538361
"TER-NFTB-T-15",2023-12-16,NA,0,0.0277339923648956
"TER-NFTB-T-15",2023-12-17,NA,0,0.0197316883348723
"TER-NFTB-T-15",2023-12-18,NA,0,0.0138719311884338
"TER-NFTB-T-15",2023-12-19,NA,0,0
"TER-NFTB-T-15",2023-12-20,NA,0,0.00514409958145736
"TER-NFTB-T-15",2023-12-21,NA,0,0.000776194848376775
"TER-NFTB-T-15",2023-12-22,NA,0,0.00906440440694585
"TER-NFTB-T-15",2023-12-23,NA,0,0.0288327444152123
"TER-NFTB-T-15",2023-12-24,NA,0.00429924370061146,0.0668881137674694
"TER-NFTB-T-15",2023-12-25,NA,0,0.0311488514401027
"TER-NFTB-T-15",2023-12-26,NA,0,0.0125691420215862
"TER-NFTB-T-15",2023-12-27,NA,0.0157677084296595,0.0684686318613044
"TER-NFTB-T-15",2023-12-28,NA,0.00179082644335114,0.0492273516025041
"TER-NFTB-T-15",2023-12-29,NA,0.000546974740143289,0.0404054844288049
"TER-NFTB-T-15",2023-12-30,NA,0.0240177988687035,0.088600436519023
"TER-NFTB-T-15",2023-12-31,NA,0.000264530150276443,0.0410662755401091
"TER-NFTB-T-15",2024-01-01,NA,0,0.0275719645517704
"TER-NFTB-T-15",2024-01-02,NA,0.0259179964048374,0.0971222420127153
"TER-NFTB-T-15",2024-01-03,NA,0.0222551427808942,0.107881804247268
"TER-NFTB-T-15",2024-01-04,NA,0,0.0323485058588407
"TER-NFTB-T-15",2024-01-05,NA,0,0.0221624094069001
"TER-NFTB-T-15",2024-01-06,NA,0,0.0292021094303779
"TER-NFTB-T-15",2024-01-07,NA,0.000784892649603052,0.0605983745971317
"TER-NFTB-T-15",2024-01-08,NA,0.00753308312949513,0.0860747480995509
"TER-NFTB-T-15",2024-01-09,NA,0,0.0300080244015809
"TER-NFTB-T-15",2024-01-10,NA,0,0.0188822690719628
"TER-NFTB-T-15",2024-01-11,NA,0,0.0120447954322207
"TER-NFTB-T-15",2024-01-12,NA,0,0.0163060576016946
"TER-NFTB-T-15",2024-01-13,NA,0,0.0127420285821147
"TER-NFTB-T-15",2024-01-14,NA,0,0.0329949733883982
"TER-NFTB-T-15",2024-01-15,NA,0.000255832349050166,0.0418037190889117
"TER-NFTB-T-15",2024-01-16,NA,0,0.0245820538446167
"TER-NFTB-T-15",2024-01-17,NA,0.000670525306184089,0.0349207563446783
"TER-NFTB-T-15",2024-01-18,NA,0.00447172914793164,0.0476366676327255
"TER-NFTB-T-15",2024-01-19,NA,0,0.0193674492317379
"TER-NFTB-T-15",2024-01-20,NA,0.0118813224004923,0.0846842042263863
"TER-NFTB-T-15",2024-01-21,NA,0,0.0306060064178695
"TER-NFTB-T-15",2024-01-22,NA,0,0.0156800002868364
"TER-NFTB-T-15",2024-01-23,NA,NA,NA
"TER-NFTB-T-15",2024-01-24,0,0,0.0192875243333717
"TER-NFTB-T-15",2024-01-25,0,0.00127916174525081,0.040724290368205
"TER-NFTB-T-15",2024-01-26,0,0,0.025917425471214
"TER-NFTB-T-15",2024-01-27,0,0,0.0234347605234215
"TER-NFTB-T-15",2024-01-28,0.00618183064248084,0.0502838715476085,0.0949541746829821
"TER-NFTB-T-15",2024-01-29,0,0.00312346313108413,0.0397844607102742
"TER-NFTB-T-15",2024-01-30,0,0.00748852708964865,0.0343691941549658
"TER-NFTB-T-15",2024-01-31,0,0,0.0354214060668667
"TER-NFTB-T-15",2024-02-01,0,0,0.0422436379730274
"TER-NFTB-T-15",2024-02-02,0,0,0.040821218701103
"TER-NFTB-T-15",2024-02-03,0,0.00659643075953061,0.0595069545052351
"TER-NFTB-T-15",2024-02-04,0,0.0114798844316475,0.0753122865692948
"TER-NFTB-T-15",2024-02-05,0,0,0.0498969525804378
"TER-NFTB-T-15",2024-02-06,0,0,0.0401239141732861
"TER-NFTB-T-15",2024-02-07,0,0,0.0312971087218922
"TER-NFTB-T-15",2024-02-08,0,0.0345304194003555,0.0782752755609957
"TER-NFTB-T-15",2024-02-09,0,0.028427359883166,0.0699299028166355
"TER-NFTB-T-15",2024-02-10,0,0,0.0476621416195758
"TER-NFTB-T-15",2024-02-11,0,0,0.0380509649854292
"TER-NFTB-T-15",2024-02-12,0,0,0.0314655831143538
"TER-NFTB-T-15",2024-02-13,0,0,0.0245431520544943
"TER-NFTB-T-15",2024-02-14,0,0.0203416228300687,0.0480907658525206
"TER-NFTB-T-15",2024-02-15,0,0.00267232048306802,0.0510263545011238
"TER-NFTB-T-15",2024-02-16,0,0.0036690589293571,0.05401087665808
"TER-NFTB-T-15",2024-02-17,0,0.00122805174687299,0.0535078537579858
"TER-NFTB-T-15",2024-02-18,0,0.0105232014724277,0.0609764382949218
"TER-NFTB-T-15",2024-02-19,0,0.0065958060293224,0.087311636283693
"TER-NFTB-T-15",2024-02-20,0,0.0371360873538179,0.113597677059146
"TER-NFTB-T-15",2024-02-21,0,0.0261658347339766,0.0957330207083451
"TER-NFTB-T-15",2024-02-22,0.0040826155347727,0.0703070487814584,0.117492934341474
"TER-NFTB-T-15",2024-02-23,NA,NA,NA
"TER-NFTB-T-15",2024-02-24,0,0.0474787461822755,0.101823210930839
"TER-NFTB-T-15",2024-02-25,0,0.0240139639327366,0.0814250837144371
"TER-NFTB-T-15",2024-02-26,0,0.0312398737542467,0.0789197436335048
"TER-NFTB-T-15",2024-02-27,0,0.0813649095123975,0.134816518380881
"TER-NFTB-T-15",2024-02-28,0,0.142814512551667,0.204731520828238
"TER-NFTB-T-15",2024-02-29,0.00880899176723406,0.106428176312848,0.160406013890527
"TER-NFTB-T-15",2024-03-01,0.0142063610788789,0.132757596809587,0.195907696508162
"TER-NFTB-T-15",2024-03-02,0.017357774671978,0.12238649649624,0.173564690378787
"TER-NFTB-T-15",2024-03-03,0.000462463376699115,0.0848158915844449,0.124321251766217
"TER-NFTB-T-15",2024-03-04,0.00857523638632628,0.106540571193025,0.149703336282437
"TER-NFTB-T-15",2024-03-05,0,0.0405999797762117,0.0844454968001232
"TER-NFTB-T-15",2024-03-06,0,0.0515221112315416,0.0809426580692472
"TER-NFTB-T-15",2024-03-07,0,0.0227162937311549,0.0608119855774324
"TER-NFTB-T-15",2024-03-08,0,0.0401179168215452,0.0822009695337674
"TER-NFTB-T-15",2024-03-09,0,0.0455269012156292,0.0903818297193619
"TER-NFTB-T-15",2024-03-10,0,0.051914781736365,0.106570475274616
"TER-NFTB-T-15",2024-03-11,0,0.00226168465606643,0.0569738773079661
"TER-NFTB-T-15",2024-03-12,0,0.0332673651835732,0.0893433231240499
"TER-NFTB-T-15",2024-03-13,NA,NA,NA
"TER-NFTB-T-15",2024-03-14,0,0.0236297443480176,0.0884606218519087
"TER-NFTB-T-15",2024-03-15,0,0.009602745078061,0.0633242248165353
"TER-NFTB-T-15",2024-03-16,0.000292206493502192,0.0683994998097156,0.120005882205146
"TER-NFTB-T-15",2024-03-17,0.00291256902352806,0.0739012190681829,0.135707126801969
"TER-NFTB-T-15",2024-03-18,0,0.0029469641986388,0.0575851433043041
"TER-NFTB-T-15",2024-03-19,0,0.0779390954100601,0.10401293499077
"TER-NFTB-T-15",2024-03-20,0,0.0835197266839116,0.146732656748628
"TER-NFTB-T-15",2024-03-21,0.00394872493617961,0.104968066774339,0.169497431237901
"TER-NFTB-T-15",2024-03-22,0,0.0121607825859502,0.0765382436377084
"TER-NFTB-T-15",2024-03-23,0,0.0282233922935514,0.065891209799223
"TER-NFTB-T-15",2024-03-24,0.000264530150276443,0.0622114766097935,0.118095512889365
"TER-NFTB-T-15",2024-03-25,0.00118003147375871,0.0674839934810129,0.116574071049078
"TER-NFTB-T-15",2024-03-26,0,0.035596015275377,0.0907841759262975
"TER-NFTB-T-15",2024-03-27,0.0078143019370096,0.0483148631302195,0.101491726090655
"TER-NFTB-T-15",2024-03-28,0,0.0340026367445706,0.0317686003130671
"TER-NFTB-T-15",2024-03-29,0,0.00445320373726502,0.0325507374818568
"TER-NFTB-T-15",2024-03-30,0,0.000175526377460836,0.0275228351270811
"TER-NFTB-T-15",2024-03-31,0.011323511184352,0.0785271562256827,0.129760637393385
"TER-NFTB-T-15",2024-04-01,0,0.052688428180355,0.087022652266241
"TER-NFTB-T-15",2024-04-02,0,0.00786575923403313,0.0670593661439518
"TER-NFTB-T-15",2024-04-03,0,0.0028936541879748,0.0405563838739758
"TER-NFTB-T-15",2024-04-04,0,0.0142143403822789,0.0318351329898328
"TER-NFTB-T-15",2024-04-05,NA,NA,NA
"TER-NFTB-T-15",2024-04-06,0,0.0616126618253243,0.113078855179447
"TER-NFTB-T-15",2024-04-07,0,0.00584580028337574,0.0663655210807003
"TER-NFTB-T-15",2024-04-08,0,0.000614025873436503,0.05589222784519
"TER-NFTB-T-15",2024-04-09,0,0.000624087851370992,0.056572578752682
"TER-NFTB-T-15",2024-04-10,0,0,0.0498599572767175
"TER-NFTB-T-15",2024-04-11,0,0.00332052086420776,0.0546861651706228
"TER-NFTB-T-15",2024-04-12,0,0.00778677614564743,0.0616655729678465
"TER-NFTB-T-15",2024-04-13,0,0,0.0497616918207998
"TER-NFTB-T-15",2024-04-14,0,0,0.0354461248928849
"TER-NFTB-T-15",2024-04-15,0.00500661220653258,0,0.0392782018049375
"TER-NFTB-T-15",2024-04-16,0.0541672911321766,0,0.0485498085596661
"TER-NFTB-T-15",2024-04-17,NA,0.000946487399303891,0.0510604019818751
"TER-NFTB-T-15",2024-04-18,NA,0.0050142949884015,0.0533583698681784
"TER-NFTB-T-15",2024-04-19,NA,0.00993224294141493,0.0801094017246885
"TER-NFTB-T-15",2024-04-20,NA,0.0376778890042369,0.106895002856959
"TER-NFTB-T-15",2024-04-21,NA,0.0148308738985298,0.0865395826113816
"TER-NFTB-T-15",2024-04-22,NA,0.0156955154528944,0.0722177227840011
"TER-NFTB-T-15",2024-04-23,NA,0.00225300684324422,0.0607592297286938
"TER-NFTB-T-15",2024-04-24,NA,0.0174447161334143,0.0731823712479638
"TER-NFTB-T-15",2024-04-25,NA,0.0680781835207466,0.143198690242895
"TER-NFTB-T-15",2024-04-26,NA,0.068314834886226,0.122614794222573
"TER-NFTB-T-15",2024-04-27,NA,0.139174312505082,0.218043833646444
"TER-NFTB-T-15",2024-04-28,NA,0.168066990924647,0.256990359581844
"TER-NFTB-T-15",2024-04-29,NA,0.161531293909067,0.261418709076056
"TER-NFTB-T-15",2024-04-30,NA,0.119416167869678,0.207216672449846
"TER-NFTB-T-15",2024-05-01,NA,0.0187670185171289,0.0932394742840173
"TER-NFTB-T-15",2024-05-02,NA,0.00827114112892037,0.0818778888700531
"TER-NFTB-T-15",2024-05-03,NA,0.00642818243400006,0.0796797793907525
"TER-NFTB-T-15",2024-05-04,NA,0.0210919612581875,0.151676258574797
"TER-NFTB-T-15",2024-05-05,NA,0.103432325856369,0.257507062404112
"TER-NFTB-T-15",2024-05-06,NA,0.00932803234264858,0.0920944948743958
"TER-NFTB-T-15",2024-05-07,NA,0.0101515844791936,0.0886342466036481
"TER-NFTB-T-15",2024-05-08,NA,0.0131893602428177,0.123726580637577
"TER-NFTB-T-15",2024-05-09,NA,0.0403612994991412,0.234161849019308
"TER-NFTB-T-15",2024-05-10,NA,0.115417278453598,0.235747208781862
"TER-NFTB-T-15",2024-05-11,NA,0.157712118514643,0.292922870330787
"TER-NFTB-T-15",2024-05-12,NA,0.193167322689728,0.323763172397311
"TER-NFTB-T-15",2024-05-13,NA,NA,NA
"TER-NFTB-T-15",2024-05-14,0,0.153242029049444,0.243739763067132
"TER-NFTB-T-15",2024-05-15,0,0.0902191541610563,0.177873022573309
"TER-NFTB-T-15",2024-05-16,0,0.0418507416626732,0.125502534600666
"TER-NFTB-T-15",2024-05-17,0,0.0742575488067967,0.168939046883375
"TER-NFTB-T-15",2024-05-18,0,0.150255632892584,0.267556852997173
"TER-NFTB-T-15",2024-05-19,0,0.129593613113484,0.244292438912985
"TER-NFTB-T-15",2024-05-20,0,0.107295513628472,0.210963611839186
"TER-NFTB-T-15",2024-05-21,0,0.0500709295747482,0.146456899405381
"TER-NFTB-T-15",2024-05-22,0,0.029607536166117,0.124659718956867
"TER-NFTB-T-15",2024-05-23,0,0.0081213374337379,0.0925001653439881
"TER-NFTB-T-15",2024-05-24,0.0465264563553307,0.033233232049315,0.122502913569061
"TER-NFTB-T-15",2024-05-25,NA,0.134611851191797,0.245575660378495
"TER-NFTB-T-15",2024-05-26,NA,0.116176360486657,0.215476905262525
"TER-NFTB-T-15",2024-05-27,NA,0.101826217766582,0.212802564263385
"TER-NFTB-T-15",2024-05-28,NA,0.114743796896633,0.226459890633961
"TER-NFTB-T-15",2024-05-29,NA,0.017236404346343,0.103919337069443
"TER-NFTB-T-15",2024-05-30,NA,0.0254125015387137,0.122303471071972
"TER-NFTB-T-15",2024-05-31,NA,0.00883077365148984,0.102873670826877
"TER-NFTB-T-15",2024-06-01,NA,0.0163580112171052,0.118893871100582
"TER-NFTB-T-15",2024-06-02,NA,0.00692711295626209,0.0988052884770583
"TER-NFTB-T-15",2024-06-03,NA,0.00934568982320853,0.0847715003398527
"TER-NFTB-T-15",2024-06-04,NA,0.011262482979009,0.0813250266236098
"TER-NFTB-T-15",2024-06-05,NA,0.00231249867434558,0.0680061872739361
"TER-NFTB-T-15",2024-06-06,NA,0.0420022204563435,0.133997663269968
"TER-NFTB-T-15",2024-06-07,NA,0.0630298137192321,0.152815127619771
"TER-NFTB-T-15",2024-06-08,NA,0.0680757511339572,0.166588536859841
"TER-NFTB-T-15",2024-06-09,NA,0.0337452915012142,0.120413475044517
"TER-NFTB-T-15",2024-06-10,NA,0.068485011303808,0.163789254095209
"TER-NFTB-T-15",2024-06-11,NA,0.138331369033947,0.24608829994591
"TER-NFTB-T-15",2024-06-12,0,0.204432191961571,0.365991693035517
"TER-NFTB-T-15",2024-06-13,0,0.0535103214827968,0.164010392213555
"TER-NFTB-T-15",2024-06-14,0,0.0946093045047069,0.202094793232933
"TER-NFTB-T-15",2024-06-15,0,0.164225128443499,0.309765363844873
"TER-NFTB-T-15",2024-06-16,0,0.0967480750895275,0.207109164576432
"TER-NFTB-T-15",2024-06-17,0,0.114040553369692,0.216248510798662
"TER-NFTB-T-15",2024-06-18,0,0.164818373212952,0.269925095765258
"TER-NFTB-T-15",2024-06-19,0,0.16959309863828,0.276454952655607
"TER-NFTB-T-15",2024-06-20,0,0.136319553928704,0.26833596363353
"TER-NFTB-T-15",2024-06-21,0,0.172179084392782,0.323184795551663
"TER-NFTB-T-15",2024-06-22,0.0415337535443628,0.0550272847574597,0.159217433201798
"TER-NFTB-T-15",2024-06-23,NA,0.0593434986047074,0.178803303990131
"TER-NFTB-T-15",2024-06-24,NA,0.0198251407009161,0.109837010964715
"TER-NFTB-T-15",2024-06-25,NA,0.0802099490285035,0.172392696588374
"TER-NFTB-T-15",2024-06-26,NA,0.175228919240433,0.317993204423704
"TER-NFTB-T-15",2024-06-27,NA,0.141809510967122,0.267249891293581
"TER-NFTB-T-15",2024-06-28,NA,0.124817926905145,0.247757681659759
"TER-NFTB-T-15",2024-06-29,NA,0.1097743136836,0.221374917793205
"TER-NFTB-T-15",2024-06-30,NA,0.0652409362904452,0.160894116923878
"TER-NFTB-T-15",2024-07-01,NA,0.174422304082036,0.312488843500525
"TER-NFTB-T-15",2024-07-02,NA,0.234233698245669,0.380690127069731
"TER-NFTB-T-15",2024-07-03,NA,0.156359589738413,0.281618869764922
"TER-NFTB-T-15",2024-07-04,NA,0.214230105414507,0.358802895971572
"TER-NFTB-T-15",2024-07-05,NA,0.287406737395997,0.455551744376077
"TER-NFTB-T-15",2024-07-06,NA,0.219774619615797,0.347146900639489
"TER-NFTB-T-15",2024-07-07,NA,0.224669524545772,0.368938432897474
"TER-NFTB-T-15",2024-07-08,NA,0.0716930475836109,0.176024606311207
"TER-NFTB-T-15",2024-07-09,NA,0.103934107185349,0.216996041180604
"TER-NFTB-T-15",2024-07-10,NA,0.183313848257429,0.29958879245312
"TER-NFTB-T-15",2024-07-11,NA,0.0759576715654889,0.175221233861016
"TER-NFTB-T-15",2024-07-12,NA,0.0617663567945963,0.175014379899091
"TER-NFTB-T-15",2024-07-13,NA,0.0943794407634612,0.173057524644759
"TER-NFTB-T-15",2024-07-14,NA,0.161051593086984,0.292492429962193
"TER-NFTB-T-15",2024-07-15,NA,0.041428972748763,0.146596650918552
"TER-NFTB-T-15",2024-07-16,NA,0.0565238648520072,0.173423530247329
"TER-NFTB-T-15",2024-07-17,NA,0.0289570761884876,0.121433244789668
"TER-NFTB-T-15",2024-07-18,NA,0.0768863724021091,0.155146065128893
"TER-NFTB-T-15",2024-07-19,NA,0.1896647647398,0.357812584280074
"TER-NFTB-T-15",2024-07-20,NA,0.198092762528225,0.367366606515472
"TER-NFTB-T-15",2024-07-21,NA,0.209728388144296,0.360723653365292
"TER-NFTB-T-15",2024-07-22,NA,0.210612346946379,0.356674779762836
"TER-NFTB-T-15",2024-07-23,NA,0.193142484426932,0.335720505964898
"TER-NFTB-T-15",2024-07-24,NA,0.136394097060067,0.263019093971444
"TER-NFTB-T-15",2024-07-25,NA,0.119487095370165,0.2545282276159
"TER-NFTB-T-15",2024-07-26,NA,0.0924987966605571,0.226783183385937
"TER-NFTB-T-15",2024-07-27,NA,0.101327609634357,0.223849041841628
"TER-NFTB-T-15",2024-07-28,NA,0.124363737125561,0.259805071447105
"TER-NFTB-T-15",2024-07-29,NA,0.142905069167824,0.290662414814016
"TER-NFTB-T-15",2024-07-30,NA,0.0572342355066928,0.208052601960448
"TER-NFTB-T-15",2024-07-31,NA,0.111993888951467,0.219185829282241
"TER-NFTB-T-15",2024-08-01,NA,0.19072772007942,0.330501080023637
"TER-NFTB-T-15",2024-08-02,NA,0.133459611045636,0.254288852355141
"TER-NFTB-T-15",2024-08-03,NA,0.17269569581748,0.308502318663365
"TER-NFTB-T-15",2024-08-04,NA,0.248634012992222,0.428703211233296
"TER-NFTB-T-15",2024-08-05,NA,0.231831901250214,0.413722837430364
"TER-NFTB-T-15",2024-08-06,NA,0.0472438210676134,0.153357832728493
"TER-NFTB-T-15",2024-08-07,NA,0.0983953169201607,0.203888231466626
"TER-NFTB-T-15",2024-08-08,NA,0.203588458010334,0.364889447282185
"TER-NFTB-T-15",2024-08-09,NA,0.144820718517138,0.280620692354493
"TER-NFTB-T-15",2024-08-10,NA,0.094310855980269,0.215316579196481
"TER-NFTB-T-15",2024-08-11,NA,0.0683317182294861,0.170300345561909
"TER-NFTB-T-15",2024-08-12,NA,0.203610803947718,0.339986536916445
"TER-NFTB-T-15",2024-08-13,NA,0.205636134542351,0.354030611733275
"TER-NFTB-T-15",2024-08-14,NA,0.155904615543565,0.303235754810324
"TER-NFTB-T-15",2024-08-15,NA,0.178734847383445,0.319232692982396
"TER-NFTB-T-15",2024-08-16,NA,0.185832970643466,0.323697865588625
"TER-NFTB-T-15",2024-08-17,NA,0.174636266767519,0.313598508062058
"TER-NFTB-T-15",2024-08-18,NA,0.128787909166483,0.253052997150014
"TER-NFTB-T-15",2024-08-19,NA,0.249440466103587,0.404662218578643
"TER-NFTB-T-15",2024-08-20,NA,0.0552864519234473,0.157782073801067
"TER-NFTB-T-15",2024-08-21,NA,0.0292851422205172,0.130365258408265
"TER-NFTB-T-15",2024-08-22,NA,0.139502947416957,0.31356948304893
"TER-NFTB-T-15",2024-08-23,NA,NA,NA
"TER-NFTB-T-15",2024-08-24,NA,0.12081887874242,0.216657911292069
"TER-NFTB-T-15",2024-08-25,NA,0.132976948109579,0.286901221509063
"TER-NFTB-T-15",2024-08-26,NA,0.0541652233948224,0.166294772646389
"TER-NFTB-T-15",2024-08-27,NA,0.0859876670269913,0.154005501095042
"TER-NFTB-T-15",2024-08-28,NA,0.170975139281322,0.320992284153329
"TER-NFTB-T-15",2024-08-29,NA,0.109554482364017,0.248654585997309
"TER-NFTB-T-15",2024-08-30,NA,0.15042963425767,0.320743964179513
"TER-NFTB-T-15",2024-08-31,NA,0.118545956623083,0.262335161432635
"TER-NFTB-T-15",2024-09-01,NA,0.0994619436256344,0.146496730280494
"TER-NFTB-T-15",2024-09-02,NA,0.121229688167754,0.198124615385711
"TER-NFTB-T-15",2024-09-03,NA,0.233840168923621,0.3721566626636
"TER-NFTB-T-15",2024-09-04,NA,0.224001226969133,0.37376595775199
"TER-NFTB-T-15",2024-09-05,NA,0.241853540572752,0.378133961960977
"TER-NFTB-T-15",2024-09-06,NA,0.26467224010831,0.403296307921483
"TER-NFTB-T-15",2024-09-07,NA,0.129346299832735,0.233606254973635
"TER-NFTB-T-15",2024-09-08,NA,0.0446052255336956,0.125812245308253
"TER-NFTB-T-15",2024-09-09,NA,0.0487527749641321,0.116429613262867
"TER-NFTB-T-15",2024-09-10,NA,0.0315504745570735,0.113982853117453
"TER-NFTB-T-15",2024-09-11,NA,NA,NA
"TER-NFTB-T-15",2024-09-12,NA,0.0921210947133676,0.220276718779921
"TER-NFTB-T-15",2024-09-13,NA,0.110551769023272,0.2387301730306
"TER-NFTB-T-15",2024-09-14,NA,0.0821957393829397,0.19974044530826
"TER-NFTB-T-15",2024-09-15,NA,0.09519711863915,0.2222990795353
"TER-NFTB-T-15",2024-09-16,NA,0.0366915166246781,0.129296762948427
"TER-NFTB-T-15",2024-09-17,NA,0.0863096896557118,0.193771244330255
"TER-NFTB-T-15",2024-09-18,NA,0.0921772330684645,0.222360790665691
"TER-NFTB-T-15",2024-09-19,NA,0.146441176945472,0.254858658645268
"TER-NFTB-T-15",2024-09-20,NA,0.0296778661653366,0.117107929246702
"TER-NFTB-T-15",2024-09-21,NA,0.0192665552800454,0.143133748843829
"TER-NFTB-T-15",2024-09-22,NA,0.0429385206331934,0.167354138134342
"TER-NFTB-T-15",2024-09-23,NA,0.0888036793635414,0.2166806198791
"TER-NFTB-T-15",2024-09-24,NA,0.0616821110655854,0.177730431090989
"TER-NFTB-T-15",2024-09-25,NA,0.032746706397822,0.135543605003007
"TER-NFTB-T-15",2024-09-26,NA,0.042795969835553,0.146093379982595
"TER-NFTB-T-15",2024-09-27,NA,0.0141106652117,0.120381587207362
"TER-NFTB-T-15",2024-09-28,NA,0.00808030845534947,0.11994814707469
"TER-NFTB-T-15",2024-09-29,NA,0,0.122692762940088
"TER-NFTB-T-15",2024-09-30,NA,0.00952209250783915,0.127315924827579
"TER-NFTB-T-15",2024-10-01,NA,0.0185179840623568,0.129801273608511
"TER-NFTB-T-15",2024-10-02,NA,0.0231506443256817,0.128470874624437
"TER-NFTB-T-15",2024-10-03,NA,0.0229462267322048,0.127032200107345
"TER-NFTB-T-15",2024-10-04,NA,0.017167641299411,0.118854937751917
"TER-NFTB-T-15",2024-10-05,NA,0.0304452490332066,0.108738395972432
"TER-NFTB-T-15",2024-10-06,NA,0.0789060981787693,0.146541052207176
"TER-NFTB-T-15",2024-10-07,NA,0.0650449837484067,0.158266320828117
"TER-NFTB-T-15",2024-10-08,NA,0.0650750107621754,0.161531682147242
"TER-NFTB-T-15",2024-10-09,NA,0.0353470639029976,0.116850590429951
"TER-NFTB-T-15",2024-10-10,NA,0.014179205491463,0.0935815894790656
"TER-NFTB-T-15",2024-10-11,NA,0.123916184861352,0.195620417493545
"TER-NFTB-T-15",2024-10-12,NA,0.100717961529265,0.193933300137418
"TER-NFTB-T-15",2024-10-13,NA,0.020690626493109,0.106908431279122
"TER-NFTB-T-15",2024-10-14,NA,0.0105393281263697,0.0908801173249783
"TER-NFTB-T-15",2024-10-15,NA,0.0606464321900517,0.117445161513025
"TER-NFTB-T-15",2024-10-16,NA,0.136002694440108,0.20584479164721
"TER-NFTB-T-15",2024-10-17,NA,0.0572619030013293,0.131431385420103
"TER-NFTB-T-15",2024-10-18,NA,0.0547045577329337,0.144550921757851
"TER-NFTB-T-15",2024-10-19,NA,0.0142803255792038,0.0974478314474991
"TER-NFTB-T-15",2024-10-20,NA,0.0286186663496572,0.0766368827634948
"TER-NFTB-T-15",2024-10-21,NA,0.077173529458019,0.140282164032764
"TER-NFTB-T-15",2024-10-22,NA,0.0308525491087553,0.103814212865048
"TER-NFTB-T-15",2024-10-23,NA,0.0150882680165278,0.0916120253058205
"TER-NFTB-T-15",2024-10-24,NA,0.0701528017004336,0.176146218594894
"TER-NFTB-T-15",2024-10-25,NA,0.150816888661135,0.244702953178591
"TER-NFTB-T-15",2024-10-26,NA,0.10015240375886,0.1870411518494
"TER-NFTB-T-15",2024-10-27,NA,0.0619280237403144,0.138797033012112
"TER-NFTB-T-15",2024-10-28,NA,0.131500626088101,0.224009281857333
"TER-NFTB-T-15",2024-10-29,NA,0.0137558223966689,0.0936081018984528
"TER-NFTB-T-15",2024-10-30,NA,0.0103814839705704,0.0890991869758643
"TER-NFTB-T-15",2024-10-31,NA,0.00896899458917108,0.0894544500187172
"TER-NFTB-T-15",2024-11-01,NA,0.0120075196723363,0.0961240085480236
"TER-NFTB-T-15",2024-11-02,NA,0.00603489525132736,0.0787950915327463
"TER-NFTB-T-15",2024-11-03,NA,0.00380773910425698,0.0756680159084627
"TER-NFTB-T-15",2024-11-04,NA,0.00498404761107262,0.0751665799883417
"TER-NFTB-T-15",2024-11-05,NA,0.00253550922073202,0.0773480646373463
"TER-NFTB-T-15",2024-11-06,NA,0.0240130080214707,0.0581613330785169
"TER-NFTB-T-15",2024-11-07,NA,0.0168358542715483,0.0617940866358083
"TER-NFTB-T-15",2024-11-08,NA,0.00767764669787314,0.0810519200081256
"TER-NFTB-T-15",2024-11-09,NA,0.0108213185951569,0.083989479252534
"TER-NFTB-T-15",2024-11-10,NA,0.00857656042056985,0.0776215004576955
"TER-NFTB-T-15",2024-11-11,NA,0.00652924729571811,0.0823202017095896
"TER-NFTB-T-15",2024-11-12,NA,0.00940116056087108,0.0850617327830044
"TER-NFTB-T-15",2024-11-13,NA,0.00742420945640905,0.0746728392035366
"TER-NFTB-T-15",2024-11-14,NA,0.00248009874665957,0.0558758858505443
"TER-NFTB-T-15",2024-11-15,NA,0.0222116085235536,0.0667798792065614
"TER-NFTB-T-15",2024-11-16,NA,0.039171895502236,0.104187573641225
"TER-NFTB-T-15",2024-11-17,NA,0.0178629167010531,0.0779093246378562
"TER-NFTB-T-15",2024-11-18,NA,0.00761332168342085,0.0648415428368034
"TER-NFTB-T-15",2024-11-19,NA,0.00733414280185166,0.0637443058339662
"TER-NFTB-T-15",2024-11-20,NA,0.0030807715131156,0.0609559096367598
"TER-NFTB-T-15",2024-11-21,NA,0.00371844105187096,0.0658059626288992
"TER-NFTB-T-15",2024-11-22,NA,0.00981757051003606,0.0765323496377083
"TER-NFTB-T-15",2024-11-23,NA,0.0108214718157629,0.063096641050964
"TER-NFTB-T-15",2024-11-24,NA,0.0424103830877934,0.0654662197195769
"TER-NFTB-T-15",2024-11-25,NA,0.0321589947841085,0.0824998620240388
"TER-NFTB-T-15",2024-11-26,NA,0.0155411212534544,0.0708602580078224
"TER-NFTB-T-15",2024-11-27,NA,0.0171264651036125,0.0629697173739814
"TER-NFTB-T-15",2024-11-28,NA,0.0308390183233105,0.0725992006381775
"TER-NFTB-T-15",2024-11-29,NA,0.0356401158285287,0.0906132452273194
"TER-NFTB-T-15",2024-11-30,NA,0.025910145985619,0.082065397820923
"TER-NFTB-T-15",2024-12-01,NA,0.0251982552643326,0.0881775154214691
"TER-NFTB-T-15",2024-12-02,NA,0.0496689183953833,0.103940282425601
"TER-NFTB-T-15",2024-12-03,NA,0.0328152624032671,0.0828982495419765
"TER-NFTB-T-15",2024-12-04,NA,0.0452853770409634,0.105641787210863
"TER-NFTB-T-15",2024-12-05,NA,0.0397434653807242,0.0946018667526863
"TER-NFTB-T-15",2024-12-06,NA,0.0227349494214658,0.0777891883226305
"TER-NFTB-T-15",2024-12-07,NA,0.0174770574237758,0.0680282904177223
"TER-NFTB-T-15",2024-12-08,NA,0.0165819716468059,0.0656620753402508
"TER-NFTB-T-15",2024-12-09,NA,0.0140851383327575,0.05602668452143
"TER-NFTB-T-15",2024-12-10,NA,0.0136244297446619,0.0536221756262478
"TER-NFTB-T-15",2024-12-11,NA,0.0143356557392281,0.0570825594714009
"TER-NFTB-T-15",2024-12-12,NA,0.0113427532836635,0.0448105627626831
"TER-NFTB-T-15",2024-12-13,NA,0.0116384374777269,0.0408693973186179
"TER-NFTB-T-15",2024-12-14,NA,0.0337626784557913,0.0489270198974403
"TER-NFTB-T-15",2024-12-15,NA,NA,NA
"TER-NFTB-T-15",2024-12-16,NA,0.0187645955075968,0.0530837217040791
"TER-NFTB-T-15",2024-12-17,NA,0.0197026246180793,0.0580833767781841
"TER-NFTB-T-15",2024-12-18,NA,0.0146927465997486,0.0532827768217041
"TER-NFTB-T-15",2024-12-19,NA,0.0163442522579852,0.0396328797156928
"TER-NFTB-T-15",2024-12-20,NA,0.0180072825658838,0.0358097159747363
"TER-NFTB-T-15",2024-12-21,NA,0.0216173759102068,0.0406394870916412
"TER-NFTB-T-15",2024-12-22,NA,0.0259276708193268,0.0430413374484149
"TER-NFTB-T-15",2024-12-23,NA,0.0283144293237003,0.0439758798672356
"TER-NFTB-T-15",2024-12-24,NA,0.0267890772790029,0.0437571787716397
"TER-NFTB-T-15",2024-12-25,NA,0.0290180603623984,0.0444386065373506
"TER-NFTB-T-15",2024-12-26,NA,0.0293305737086519,0.0468509251088069
"TER-NFTB-T-15",2024-12-27,NA,0.0309639307714526,0.0520096224697524
"TER-NFTB-T-15",2024-12-28,NA,0.0320563848209231,0.0535786011706806
"TER-NFTB-T-15",2024-12-29,NA,0.0389982821848356,0.0676054247637549
"TER-NFTB-T-15",2024-12-30,NA,0.0400540871452977,0.0680373824962203
"TER-NFTB-T-15",2024-12-31,NA,0.0368839308846709,0.0582285345380965
"TER-NFTB-T-15",2025-01-01,NA,0.0456475470437,0.0619301064716465
"TER-NFTB-T-15",2025-01-02,NA,0.0492834367703158,0.0632441675584979
"TER-NFTB-T-15",2025-01-03,NA,0.047000259216467,0.0618272046764296
"TER-NFTB-T-15",2025-01-04,NA,0.0358273518646019,0.0496095219959097
"TER-NFTB-T-15",2025-01-05,NA,0.0519399337366267,0.0829023970089196
"TER-NFTB-T-15",2025-01-06,NA,0.0458437003942307,0.0640250652491503
"TER-NFTB-T-15",2025-01-07,NA,0.0361422887789998,0.0659698079898555
"TER-NFTB-T-15",2025-01-08,NA,0.036277696567224,0.0625098668878418
"TER-NFTB-T-15",2025-01-09,NA,0.0505696219937432,0.0676092424560249
"TER-NFTB-T-15",2025-01-10,NA,0.0503893141722063,0.067046494073669
"TER-NFTB-T-15",2025-01-11,NA,0.0494770135458073,0.0659693513944098
"TER-NFTB-T-15",2025-01-12,NA,0.0440212560910114,0.0537909586086242
"TER-NFTB-T-15",2025-01-13,NA,0.0478524573439409,0.0603093016603322
"TER-NFTB-T-15",2025-01-14,NA,0.0475125008460224,0.0608262455768615
"TER-NFTB-T-15",2025-01-15,NA,0.0471433981959667,0.0604084915579205
"TER-NFTB-T-15",2025-01-16,NA,0.0494732231755482,0.0659642975673976
"TER-NFTB-T-15",2025-01-17,NA,0.0455818762860153,0.0576389022712886
"TER-NFTB-T-15",2025-01-18,NA,0.0399670223503533,0.0643314068830689
"TER-NFTB-T-15",2025-01-19,NA,0.0297879990644391,0.0450038185632448
"TER-NFTB-T-15",2025-01-20,NA,0.0256254123409737,0.0417591671418998
"TER-NFTB-T-15",2025-01-21,NA,0.023921688548954,0.0382761421013271
"TER-NFTB-T-15",2025-01-22,NA,0.0504008693366325,0.0638536230118017
"TER-NFTB-T-15",2025-01-23,NA,0.033758475308659,0.0516996217790026
"TER-NFTB-T-15",2025-01-24,NA,0.0287903509778054,0.040407208190031
"TER-NFTB-T-15",2025-01-25,NA,0.0369196680440609,0.0437644380926552
"TER-NFTB-T-15",2025-01-26,NA,0.0439487559373064,0.0449182809696762
"TER-NFTB-T-15",2025-01-27,NA,0.0851458566807243,0.110931980204309
"TER-NFTB-T-15",2025-01-28,NA,0.0390976462207747,0.0623318237375789
"TER-NFTB-T-15",2025-01-29,NA,0.0395596347115013,0.0475653184158969
"TER-NFTB-T-15",2025-01-30,NA,0.0348586670765642,0.0488399593992272
"TER-NFTB-T-15",2025-01-31,NA,0.037093282412902,0.0520672925121199
"TER-NFTB-T-15",2025-02-01,NA,0.0359350134741939,0.0455735365428839
"TER-NFTB-T-15",2025-02-02,NA,0.0314455220103686,0.0423866819880285
"TER-NFTB-T-15",2025-02-03,NA,0.0341790433937847,0.0501317441256404
"TER-NFTB-T-15",2025-02-04,NA,0.0249702185586482,0.0374566496216981
"TER-NFTB-T-15",2025-02-05,NA,0.0432113037549188,0.0544426488959757
"TER-NFTB-T-15",2025-02-06,NA,0.0388565681269796,0.0530623018383113
"TER-NFTB-T-15",2025-02-07,NA,0.0397539097793648,0.04994636536098
"TER-NFTB-T-15",2025-02-08,NA,0.0294693993647618,0.0400767231862139
"TER-NFTB-T-15",2025-02-09,NA,0.0305672821789193,0.0422132857191208
"TER-NFTB-T-15",2025-02-10,NA,0.0299979708552582,0.0418894957292718
"TER-NFTB-T-15",2025-02-11,NA,0.0356165365118343,0.0473848348324447
"TER-NFTB-T-15",2025-02-12,NA,0.0361952224539619,0.0480593244227458
"TER-NFTB-T-15",2025-02-13,NA,0.0216352400835285,0.0307061217084501
"TER-NFTB-T-15",2025-02-14,NA,0.0160825935981832,0.0256291276958329
"TER-NFTB-T-15",2025-02-15,NA,0.0240375575095206,0.0350149171447852
"TER-NFTB-T-15",2025-02-16,NA,0.0284456273608232,0.0403593098140435
"TER-NFTB-T-15",2025-02-17,NA,0.0240558887884334,0.0321139212248015
"TER-NFTB-T-15",2025-02-18,NA,0.0346932699892965,0.0537456961762793
"TER-NFTB-T-15",2025-02-19,NA,0.0376672185280622,0.0501819296927803
"TER-NFTB-T-15",2025-02-20,NA,0.0336432547352077,0.0452526000083362
"TER-NFTB-T-15",2025-02-21,NA,0.0459069394447969,0.0685029168680956
"TER-NFTB-T-15",2025-02-22,NA,0.0368370099552146,0.0499536795326646
"TER-NFTB-T-15",2025-02-23,NA,0.0405721010291303,0.0517342523811851
"TER-NFTB-T-15",2025-02-24,NA,0.0656458350881865,0.0633946994295275
"TER-NFTB-T-15",2025-02-25,NA,0.0351776223701442,0.0490244186856237
"TER-NFTB-T-15",2025-02-26,NA,0.0550629424845417,0.0652776689135965
"TER-NFTB-T-15",2025-02-27,NA,0.108661120224019,0.161346805813646
"TER-NFTB-T-15",2025-02-28,NA,0.0472942922284657,0.0769131349644861
"TER-NFTB-T-15",2025-03-01,NA,0.119335956621925,0.180127142546072
"TER-NFTB-T-15",2025-03-02,NA,0.109294133988476,0.154339056756611
"TER-NFTB-T-15",2025-03-03,NA,0.1418052852075,0.178221497990722
"TER-NFTB-T-15",2025-03-04,NA,0.0500986959315367,0.0761087085097796
"TER-NFTB-T-15",2025-03-05,NA,0.0488494855704093,0.0731444253473787
"TER-NFTB-T-15",2025-03-06,NA,0.0529791011103866,0.073503234539195
"TER-NFTB-T-15",2025-03-07,NA,0.0656018794570027,0.0898838555750056
"TER-NFTB-T-15",2025-03-08,NA,0.049719926363039,0.0707315109177024
"TER-NFTB-T-15",2025-03-09,NA,0.037715114869623,0.042133941549899
"TER-NFTB-T-15",2025-03-10,NA,0.0399039526541198,0.0531382557066734
"TER-NFTB-T-15",2025-03-11,NA,0.0303414847341359,0.0395193420207477
"TER-NFTB-T-15",2025-03-12,NA,0.0496602210595087,0.0499874237513433
"TER-NFTB-T-15",2025-03-13,NA,0.0367238571576084,0.0498547485845744
"TER-NFTB-T-15",2025-03-14,NA,0.031037161481876,0.0436490955708326
"TER-NFTB-T-15",2025-03-15,NA,0.0342231267840578,0.0443516837680247
"TER-NFTB-T-15",2025-03-16,NA,0.0775818346346965,0.0910780258326385
"TER-NFTB-T-15",2025-03-17,NA,0.076369438947218,0.105005724455745
"TER-NFTB-T-15",2025-03-18,NA,0.0303454785275993,0.0432569979604402
"TER-NFTB-T-15",2025-03-19,NA,0.059624653099912,0.0817795069934247
"TER-NFTB-T-15",2025-03-20,NA,0.0618420832801614,0.0919394969634664
"TER-NFTB-T-15",2025-03-21,NA,0.0759644145771461,0.106740161045301
"TER-NFTB-T-15",2025-03-22,NA,0.0758945210490725,0.122789775643569
"TER-NFTB-T-15",2025-03-23,NA,0.0773631861073505,0.119930635691601
"TER-NFTB-T-15",2025-03-24,NA,0.0566732298718589,0.0953486042413059
"TER-NFTB-T-15",2025-03-25,NA,0.0381133073399435,0.0573382467271141
"TER-NFTB-T-15",2025-03-26,NA,0.0607902437486675,0.0967708524349383
"TER-NFTB-T-15",2025-03-27,NA,0.106804599718778,0.160104167958503
"TER-NFTB-T-15",2025-03-28,NA,0.0831050117907912,0.123676695946735
"TER-NFTB-T-15",2025-03-29,NA,0.0475892257212138,0.0864756982147337
"TER-NFTB-T-15",2025-03-30,NA,0.0704984322187816,0.111675158416534
"TER-NFTB-T-15",2025-03-31,NA,0.053777397922805,0.0833586835122127
"TER-NFTB-T-15",2025-04-01,NA,0.0786233194062619,0.103686257466688
"TER-NFTB-T-15",2025-04-02,NA,0.052561921305939,0.0761985388995793
"TER-NFTB-T-15",2025-04-03,NA,0.0526303821915454,0.0786498226479101
"TER-NFTB-T-15",2025-04-04,NA,0.0319915706227103,0.0544468735288849
"TER-NFTB-T-15",2025-04-05,NA,0.0250728576599654,0.0427304063670214
"TER-NFTB-T-15",2025-04-06,NA,0.0314041831208271,0.0435495919080543
"TER-NFTB-T-15",2025-04-07,NA,0.0308791979409489,0.0439328101293599
"TER-NFTB-T-15",2025-04-08,NA,0.0300207305208393,0.0422638998758616
"TER-NFTB-T-15",2025-04-09,NA,0.031158582573307,0.042196337349034
"TER-NFTB-T-15",2025-04-10,NA,0.0309735613933142,0.0434865710977903
"TER-NFTB-T-15",2025-04-11,NA,0.0299075533032981,0.0403762804787478
"TER-NFTB-T-15",2025-04-12,NA,0.0317988078381287,0.0425439071319162
"TER-NFTB-T-15",2025-04-13,NA,0.0387280237046658,0.0547395894686742
"TER-NFTB-T-15",2025-04-14,NA,0.0948784145107557,0.112991538171631
"TER-NFTB-T-15",2025-04-15,NA,0.0770972612085688,0.114880559709048
"TER-NFTB-T-15",2025-04-16,NA,0.0448703879234666,0.0643953139204831
"TER-NFTB-T-15",2025-04-17,NA,0.0616209873474258,0.0907554346483914
"TER-NFTB-T-15",2025-04-18,NA,0.0494190542948641,0.0488310792510143
"TER-NFTB-T-15",2025-04-19,NA,0.0921493881619915,0.115432430814329
"TER-NFTB-T-15",2025-04-20,NA,0.0493572165327315,0.0693943514911617
"TER-NFTB-T-15",2025-04-21,NA,0.127863621126509,0.187895126674573
"TER-NFTB-T-15",2025-04-22,NA,0.0940493751412288,0.13952713327794
"TER-NFTB-T-15",2025-04-23,NA,0.0434660884437129,0.0595969094246074
"TER-NFTB-T-15",2025-04-24,NA,0.111162274601712,0.142215903882588
"TER-NFTB-T-15",2025-04-25,NA,0.106698194287217,0.168154294444124
"TER-NFTB-T-15",2025-04-26,NA,0.0746262344571049,0.121452285724433
"TER-NFTB-T-15",2025-04-27,NA,0.055761886285465,0.061431329312044
"TER-NFTB-T-15",2025-04-28,NA,0.0986582909829249,0.130953320461047
"TER-NFTB-T-15",2025-04-29,NA,0.0738421633559826,0.103854594071482
"TER-NFTB-T-15",2025-04-30,NA,0.034585488780051,0.049057718873904
"TER-NFTB-T-15",2025-05-01,NA,0.0365370406867051,0.048458460888699
"TER-NFTB-T-15",2025-05-02,NA,0.0368632061517273,0.0461691631502624
"TER-NFTB-T-15",2025-05-03,NA,0.0407026031687284,0.0493258208645542
"TER-NFTB-T-15",2025-05-04,NA,0.0377777007018273,0.0487253529324912
"TER-NFTB-T-15",2025-05-05,NA,0.0371913247419574,0.0519947992743186
"TER-NFTB-T-15",2025-05-06,NA,0.0360946828049509,0.049167917250676
"TER-NFTB-T-15",2025-05-07,NA,0.025615334402614,0.0373250689785506
"TER-NFTB-T-15",2025-05-08,NA,0.0304291131040417,0.0399806845546427
"TER-NFTB-T-15",2025-05-09,NA,0.0334844344955875,0.0437609703956834
"TER-NFTB-T-15",2025-05-10,NA,0.104070877300673,0.189353439015296
"TER-NFTB-T-15",2025-05-11,NA,0.0697086354905597,0.111760842159078
"TER-NFTB-T-15",2025-05-12,NA,0.0700540734408518,0.0885109218250636
"TER-NFTB-T-15",2025-05-13,NA,0.0925199587360786,0.11793711208282
"TER-NFTB-T-15",2025-05-14,NA,0.0442010298222649,0.0524401828856982
"TER-NFTB-T-15",2025-05-15,NA,0.0430890578482598,0.0491878474607132
"TER-NFTB-T-15",2025-05-16,NA,0.0461185212788565,0.0691311801072678
"TER-NFTB-T-15",2025-05-17,NA,0.0928082921776818,0.135749197530318
"TER-NFTB-T-15",2025-05-18,NA,0.0697688657748442,0.0949351422465734
"TER-NFTB-T-15",2025-05-19,NA,0.0497684210919461,0.0628463466325624
"TER-NFTB-T-15",2025-05-20,NA,0.0750634943250088,0.10916540525354
"TER-NFTB-T-15",2025-05-21,NA,0.140375087740162,0.186403619979208
"TER-NFTB-T-15",2025-05-22,NA,0.0757565406354025,0.107953248710435
"TER-NFTB-T-15",2025-05-23,NA,0.0793128899028527,0.129563495634715
"TER-NFTB-T-15",2025-05-24,NA,0.0988128299110552,0.135922632903168
"TER-NFTB-T-15",2025-05-25,NA,0.0844172458147365,0.131597574959631
"TER-NFTB-T-15",2025-05-26,NA,0.11948392645947,0.181780113044998
"TER-NFTB-T-15",2025-05-27,NA,0.0801705732550567,0.124551570220531
"TER-NFTB-T-15",2025-05-28,NA,0.07095436241626,0.103298648229972
"TER-NFTB-T-15",2025-05-29,NA,0.0537643089602464,0.0744722534360906
"TER-NFTB-T-15",2025-05-30,NA,0.0697967735618677,0.0946028117182927
"TER-NFTB-T-15",2025-05-31,NA,0.137681738670013,0.186060245626271
"TER-NFTB-T-15",2025-06-01,NA,0.170508179344425,0.223358882718748
"TER-NFTB-T-15",2025-06-02,NA,0.266760626072829,0.35730266882556
"TER-NFTB-T-15",2025-06-03,NA,0.0907052901839216,0.126768475697566
"TER-NFTB-T-15",2025-06-04,NA,0.0605399677626305,0.0758046776773543
"TER-NFTB-T-15",2025-06-05,NA,0.108250375554005,0.128048061884708
"TER-NFTB-T-15",2025-06-06,NA,0.0750087414818793,0.0806848257485103
"TER-NFTB-T-15",2025-06-07,NA,0.0796934368509397,0.0795998074732237
"TER-NFTB-T-15",2025-06-08,NA,0.0753668064861695,0.100287066833631
"TER-NFTB-T-15",2025-06-09,NA,0.0813605237452613,0.0783254953468645
"TER-NFTB-T-15",2025-06-10,NA,0.0940113023671247,0.107544042032379
"TER-NFTB-T-15",2025-06-11,NA,0.11930870088086,0.153422805529591
"TER-NFTB-T-15",2025-06-12,NA,0.074533149164783,0.106212942000793
"TER-NFTB-T-18",2023-08-09,0.704447037144658,0.0426612857246276,0.0718578946947594
"TER-NFTB-T-18",2023-08-10,0.39096921989685,0.0236748138633578,0.243826977561136
"TER-NFTB-T-18",2023-08-11,0.488432257868822,0.0335220773890131,0.0724343072068667
"TER-NFTB-T-18",2023-08-12,0.196975791540355,0.0319824382968795,0.16197774095716
"TER-NFTB-T-18",2023-08-13,0.229294679419956,0.0863908864112467,0.0453177253695688
"TER-NFTB-T-18",2023-08-14,0.6219966191166,0.15361821048945,0.0903206855702879
"TER-NFTB-T-18",2023-08-15,0.299757071346868,0.17372532894687,0.0291403513024106
"TER-NFTB-T-18",2023-08-16,0.433539214906273,0.233523651578207,0.0209929780660149
"TER-NFTB-T-18",2023-08-17,0.30557147896216,0.110619602931844,0.0124414133593973
"TER-NFTB-T-18",2023-08-18,0.339846328933597,0.113481036472659,0.0424636224812189
"TER-NFTB-T-18",2023-08-19,0.136375198905138,0.229538554269285,0.0418357354921138
"TER-NFTB-T-18",2023-08-20,0.103361119726366,0.0603893217848908,0.0229459761254095
"TER-NFTB-T-18",2023-08-21,0.113690566831461,0.0194655693027898,0.0353462740567011
"TER-NFTB-T-18",2023-08-22,0.345576452471763,0.0693136574845664,0.112974428794184
"TER-NFTB-T-18",2023-08-23,0.409039975117023,0.0272515728909582,0.0312788438586882
"TER-NFTB-T-18",2023-08-24,0.351496858427063,0.0246127169543176,0.106038766662587
"TER-NFTB-T-18",2023-08-25,0.487914183809202,0.0114373506445385,0.0369369352988195
"TER-NFTB-T-18",2023-08-26,0.529553328575628,0.0120743901635141,0.0228407490701531
"TER-NFTB-T-18",2023-08-27,0.242274246734716,0.0145029185760369,0.0154261171128882
"TER-NFTB-T-18",2023-08-28,0.172599593669609,0.0224811534357018,0.044449117185323
"TER-NFTB-T-18",2023-08-29,NA,0.0295311689517482,0.0334759692268835
"TER-NFTB-T-18",2023-08-30,NA,0.0851397859338599,0.224745213918158
"TER-NFTB-T-18",2023-08-31,NA,0.0759678722874882,0.120920263018388
"TER-NFTB-T-18",2023-09-01,NA,0.127249509423519,0.254461865422933
"TER-NFTB-T-18",2023-09-02,NA,0.0601758859562047,0.0680106550272742
"TER-NFTB-T-18",2023-09-03,NA,0.136750044258834,0.229519770111122
"TER-NFTB-T-18",2023-09-04,NA,0.075782489810133,0.0699020203517252
"TER-NFTB-T-18",2023-09-05,NA,0.0879529702278804,0.225954326538444
"TER-NFTB-T-18",2023-09-06,NA,0.0280102160182132,0.0618880495941037
"TER-NFTB-T-18",2023-09-07,NA,0.0266006398975156,0.131168930686561
"TER-NFTB-T-18",2023-09-08,NA,0.0242129802625948,0.0136621222596333
"TER-NFTB-T-18",2023-09-09,NA,0.0927867854565435,0.0729410235448398
"TER-NFTB-T-18",2023-09-10,NA,0.106406789227693,0.0543032309754224
"TER-NFTB-T-18",2023-09-11,NA,0.0698602325463951,0.20738279301168
"TER-NFTB-T-18",2023-09-12,NA,0.0920500006675046,0.0479704551400015
"TER-NFTB-T-18",2023-09-13,NA,0.0306351570885061,0.199684511234016
"TER-NFTB-T-18",2023-09-14,NA,0.029947131829896,0.0870132853368296
"TER-NFTB-T-18",2023-09-15,NA,0.025327614405933,0.321845359521909
"TER-NFTB-T-18",2023-09-16,NA,0.139187836493655,0.0616154733658252
"TER-NFTB-T-18",2023-09-17,NA,0.0744467539313919,0.325914314454529
"TER-NFTB-T-18",2023-09-18,NA,0.140843328001563,0.0911506532980227
"TER-NFTB-T-18",2023-09-19,NA,0.0364326693521162,0.112070194131493
"TER-NFTB-T-18",2023-09-20,NA,0.0279750888489138,0.0407358906140333
"TER-NFTB-T-18",2023-09-21,NA,0.0448393022626316,0.0666150338876019
"TER-NFTB-T-18",2023-09-22,NA,0.106115640458495,0.0332704975062178
"TER-NFTB-T-18",2023-09-23,NA,0.0468611154050142,0.0640051069009105
"TER-NFTB-T-18",2023-09-24,NA,0.121421869333103,0.0235338539324667
"TER-NFTB-T-18",2023-09-25,NA,0.0987986609239558,0.0175026137210069
"TER-NFTB-T-18",2023-09-26,NA,0.0197403803261032,0.014341335991785
"TER-NFTB-T-18",2023-09-27,NA,0.0169181571399051,0.0134188281478372
"TER-NFTB-T-18",2023-09-28,NA,0.0158478171137652,0.00874249657368416
"TER-NFTB-T-18",2023-09-29,NA,0.0399193769546037,0.231882886854225
"TER-NFTB-T-18",2023-09-30,NA,0.0237772269113878,0.0615876929778609
"TER-NFTB-T-18",2023-10-01,NA,0.06634627856885,NA
"TER-NFTB-T-18",2023-10-02,NA,0.0314515399742168,NA
"TER-NFTB-T-18",2023-10-03,NA,0.0222929097889255,NA
"TER-NFTB-T-18",2023-10-04,NA,0.0295263430071482,NA
"TER-NFTB-T-18",2023-10-05,NA,0.0260328591100643,NA
"TER-NFTB-T-18",2023-10-06,NA,0.0294476323108409,NA
"TER-NFTB-T-18",2023-10-07,NA,0.0276228525744004,NA
"TER-NFTB-T-18",2023-10-08,NA,0.0272189053151865,NA
"TER-NFTB-T-18",2023-10-09,NA,0.026761267666253,NA
"TER-NFTB-T-18",2023-10-10,NA,0.0271462095829445,NA
"TER-NFTB-T-18",2023-10-11,NA,0.0274877245539892,NA
"TER-NFTB-T-18",2023-10-12,NA,0.0235781369052514,NA
"TER-NFTB-T-18",2023-10-13,NA,0.0229208613124553,NA
"TER-NFTB-T-18",2023-10-14,NA,0.0218299852868344,NA
"TER-NFTB-T-18",2023-10-15,NA,0.0200873581096175,NA
"TER-NFTB-T-18",2023-10-16,NA,0.0164120770362108,NA
"TER-NFTB-T-18",2023-10-17,NA,0.0305049363286214,NA
"TER-NFTB-T-18",2023-10-18,NA,0.0352491889987416,NA
"TER-NFTB-T-18",2023-10-19,NA,0.0252799383669628,NA
"TER-NFTB-T-18",2023-10-20,NA,0.0149975542697128,NA
"TER-NFTB-T-18",2023-10-21,NA,0.0137685256501476,NA
"TER-NFTB-T-18",2023-10-22,NA,0.00707327383396371,NA
"TER-NFTB-T-18",2023-10-23,NA,0.0136110383930613,NA
"TER-NFTB-T-18",2023-10-24,NA,0.0227475235422687,NA
"TER-NFTB-T-18",2023-10-25,NA,0.0204240874214559,NA
"TER-NFTB-T-18",2023-10-26,NA,0.00879027684491131,NA
"TER-NFTB-T-18",2023-10-27,NA,0.0162318104868368,NA
"TER-NFTB-T-18",2023-10-28,NA,0.000842762047259517,NA
"TER-NFTB-T-18",2023-10-29,NA,0.0118053983809718,NA
"TER-NFTB-T-18",2023-10-30,NA,0.0223350712091198,NA
"TER-NFTB-T-18",2023-10-31,NA,0.00326966798000153,NA
"TER-NFTB-T-18",2023-11-01,NA,0.0103876234049774,NA
"TER-NFTB-T-18",2023-11-02,NA,0.0590783317143517,NA
"TER-NFTB-T-18",2023-11-03,NA,0.0147842484781496,NA
"TER-NFTB-T-18",2023-11-04,NA,0.0384989025911005,NA
"TER-NFTB-T-18",2023-11-05,NA,0.00027348737007164,NA
"TER-NFTB-T-18",2023-11-06,NA,0.0315885662997498,NA
"TER-NFTB-T-18",2023-11-07,NA,0.00027348737007164,NA
"TER-NFTB-T-18",2023-11-08,NA,0,NA
"TER-NFTB-T-18",2023-11-09,NA,0.00151536629792884,NA
"TER-NFTB-T-18",2023-11-10,NA,0.000782233338367727,NA
"TER-NFTB-T-18",2023-11-11,NA,0.00145798453184784,NA
"TER-NFTB-T-18",2023-11-12,NA,0.0122807948158811,NA
"TER-NFTB-T-18",2023-11-13,NA,0.0085774106475002,NA
"TER-NFTB-T-18",2023-11-14,NA,0.00410318936673763,NA
"TER-NFTB-T-18",2023-11-15,NA,0.00856947112159966,NA
"TER-NFTB-T-18",2023-11-16,NA,0.00931453160823631,NA
"TER-NFTB-T-18",2023-11-17,NA,0.0100151270628497,NA
"TER-NFTB-T-18",2023-11-18,NA,0.0124711372690425,NA
"TER-NFTB-T-18",2023-11-19,NA,0.00994733862186727,NA
"TER-NFTB-T-18",2023-11-20,NA,0.00592175401956078,NA
"TER-NFTB-T-18",2023-11-21,NA,0.00817191174132391,NA
"TER-NFTB-T-18",2023-11-22,NA,0.00937661930314561,NA
"TER-NFTB-T-18",2023-11-23,NA,NA,NA
"TER-NFTB-T-18",2023-11-24,0.000699322542065119,0.0179694949828192,NA
"TER-NFTB-T-18",2023-11-25,0.00732981201619243,0.021726144557272,NA
"TER-NFTB-T-18",2023-11-26,0.00331442013042069,0.0270299930059972,NA
"TER-NFTB-T-18",2023-11-27,0,0.0264193977317599,NA
"TER-NFTB-T-18",2023-11-28,0,0.0477338292487052,NA
"TER-NFTB-T-18",2023-11-29,0,0.0444406868389457,NA
"TER-NFTB-T-18",2023-11-30,NA,NA,NA
"TER-NFTB-T-18",2023-12-01,0,0.0201850046029216,NA
"TER-NFTB-T-18",2023-12-02,0,0.0211738832579438,NA
"TER-NFTB-T-18",2023-12-03,0,0.00437385609149954,NA
"TER-NFTB-T-18",2023-12-04,0,0.00934323152988195,NA
"TER-NFTB-T-18",2023-12-05,0,0.0175549202684087,NA
"TER-NFTB-T-18",2023-12-06,0,0.0244570696629075,NA
"TER-NFTB-T-18",2023-12-07,0.000511664698100323,0.0208428547185469,NA
"TER-NFTB-T-18",2023-12-08,0,0.0302889844270885,NA
"TER-NFTB-T-18",2023-12-09,0.00239812917869616,0.0255826616402012,NA
"TER-NFTB-T-18",2023-12-10,0.00393088155607633,0.0228433868924354,NA
"TER-NFTB-T-18",2023-12-11,0.00586333196951177,0.0210265709990761,NA
"TER-NFTB-T-18",2023-12-12,0.00256860584043014,0.0158481649144061,NA
"TER-NFTB-T-18",2023-12-13,0,0.0194202098585245,NA
"TER-NFTB-T-18",2023-12-14,0,0.0194958657950078,NA
"TER-NFTB-T-18",2023-12-15,0,0.0242156106100313,NA
"TER-NFTB-T-18",2023-12-16,NA,0.0255817169166228,NA
"TER-NFTB-T-18",2023-12-17,NA,0.0278179650815183,NA
"TER-NFTB-T-18",2023-12-18,NA,0.0307743869358552,NA
"TER-NFTB-T-18",2023-12-19,NA,0.0241019342078614,NA
"TER-NFTB-T-18",2023-12-20,NA,0.0331040084455064,NA
"TER-NFTB-T-18",2023-12-21,NA,0.0323178295126901,NA
"TER-NFTB-T-18",2023-12-22,NA,0.0343746139653948,NA
"TER-NFTB-T-18",2023-12-23,NA,0.0319478646457532,NA
"TER-NFTB-T-18",2023-12-24,NA,0.00770650496922734,NA
"TER-NFTB-T-18",2023-12-25,NA,0.0303003439863731,NA
"TER-NFTB-T-18",2023-12-26,NA,0.0242958310969672,NA
"TER-NFTB-T-18",2023-12-27,NA,0.0184099942858607,NA
"TER-NFTB-T-18",2023-12-28,NA,0.0266405728415817,NA
"TER-NFTB-T-18",2023-12-29,NA,0.0276442258176102,NA
"TER-NFTB-T-18",2023-12-30,NA,0.0266660098749425,NA
"TER-NFTB-T-18",2023-12-31,NA,0.0224210316343216,NA
"TER-NFTB-T-18",2024-01-01,NA,0.0260931029208008,NA
"TER-NFTB-T-18",2024-01-02,NA,0.0214317566076277,NA
"TER-NFTB-T-18",2024-01-03,NA,0.00150626405787747,NA
"TER-NFTB-T-18",2024-01-04,NA,0.0137666717405767,NA
"TER-NFTB-T-18",2024-01-05,NA,0.0218391929479439,NA
"TER-NFTB-T-18",2024-01-06,NA,0.0245501384376218,NA
"TER-NFTB-T-18",2024-01-07,NA,0.0256514177203168,NA
"TER-NFTB-T-18",2024-01-08,NA,0.019733030877361,NA
"TER-NFTB-T-18",2024-01-09,NA,0.0238766381379788,NA
"TER-NFTB-T-18",2024-01-10,NA,0.0309764485316566,NA
"TER-NFTB-T-18",2024-01-11,NA,0.0264814039972355,NA
"TER-NFTB-T-18",2024-01-12,NA,0.0261952646879421,NA
"TER-NFTB-T-18",2024-01-13,NA,0.0262697109872086,NA
"TER-NFTB-T-18",2024-01-14,NA,0.0229573028550485,NA
"TER-NFTB-T-18",2024-01-15,NA,0.022988254619163,NA
"TER-NFTB-T-18",2024-01-16,NA,0.0251076233367253,NA
"TER-NFTB-T-18",2024-01-17,NA,0.0265430920198556,NA
"TER-NFTB-T-18",2024-01-18,0,0.024950703808436,NA
"TER-NFTB-T-18",2024-01-19,0,0.0328065100045049,NA
"TER-NFTB-T-18",2024-01-20,0,0.0317553472997509,NA
"TER-NFTB-T-18",2024-01-21,0.00821669829029701,0.0384213685235296,NA
"TER-NFTB-T-18",2024-01-22,0.0455491421422906,0.0369954185183365,NA
"TER-NFTB-T-18",2024-01-23,0.0510782576630272,NA,NA
"TER-NFTB-T-18",2024-01-24,0.0504413454567096,0.0354585928177651,NA
"TER-NFTB-T-18",2024-01-25,0.0462060632375289,0.0291142731976532,NA
"TER-NFTB-T-18",2024-01-26,0.0475404873596727,0.0350000613209685,NA
"TER-NFTB-T-18",2024-01-27,0.0420325474430418,0.0341058537628426,NA
"TER-NFTB-T-18",2024-01-28,0.00714280430663929,0.0246629598066734,NA
"TER-NFTB-T-18",2024-01-29,0,0.0267810445962727,NA
"TER-NFTB-T-18",2024-01-30,0.00220661808400367,0.0324812797789477,NA
"TER-NFTB-T-18",2024-01-31,0,0.0307276578975615,NA
"TER-NFTB-T-18",2024-02-01,0.00201695772003367,0.0332178018594766,NA
"TER-NFTB-T-18",2024-02-02,0.019014169508641,0.0290420990349488,NA
"TER-NFTB-T-18",2024-02-03,0.0125223110927909,0.0283394073534438,NA
"TER-NFTB-T-18",2024-02-04,0.000292206493502192,0.0304074565806388,NA
"TER-NFTB-T-18",2024-02-05,0.0184647552220765,0.0297667171080367,NA
"TER-NFTB-T-18",2024-02-06,0.0359482532107641,0.030883042570627,NA
"TER-NFTB-T-18",2024-02-07,0.0355376797058838,0.0278648372432212,NA
"TER-NFTB-T-18",2024-02-08,0.0178868043659993,0.0281772732193559,NA
"TER-NFTB-T-18",2024-02-09,0,0.0269174553848867,NA
"TER-NFTB-T-18",2024-02-10,0,0.0284073855398262,NA
"TER-NFTB-T-18",2024-02-11,0,0.0279163355919983,NA
"TER-NFTB-T-18",2024-02-12,0.00414842661075791,0.0266279987082708,NA
"TER-NFTB-T-18",2024-02-13,0,0.0255918644082017,NA
"TER-NFTB-T-18",2024-02-14,0,0.0224718202355405,NA
"TER-NFTB-T-18",2024-02-15,0.000312043925685496,0.0288426376080093,0.0141039991161528
"TER-NFTB-T-18",2024-02-16,0.0126463429291703,0.0334318235319883,NA
"TER-NFTB-T-18",2024-02-17,0,0.016283948679707,NA
"TER-NFTB-T-18",2024-02-18,0,0.00991305884413728,NA
"TER-NFTB-T-18",2024-02-19,0,0.0014423201872781,NA
"TER-NFTB-T-18",2024-02-20,0,0,NA
"TER-NFTB-T-18",2024-02-21,0,0,NA
"TER-NFTB-T-18",2024-02-22,0,0.00667968851477626,NA
"TER-NFTB-T-18",2024-02-23,0.000584412987004394,0.0337389606818052,NA
"TER-NFTB-T-18",2024-02-24,0,0,0.0691218686273862
"TER-NFTB-T-18",2024-02-25,0,0,0.0488929839949773
"TER-NFTB-T-18",2024-02-26,0,0.000776194848376775,0.0603205555530709
"TER-NFTB-T-18",2024-02-27,0,0.0422247474765641,0.146424156673784
"TER-NFTB-T-18",2024-02-28,0,0.030207909606793,0.152415851275794
"TER-NFTB-T-18",2024-02-29,0,0.016635243730508,0.105026106818043
"TER-NFTB-T-18",2024-03-01,0,0.0558892269784492,0.158208760699728
"TER-NFTB-T-18",2024-03-02,0.00103202719742693,0.0469743272543954,0.15305779701076
"TER-NFTB-T-18",2024-03-03,0,0.00344530556637876,0.088092489789537
"TER-NFTB-T-18",2024-03-04,0,0.0148809624139894,0.0960504110039026
"TER-NFTB-T-18",2024-03-05,0,0,0.0599251353894903
"TER-NFTB-T-18",2024-03-06,0,0.000403373006982387,0.0372426182535957
"TER-NFTB-T-18",2024-03-07,0,0,0.0268546771331969
"TER-NFTB-T-18",2024-03-08,0,0.00158718090165867,0.042465490448404
"TER-NFTB-T-18",2024-03-09,0,0,0.0511978514557741
"TER-NFTB-T-18",2024-03-10,0,0.000292206493502192,0.0660506052855851
"TER-NFTB-T-18",2024-03-11,0,0,0.0143488274703061
"TER-NFTB-T-18",2024-03-12,0,0.00788670874599206,0.0795854257989639
"TER-NFTB-T-18",2024-03-13,NA,NA,NA
"TER-NFTB-T-18",2024-03-14,0,0,0.0443909992771743
"TER-NFTB-T-18",2024-03-15,0,0,0.0217601718096726
"TER-NFTB-T-18",2024-03-16,0,0.00730322883327596,0.10462905463297
"TER-NFTB-T-18",2024-03-17,0,0.00701295584405272,0.0967555079186132
"TER-NFTB-T-18",2024-03-18,0,0,0.0151961075040848
"TER-NFTB-T-18",2024-03-19,0,0.0237761466577083,0.0741637954188298
"TER-NFTB-T-18",2024-03-20,0.000936131777056479,0.0676477080991816,0.155673887424228
"TER-NFTB-T-18",2024-03-21,0,0.0125234473631136,0.106224028085852
"TER-NFTB-T-18",2024-03-22,0,0,0.0199368217947941
"TER-NFTB-T-18",2024-03-23,0,0,0.0225887239699308
"TER-NFTB-T-18",2024-03-24,0,0.0110607423086708,0.0593124208349641
"TER-NFTB-T-18",2024-03-25,0,0.000231231688349557,0.0562804315058424
"TER-NFTB-T-18",2024-03-26,0,0,0.0310604254965077
"TER-NFTB-T-18",2024-03-27,0,0.012062681017359,0.0534881491200291
"TER-NFTB-T-18",2024-03-28,0,0.000201686503491194,0.0199397640708177
"TER-NFTB-T-18",2024-03-29,0,0,0.00418279272968303
"TER-NFTB-T-18",2024-03-30,0,0,0.0011964277918604
"TER-NFTB-T-18",2024-03-31,0,0.0206980181657329,0.098501943200109
"TER-NFTB-T-18",2024-04-01,0,0.000322399547932908,0.0489475888625787
"TER-NFTB-T-18",2024-04-02,0,0,0.0121808295633499
"TER-NFTB-T-18",2024-04-03,0,0,0.000223508435394696
"TER-NFTB-T-18",2024-04-04,0,0,0.0159793425536506
"TER-NFTB-T-18",2024-04-05,NA,NA,NA
"TER-NFTB-T-18",2024-04-06,0,0.0134047320688907,0.0577259839701716
"TER-NFTB-T-18",2024-04-07,0,0,0.0085175910118268
"TER-NFTB-T-18",2024-04-08,0,0,0.00156021962842747
"TER-NFTB-T-18",2024-04-09,0,0,0.00218430747979844
"TER-NFTB-T-18",2024-04-10,0,0.000644799095865816,0
"TER-NFTB-T-18",2024-04-11,0,0.00134318914860078,0.00627723450341039
"TER-NFTB-T-18",2024-04-12,0,0.000671048067984401,0.0186620580316688
"TER-NFTB-T-18",2024-04-13,0,0.000848131746024905,0
"TER-NFTB-T-18",2024-04-14,0,0,0
"TER-NFTB-T-18",2024-04-15,0,0.00274802346356253,0
"TER-NFTB-T-18",2024-04-16,0,0.00703614259968357,0
"TER-NFTB-T-18",2024-04-17,0,0.00759326337225024,0.000956843021551322
"TER-NFTB-T-18",2024-04-18,0,0.00717310230089841,0.00566112823257611
"TER-NFTB-T-18",2024-04-19,0,0.00311118674307516,0.0158677461805027
"TER-NFTB-T-18",2024-04-20,0,0.00170913974968509,0.0450981705143783
"TER-NFTB-T-18",2024-04-21,0,0.00149064535394308,0.0331393434044072
"TER-NFTB-T-18",2024-04-22,0,0,0.0251475482579908
"TER-NFTB-T-18",2024-04-23,0,0.00338330377216296,0.00563684930710592
"TER-NFTB-T-18",2024-04-24,0,0.00261946751765452,0.018745176181009
"TER-NFTB-T-18",2024-04-25,0.00924551280753059,0.0281290209783587,0.07010362905591
"TER-NFTB-T-18",2024-04-26,0,0.00143435939165003,0.0525341890662557
"TER-NFTB-T-18",2024-04-27,0.00305447713047138,0.0349763318359719,0.114535985135522
"TER-NFTB-T-18",2024-04-28,0.017798292959524,0.0782674322661294,0.160147240266543
"TER-NFTB-T-18",2024-04-29,0.0180518179785574,0.0956992693572438,0.193151765223504
"TER-NFTB-T-18",2024-04-30,0.0136275377771205,0.0723121892529367,0.154891396930531
"TER-NFTB-T-18",2024-05-01,0,0,0.0209453253826799
"TER-NFTB-T-18",2024-05-02,0,0.000967499550410954,0.00288266121904956
"TER-NFTB-T-18",2024-05-03,0,0.00120995510005405,0.0158119664043875
"TER-NFTB-T-18",2024-05-04,0,0.00288499655533906,0.0718148367220953
"TER-NFTB-T-18",2024-05-05,0,0.0585693800020306,0.17342764430241
"TER-NFTB-T-18",2024-05-06,0,0.00695969916798289,0.0065081807631504
"TER-NFTB-T-18",2024-05-07,0,0.00708838093523164,0.0157574408031483
"TER-NFTB-T-18",2024-05-08,0,0.00344459355003816,0.0465376103089688
"TER-NFTB-T-18",2024-05-09,0,0.0592680468229868,0.143725270673257
"TER-NFTB-T-18",2024-05-10,0.0104398946200269,0.0850926922604353,0.163629602258686
"TER-NFTB-T-18",2024-05-11,0.00307900460979894,0.0612722474496962,0.196796254756917
"TER-NFTB-T-18",2024-05-12,0.0682704161613083,0.169044195553183,0.263515359635274
"TER-NFTB-T-18",2024-05-13,NA,NA,NA
"TER-NFTB-T-18",2024-05-14,0.00435572783907095,0.034767646336468,0.130314019961568
"TER-NFTB-T-18",2024-05-15,0.000644799095865826,0.0123870213256906,0.0783737316355477
"TER-NFTB-T-18",2024-05-16,0.00183452946467855,0.00348423497731291,0.0541530180687405
"TER-NFTB-T-18",2024-05-17,0.00266084837440032,0.024248415797842,0.0815676174965446
"TER-NFTB-T-18",2024-05-18,0.0216384909261057,0.0845499816243487,0.173658203481348
"TER-NFTB-T-18",2024-05-19,0.0295961511161522,0.0946632516457395,0.189109060071829
"TER-NFTB-T-18",2024-05-20,0.000733811785871419,0.0286913112406783,0.113127260558155
"TER-NFTB-T-18",2024-05-21,0,0.000391116669183863,0.0586756150375083
"TER-NFTB-T-18",2024-05-22,0,0.000833435743519781,0.0468786894947678
"TER-NFTB-T-18",2024-05-23,0,0.0139109173998256,0.00110104909125991
"TER-NFTB-T-18",2024-05-24,0,0.00824806410943075,0.0468461533766755
"TER-NFTB-T-18",2024-05-25,0,0.0778059806612583,0.162998955947001
"TER-NFTB-T-18",2024-05-26,0.00524729278405217,0.0781988538278473,0.168227757482279
"TER-NFTB-T-18",2024-05-27,0.0157888185007582,0.0382496952455341,0.132515152306134
"TER-NFTB-T-18",2024-05-28,0.00775312290454824,0.0248965269110058,0.120557405291763
"TER-NFTB-T-18",2024-05-29,0,0.01343671574488,0.00971925126443146
"TER-NFTB-T-18",2024-05-30,0,0.0109991519824811,0.0561588423443399
"TER-NFTB-T-18",2024-05-31,0,0.00856366319729278,0.0196974926879743
"TER-NFTB-T-18",2024-06-01,0,0.00684139528134493,0.0462262411254492
"TER-NFTB-T-18",2024-06-02,0,0.0135768376371128,0.0148446101443198
"TER-NFTB-T-18",2024-06-03,0,0.0158860178407856,0.00982593436985838
"TER-NFTB-T-18",2024-06-04,0,0.0135183482063237,0.00675118968958848
"TER-NFTB-T-18",2024-06-05,0,0.0190204513181395,0.000312043925685496
"TER-NFTB-T-18",2024-06-06,0,0.0126615251128078,0.0456607398117912
"TER-NFTB-T-18",2024-06-07,0,0.0135806068436011,0.0578354964909402
"TER-NFTB-T-18",2024-06-08,0,0.0168404050432174,0.0876283779514572
"TER-NFTB-T-18",2024-06-09,0,0.0120861669649841,0.0449130118694142
"TER-NFTB-T-18",2024-06-10,0,0.0181540080272055,0.0859851368301249
"TER-NFTB-T-18",2024-06-11,0.00818923927661303,0.0734787371498838,0.196808619475683
"TER-NFTB-T-18",2024-06-12,0.00435572783907095,0.148143530594461,0.334795027562986
"TER-NFTB-T-18",2024-06-13,0.000644799095865826,0.0212507088985201,0.0783412141076249
"TER-NFTB-T-18",2024-06-14,0.00183452946467855,0.0238920046845471,0.110114658084537
"TER-NFTB-T-18",2024-06-15,0.00266084837440032,0.0788042308210336,0.237757015246121
"TER-NFTB-T-18",2024-06-16,0.0216384909261057,0.0346653848389797,0.15932272728866
"TER-NFTB-T-18",2024-06-17,0.0295961511161522,0.0172497825656548,0.101581186469488
"TER-NFTB-T-18",2024-06-18,0.000733811785871419,0.0510041352580342,0.187477243311833
"TER-NFTB-T-18",2024-06-19,0,0.102356520223943,0.230134364112078
"TER-NFTB-T-18",2024-06-20,0,0.0980420931842192,0.23657351734402
"TER-NFTB-T-18",2024-06-21,0,0.148022025817482,0.337532742221714
"TER-NFTB-T-18",2024-06-22,0,0.0116150073288677,0.117905872421925
"TER-NFTB-T-18",2024-06-23,0,0.0201691148037421,0.119834577530082
"TER-NFTB-T-18",2024-06-24,0.00524729278405217,0.0288033658480339,0.0533397467339254
"TER-NFTB-T-18",2024-06-25,0.0157888185007582,0.049762847969522,0.154955211924299
"TER-NFTB-T-18",2024-06-26,0.00775312290454824,0.103973117541635,0.269085046606275
"TER-NFTB-T-18",2024-06-27,0,0.049859244082359,0.191985863422104
"TER-NFTB-T-18",2024-06-28,0,0.0435089520545238,0.162258468388245
"TER-NFTB-T-18",2024-06-29,0,0.0244916734131192,0.130176922909369
"TER-NFTB-T-18",2024-06-30,0,0.0216788998760697,0.0889679127111202
"TER-NFTB-T-18",2024-07-01,0,0.0898442133750977,0.216160086144096
"TER-NFTB-T-18",2024-07-02,0,0.107199661235395,0.29669097209597
"TER-NFTB-T-18",2024-07-03,0,0.0747126249623955,0.205582923106603
"TER-NFTB-T-18",2024-07-04,0,0.103591339060211,0.263437026447332
"TER-NFTB-T-18",2024-07-05,0,0.229602123444089,0.484323650305531
"TER-NFTB-T-18",2024-07-06,0,0.105077443440572,0.303948798546911
"TER-NFTB-T-18",2024-07-07,0,0.140072494611789,0.36718152323705
"TER-NFTB-T-18",2024-07-08,0,0.0456834353717464,0.102826322553035
"TER-NFTB-T-18",2024-07-09,0,0.0470525766494022,0.131567065287593
"TER-NFTB-T-18",2024-07-10,NA,0.0894989784809693,0.246688759813042
"TER-NFTB-T-18",2024-07-11,NA,0.0319021801826694,0.109923432886249
"TER-NFTB-T-18",2024-07-12,NA,0.0440322589823463,0.123674189580136
"TER-NFTB-T-18",2024-07-13,NA,0.0382308597927914,0.120202859999025
"TER-NFTB-T-18",2024-07-14,NA,0.0973718566707583,0.269050558032322
"TER-NFTB-T-18",2024-07-15,NA,0.0466414520376193,0.100317153904322
"TER-NFTB-T-18",2024-07-16,NA,0.0581396427642568,0.13339406356502
"TER-NFTB-T-18",2024-07-17,NA,0.0529183806115376,0.0594206471438957
"TER-NFTB-T-18",2024-07-18,NA,0.0484222720117032,0.0933809386983371
"TER-NFTB-T-18",2024-07-19,NA,0.119051906039873,0.262542389662866
"TER-NFTB-T-18",2024-07-20,NA,0.107000295211457,0.290822564619887
"TER-NFTB-T-18",2024-07-21,NA,0.102588129072586,0.275355886863579
"TER-NFTB-T-18",2024-07-22,NA,0.0808487020674529,0.246506432096428
"TER-NFTB-T-18",2024-07-23,NA,0.110103963986026,0.265767416839865
"TER-NFTB-T-18",2024-07-24,NA,0.0909121567155455,0.249056430621075
"TER-NFTB-T-18",2024-07-25,NA,0.099863757817885,0.273108259820115
"TER-NFTB-T-18",2024-07-26,NA,0.0546099460845138,0.171683464523227
"TER-NFTB-T-18",2024-07-27,NA,0.0477266221408802,0.150988511874821
"TER-NFTB-T-18",2024-07-28,NA,0.0690904799027068,0.215673366860648
"TER-NFTB-T-18",2024-07-29,NA,0.0883473622672916,0.235829363989205
"TER-NFTB-T-18",2024-07-30,NA,0.0636958216375712,0.185515309956697
"TER-NFTB-T-18",2024-07-31,NA,0.0577335734638893,0.162899737090017
"TER-NFTB-T-18",2024-08-01,NA,0.0744156032256502,0.212882082891606
"TER-NFTB-T-18",2024-08-02,NA,0.074517759003986,0.21517768354742
"TER-NFTB-T-18",2024-08-03,NA,0.106795012992315,0.28307458457995
"TER-NFTB-T-18",2024-08-04,NA,0.178707891482499,0.37540877877339
"TER-NFTB-T-18",2024-08-05,NA,0.197546713741483,0.401324986448075
"TER-NFTB-T-18",2024-08-06,NA,0.0644272193846125,0.129565343501041
"TER-NFTB-T-18",2024-08-07,NA,0.0659943707298158,0.154953664127419
"TER-NFTB-T-18",2024-08-08,NA,0.130179915479357,0.273515439721535
"TER-NFTB-T-18",2024-08-09,NA,0.119896099982255,0.275058032569031
"TER-NFTB-T-18",2024-08-10,NA,0.0748161993056329,0.181801586014523
"TER-NFTB-T-18",2024-08-11,NA,0.0613437092493159,0.128697032820528
"TER-NFTB-T-18",2024-08-12,NA,0.162538887798405,0.305012894927086
"TER-NFTB-T-18",2024-08-13,NA,0.141192652209583,0.299862596364175
"TER-NFTB-T-18",2024-08-14,NA,0.0956567318367128,0.258668567730841
"TER-NFTB-T-18",2024-08-15,NA,0.127745269281958,0.277988827930059
"TER-NFTB-T-18",2024-08-16,NA,0.150354924221252,0.288607334056734
"TER-NFTB-T-18",2024-08-17,NA,0.133901323111853,0.253146281233796
"TER-NFTB-T-18",2024-08-18,NA,0.117981655432569,0.24299284999405
"TER-NFTB-T-18",2024-08-19,NA,0.196952585782563,0.356651954956884
"TER-NFTB-T-18",2024-08-20,NA,0.0722968364585614,0.115743490048079
"TER-NFTB-T-18",2024-08-21,NA,0.0710435154534808,0.0972795705836886
"TER-NFTB-T-18",2024-08-22,NA,0.182386006002551,0.32677125783599
"TER-NFTB-T-18",2024-08-23,NA,0.126650153394137,0.237820655412279
"TER-NFTB-T-18",2024-08-24,NA,0.101389087174398,0.166828117343877
"TER-NFTB-T-18",2024-08-25,NA,0.171990020596702,0.283894123852941
"TER-NFTB-T-18",2024-08-26,NA,0.0892817558907446,0.158220006726636
"TER-NFTB-T-18",2024-08-27,NA,0.0842630343079835,0.166218377363088
"TER-NFTB-T-18",2024-08-28,NA,0.149293299977088,0.261102607019823
"TER-NFTB-T-18",2024-08-29,NA,0.124529022543496,0.239790544054906
"TER-NFTB-T-18",2024-08-30,NA,0.185761084184185,0.310138541546053
"TER-NFTB-T-18",2024-08-31,NA,0.135447658812655,0.234870187495595
"TER-NFTB-T-18",2024-09-01,NA,0.0775086923262462,0.137355430840908
"TER-NFTB-T-18",2024-09-02,NA,0.0920486005103294,0.174823800594057
"TER-NFTB-T-18",2024-09-03,NA,0.147603269952989,0.288704203377847
"TER-NFTB-T-18",2024-09-04,NA,0.139473114154012,0.27909015073727
"TER-NFTB-T-18",2024-09-05,NA,0.160434072460489,0.308038085810206
"TER-NFTB-T-18",2024-09-06,NA,0.146631436455371,0.283429752700379
"TER-NFTB-T-18",2024-09-07,NA,0.0951645341255591,0.181120453582456
"TER-NFTB-T-18",2024-09-08,NA,0.0707830071854271,0.0944954022232279
"TER-NFTB-T-18",2024-09-09,NA,0.0664480257870776,0.0910570861611599
"TER-NFTB-T-18",2024-09-10,NA,0.0673299443841158,0.0770744924103728
"TER-NFTB-T-18",2024-09-11,NA,0.0542407042295467,0.102221625667384
"TER-NFTB-T-18",2024-09-12,0.184544677379541,0.0820766495824341,0.159538642259094
"TER-NFTB-T-18",2024-09-13,0.177886629083922,0.0821356275333539,0.187997959329523
"TER-NFTB-T-18",2024-09-14,0.170969811104197,0.0241779939037824,0.162523671050885
"TER-NFTB-T-18",2024-09-15,0.180685862372809,0.138619502215716,0.239908439610816
"TER-NFTB-T-18",2024-09-16,0.134646003374601,0,0.0855968775092293
"TER-NFTB-T-18",2024-09-17,0.142018956253775,0.026261430936872,0.135931643588493
"TER-NFTB-T-18",2024-09-18,0.135495237151259,0.0744689327515832,0.149055554540587
"TER-NFTB-T-18",2024-09-19,0.14809336346698,0.0547271144233682,0.173163024388003
"TER-NFTB-T-18",2024-09-20,0.119630395015323,0.00761161353305696,0.0923938835884294
"TER-NFTB-T-18",2024-09-21,0.122879009007889,0.0241215738796417,0.16801847833314
"TER-NFTB-T-18",2024-09-22,0.133504630602566,0.0177804562120289,0.142566708984341
"TER-NFTB-T-18",2024-09-23,0.142492321083552,0.0488363877117243,0.201526293919819
"TER-NFTB-T-18",2024-09-24,0.145003200868774,0,0.110752569564598
"TER-NFTB-T-18",2024-09-25,0.140744224341273,0.00165297074123146,0.0780966646566321
"TER-NFTB-T-18",2024-09-26,0.148588343223567,0,0.0984644353186006
"TER-NFTB-T-18",2024-09-27,0.180074992750867,0,0.0588510545888127
"TER-NFTB-T-18",2024-09-28,0.177400791927343,0,0.0694660249453186
"TER-NFTB-T-18",2024-09-29,0.175127541793286,0,0.05300959388135
"TER-NFTB-T-18",2024-09-30,0.178611869055465,0,0.0706282332739892
"TER-NFTB-T-18",2024-10-01,0.182816499234244,0,0.0717019727519452
"TER-NFTB-T-18",2024-10-02,0.170720499786529,0,0.0695078355624298
"TER-NFTB-T-18",2024-10-03,0.173323628245624,0,0.0711107827738076
"TER-NFTB-T-18",2024-10-04,0.165614693668351,0,0.0581061465858971
"TER-NFTB-T-18",2024-10-05,0.133269201903907,0.00274065451255104,0.108070433262197
"TER-NFTB-T-18",2024-10-06,0.111368719278581,0.0228893375904766,0.119720644612163
"TER-NFTB-T-18",2024-10-07,0.125519215630241,0.00473196315244189,0.102718354229568
"TER-NFTB-T-18",2024-10-08,0.143660016591039,0.00594079329545375,0.124892978578973
"TER-NFTB-T-18",2024-10-09,0.131111147194112,0,0.0737687796868302
"TER-NFTB-T-18",2024-10-10,0.122201099303818,0,0.0614085921373959
"TER-NFTB-T-18",2024-10-11,0.0898048434084384,0.0268180465337979,0.107969024828286
"TER-NFTB-T-18",2024-10-12,0.1251222009665,0.0457575484061211,0.156821630064182
"TER-NFTB-T-18",2024-10-13,0.122720358457203,0,0.0645886820725844
"TER-NFTB-T-18",2024-10-14,0.106911357569968,0,0.0500573317586493
"TER-NFTB-T-18",2024-10-15,0.0871528937783916,0,0.0823147784475586
"TER-NFTB-T-18",2024-10-16,0.0806137946417455,0.0407621351075231,0.139958578587484
"TER-NFTB-T-18",2024-10-17,0.0847893061819283,0.0111306777091382,0.1085726250819
"TER-NFTB-T-18",2024-10-18,NA,0,0.107772370973548
"TER-NFTB-T-18",2024-10-19,NA,0,0.0566444927504954
"TER-NFTB-T-18",2024-10-20,NA,0,0.0592767441924181
"TER-NFTB-T-18",2024-10-21,NA,0.0151674223845147,0.117615587411742
"TER-NFTB-T-18",2024-10-22,NA,0.00033305607679255,0.0852838732048362
"TER-NFTB-T-18",2024-10-23,NA,0,0.0514319070968347
"TER-NFTB-T-18",2024-10-24,NA,0.0111183884980094,0.121918584903072
"TER-NFTB-T-18",2024-10-25,NA,0.0845487473257997,0.206417970225082
"TER-NFTB-T-18",2024-10-26,NA,0.0520235293374562,0.15696400498867
"TER-NFTB-T-18",2024-10-27,NA,0.00752708549640943,0.107816426996819
"TER-NFTB-T-18",2024-10-28,NA,0.0809279811902312,0.187439409062615
"TER-NFTB-T-18",2024-10-29,NA,0,0.0502349276216977
"TER-NFTB-T-18",2024-10-30,NA,0,0.0467918952777066
"TER-NFTB-T-18",2024-10-31,NA,0,0.0451727483017397
"TER-NFTB-T-18",2024-11-01,NA,0,0.0496857337321855
"TER-NFTB-T-18",2024-11-02,NA,0,0.0430975233783423
"TER-NFTB-T-18",2024-11-03,NA,0.00977855172658374,0.0359295443614015
"TER-NFTB-T-18",2024-11-04,NA,0.0534842007977788,0.0505038447945581
"TER-NFTB-T-18",2024-11-05,NA,0.062324110251821,0.0453139466044442
"TER-NFTB-T-18",2024-11-06,NA,0.0370321588481383,0.0336350511895421
"TER-NFTB-T-18",2024-11-07,NA,0.0398143181205992,0.0652541914926256
"TER-NFTB-T-18",2024-11-08,NA,NA,0.0527781732785947
"TER-NFTB-T-18",2024-11-09,NA,NA,0.0579614513893347
"TER-NFTB-T-18",2024-11-10,NA,NA,0.0507128889061584
"TER-NFTB-T-18",2024-11-11,NA,NA,0.0527238674916798
"TER-NFTB-T-18",2024-11-12,NA,NA,0.0561061048751167
"TER-NFTB-T-18",2024-11-13,NA,NA,0.0441037706061167
"TER-NFTB-T-18",2024-11-14,NA,NA,0.0310509437972425
"TER-NFTB-T-18",2024-11-15,NA,NA,0.0373238465300734
"TER-NFTB-T-18",2024-11-16,NA,NA,0.0541661755038591
"TER-NFTB-T-18",2024-11-17,NA,NA,0.0404172359605493
"TER-NFTB-T-18",2024-11-18,NA,NA,0.0378091860824834
"TER-NFTB-T-18",2024-11-19,NA,NA,0.0387558396652995
"TER-NFTB-T-18",2024-11-20,NA,NA,0.0457145781832558
"TER-NFTB-T-18",2024-11-21,NA,NA,0.0395024529257951
"TER-NFTB-T-18",2024-11-22,NA,NA,0.0458721285907314
"TER-NFTB-T-18",2024-11-23,NA,NA,0.0381018048154481
"TER-NFTB-T-18",2024-11-24,NA,NA,0.041020308046106
"TER-NFTB-T-18",2024-11-25,NA,NA,0.0500619956684996
"TER-NFTB-T-18",2024-11-26,NA,NA,0.0436176245491812
"TER-NFTB-T-18",2024-11-27,NA,NA,0.0375096697362232
"TER-NFTB-T-18",2024-11-28,NA,NA,0.0381089690278726
"TER-NFTB-T-18",2024-11-29,NA,NA,0.0461243419611487
"TER-NFTB-T-18",2024-11-30,NA,NA,0.0461490207979538
"TER-NFTB-T-18",2024-12-01,NA,NA,0.0477825736353525
"TER-NFTB-T-18",2024-12-02,NA,NA,0.0717501569521613
"TER-NFTB-T-18",2024-12-03,NA,NA,0.0804883786783579
"TER-NFTB-T-18",2024-12-04,NA,NA,0.0834711044248923
"TER-NFTB-T-18",2024-12-05,NA,NA,0.0636621718505765
"TER-NFTB-T-18",2024-12-06,NA,NA,0.0457608874474467
"TER-NFTB-T-18",2024-12-07,NA,NA,0.0427021036209883
"TER-NFTB-T-18",2024-12-08,NA,NA,0.0396647794528586
"TER-NFTB-T-18",2024-12-09,NA,NA,0.0426994488266174
"TER-NFTB-T-18",2024-12-10,NA,NA,0.0434026941418215
"TER-NFTB-T-18",2024-12-11,NA,NA,0.0322627788657912
"TER-NFTB-T-18",2024-12-12,NA,NA,0.0306126094803547
"TER-NFTB-T-18",2024-12-13,NA,NA,0.0229453440080156
"TER-NFTB-T-18",2024-12-14,NA,NA,0.0782298011286974
"TER-NFTB-T-18",2024-12-15,NA,NA,NA
"TER-NFTB-T-18",2024-12-16,NA,NA,0.0327193542100127
"TER-NFTB-T-18",2024-12-17,NA,NA,0.0430303652046473
"TER-NFTB-T-18",2024-12-18,NA,NA,0.0357041269872918
"TER-NFTB-T-18",2024-12-19,NA,NA,0.0271776641196325
"TER-NFTB-T-18",2024-12-20,NA,NA,0.0474400963178987
"TER-NFTB-T-18",2024-12-21,NA,NA,0.0396714962492817
"TER-NFTB-T-18",2024-12-22,NA,NA,0.0319986522796039
"TER-NFTB-T-18",2024-12-23,NA,NA,0.0336117601990649
"TER-NFTB-T-18",2024-12-24,NA,NA,0.0449985193968565
"TER-NFTB-T-18",2024-12-25,NA,NA,0.0364611951305311
"TER-NFTB-T-18",2024-12-26,NA,NA,0.0385832066128004
"TER-NFTB-T-18",2024-12-27,NA,NA,0.0295207510131174
"TER-NFTB-T-18",2024-12-28,NA,NA,0.0291480120361726
"TER-NFTB-T-18",2024-12-29,NA,NA,0.0357941524833144
"TER-NFTB-T-18",2024-12-30,NA,NA,0.0318918357061407
"TER-NFTB-T-18",2024-12-31,NA,NA,0.0339172284651644
"TER-NFTB-T-18",2025-01-01,NA,NA,0.0398889737480654
"TER-NFTB-T-18",2025-01-02,NA,NA,0.0405729541356708
"TER-NFTB-T-18",2025-01-03,NA,NA,0.039618084607439
"TER-NFTB-T-18",2025-01-04,NA,NA,0.0302005133564948
"TER-NFTB-T-18",2025-01-05,NA,NA,0.0430355084028002
"TER-NFTB-T-18",2025-01-06,NA,NA,0.0387747718221562
"TER-NFTB-T-18",2025-01-07,NA,NA,0.0337326814591941
"TER-NFTB-T-18",2025-01-08,NA,NA,0.0350407546642086
"TER-NFTB-T-18",2025-01-09,NA,NA,0.0411281028618277
"TER-NFTB-T-18",2025-01-10,NA,NA,0.0415944993820853
"TER-NFTB-T-18",2025-01-11,NA,NA,0.0405165506075765
"TER-NFTB-T-18",2025-01-12,NA,NA,0.03624426505583
"TER-NFTB-T-18",2025-01-13,NA,NA,0.0394475183475584
"TER-NFTB-T-18",2025-01-14,NA,NA,0.0393318510827109
"TER-NFTB-T-18",2025-01-15,NA,NA,0.0390196415707308
"TER-NFTB-T-18",2025-01-16,NA,NA,0.0405149712866353
"TER-NFTB-T-18",2025-01-17,NA,NA,0.0372969078869783
"TER-NFTB-T-18",2025-01-18,NA,NA,0.0263498113869141
"TER-NFTB-T-18",2025-01-19,NA,NA,0.0266632215877369
"TER-NFTB-T-18",2025-01-20,NA,NA,0.0235255244192666
"TER-NFTB-T-18",2025-01-21,NA,NA,0.0201628650740916
"TER-NFTB-T-18",2025-01-22,NA,NA,0.0459773226610549
"TER-NFTB-T-18",2025-01-23,NA,NA,0.0305457866530846
"TER-NFTB-T-18",2025-01-24,NA,NA,0.0245308092478727
"TER-NFTB-T-18",2025-01-25,NA,NA,0.0292055146147479
"TER-NFTB-T-18",2025-01-26,NA,NA,0.0339780525313989
"TER-NFTB-T-18",2025-01-27,NA,NA,0.0688197249695899
"TER-NFTB-T-18",2025-01-28,NA,NA,0.0368544568277943
"TER-NFTB-T-18",2025-01-29,NA,NA,0.0466006009578286
"TER-NFTB-T-18",2025-01-30,NA,NA,0.0283363543298256
"TER-NFTB-T-18",2025-01-31,NA,NA,0.0296127278389973
"TER-NFTB-T-18",2025-02-01,NA,NA,0.0329818806574863
"TER-NFTB-T-18",2025-02-02,NA,NA,0.0240190098891327
"TER-NFTB-T-18",2025-02-03,NA,NA,0.0295622347538866
"TER-NFTB-T-18",2025-02-04,NA,NA,0.0194140032702181
"TER-NFTB-T-18",2025-02-05,NA,NA,0.035330897674376
"TER-NFTB-T-18",2025-02-06,NA,NA,0.0303561236222905
"TER-NFTB-T-18",2025-02-07,NA,NA,0.0317784034580395
"TER-NFTB-T-18",2025-02-08,NA,NA,0.0233784881252349
"TER-NFTB-T-18",2025-02-09,NA,NA,0.0245321976574885
"TER-NFTB-T-18",2025-02-10,NA,NA,0.0246317023918026
"TER-NFTB-T-18",2025-02-11,NA,NA,0.0275088318915915
"TER-NFTB-T-18",2025-02-12,NA,NA,0.0271445915012482
"TER-NFTB-T-18",2025-02-13,NA,NA,0.0160299740061948
"TER-NFTB-T-18",2025-02-14,NA,NA,0.0144143259922654
"TER-NFTB-T-18",2025-02-15,NA,NA,0.0239207260455003
"TER-NFTB-T-18",2025-02-16,NA,NA,0.0357733212196567
"TER-NFTB-T-18",2025-02-17,NA,NA,0.0288420465514481
"TER-NFTB-T-18",2025-02-18,NA,NA,0.0359816251786074
"TER-NFTB-T-18",2025-02-19,NA,NA,0.0282883303145693
"TER-NFTB-T-18",2025-02-20,NA,NA,0.0221337732005365
"TER-NFTB-T-18",2025-02-21,NA,NA,0.0322362393325376
"TER-NFTB-T-18",2025-02-22,NA,NA,0.0278939543415734
"TER-NFTB-T-18",2025-02-23,NA,NA,0.0305271065829055
"TER-NFTB-T-18",2025-02-24,NA,NA,0.0502620847761622
"TER-NFTB-T-18",2025-02-25,NA,NA,0.0304417587955129
"TER-NFTB-T-18",2025-02-26,NA,NA,0.0411109630457819
"TER-NFTB-T-18",2025-02-27,NA,NA,0.101988368398537
"TER-NFTB-T-18",2025-02-28,NA,NA,0.0452845304791753
"TER-NFTB-T-18",2025-03-01,NA,NA,0.101048116691394
"TER-NFTB-T-18",2025-03-02,NA,NA,0.0889776540133003
"TER-NFTB-T-18",2025-03-03,NA,NA,0.171488980960747
"TER-NFTB-T-18",2025-03-04,NA,NA,0.0711587835950715
"TER-NFTB-T-18",2025-03-05,NA,NA,0.0579877439803799
"TER-NFTB-T-18",2025-03-06,NA,NA,0.0369779033748992
"TER-NFTB-T-18",2025-03-07,NA,NA,0.0421328845898312
"TER-NFTB-T-18",2025-03-08,NA,NA,0.0305456458560134
"TER-NFTB-T-18",2025-03-09,NA,NA,0.025524679648343
"TER-NFTB-T-18",2025-03-10,NA,NA,0.0381217823053656
"TER-NFTB-T-18",2025-03-11,NA,NA,0.0202857588702955
"TER-NFTB-T-18",2025-03-12,NA,NA,0.0204887221343825
"TER-NFTB-T-18",2025-03-13,NA,NA,0.0230510332968988
"TER-NFTB-T-18",2025-03-14,NA,NA,0.0197076995551382
"TER-NFTB-T-18",2025-03-15,NA,NA,0.0239376842881377
"TER-NFTB-T-18",2025-03-16,NA,NA,0.0389153379169289
"TER-NFTB-T-18",2025-03-17,NA,NA,0.0585798968746033
"TER-NFTB-T-18",2025-03-18,NA,NA,0.0227172923409893
"TER-NFTB-T-18",2025-03-19,NA,NA,0.045622202808113
"TER-NFTB-T-18",2025-03-20,NA,NA,0.0464677209996329
"TER-NFTB-T-18",2025-03-21,NA,NA,0.0607547181389938
"TER-NFTB-T-18",2025-03-22,NA,NA,0.11169837255776
"TER-NFTB-T-18",2025-03-23,NA,NA,0.0996696772830695
"TER-NFTB-T-18",2025-03-24,NA,NA,0.0783095769352529
"TER-NFTB-T-18",2025-03-25,NA,NA,0.0311755254466751
"TER-NFTB-T-18",2025-03-26,NA,NA,0.0544822615601002
"TER-NFTB-T-18",2025-03-27,NA,NA,0.0915164197278102
"TER-NFTB-T-18",2025-03-28,NA,NA,0.0694681039296765
"TER-NFTB-T-18",2025-03-29,NA,NA,0.049591765156151
"TER-NFTB-T-18",2025-03-30,NA,NA,0.063859390848675
"TER-NFTB-T-18",2025-03-31,NA,NA,0.0651700842734306
"TER-NFTB-T-18",2025-04-01,NA,NA,0.039132570621154
"TER-NFTB-T-18",2025-04-02,NA,NA,0.0307531879237878
"TER-NFTB-T-18",2025-04-03,NA,NA,0.0371096315302045
"TER-NFTB-T-18",2025-04-04,NA,NA,0.0264698714474175
"TER-NFTB-T-18",2025-04-05,NA,NA,0.0313873465705272
"TER-NFTB-T-18",2025-04-06,NA,NA,0.0183853156426204
"TER-NFTB-T-18",2025-04-07,NA,NA,0.0180577132475363
"TER-NFTB-T-18",2025-04-08,NA,NA,0.0173869204327569
"TER-NFTB-T-18",2025-04-09,NA,NA,0.0198629630817396
"TER-NFTB-T-18",2025-04-10,NA,NA,0.0182754547965225
"TER-NFTB-T-18",2025-04-11,NA,NA,0.0166526384440491
"TER-NFTB-T-18",2025-04-12,NA,NA,0.0199227562931082
"TER-NFTB-T-18",2025-04-13,NA,NA,0.0316186088887087
"TER-NFTB-T-18",2025-04-14,NA,NA,0.0702271019085841
"TER-NFTB-T-18",2025-04-15,NA,NA,0.0882824479208155
"TER-NFTB-T-18",2025-04-16,NA,NA,0.031207519985381
"TER-NFTB-T-18",2025-04-17,NA,NA,0.0456136633929536
"TER-NFTB-T-18",2025-04-18,NA,NA,0.0385548745925598
"TER-NFTB-T-18",2025-04-19,NA,NA,0.0907530581877708
"TER-NFTB-T-18",2025-04-20,NA,NA,0.0370784568907996
"TER-NFTB-T-18",2025-04-21,NA,NA,0.123239428725801
"TER-NFTB-T-18",2025-04-22,NA,NA,0.0814195678421096
"TER-NFTB-T-18",2025-04-23,NA,NA,0.0319684683159575
"TER-NFTB-T-18",2025-04-24,NA,NA,0.0956065834557555
"TER-NFTB-T-18",2025-04-25,NA,NA,0.115643404434616
"TER-NFTB-T-18",2025-04-26,NA,NA,0.0648744955407874
"TER-NFTB-T-18",2025-04-27,NA,NA,0.0449918603167132
"TER-NFTB-T-18",2025-04-28,NA,NA,0.0529658346918176
"TER-NFTB-T-18",2025-04-29,NA,NA,0.0461558379802721
"TER-NFTB-T-18",2025-04-30,NA,NA,0.0157099704493315
"TER-NFTB-T-18",2025-05-01,NA,NA,0.0191996365950215
"TER-NFTB-T-18",2025-05-02,NA,NA,0.0176321950159068
"TER-NFTB-T-18",2025-05-03,NA,NA,0.0219009841390765
"TER-NFTB-T-18",2025-05-04,NA,NA,0.0260338867495986
"TER-NFTB-T-18",2025-05-05,NA,NA,0.0397137771871863
"TER-NFTB-T-18",2025-05-06,NA,NA,0.0168732461604659
"TER-NFTB-T-18",2025-05-07,NA,NA,0.00885902416043307
"TER-NFTB-T-18",2025-05-08,NA,NA,0.00832575185393899
"TER-NFTB-T-18",2025-05-09,NA,NA,0.0138539653520376
"TER-NFTB-T-18",2025-05-10,NA,NA,0.0844879608629878
"TER-NFTB-T-18",2025-05-11,NA,NA,0.052282558788378
"TER-NFTB-T-18",2025-05-12,NA,NA,0.0519748638140137
"TER-NFTB-T-18",2025-05-13,NA,NA,0.0963663515902036
"TER-NFTB-T-18",2025-05-14,NA,NA,0.0213529031160514
"TER-NFTB-T-18",2025-05-15,NA,NA,0.0150210212470221
"TER-NFTB-T-18",2025-05-16,NA,NA,0.0350515147272769
"TER-NFTB-T-18",2025-05-17,NA,NA,0.0757500995206528
"TER-NFTB-T-18",2025-05-18,NA,NA,0.0541188505956819
"TER-NFTB-T-18",2025-05-19,NA,NA,0.0278287840224934
"TER-NFTB-T-18",2025-05-20,NA,NA,0.0620029990235064
"TER-NFTB-T-18",2025-05-21,NA,NA,0.112750390302139
"TER-NFTB-T-18",2025-05-22,NA,NA,0.0615133177353029
"TER-NFTB-T-18",2025-05-23,NA,NA,0.0805621408735497
"TER-NFTB-T-18",2025-05-24,NA,NA,0.0791615270866755
"TER-NFTB-T-18",2025-05-25,NA,NA,0.0674228530550684
"TER-NFTB-T-18",2025-05-26,NA,NA,0.151930980527361
"TER-NFTB-T-18",2025-05-27,NA,NA,0.0713812495822973
"TER-NFTB-T-18",2025-05-28,NA,NA,0.0489452823012405
"TER-NFTB-T-18",2025-05-29,NA,NA,0.0234997075659821
"TER-NFTB-T-18",2025-05-30,NA,NA,0.0360697955456291
"TER-NFTB-T-18",2025-05-31,NA,NA,0.121730023365578
"TER-NFTB-T-18",2025-06-01,NA,NA,0.151886316077146
"TER-NFTB-T-18",2025-06-02,NA,NA,0.297869456286476
"TER-NFTB-T-18",2025-06-03,NA,NA,0.0708195815126107
"TER-NFTB-T-18",2025-06-04,NA,NA,0.043282795501496
"TER-NFTB-T-18",2025-06-05,NA,NA,0.0788595278919484
"TER-NFTB-T-18",2025-06-06,NA,NA,0.0495219278164489
"TER-NFTB-T-18",2025-06-07,NA,NA,0.0627837429509074
"TER-NFTB-T-18",2025-06-08,NA,NA,0.0776580841975792
"TER-NFTB-T-18",2025-06-09,NA,NA,0.0529169083621668
"TER-NFTB-T-18",2025-06-10,NA,NA,0.0706061334238549
"TER-NFTB-T-18",2025-06-11,NA,NA,0.0769742533418965
"TER-NFTB-T-18",2025-06-12,NA,NA,0.0493857733031064
"TER-PRIBS-T06",2023-08-09,NA,NA,NA
"TER-PRIBS-T06",2023-08-10,NA,NA,NA
"TER-PRIBS-T06",2023-08-11,NA,NA,NA
"TER-PRIBS-T06",2023-08-12,NA,NA,NA
"TER-PRIBS-T06",2023-08-13,NA,NA,NA
"TER-PRIBS-T06",2023-08-14,NA,NA,NA
"TER-PRIBS-T06",2023-08-15,NA,NA,NA
"TER-PRIBS-T06",2023-08-16,NA,NA,NA
"TER-PRIBS-T06",2023-08-17,NA,NA,NA
"TER-PRIBS-T06",2023-08-18,NA,NA,NA
"TER-PRIBS-T06",2023-08-19,NA,NA,NA
"TER-PRIBS-T06",2023-08-20,NA,NA,NA
"TER-PRIBS-T06",2023-08-21,NA,NA,NA
"TER-PRIBS-T06",2023-08-22,NA,NA,NA
"TER-PRIBS-T06",2023-08-23,NA,NA,NA
"TER-PRIBS-T06",2023-08-24,NA,NA,NA
"TER-PRIBS-T06",2023-08-25,NA,NA,NA
"TER-PRIBS-T06",2023-08-26,NA,NA,NA
"TER-PRIBS-T06",2023-08-27,NA,NA,NA
"TER-PRIBS-T06",2023-08-28,NA,NA,NA
"TER-PRIBS-T06",2023-08-29,NA,NA,NA
"TER-PRIBS-T06",2023-08-30,NA,NA,NA
"TER-PRIBS-T06",2023-08-31,NA,NA,NA
"TER-PRIBS-T06",2023-09-01,NA,NA,NA
"TER-PRIBS-T06",2023-09-02,NA,NA,NA
"TER-PRIBS-T06",2023-09-03,NA,NA,NA
"TER-PRIBS-T06",2023-09-04,NA,NA,NA
"TER-PRIBS-T06",2023-09-05,NA,NA,NA
"TER-PRIBS-T06",2023-09-06,NA,NA,NA
"TER-PRIBS-T06",2023-09-07,NA,NA,NA
"TER-PRIBS-T06",2023-09-08,NA,NA,NA
"TER-PRIBS-T06",2023-09-09,NA,NA,NA
"TER-PRIBS-T06",2023-09-10,NA,NA,NA
"TER-PRIBS-T06",2023-09-11,NA,NA,NA
"TER-PRIBS-T06",2023-09-12,NA,NA,NA
"TER-PRIBS-T06",2023-09-13,NA,NA,NA
"TER-PRIBS-T06",2023-09-14,NA,NA,NA
"TER-PRIBS-T06",2023-09-15,NA,NA,NA
"TER-PRIBS-T06",2023-09-16,NA,NA,NA
"TER-PRIBS-T06",2023-09-17,NA,NA,NA
"TER-PRIBS-T06",2023-09-18,NA,NA,NA
"TER-PRIBS-T06",2023-09-19,NA,NA,NA
"TER-PRIBS-T06",2023-09-20,NA,NA,NA
"TER-PRIBS-T06",2023-09-21,NA,NA,NA
"TER-PRIBS-T06",2023-09-22,NA,NA,NA
"TER-PRIBS-T06",2023-09-23,NA,NA,NA
"TER-PRIBS-T06",2023-09-24,NA,NA,NA
"TER-PRIBS-T06",2023-09-25,NA,NA,NA
"TER-PRIBS-T06",2023-09-26,NA,NA,NA
"TER-PRIBS-T06",2023-09-27,NA,NA,NA
"TER-PRIBS-T06",2023-09-28,NA,NA,NA
"TER-PRIBS-T06",2023-09-29,NA,NA,NA
"TER-PRIBS-T06",2023-09-30,NA,NA,NA
"TER-PRIBS-T06",2023-10-01,NA,NA,NA
"TER-PRIBS-T06",2023-10-02,NA,NA,NA
"TER-PRIBS-T06",2023-10-03,NA,NA,NA
"TER-PRIBS-T06",2023-10-04,NA,NA,NA
"TER-PRIBS-T06",2023-10-05,NA,NA,NA
"TER-PRIBS-T06",2023-10-06,NA,NA,NA
"TER-PRIBS-T06",2023-10-07,NA,NA,NA
"TER-PRIBS-T06",2023-10-08,NA,NA,NA
"TER-PRIBS-T06",2023-10-09,NA,NA,NA
"TER-PRIBS-T06",2023-10-10,NA,NA,NA
"TER-PRIBS-T06",2023-10-11,NA,NA,NA
"TER-PRIBS-T06",2023-10-12,NA,NA,NA
"TER-PRIBS-T06",2023-10-13,NA,NA,NA
"TER-PRIBS-T06",2023-10-14,NA,NA,NA
"TER-PRIBS-T06",2023-10-15,NA,NA,NA
"TER-PRIBS-T06",2023-10-16,NA,NA,NA
"TER-PRIBS-T06",2023-10-17,NA,NA,NA
"TER-PRIBS-T06",2023-10-18,NA,NA,NA
"TER-PRIBS-T06",2023-10-19,NA,NA,NA
"TER-PRIBS-T06",2023-10-20,NA,NA,NA
"TER-PRIBS-T06",2023-10-21,NA,NA,NA
"TER-PRIBS-T06",2023-10-22,NA,NA,NA
"TER-PRIBS-T06",2023-10-23,NA,NA,NA
"TER-PRIBS-T06",2023-10-24,NA,NA,NA
"TER-PRIBS-T06",2023-10-25,NA,NA,NA
"TER-PRIBS-T06",2023-10-26,NA,NA,NA
"TER-PRIBS-T06",2023-10-27,NA,NA,NA
"TER-PRIBS-T06",2023-10-28,NA,NA,NA
"TER-PRIBS-T06",2023-10-29,NA,NA,NA
"TER-PRIBS-T06",2023-10-30,NA,NA,NA
"TER-PRIBS-T06",2023-10-31,NA,NA,NA
"TER-PRIBS-T06",2023-11-01,NA,NA,NA
"TER-PRIBS-T06",2023-11-02,NA,NA,NA
"TER-PRIBS-T06",2023-11-03,NA,NA,NA
"TER-PRIBS-T06",2023-11-04,NA,NA,NA
"TER-PRIBS-T06",2023-11-05,NA,NA,NA
"TER-PRIBS-T06",2023-11-06,NA,NA,NA
"TER-PRIBS-T06",2023-11-07,NA,NA,NA
"TER-PRIBS-T06",2023-11-08,NA,NA,NA
"TER-PRIBS-T06",2023-11-09,NA,NA,NA
"TER-PRIBS-T06",2023-11-10,NA,NA,NA
"TER-PRIBS-T06",2023-11-11,NA,NA,NA
"TER-PRIBS-T06",2023-11-12,NA,NA,NA
"TER-PRIBS-T06",2023-11-13,NA,NA,NA
"TER-PRIBS-T06",2023-11-14,NA,NA,NA
"TER-PRIBS-T06",2023-11-15,NA,NA,NA
"TER-PRIBS-T06",2023-11-16,NA,NA,NA
"TER-PRIBS-T06",2023-11-17,NA,NA,NA
"TER-PRIBS-T06",2023-11-18,NA,NA,NA
"TER-PRIBS-T06",2023-11-19,NA,NA,NA
"TER-PRIBS-T06",2023-11-20,NA,NA,NA
"TER-PRIBS-T06",2023-11-21,NA,NA,NA
"TER-PRIBS-T06",2023-11-22,NA,NA,NA
"TER-PRIBS-T06",2023-11-23,NA,NA,NA
"TER-PRIBS-T06",2023-11-24,NA,NA,NA
"TER-PRIBS-T06",2023-11-25,NA,NA,NA
"TER-PRIBS-T06",2023-11-26,NA,NA,NA
"TER-PRIBS-T06",2023-11-27,NA,NA,NA
"TER-PRIBS-T06",2023-11-28,NA,NA,NA
"TER-PRIBS-T06",2023-11-29,NA,NA,NA
"TER-PRIBS-T06",2023-11-30,NA,NA,NA
"TER-PRIBS-T06",2023-12-01,NA,NA,NA
"TER-PRIBS-T06",2023-12-02,NA,NA,NA
"TER-PRIBS-T06",2023-12-03,NA,NA,NA
"TER-PRIBS-T06",2023-12-04,NA,NA,NA
"TER-PRIBS-T06",2023-12-05,NA,NA,NA
"TER-PRIBS-T06",2023-12-06,NA,NA,NA
"TER-PRIBS-T06",2023-12-07,NA,NA,NA
"TER-PRIBS-T06",2023-12-08,NA,NA,NA
"TER-PRIBS-T06",2023-12-09,NA,NA,NA
"TER-PRIBS-T06",2023-12-10,NA,NA,NA
"TER-PRIBS-T06",2023-12-11,NA,NA,NA
"TER-PRIBS-T06",2023-12-12,NA,NA,NA
"TER-PRIBS-T06",2023-12-13,NA,NA,NA
"TER-PRIBS-T06",2023-12-14,NA,NA,NA
"TER-PRIBS-T06",2023-12-15,NA,NA,NA
"TER-PRIBS-T06",2023-12-16,NA,NA,NA
"TER-PRIBS-T06",2023-12-17,NA,NA,NA
"TER-PRIBS-T06",2023-12-18,NA,NA,NA
"TER-PRIBS-T06",2023-12-19,NA,NA,NA
"TER-PRIBS-T06",2023-12-20,NA,NA,NA
"TER-PRIBS-T06",2023-12-21,NA,NA,NA
"TER-PRIBS-T06",2023-12-22,NA,NA,NA
"TER-PRIBS-T06",2023-12-23,NA,NA,NA
"TER-PRIBS-T06",2023-12-24,NA,NA,NA
"TER-PRIBS-T06",2023-12-25,NA,NA,NA
"TER-PRIBS-T06",2023-12-26,NA,NA,NA
"TER-PRIBS-T06",2023-12-27,NA,NA,NA
"TER-PRIBS-T06",2023-12-28,NA,NA,NA
"TER-PRIBS-T06",2023-12-29,NA,NA,NA
"TER-PRIBS-T06",2023-12-30,NA,NA,NA
"TER-PRIBS-T06",2023-12-31,NA,NA,NA
"TER-PRIBS-T06",2024-01-01,NA,NA,NA
"TER-PRIBS-T06",2024-01-02,NA,NA,NA
"TER-PRIBS-T06",2024-01-03,NA,NA,NA
"TER-PRIBS-T06",2024-01-04,NA,NA,NA
"TER-PRIBS-T06",2024-01-05,NA,NA,NA
"TER-PRIBS-T06",2024-01-06,NA,NA,NA
"TER-PRIBS-T06",2024-01-07,NA,NA,NA
"TER-PRIBS-T06",2024-01-08,NA,NA,NA
"TER-PRIBS-T06",2024-01-09,NA,NA,NA
"TER-PRIBS-T06",2024-01-10,NA,NA,NA
"TER-PRIBS-T06",2024-01-11,NA,NA,NA
"TER-PRIBS-T06",2024-01-12,NA,NA,NA
"TER-PRIBS-T06",2024-01-13,NA,NA,NA
"TER-PRIBS-T06",2024-01-14,NA,NA,NA
"TER-PRIBS-T06",2024-01-15,NA,NA,NA
"TER-PRIBS-T06",2024-01-16,NA,NA,NA
"TER-PRIBS-T06",2024-01-17,NA,NA,NA
"TER-PRIBS-T06",2024-01-18,NA,NA,NA
"TER-PRIBS-T06",2024-01-19,NA,NA,NA
"TER-PRIBS-T06",2024-01-20,NA,NA,NA
"TER-PRIBS-T06",2024-01-21,NA,NA,NA
"TER-PRIBS-T06",2024-01-22,NA,NA,NA
"TER-PRIBS-T06",2024-01-23,NA,NA,NA
"TER-PRIBS-T06",2024-01-24,NA,NA,NA
"TER-PRIBS-T06",2024-01-25,NA,NA,NA
"TER-PRIBS-T06",2024-01-26,NA,NA,NA
"TER-PRIBS-T06",2024-01-27,NA,NA,NA
"TER-PRIBS-T06",2024-01-28,NA,NA,NA
"TER-PRIBS-T06",2024-01-29,NA,NA,NA
"TER-PRIBS-T06",2024-01-30,NA,NA,NA
"TER-PRIBS-T06",2024-01-31,NA,NA,NA
"TER-PRIBS-T06",2024-02-01,NA,NA,NA
"TER-PRIBS-T06",2024-02-02,NA,NA,NA
"TER-PRIBS-T06",2024-02-03,NA,NA,NA
"TER-PRIBS-T06",2024-02-04,NA,NA,NA
"TER-PRIBS-T06",2024-02-05,NA,NA,NA
"TER-PRIBS-T06",2024-02-06,NA,NA,NA
"TER-PRIBS-T06",2024-02-07,NA,NA,NA
"TER-PRIBS-T06",2024-02-08,NA,NA,NA
"TER-PRIBS-T06",2024-02-09,NA,NA,NA
"TER-PRIBS-T06",2024-02-10,NA,NA,NA
"TER-PRIBS-T06",2024-02-11,NA,NA,NA
"TER-PRIBS-T06",2024-02-12,NA,NA,NA
"TER-PRIBS-T06",2024-02-13,NA,NA,NA
"TER-PRIBS-T06",2024-02-14,NA,NA,NA
"TER-PRIBS-T06",2024-02-15,NA,NA,NA
"TER-PRIBS-T06",2024-02-16,NA,NA,NA
"TER-PRIBS-T06",2024-02-17,NA,NA,NA
"TER-PRIBS-T06",2024-02-18,NA,NA,NA
"TER-PRIBS-T06",2024-02-19,NA,NA,NA
"TER-PRIBS-T06",2024-02-20,NA,NA,NA
"TER-PRIBS-T06",2024-02-21,NA,NA,NA
"TER-PRIBS-T06",2024-02-22,NA,NA,NA
"TER-PRIBS-T06",2024-02-23,NA,NA,NA
"TER-PRIBS-T06",2024-02-24,NA,NA,NA
"TER-PRIBS-T06",2024-02-25,NA,NA,NA
"TER-PRIBS-T06",2024-02-26,NA,NA,NA
"TER-PRIBS-T06",2024-02-27,NA,NA,NA
"TER-PRIBS-T06",2024-02-28,NA,NA,NA
"TER-PRIBS-T06",2024-02-29,NA,NA,NA
"TER-PRIBS-T06",2024-03-01,NA,NA,NA
"TER-PRIBS-T06",2024-03-02,NA,NA,NA
"TER-PRIBS-T06",2024-03-03,NA,NA,NA
"TER-PRIBS-T06",2024-03-04,NA,NA,NA
"TER-PRIBS-T06",2024-03-05,NA,NA,NA
"TER-PRIBS-T06",2024-03-06,NA,NA,NA
"TER-PRIBS-T06",2024-03-07,NA,NA,NA
"TER-PRIBS-T06",2024-03-08,NA,NA,NA
"TER-PRIBS-T06",2024-03-09,NA,NA,NA
"TER-PRIBS-T06",2024-03-10,NA,NA,NA
"TER-PRIBS-T06",2024-03-11,NA,NA,NA
"TER-PRIBS-T06",2024-03-12,NA,NA,NA
"TER-PRIBS-T06",2024-03-13,NA,NA,NA
"TER-PRIBS-T06",2024-03-14,NA,NA,NA
"TER-PRIBS-T06",2024-03-15,NA,NA,NA
"TER-PRIBS-T06",2024-03-16,NA,NA,NA
"TER-PRIBS-T06",2024-03-17,NA,NA,NA
"TER-PRIBS-T06",2024-03-18,NA,NA,NA
"TER-PRIBS-T06",2024-03-19,NA,NA,NA
"TER-PRIBS-T06",2024-03-20,NA,NA,NA
"TER-PRIBS-T06",2024-03-21,NA,NA,NA
"TER-PRIBS-T06",2024-03-22,NA,NA,NA
"TER-PRIBS-T06",2024-03-23,NA,NA,NA
"TER-PRIBS-T06",2024-03-24,NA,NA,NA
"TER-PRIBS-T06",2024-03-25,NA,NA,NA
"TER-PRIBS-T06",2024-03-26,NA,NA,NA
"TER-PRIBS-T06",2024-03-27,NA,NA,NA
"TER-PRIBS-T06",2024-03-28,NA,NA,NA
"TER-PRIBS-T06",2024-03-29,NA,NA,NA
"TER-PRIBS-T06",2024-03-30,NA,NA,NA
"TER-PRIBS-T06",2024-03-31,NA,NA,NA
"TER-PRIBS-T06",2024-04-01,NA,NA,NA
"TER-PRIBS-T06",2024-04-02,NA,NA,NA
"TER-PRIBS-T06",2024-04-03,NA,NA,NA
"TER-PRIBS-T06",2024-04-04,NA,NA,NA
"TER-PRIBS-T06",2024-04-05,NA,NA,NA
"TER-PRIBS-T06",2024-04-06,NA,NA,NA
"TER-PRIBS-T06",2024-04-07,NA,NA,NA
"TER-PRIBS-T06",2024-04-08,NA,NA,NA
"TER-PRIBS-T06",2024-04-09,NA,NA,NA
"TER-PRIBS-T06",2024-04-10,0.0021318097430519,0.0841009914808367,0.0120498731214098
"TER-PRIBS-T06",2024-04-11,0,0.0515062906405903,0
"TER-PRIBS-T06",2024-04-12,0,0.0421641478032017,0
"TER-PRIBS-T06",2024-04-13,0.0760061988507137,0.0378135220043333,0
"TER-PRIBS-T06",2024-04-14,0.0954815652424271,0.0363383308997491,0
"TER-PRIBS-T06",2024-04-15,0.101687948427228,0.0340865432278508,0
"TER-PRIBS-T06",2024-04-16,0.10634493838433,0.0496239877818956,0
"TER-PRIBS-T06",2024-04-17,0.106838376666797,0.0575763078380337,0
"TER-PRIBS-T06",2024-04-18,0.105506246664965,0.0572715033272951,0
"TER-PRIBS-T06",2024-04-19,0.0916173493686431,0.0550048450039225,0
"TER-PRIBS-T06",2024-04-20,0.116450496327006,0.0393583253575806,0
"TER-PRIBS-T06",2024-04-21,0.104299715446213,0.0295733301067418,0
"TER-PRIBS-T06",2024-04-22,0.092627811026167,0.0227615913144506,0
"TER-PRIBS-T06",2024-04-23,0.0943930094621695,0.0187077432519666,0
"TER-PRIBS-T06",2024-04-24,0.101922734449882,0.000322399547932908,0
"TER-PRIBS-T06",2024-04-25,0.114753357586461,0,0
"TER-PRIBS-T06",2024-04-26,0.0915547406304243,0,0
"TER-PRIBS-T06",2024-04-27,0.142672192770887,0,0.00778388926751589
"TER-PRIBS-T06",2024-04-28,0.16166866907835,0.00372440315235693,0.0226278129883486
"TER-PRIBS-T06",2024-04-29,0.145424564704133,0.00412906038964334,0.0120804263662028
"TER-PRIBS-T06",2024-04-30,0.15217148922731,0,0.0169207111020399
"TER-PRIBS-T06",2024-05-01,0.0887480661153717,0,0
"TER-PRIBS-T06",2024-05-02,0.102778385604269,0,0
"TER-PRIBS-T06",2024-05-03,0.0923195483666974,0,0
"TER-PRIBS-T06",2024-05-04,0.100492352259366,0.0010320627546694,0
"TER-PRIBS-T06",2024-05-05,0.134022461068906,0,0
"TER-PRIBS-T06",2024-05-06,0.103514975422501,0,0
"TER-PRIBS-T06",2024-05-07,0.0984647616304758,0,0
"TER-PRIBS-T06",2024-05-08,0.0913142543609419,0,0
"TER-PRIBS-T06",2024-05-09,0.0337017487102474,0,0
"TER-PRIBS-T06",2024-05-10,0.0157364927553189,0.000378841574482209,0.00885913861553453
"TER-PRIBS-T06",2024-05-11,0.000887935001879498,0,0.000430060758111798
"TER-PRIBS-T06",2024-05-12,0.00833611770561478,0,0.00583622781307723
"TER-PRIBS-T06",2024-05-13,0.015675127178816,0,0
"TER-PRIBS-T06",2024-05-14,0.022842830299409,0.00033305607679255,0.00624878005611069
"TER-PRIBS-T06",2024-05-15,0.00172010459111567,0,0
"TER-PRIBS-T06",2024-05-16,0.0307391232421953,0,0
"TER-PRIBS-T06",2024-05-17,0.0119643859573195,0,0
"TER-PRIBS-T06",2024-05-18,0.00280857087387932,0,0
"TER-PRIBS-T06",2024-05-19,0.0112536095093424,0,0
"TER-PRIBS-T06",2024-05-20,0.00080747866302327,0,0
"TER-PRIBS-T06",2024-05-21,0.0147202725704887,0,0
"TER-PRIBS-T06",2024-05-22,0.0200055445000699,0,0
"TER-PRIBS-T06",2024-05-23,0.0211959188955507,0,0
"TER-PRIBS-T06",2024-05-24,0.0137437285733178,0,0
"TER-PRIBS-T06",2024-05-25,0.0047426019009752,0,0
"TER-PRIBS-T06",2024-05-26,0,0,0
"TER-PRIBS-T06",2024-05-27,0.0169434723610856,0,0.00350906536791074
"TER-PRIBS-T06",2024-05-28,0.0519470940581448,0,0.01399697876109
"TER-PRIBS-T06",2024-05-29,0.0133753649014758,0,0
"TER-PRIBS-T06",2024-05-30,0.00258036454867082,0,0
"TER-PRIBS-T06",2024-05-31,0.0676199006115565,0,0
"TER-PRIBS-T06",2024-06-01,0.0518105321287294,0,0
"TER-PRIBS-T06",2024-06-02,0,0,0
"TER-PRIBS-T06",2024-06-03,0,0,0
"TER-PRIBS-T06",2024-06-04,0,0,0
"TER-PRIBS-T06",2024-06-05,0.0352851233247477,0,0
"TER-PRIBS-T06",2024-06-06,0.0759185813245364,0,0
"TER-PRIBS-T06",2024-06-07,0.0778899690769042,0,0
"TER-PRIBS-T06",2024-06-08,0.0517508996670666,0,0
"TER-PRIBS-T06",2024-06-09,0,0,0
"TER-PRIBS-T06",2024-06-10,0,0,0
"TER-PRIBS-T06",2024-06-11,0,0,0
"TER-PRIBS-T06",2024-06-12,0.0186307339024868,0,0
"TER-PRIBS-T06",2024-06-13,0,0,0
"TER-PRIBS-T06",2024-06-14,0,0,0
"TER-PRIBS-T06",2024-06-15,0.000443776618715068,0,0
"TER-PRIBS-T06",2024-06-16,0,0,0
"TER-PRIBS-T06",2024-06-17,0,0,0
"TER-PRIBS-T06",2024-06-18,0,0,0
"TER-PRIBS-T06",2024-06-19,0,0,0
"TER-PRIBS-T06",2024-06-20,0.00805179711916435,0,0.00161495732604653
"TER-PRIBS-T06",2024-06-21,0.00359250582487846,0,0.0013313298561452
"TER-PRIBS-T06",2024-06-22,0,0,0
"TER-PRIBS-T06",2024-06-23,0.0142092136826465,0,0.00422228660083177
"TER-PRIBS-T06",2024-06-24,0,0,0
"TER-PRIBS-T06",2024-06-25,NA,NA,NA
"TER-PRIBS-T06",2024-06-26,NA,NA,NA
"TER-PRIBS-T06",2024-06-27,NA,NA,NA
"TER-PRIBS-T06",2024-06-28,0.0204958472176566,0.0785684042832285,0.132610621492469
"TER-PRIBS-T06",2024-06-29,0,0.0479308248848268,0.0267034493125234
"TER-PRIBS-T06",2024-06-30,0,0.0252405794857365,0.0370167844883167
"TER-PRIBS-T06",2024-07-01,0.0265350787717961,0.107728769019709,0.145020674782819
"TER-PRIBS-T06",2024-07-02,0.0415904167452286,0.136425804994984,0.159516303741585
"TER-PRIBS-T06",2024-07-03,0.0320229243199735,0.122286724868545,0.152082560908223
"TER-PRIBS-T06",2024-07-04,0.0972892236415321,0.237594254218206,0.263722858401773
"TER-PRIBS-T06",2024-07-05,0.0474117979858739,0.161181162194759,0.178557336778313
"TER-PRIBS-T06",2024-07-06,0.00673743176369989,0.0326784457150614,0.0453791930597801
"TER-PRIBS-T06",2024-07-07,0.0170295077142644,0.0602288693286427,0.0786149360977862
"TER-PRIBS-T06",2024-07-08,0,0,0.00389099204246694
"TER-PRIBS-T06",2024-07-09,0.0345569592344519,0.0877764151640426,0.105702322576255
"TER-PRIBS-T06",2024-07-10,0.0682650918366566,0.141281118689871,0.138962525281343
"TER-PRIBS-T06",2024-07-11,0.0470596001466063,0.137750092985836,0.147176126067985
"TER-PRIBS-T06",2024-07-12,0.00443776618715068,0.0696040192789137,0.0440242623336008
"TER-PRIBS-T06",2024-07-13,0,0.131146515185147,0.139180333253982
"TER-PRIBS-T06",2024-07-14,0.0910124555279686,0.302812730868503,0.332995346714096
"TER-PRIBS-T06",2024-07-15,0,0.0808243078392501,0.068984702770442
"TER-PRIBS-T06",2024-07-16,0.00921074476504981,0.160675617184329,0.174242918984271
"TER-PRIBS-T06",2024-07-17,0,0.00698978121932517,0.00251274041217224
"TER-PRIBS-T06",2024-07-18,0,0.0504785704450492,0.0695091141440262
"TER-PRIBS-T06",2024-07-19,0.0548430735008819,0.201769371972488,0.242464542647103
"TER-PRIBS-T06",2024-07-20,NA,NA,NA
"TER-PRIBS-T06",2024-07-21,0.10709606639102,0.269086767504205,0.282455090360231
"TER-PRIBS-T06",2024-07-22,0.0195402884423434,0.168951190700367,0.183004662190261
"TER-PRIBS-T06",2024-07-23,0.0203982249471211,0.145304771653613,0.153275617282255
"TER-PRIBS-T06",2024-07-24,0.0285741136544665,0.153441289303954,0.167823613447815
"TER-PRIBS-T06",2024-07-25,0.0551024887721949,0.232743172203443,0.250779686561706
"TER-PRIBS-T06",2024-07-26,0.0697007136224901,0.227207893820531,0.224943806745019
"TER-PRIBS-T06",2024-07-27,0.0503780079428272,0.138378339665288,0.140306099483405
"TER-PRIBS-T06",2024-07-28,0.0339467182415502,0.168835510340775,0.150819351698725
"TER-PRIBS-T06",2024-07-29,0,0.0118561616862931,0.0250432801272262
"TER-PRIBS-T06",2024-07-30,0,0.00932419602743456,0.0179799986793225
"TER-PRIBS-T06",2024-07-31,0,0.0333039342913855,0.0165758990050768
"TER-PRIBS-T06",2024-08-01,0.017699281371772,0.141593620652385,0.156835504737713
"TER-PRIBS-T06",2024-08-02,0.00268862265143827,0.105470389661894,0.111953202933462
"TER-PRIBS-T06",2024-08-03,0.0420578993063869,0.214457058520609,0.245948926831182
"TER-PRIBS-T06",2024-08-04,0.126571314963299,0.348895010712561,0.365927327347676
"TER-PRIBS-T06",2024-08-05,0.160733248948465,0.40840187912459,0.426633683081105
"TER-PRIBS-T06",2024-08-06,0,0.0187446733168393,0.0293418604201325
"TER-PRIBS-T06",2024-08-07,0.0165146593983447,0.138078915047625,0.168702054858212
"TER-PRIBS-T06",2024-08-08,0.0446861697734707,0.207408173083246,0.21784238468057
"TER-PRIBS-T06",2024-08-09,0.0230662261160251,0.231843740076694,0.227001165238728
"TER-PRIBS-T06",2024-08-10,0.0663947252136215,0.248665068825901,0.224548171927566
"TER-PRIBS-T06",2024-08-11,0.0113610431180938,0.157333140742152,0.210636327702041
"TER-PRIBS-T06",2024-08-12,0.086126791699122,0.28980267434475,0.293769519358218
"TER-PRIBS-T06",2024-08-13,0.0127484264098359,0.114094217307706,0.114874482610874
"TER-PRIBS-T06",2024-08-14,0.0805502499409517,0.231124989306491,0.230923150577371
"TER-PRIBS-T06",2024-08-15,0.0306577322468258,0.163805963821947,0.148464246977095
"TER-PRIBS-T06",2024-08-16,0.0197896032600242,0.13078077466711,0.122099168914305
"TER-PRIBS-T06",2024-08-17,0.00227208161416237,0.0954579520291653,0.10380895929421
"TER-PRIBS-T06",2024-08-18,0.0259878761219239,0.152453541296314,0.166073708810394
"TER-PRIBS-T06",2024-08-19,0.0948502953273378,0.247075520381159,0.235640390887142
"TER-PRIBS-T06",2024-08-20,0,0,0
"TER-PRIBS-T06",2024-08-21,0.000550990247077152,0.112207765964742,0.145322676057328
"TER-PRIBS-T06",2024-08-22,0.114930079819865,0.369746711887715,0.406274587094087
"TER-PRIBS-T06",2024-08-23,0.00983980820765709,0.113134640240372,0.0959728199740213
"TER-PRIBS-T06",2024-08-24,0,0.116452342324129,0.152218359461002
"TER-PRIBS-T06",2024-08-25,0.0510429663559325,0.281196904949826,0.293722306008279
"TER-PRIBS-T06",2024-08-26,0.0294903461138962,0.216099381175413,0.183592246739947
"TER-PRIBS-T06",2024-08-27,0.0874295624361126,0.277078739049971,0.28180906046819
"TER-PRIBS-T06",2024-08-28,0.0525431242972876,0.246801361323616,0.228250511343812
"TER-PRIBS-T06",2024-08-29,0.0441291934665715,0.226768971149482,0.204275356916818
"TER-PRIBS-T06",2024-08-30,0.161108377982278,0.397148038649361,0.404607200701247
"TER-PRIBS-T06",2024-08-31,0.152093905087727,0.337300789402136,0.346296384690487
"TER-PRIBS-T06",2024-09-01,0,0.0723128612620714,0.10366755688649
"TER-PRIBS-T06",2024-09-02,0.0163321801567093,0.210443014902241,0.237832838777726
"TER-PRIBS-T06",2024-09-03,0.0570206018829853,0.323601251481885,0.35849326391722
"TER-PRIBS-T06",2024-09-04,0.0550113486300502,0.328647043487047,0.353959783975028
"TER-PRIBS-T06",2024-09-05,0.074840000189903,0.359199550950528,0.378672531712753
"TER-PRIBS-T06",2024-09-06,0.130409926650003,0.394606899379857,0.429005556731485
"TER-PRIBS-T06",2024-09-07,0.0685095640765043,0.195268943443377,0.197611938952849
"TER-PRIBS-T06",2024-09-08,0,0.0203896295514799,0.0449139210038692
"TER-PRIBS-T06",2024-09-09,0,0.0773116967265933,0.0802031443686673
"TER-PRIBS-T06",2024-09-10,0,0,0
"TER-PRIBS-T06",2024-09-11,0,0.0865418162544834,0.117337186686805
"TER-PRIBS-T06",2024-09-12,0.0423331539648156,0.222483215747671,0.250865407222193
"TER-PRIBS-T06",2024-09-13,0.0651270958891026,0.273247051792755,0.264545984912644
"TER-PRIBS-T06",2024-09-14,0,0.127944846124915,0.0848337524928986
"TER-PRIBS-T06",2024-09-15,0.0935856572328479,0.29442480761009,0.28034442326585
"TER-PRIBS-T06",2024-09-16,0.000887553237430135,0.0630977580949513,0.0524392961228176
"TER-PRIBS-T06",2024-09-17,0.00577256833401005,0.118940126426495,0.133120491471998
"TER-PRIBS-T06",2024-09-18,0.0360016213966561,0.211153950012026,0.229638990412784
"TER-PRIBS-T06",2024-09-19,0.0583470347471256,0.262328339550609,0.259629485848812
"TER-PRIBS-T06",2024-09-20,0,0.019905274340188,0.0131572635909387
"TER-PRIBS-T06",2024-09-21,0.0178640204226269,0.164292731024767,0.177311656741657
"TER-PRIBS-T06",2024-09-22,0.0219263970592711,0.150458461674952,0.137385121482893
"TER-PRIBS-T06",2024-09-23,0.041670079860018,0.291583901397127,0.331507577280611
"TER-PRIBS-T06",2024-09-24,0.0298421009013799,0.29132057901789,0.268580370839576
"TER-PRIBS-T06",2024-09-25,0,NA,0.0325023993373047
"TER-PRIBS-T06",2024-09-26,0.00374992401321801,NA,0.181013869752312
"TER-PRIBS-T06",2024-09-27,0.00260962474145765,NA,0.126280117630972
"TER-PRIBS-T06",2024-09-28,0.00691329466139668,NA,0.121723865753535
"TER-PRIBS-T06",2024-09-29,0,NA,0.0477738467127807
"TER-PRIBS-T06",2024-09-30,0.0156863174910256,NA,0.21502192321052
"TER-PRIBS-T06",2024-10-01,0.010612858657751,NA,0.148690352620127
"TER-PRIBS-T06",2024-10-02,0.0140835898598109,NA,0.191518688649255
"TER-PRIBS-T06",2024-10-03,0.0596419941134778,NA,0.254510608194858
"TER-PRIBS-T06",2024-10-04,0.00220396098830861,NA,0.0458794366753273
"TER-PRIBS-T06",2024-10-05,0,NA,0
"TER-PRIBS-T06",2024-10-06,0.0757267768457164,NA,0.325349968772608
"TER-PRIBS-T06",2024-10-07,0.017404827754869,NA,0.138984711626814
"TER-PRIBS-T06",2024-10-08,0.0102573518203034,NA,0.0508039426188953
"TER-PRIBS-T06",2024-10-09,0,NA,0
"TER-PRIBS-T06",2024-10-10,0,NA,0
"TER-PRIBS-T06",2024-10-11,0.0216566540863845,NA,0.108737979407742
"TER-PRIBS-T06",2024-10-12,0.0096771212939514,NA,0.0467562709574954
"TER-PRIBS-T06",2024-10-13,0,NA,0
"TER-PRIBS-T06",2024-10-14,0,NA,0
"TER-PRIBS-T06",2024-10-15,0,NA,0.0127128642094041
"TER-PRIBS-T06",2024-10-16,0.00781444936168977,NA,0.075446606805192
"TER-PRIBS-T06",2024-10-17,0,NA,0.00639671599254727
"TER-PRIBS-T06",2024-10-18,0,NA,0.0171413666718385
"TER-PRIBS-T06",2024-10-19,0,NA,0
"TER-PRIBS-T06",2024-10-20,0,NA,0
"TER-PRIBS-T06",2024-10-21,0,NA,0
"TER-PRIBS-T06",2024-10-22,0,NA,0
"TER-PRIBS-T06",2024-10-23,0,NA,0
"TER-PRIBS-T06",2024-10-24,0,NA,0
"TER-PRIBS-T06",2024-10-25,0,NA,0
"TER-PRIBS-T06",2024-10-26,0,NA,0
"TER-PRIBS-T06",2024-10-27,0,NA,0
"TER-PRIBS-T06",2024-10-28,0,NA,0
"TER-PRIBS-T06",2024-10-29,0,NA,0
"TER-PRIBS-T06",2024-10-30,0,NA,0
"TER-PRIBS-T06",2024-10-31,0,NA,0
"TER-PRIBS-T06",2024-11-01,0,NA,0
"TER-PRIBS-T06",2024-11-02,0,NA,0
"TER-PRIBS-T06",2024-11-03,0.014990050322769,NA,0
"TER-PRIBS-T06",2024-11-04,0.00403828486118672,NA,0
"TER-PRIBS-T06",2024-11-05,0,NA,0
"TER-PRIBS-T06",2024-11-06,0,NA,0
"TER-PRIBS-T06",2024-11-07,0,NA,0
"TER-PRIBS-T06",2024-11-08,0,NA,0
"TER-PRIBS-T06",2024-11-09,0,NA,0
"TER-PRIBS-T06",2024-11-10,0,NA,0
"TER-PRIBS-T06",2024-11-11,0,NA,0
"TER-PRIBS-T06",2024-11-12,0,NA,0
"TER-PRIBS-T06",2024-11-13,0,NA,0
"TER-PRIBS-T06",2024-11-14,0,NA,0.0150301224644931
"TER-PRIBS-T06",2024-11-15,0,NA,0.0715592523613825
"TER-PRIBS-T06",2024-11-16,0,NA,0.0727295811701931
"TER-PRIBS-T06",2024-11-17,0,NA,0.0734203661803201
"TER-PRIBS-T06",2024-11-18,0,NA,0.0771629044372426
"TER-PRIBS-T06",2024-11-19,0,NA,0.0731006346085999
"TER-PRIBS-T06",2024-11-20,0,NA,0.0668872157021258
"TER-PRIBS-T06",2024-11-21,0,NA,0.0715474845712261
"TER-PRIBS-T06",2024-11-22,0,NA,0.0851972719389975
"TER-PRIBS-T06",2024-11-23,0,NA,0.0725067889230339
"TER-PRIBS-T06",2024-11-24,0,NA,0.0417122746186949
"TER-PRIBS-T06",2024-11-25,0,NA,0.00150990973875502
"TER-PRIBS-T06",2024-11-26,0,NA,0
"TER-PRIBS-T06",2024-11-27,0,NA,0.000312043925685496
"TER-PRIBS-T06",2024-11-28,0,NA,0.000312043925685496
"TER-PRIBS-T06",2024-11-29,0,NA,0
"TER-PRIBS-T06",2024-11-30,0,NA,0
"TER-PRIBS-T06",2024-12-01,0,NA,0
"TER-PRIBS-T06",2024-12-02,0,NA,0
"TER-PRIBS-T06",2024-12-03,0.00033305607679255,NA,0
"TER-PRIBS-T06",2024-12-04,0,NA,0
"TER-PRIBS-T06",2024-12-05,0,NA,0
"TER-PRIBS-T06",2024-12-06,0,NA,0
"TER-PRIBS-T06",2024-12-07,0,NA,0
"TER-PRIBS-T06",2024-12-08,0,NA,0
"TER-PRIBS-T06",2024-12-09,0,NA,0
"TER-PRIBS-T06",2024-12-10,0,NA,0
"TER-PRIBS-T06",2024-12-11,0,NA,0
"TER-PRIBS-T06",2024-12-12,0,NA,0.0296060533038999
"TER-PRIBS-T06",2024-12-13,0,NA,0.0499640044665247
"TER-PRIBS-T06",2024-12-14,0,NA,0.0476967008156676
"TER-PRIBS-T06",2024-12-15,0,NA,0.0541891252836598
"TER-PRIBS-T06",2024-12-16,0,NA,0.0622756864357575
"TER-PRIBS-T06",2024-12-17,0,NA,0.0512988377296832
"TER-PRIBS-T06",2024-12-18,0,NA,0.0491689030845328
"TER-PRIBS-T06",2024-12-19,0,NA,0.0477669899899261
"TER-PRIBS-T06",2024-12-20,0,NA,0.0442678170864132
"TER-PRIBS-T06",2024-12-21,0.00316706457061192,NA,0.0468668870124975
"TER-PRIBS-T06",2024-12-22,0,NA,0.0469921932353361
"TER-PRIBS-T06",2024-12-23,0,NA,0.0486409019322923
"TER-PRIBS-T06",2024-12-24,0,NA,0.0490965613062222
"TER-PRIBS-T06",2024-12-25,0,NA,0.0485447599320527
"TER-PRIBS-T06",2024-12-26,0,NA,0.0511053426410457
"TER-PRIBS-T06",2024-12-27,0,NA,0.0603247087532872
"TER-PRIBS-T06",2024-12-28,0,NA,0.0664132838342775
"TER-PRIBS-T06",2024-12-29,0,NA,0.045696388936457
"TER-PRIBS-T06",2024-12-30,0,NA,0.0375211573285078
"TER-PRIBS-T06",2024-12-31,0,NA,0.0186473407312686
"TER-PRIBS-T06",2025-01-01,0,NA,0
"TER-PRIBS-T06",2025-01-02,0,NA,0
"TER-PRIBS-T06",2025-01-03,0,NA,0
"TER-PRIBS-T06",2025-01-04,0,NA,0
"TER-PRIBS-T06",2025-01-05,0.00653324318953534,NA,0.0158805416954598
"TER-PRIBS-T06",2025-01-06,0.00279986342717756,NA,0.00306329373971646
"TER-PRIBS-T06",2025-01-07,0.00425174058185862,NA,0.006429661028068
"TER-PRIBS-T06",2025-01-08,0.00150990973875504,NA,0.00639453798812365
"TER-PRIBS-T06",2025-01-09,0.000733811785871429,NA,0
"TER-PRIBS-T06",2025-01-10,0.00352005002265477,NA,0
"TER-PRIBS-T06",2025-01-11,0.0200796216870224,NA,0
"TER-PRIBS-T06",2025-01-12,0.0162160031320725,NA,0
"TER-PRIBS-T06",2025-01-13,0.010720305695477,NA,0
"TER-PRIBS-T06",2025-01-14,0.00697121196577852,NA,0
"TER-PRIBS-T06",2025-01-15,0.00184646514622505,NA,0
"TER-PRIBS-T06",2025-01-16,0.00492494046826869,NA,0
"TER-PRIBS-T06",2025-01-17,0.00402699615486547,NA,0
"TER-PRIBS-T06",2025-01-18,0,NA,0
"TER-PRIBS-T06",2025-01-19,0.011598402483438,NA,0.0458971887447067
"TER-PRIBS-T06",2025-01-20,0.0200754361840697,NA,0.045720804677047
"TER-PRIBS-T06",2025-01-21,0.0139409690130774,NA,0.0116922834157859
"TER-PRIBS-T06",2025-01-22,0.0200273697861687,NA,0.00267207381780608
"TER-PRIBS-T06",2025-01-23,0.0372803197727652,NA,0.00104334346028825
"TER-PRIBS-T06",2025-01-24,0.0234000839647673,NA,0.00130787361056469
"TER-PRIBS-T06",2025-01-25,0.0322732625187922,NA,0.000909329246142268
"TER-PRIBS-T06",2025-01-26,0.0345452020812253,NA,0.00351513003854627
"TER-PRIBS-T06",2025-01-27,0.0109777985751611,NA,0.0104156105119084
"TER-PRIBS-T06",2025-01-28,0.00027348737007164,NA,0
"TER-PRIBS-T06",2025-01-29,0.00611036644487442,NA,0
"TER-PRIBS-T06",2025-01-30,0.014087832858728,NA,0.00548377959408382
"TER-PRIBS-T06",2025-01-31,0.00275216734578507,NA,0
"TER-PRIBS-T06",2025-02-01,0.0020866869205765,NA,0.000312043925685496
"TER-PRIBS-T06",2025-02-02,0.0194950018916917,NA,0.0377358735416076
"TER-PRIBS-T06",2025-02-03,0.0377452920010951,NA,0.0558270642539098
"TER-PRIBS-T06",2025-02-04,0.0217707576612079,NA,0.0477466213513558
"TER-PRIBS-T06",2025-02-05,0.0372642075725572,NA,0.0604259852392162
"TER-PRIBS-T06",2025-02-06,0.0389083424769492,NA,0.0568744675813176
"TER-PRIBS-T06",2025-02-07,0.0400708807167503,NA,0.0557227284011819
"TER-PRIBS-T06",2025-02-08,0.0228279233763384,NA,0.0433868774488732
"TER-PRIBS-T06",2025-02-09,0.0211628820092618,NA,0.0463091249308175
"TER-PRIBS-T06",2025-02-10,0.0220315650640966,NA,0.0472508606225098
"TER-PRIBS-T06",2025-02-11,0.0297670541404715,NA,0.0501233138319405
"TER-PRIBS-T06",2025-02-12,NA,NA,NA
"TER-PRIBS-T06",2025-02-13,NA,NA,NA
"TER-PRIBS-T06",2025-02-14,NA,NA,NA
"TER-PRIBS-T06",2025-02-15,NA,NA,NA
"TER-PRIBS-T06",2025-02-16,NA,NA,NA
"TER-PRIBS-T06",2025-02-17,NA,NA,NA
"TER-PRIBS-T06",2025-02-18,NA,NA,NA
"TER-PRIBS-T06",2025-02-19,NA,NA,NA
"TER-PRIBS-T06",2025-02-20,NA,NA,NA
"TER-PRIBS-T06",2025-02-21,NA,NA,NA
"TER-PRIBS-T06",2025-02-22,NA,NA,NA
"TER-PRIBS-T06",2025-02-23,NA,NA,NA
"TER-PRIBS-T06",2025-02-24,NA,NA,NA
"TER-PRIBS-T06",2025-02-25,NA,NA,NA
"TER-PRIBS-T06",2025-02-26,NA,NA,NA
"TER-PRIBS-T06",2025-02-27,NA,NA,NA
"TER-PRIBS-T06",2025-02-28,NA,NA,NA
"TER-PRIBS-T06",2025-03-01,NA,NA,NA
"TER-PRIBS-T06",2025-03-02,NA,NA,NA
"TER-PRIBS-T06",2025-03-03,NA,NA,NA
"TER-PRIBS-T06",2025-03-04,NA,NA,NA
"TER-PRIBS-T06",2025-03-05,NA,NA,NA
"TER-PRIBS-T06",2025-03-06,NA,NA,NA
"TER-PRIBS-T06",2025-03-07,NA,NA,NA
"TER-PRIBS-T06",2025-03-08,NA,NA,NA
"TER-PRIBS-T06",2025-03-09,NA,NA,NA
"TER-PRIBS-T06",2025-03-10,NA,NA,NA
"TER-PRIBS-T06",2025-03-11,NA,NA,NA
"TER-PRIBS-T06",2025-03-12,NA,NA,NA
"TER-PRIBS-T06",2025-03-13,NA,NA,NA
"TER-PRIBS-T06",2025-03-14,NA,NA,NA
"TER-PRIBS-T06",2025-03-15,NA,NA,NA
"TER-PRIBS-T06",2025-03-16,NA,NA,NA
"TER-PRIBS-T06",2025-03-17,NA,NA,NA
"TER-PRIBS-T06",2025-03-18,NA,NA,NA
"TER-PRIBS-T06",2025-03-19,NA,NA,NA
"TER-PRIBS-T06",2025-03-20,NA,NA,NA
"TER-PRIBS-T06",2025-03-21,NA,NA,NA
"TER-PRIBS-T06",2025-03-22,NA,NA,NA
"TER-PRIBS-T06",2025-03-23,NA,NA,NA
"TER-PRIBS-T06",2025-03-24,NA,NA,NA
"TER-PRIBS-T06",2025-03-25,NA,NA,NA
"TER-PRIBS-T06",2025-03-26,NA,NA,NA
"TER-PRIBS-T06",2025-03-27,NA,NA,NA
"TER-PRIBS-T06",2025-03-28,NA,NA,NA
"TER-PRIBS-T06",2025-03-29,NA,NA,NA
"TER-PRIBS-T06",2025-03-30,NA,NA,NA
"TER-PRIBS-T06",2025-03-31,NA,NA,NA
"TER-PRIBS-T06",2025-04-01,NA,NA,NA
"TER-PRIBS-T06",2025-04-02,NA,NA,NA
"TER-PRIBS-T06",2025-04-03,NA,NA,NA
"TER-PRIBS-T06",2025-04-04,NA,NA,NA
"TER-PRIBS-T06",2025-04-05,NA,NA,NA
"TER-PRIBS-T06",2025-04-06,NA,NA,NA
"TER-PRIBS-T06",2025-04-07,NA,NA,NA
"TER-PRIBS-T06",2025-04-08,NA,NA,NA
"TER-PRIBS-T06",2025-04-09,NA,NA,NA
"TER-PRIBS-T06",2025-04-10,NA,NA,NA
"TER-PRIBS-T06",2025-04-11,NA,NA,NA
"TER-PRIBS-T06",2025-04-12,NA,NA,NA
"TER-PRIBS-T06",2025-04-13,NA,NA,NA
"TER-PRIBS-T06",2025-04-14,NA,NA,NA
"TER-PRIBS-T06",2025-04-15,NA,NA,NA
"TER-PRIBS-T06",2025-04-16,NA,NA,NA
"TER-PRIBS-T06",2025-04-17,NA,NA,NA
"TER-PRIBS-T06",2025-04-18,NA,NA,NA
"TER-PRIBS-T06",2025-04-19,NA,NA,NA
"TER-PRIBS-T06",2025-04-20,NA,NA,NA
"TER-PRIBS-T06",2025-04-21,NA,NA,NA
"TER-PRIBS-T06",2025-04-22,NA,NA,NA
"TER-PRIBS-T06",2025-04-23,NA,NA,NA
"TER-PRIBS-T06",2025-04-24,NA,NA,NA
"TER-PRIBS-T06",2025-04-25,NA,NA,NA
"TER-PRIBS-T06",2025-04-26,NA,NA,NA
"TER-PRIBS-T06",2025-04-27,NA,NA,NA
"TER-PRIBS-T06",2025-04-28,NA,NA,NA
"TER-PRIBS-T06",2025-04-29,NA,NA,NA
"TER-PRIBS-T06",2025-04-30,NA,NA,NA
"TER-PRIBS-T06",2025-05-01,NA,NA,NA
"TER-PRIBS-T06",2025-05-02,NA,NA,NA
"TER-PRIBS-T06",2025-05-03,NA,NA,NA
"TER-PRIBS-T06",2025-05-04,NA,NA,NA
"TER-PRIBS-T06",2025-05-05,NA,NA,NA
"TER-PRIBS-T06",2025-05-06,NA,NA,NA
"TER-PRIBS-T06",2025-05-07,NA,NA,NA
"TER-PRIBS-T06",2025-05-08,NA,NA,NA
"TER-PRIBS-T06",2025-05-09,NA,NA,NA
"TER-PRIBS-T06",2025-05-10,NA,NA,NA
"TER-PRIBS-T06",2025-05-11,NA,NA,NA
"TER-PRIBS-T06",2025-05-12,NA,NA,NA
"TER-PRIBS-T06",2025-05-13,NA,NA,NA
"TER-PRIBS-T06",2025-05-14,NA,NA,NA
"TER-PRIBS-T06",2025-05-15,NA,NA,NA
"TER-PRIBS-T06",2025-05-16,NA,NA,NA
"TER-PRIBS-T06",2025-05-17,NA,NA,NA
"TER-PRIBS-T06",2025-05-18,NA,NA,NA
"TER-PRIBS-T06",2025-05-19,NA,NA,NA
"TER-PRIBS-T06",2025-05-20,NA,NA,NA
"TER-PRIBS-T06",2025-05-21,NA,NA,NA
"TER-PRIBS-T06",2025-05-22,NA,NA,NA
"TER-PRIBS-T06",2025-05-23,NA,NA,NA
"TER-PRIBS-T06",2025-05-24,NA,NA,NA
"TER-PRIBS-T06",2025-05-25,NA,NA,NA
"TER-PRIBS-T06",2025-05-26,NA,NA,NA
"TER-PRIBS-T06",2025-05-27,NA,NA,NA
"TER-PRIBS-T06",2025-05-28,NA,NA,NA
"TER-PRIBS-T06",2025-05-29,NA,NA,NA
"TER-PRIBS-T06",2025-05-30,NA,NA,NA
"TER-PRIBS-T06",2025-05-31,NA,NA,NA
"TER-PRIBS-T06",2025-06-01,NA,NA,NA
"TER-PRIBS-T06",2025-06-02,NA,NA,NA
"TER-PRIBS-T06",2025-06-03,NA,NA,NA
"TER-PRIBS-T06",2025-06-04,NA,NA,NA
"TER-PRIBS-T06",2025-06-05,NA,NA,NA
"TER-PRIBS-T06",2025-06-06,NA,NA,NA
"TER-PRIBS-T06",2025-06-07,NA,NA,NA
"TER-PRIBS-T06",2025-06-08,NA,NA,NA
"TER-PRIBS-T06",2025-06-09,NA,NA,NA
"TER-PRIBS-T06",2025-06-10,NA,NA,NA
"TER-PRIBS-T06",2025-06-11,NA,NA,NA
"TER-PRIBS-T06",2025-06-12,NA,NA,NA
"TER-PRIBS-T09",2023-08-09,NA,NA,NA
"TER-PRIBS-T09",2023-08-10,NA,NA,NA
"TER-PRIBS-T09",2023-08-11,NA,NA,NA
"TER-PRIBS-T09",2023-08-12,NA,NA,NA
"TER-PRIBS-T09",2023-08-13,NA,NA,NA
"TER-PRIBS-T09",2023-08-14,NA,NA,NA
"TER-PRIBS-T09",2023-08-15,NA,NA,NA
"TER-PRIBS-T09",2023-08-16,NA,NA,NA
"TER-PRIBS-T09",2023-08-17,NA,NA,NA
"TER-PRIBS-T09",2023-08-18,NA,NA,NA
"TER-PRIBS-T09",2023-08-19,NA,NA,NA
"TER-PRIBS-T09",2023-08-20,NA,NA,NA
"TER-PRIBS-T09",2023-08-21,NA,NA,NA
"TER-PRIBS-T09",2023-08-22,NA,NA,NA
"TER-PRIBS-T09",2023-08-23,NA,NA,NA
"TER-PRIBS-T09",2023-08-24,NA,NA,NA
"TER-PRIBS-T09",2023-08-25,NA,NA,NA
"TER-PRIBS-T09",2023-08-26,NA,NA,NA
"TER-PRIBS-T09",2023-08-27,NA,NA,NA
"TER-PRIBS-T09",2023-08-28,NA,NA,NA
"TER-PRIBS-T09",2023-08-29,NA,NA,NA
"TER-PRIBS-T09",2023-08-30,NA,NA,NA
"TER-PRIBS-T09",2023-08-31,NA,NA,NA
"TER-PRIBS-T09",2023-09-01,NA,NA,NA
"TER-PRIBS-T09",2023-09-02,NA,NA,NA
"TER-PRIBS-T09",2023-09-03,NA,NA,NA
"TER-PRIBS-T09",2023-09-04,NA,NA,NA
"TER-PRIBS-T09",2023-09-05,NA,NA,NA
"TER-PRIBS-T09",2023-09-06,NA,NA,NA
"TER-PRIBS-T09",2023-09-07,NA,NA,NA
"TER-PRIBS-T09",2023-09-08,NA,NA,NA
"TER-PRIBS-T09",2023-09-09,NA,NA,NA
"TER-PRIBS-T09",2023-09-10,NA,NA,NA
"TER-PRIBS-T09",2023-09-11,NA,NA,NA
"TER-PRIBS-T09",2023-09-12,NA,NA,NA
"TER-PRIBS-T09",2023-09-13,NA,NA,NA
"TER-PRIBS-T09",2023-09-14,NA,NA,NA
"TER-PRIBS-T09",2023-09-15,NA,NA,NA
"TER-PRIBS-T09",2023-09-16,NA,NA,NA
"TER-PRIBS-T09",2023-09-17,NA,NA,NA
"TER-PRIBS-T09",2023-09-18,NA,NA,NA
"TER-PRIBS-T09",2023-09-19,NA,NA,NA
"TER-PRIBS-T09",2023-09-20,NA,NA,NA
"TER-PRIBS-T09",2023-09-21,NA,NA,NA
"TER-PRIBS-T09",2023-09-22,NA,NA,NA
"TER-PRIBS-T09",2023-09-23,NA,NA,NA
"TER-PRIBS-T09",2023-09-24,NA,NA,NA
"TER-PRIBS-T09",2023-09-25,NA,NA,NA
"TER-PRIBS-T09",2023-09-26,NA,NA,NA
"TER-PRIBS-T09",2023-09-27,NA,NA,NA
"TER-PRIBS-T09",2023-09-28,NA,NA,NA
"TER-PRIBS-T09",2023-09-29,NA,NA,NA
"TER-PRIBS-T09",2023-09-30,NA,NA,NA
"TER-PRIBS-T09",2023-10-01,NA,NA,NA
"TER-PRIBS-T09",2023-10-02,NA,NA,NA
"TER-PRIBS-T09",2023-10-03,NA,NA,NA
"TER-PRIBS-T09",2023-10-04,NA,NA,NA
"TER-PRIBS-T09",2023-10-05,NA,NA,NA
"TER-PRIBS-T09",2023-10-06,NA,NA,NA
"TER-PRIBS-T09",2023-10-07,NA,NA,NA
"TER-PRIBS-T09",2023-10-08,NA,NA,NA
"TER-PRIBS-T09",2023-10-09,NA,NA,NA
"TER-PRIBS-T09",2023-10-10,NA,NA,NA
"TER-PRIBS-T09",2023-10-11,NA,NA,NA
"TER-PRIBS-T09",2023-10-12,NA,NA,NA
"TER-PRIBS-T09",2023-10-13,NA,NA,NA
"TER-PRIBS-T09",2023-10-14,NA,NA,NA
"TER-PRIBS-T09",2023-10-15,NA,NA,NA
"TER-PRIBS-T09",2023-10-16,NA,NA,NA
"TER-PRIBS-T09",2023-10-17,NA,NA,NA
"TER-PRIBS-T09",2023-10-18,NA,NA,NA
"TER-PRIBS-T09",2023-10-19,NA,NA,NA
"TER-PRIBS-T09",2023-10-20,NA,NA,NA
"TER-PRIBS-T09",2023-10-21,NA,NA,NA
"TER-PRIBS-T09",2023-10-22,NA,NA,NA
"TER-PRIBS-T09",2023-10-23,NA,NA,NA
"TER-PRIBS-T09",2023-10-24,NA,NA,NA
"TER-PRIBS-T09",2023-10-25,NA,NA,NA
"TER-PRIBS-T09",2023-10-26,NA,NA,NA
"TER-PRIBS-T09",2023-10-27,NA,NA,NA
"TER-PRIBS-T09",2023-10-28,NA,NA,NA
"TER-PRIBS-T09",2023-10-29,NA,NA,NA
"TER-PRIBS-T09",2023-10-30,NA,NA,NA
"TER-PRIBS-T09",2023-10-31,NA,NA,NA
"TER-PRIBS-T09",2023-11-01,NA,NA,NA
"TER-PRIBS-T09",2023-11-02,NA,NA,NA
"TER-PRIBS-T09",2023-11-03,NA,NA,NA
"TER-PRIBS-T09",2023-11-04,NA,NA,NA
"TER-PRIBS-T09",2023-11-05,NA,NA,NA
"TER-PRIBS-T09",2023-11-06,NA,NA,NA
"TER-PRIBS-T09",2023-11-07,NA,NA,NA
"TER-PRIBS-T09",2023-11-08,NA,NA,NA
"TER-PRIBS-T09",2023-11-09,NA,NA,NA
"TER-PRIBS-T09",2023-11-10,NA,NA,NA
"TER-PRIBS-T09",2023-11-11,NA,NA,NA
"TER-PRIBS-T09",2023-11-12,NA,NA,NA
"TER-PRIBS-T09",2023-11-13,NA,NA,NA
"TER-PRIBS-T09",2023-11-14,NA,NA,NA
"TER-PRIBS-T09",2023-11-15,NA,NA,NA
"TER-PRIBS-T09",2023-11-16,NA,NA,NA
"TER-PRIBS-T09",2023-11-17,NA,NA,NA
"TER-PRIBS-T09",2023-11-18,NA,NA,NA
"TER-PRIBS-T09",2023-11-19,NA,NA,NA
"TER-PRIBS-T09",2023-11-20,NA,NA,NA
"TER-PRIBS-T09",2023-11-21,NA,NA,NA
"TER-PRIBS-T09",2023-11-22,NA,NA,NA
"TER-PRIBS-T09",2023-11-23,NA,NA,NA
"TER-PRIBS-T09",2023-11-24,NA,NA,NA
"TER-PRIBS-T09",2023-11-25,NA,NA,NA
"TER-PRIBS-T09",2023-11-26,NA,NA,NA
"TER-PRIBS-T09",2023-11-27,NA,NA,NA
"TER-PRIBS-T09",2023-11-28,NA,NA,NA
"TER-PRIBS-T09",2023-11-29,NA,NA,NA
"TER-PRIBS-T09",2023-11-30,NA,NA,NA
"TER-PRIBS-T09",2023-12-01,NA,NA,NA
"TER-PRIBS-T09",2023-12-02,NA,NA,NA
"TER-PRIBS-T09",2023-12-03,NA,NA,NA
"TER-PRIBS-T09",2023-12-04,NA,NA,NA
"TER-PRIBS-T09",2023-12-05,NA,NA,NA
"TER-PRIBS-T09",2023-12-06,NA,NA,NA
"TER-PRIBS-T09",2023-12-07,NA,NA,NA
"TER-PRIBS-T09",2023-12-08,NA,NA,NA
"TER-PRIBS-T09",2023-12-09,NA,NA,NA
"TER-PRIBS-T09",2023-12-10,NA,NA,NA
"TER-PRIBS-T09",2023-12-11,NA,NA,NA
"TER-PRIBS-T09",2023-12-12,NA,NA,NA
"TER-PRIBS-T09",2023-12-13,NA,NA,NA
"TER-PRIBS-T09",2023-12-14,NA,NA,NA
"TER-PRIBS-T09",2023-12-15,NA,NA,NA
"TER-PRIBS-T09",2023-12-16,NA,NA,NA
"TER-PRIBS-T09",2023-12-17,NA,NA,NA
"TER-PRIBS-T09",2023-12-18,NA,NA,NA
"TER-PRIBS-T09",2023-12-19,NA,NA,NA
"TER-PRIBS-T09",2023-12-20,NA,NA,NA
"TER-PRIBS-T09",2023-12-21,NA,NA,NA
"TER-PRIBS-T09",2023-12-22,NA,NA,NA
"TER-PRIBS-T09",2023-12-23,NA,NA,NA
"TER-PRIBS-T09",2023-12-24,NA,NA,NA
"TER-PRIBS-T09",2023-12-25,NA,NA,NA
"TER-PRIBS-T09",2023-12-26,NA,NA,NA
"TER-PRIBS-T09",2023-12-27,NA,NA,NA
"TER-PRIBS-T09",2023-12-28,NA,NA,NA
"TER-PRIBS-T09",2023-12-29,NA,NA,NA
"TER-PRIBS-T09",2023-12-30,NA,NA,NA
"TER-PRIBS-T09",2023-12-31,NA,NA,NA
"TER-PRIBS-T09",2024-01-01,NA,NA,NA
"TER-PRIBS-T09",2024-01-02,NA,NA,NA
"TER-PRIBS-T09",2024-01-03,NA,NA,NA
"TER-PRIBS-T09",2024-01-04,NA,NA,NA
"TER-PRIBS-T09",2024-01-05,NA,NA,NA
"TER-PRIBS-T09",2024-01-06,NA,NA,NA
"TER-PRIBS-T09",2024-01-07,NA,NA,NA
"TER-PRIBS-T09",2024-01-08,NA,NA,NA
"TER-PRIBS-T09",2024-01-09,NA,NA,NA
"TER-PRIBS-T09",2024-01-10,NA,NA,NA
"TER-PRIBS-T09",2024-01-11,NA,NA,NA
"TER-PRIBS-T09",2024-01-12,NA,NA,NA
"TER-PRIBS-T09",2024-01-13,NA,NA,NA
"TER-PRIBS-T09",2024-01-14,NA,NA,NA
"TER-PRIBS-T09",2024-01-15,NA,NA,NA
"TER-PRIBS-T09",2024-01-16,NA,NA,NA
"TER-PRIBS-T09",2024-01-17,NA,NA,NA
"TER-PRIBS-T09",2024-01-18,NA,NA,NA
"TER-PRIBS-T09",2024-01-19,NA,NA,NA
"TER-PRIBS-T09",2024-01-20,NA,NA,NA
"TER-PRIBS-T09",2024-01-21,NA,NA,NA
"TER-PRIBS-T09",2024-01-22,NA,NA,NA
"TER-PRIBS-T09",2024-01-23,NA,NA,NA
"TER-PRIBS-T09",2024-01-24,NA,NA,NA
"TER-PRIBS-T09",2024-01-25,NA,NA,NA
"TER-PRIBS-T09",2024-01-26,NA,NA,NA
"TER-PRIBS-T09",2024-01-27,NA,NA,NA
"TER-PRIBS-T09",2024-01-28,NA,NA,NA
"TER-PRIBS-T09",2024-01-29,NA,NA,NA
"TER-PRIBS-T09",2024-01-30,NA,NA,NA
"TER-PRIBS-T09",2024-01-31,NA,NA,NA
"TER-PRIBS-T09",2024-02-01,NA,NA,NA
"TER-PRIBS-T09",2024-02-02,NA,NA,NA
"TER-PRIBS-T09",2024-02-03,NA,NA,NA
"TER-PRIBS-T09",2024-02-04,NA,NA,NA
"TER-PRIBS-T09",2024-02-05,NA,NA,NA
"TER-PRIBS-T09",2024-02-06,NA,NA,NA
"TER-PRIBS-T09",2024-02-07,NA,NA,NA
"TER-PRIBS-T09",2024-02-08,NA,NA,NA
"TER-PRIBS-T09",2024-02-09,NA,NA,NA
"TER-PRIBS-T09",2024-02-10,NA,NA,NA
"TER-PRIBS-T09",2024-02-11,NA,NA,NA
"TER-PRIBS-T09",2024-02-12,NA,NA,NA
"TER-PRIBS-T09",2024-02-13,NA,NA,NA
"TER-PRIBS-T09",2024-02-14,NA,NA,NA
"TER-PRIBS-T09",2024-02-15,NA,NA,NA
"TER-PRIBS-T09",2024-02-16,NA,NA,NA
"TER-PRIBS-T09",2024-02-17,NA,NA,NA
"TER-PRIBS-T09",2024-02-18,NA,NA,NA
"TER-PRIBS-T09",2024-02-19,NA,NA,NA
"TER-PRIBS-T09",2024-02-20,NA,NA,NA
"TER-PRIBS-T09",2024-02-21,NA,NA,NA
"TER-PRIBS-T09",2024-02-22,NA,NA,NA
"TER-PRIBS-T09",2024-02-23,NA,NA,NA
"TER-PRIBS-T09",2024-02-24,NA,NA,NA
"TER-PRIBS-T09",2024-02-25,NA,NA,NA
"TER-PRIBS-T09",2024-02-26,NA,NA,NA
"TER-PRIBS-T09",2024-02-27,NA,NA,NA
"TER-PRIBS-T09",2024-02-28,NA,NA,NA
"TER-PRIBS-T09",2024-02-29,NA,NA,NA
"TER-PRIBS-T09",2024-03-01,NA,NA,NA
"TER-PRIBS-T09",2024-03-02,NA,NA,NA
"TER-PRIBS-T09",2024-03-03,NA,NA,NA
"TER-PRIBS-T09",2024-03-04,NA,NA,NA
"TER-PRIBS-T09",2024-03-05,NA,NA,NA
"TER-PRIBS-T09",2024-03-06,NA,NA,NA
"TER-PRIBS-T09",2024-03-07,NA,NA,NA
"TER-PRIBS-T09",2024-03-08,NA,NA,NA
"TER-PRIBS-T09",2024-03-09,NA,NA,NA
"TER-PRIBS-T09",2024-03-10,NA,NA,NA
"TER-PRIBS-T09",2024-03-11,NA,NA,NA
"TER-PRIBS-T09",2024-03-12,NA,NA,NA
"TER-PRIBS-T09",2024-03-13,NA,NA,NA
"TER-PRIBS-T09",2024-03-14,NA,NA,NA
"TER-PRIBS-T09",2024-03-15,NA,NA,NA
"TER-PRIBS-T09",2024-03-16,NA,NA,NA
"TER-PRIBS-T09",2024-03-17,NA,NA,NA
"TER-PRIBS-T09",2024-03-18,NA,NA,NA
"TER-PRIBS-T09",2024-03-19,NA,NA,NA
"TER-PRIBS-T09",2024-03-20,NA,NA,NA
"TER-PRIBS-T09",2024-03-21,NA,NA,NA
"TER-PRIBS-T09",2024-03-22,NA,NA,NA
"TER-PRIBS-T09",2024-03-23,NA,NA,NA
"TER-PRIBS-T09",2024-03-24,NA,NA,NA
"TER-PRIBS-T09",2024-03-25,NA,NA,NA
"TER-PRIBS-T09",2024-03-26,0.242604967132698,0.29406832843296,0.299320364631486
"TER-PRIBS-T09",2024-03-27,0.231897985070971,0.304465821828431,0.314197706393572
"TER-PRIBS-T09",2024-03-28,0.105759363374102,0.243832047924239,0.222622514569957
"TER-PRIBS-T09",2024-03-29,0.0623779202177749,0.154884895085661,0.14331560255747
"TER-PRIBS-T09",2024-03-30,0.00991522569106461,0.0807599154248591,0.069328431158382
"TER-PRIBS-T09",2024-03-31,0.122163981360175,0.337385703384294,0.381483656314887
"TER-PRIBS-T09",2024-04-01,0.167159932989455,0.240887849370335,0.277986946819278
"TER-PRIBS-T09",2024-04-02,0.127108111506015,0.180373450519946,0.19765347342188
"TER-PRIBS-T09",2024-04-03,0.0820725055585939,0.119330683869223,0.147393036925984
"TER-PRIBS-T09",2024-04-04,0.141943030000444,0.208530742208346,0.206231509659273
"TER-PRIBS-T09",2024-04-05,0.0667723491594724,0.079959605345881,0.0797307051139582
"TER-PRIBS-T09",2024-04-06,0.190747907001322,0.303047837784345,0.323497791970591
"TER-PRIBS-T09",2024-04-07,0.126789538670174,0.143591834175194,0.184666077179047
"TER-PRIBS-T09",2024-04-08,0.00954356098970869,0.0297655043753147,0.0220204939030518
"TER-PRIBS-T09",2024-04-09,0.0304528338045928,0.051638643784417,0.0645949443639529
"TER-PRIBS-T09",2024-04-10,0.000366905892935714,0.00188227219086453,0.00183452946467855
"TER-PRIBS-T09",2024-04-11,0.00713273697155372,0,0.00147955925328934
"TER-PRIBS-T09",2024-04-12,0.0334289100392525,0.04586048554199,0.0801572239832308
"TER-PRIBS-T09",2024-04-13,0,0,0
"TER-PRIBS-T09",2024-04-14,0.00282910657566427,0.000644799095865816,0.0154751783007798
"TER-PRIBS-T09",2024-04-15,0,0,0.000644799095865816
"TER-PRIBS-T09",2024-04-16,0,0,0
"TER-PRIBS-T09",2024-04-17,0.00248775849384364,0,0.00177650811920992
"TER-PRIBS-T09",2024-04-18,0.069413568630091,0.0706383282160314,0.0749721243932531
"TER-PRIBS-T09",2024-04-19,0.128977278512588,0.168295971415997,0.192086037471701
"TER-PRIBS-T09",2024-04-20,0.176765110474551,0.196356058897713,0.215212991513364
"TER-PRIBS-T09",2024-04-21,0.142978406954511,0.150164924376222,0.154060335995026
"TER-PRIBS-T09",2024-04-22,0.0972149266330811,0.0977984726163916,0.0980749885186903
"TER-PRIBS-T09",2024-04-23,0.0668546207233077,0.0632009373554439,0.0532553300661351
"TER-PRIBS-T09",2024-04-24,0.17193721969729,0.180124906718141,0.189182165647267
"TER-PRIBS-T09",2024-04-25,0.196147926675089,0.197287121219291,0.21248971376755
"TER-PRIBS-T09",2024-04-26,0.245237131719148,0.278434863135561,0.276825733806012
"TER-PRIBS-T09",2024-04-27,0.333500543504991,0.390750838939917,0.405729186150407
"TER-PRIBS-T09",2024-04-28,0.326553262785673,0.390588038362514,0.420173794984777
"TER-PRIBS-T09",2024-04-29,0.239607816250937,0.27721828578041,0.308734429289498
"TER-PRIBS-T09",2024-04-30,0.22056674937352,0.281057233543387,0.309520950670097
"TER-PRIBS-T09",2024-05-01,0.192408537943586,0.179279444400654,0.179648963110078
"TER-PRIBS-T09",2024-05-02,0.0910909358141519,0.0296262470359981,0.0367837233143158
"TER-PRIBS-T09",2024-05-03,0.0945757692816201,0.0892002186956194,0.0905167700297029
"TER-PRIBS-T09",2024-05-04,0.206781114704232,0.257040418961503,0.293883104724762
"TER-PRIBS-T09",2024-05-05,0.229910334456961,0.241221605842564,0.272119338921186
"TER-PRIBS-T09",2024-05-06,0.0758221748130576,0.00879639780240498,0.0238831555492843
"TER-PRIBS-T09",2024-05-07,0.112803034702554,0.056028383309254,0.0714897735402355
"TER-PRIBS-T09",2024-05-08,0.132738438982017,0.0958029750529267,0.0798985301638474
"TER-PRIBS-T09",2024-05-09,0.256440114148935,0.281419144780828,0.304480876512836
"TER-PRIBS-T09",2024-05-10,0.334514187365935,0.335382629766458,0.343039742920881
"TER-PRIBS-T09",2024-05-11,0.24419660527189,0.252343054932687,0.278152837084592
"TER-PRIBS-T09",2024-05-12,0.414547538429855,0.394726011798999,0.421449487222733
"TER-PRIBS-T09",2024-05-13,0.222655530890918,0.208001465665335,0.196762187263148
"TER-PRIBS-T09",2024-05-14,0.364344677398548,0.391924790066106,0.415011156837881
"TER-PRIBS-T09",2024-05-15,0.253910547894866,0.241594182434259,0.238018099630907
"TER-PRIBS-T09",2024-05-16,0.0984255902308466,0.0899916060700575,0.0499826293639875
"TER-PRIBS-T09",2024-05-17,0.18583831610224,0.235011370519853,0.262855003624572
"TER-PRIBS-T09",2024-05-18,0.302069066922074,0.367284608338836,0.407361229783925
"TER-PRIBS-T09",2024-05-19,0.307523947279238,0.336966120629227,0.359880372241081
"TER-PRIBS-T09",2024-05-20,0.250235579461469,0.244031376763502,0.244934808783018
"TER-PRIBS-T09",2024-05-21,0.231954921302593,NA,NA
"TER-PRIBS-T09",2024-05-22,0.195089957798658,0.177496787323563,0.149440053899423
"TER-PRIBS-T09",2024-05-23,0.0545041876634191,0.0235367170880838,0.00883113262506915
"TER-PRIBS-T09",2024-05-24,0.0920035262561633,0.201122840847813,0.230840182180204
"TER-PRIBS-T09",2024-05-25,0.1364880969635,0.308848871005301,0.329617931622514
"TER-PRIBS-T09",2024-05-26,0.0935205675603149,0.242800804984395,0.263123560243505
"TER-PRIBS-T09",2024-05-27,0.173493167360049,0.315339409750547,0.310398464139923
"TER-PRIBS-T09",2024-05-28,0.253279190939195,0.329967837361438,0.310044191680327
"TER-PRIBS-T09",2024-05-29,0.0447705548202879,0.0309521419923043,0.00430060758111802
"TER-PRIBS-T09",2024-05-30,0.0194566079657374,0.153688146259947,0.13910612410973
"TER-PRIBS-T09",2024-05-31,0.0561303447296157,0.196295166355509,0.165849862998049
"TER-PRIBS-T09",2024-06-01,0.0747711950902103,0.279560457838593,0.24999399433457
"TER-PRIBS-T09",2024-06-02,0.0637812657384225,0.182475521113255,0.137792571211249
"TER-PRIBS-T09",2024-06-03,0.0576462801269871,0.0288668253958805,0.00125015361527967
"TER-PRIBS-T09",2024-06-04,0.0651673002545921,0.0892840759806868,0.0871777077298572
"TER-PRIBS-T09",2024-06-05,0.0772725961422372,0.0613909627016603,0.0357122970493812
"TER-PRIBS-T09",2024-06-06,0.0758877302096014,0.281978835642329,0.277073811698404
"TER-PRIBS-T09",2024-06-07,0.0881665064594585,0.236297847889722,0.214564299367166
"TER-PRIBS-T09",2024-06-08,0.100896559595951,0.250255291672102,0.224688045554011
"TER-PRIBS-T09",2024-06-09,0.0560987738282846,0.192692185840098,0.158593102918675
"TER-PRIBS-T09",2024-06-10,0.0474038605084769,0.214583297978049,0.213780254358524
"TER-PRIBS-T09",2024-06-11,0.0617265029680334,0.322294345542624,0.314451830817133
"TER-PRIBS-T09",2024-06-12,0.111521057184524,0.412875771341048,0.407466103601879
"TER-PRIBS-T09",2024-06-13,0.0942186999544866,0.259134488828996,0.201466137116248
"TER-PRIBS-T09",2024-06-14,0.0824746704156466,0.296271686688537,0.26731020590164
"TER-PRIBS-T09",2024-06-15,0.0938778255551949,0.334493426674552,0.311922460029715
"TER-PRIBS-T09",2024-06-16,0.126386426410349,0.363839847437248,0.330618562701734
"TER-PRIBS-T09",2024-06-17,0.055692963618425,0.337386726567047,0.289702703917729
"TER-PRIBS-T09",2024-06-18,0.125765125212805,0.449226418602494,0.436169402830929
"TER-PRIBS-T09",2024-06-19,0.0928416871442255,0.370882495655749,0.354874703989345
"TER-PRIBS-T09",2024-06-20,0.100032641407518,0.409089210256005,0.388291282392669
"TER-PRIBS-T09",2024-06-21,0.130424394711539,0.451190517075755,0.418764732197821
"TER-PRIBS-T09",2024-06-22,0.116180434570401,0.412432595948354,0.370995650748345
"TER-PRIBS-T09",2024-06-23,0.154183718754307,0.36208169065554,0.29276163379325
"TER-PRIBS-T09",2024-06-24,0.0567740735734786,0.111791669049122,0.0653138093747158
"TER-PRIBS-T09",2024-06-25,0.0946457988037246,0.341758915627309,0.32226274818082
"TER-PRIBS-T09",2024-06-26,NA,NA,NA
"TER-PRIBS-T09",2024-06-27,0.24864949977598,0.288046377185427,0.231308562874208
"TER-PRIBS-T09",2024-06-28,0.297316666138787,0.350536423470996,0.296182316499462
"TER-PRIBS-T09",2024-06-29,0.150302286232471,0.279923010142748,0.231787445215749
"TER-PRIBS-T09",2024-06-30,0.222858069175851,0.304572393255193,0.233221990266883
"TER-PRIBS-T09",2024-07-01,0.30690950228786,0.377282506892633,0.313193870024643
"TER-PRIBS-T09",2024-07-02,0.34803877610023,0.437278298310584,0.375464001287321
"TER-PRIBS-T09",2024-07-03,0.338986602406754,0.40329165994075,0.334484678534785
"TER-PRIBS-T09",2024-07-04,0.38331945826466,0.456969904933922,0.412622968488877
"TER-PRIBS-T09",2024-07-05,0.363643834273059,0.423707929927348,0.358632028050885
"TER-PRIBS-T09",2024-07-06,0.357170522941635,0.381764342136536,0.311319985224989
"TER-PRIBS-T09",2024-07-07,0.536431404874059,0.620692789928377,0.553337846290923
"TER-PRIBS-T09",2024-07-08,0.389459792800053,0.489940393777218,0.407895864152888
"TER-PRIBS-T09",2024-07-09,0.550988780907293,0.648285160545523,0.551652788658373
"TER-PRIBS-T09",2024-07-10,0.510463413092804,0.544093566011662,0.465374413557916
"TER-PRIBS-T09",2024-07-11,0.385440252846892,0.396227630359133,0.316297828432829
"TER-PRIBS-T09",2024-07-12,0.263243065563436,0.39654983234152,0.315376029916067
"TER-PRIBS-T09",2024-07-13,0.16759099857986,0.324789476429994,0.276706965329752
"TER-PRIBS-T09",2024-07-14,0.24980640796635,0.540067485452043,0.501182107758549
"TER-PRIBS-T09",2024-07-15,0.232140444310628,0.331639921517009,0.256184361998584
"TER-PRIBS-T09",2024-07-16,0.273664969343028,0.432714468093844,0.369854707769728
"TER-PRIBS-T09",2024-07-17,0.165863624915862,0.230687432677442,0.154549904296903
"TER-PRIBS-T09",2024-07-18,0.174163320954063,0.346021931830993,0.285157003610063
"TER-PRIBS-T09",2024-07-19,NA,0.458732794380332,0.398028553100375
"TER-PRIBS-T09",2024-07-20,0.292601583406052,0.388847280983207,0.345087842942556
"TER-PRIBS-T09",2024-07-21,0.345433554564352,0.445009423743146,0.371849366645328
"TER-PRIBS-T09",2024-07-22,0.36894632443669,0.466789335265668,0.393852535920684
"TER-PRIBS-T09",2024-07-23,0.36168085530053,0.429169351519234,0.350963731065563
"TER-PRIBS-T09",2024-07-24,0.306246487723679,0.356656809502222,0.285148815439343
"TER-PRIBS-T09",2024-07-25,0.357919532916094,0.461700251746084,0.409121815544881
"TER-PRIBS-T09",2024-07-26,0.470907334013089,0.570542432181345,0.472746236077969
"TER-PRIBS-T09",2024-07-27,0.337703476015964,0.381010372309636,0.319675508694102
"TER-PRIBS-T09",2024-07-28,0.358030022105807,0.472411795181689,0.406560779532785
"TER-PRIBS-T09",2024-07-29,0.195350034743624,0.277647034064303,0.25811714791388
"TER-PRIBS-T09",2024-07-30,0.158029123443288,0.233130181455291,0.233958766224556
"TER-PRIBS-T09",2024-07-31,0.161898116067279,0.233667287515493,0.222964693624474
"TER-PRIBS-T09",2024-08-01,0.198469010782453,0.299665569094088,0.267767561678873
"TER-PRIBS-T09",2024-08-02,0.25549263839985,0.345838625433635,0.317498067500148
"TER-PRIBS-T09",2024-08-03,0.269256060991267,0.409794195385368,0.374330500077599
"TER-PRIBS-T09",2024-08-04,0.324540837188674,0.519486251701293,0.489847453491348
"TER-PRIBS-T09",2024-08-05,0.473481588273653,0.719203954922894,0.664112706861234
"TER-PRIBS-T09",2024-08-06,0.191272127096816,0.247431832598595,0.227788751552141
"TER-PRIBS-T09",2024-08-07,0.263748402416948,0.381164224419067,0.350753728609248
"TER-PRIBS-T09",2024-08-08,0.329076719723236,0.448607840789294,0.451045006007603
"TER-PRIBS-T09",2024-08-09,0.333862951936356,0.465343602371995,0.441618696799405
"TER-PRIBS-T09",2024-08-10,0.310402703609421,0.386294719462231,0.35918010192442
"TER-PRIBS-T09",2024-08-11,0.28093765445421,0.464569588238414,0.461095286084599
"TER-PRIBS-T09",2024-08-12,0.401838302023559,0.58948950958477,0.583060859978708
"TER-PRIBS-T09",2024-08-13,0.41746302862458,0.540366899099551,0.525163817246773
"TER-PRIBS-T09",2024-08-14,0.323575605654955,0.388069985492275,0.357920735695886
"TER-PRIBS-T09",2024-08-15,0.361616306076889,0.431124104223051,0.404671897574312
"TER-PRIBS-T09",2024-08-16,0.322044176280629,0.361342445464291,0.326557503412968
"TER-PRIBS-T09",2024-08-17,0.340951899170286,0.396250394341315,0.360311378890402
"TER-PRIBS-T09",2024-08-18,0.344219768094857,0.41074477414722,0.386611552290458
"TER-PRIBS-T09",2024-08-19,0.4312555877588,0.568560166397941,0.553715555472228
"TER-PRIBS-T09",2024-08-20,0.218180300672482,0.26623705409814,0.235466346678929
"TER-PRIBS-T09",2024-08-21,0.236094349836952,0.337949681738325,0.3240707736183
"TER-PRIBS-T09",2024-08-22,0.346445220298256,0.563042606314449,0.546839892182733
"TER-PRIBS-T09",2024-08-23,0.446450489102327,0.551975961719943,0.529454962964801
"TER-PRIBS-T09",2024-08-24,0.26122048901551,0.425745052185452,0.452814363952203
"TER-PRIBS-T09",2024-08-25,0.399284834933073,0.583058598337016,0.551517557835009
"TER-PRIBS-T09",2024-08-26,0.32016045932441,0.504399120209831,0.478152241064804
"TER-PRIBS-T09",2024-08-27,0.232538399065108,0.423457279801824,0.437318497387757
"TER-PRIBS-T09",2024-08-28,0.335848644988223,0.484370771707138,0.476595065448059
"TER-PRIBS-T09",2024-08-29,0.348691850648962,0.475012855474888,0.425781134528937
"TER-PRIBS-T09",2024-08-30,0.42674400850221,0.610840657575108,0.584627584646138
"TER-PRIBS-T09",2024-08-31,0.403042349282664,0.543411087656271,0.499655195884061
"TER-PRIBS-T09",2024-09-01,0.252730279537904,0.418622262287191,0.425724732429109
"TER-PRIBS-T09",2024-09-02,0.351054587879386,0.589663091824938,0.582504952577255
"TER-PRIBS-T09",2024-09-03,0.52225594761436,0.772704095061218,0.724494502570301
"TER-PRIBS-T09",2024-09-04,0.513090599338378,0.735335263516654,0.691037636937418
"TER-PRIBS-T09",2024-09-05,0.571339502156502,0.777539827931879,0.706196189283748
"TER-PRIBS-T09",2024-09-06,0.595921276192793,0.81557573091927,0.738798401975734
"TER-PRIBS-T09",2024-09-07,0.352855070503373,0.430138917453065,0.401364371274659
"TER-PRIBS-T09",2024-09-08,0.202944768089173,0.345207838104379,0.369353734586776
"TER-PRIBS-T09",2024-09-09,0.258732399119544,0.35995401466474,0.359268182801514
"TER-PRIBS-T09",2024-09-10,0.146406192785149,0.202819317244343,0.225708851055588
"TER-PRIBS-T09",2024-09-11,0.159378499330143,0.322960475980544,0.369823699860002
"TER-PRIBS-T09",2024-09-12,0.287826850248205,0.463183609015366,0.440494680556934
"TER-PRIBS-T09",2024-09-13,0.298816915106809,0.444008787550596,0.42933660944082
"TER-PRIBS-T09",2024-09-14,0.26073744177892,0.388036501194064,0.387100275545571
"TER-PRIBS-T09",2024-09-15,0.361189715374819,0.478542876356428,0.46124926713071
"TER-PRIBS-T09",2024-09-16,0.334118040537084,0.430976526501343,0.398983480174902
"TER-PRIBS-T09",2024-09-17,0.324946495569209,0.469305764481035,0.462590381010966
"TER-PRIBS-T09",2024-09-18,0.389949661360097,0.53635345823904,0.522562377375043
"TER-PRIBS-T09",2024-09-19,0.345703391793663,0.450628232957196,0.448843008488666
"TER-PRIBS-T09",2024-09-20,0.132307891854789,0.250314085437231,0.284009300630437
"TER-PRIBS-T09",2024-09-21,0.201384666703267,0.351738022472484,0.369013140489257
"TER-PRIBS-T09",2024-09-22,0.254914531748148,0.412000008520463,0.419455737871574
"TER-PRIBS-T09",2024-09-23,0.360077787064556,0.549820531295705,0.55730009370603
"TER-PRIBS-T09",2024-09-24,0.369409921128712,0.47611801039784,0.462142225682527
"TER-PRIBS-T09",2024-09-25,0.20545562466902,0.295022221489603,0.245120535970406
"TER-PRIBS-T09",2024-09-26,0.194152731134039,0.352989003363291,NA
"TER-PRIBS-T09",2024-09-27,0.211499992532263,0.337990778643226,NA
"TER-PRIBS-T09",2024-09-28,0.295368295070373,0.415794937000535,NA
"TER-PRIBS-T09",2024-09-29,0.212681485054429,0.265573641976824,NA
"TER-PRIBS-T09",2024-09-30,0.281289592519741,0.388450774147884,NA
"TER-PRIBS-T09",2024-10-01,0.337117269718205,0.416415231399389,NA
"TER-PRIBS-T09",2024-10-02,0.34357598083563,0.413229990581494,NA
"TER-PRIBS-T09",2024-10-03,0.362054323467049,0.437691515854473,NA
"TER-PRIBS-T09",2024-10-04,0.260303333471632,0.306008931318499,NA
"TER-PRIBS-T09",2024-10-05,0.135619580118302,0.327353827727168,NA
"TER-PRIBS-T09",2024-10-06,0.277211200358499,0.470494498967497,NA
"TER-PRIBS-T09",2024-10-07,0.182114481351481,0.303991699095398,NA
"TER-PRIBS-T09",2024-10-08,0.386721426157473,0.508835144223398,NA
"TER-PRIBS-T09",2024-10-09,0.223201221870609,0.259928185336669,NA
"TER-PRIBS-T09",2024-10-10,0.137058307536326,0.251420266644392,NA
"TER-PRIBS-T09",2024-10-11,0.429703269878653,0.563937848785809,NA
"TER-PRIBS-T09",2024-10-12,0.339907682918492,0.442925919485234,NA
"TER-PRIBS-T09",2024-10-13,0.135568679638474,0.113398179876049,NA
"TER-PRIBS-T09",2024-10-14,0.113136017584818,0.0886189782177144,NA
"TER-PRIBS-T09",2024-10-15,0.179489592210902,0.380180423049978,NA
"TER-PRIBS-T09",2024-10-16,0.37655327014548,0.530903126956752,NA
"TER-PRIBS-T09",2024-10-17,0.253712095245422,0.352762428507623,NA
"TER-PRIBS-T09",2024-10-18,0.266147105647955,0.37401152471044,NA
"TER-PRIBS-T09",2024-10-19,0.238628191896646,0.258862527745922,NA
"TER-PRIBS-T09",2024-10-20,0.119703443121123,0.220680549393093,NA
"TER-PRIBS-T09",2024-10-21,0.174197959199509,0.26391499749469,NA
"TER-PRIBS-T09",2024-10-22,0.258252025397811,0.355904234313876,NA
"TER-PRIBS-T09",2024-10-23,0.12230122868846,0.137702707941574,NA
"TER-PRIBS-T09",2024-10-24,0.382730701806218,0.552495044525499,NA
"TER-PRIBS-T09",2024-10-25,0.412793732988347,0.554074887531628,NA
"TER-PRIBS-T09",2024-10-26,0.268323884482473,0.364249980953289,NA
"TER-PRIBS-T09",2024-10-27,0.242879764624495,0.315980254232671,NA
"TER-PRIBS-T09",2024-10-28,0.322339439506862,0.411212240468431,NA
"TER-PRIBS-T09",2024-10-29,0.144754299741923,0.169825123507543,NA
"TER-PRIBS-T09",2024-10-30,0.166383493712765,0.20641559132656,NA
"TER-PRIBS-T09",2024-10-31,0.203245526625664,0.239426364697825,NA
"TER-PRIBS-T09",2024-11-01,0.125625410557564,0.0878216671482148,NA
"TER-PRIBS-T09",2024-11-02,0.117263548426671,0.145442389147874,NA
"TER-PRIBS-T09",2024-11-03,0.102281173492582,0.0818380485552587,NA
"TER-PRIBS-T09",2024-11-04,0.155968831212432,0.288240125141085,NA
"TER-PRIBS-T09",2024-11-05,0.143697488761943,0.15292594610794,NA
"TER-PRIBS-T09",2024-11-06,0.17411959623145,0.24635288274173,NA
"TER-PRIBS-T09",2024-11-07,0.217896300905031,0.321708460735363,NA
"TER-PRIBS-T09",2024-11-08,0.121792394644075,0.133720325535127,NA
"TER-PRIBS-T09",2024-11-09,0.174569267445192,0.269752310462297,NA
"TER-PRIBS-T09",2024-11-10,0.197194006383143,0.253039127432203,NA
"TER-PRIBS-T09",2024-11-11,0.217658797148438,0.24930449660131,NA
"TER-PRIBS-T09",2024-11-12,0.169976930603482,0.168756072337516,NA
"TER-PRIBS-T09",2024-11-13,0.168028447208921,0.200466178326958,NA
"TER-PRIBS-T09",2024-11-14,0.232155813405989,0.299842236792603,NA
"TER-PRIBS-T09",2024-11-15,0.311421410986238,0.377072048117351,NA
"TER-PRIBS-T09",2024-11-16,0.311083456022124,0.369443092956822,NA
"TER-PRIBS-T09",2024-11-17,0.243096160704225,0.275270737147706,NA
"TER-PRIBS-T09",2024-11-18,0.158999839678596,0.175277337941928,NA
"TER-PRIBS-T09",2024-11-19,0.167714397468446,0.218215804607267,NA
"TER-PRIBS-T09",2024-11-20,0.197017852083487,0.233860606402889,NA
"TER-PRIBS-T09",2024-11-21,0.18539315113302,0.216955956015402,NA
"TER-PRIBS-T09",2024-11-22,0.149499913833039,0.147736457773994,NA
"TER-PRIBS-T09",2024-11-23,0.099309474070406,0.197623488673051,NA
"TER-PRIBS-T09",2024-11-24,0.261566560575336,0.405302152817699,NA
"TER-PRIBS-T09",2024-11-25,0.197207498142885,0.258634225422575,NA
"TER-PRIBS-T09",2024-11-26,0.116301795526482,0.207640654119677,NA
"TER-PRIBS-T09",2024-11-27,0.117825177170926,0.267008107492565,NA
"TER-PRIBS-T09",2024-11-28,0.244635132033318,0.357582455356319,NA
"TER-PRIBS-T09",2024-11-29,0.183280547242403,0.297564882873513,NA
"TER-PRIBS-T09",2024-11-30,0.131564868844918,0.26070678621567,NA
"TER-PRIBS-T09",2024-12-01,0.127695930565485,0.194100752974836,NA
"TER-PRIBS-T09",2024-12-02,0.177246559509568,0.229515752833587,NA
"TER-PRIBS-T09",2024-12-03,0.129135581054426,0.180009002137952,NA
"TER-PRIBS-T09",2024-12-04,0.222070306154726,0.313178428225164,NA
"TER-PRIBS-T09",2024-12-05,0.234704525615673,0.299889727089444,NA
"TER-PRIBS-T09",2024-12-06,0.214725389399818,0.264893190561409,NA
"TER-PRIBS-T09",2024-12-07,0.100513885081914,0.174952630753549,NA
"TER-PRIBS-T09",2024-12-08,0.154224354069304,0.202644976321728,NA
"TER-PRIBS-T09",2024-12-09,0.24725168680387,0.350232551002994,NA
"TER-PRIBS-T09",2024-12-10,0.224033943784723,0.286699220619987,NA
"TER-PRIBS-T09",2024-12-11,0.0986379698985731,0.0989230831777171,NA
"TER-PRIBS-T09",2024-12-12,0.0703988810163671,0.10512278739555,NA
"TER-PRIBS-T09",2024-12-13,0.116167500549552,0.183700644151649,NA
"TER-PRIBS-T09",2024-12-14,0.307205417145927,0.431009683820443,NA
"TER-PRIBS-T09",2024-12-15,0.151070511817868,0.184005798500595,NA
"TER-PRIBS-T09",2024-12-16,0.0819459711763989,0.138062216401786,NA
"TER-PRIBS-T09",2024-12-17,0.178091991926015,0.296668331076499,NA
"TER-PRIBS-T09",2024-12-18,0.152027004888757,0.201840693742256,NA
"TER-PRIBS-T09",2024-12-19,0.0783192988042506,0.107415036484548,NA
"TER-PRIBS-T09",2024-12-20,0.0918332018859818,0.141709727385124,NA
"TER-PRIBS-T09",2024-12-21,0.214744305959428,0.333305791536326,NA
"TER-PRIBS-T09",2024-12-22,0.194514249439127,0.273820958212357,NA
"TER-PRIBS-T09",2024-12-23,0.197333004068515,0.273279219972138,NA
"TER-PRIBS-T09",2024-12-24,0.265554791298339,0.358320831287007,NA
"TER-PRIBS-T09",2024-12-25,0.17157166440442,0.227303363002959,NA
"TER-PRIBS-T09",2024-12-26,0.166815660501275,0.202606659110061,NA
"TER-PRIBS-T09",2024-12-27,0.158502848868652,0.197691429271071,NA
"TER-PRIBS-T09",2024-12-28,0.175780582916444,0.208328354572511,NA
"TER-PRIBS-T09",2024-12-29,0.237890818113442,0.293888455559232,NA
"TER-PRIBS-T09",2024-12-30,0.21052338995795,0.246377947542431,NA
"TER-PRIBS-T09",2024-12-31,0.175232884910986,0.194187296988595,NA
"TER-PRIBS-T09",2025-01-01,0.10154706195898,0.0737220215597744,NA
"TER-PRIBS-T09",2025-01-02,0.120902467751479,0.102602364108394,NA
"TER-PRIBS-T09",2025-01-03,0.096361913390106,0.0744436788106781,NA
"TER-PRIBS-T09",2025-01-04,0.144562136770864,0.163822715546942,NA
"TER-PRIBS-T09",2025-01-05,0.223760187248786,0.29533112365185,NA
"TER-PRIBS-T09",2025-01-06,0.149180465464087,0.168932173507589,NA
"TER-PRIBS-T09",2025-01-07,0.183800795843432,0.223923687723186,NA
"TER-PRIBS-T09",2025-01-08,0.188115122933835,0.238349458160712,NA
"TER-PRIBS-T09",2025-01-09,0.125641093623044,0.130446912940039,NA
"TER-PRIBS-T09",2025-01-10,0.0955823560976422,0.0613723791993383,NA
"TER-PRIBS-T09",2025-01-11,0.126540713274016,0.117969334455166,NA
"TER-PRIBS-T09",2025-01-12,0.160027393702002,0.130494979662076,NA
"TER-PRIBS-T09",2025-01-13,0.136288480920764,0.12436744703863,NA
"TER-PRIBS-T09",2025-01-14,0.145609313738291,0.141819085599834,NA
"TER-PRIBS-T09",2025-01-15,0.151469636335114,0.15466626966953,NA
"TER-PRIBS-T09",2025-01-16,0.109512667371482,0.0919506569711455,NA
"TER-PRIBS-T09",2025-01-17,0.0813660967321565,0.0460085472058149,NA
"TER-PRIBS-T09",2025-01-18,0.0750800743617486,0.124151558019054,NA
"TER-PRIBS-T09",2025-01-19,0.0986220511014905,0.116896089780704,NA
"TER-PRIBS-T09",2025-01-20,0.0822122582199576,0.07157972982758,NA
"TER-PRIBS-T09",2025-01-21,0.166356504994291,0.204443721556019,NA
"TER-PRIBS-T09",2025-01-22,0.246238525293848,0.310550833316816,NA
"TER-PRIBS-T09",2025-01-23,0.156296211107616,0.150376502585578,NA
"TER-PRIBS-T09",2025-01-24,0.140983987814866,0.176797136666427,NA
"TER-PRIBS-T09",2025-01-25,0.165913487121563,0.194305809073024,NA
"TER-PRIBS-T09",2025-01-26,0.235102552164853,0.275653841712641,NA
"TER-PRIBS-T09",2025-01-27,0.313552894416073,0.392099164698958,NA
"TER-PRIBS-T09",2025-01-28,0.210595823118172,0.255149020772989,NA
"TER-PRIBS-T09",2025-01-29,0.185812949652646,0.22556305016865,NA
"TER-PRIBS-T09",2025-01-30,0.187168247105842,0.202312018626821,NA
"TER-PRIBS-T09",2025-01-31,0.151324386107872,0.135702764733006,NA
"TER-PRIBS-T09",2025-02-01,0.104252324874211,NA,NA
"TER-PRIBS-T09",2025-02-02,0.134292619982994,NA,NA
"TER-PRIBS-T09",2025-02-03,0.0820667078819227,NA,NA
"TER-PRIBS-T09",2025-02-04,0.0642620675101545,NA,NA
"TER-PRIBS-T09",2025-02-05,0.0879279160252653,NA,NA
"TER-PRIBS-T09",2025-02-06,0.181893893161583,NA,NA
"TER-PRIBS-T09",2025-02-07,0.121931840411046,NA,NA
"TER-PRIBS-T09",2025-02-08,0.0831541747091878,NA,NA
"TER-PRIBS-T09",2025-02-09,0.0710048909050284,NA,NA
"TER-PRIBS-T09",2025-02-10,0.132258438398502,NA,NA
"TER-PRIBS-T09",2025-02-11,0.162151507606974,NA,NA
"TER-PRIBS-T09",2025-02-12,NA,NA,NA
"TER-PRIBS-T09",2025-02-13,NA,NA,NA
"TER-PRIBS-T09",2025-02-14,NA,NA,NA
"TER-PRIBS-T09",2025-02-15,NA,NA,NA
"TER-PRIBS-T09",2025-02-16,NA,NA,NA
"TER-PRIBS-T09",2025-02-17,NA,NA,NA
"TER-PRIBS-T09",2025-02-18,NA,NA,NA
"TER-PRIBS-T09",2025-02-19,NA,NA,NA
"TER-PRIBS-T09",2025-02-20,NA,NA,NA
"TER-PRIBS-T09",2025-02-21,NA,NA,NA
"TER-PRIBS-T09",2025-02-22,NA,NA,NA
"TER-PRIBS-T09",2025-02-23,NA,NA,NA
"TER-PRIBS-T09",2025-02-24,NA,NA,NA
"TER-PRIBS-T09",2025-02-25,NA,NA,NA
"TER-PRIBS-T09",2025-02-26,NA,NA,NA
"TER-PRIBS-T09",2025-02-27,NA,NA,NA
"TER-PRIBS-T09",2025-02-28,NA,NA,NA
"TER-PRIBS-T09",2025-03-01,NA,NA,NA
"TER-PRIBS-T09",2025-03-02,NA,NA,NA
"TER-PRIBS-T09",2025-03-03,NA,NA,NA
"TER-PRIBS-T09",2025-03-04,NA,NA,NA
"TER-PRIBS-T09",2025-03-05,NA,NA,NA
"TER-PRIBS-T09",2025-03-06,NA,NA,NA
"TER-PRIBS-T09",2025-03-07,NA,NA,NA
"TER-PRIBS-T09",2025-03-08,NA,NA,NA
"TER-PRIBS-T09",2025-03-09,NA,NA,NA
"TER-PRIBS-T09",2025-03-10,NA,NA,NA
"TER-PRIBS-T09",2025-03-11,NA,NA,NA
"TER-PRIBS-T09",2025-03-12,NA,NA,NA
"TER-PRIBS-T09",2025-03-13,NA,NA,NA
"TER-PRIBS-T09",2025-03-14,NA,NA,NA
"TER-PRIBS-T09",2025-03-15,NA,NA,NA
"TER-PRIBS-T09",2025-03-16,NA,NA,NA
"TER-PRIBS-T09",2025-03-17,NA,NA,NA
"TER-PRIBS-T09",2025-03-18,NA,NA,NA
"TER-PRIBS-T09",2025-03-19,NA,NA,NA
"TER-PRIBS-T09",2025-03-20,NA,NA,NA
"TER-PRIBS-T09",2025-03-21,NA,NA,NA
"TER-PRIBS-T09",2025-03-22,NA,NA,NA
"TER-PRIBS-T09",2025-03-23,NA,NA,NA
"TER-PRIBS-T09",2025-03-24,NA,NA,NA
"TER-PRIBS-T09",2025-03-25,NA,NA,NA
"TER-PRIBS-T09",2025-03-26,NA,NA,NA
"TER-PRIBS-T09",2025-03-27,NA,NA,NA
"TER-PRIBS-T09",2025-03-28,NA,NA,NA
"TER-PRIBS-T09",2025-03-29,NA,NA,NA
"TER-PRIBS-T09",2025-03-30,NA,NA,NA
"TER-PRIBS-T09",2025-03-31,NA,NA,NA
"TER-PRIBS-T09",2025-04-01,NA,NA,NA
"TER-PRIBS-T09",2025-04-02,NA,NA,NA
"TER-PRIBS-T09",2025-04-03,NA,NA,NA
"TER-PRIBS-T09",2025-04-04,NA,NA,NA
"TER-PRIBS-T09",2025-04-05,NA,NA,NA
"TER-PRIBS-T09",2025-04-06,NA,NA,NA
"TER-PRIBS-T09",2025-04-07,NA,NA,NA
"TER-PRIBS-T09",2025-04-08,NA,NA,NA
"TER-PRIBS-T09",2025-04-09,NA,NA,NA
"TER-PRIBS-T09",2025-04-10,NA,NA,NA
"TER-PRIBS-T09",2025-04-11,NA,NA,NA
"TER-PRIBS-T09",2025-04-12,NA,NA,NA
"TER-PRIBS-T09",2025-04-13,NA,NA,NA
"TER-PRIBS-T09",2025-04-14,NA,NA,NA
"TER-PRIBS-T09",2025-04-15,NA,NA,NA
"TER-PRIBS-T09",2025-04-16,NA,NA,NA
"TER-PRIBS-T09",2025-04-17,NA,NA,NA
"TER-PRIBS-T09",2025-04-18,NA,NA,NA
"TER-PRIBS-T09",2025-04-19,NA,NA,NA
"TER-PRIBS-T09",2025-04-20,NA,NA,NA
"TER-PRIBS-T09",2025-04-21,NA,NA,NA
"TER-PRIBS-T09",2025-04-22,NA,NA,NA
"TER-PRIBS-T09",2025-04-23,NA,NA,NA
"TER-PRIBS-T09",2025-04-24,NA,NA,NA
"TER-PRIBS-T09",2025-04-25,NA,NA,NA
"TER-PRIBS-T09",2025-04-26,NA,NA,NA
"TER-PRIBS-T09",2025-04-27,NA,NA,NA
"TER-PRIBS-T09",2025-04-28,NA,NA,NA
"TER-PRIBS-T09",2025-04-29,NA,NA,NA
"TER-PRIBS-T09",2025-04-30,NA,NA,NA
"TER-PRIBS-T09",2025-05-01,NA,NA,NA
"TER-PRIBS-T09",2025-05-02,NA,NA,NA
"TER-PRIBS-T09",2025-05-03,NA,NA,NA
"TER-PRIBS-T09",2025-05-04,NA,NA,NA
"TER-PRIBS-T09",2025-05-05,NA,NA,NA
"TER-PRIBS-T09",2025-05-06,NA,NA,NA
"TER-PRIBS-T09",2025-05-07,NA,NA,NA
"TER-PRIBS-T09",2025-05-08,NA,NA,NA
"TER-PRIBS-T09",2025-05-09,NA,NA,NA
"TER-PRIBS-T09",2025-05-10,NA,NA,NA
"TER-PRIBS-T09",2025-05-11,NA,NA,NA
"TER-PRIBS-T09",2025-05-12,NA,NA,NA
"TER-PRIBS-T09",2025-05-13,NA,NA,NA
"TER-PRIBS-T09",2025-05-14,NA,NA,NA
"TER-PRIBS-T09",2025-05-15,NA,NA,NA
"TER-PRIBS-T09",2025-05-16,NA,NA,NA
"TER-PRIBS-T09",2025-05-17,NA,NA,NA
"TER-PRIBS-T09",2025-05-18,NA,NA,NA
"TER-PRIBS-T09",2025-05-19,NA,NA,NA
"TER-PRIBS-T09",2025-05-20,NA,NA,NA
"TER-PRIBS-T09",2025-05-21,NA,NA,NA
"TER-PRIBS-T09",2025-05-22,NA,NA,NA
"TER-PRIBS-T09",2025-05-23,NA,NA,NA
"TER-PRIBS-T09",2025-05-24,NA,NA,NA
"TER-PRIBS-T09",2025-05-25,NA,NA,NA
"TER-PRIBS-T09",2025-05-26,NA,NA,NA
"TER-PRIBS-T09",2025-05-27,NA,NA,NA
"TER-PRIBS-T09",2025-05-28,NA,NA,NA
"TER-PRIBS-T09",2025-05-29,NA,NA,NA
"TER-PRIBS-T09",2025-05-30,NA,NA,NA
"TER-PRIBS-T09",2025-05-31,NA,NA,NA
"TER-PRIBS-T09",2025-06-01,NA,NA,NA
"TER-PRIBS-T09",2025-06-02,NA,NA,NA
"TER-PRIBS-T09",2025-06-03,NA,NA,NA
"TER-PRIBS-T09",2025-06-04,NA,NA,NA
"TER-PRIBS-T09",2025-06-05,NA,NA,NA
"TER-PRIBS-T09",2025-06-06,NA,NA,NA
"TER-PRIBS-T09",2025-06-07,NA,NA,NA
"TER-PRIBS-T09",2025-06-08,NA,NA,NA
"TER-PRIBS-T09",2025-06-09,NA,NA,NA
"TER-PRIBS-T09",2025-06-10,NA,NA,NA
"TER-PRIBS-T09",2025-06-11,NA,NA,NA
"TER-PRIBS-T09",2025-06-12,NA,NA,NA
"TER-PRIBS-T15",2023-08-09,NA,NA,NA
"TER-PRIBS-T15",2023-08-10,NA,NA,NA
"TER-PRIBS-T15",2023-08-11,NA,NA,NA
"TER-PRIBS-T15",2023-08-12,NA,NA,NA
"TER-PRIBS-T15",2023-08-13,NA,NA,NA
"TER-PRIBS-T15",2023-08-14,NA,NA,NA
"TER-PRIBS-T15",2023-08-15,NA,NA,NA
"TER-PRIBS-T15",2023-08-16,NA,NA,NA
"TER-PRIBS-T15",2023-08-17,NA,NA,NA
"TER-PRIBS-T15",2023-08-18,NA,NA,NA
"TER-PRIBS-T15",2023-08-19,NA,NA,NA
"TER-PRIBS-T15",2023-08-20,NA,NA,NA
"TER-PRIBS-T15",2023-08-21,NA,NA,NA
"TER-PRIBS-T15",2023-08-22,NA,NA,NA
"TER-PRIBS-T15",2023-08-23,NA,NA,NA
"TER-PRIBS-T15",2023-08-24,NA,NA,NA
"TER-PRIBS-T15",2023-08-25,NA,NA,NA
"TER-PRIBS-T15",2023-08-26,NA,NA,NA
"TER-PRIBS-T15",2023-08-27,NA,NA,NA
"TER-PRIBS-T15",2023-08-28,NA,NA,NA
"TER-PRIBS-T15",2023-08-29,NA,NA,NA
"TER-PRIBS-T15",2023-08-30,NA,NA,NA
"TER-PRIBS-T15",2023-08-31,NA,NA,NA
"TER-PRIBS-T15",2023-09-01,NA,NA,NA
"TER-PRIBS-T15",2023-09-02,NA,NA,NA
"TER-PRIBS-T15",2023-09-03,NA,NA,NA
"TER-PRIBS-T15",2023-09-04,NA,NA,NA
"TER-PRIBS-T15",2023-09-05,NA,NA,NA
"TER-PRIBS-T15",2023-09-06,NA,NA,NA
"TER-PRIBS-T15",2023-09-07,NA,NA,NA
"TER-PRIBS-T15",2023-09-08,NA,NA,NA
"TER-PRIBS-T15",2023-09-09,NA,NA,NA
"TER-PRIBS-T15",2023-09-10,NA,NA,NA
"TER-PRIBS-T15",2023-09-11,NA,NA,NA
"TER-PRIBS-T15",2023-09-12,NA,NA,NA
"TER-PRIBS-T15",2023-09-13,NA,NA,NA
"TER-PRIBS-T15",2023-09-14,NA,NA,NA
"TER-PRIBS-T15",2023-09-15,NA,NA,NA
"TER-PRIBS-T15",2023-09-16,NA,NA,NA
"TER-PRIBS-T15",2023-09-17,NA,NA,NA
"TER-PRIBS-T15",2023-09-18,NA,NA,NA
"TER-PRIBS-T15",2023-09-19,NA,NA,NA
"TER-PRIBS-T15",2023-09-20,NA,NA,NA
"TER-PRIBS-T15",2023-09-21,NA,NA,NA
"TER-PRIBS-T15",2023-09-22,NA,NA,NA
"TER-PRIBS-T15",2023-09-23,NA,NA,NA
"TER-PRIBS-T15",2023-09-24,NA,NA,NA
"TER-PRIBS-T15",2023-09-25,NA,NA,NA
"TER-PRIBS-T15",2023-09-26,NA,NA,NA
"TER-PRIBS-T15",2023-09-27,NA,NA,NA
"TER-PRIBS-T15",2023-09-28,NA,NA,NA
"TER-PRIBS-T15",2023-09-29,NA,NA,NA
"TER-PRIBS-T15",2023-09-30,NA,NA,NA
"TER-PRIBS-T15",2023-10-01,NA,NA,NA
"TER-PRIBS-T15",2023-10-02,NA,NA,NA
"TER-PRIBS-T15",2023-10-03,NA,NA,NA
"TER-PRIBS-T15",2023-10-04,NA,NA,NA
"TER-PRIBS-T15",2023-10-05,NA,NA,NA
"TER-PRIBS-T15",2023-10-06,NA,NA,NA
"TER-PRIBS-T15",2023-10-07,NA,NA,NA
"TER-PRIBS-T15",2023-10-08,NA,NA,NA
"TER-PRIBS-T15",2023-10-09,NA,NA,NA
"TER-PRIBS-T15",2023-10-10,NA,NA,NA
"TER-PRIBS-T15",2023-10-11,NA,NA,NA
"TER-PRIBS-T15",2023-10-12,NA,NA,NA
"TER-PRIBS-T15",2023-10-13,NA,NA,NA
"TER-PRIBS-T15",2023-10-14,NA,NA,NA
"TER-PRIBS-T15",2023-10-15,NA,NA,NA
"TER-PRIBS-T15",2023-10-16,NA,NA,NA
"TER-PRIBS-T15",2023-10-17,NA,NA,NA
"TER-PRIBS-T15",2023-10-18,NA,NA,NA
"TER-PRIBS-T15",2023-10-19,NA,NA,NA
"TER-PRIBS-T15",2023-10-20,NA,NA,NA
"TER-PRIBS-T15",2023-10-21,NA,NA,NA
"TER-PRIBS-T15",2023-10-22,NA,NA,NA
"TER-PRIBS-T15",2023-10-23,NA,NA,NA
"TER-PRIBS-T15",2023-10-24,NA,NA,NA
"TER-PRIBS-T15",2023-10-25,NA,NA,NA
"TER-PRIBS-T15",2023-10-26,NA,NA,NA
"TER-PRIBS-T15",2023-10-27,NA,NA,NA
"TER-PRIBS-T15",2023-10-28,NA,NA,NA
"TER-PRIBS-T15",2023-10-29,NA,NA,NA
"TER-PRIBS-T15",2023-10-30,NA,NA,NA
"TER-PRIBS-T15",2023-10-31,NA,NA,NA
"TER-PRIBS-T15",2023-11-01,NA,NA,NA
"TER-PRIBS-T15",2023-11-02,NA,NA,NA
"TER-PRIBS-T15",2023-11-03,NA,NA,NA
"TER-PRIBS-T15",2023-11-04,NA,NA,NA
"TER-PRIBS-T15",2023-11-05,NA,NA,NA
"TER-PRIBS-T15",2023-11-06,NA,NA,NA
"TER-PRIBS-T15",2023-11-07,NA,NA,NA
"TER-PRIBS-T15",2023-11-08,NA,NA,NA
"TER-PRIBS-T15",2023-11-09,NA,NA,NA
"TER-PRIBS-T15",2023-11-10,NA,NA,NA
"TER-PRIBS-T15",2023-11-11,NA,NA,NA
"TER-PRIBS-T15",2023-11-12,NA,NA,NA
"TER-PRIBS-T15",2023-11-13,NA,NA,NA
"TER-PRIBS-T15",2023-11-14,NA,NA,NA
"TER-PRIBS-T15",2023-11-15,NA,NA,NA
"TER-PRIBS-T15",2023-11-16,NA,NA,NA
"TER-PRIBS-T15",2023-11-17,NA,NA,NA
"TER-PRIBS-T15",2023-11-18,NA,NA,NA
"TER-PRIBS-T15",2023-11-19,NA,NA,NA
"TER-PRIBS-T15",2023-11-20,NA,NA,NA
"TER-PRIBS-T15",2023-11-21,NA,NA,NA
"TER-PRIBS-T15",2023-11-22,NA,NA,NA
"TER-PRIBS-T15",2023-11-23,NA,NA,NA
"TER-PRIBS-T15",2023-11-24,NA,NA,NA
"TER-PRIBS-T15",2023-11-25,NA,NA,NA
"TER-PRIBS-T15",2023-11-26,NA,NA,NA
"TER-PRIBS-T15",2023-11-27,NA,NA,NA
"TER-PRIBS-T15",2023-11-28,NA,NA,NA
"TER-PRIBS-T15",2023-11-29,NA,NA,NA
"TER-PRIBS-T15",2023-11-30,NA,NA,NA
"TER-PRIBS-T15",2023-12-01,NA,NA,NA
"TER-PRIBS-T15",2023-12-02,NA,NA,NA
"TER-PRIBS-T15",2023-12-03,NA,NA,NA
"TER-PRIBS-T15",2023-12-04,NA,NA,NA
"TER-PRIBS-T15",2023-12-05,NA,NA,NA
"TER-PRIBS-T15",2023-12-06,NA,NA,NA
"TER-PRIBS-T15",2023-12-07,NA,NA,NA
"TER-PRIBS-T15",2023-12-08,NA,NA,NA
"TER-PRIBS-T15",2023-12-09,NA,NA,NA
"TER-PRIBS-T15",2023-12-10,NA,NA,NA
"TER-PRIBS-T15",2023-12-11,NA,NA,NA
"TER-PRIBS-T15",2023-12-12,NA,NA,NA
"TER-PRIBS-T15",2023-12-13,NA,NA,NA
"TER-PRIBS-T15",2023-12-14,NA,NA,NA
"TER-PRIBS-T15",2023-12-15,NA,NA,NA
"TER-PRIBS-T15",2023-12-16,NA,NA,NA
"TER-PRIBS-T15",2023-12-17,NA,NA,NA
"TER-PRIBS-T15",2023-12-18,NA,NA,NA
"TER-PRIBS-T15",2023-12-19,NA,NA,NA
"TER-PRIBS-T15",2023-12-20,NA,NA,NA
"TER-PRIBS-T15",2023-12-21,NA,NA,NA
"TER-PRIBS-T15",2023-12-22,NA,NA,NA
"TER-PRIBS-T15",2023-12-23,NA,NA,NA
"TER-PRIBS-T15",2023-12-24,NA,NA,NA
"TER-PRIBS-T15",2023-12-25,NA,NA,NA
"TER-PRIBS-T15",2023-12-26,NA,NA,NA
"TER-PRIBS-T15",2023-12-27,NA,NA,NA
"TER-PRIBS-T15",2023-12-28,NA,NA,NA
"TER-PRIBS-T15",2023-12-29,NA,NA,NA
"TER-PRIBS-T15",2023-12-30,NA,NA,NA
"TER-PRIBS-T15",2023-12-31,NA,NA,NA
"TER-PRIBS-T15",2024-01-01,NA,NA,NA
"TER-PRIBS-T15",2024-01-02,NA,NA,NA
"TER-PRIBS-T15",2024-01-03,NA,NA,NA
"TER-PRIBS-T15",2024-01-04,NA,NA,NA
"TER-PRIBS-T15",2024-01-05,NA,NA,NA
"TER-PRIBS-T15",2024-01-06,NA,NA,NA
"TER-PRIBS-T15",2024-01-07,NA,NA,NA
"TER-PRIBS-T15",2024-01-08,NA,NA,NA
"TER-PRIBS-T15",2024-01-09,NA,NA,NA
"TER-PRIBS-T15",2024-01-10,NA,NA,NA
"TER-PRIBS-T15",2024-01-11,NA,NA,NA
"TER-PRIBS-T15",2024-01-12,NA,NA,NA
"TER-PRIBS-T15",2024-01-13,NA,NA,NA
"TER-PRIBS-T15",2024-01-14,NA,NA,NA
"TER-PRIBS-T15",2024-01-15,NA,NA,NA
"TER-PRIBS-T15",2024-01-16,NA,NA,NA
"TER-PRIBS-T15",2024-01-17,NA,NA,NA
"TER-PRIBS-T15",2024-01-18,NA,NA,NA
"TER-PRIBS-T15",2024-01-19,NA,NA,NA
"TER-PRIBS-T15",2024-01-20,NA,NA,NA
"TER-PRIBS-T15",2024-01-21,NA,NA,NA
"TER-PRIBS-T15",2024-01-22,NA,NA,NA
"TER-PRIBS-T15",2024-01-23,NA,NA,NA
"TER-PRIBS-T15",2024-01-24,NA,NA,NA
"TER-PRIBS-T15",2024-01-25,NA,NA,NA
"TER-PRIBS-T15",2024-01-26,NA,NA,NA
"TER-PRIBS-T15",2024-01-27,NA,NA,NA
"TER-PRIBS-T15",2024-01-28,NA,NA,NA
"TER-PRIBS-T15",2024-01-29,NA,NA,NA
"TER-PRIBS-T15",2024-01-30,NA,NA,NA
"TER-PRIBS-T15",2024-01-31,NA,NA,NA
"TER-PRIBS-T15",2024-02-01,NA,NA,NA
"TER-PRIBS-T15",2024-02-02,NA,NA,NA
"TER-PRIBS-T15",2024-02-03,NA,NA,NA
"TER-PRIBS-T15",2024-02-04,NA,NA,NA
"TER-PRIBS-T15",2024-02-05,NA,NA,NA
"TER-PRIBS-T15",2024-02-06,NA,NA,NA
"TER-PRIBS-T15",2024-02-07,NA,NA,NA
"TER-PRIBS-T15",2024-02-08,NA,NA,NA
"TER-PRIBS-T15",2024-02-09,NA,NA,NA
"TER-PRIBS-T15",2024-02-10,NA,NA,NA
"TER-PRIBS-T15",2024-02-11,NA,NA,NA
"TER-PRIBS-T15",2024-02-12,NA,NA,NA
"TER-PRIBS-T15",2024-02-13,NA,NA,NA
"TER-PRIBS-T15",2024-02-14,NA,NA,NA
"TER-PRIBS-T15",2024-02-15,NA,NA,NA
"TER-PRIBS-T15",2024-02-16,NA,NA,NA
"TER-PRIBS-T15",2024-02-17,NA,NA,NA
"TER-PRIBS-T15",2024-02-18,NA,NA,NA
"TER-PRIBS-T15",2024-02-19,NA,NA,NA
"TER-PRIBS-T15",2024-02-20,NA,NA,NA
"TER-PRIBS-T15",2024-02-21,NA,NA,NA
"TER-PRIBS-T15",2024-02-22,NA,NA,NA
"TER-PRIBS-T15",2024-02-23,NA,NA,NA
"TER-PRIBS-T15",2024-02-24,NA,NA,NA
"TER-PRIBS-T15",2024-02-25,NA,NA,NA
"TER-PRIBS-T15",2024-02-26,NA,NA,NA
"TER-PRIBS-T15",2024-02-27,NA,NA,NA
"TER-PRIBS-T15",2024-02-28,NA,NA,NA
"TER-PRIBS-T15",2024-02-29,NA,NA,NA
"TER-PRIBS-T15",2024-03-01,NA,NA,NA
"TER-PRIBS-T15",2024-03-02,NA,NA,NA
"TER-PRIBS-T15",2024-03-03,NA,NA,NA
"TER-PRIBS-T15",2024-03-04,NA,NA,NA
"TER-PRIBS-T15",2024-03-05,NA,NA,NA
"TER-PRIBS-T15",2024-03-06,NA,NA,NA
"TER-PRIBS-T15",2024-03-07,NA,NA,NA
"TER-PRIBS-T15",2024-03-08,NA,NA,NA
"TER-PRIBS-T15",2024-03-09,NA,NA,NA
"TER-PRIBS-T15",2024-03-10,NA,NA,NA
"TER-PRIBS-T15",2024-03-11,NA,NA,NA
"TER-PRIBS-T15",2024-03-12,NA,NA,NA
"TER-PRIBS-T15",2024-03-13,NA,NA,NA
"TER-PRIBS-T15",2024-03-14,NA,NA,NA
"TER-PRIBS-T15",2024-03-15,NA,NA,NA
"TER-PRIBS-T15",2024-03-16,NA,NA,NA
"TER-PRIBS-T15",2024-03-17,NA,NA,NA
"TER-PRIBS-T15",2024-03-18,NA,NA,NA
"TER-PRIBS-T15",2024-03-19,NA,NA,NA
"TER-PRIBS-T15",2024-03-20,NA,NA,NA
"TER-PRIBS-T15",2024-03-21,NA,NA,NA
"TER-PRIBS-T15",2024-03-22,NA,NA,NA
"TER-PRIBS-T15",2024-03-23,NA,NA,NA
"TER-PRIBS-T15",2024-03-24,NA,NA,NA
"TER-PRIBS-T15",2024-03-25,NA,NA,NA
"TER-PRIBS-T15",2024-03-26,NA,NA,NA
"TER-PRIBS-T15",2024-03-27,NA,NA,NA
"TER-PRIBS-T15",2024-03-28,NA,NA,NA
"TER-PRIBS-T15",2024-03-29,NA,NA,NA
"TER-PRIBS-T15",2024-03-30,NA,NA,NA
"TER-PRIBS-T15",2024-03-31,NA,NA,NA
"TER-PRIBS-T15",2024-04-01,NA,NA,NA
"TER-PRIBS-T15",2024-04-02,NA,NA,NA
"TER-PRIBS-T15",2024-04-03,NA,NA,NA
"TER-PRIBS-T15",2024-04-04,NA,NA,NA
"TER-PRIBS-T15",2024-04-05,NA,NA,NA
"TER-PRIBS-T15",2024-04-06,NA,NA,NA
"TER-PRIBS-T15",2024-04-07,NA,NA,NA
"TER-PRIBS-T15",2024-04-08,NA,NA,NA
"TER-PRIBS-T15",2024-04-09,0.0192106628632817,NA,0.0950295294990842
"TER-PRIBS-T15",2024-04-10,0,NA,0.00840402273024015
"TER-PRIBS-T15",2024-04-11,0,NA,0
"TER-PRIBS-T15",2024-04-12,0,NA,0.0648109113571834
"TER-PRIBS-T15",2024-04-13,0,NA,0
"TER-PRIBS-T15",2024-04-14,0,NA,0
"TER-PRIBS-T15",2024-04-15,0,NA,0
"TER-PRIBS-T15",2024-04-16,0,NA,0
"TER-PRIBS-T15",2024-04-17,0,NA,0.00107750914061968
"TER-PRIBS-T15",2024-04-18,0,NA,0.0522851906435907
"TER-PRIBS-T15",2024-04-19,0,NA,NA
"TER-PRIBS-T15",2024-04-20,0.000366905892935714,NA,NA
"TER-PRIBS-T15",2024-04-21,0,NA,NA
"TER-PRIBS-T15",2024-04-22,0,NA,NA
"TER-PRIBS-T15",2024-04-23,0,NA,NA
"TER-PRIBS-T15",2024-04-24,0,NA,NA
"TER-PRIBS-T15",2024-04-25,0.00165493216767406,NA,NA
"TER-PRIBS-T15",2024-04-26,0.00027348737007164,NA,NA
"TER-PRIBS-T15",2024-04-27,0.00951149430716984,NA,NA
"TER-PRIBS-T15",2024-04-28,0.0188312435452445,NA,NA
"TER-PRIBS-T15",2024-04-29,0.0190906913173167,NA,NA
"TER-PRIBS-T15",2024-04-30,0.0284920786748305,NA,NA
"TER-PRIBS-T15",2024-05-01,0,NA,NA
"TER-PRIBS-T15",2024-05-02,0,NA,NA
"TER-PRIBS-T15",2024-05-03,0,NA,NA
"TER-PRIBS-T15",2024-05-04,0,NA,NA
"TER-PRIBS-T15",2024-05-05,0,NA,NA
"TER-PRIBS-T15",2024-05-06,0,NA,NA
"TER-PRIBS-T15",2024-05-07,0,NA,NA
"TER-PRIBS-T15",2024-05-08,0,NA,NA
"TER-PRIBS-T15",2024-05-09,0,NA,NA
"TER-PRIBS-T15",2024-05-10,0.0148621088910561,NA,NA
"TER-PRIBS-T15",2024-05-11,0,NA,NA
"TER-PRIBS-T15",2024-05-12,0.0193917736248319,NA,NA
"TER-PRIBS-T15",2024-05-13,0,NA,NA
"TER-PRIBS-T15",2024-05-14,0.0158703406507814,NA,NA
"TER-PRIBS-T15",2024-05-15,0,NA,NA
"TER-PRIBS-T15",2024-05-16,0,NA,NA
"TER-PRIBS-T15",2024-05-17,0.00738336597154534,NA,NA
"TER-PRIBS-T15",2024-05-18,0.0340130263185409,NA,NA
"TER-PRIBS-T15",2024-05-19,0.000355301623841986,NA,NA
"TER-PRIBS-T15",2024-05-20,0.000391116669183863,NA,NA
"TER-PRIBS-T15",2024-05-21,0,NA,NA
"TER-PRIBS-T15",2024-05-22,0,NA,NA
"TER-PRIBS-T15",2024-05-23,0,NA,NA
"TER-PRIBS-T15",2024-05-24,0,NA,NA
"TER-PRIBS-T15",2024-05-25,0,NA,NA
"TER-PRIBS-T15",2024-05-26,0,NA,NA
"TER-PRIBS-T15",2024-05-27,0.000782233338367737,NA,NA
"TER-PRIBS-T15",2024-05-28,0.0706025953613147,NA,NA
"TER-PRIBS-T15",2024-05-29,0,NA,0.00322991465209305
"TER-PRIBS-T15",2024-05-30,0,NA,0.107326627150445
"TER-PRIBS-T15",2024-05-31,0,NA,0.0814592590835044
"TER-PRIBS-T15",2024-06-01,0.000403739331511635,NA,0.220860052624111
"TER-PRIBS-T15",2024-06-02,0,NA,0.0433698536213788
"TER-PRIBS-T15",2024-06-03,0,NA,0
"TER-PRIBS-T15",2024-06-04,0,NA,0.122491848816985
"TER-PRIBS-T15",2024-06-05,0,NA,0.0207349420857509
"TER-PRIBS-T15",2024-06-06,0.00665970404484133,NA,0.219459959390707
"TER-PRIBS-T15",2024-06-07,0,NA,0.0973437710619928
"TER-PRIBS-T15",2024-06-08,0.00289106802182271,NA,0.0690649596877024
"TER-PRIBS-T15",2024-06-09,0,NA,0.0940884883230019
"TER-PRIBS-T15",2024-06-10,0.00113652472344662,NA,0.126008699208219
"TER-PRIBS-T15",2024-06-11,0.0239931535664407,NA,0.263211599021078
"TER-PRIBS-T15",2024-06-12,0.0885605623059266,NA,0.32779992886724
"TER-PRIBS-T15",2024-06-13,0.00511136706020543,NA,0.062529948138287
"TER-PRIBS-T15",2024-06-14,0,NA,0.171481438504467
"TER-PRIBS-T15",2024-06-15,0.0634547073929582,NA,0.286823400345943
"TER-PRIBS-T15",2024-06-16,0.0519482868934821,NA,0.204365931363514
"TER-PRIBS-T15",2024-06-17,0.012165162275911,NA,0.157642708569517
"TER-PRIBS-T15",2024-06-18,0.0802836129524741,NA,0.348410700549339
"TER-PRIBS-T15",2024-06-19,0.0721237488153593,NA,0.342652538774062
"TER-PRIBS-T15",2024-06-20,0.0708979412578453,NA,0.294312447998455
"TER-PRIBS-T15",2024-06-21,0.098051782757415,NA,0.385072567504924
"TER-PRIBS-T15",2024-06-22,0.0749499090985283,NA,0.319847458696976
"TER-PRIBS-T15",2024-06-23,0.12086149809505,NA,0.31620349621538
"TER-PRIBS-T15",2024-06-24,0.00262151213048062,NA,0.0560030242347156
"TER-PRIBS-T15",2024-06-25,0.0344358872878061,NA,0.24268354542979
"TER-PRIBS-T15",2024-06-26,NA,NA,NA
"TER-PRIBS-T15",2024-06-27,0.0295477704255756,NA,0.0752311318957827
"TER-PRIBS-T15",2024-06-28,0.0729980784092655,NA,0.168639363142275
"TER-PRIBS-T15",2024-06-29,0.00379048950489475,NA,0.0822485357871263
"TER-PRIBS-T15",2024-06-30,0.029219752680943,NA,0.0957010490650765
"TER-PRIBS-T15",2024-07-01,0.0806341393363264,NA,0.183793098933393
"TER-PRIBS-T15",2024-07-02,0.135046999073705,NA,0.26075738077345
"TER-PRIBS-T15",2024-07-03,0.0532992681534861,NA,0.177141018879886
"TER-PRIBS-T15",2024-07-04,0.181123426214043,NA,0.331249714540093
"TER-PRIBS-T15",2024-07-05,0.159415939998708,NA,0.332360609966593
"TER-PRIBS-T15",2024-07-06,0.0985459177270733,NA,0.122699483234446
"TER-PRIBS-T15",2024-07-07,0.197317690342923,NA,0.269800154734678
"TER-PRIBS-T15",2024-07-08,0.0986858671082985,NA,0.0941905017938743
"TER-PRIBS-T15",2024-07-09,0.2242271214402,NA,0.276765059541755
"TER-PRIBS-T15",2024-07-10,0.20252820892664,NA,0.238809618337365
"TER-PRIBS-T15",2024-07-11,0.150639339509031,NA,0.168966982260246
"TER-PRIBS-T15",2024-07-12,0.127531826548558,NA,0.17323440949266
"TER-PRIBS-T15",2024-07-13,0.0851962843972873,NA,0.175905960546894
"TER-PRIBS-T15",2024-07-14,0.281321127837448,NA,0.448846934229923
"TER-PRIBS-T15",2024-07-15,0.149523515194266,NA,0.223006705351437
"TER-PRIBS-T15",2024-07-16,0.226076019152078,NA,0.323360666990082
"TER-PRIBS-T15",2024-07-17,0.0233241405320657,NA,0.0142868813491845
"TER-PRIBS-T15",2024-07-18,0.0658883229375318,NA,0.139409915734881
"TER-PRIBS-T15",2024-07-19,NA,NA,0.342465574643677
"TER-PRIBS-T15",2024-07-20,NA,0.589185122935778,0.360426935962876
"TER-PRIBS-T15",2024-07-21,NA,0.525080519162442,0.310046491129436
"TER-PRIBS-T15",2024-07-22,NA,0.425496726475127,0.232146969982699
"TER-PRIBS-T15",2024-07-23,NA,0.429732594480328,0.23935718213289
"TER-PRIBS-T15",2024-07-24,NA,0.43104540500269,0.243297043121241
"TER-PRIBS-T15",2024-07-25,NA,0.532541984394355,0.377441536768562
"TER-PRIBS-T15",2024-07-26,NA,0.553378906968143,0.331324947145372
"TER-PRIBS-T15",2024-07-27,NA,0.360280194455443,0.120914517688306
"TER-PRIBS-T15",2024-07-28,NA,0.505467371926688,0.291067222755212
"TER-PRIBS-T15",2024-07-29,NA,0.340382199063057,0.0531981915804553
"TER-PRIBS-T15",2024-07-30,NA,0.333602468895188,0.0296342200513189
"TER-PRIBS-T15",2024-07-31,NA,0.275646168149135,0.0706915660769812
"TER-PRIBS-T15",2024-08-01,NA,0.455064221414268,0.244940778568744
"TER-PRIBS-T15",2024-08-02,NA,0.406664754691317,0.22390808709672
"TER-PRIBS-T15",2024-08-03,NA,0.514703650641523,0.373921951490272
"TER-PRIBS-T15",2024-08-04,NA,0.659285524208188,0.502886309393903
"TER-PRIBS-T15",2024-08-05,NA,0.698229951189259,0.517284008455171
"TER-PRIBS-T15",2024-08-06,NA,0.312848299757067,0.0784765458856512
"TER-PRIBS-T15",2024-08-07,NA,0.416247699556072,0.220934408486308
"TER-PRIBS-T15",2024-08-08,NA,0.481877437523799,0.283183017811358
"TER-PRIBS-T15",2024-08-09,NA,0.622608126928916,0.495111682455579
"TER-PRIBS-T15",2024-08-10,NA,0.531686420032643,0.351597622784772
"TER-PRIBS-T15",2024-08-11,NA,0.433996613103398,0.286424820043494
"TER-PRIBS-T15",2024-08-12,NA,0.586839255545544,0.456930725807745
"TER-PRIBS-T15",2024-08-13,NA,0.469205684875172,0.209272735383858
"TER-PRIBS-T15",2024-08-14,NA,0.532919860076031,0.297635368786639
"TER-PRIBS-T15",2024-08-15,NA,0.463675548020022,0.222840814955724
"TER-PRIBS-T15",2024-08-16,NA,0.39476707226693,0.136307989914971
"TER-PRIBS-T15",2024-08-17,NA,0.419538725171691,0.165993535325926
"TER-PRIBS-T15",2024-08-18,NA,0.449769583592548,0.24630295385137
"TER-PRIBS-T15",2024-08-19,NA,0.549640971120407,0.339215915030835
"TER-PRIBS-T15",2024-08-20,NA,0.28508625492426,0.0302454420066237
"TER-PRIBS-T15",2024-08-21,NA,0.39847885297067,0.216443883824092
"TER-PRIBS-T15",2024-08-22,NA,0.651094173757993,0.471062153381022
"TER-PRIBS-T15",2024-08-23,NA,0.455592472580734,0.191166099568924
"TER-PRIBS-T15",2024-08-24,NA,0.419753077488084,0.259527905436655
"TER-PRIBS-T15",2024-08-25,NA,0.529878552829863,0.396896376056477
"TER-PRIBS-T15",2024-08-26,NA,0.462551087333323,0.268661004016668
"TER-PRIBS-T15",2024-08-27,NA,0.432473444148183,0.290778402932972
"TER-PRIBS-T15",2024-08-28,NA,0.484500905505256,0.340654532555696
"TER-PRIBS-T15",2024-08-29,NA,0.464003493744543,0.286370936399331
"TER-PRIBS-T15",2024-08-30,NA,0.569807382374749,0.407838370718194
"TER-PRIBS-T15",2024-08-31,NA,0.552879993438165,0.368732170583342
"TER-PRIBS-T15",2024-09-01,NA,0.443554758521653,0.291144643187652
"TER-PRIBS-T15",2024-09-02,NA,0.515148116177663,0.387998820459135
"TER-PRIBS-T15",2024-09-03,NA,0.632896943899339,0.509167747731656
"TER-PRIBS-T15",2024-09-04,NA,0.643492854653479,0.517313752373697
"TER-PRIBS-T15",2024-09-05,NA,0.645905591987916,0.53311450273472
"TER-PRIBS-T15",2024-09-06,NA,0.666389321586958,0.55015191023849
"TER-PRIBS-T15",2024-09-07,NA,0.434247087289344,0.268493388564249
"TER-PRIBS-T15",2024-09-08,NA,0.281100528965086,0.109140305374579
"TER-PRIBS-T15",2024-09-09,NA,0.388481377022264,0.215547383351771
"TER-PRIBS-T15",2024-09-10,NA,0.260626645820527,0.0690613978986006
"TER-PRIBS-T15",2024-09-11,NA,0.341994733827196,0.169816302018673
"TER-PRIBS-T15",2024-09-12,NA,0.393595285598829,0.218047138276985
"TER-PRIBS-T15",2024-09-13,NA,0.395424559304531,0.24313730389954
"TER-PRIBS-T15",2024-09-14,NA,0.423415134196994,0.295171301615026
"TER-PRIBS-T15",2024-09-15,NA,0.479700577202339,0.34624773417226
"TER-PRIBS-T15",2024-09-16,NA,0.337484108864831,0.136308282690299
"TER-PRIBS-T15",2024-09-17,NA,0.394530966025671,0.220798660828943
"TER-PRIBS-T15",2024-09-18,NA,0.480769673113264,0.34201085574019
"TER-PRIBS-T15",2024-09-19,NA,0.443116661372396,0.306709313882856
"TER-PRIBS-T15",2024-09-20,NA,0.210757972848414,0.077270616539291
"TER-PRIBS-T15",2024-09-21,NA,0.364451552796195,0.245795796009819
"TER-PRIBS-T15",2024-09-22,NA,0.383834825108551,0.237123822270618
"TER-PRIBS-T15",2024-09-23,NA,0.525790254295026,0.397743285104968
"TER-PRIBS-T15",2024-09-24,NA,0.487020735422329,0.294787387355871
"TER-PRIBS-T15",2024-09-25,NA,0.261740633434278,0.0717484709917682
"TER-PRIBS-T15",2024-09-26,NA,NA,NA
"TER-PRIBS-T15",2024-09-27,NA,NA,0.176398593849305
"TER-PRIBS-T15",2024-09-28,NA,NA,0.21972322995793
"TER-PRIBS-T15",2024-09-29,NA,NA,0.111084187113296
"TER-PRIBS-T15",2024-09-30,NA,NA,0.252999120869638
"TER-PRIBS-T15",2024-10-01,NA,NA,0.253880013658611
"TER-PRIBS-T15",2024-10-02,NA,NA,0.247841185162329
"TER-PRIBS-T15",2024-10-03,NA,NA,0.272782449421909
"TER-PRIBS-T15",2024-10-04,NA,NA,0.136662372985411
"TER-PRIBS-T15",2024-10-05,NA,NA,0.0810094675487035
"TER-PRIBS-T15",2024-10-06,NA,NA,0.310106564682119
"TER-PRIBS-T15",2024-10-07,NA,NA,0.173318925530814
"TER-PRIBS-T15",2024-10-08,NA,0.393741640112059,0.227729527804556
"TER-PRIBS-T15",2024-10-09,NA,0.319461127048647,0.140098276667427
"TER-PRIBS-T15",2024-10-10,NA,0.25732370118177,0.0727738298493195
"TER-PRIBS-T15",2024-10-11,NA,0.399477613719601,0.31576348189086
"TER-PRIBS-T15",2024-10-12,NA,0.364599890991123,0.25356688099199
"TER-PRIBS-T15",2024-10-13,NA,0.202752899699704,0.00583005675419141
"TER-PRIBS-T15",2024-10-14,NA,0.167612868236647,0
"TER-PRIBS-T15",2024-10-15,NA,0.293838109861214,0.162262669538313
"TER-PRIBS-T15",2024-10-16,NA,0.378872334155669,0.292534302398511
"TER-PRIBS-T15",2024-10-17,NA,0.334584795160556,0.248353588927416
"TER-PRIBS-T15",2024-10-18,NA,0.356169697574039,0.227087841530942
"TER-PRIBS-T15",2024-10-19,NA,0.289508897115439,0.118160810039794
"TER-PRIBS-T15",2024-10-20,NA,0.255990834956442,0.148318632611358
"TER-PRIBS-T15",2024-10-21,NA,0.336361464549137,0.326205809636124
"TER-PRIBS-T15",2024-10-22,NA,0.299641022154821,0.18548120545599
"TER-PRIBS-T15",2024-10-23,NA,0.187805086378256,0.00601721081908247
"TER-PRIBS-T15",2024-10-24,NA,0.425666228167185,0.358397911949395
"TER-PRIBS-T15",2024-10-25,NA,0.442070124627742,0.393189404499033
"TER-PRIBS-T15",2024-10-26,NA,0.334648848377298,0.266417941282773
"TER-PRIBS-T15",2024-10-27,NA,0.296324392622064,0.213232703661468
"TER-PRIBS-T15",2024-10-28,NA,0.426208509222175,0.362533363710891
"TER-PRIBS-T15",2024-10-29,NA,0.177145679929787,0.0104835009265999
"TER-PRIBS-T15",2024-10-30,NA,0.166589807007218,0.000757683148964408
"TER-PRIBS-T15",2024-10-31,NA,0.22389252023704,0.0522750161699096
"TER-PRIBS-T15",2024-11-01,NA,0.177328718643329,0
"TER-PRIBS-T15",2024-11-02,NA,0.19535929942286,0.000378841574482209
"TER-PRIBS-T15",2024-11-03,NA,0.150476119229907,0
"TER-PRIBS-T15",2024-11-04,NA,0.304338026922912,0.15572946777553
"TER-PRIBS-T15",2024-11-05,NA,0.229334886742413,0.0830517605609302
"TER-PRIBS-T15",2024-11-06,NA,0.249791222342091,0.141452368888439
"TER-PRIBS-T15",2024-11-07,NA,0.236617764105016,0.134877803539721
"TER-PRIBS-T15",2024-11-08,NA,0.230164004416375,0.0814078703401503
"TER-PRIBS-T15",2024-11-09,NA,0.311244933515766,0.176332750327674
"TER-PRIBS-T15",2024-11-10,NA,0.254065591213371,0.104751716993842
"TER-PRIBS-T15",2024-11-11,NA,0.214848870892887,0.027691766357585
"TER-PRIBS-T15",2024-11-12,NA,0.164325128143986,0
"TER-PRIBS-T15",2024-11-13,NA,0.155696217676942,0.0130037362535389
"TER-PRIBS-T15",2024-11-14,NA,0.265836301517443,0.150187627661196
"TER-PRIBS-T15",2024-11-15,NA,0.276238358673743,0.176372155446333
"TER-PRIBS-T15",2024-11-16,NA,0.295427877564712,0.195043293686479
"TER-PRIBS-T15",2024-11-17,NA,0.231926606376099,0.107938166045682
"TER-PRIBS-T15",2024-11-18,NA,0.166495257833335,0.0235891584026956
"TER-PRIBS-T15",2024-11-19,NA,0.177758526346071,0.0325682256582501
"TER-PRIBS-T15",2024-11-20,NA,0.234995179480154,0.125135383760889
"TER-PRIBS-T15",2024-11-21,NA,0.227669582456604,0.116450076709145
"TER-PRIBS-T15",2024-11-22,NA,0.199246659984306,0.047541194391134
"TER-PRIBS-T15",2024-11-23,NA,0.198825893705941,0.0778109442884042
"TER-PRIBS-T15",2024-11-24,NA,0.318242686788457,0.264859742670486
"TER-PRIBS-T15",2024-11-25,NA,0.220997748278938,0.122567188194011
"TER-PRIBS-T15",2024-11-26,NA,0.266433619722697,0.159922948531793
"TER-PRIBS-T15",2024-11-27,NA,0.219168313410727,0.121607993450422
"TER-PRIBS-T15",2024-11-28,NA,0.27744461934147,0.195916870280076
"TER-PRIBS-T15",2024-11-29,NA,0.261771095638053,0.179548203141808
"TER-PRIBS-T15",2024-11-30,NA,0.185758478694613,0.0800418777156119
"TER-PRIBS-T15",2024-12-01,NA,0.191952694658013,0.0679299264083435
"TER-PRIBS-T15",2024-12-02,NA,0.199190365057334,0.0622263106594945
"TER-PRIBS-T15",2024-12-03,NA,0.225273150658133,0.133671373840731
"TER-PRIBS-T15",2024-12-04,NA,0.279701541301995,0.196119898136757
"TER-PRIBS-T15",2024-12-05,NA,0.245445151096802,0.153282768715544
"TER-PRIBS-T15",2024-12-06,NA,0.239663862569485,0.127944391443049
"TER-PRIBS-T15",2024-12-07,NA,0.156742407486951,0.0347928851643627
"TER-PRIBS-T15",2024-12-08,NA,0.171950300947165,0.0527761644363684
"TER-PRIBS-T15",2024-12-09,NA,0.214755510573476,0.123804306150703
"TER-PRIBS-T15",2024-12-10,NA,0.21216235246984,0.126467883558969
"TER-PRIBS-T15",2024-12-11,NA,0.130399502633402,0.00682774508500629
"TER-PRIBS-T15",2024-12-12,NA,0.13457423315793,0.0375993560465371
"TER-PRIBS-T15",2024-12-13,NA,0.170135298556844,0.0923406061761109
"TER-PRIBS-T15",2024-12-14,NA,0.31597282680716,0.272008564896728
"TER-PRIBS-T15",2024-12-15,NA,0.164879982588599,0.0597387412740178
"TER-PRIBS-T15",2024-12-16,NA,0.129834755701318,0.00665880987625862
"TER-PRIBS-T15",2024-12-17,NA,0.230253472437529,0.160719887434252
"TER-PRIBS-T15",2024-12-18,NA,0.142271062645678,0.0378794061696648
"TER-PRIBS-T15",2024-12-19,NA,0.11306033933141,0
"TER-PRIBS-T15",2024-12-20,NA,0.178615276994169,0.0924575205111513
"TER-PRIBS-T15",2024-12-21,NA,0.203698857347539,0.138129175739145
"TER-PRIBS-T15",2024-12-22,NA,0.171237025540087,0.0789979012635399
"TER-PRIBS-T15",2024-12-23,NA,0.183605774011424,0.0963502002867179
"TER-PRIBS-T15",2024-12-24,NA,0.215674681516897,0.145582393094679
"TER-PRIBS-T15",2024-12-25,NA,0.148604223231384,0.0658479522459808
"TER-PRIBS-T15",2024-12-26,NA,0.179072807211326,0.0960978537789528
"TER-PRIBS-T15",2024-12-27,NA,0.162652051138135,0.0572219241725995
"TER-PRIBS-T15",2024-12-28,NA,0.202874599477466,0.115121437792855
"TER-PRIBS-T15",2024-12-29,NA,0.197291423243087,0.108437968098202
"TER-PRIBS-T15",2024-12-30,NA,0.209423107755802,0.120581059183948
"TER-PRIBS-T15",2024-12-31,NA,0.178692348702826,0.0601793229639588
"TER-PRIBS-T15",2025-01-01,NA,0.136789635965917,0.00227304944689323
"TER-PRIBS-T15",2025-01-02,NA,0.174895620404781,0.0378264941104059
"TER-PRIBS-T15",2025-01-03,NA,0.129540372779371,0
"TER-PRIBS-T15",2025-01-04,NA,0.139569591113468,0.0306678535194086
"TER-PRIBS-T15",2025-01-05,NA,0.196645753887264,0.0953062493278143
"TER-PRIBS-T15",2025-01-06,NA,0.157771836157726,0.0286337400050146
"TER-PRIBS-T15",2025-01-07,NA,0.196209401684175,0.105467464695422
"TER-PRIBS-T15",2025-01-08,NA,0.204182546639045,0.106544137984109
"TER-PRIBS-T15",2025-01-09,NA,0.151020546329897,0.0193226066598617
"TER-PRIBS-T15",2025-01-10,NA,0.133296094338172,0
"TER-PRIBS-T15",2025-01-11,NA,0.159357175077565,0.0368853740717335
"TER-PRIBS-T15",2025-01-12,NA,0.170762701973599,0.0830347264557438
"TER-PRIBS-T15",2025-01-13,NA,0.162072716426713,0.0639836357559974
"TER-PRIBS-T15",2025-01-14,NA,0.177938653287107,0.0713629853620992
"TER-PRIBS-T15",2025-01-15,NA,0.184244309177302,0.0827650130750868
"TER-PRIBS-T15",2025-01-16,NA,0.137814318082221,0.0121229303834305
"TER-PRIBS-T15",2025-01-17,NA,0.110776171098715,0
"TER-PRIBS-T15",2025-01-18,NA,NA,0.114072477696582
"TER-PRIBS-T15",2025-01-19,NA,NA,0.0401591822283585
"TER-PRIBS-T15",2025-01-20,NA,NA,0.0158355955526169
"TER-PRIBS-T15",2025-01-21,NA,NA,0.0759972992499854
"TER-PRIBS-T15",2025-01-22,NA,NA,0.176955147086864
"TER-PRIBS-T15",2025-01-23,NA,NA,0.0761112858882916
"TER-PRIBS-T15",2025-01-24,NA,NA,0.0401892570627275
"TER-PRIBS-T15",2025-01-25,NA,NA,0.0960878528320927
"TER-PRIBS-T15",2025-01-26,NA,NA,0.114378778962222
"TER-PRIBS-T15",2025-01-27,NA,NA,0.208265665034355
"TER-PRIBS-T15",2025-01-28,NA,NA,0.149630657176
"TER-PRIBS-T15",2025-01-29,NA,NA,0.0867552073934473
"TER-PRIBS-T15",2025-01-30,NA,NA,0.106926247315091
"TER-PRIBS-T15",2025-01-31,NA,NA,0.0703420881958322
"TER-PRIBS-T15",2025-02-01,NA,NA,0.0523860268567295
"TER-PRIBS-T15",2025-02-02,NA,NA,0.0494550780558009
"TER-PRIBS-T15",2025-02-03,NA,NA,0.0262323886221628
"TER-PRIBS-T15",2025-02-04,NA,NA,0.00517834559177084
"TER-PRIBS-T15",2025-02-05,NA,NA,0.0179631000642271
"TER-PRIBS-T15",2025-02-06,NA,NA,0.139101521831967
"TER-PRIBS-T15",2025-02-07,NA,NA,0.0191855307336801
"TER-PRIBS-T15",2025-02-08,NA,NA,0.00807054601353667
"TER-PRIBS-T15",2025-02-09,NA,NA,0
"TER-PRIBS-T15",2025-02-10,NA,NA,0
"TER-PRIBS-T15",2025-02-11,NA,NA,0.0652545966643757
"TER-PRIBS-T15",2025-02-12,NA,NA,NA
"TER-PRIBS-T15",2025-02-13,NA,NA,NA
"TER-PRIBS-T15",2025-02-14,NA,NA,NA
"TER-PRIBS-T15",2025-02-15,NA,NA,NA
"TER-PRIBS-T15",2025-02-16,NA,NA,NA
"TER-PRIBS-T15",2025-02-17,NA,NA,NA
"TER-PRIBS-T15",2025-02-18,NA,NA,NA
"TER-PRIBS-T15",2025-02-19,NA,NA,NA
"TER-PRIBS-T15",2025-02-20,NA,NA,NA
"TER-PRIBS-T15",2025-02-21,NA,NA,NA
"TER-PRIBS-T15",2025-02-22,NA,NA,NA
"TER-PRIBS-T15",2025-02-23,NA,NA,NA
"TER-PRIBS-T15",2025-02-24,NA,NA,NA
"TER-PRIBS-T15",2025-02-25,NA,NA,NA
"TER-PRIBS-T15",2025-02-26,NA,NA,NA
"TER-PRIBS-T15",2025-02-27,NA,NA,NA
"TER-PRIBS-T15",2025-02-28,NA,NA,NA
"TER-PRIBS-T15",2025-03-01,NA,NA,NA
"TER-PRIBS-T15",2025-03-02,NA,NA,NA
"TER-PRIBS-T15",2025-03-03,NA,NA,NA
"TER-PRIBS-T15",2025-03-04,NA,NA,NA
"TER-PRIBS-T15",2025-03-05,NA,NA,NA
"TER-PRIBS-T15",2025-03-06,NA,NA,NA
"TER-PRIBS-T15",2025-03-07,NA,NA,NA
"TER-PRIBS-T15",2025-03-08,NA,NA,NA
"TER-PRIBS-T15",2025-03-09,NA,NA,NA
"TER-PRIBS-T15",2025-03-10,NA,NA,NA
"TER-PRIBS-T15",2025-03-11,NA,NA,NA
"TER-PRIBS-T15",2025-03-12,NA,NA,NA
"TER-PRIBS-T15",2025-03-13,NA,NA,NA
"TER-PRIBS-T15",2025-03-14,NA,NA,NA
"TER-PRIBS-T15",2025-03-15,NA,NA,NA
"TER-PRIBS-T15",2025-03-16,NA,NA,NA
"TER-PRIBS-T15",2025-03-17,NA,NA,NA
"TER-PRIBS-T15",2025-03-18,NA,NA,NA
"TER-PRIBS-T15",2025-03-19,NA,NA,NA
"TER-PRIBS-T15",2025-03-20,NA,NA,NA
"TER-PRIBS-T15",2025-03-21,NA,NA,NA
"TER-PRIBS-T15",2025-03-22,NA,NA,NA
"TER-PRIBS-T15",2025-03-23,NA,NA,NA
"TER-PRIBS-T15",2025-03-24,NA,NA,NA
"TER-PRIBS-T15",2025-03-25,NA,NA,NA
"TER-PRIBS-T15",2025-03-26,NA,NA,NA
"TER-PRIBS-T15",2025-03-27,NA,NA,NA
"TER-PRIBS-T15",2025-03-28,NA,NA,NA
"TER-PRIBS-T15",2025-03-29,NA,NA,NA
"TER-PRIBS-T15",2025-03-30,NA,NA,NA
"TER-PRIBS-T15",2025-03-31,NA,NA,NA
"TER-PRIBS-T15",2025-04-01,NA,NA,NA
"TER-PRIBS-T15",2025-04-02,NA,NA,NA
"TER-PRIBS-T15",2025-04-03,NA,NA,NA
"TER-PRIBS-T15",2025-04-04,NA,NA,NA
"TER-PRIBS-T15",2025-04-05,NA,NA,NA
"TER-PRIBS-T15",2025-04-06,NA,NA,NA
"TER-PRIBS-T15",2025-04-07,NA,NA,NA
"TER-PRIBS-T15",2025-04-08,NA,NA,NA
"TER-PRIBS-T15",2025-04-09,NA,NA,NA
"TER-PRIBS-T15",2025-04-10,NA,NA,NA
"TER-PRIBS-T15",2025-04-11,NA,NA,NA
"TER-PRIBS-T15",2025-04-12,NA,NA,NA
"TER-PRIBS-T15",2025-04-13,NA,NA,NA
"TER-PRIBS-T15",2025-04-14,NA,NA,NA
"TER-PRIBS-T15",2025-04-15,NA,NA,NA
"TER-PRIBS-T15",2025-04-16,NA,NA,NA
"TER-PRIBS-T15",2025-04-17,NA,NA,NA
"TER-PRIBS-T15",2025-04-18,NA,NA,NA
"TER-PRIBS-T15",2025-04-19,NA,NA,NA
"TER-PRIBS-T15",2025-04-20,NA,NA,NA
"TER-PRIBS-T15",2025-04-21,NA,NA,NA
"TER-PRIBS-T15",2025-04-22,NA,NA,NA
"TER-PRIBS-T15",2025-04-23,NA,NA,NA
"TER-PRIBS-T15",2025-04-24,NA,NA,NA
"TER-PRIBS-T15",2025-04-25,NA,NA,NA
"TER-PRIBS-T15",2025-04-26,NA,NA,NA
"TER-PRIBS-T15",2025-04-27,NA,NA,NA
"TER-PRIBS-T15",2025-04-28,NA,NA,NA
"TER-PRIBS-T15",2025-04-29,NA,NA,NA
"TER-PRIBS-T15",2025-04-30,NA,NA,NA
"TER-PRIBS-T15",2025-05-01,NA,NA,NA
"TER-PRIBS-T15",2025-05-02,NA,NA,NA
"TER-PRIBS-T15",2025-05-03,NA,NA,NA
"TER-PRIBS-T15",2025-05-04,NA,NA,NA
"TER-PRIBS-T15",2025-05-05,NA,NA,NA
"TER-PRIBS-T15",2025-05-06,NA,NA,NA
"TER-PRIBS-T15",2025-05-07,NA,NA,NA
"TER-PRIBS-T15",2025-05-08,NA,NA,NA
"TER-PRIBS-T15",2025-05-09,NA,NA,NA
"TER-PRIBS-T15",2025-05-10,NA,NA,NA
"TER-PRIBS-T15",2025-05-11,NA,NA,NA
"TER-PRIBS-T15",2025-05-12,NA,NA,NA
"TER-PRIBS-T15",2025-05-13,NA,NA,NA
"TER-PRIBS-T15",2025-05-14,NA,NA,NA
"TER-PRIBS-T15",2025-05-15,NA,NA,NA
"TER-PRIBS-T15",2025-05-16,NA,NA,NA
"TER-PRIBS-T15",2025-05-17,NA,NA,NA
"TER-PRIBS-T15",2025-05-18,NA,NA,NA
"TER-PRIBS-T15",2025-05-19,NA,NA,NA
"TER-PRIBS-T15",2025-05-20,NA,NA,NA
"TER-PRIBS-T15",2025-05-21,NA,NA,NA
"TER-PRIBS-T15",2025-05-22,NA,NA,NA
"TER-PRIBS-T15",2025-05-23,NA,NA,NA
"TER-PRIBS-T15",2025-05-24,NA,NA,NA
"TER-PRIBS-T15",2025-05-25,NA,NA,NA
"TER-PRIBS-T15",2025-05-26,NA,NA,NA
"TER-PRIBS-T15",2025-05-27,NA,NA,NA
"TER-PRIBS-T15",2025-05-28,NA,NA,NA
"TER-PRIBS-T15",2025-05-29,NA,NA,NA
"TER-PRIBS-T15",2025-05-30,NA,NA,NA
"TER-PRIBS-T15",2025-05-31,NA,NA,NA
"TER-PRIBS-T15",2025-06-01,NA,NA,NA
"TER-PRIBS-T15",2025-06-02,NA,NA,NA
"TER-PRIBS-T15",2025-06-03,NA,NA,NA
"TER-PRIBS-T15",2025-06-04,NA,NA,NA
"TER-PRIBS-T15",2025-06-05,NA,NA,NA
"TER-PRIBS-T15",2025-06-06,NA,NA,NA
"TER-PRIBS-T15",2025-06-07,NA,NA,NA
"TER-PRIBS-T15",2025-06-08,NA,NA,NA
"TER-PRIBS-T15",2025-06-09,NA,NA,NA
"TER-PRIBS-T15",2025-06-10,NA,NA,NA
"TER-PRIBS-T15",2025-06-11,NA,NA,NA
"TER-PRIBS-T15",2025-06-12,NA,NA,NA
"TER-PRIBS-T27",2023-08-09,NA,NA,NA
"TER-PRIBS-T27",2023-08-10,NA,NA,NA
"TER-PRIBS-T27",2023-08-11,NA,NA,NA
"TER-PRIBS-T27",2023-08-12,NA,NA,NA
"TER-PRIBS-T27",2023-08-13,NA,NA,NA
"TER-PRIBS-T27",2023-08-14,NA,NA,NA
"TER-PRIBS-T27",2023-08-15,NA,NA,NA
"TER-PRIBS-T27",2023-08-16,NA,NA,NA
"TER-PRIBS-T27",2023-08-17,NA,NA,NA
"TER-PRIBS-T27",2023-08-18,NA,NA,NA
"TER-PRIBS-T27",2023-08-19,NA,NA,NA
"TER-PRIBS-T27",2023-08-20,NA,NA,NA
"TER-PRIBS-T27",2023-08-21,NA,NA,NA
"TER-PRIBS-T27",2023-08-22,NA,NA,NA
"TER-PRIBS-T27",2023-08-23,NA,NA,NA
"TER-PRIBS-T27",2023-08-24,NA,NA,NA
"TER-PRIBS-T27",2023-08-25,NA,NA,NA
"TER-PRIBS-T27",2023-08-26,NA,NA,NA
"TER-PRIBS-T27",2023-08-27,NA,NA,NA
"TER-PRIBS-T27",2023-08-28,NA,NA,NA
"TER-PRIBS-T27",2023-08-29,NA,NA,NA
"TER-PRIBS-T27",2023-08-30,NA,NA,NA
"TER-PRIBS-T27",2023-08-31,NA,NA,NA
"TER-PRIBS-T27",2023-09-01,NA,NA,NA
"TER-PRIBS-T27",2023-09-02,NA,NA,NA
"TER-PRIBS-T27",2023-09-03,NA,NA,NA
"TER-PRIBS-T27",2023-09-04,NA,NA,NA
"TER-PRIBS-T27",2023-09-05,NA,NA,NA
"TER-PRIBS-T27",2023-09-06,NA,NA,NA
"TER-PRIBS-T27",2023-09-07,NA,NA,NA
"TER-PRIBS-T27",2023-09-08,NA,NA,NA
"TER-PRIBS-T27",2023-09-09,NA,NA,NA
"TER-PRIBS-T27",2023-09-10,NA,NA,NA
"TER-PRIBS-T27",2023-09-11,NA,NA,NA
"TER-PRIBS-T27",2023-09-12,NA,NA,NA
"TER-PRIBS-T27",2023-09-13,NA,NA,NA
"TER-PRIBS-T27",2023-09-14,NA,NA,NA
"TER-PRIBS-T27",2023-09-15,NA,NA,NA
"TER-PRIBS-T27",2023-09-16,NA,NA,NA
"TER-PRIBS-T27",2023-09-17,NA,NA,NA
"TER-PRIBS-T27",2023-09-18,NA,NA,NA
"TER-PRIBS-T27",2023-09-19,NA,NA,NA
"TER-PRIBS-T27",2023-09-20,NA,NA,NA
"TER-PRIBS-T27",2023-09-21,NA,NA,NA
"TER-PRIBS-T27",2023-09-22,NA,NA,NA
"TER-PRIBS-T27",2023-09-23,NA,NA,NA
"TER-PRIBS-T27",2023-09-24,NA,NA,NA
"TER-PRIBS-T27",2023-09-25,NA,NA,NA
"TER-PRIBS-T27",2023-09-26,NA,NA,NA
"TER-PRIBS-T27",2023-09-27,NA,NA,NA
"TER-PRIBS-T27",2023-09-28,NA,NA,NA
"TER-PRIBS-T27",2023-09-29,NA,NA,NA
"TER-PRIBS-T27",2023-09-30,NA,NA,NA
"TER-PRIBS-T27",2023-10-01,NA,NA,NA
"TER-PRIBS-T27",2023-10-02,NA,NA,NA
"TER-PRIBS-T27",2023-10-03,NA,NA,NA
"TER-PRIBS-T27",2023-10-04,NA,NA,NA
"TER-PRIBS-T27",2023-10-05,NA,NA,NA
"TER-PRIBS-T27",2023-10-06,NA,NA,NA
"TER-PRIBS-T27",2023-10-07,NA,NA,NA
"TER-PRIBS-T27",2023-10-08,NA,NA,NA
"TER-PRIBS-T27",2023-10-09,NA,NA,NA
"TER-PRIBS-T27",2023-10-10,NA,NA,NA
"TER-PRIBS-T27",2023-10-11,NA,NA,NA
"TER-PRIBS-T27",2023-10-12,NA,NA,NA
"TER-PRIBS-T27",2023-10-13,NA,NA,NA
"TER-PRIBS-T27",2023-10-14,NA,NA,NA
"TER-PRIBS-T27",2023-10-15,NA,NA,NA
"TER-PRIBS-T27",2023-10-16,NA,NA,NA
"TER-PRIBS-T27",2023-10-17,NA,NA,NA
"TER-PRIBS-T27",2023-10-18,NA,NA,NA
"TER-PRIBS-T27",2023-10-19,NA,NA,NA
"TER-PRIBS-T27",2023-10-20,NA,NA,NA
"TER-PRIBS-T27",2023-10-21,NA,NA,NA
"TER-PRIBS-T27",2023-10-22,NA,NA,NA
"TER-PRIBS-T27",2023-10-23,NA,NA,NA
"TER-PRIBS-T27",2023-10-24,NA,NA,NA
"TER-PRIBS-T27",2023-10-25,NA,NA,NA
"TER-PRIBS-T27",2023-10-26,NA,NA,NA
"TER-PRIBS-T27",2023-10-27,NA,NA,NA
"TER-PRIBS-T27",2023-10-28,NA,NA,NA
"TER-PRIBS-T27",2023-10-29,NA,NA,NA
"TER-PRIBS-T27",2023-10-30,NA,NA,NA
"TER-PRIBS-T27",2023-10-31,NA,NA,NA
"TER-PRIBS-T27",2023-11-01,NA,NA,NA
"TER-PRIBS-T27",2023-11-02,NA,NA,NA
"TER-PRIBS-T27",2023-11-03,NA,NA,NA
"TER-PRIBS-T27",2023-11-04,NA,NA,NA
"TER-PRIBS-T27",2023-11-05,NA,NA,NA
"TER-PRIBS-T27",2023-11-06,NA,NA,NA
"TER-PRIBS-T27",2023-11-07,NA,NA,NA
"TER-PRIBS-T27",2023-11-08,NA,NA,NA
"TER-PRIBS-T27",2023-11-09,NA,NA,NA
"TER-PRIBS-T27",2023-11-10,NA,NA,NA
"TER-PRIBS-T27",2023-11-11,NA,NA,NA
"TER-PRIBS-T27",2023-11-12,NA,NA,NA
"TER-PRIBS-T27",2023-11-13,NA,NA,NA
"TER-PRIBS-T27",2023-11-14,NA,NA,NA
"TER-PRIBS-T27",2023-11-15,NA,NA,NA
"TER-PRIBS-T27",2023-11-16,NA,NA,NA
"TER-PRIBS-T27",2023-11-17,NA,NA,NA
"TER-PRIBS-T27",2023-11-18,NA,NA,NA
"TER-PRIBS-T27",2023-11-19,NA,NA,NA
"TER-PRIBS-T27",2023-11-20,NA,NA,NA
"TER-PRIBS-T27",2023-11-21,NA,NA,NA
"TER-PRIBS-T27",2023-11-22,NA,NA,NA
"TER-PRIBS-T27",2023-11-23,NA,NA,NA
"TER-PRIBS-T27",2023-11-24,NA,NA,NA
"TER-PRIBS-T27",2023-11-25,NA,NA,NA
"TER-PRIBS-T27",2023-11-26,NA,NA,NA
"TER-PRIBS-T27",2023-11-27,NA,NA,NA
"TER-PRIBS-T27",2023-11-28,NA,NA,NA
"TER-PRIBS-T27",2023-11-29,NA,NA,NA
"TER-PRIBS-T27",2023-11-30,NA,NA,NA
"TER-PRIBS-T27",2023-12-01,NA,NA,NA
"TER-PRIBS-T27",2023-12-02,NA,NA,NA
"TER-PRIBS-T27",2023-12-03,NA,NA,NA
"TER-PRIBS-T27",2023-12-04,NA,NA,NA
"TER-PRIBS-T27",2023-12-05,NA,NA,NA
"TER-PRIBS-T27",2023-12-06,NA,NA,NA
"TER-PRIBS-T27",2023-12-07,NA,NA,NA
"TER-PRIBS-T27",2023-12-08,NA,NA,NA
"TER-PRIBS-T27",2023-12-09,NA,NA,NA
"TER-PRIBS-T27",2023-12-10,NA,NA,NA
"TER-PRIBS-T27",2023-12-11,NA,NA,NA
"TER-PRIBS-T27",2023-12-12,NA,NA,NA
"TER-PRIBS-T27",2023-12-13,NA,NA,NA
"TER-PRIBS-T27",2023-12-14,NA,NA,NA
"TER-PRIBS-T27",2023-12-15,NA,NA,NA
"TER-PRIBS-T27",2023-12-16,NA,NA,NA
"TER-PRIBS-T27",2023-12-17,NA,NA,NA
"TER-PRIBS-T27",2023-12-18,NA,NA,NA
"TER-PRIBS-T27",2023-12-19,NA,NA,NA
"TER-PRIBS-T27",2023-12-20,NA,NA,NA
"TER-PRIBS-T27",2023-12-21,NA,NA,NA
"TER-PRIBS-T27",2023-12-22,NA,NA,NA
"TER-PRIBS-T27",2023-12-23,NA,NA,NA
"TER-PRIBS-T27",2023-12-24,NA,NA,NA
"TER-PRIBS-T27",2023-12-25,NA,NA,NA
"TER-PRIBS-T27",2023-12-26,NA,NA,NA
"TER-PRIBS-T27",2023-12-27,NA,NA,NA
"TER-PRIBS-T27",2023-12-28,NA,NA,NA
"TER-PRIBS-T27",2023-12-29,NA,NA,NA
"TER-PRIBS-T27",2023-12-30,NA,NA,NA
"TER-PRIBS-T27",2023-12-31,NA,NA,NA
"TER-PRIBS-T27",2024-01-01,NA,NA,NA
"TER-PRIBS-T27",2024-01-02,NA,NA,NA
"TER-PRIBS-T27",2024-01-03,NA,NA,NA
"TER-PRIBS-T27",2024-01-04,NA,NA,NA
"TER-PRIBS-T27",2024-01-05,NA,NA,NA
"TER-PRIBS-T27",2024-01-06,NA,NA,NA
"TER-PRIBS-T27",2024-01-07,NA,NA,NA
"TER-PRIBS-T27",2024-01-08,NA,NA,NA
"TER-PRIBS-T27",2024-01-09,NA,NA,NA
"TER-PRIBS-T27",2024-01-10,NA,NA,NA
"TER-PRIBS-T27",2024-01-11,NA,NA,NA
"TER-PRIBS-T27",2024-01-12,NA,NA,NA
"TER-PRIBS-T27",2024-01-13,NA,NA,NA
"TER-PRIBS-T27",2024-01-14,NA,NA,NA
"TER-PRIBS-T27",2024-01-15,NA,NA,NA
"TER-PRIBS-T27",2024-01-16,NA,NA,NA
"TER-PRIBS-T27",2024-01-17,NA,NA,NA
"TER-PRIBS-T27",2024-01-18,NA,NA,NA
"TER-PRIBS-T27",2024-01-19,NA,NA,NA
"TER-PRIBS-T27",2024-01-20,NA,NA,NA
"TER-PRIBS-T27",2024-01-21,NA,NA,NA
"TER-PRIBS-T27",2024-01-22,NA,NA,NA
"TER-PRIBS-T27",2024-01-23,NA,NA,NA
"TER-PRIBS-T27",2024-01-24,NA,NA,NA
"TER-PRIBS-T27",2024-01-25,NA,NA,NA
"TER-PRIBS-T27",2024-01-26,NA,NA,NA
"TER-PRIBS-T27",2024-01-27,NA,NA,NA
"TER-PRIBS-T27",2024-01-28,NA,NA,NA
"TER-PRIBS-T27",2024-01-29,NA,NA,NA
"TER-PRIBS-T27",2024-01-30,NA,NA,NA
"TER-PRIBS-T27",2024-01-31,NA,NA,NA
"TER-PRIBS-T27",2024-02-01,NA,NA,NA
"TER-PRIBS-T27",2024-02-02,NA,NA,NA
"TER-PRIBS-T27",2024-02-03,NA,NA,NA
"TER-PRIBS-T27",2024-02-04,NA,NA,NA
"TER-PRIBS-T27",2024-02-05,NA,NA,NA
"TER-PRIBS-T27",2024-02-06,NA,NA,NA
"TER-PRIBS-T27",2024-02-07,NA,NA,NA
"TER-PRIBS-T27",2024-02-08,NA,NA,NA
"TER-PRIBS-T27",2024-02-09,NA,NA,NA
"TER-PRIBS-T27",2024-02-10,NA,NA,NA
"TER-PRIBS-T27",2024-02-11,NA,NA,NA
"TER-PRIBS-T27",2024-02-12,NA,NA,NA
"TER-PRIBS-T27",2024-02-13,NA,NA,NA
"TER-PRIBS-T27",2024-02-14,NA,NA,NA
"TER-PRIBS-T27",2024-02-15,NA,NA,NA
"TER-PRIBS-T27",2024-02-16,NA,NA,NA
"TER-PRIBS-T27",2024-02-17,NA,NA,NA
"TER-PRIBS-T27",2024-02-18,NA,NA,NA
"TER-PRIBS-T27",2024-02-19,NA,NA,NA
"TER-PRIBS-T27",2024-02-20,NA,NA,NA
"TER-PRIBS-T27",2024-02-21,NA,NA,NA
"TER-PRIBS-T27",2024-02-22,NA,NA,NA
"TER-PRIBS-T27",2024-02-23,NA,NA,NA
"TER-PRIBS-T27",2024-02-24,NA,NA,NA
"TER-PRIBS-T27",2024-02-25,NA,NA,NA
"TER-PRIBS-T27",2024-02-26,NA,NA,NA
"TER-PRIBS-T27",2024-02-27,NA,NA,NA
"TER-PRIBS-T27",2024-02-28,NA,NA,NA
"TER-PRIBS-T27",2024-02-29,NA,NA,NA
"TER-PRIBS-T27",2024-03-01,NA,NA,NA
"TER-PRIBS-T27",2024-03-02,NA,NA,NA
"TER-PRIBS-T27",2024-03-03,NA,NA,NA
"TER-PRIBS-T27",2024-03-04,NA,NA,NA
"TER-PRIBS-T27",2024-03-05,NA,NA,NA
"TER-PRIBS-T27",2024-03-06,NA,NA,NA
"TER-PRIBS-T27",2024-03-07,NA,NA,NA
"TER-PRIBS-T27",2024-03-08,NA,NA,NA
"TER-PRIBS-T27",2024-03-09,NA,NA,NA
"TER-PRIBS-T27",2024-03-10,NA,NA,NA
"TER-PRIBS-T27",2024-03-11,NA,NA,NA
"TER-PRIBS-T27",2024-03-12,NA,NA,NA
"TER-PRIBS-T27",2024-03-13,NA,NA,NA
"TER-PRIBS-T27",2024-03-14,NA,NA,NA
"TER-PRIBS-T27",2024-03-15,NA,NA,NA
"TER-PRIBS-T27",2024-03-16,NA,NA,NA
"TER-PRIBS-T27",2024-03-17,NA,NA,NA
"TER-PRIBS-T27",2024-03-18,NA,NA,NA
"TER-PRIBS-T27",2024-03-19,NA,NA,NA
"TER-PRIBS-T27",2024-03-20,NA,NA,NA
"TER-PRIBS-T27",2024-03-21,NA,NA,NA
"TER-PRIBS-T27",2024-03-22,NA,NA,NA
"TER-PRIBS-T27",2024-03-23,NA,NA,NA
"TER-PRIBS-T27",2024-03-24,NA,NA,NA
"TER-PRIBS-T27",2024-03-25,NA,NA,NA
"TER-PRIBS-T27",2024-03-26,NA,NA,NA
"TER-PRIBS-T27",2024-03-27,NA,NA,NA
"TER-PRIBS-T27",2024-03-28,NA,NA,NA
"TER-PRIBS-T27",2024-03-29,NA,NA,NA
"TER-PRIBS-T27",2024-03-30,NA,NA,NA
"TER-PRIBS-T27",2024-03-31,NA,NA,NA
"TER-PRIBS-T27",2024-04-01,NA,NA,NA
"TER-PRIBS-T27",2024-04-02,NA,NA,NA
"TER-PRIBS-T27",2024-04-03,NA,NA,NA
"TER-PRIBS-T27",2024-04-04,NA,NA,NA
"TER-PRIBS-T27",2024-04-05,NA,NA,NA
"TER-PRIBS-T27",2024-04-06,NA,NA,NA
"TER-PRIBS-T27",2024-04-07,NA,NA,NA
"TER-PRIBS-T27",2024-04-08,NA,NA,NA
"TER-PRIBS-T27",2024-04-09,NA,NA,NA
"TER-PRIBS-T27",2024-04-10,NA,NA,NA
"TER-PRIBS-T27",2024-04-11,NA,NA,NA
"TER-PRIBS-T27",2024-04-12,NA,NA,NA
"TER-PRIBS-T27",2024-04-13,NA,NA,NA
"TER-PRIBS-T27",2024-04-14,NA,NA,NA
"TER-PRIBS-T27",2024-04-15,NA,NA,NA
"TER-PRIBS-T27",2024-04-16,NA,NA,NA
"TER-PRIBS-T27",2024-04-17,NA,NA,NA
"TER-PRIBS-T27",2024-04-18,NA,NA,NA
"TER-PRIBS-T27",2024-04-19,0.000366905892935714,0.0981606085186569,0.122159163322314
"TER-PRIBS-T27",2024-04-20,0.00736364628407103,0.215088823395162,0.237536043116251
"TER-PRIBS-T27",2024-04-21,0,0.119988580431999,0.13596726468392
"TER-PRIBS-T27",2024-04-22,0,0.0728629680533038,0.0774718604270626
"TER-PRIBS-T27",2024-04-23,0,0.0523418193034926,0.0589982137567548
"TER-PRIBS-T27",2024-04-24,0.00204219582647765,0.142865319370546,0.163692274041195
"TER-PRIBS-T27",2024-04-25,0.00612658747943293,0.147482330492094,0.163962775127694
"TER-PRIBS-T27",2024-04-26,0.0125469350091107,0.198363031280018,0.21767116527652
"TER-PRIBS-T27",2024-04-27,0.0639910363454352,0.351674313130564,0.389716642710147
"TER-PRIBS-T27",2024-04-28,0.112006508059901,0.373631393650303,0.415191986860586
"TER-PRIBS-T27",2024-04-29,0.0670697774242379,0.274010227194041,0.303662119502112
"TER-PRIBS-T27",2024-04-30,0.0665473071215545,0.285517283565031,0.319018359942246
"TER-PRIBS-T27",2024-05-01,0.0337811998956834,0.208844148083729,0.226674324962506
"TER-PRIBS-T27",2024-05-02,0.0033140887179679,0.0952853787707774,0.130269448159665
"TER-PRIBS-T27",2024-05-03,0,0.141435760931244,0.174914704571374
"TER-PRIBS-T27",2024-05-04,0,0.175085709329621,0.203890827200401
"TER-PRIBS-T27",2024-05-05,0,0.178934489301403,0.216991011086193
"TER-PRIBS-T27",2024-05-06,0,0.0329466412372942,0.0496112978909215
"TER-PRIBS-T27",2024-05-07,0,0.0837721487344883,0.114459635238611
"TER-PRIBS-T27",2024-05-08,0,0.0487770286092198,0.059826035896802
"TER-PRIBS-T27",2024-05-09,0,0.183887473301612,0.227017716054825
"TER-PRIBS-T27",2024-05-10,0.0104593546323191,0.313019877118583,0.358820573882089
"TER-PRIBS-T27",2024-05-11,0,0.203196585514778,0.222684173200642
"TER-PRIBS-T27",2024-05-12,0.0124546889645222,0.194435446910473,0.220147876557684
"TER-PRIBS-T27",2024-05-13,0.0154179391690612,0.141967906278504,0.160525430724113
"TER-PRIBS-T27",2024-05-14,0.120823619418017,0.375289120668684,0.405276480884576
"TER-PRIBS-T27",2024-05-15,0.0359520790612328,0.19712604497794,0.210931966104951
"TER-PRIBS-T27",2024-05-16,0,0.0189667213380561,0.0150545667621462
"TER-PRIBS-T27",2024-05-17,0.00130025472059128,0.173453541202841,0.202505338465055
"TER-PRIBS-T27",2024-05-18,0.0373492513649951,0.335467013448201,0.37357723929941
"TER-PRIBS-T27",2024-05-19,0.0412700600357084,0.328516424285716,0.368189798070492
"TER-PRIBS-T27",2024-05-20,0.0204653786788638,0.217455017386334,0.222799452962007
"TER-PRIBS-T27",2024-05-21,0,0.0571051394164915,0.0550711246913661
"TER-PRIBS-T27",2024-05-22,0,0.140562381305006,0.161021316511735
"TER-PRIBS-T27",2024-05-23,0,0.007500921691678,0.00848112918506882
"TER-PRIBS-T27",2024-05-24,0,0.0699442394586945,0.0832131281923622
"TER-PRIBS-T27",2024-05-25,0.00789665748129936,0.24384818846463,0.279283002880126
"TER-PRIBS-T27",2024-05-26,0.0143760001999919,0.245328198552657,0.264759324871882
"TER-PRIBS-T27",2024-05-27,0.0429231487302845,0.327397464808272,0.348025532340852
"TER-PRIBS-T27",2024-05-28,0.0981442876455991,0.346576490076587,0.355871094015215
"TER-PRIBS-T27",2024-05-29,0.00125015361527967,0.00860121516223607,0.00731103288790065
"TER-PRIBS-T27",2024-05-30,0,0.146651982283292,0.175139971611517
"TER-PRIBS-T27",2024-05-31,0,0.0960060255150825,0.109116391162337
"TER-PRIBS-T27",2024-06-01,0,0.22806097744239,0.27580388079132
"TER-PRIBS-T27",2024-06-02,0,0.110068337937076,0.129931864478754
"TER-PRIBS-T27",2024-06-03,0,0.0096945247880425,0.00710046147509928
"TER-PRIBS-T27",2024-06-04,0,0.058592485435948,0.0939301478186165
"TER-PRIBS-T27",2024-06-05,0,0.0261272364031495,0.0194209356406349
"TER-PRIBS-T27",2024-06-06,0,0.208875010500591,0.239897751704851
"TER-PRIBS-T27",2024-06-07,0.00820462617100776,0.122324280000145,0.130495884209401
"TER-PRIBS-T27",2024-06-08,0.0103545391921413,0.111756630984808,0.114710794591695
"TER-PRIBS-T27",2024-06-09,0.0508233478422459,0.228708882646709,0.255531408447654
"TER-PRIBS-T27",2024-06-10,0.0478499597493637,0.185540979679316,0.186950859830697
"TER-PRIBS-T27",2024-06-11,0.0690382219943139,0.247608932933817,0.2582990588224
"TER-PRIBS-T27",2024-06-12,0.0988781175068602,0.282628390023842,0.286687968198478
"TER-PRIBS-T27",2024-06-13,0.00301042530678262,0.016988380281505,0.012850661189798
"TER-PRIBS-T27",2024-06-14,0.0035961335642475,0.150171658327387,0.177422857584427
"TER-PRIBS-T27",2024-06-15,0.0388746097138091,0.302939428930433,0.308565574510302
"TER-PRIBS-T27",2024-06-16,0.0319895517218782,0.151486236971964,0.148820934895409
"TER-PRIBS-T27",2024-06-17,0.0711212931262222,0.236757247161438,0.245164829133221
"TER-PRIBS-T27",2024-06-18,0.133686841309852,0.363258720902758,0.378491443126301
"TER-PRIBS-T27",2024-06-19,0.12772380249747,0.317244269063444,0.327301591674664
"TER-PRIBS-T27",2024-06-20,0.12360603709258,0.366399802928844,0.373385497959157
"TER-PRIBS-T27",2024-06-21,0.132193728099013,0.361565752546037,0.395325404056017
"TER-PRIBS-T27",2024-06-22,0.123547577140341,0.315791612038791,0.131368378328758
"TER-PRIBS-T27",2024-06-23,0.137062105751827,0.314710962893579,0.00528417184277101
"TER-PRIBS-T27",2024-06-24,0.0118592894887762,0.0342893268752695,0
"TER-PRIBS-T27",2024-06-25,0.0118277432096882,0.226713932950398,0
"TER-PRIBS-T27",2024-06-26,NA,NA,NA
"TER-PRIBS-T27",2024-06-27,0.088307229615505,0.08916045751261,0.0621546807511978
"TER-PRIBS-T27",2024-06-28,0.175541819860827,0.24916172912151,0.23871744647265
"TER-PRIBS-T27",2024-06-29,0.0473942626656692,0.149936358004654,0.142244766301111
"TER-PRIBS-T27",2024-06-30,0.0691429895482094,0.143820052025345,0.141072380026569
"TER-PRIBS-T27",2024-07-01,0.192214355429175,0.251428851003388,0.245139371974968
"TER-PRIBS-T27",2024-07-02,0.218751679791741,0.27833545205382,0.282852459385634
"TER-PRIBS-T27",2024-07-03,0.199687852736601,0.28174940460377,0.265414049021047
"TER-PRIBS-T27",2024-07-04,0.280399260057277,0.380523218345516,0.375419782982473
"TER-PRIBS-T27",2024-07-05,0.234916945103193,0.282104402178233,0.261429572835917
"TER-PRIBS-T27",2024-07-06,0.167838540328581,0.139858458624175,0.124139621194903
"TER-PRIBS-T27",2024-07-07,0.203750649049385,0.217032936939477,0.199240379775986
"TER-PRIBS-T27",2024-07-08,0.125872269593752,0.123070747273476,0.105096111803842
"TER-PRIBS-T27",2024-07-09,0.210151904496022,0.230713896859175,0.233423418544706
"TER-PRIBS-T27",2024-07-10,0.254483945800271,0.276935266468193,0.274714847518982
"TER-PRIBS-T27",2024-07-11,0.225474692659904,0.260956483956535,0.257758649015047
"TER-PRIBS-T27",2024-07-12,0.137605080919739,0.214770122495179,0.212726932147663
"TER-PRIBS-T27",2024-07-13,0.124280150595905,0.273627795507821,0.297715305680029
"TER-PRIBS-T27",2024-07-14,0.258096036551182,0.470625155639491,0.489430036027265
"TER-PRIBS-T27",2024-07-15,0.121273326666246,0.230174362766989,0.225363743458327
"TER-PRIBS-T27",2024-07-16,0.149636924318084,0.293809302901748,0.305716235805973
"TER-PRIBS-T27",2024-07-17,0.0135895182598493,0.0474865131744529,0.0396458639918112
"TER-PRIBS-T27",2024-07-18,0.0700550401159464,0.165302341054899,0.17345682948951
"TER-PRIBS-T27",2024-07-19,0.183447765535445,0.307475436685243,0.340924441051848
"TER-PRIBS-T27",2024-07-20,0.233897099305412,0.321694946589161,0.328334060444576
"TER-PRIBS-T27",2024-07-21,0.254212116751418,0.346340168519209,0.339929044197387
"TER-PRIBS-T27",2024-07-22,0.140668508752533,0.26173418956402,0.260136718020647
"TER-PRIBS-T27",2024-07-23,0.220185973611897,0.272684286427837,0.264615947896841
"TER-PRIBS-T27",2024-07-24,0.22939258066136,0.269752760546705,0.262161669173101
"TER-PRIBS-T27",2024-07-25,0.253127501287615,0.339562784852265,0.351400770139664
"TER-PRIBS-T27",2024-07-26,0.266357049610692,0.353662241935399,0.335626713944294
"TER-PRIBS-T27",2024-07-27,0.238847507217868,0.254226439828793,0.266347019982833
"TER-PRIBS-T27",2024-07-28,0.234810491928113,0.281865963260311,0.299718642810843
"TER-PRIBS-T27",2024-07-29,0.0244303449434474,0.0885445136351527,0.134994857430122
"TER-PRIBS-T27",2024-07-30,0,0.036552913377229,0.0999528242410891
"TER-PRIBS-T27",2024-07-31,0.0237506260177561,0.107501112873176,0.135259496899715
"TER-PRIBS-T27",2024-08-01,0.0971782948079461,0.232605844490499,0.235422487963803
"TER-PRIBS-T27",2024-08-02,0.119085138892899,0.205873513542535,0.195188775465161
"TER-PRIBS-T27",2024-08-03,0.174271694931109,0.320369102003813,0.333243186284915
"TER-PRIBS-T27",2024-08-04,0.243621141940882,0.426172096724152,0.472388642602718
"TER-PRIBS-T27",2024-08-05,0.319068099304613,0.515779589528919,0.547201955784798
"TER-PRIBS-T27",2024-08-06,0.0266799288099441,0.111387838565044,0.137216077073806
"TER-PRIBS-T27",2024-08-07,0.158859573941531,0.282889230908661,0.282388112378368
"TER-PRIBS-T27",2024-08-08,0.246665968294483,0.366273515129807,0.367751243319813
"TER-PRIBS-T27",2024-08-09,0.235645655390051,0.355332813541735,0.370951184977456
"TER-PRIBS-T27",2024-08-10,0.244072231838865,0.366299846873104,0.366066983786768
"TER-PRIBS-T27",2024-08-11,0.0717198091142594,0.265863826011901,0.32414858451003
"TER-PRIBS-T27",2024-08-12,0.215549077881712,0.382319773705243,0.405190964768322
"TER-PRIBS-T27",2024-08-13,0.172953587228925,0.227377396872625,0.204074805696136
"TER-PRIBS-T27",2024-08-14,0.254161419307566,0.324057082305295,0.328218047222201
"TER-PRIBS-T27",2024-08-15,0.235365431823563,0.250561072254407,0.218639632733525
"TER-PRIBS-T27",2024-08-16,0.229450440389925,0.237273480670811,0.204407246518214
"TER-PRIBS-T27",2024-08-17,0.199147384121929,0.227779553356018,0.196199861917047
"TER-PRIBS-T27",2024-08-18,0.203618534189309,0.236405207124546,0.212166325141266
"TER-PRIBS-T27",2024-08-19,0.2636355173193,0.343539985172904,0.336298389875428
"TER-PRIBS-T27",2024-08-20,0.000550990247077152,0.00170406121062177,0.0234502505304598
"TER-PRIBS-T27",2024-08-21,0.0484363310918923,0.195106351526678,0.211640630393834
"TER-PRIBS-T27",2024-08-22,0.182584647853119,0.381723009008647,0.427514745397888
"TER-PRIBS-T27",2024-08-23,0.064762484344869,0.183852702628356,0.171920774524527
"TER-PRIBS-T27",2024-08-24,0.0683011124233529,0.236421437919425,0.290767047581404
"TER-PRIBS-T27",2024-08-25,0.181403104723584,0.391592576605941,0.424409441884695
"TER-PRIBS-T27",2024-08-26,0.130011971065933,0.302228531491605,0.298229076063108
"TER-PRIBS-T27",2024-08-27,0.0286577798968507,0.162316130639153,0.214901126091136
"TER-PRIBS-T27",2024-08-28,0.13583508538163,0.267433163375669,0.279780437343122
"TER-PRIBS-T27",2024-08-29,0.140377383147261,0.244241276755307,0.256348100434809
"TER-PRIBS-T27",2024-08-30,0.236279112522254,0.459727925061567,0.483154250839343
"TER-PRIBS-T27",2024-08-31,0.233454439998278,0.398838547959396,0.411569546276095
"TER-PRIBS-T27",2024-09-01,0.040213204241834,0.170536915803316,0.245525557183368
"TER-PRIBS-T27",2024-09-02,0.131549491289419,0.366242266446222,0.397627564470183
"TER-PRIBS-T27",2024-09-03,0.259270190618355,0.520141335573867,0.556095400686099
"TER-PRIBS-T27",2024-09-04,0.270016376972495,0.468890442013559,0.510178007823837
"TER-PRIBS-T27",2024-09-05,0.260288497346007,0.46148305509223,0.482360242000166
"TER-PRIBS-T27",2024-09-06,0.312213436701904,0.554554534260025,0.58731936201392
"TER-PRIBS-T27",2024-09-07,0.147586373415375,0.244495466576089,0.259020498775905
"TER-PRIBS-T27",2024-09-08,0,0.055482058952922,0.0923060666389175
"TER-PRIBS-T27",2024-09-09,0.028529889741682,0.149079410984907,0.158423506349933
"TER-PRIBS-T27",2024-09-10,0,0.00386822980032002,0.0377557246913887
"TER-PRIBS-T27",2024-09-11,0.0134356689372658,0.177305519292369,0.213197858536961
"TER-PRIBS-T27",2024-09-12,0.0903763495026583,0.309175205791062,0.337786802743234
"TER-PRIBS-T27",2024-09-13,0.140469046741484,0.346593180434905,0.374484238106109
"TER-PRIBS-T27",2024-09-14,0.110701927968225,0.211216479550705,0.223066957067755
"TER-PRIBS-T27",2024-09-15,0.201160116040511,0.40658531950518,0.420221688788819
"TER-PRIBS-T27",2024-09-16,0.0580513455831301,0.117955969904975,0.12572706063335
"TER-PRIBS-T27",2024-09-17,0.076386143893988,0.236217391892022,0.223217669873724
"TER-PRIBS-T27",2024-09-18,0.144463847235997,0.277085390924772,0.309637554418853
"TER-PRIBS-T27",2024-09-19,0.169106885672592,0.293638157052908,0.315591897601111
"TER-PRIBS-T27",2024-09-20,0,0.0251672229332754,0.0624138696558997
"TER-PRIBS-T27",2024-09-21,0.0692463952531759,0.19819016963812,0.19368308305469
"TER-PRIBS-T27",2024-09-22,0.0897981895509697,0.20199540624807,0.217757129835648
"TER-PRIBS-T27",2024-09-23,0.115525836039784,0.348524542139293,0.395935542964209
"TER-PRIBS-T27",2024-09-24,0.224892454077661,0.380219206405027,0.386087922891287
"TER-PRIBS-T27",2024-09-25,0.0235765056024094,0.0414719627091866,0.0458646182353301
"TER-PRIBS-T27",2024-09-26,NA,NA,NA
"TER-PRIBS-T27",2024-09-27,0.158943209944436,0.267384577074632,0.281099370731364
"TER-PRIBS-T27",2024-09-28,0.165616968494089,0.249132720517864,0.236027314931261
"TER-PRIBS-T27",2024-09-29,0.062405823935952,0.117160779866922,0.12092724457209
"TER-PRIBS-T27",2024-09-30,0.149653185166762,0.295776215414785,0.344381886168845
"TER-PRIBS-T27",2024-10-01,0.21377517987824,0.30705239514248,0.310603294749977
"TER-PRIBS-T27",2024-10-02,0.246656269614987,0.326651824805222,0.319835572083198
"TER-PRIBS-T27",2024-10-03,0.291004857439475,0.380251561161666,0.393305615905022
"TER-PRIBS-T27",2024-10-04,0.134260255533731,0.164338179301228,0.150008778931781
"TER-PRIBS-T27",2024-10-05,0.00422758629922276,0.0945833622290552,0.110956992651134
"TER-PRIBS-T27",2024-10-06,0.132261286437556,0.298502173567979,0.336225807797343
"TER-PRIBS-T27",2024-10-07,0.103365722657212,0.191120271310774,0.210257095827892
"TER-PRIBS-T27",2024-10-08,0.192799928682983,0.299077187914354,0.31898478817317
"TER-PRIBS-T27",2024-10-09,0.137103057831576,0.182044738931502,0.207845259839985
"TER-PRIBS-T27",2024-10-10,0.0423269740555042,0.0702538860201855,0.0794312076488929
"TER-PRIBS-T27",2024-10-11,0.226951546376953,0.381063247484521,0.396197709224376
"TER-PRIBS-T27",2024-10-12,0.170491740059748,0.272526243035844,0.300382869035351
"TER-PRIBS-T27",2024-10-13,0.0192196116469363,0.0149848076567488,0.016981377198736
"TER-PRIBS-T27",2024-10-14,0,0.00307937758405029,0.00174804772790509
"TER-PRIBS-T27",2024-10-15,0.0125893946866002,0.210676781480129,0.224974280039995
"TER-PRIBS-T27",2024-10-16,0.0419915472685319,0.291730151725023,0.321422572023942
"TER-PRIBS-T27",2024-10-17,0.024937538516733,0.21953442916746,0.2481429796502
"TER-PRIBS-T27",2024-10-18,0.0425143677557866,0.247788812793996,0.285795090191002
"TER-PRIBS-T27",2024-10-19,0.0233237511498604,0.167570342932956,0.18284782531341
"TER-PRIBS-T27",2024-10-20,0,0.0756181791531905,0.0846125508111236
"TER-PRIBS-T27",2024-10-21,0,0.13666696550661,0.168562928658
"TER-PRIBS-T27",2024-10-22,0.00702885949901534,0.191980539726137,0.227948922459056
"TER-PRIBS-T27",2024-10-23,0,0.0166921542748441,0.0335896397292105
"TER-PRIBS-T27",2024-10-24,0.00103206275466941,0.296932729891304,0.376319938487663
"TER-PRIBS-T27",2024-10-25,0.0048407193906805,0.26210345700863,0.328255278046315
"TER-PRIBS-T27",2024-10-26,0.00506770401348734,0.211293891746361,0.246587057419055
"TER-PRIBS-T27",2024-10-27,0.00703287884822759,0.175471106773108,0.219854205563497
"TER-PRIBS-T27",2024-10-28,0.0197531800347038,0.257573890883166,0.308404671221751
"TER-PRIBS-T27",2024-10-29,0,0.0217970811400708,0.0444854979155465
"TER-PRIBS-T27",2024-10-30,0,0.0327829922387998,0.0614941235261359
"TER-PRIBS-T27",2024-10-31,0,0.0951509941782789,0.128021774408252
"TER-PRIBS-T27",2024-11-01,0,0.000443776618715068,0.0182183253502376
"TER-PRIBS-T27",2024-11-02,0,0.0572026339530928,0.103900495246416
"TER-PRIBS-T27",2024-11-03,0,0.00156446667673546,0.00622209243600958
"TER-PRIBS-T27",2024-11-04,0,0.109667907919528,0.0978723513270506
"TER-PRIBS-T27",2024-11-05,0,0.0810416878516426,0.089031836849863
"TER-PRIBS-T27",2024-11-06,0,0.101974056734098,0.104759440131558
"TER-PRIBS-T27",2024-11-07,0,0.119271459755146,0.119573666656801
"TER-PRIBS-T27",2024-11-08,0,0.0695242993683431,0.0762930344630462
"TER-PRIBS-T27",2024-11-09,0,0.18376276666029,0.189415398621516
"TER-PRIBS-T27",2024-11-10,0,0.159739823146945,0.184667647860952
"TER-PRIBS-T27",2024-11-11,0.000860121516223596,0.204376800685864,0.230480926900089
"TER-PRIBS-T27",2024-11-12,0,0.0499993051640472,0.0739937463201505
"TER-PRIBS-T27",2024-11-13,0,0.0641099413862243,0.0980529909780723
"TER-PRIBS-T27",2024-11-14,0,0.130686681022891,0.174437969097036
"TER-PRIBS-T27",2024-11-15,0,0.170881309053904,0.197681489640957
"TER-PRIBS-T27",2024-11-16,0.000344020918223132,0.213370892580448,0.239685492848143
"TER-PRIBS-T27",2024-11-17,0.000688041836446265,0.129528493261231,0.155212686114567
"TER-PRIBS-T27",2024-11-18,0,0.0582699883809805,0.0680005125020529
"TER-PRIBS-T27",2024-11-19,0,0.0636236782399575,0.0894778820969979
"TER-PRIBS-T27",2024-11-20,0,0.115293892582777,0.157881422535509
"TER-PRIBS-T27",2024-11-21,0,0.122241946032837,0.150611314837903
"TER-PRIBS-T27",2024-11-22,0.0016672358331432,0.0876822721623876,0.121383488972307
"TER-PRIBS-T27",2024-11-23,0,0.072710282845218,0.102219479125102
"TER-PRIBS-T27",2024-11-24,0,0.257611876321923,0.287041660825025
"TER-PRIBS-T27",2024-11-25,0,0.12408235145697,0.15476183774966
"TER-PRIBS-T27",2024-11-26,0,0.139635082321367,0.152017729014423
"TER-PRIBS-T27",2024-11-27,0,0.118706313686938,0.128521912985428
"TER-PRIBS-T27",2024-11-28,0,0.184013660602234,0.203265532041005
"TER-PRIBS-T27",2024-11-29,0,0.15997370459353,0.212405854017467
"TER-PRIBS-T27",2024-11-30,0,0.0621880111209711,0.109634191058757
"TER-PRIBS-T27",2024-12-01,0,0.0286796347001345,0.061452476733717
"TER-PRIBS-T27",2024-12-02,0,0.0286986914501123,0.0443551244648567
"TER-PRIBS-T27",2024-12-03,0,0.0461397124727566,0.0796907336220304
"TER-PRIBS-T27",2024-12-04,0,0.149771108489696,0.209141275138297
"TER-PRIBS-T27",2024-12-05,0,0.137072451063491,0.176916473223196
"TER-PRIBS-T27",2024-12-06,0,0.143241886834403,0.172680547009666
"TER-PRIBS-T27",2024-12-07,0,0.0714712530780858,0.103388633248498
"TER-PRIBS-T27",2024-12-08,0,0.0915210012531068,0.127008556624203
"TER-PRIBS-T27",2024-12-09,0,0.132975720044972,0.171412125878446
"TER-PRIBS-T27",2024-12-10,0,0.144661888088176,0.178100926908994
"TER-PRIBS-T27",2024-12-11,0,0.0494959644882116,0.06294393514794
"TER-PRIBS-T27",2024-12-12,0,0.00691821269788259,0.0256018551734958
"TER-PRIBS-T27",2024-12-13,0,0.0527128338069119,0.0905580888240363
"TER-PRIBS-T27",2024-12-14,0,0.176535607485948,0.252545792702588
"TER-PRIBS-T27",2024-12-15,0,0.0486332287948223,0.0665597758884374
"TER-PRIBS-T27",2024-12-16,0,0.00823197015747879,0.0399861424097947
"TER-PRIBS-T27",2024-12-17,0,0.168545919736029,0.237114954597846
"TER-PRIBS-T27",2024-12-18,0,0.046334480891341,0.0751532119238547
"TER-PRIBS-T27",2024-12-19,0,0.00287458537755251,0.0171971860595384
"TER-PRIBS-T27",2024-12-20,0,0.0151489091356375,0.0643532673904781
"TER-PRIBS-T27",2024-12-21,0,0.0575811749743443,0.127719306420082
"TER-PRIBS-T27",2024-12-22,0,0.0527092319609355,0.105931075940547
"TER-PRIBS-T27",2024-12-23,0,0.0691470930874171,0.114046387080544
"TER-PRIBS-T27",2024-12-24,0,0.0952714350626441,0.147685470365242
"TER-PRIBS-T27",2024-12-25,0,0.0607375429825863,0.0950503925717073
"TER-PRIBS-T27",2024-12-26,0,0.0896886610164649,0.121281341628742
"TER-PRIBS-T27",2024-12-27,0,0.0871470664159676,0.125758772229759
"TER-PRIBS-T27",2024-12-28,0,0.162629715031893,0.215964150468202
"TER-PRIBS-T27",2024-12-29,0,0.117518568270553,0.155200009878195
"TER-PRIBS-T27",2024-12-30,0,0.165557463079815,0.198770867146761
"TER-PRIBS-T27",2024-12-31,0.00623749935049184,0.126052265374333,0.151923002201969
"TER-PRIBS-T27",2025-01-01,0,0.0127360333056517,0.0381164434687291
"TER-PRIBS-T27",2025-01-02,0,0.0726563452561855,0.119824176756906
"TER-PRIBS-T27",2025-01-03,0,0.00222564613386242,0.0351024635193259
"TER-PRIBS-T27",2025-01-04,0,0.0125852682732791,0.0566512894111741
"TER-PRIBS-T27",2025-01-05,0,0.0770426226368097,0.146845804542794
"TER-PRIBS-T27",2025-01-06,0,0.0653892406918916,0.0919432889513808
"TER-PRIBS-T27",2025-01-07,0,0.0866821036632569,0.156944235414313
"TER-PRIBS-T27",2025-01-08,0,0.103939017634708,0.137447048450156
"TER-PRIBS-T27",2025-01-09,0,0.037764776836092,0.0511278055319729
"TER-PRIBS-T27",2025-01-10,0,0.000403739331511635,0.0162794322835117
"TER-PRIBS-T27",2025-01-11,0,0.0658999309201193,0.0896146649897236
"TER-PRIBS-T27",2025-01-12,0,0.0713578562191332,0.119262934439957
"TER-PRIBS-T27",2025-01-13,0,0.0848117440987627,0.111060853832189
"TER-PRIBS-T27",2025-01-14,0,0.096132397968153,0.115383740264378
"TER-PRIBS-T27",2025-01-15,0,0.0996051350378592,0.132855972058575
"TER-PRIBS-T27",2025-01-16,0,0.0132979667522515,0.022419876766758
"TER-PRIBS-T27",2025-01-17,0,0,0.0161328460443881
"TER-PRIBS-T27",2025-01-18,0,0.00262985844151977,0.0508468269364786
"TER-PRIBS-T27",2025-01-19,0,0.0308649486133016,0.0845928373876718
"TER-PRIBS-T27",2025-01-20,0,0.0253345030006466,0.0521918826055061
"TER-PRIBS-T27",2025-01-21,0,0.0835022815864017,0.103569386297815
"TER-PRIBS-T27",2025-01-22,0.0106968689743016,0.139316830017583,0.136301737315784
"TER-PRIBS-T27",2025-01-23,0.0505783308219491,0.106033568244585,0.132971322591593
"TER-PRIBS-T27",2025-01-24,0.0518107985738076,0.0271042953191771,0.0745365157474573
"TER-PRIBS-T27",2025-01-25,0.0560116779754144,0.0390507176715878,0.105442769894908
"TER-PRIBS-T27",2025-01-26,0.0565532530365181,0.0836456590670487,0.125072962171246
"TER-PRIBS-T27",2025-01-27,0.046691865013167,0.18669331185742,0.224355733838688
"TER-PRIBS-T27",2025-01-28,0.0515121721316192,0.156614831776911,0.204650614014823
"TER-PRIBS-T27",2025-01-29,0.0531607586419102,0.0566307993902563,0.0968005462510355
"TER-PRIBS-T27",2025-01-30,0.0544699322459412,0.103624606487484,0.133438362423186
"TER-PRIBS-T27",2025-01-31,0.0612869503347076,0.0537740106024548,0.0850777646685077
"TER-PRIBS-T27",2025-02-01,0.0581985007249755,0.0252459954251029,0.0778004262090893
"TER-PRIBS-T27",2025-02-02,0.0521428111614894,0.0255893689446303,0.0696426568363921
"TER-PRIBS-T27",2025-02-03,0.0600652923755635,0.00958729594251446,0.0359502619130626
"TER-PRIBS-T27",2025-02-04,0.0497928292097975,0.00372271712357742,0.0217695034197894
"TER-PRIBS-T27",2025-02-05,0.063897869005454,0.00882469277842846,0.0468468233504706
"TER-PRIBS-T27",2025-02-06,0.0650652387792549,0.126987358438442,0.161031215036252
"TER-PRIBS-T27",2025-02-07,0.0647742150610166,0.0260298318887122,0.0598626606681916
"TER-PRIBS-T27",2025-02-08,0.0503264094753183,0.00258293796956014,0.00999259069679033
"TER-PRIBS-T27",2025-02-09,0.050233478178959,0,0.000614025873436503
"TER-PRIBS-T27",2025-02-10,0.0442466590639781,0,0.00601425897615402
"TER-PRIBS-T27",2025-02-11,0.0433983270609341,0.0360408206533857,0.10391071382096
"TER-PRIBS-T27",2025-02-12,NA,NA,NA
"TER-PRIBS-T27",2025-02-13,NA,NA,NA
"TER-PRIBS-T27",2025-02-14,NA,NA,NA
"TER-PRIBS-T27",2025-02-15,NA,NA,NA
"TER-PRIBS-T27",2025-02-16,NA,NA,NA
"TER-PRIBS-T27",2025-02-17,NA,NA,NA
"TER-PRIBS-T27",2025-02-18,NA,NA,NA
"TER-PRIBS-T27",2025-02-19,NA,NA,NA
"TER-PRIBS-T27",2025-02-20,NA,NA,NA
"TER-PRIBS-T27",2025-02-21,NA,NA,NA
"TER-PRIBS-T27",2025-02-22,NA,NA,NA
"TER-PRIBS-T27",2025-02-23,NA,NA,NA
"TER-PRIBS-T27",2025-02-24,NA,NA,NA
"TER-PRIBS-T27",2025-02-25,NA,NA,NA
"TER-PRIBS-T27",2025-02-26,NA,NA,NA
"TER-PRIBS-T27",2025-02-27,NA,NA,NA
"TER-PRIBS-T27",2025-02-28,NA,NA,NA
"TER-PRIBS-T27",2025-03-01,NA,NA,NA
"TER-PRIBS-T27",2025-03-02,NA,NA,NA
"TER-PRIBS-T27",2025-03-03,NA,NA,NA
"TER-PRIBS-T27",2025-03-04,NA,NA,NA
"TER-PRIBS-T27",2025-03-05,NA,NA,NA
"TER-PRIBS-T27",2025-03-06,NA,NA,NA
"TER-PRIBS-T27",2025-03-07,NA,NA,NA
"TER-PRIBS-T27",2025-03-08,NA,NA,NA
"TER-PRIBS-T27",2025-03-09,NA,NA,NA
"TER-PRIBS-T27",2025-03-10,NA,NA,NA
"TER-PRIBS-T27",2025-03-11,NA,NA,NA
"TER-PRIBS-T27",2025-03-12,NA,NA,NA
"TER-PRIBS-T27",2025-03-13,NA,NA,NA
"TER-PRIBS-T27",2025-03-14,NA,NA,NA
"TER-PRIBS-T27",2025-03-15,NA,NA,NA
"TER-PRIBS-T27",2025-03-16,NA,NA,NA
"TER-PRIBS-T27",2025-03-17,NA,NA,NA
"TER-PRIBS-T27",2025-03-18,NA,NA,NA
"TER-PRIBS-T27",2025-03-19,NA,NA,NA
"TER-PRIBS-T27",2025-03-20,NA,NA,NA
"TER-PRIBS-T27",2025-03-21,NA,NA,NA
"TER-PRIBS-T27",2025-03-22,NA,NA,NA
"TER-PRIBS-T27",2025-03-23,NA,NA,NA
"TER-PRIBS-T27",2025-03-24,NA,NA,NA
"TER-PRIBS-T27",2025-03-25,NA,NA,NA
"TER-PRIBS-T27",2025-03-26,NA,NA,NA
"TER-PRIBS-T27",2025-03-27,NA,NA,NA
"TER-PRIBS-T27",2025-03-28,NA,NA,NA
"TER-PRIBS-T27",2025-03-29,NA,NA,NA
"TER-PRIBS-T27",2025-03-30,NA,NA,NA
"TER-PRIBS-T27",2025-03-31,NA,NA,NA
"TER-PRIBS-T27",2025-04-01,NA,NA,NA
"TER-PRIBS-T27",2025-04-02,NA,NA,NA
"TER-PRIBS-T27",2025-04-03,NA,NA,NA
"TER-PRIBS-T27",2025-04-04,NA,NA,NA
"TER-PRIBS-T27",2025-04-05,NA,NA,NA
"TER-PRIBS-T27",2025-04-06,NA,NA,NA
"TER-PRIBS-T27",2025-04-07,NA,NA,NA
"TER-PRIBS-T27",2025-04-08,NA,NA,NA
"TER-PRIBS-T27",2025-04-09,NA,NA,NA
"TER-PRIBS-T27",2025-04-10,NA,NA,NA
"TER-PRIBS-T27",2025-04-11,NA,NA,NA
"TER-PRIBS-T27",2025-04-12,NA,NA,NA
"TER-PRIBS-T27",2025-04-13,NA,NA,NA
"TER-PRIBS-T27",2025-04-14,NA,NA,NA
"TER-PRIBS-T27",2025-04-15,NA,NA,NA
"TER-PRIBS-T27",2025-04-16,NA,NA,NA
"TER-PRIBS-T27",2025-04-17,NA,NA,NA
"TER-PRIBS-T27",2025-04-18,NA,NA,NA
"TER-PRIBS-T27",2025-04-19,NA,NA,NA
"TER-PRIBS-T27",2025-04-20,NA,NA,NA
"TER-PRIBS-T27",2025-04-21,NA,NA,NA
"TER-PRIBS-T27",2025-04-22,NA,NA,NA
"TER-PRIBS-T27",2025-04-23,NA,NA,NA
"TER-PRIBS-T27",2025-04-24,NA,NA,NA
"TER-PRIBS-T27",2025-04-25,NA,NA,NA
"TER-PRIBS-T27",2025-04-26,NA,NA,NA
"TER-PRIBS-T27",2025-04-27,NA,NA,NA
"TER-PRIBS-T27",2025-04-28,NA,NA,NA
"TER-PRIBS-T27",2025-04-29,NA,NA,NA
"TER-PRIBS-T27",2025-04-30,NA,NA,NA
"TER-PRIBS-T27",2025-05-01,NA,NA,NA
"TER-PRIBS-T27",2025-05-02,NA,NA,NA
"TER-PRIBS-T27",2025-05-03,NA,NA,NA
"TER-PRIBS-T27",2025-05-04,NA,NA,NA
"TER-PRIBS-T27",2025-05-05,NA,NA,NA
"TER-PRIBS-T27",2025-05-06,NA,NA,NA
"TER-PRIBS-T27",2025-05-07,NA,NA,NA
"TER-PRIBS-T27",2025-05-08,NA,NA,NA
"TER-PRIBS-T27",2025-05-09,NA,NA,NA
"TER-PRIBS-T27",2025-05-10,NA,NA,NA
"TER-PRIBS-T27",2025-05-11,NA,NA,NA
"TER-PRIBS-T27",2025-05-12,NA,NA,NA
"TER-PRIBS-T27",2025-05-13,NA,NA,NA
"TER-PRIBS-T27",2025-05-14,NA,NA,NA
"TER-PRIBS-T27",2025-05-15,NA,NA,NA
"TER-PRIBS-T27",2025-05-16,NA,NA,NA
"TER-PRIBS-T27",2025-05-17,NA,NA,NA
"TER-PRIBS-T27",2025-05-18,NA,NA,NA
"TER-PRIBS-T27",2025-05-19,NA,NA,NA
"TER-PRIBS-T27",2025-05-20,NA,NA,NA
"TER-PRIBS-T27",2025-05-21,NA,NA,NA
"TER-PRIBS-T27",2025-05-22,NA,NA,NA
"TER-PRIBS-T27",2025-05-23,NA,NA,NA
"TER-PRIBS-T27",2025-05-24,NA,NA,NA
"TER-PRIBS-T27",2025-05-25,NA,NA,NA
"TER-PRIBS-T27",2025-05-26,NA,NA,NA
"TER-PRIBS-T27",2025-05-27,NA,NA,NA
"TER-PRIBS-T27",2025-05-28,NA,NA,NA
"TER-PRIBS-T27",2025-05-29,NA,NA,NA
"TER-PRIBS-T27",2025-05-30,NA,NA,NA
"TER-PRIBS-T27",2025-05-31,NA,NA,NA
"TER-PRIBS-T27",2025-06-01,NA,NA,NA
"TER-PRIBS-T27",2025-06-02,NA,NA,NA
"TER-PRIBS-T27",2025-06-03,NA,NA,NA
"TER-PRIBS-T27",2025-06-04,NA,NA,NA
"TER-PRIBS-T27",2025-06-05,NA,NA,NA
"TER-PRIBS-T27",2025-06-06,NA,NA,NA
"TER-PRIBS-T27",2025-06-07,NA,NA,NA
"TER-PRIBS-T27",2025-06-08,NA,NA,NA
"TER-PRIBS-T27",2025-06-09,NA,NA,NA
"TER-PRIBS-T27",2025-06-10,NA,NA,NA
"TER-PRIBS-T27",2025-06-11,NA,NA,NA
"TER-PRIBS-T27",2025-06-12,NA,NA,NA
"TER-PRIBS-T28",2023-08-09,NA,NA,NA
"TER-PRIBS-T28",2023-08-10,NA,NA,NA
"TER-PRIBS-T28",2023-08-11,NA,NA,NA
"TER-PRIBS-T28",2023-08-12,NA,NA,NA
"TER-PRIBS-T28",2023-08-13,NA,NA,NA
"TER-PRIBS-T28",2023-08-14,NA,NA,NA
"TER-PRIBS-T28",2023-08-15,NA,NA,NA
"TER-PRIBS-T28",2023-08-16,NA,NA,NA
"TER-PRIBS-T28",2023-08-17,NA,NA,NA
"TER-PRIBS-T28",2023-08-18,NA,NA,NA
"TER-PRIBS-T28",2023-08-19,NA,NA,NA
"TER-PRIBS-T28",2023-08-20,NA,NA,NA
"TER-PRIBS-T28",2023-08-21,NA,NA,NA
"TER-PRIBS-T28",2023-08-22,NA,NA,NA
"TER-PRIBS-T28",2023-08-23,NA,NA,NA
"TER-PRIBS-T28",2023-08-24,NA,NA,NA
"TER-PRIBS-T28",2023-08-25,NA,NA,NA
"TER-PRIBS-T28",2023-08-26,NA,NA,NA
"TER-PRIBS-T28",2023-08-27,NA,NA,NA
"TER-PRIBS-T28",2023-08-28,NA,NA,NA
"TER-PRIBS-T28",2023-08-29,NA,NA,NA
"TER-PRIBS-T28",2023-08-30,NA,NA,NA
"TER-PRIBS-T28",2023-08-31,NA,NA,NA
"TER-PRIBS-T28",2023-09-01,NA,NA,NA
"TER-PRIBS-T28",2023-09-02,NA,NA,NA
"TER-PRIBS-T28",2023-09-03,NA,NA,NA
"TER-PRIBS-T28",2023-09-04,NA,NA,NA
"TER-PRIBS-T28",2023-09-05,NA,NA,NA
"TER-PRIBS-T28",2023-09-06,NA,NA,NA
"TER-PRIBS-T28",2023-09-07,NA,NA,NA
"TER-PRIBS-T28",2023-09-08,NA,NA,NA
"TER-PRIBS-T28",2023-09-09,NA,NA,NA
"TER-PRIBS-T28",2023-09-10,NA,NA,NA
"TER-PRIBS-T28",2023-09-11,NA,NA,NA
"TER-PRIBS-T28",2023-09-12,NA,NA,NA
"TER-PRIBS-T28",2023-09-13,NA,NA,NA
"TER-PRIBS-T28",2023-09-14,NA,NA,NA
"TER-PRIBS-T28",2023-09-15,NA,NA,NA
"TER-PRIBS-T28",2023-09-16,NA,NA,NA
"TER-PRIBS-T28",2023-09-17,NA,NA,NA
"TER-PRIBS-T28",2023-09-18,NA,NA,NA
"TER-PRIBS-T28",2023-09-19,NA,NA,NA
"TER-PRIBS-T28",2023-09-20,NA,NA,NA
"TER-PRIBS-T28",2023-09-21,NA,NA,NA
"TER-PRIBS-T28",2023-09-22,NA,NA,NA
"TER-PRIBS-T28",2023-09-23,NA,NA,NA
"TER-PRIBS-T28",2023-09-24,NA,NA,NA
"TER-PRIBS-T28",2023-09-25,NA,NA,NA
"TER-PRIBS-T28",2023-09-26,NA,NA,NA
"TER-PRIBS-T28",2023-09-27,NA,NA,NA
"TER-PRIBS-T28",2023-09-28,NA,NA,NA
"TER-PRIBS-T28",2023-09-29,NA,NA,NA
"TER-PRIBS-T28",2023-09-30,NA,NA,NA
"TER-PRIBS-T28",2023-10-01,NA,NA,NA
"TER-PRIBS-T28",2023-10-02,NA,NA,NA
"TER-PRIBS-T28",2023-10-03,NA,NA,NA
"TER-PRIBS-T28",2023-10-04,NA,NA,NA
"TER-PRIBS-T28",2023-10-05,NA,NA,NA
"TER-PRIBS-T28",2023-10-06,NA,NA,NA
"TER-PRIBS-T28",2023-10-07,NA,NA,NA
"TER-PRIBS-T28",2023-10-08,NA,NA,NA
"TER-PRIBS-T28",2023-10-09,NA,NA,NA
"TER-PRIBS-T28",2023-10-10,NA,NA,NA
"TER-PRIBS-T28",2023-10-11,NA,NA,NA
"TER-PRIBS-T28",2023-10-12,NA,NA,NA
"TER-PRIBS-T28",2023-10-13,NA,NA,NA
"TER-PRIBS-T28",2023-10-14,NA,NA,NA
"TER-PRIBS-T28",2023-10-15,NA,NA,NA
"TER-PRIBS-T28",2023-10-16,NA,NA,NA
"TER-PRIBS-T28",2023-10-17,NA,NA,NA
"TER-PRIBS-T28",2023-10-18,NA,NA,NA
"TER-PRIBS-T28",2023-10-19,NA,NA,NA
"TER-PRIBS-T28",2023-10-20,NA,NA,NA
"TER-PRIBS-T28",2023-10-21,NA,NA,NA
"TER-PRIBS-T28",2023-10-22,NA,NA,NA
"TER-PRIBS-T28",2023-10-23,NA,NA,NA
"TER-PRIBS-T28",2023-10-24,NA,NA,NA
"TER-PRIBS-T28",2023-10-25,NA,NA,NA
"TER-PRIBS-T28",2023-10-26,NA,NA,NA
"TER-PRIBS-T28",2023-10-27,NA,NA,NA
"TER-PRIBS-T28",2023-10-28,NA,NA,NA
"TER-PRIBS-T28",2023-10-29,NA,NA,NA
"TER-PRIBS-T28",2023-10-30,NA,NA,NA
"TER-PRIBS-T28",2023-10-31,NA,NA,NA
"TER-PRIBS-T28",2023-11-01,NA,NA,NA
"TER-PRIBS-T28",2023-11-02,NA,NA,NA
"TER-PRIBS-T28",2023-11-03,NA,NA,NA
"TER-PRIBS-T28",2023-11-04,NA,NA,NA
"TER-PRIBS-T28",2023-11-05,NA,NA,NA
"TER-PRIBS-T28",2023-11-06,NA,NA,NA
"TER-PRIBS-T28",2023-11-07,NA,NA,NA
"TER-PRIBS-T28",2023-11-08,NA,NA,NA
"TER-PRIBS-T28",2023-11-09,NA,NA,NA
"TER-PRIBS-T28",2023-11-10,NA,NA,NA
"TER-PRIBS-T28",2023-11-11,NA,NA,NA
"TER-PRIBS-T28",2023-11-12,NA,NA,NA
"TER-PRIBS-T28",2023-11-13,NA,NA,NA
"TER-PRIBS-T28",2023-11-14,NA,NA,NA
"TER-PRIBS-T28",2023-11-15,NA,NA,NA
"TER-PRIBS-T28",2023-11-16,NA,NA,NA
"TER-PRIBS-T28",2023-11-17,NA,NA,NA
"TER-PRIBS-T28",2023-11-18,NA,NA,NA
"TER-PRIBS-T28",2023-11-19,NA,NA,NA
"TER-PRIBS-T28",2023-11-20,NA,NA,NA
"TER-PRIBS-T28",2023-11-21,NA,NA,NA
"TER-PRIBS-T28",2023-11-22,NA,NA,NA
"TER-PRIBS-T28",2023-11-23,NA,NA,NA
"TER-PRIBS-T28",2023-11-24,NA,NA,NA
"TER-PRIBS-T28",2023-11-25,NA,NA,NA
"TER-PRIBS-T28",2023-11-26,NA,NA,NA
"TER-PRIBS-T28",2023-11-27,NA,NA,NA
"TER-PRIBS-T28",2023-11-28,NA,NA,NA
"TER-PRIBS-T28",2023-11-29,NA,NA,NA
"TER-PRIBS-T28",2023-11-30,NA,NA,NA
"TER-PRIBS-T28",2023-12-01,NA,NA,NA
"TER-PRIBS-T28",2023-12-02,NA,NA,NA
"TER-PRIBS-T28",2023-12-03,NA,NA,NA
"TER-PRIBS-T28",2023-12-04,NA,NA,NA
"TER-PRIBS-T28",2023-12-05,NA,NA,NA
"TER-PRIBS-T28",2023-12-06,NA,NA,NA
"TER-PRIBS-T28",2023-12-07,NA,NA,NA
"TER-PRIBS-T28",2023-12-08,NA,NA,NA
"TER-PRIBS-T28",2023-12-09,NA,NA,NA
"TER-PRIBS-T28",2023-12-10,NA,NA,NA
"TER-PRIBS-T28",2023-12-11,NA,NA,NA
"TER-PRIBS-T28",2023-12-12,NA,NA,NA
"TER-PRIBS-T28",2023-12-13,NA,NA,NA
"TER-PRIBS-T28",2023-12-14,NA,NA,NA
"TER-PRIBS-T28",2023-12-15,NA,NA,NA
"TER-PRIBS-T28",2023-12-16,NA,NA,NA
"TER-PRIBS-T28",2023-12-17,NA,NA,NA
"TER-PRIBS-T28",2023-12-18,NA,NA,NA
"TER-PRIBS-T28",2023-12-19,NA,NA,NA
"TER-PRIBS-T28",2023-12-20,NA,NA,NA
"TER-PRIBS-T28",2023-12-21,NA,NA,NA
"TER-PRIBS-T28",2023-12-22,NA,NA,NA
"TER-PRIBS-T28",2023-12-23,NA,NA,NA
"TER-PRIBS-T28",2023-12-24,NA,NA,NA
"TER-PRIBS-T28",2023-12-25,NA,NA,NA
"TER-PRIBS-T28",2023-12-26,NA,NA,NA
"TER-PRIBS-T28",2023-12-27,NA,NA,NA
"TER-PRIBS-T28",2023-12-28,NA,NA,NA
"TER-PRIBS-T28",2023-12-29,NA,NA,NA
"TER-PRIBS-T28",2023-12-30,NA,NA,NA
"TER-PRIBS-T28",2023-12-31,NA,NA,NA
"TER-PRIBS-T28",2024-01-01,NA,NA,NA
"TER-PRIBS-T28",2024-01-02,NA,NA,NA
"TER-PRIBS-T28",2024-01-03,NA,NA,NA
"TER-PRIBS-T28",2024-01-04,NA,NA,NA
"TER-PRIBS-T28",2024-01-05,NA,NA,NA
"TER-PRIBS-T28",2024-01-06,NA,NA,NA
"TER-PRIBS-T28",2024-01-07,NA,NA,NA
"TER-PRIBS-T28",2024-01-08,NA,NA,NA
"TER-PRIBS-T28",2024-01-09,NA,NA,NA
"TER-PRIBS-T28",2024-01-10,NA,NA,NA
"TER-PRIBS-T28",2024-01-11,NA,NA,NA
"TER-PRIBS-T28",2024-01-12,NA,NA,NA
"TER-PRIBS-T28",2024-01-13,NA,NA,NA
"TER-PRIBS-T28",2024-01-14,NA,NA,NA
"TER-PRIBS-T28",2024-01-15,NA,NA,NA
"TER-PRIBS-T28",2024-01-16,NA,NA,NA
"TER-PRIBS-T28",2024-01-17,NA,NA,NA
"TER-PRIBS-T28",2024-01-18,NA,NA,NA
"TER-PRIBS-T28",2024-01-19,NA,NA,NA
"TER-PRIBS-T28",2024-01-20,NA,NA,NA
"TER-PRIBS-T28",2024-01-21,NA,NA,NA
"TER-PRIBS-T28",2024-01-22,NA,NA,NA
"TER-PRIBS-T28",2024-01-23,NA,NA,NA
"TER-PRIBS-T28",2024-01-24,NA,NA,NA
"TER-PRIBS-T28",2024-01-25,NA,NA,NA
"TER-PRIBS-T28",2024-01-26,NA,NA,NA
"TER-PRIBS-T28",2024-01-27,NA,NA,NA
"TER-PRIBS-T28",2024-01-28,NA,NA,NA
"TER-PRIBS-T28",2024-01-29,NA,NA,NA
"TER-PRIBS-T28",2024-01-30,NA,NA,NA
"TER-PRIBS-T28",2024-01-31,NA,NA,NA
"TER-PRIBS-T28",2024-02-01,NA,NA,NA
"TER-PRIBS-T28",2024-02-02,NA,NA,NA
"TER-PRIBS-T28",2024-02-03,NA,NA,NA
"TER-PRIBS-T28",2024-02-04,NA,NA,NA
"TER-PRIBS-T28",2024-02-05,NA,NA,NA
"TER-PRIBS-T28",2024-02-06,NA,NA,NA
"TER-PRIBS-T28",2024-02-07,NA,NA,NA
"TER-PRIBS-T28",2024-02-08,NA,NA,NA
"TER-PRIBS-T28",2024-02-09,NA,NA,NA
"TER-PRIBS-T28",2024-02-10,NA,NA,NA
"TER-PRIBS-T28",2024-02-11,NA,NA,NA
"TER-PRIBS-T28",2024-02-12,NA,NA,NA
"TER-PRIBS-T28",2024-02-13,NA,NA,NA
"TER-PRIBS-T28",2024-02-14,NA,NA,NA
"TER-PRIBS-T28",2024-02-15,NA,NA,NA
"TER-PRIBS-T28",2024-02-16,NA,NA,NA
"TER-PRIBS-T28",2024-02-17,NA,NA,NA
"TER-PRIBS-T28",2024-02-18,NA,NA,NA
"TER-PRIBS-T28",2024-02-19,NA,NA,NA
"TER-PRIBS-T28",2024-02-20,NA,NA,NA
"TER-PRIBS-T28",2024-02-21,NA,NA,NA
"TER-PRIBS-T28",2024-02-22,NA,NA,NA
"TER-PRIBS-T28",2024-02-23,NA,NA,NA
"TER-PRIBS-T28",2024-02-24,NA,NA,NA
"TER-PRIBS-T28",2024-02-25,NA,NA,NA
"TER-PRIBS-T28",2024-02-26,NA,NA,NA
"TER-PRIBS-T28",2024-02-27,NA,NA,NA
"TER-PRIBS-T28",2024-02-28,NA,NA,NA
"TER-PRIBS-T28",2024-02-29,NA,NA,NA
"TER-PRIBS-T28",2024-03-01,NA,NA,NA
"TER-PRIBS-T28",2024-03-02,NA,NA,NA
"TER-PRIBS-T28",2024-03-03,NA,NA,NA
"TER-PRIBS-T28",2024-03-04,NA,NA,NA
"TER-PRIBS-T28",2024-03-05,NA,NA,NA
"TER-PRIBS-T28",2024-03-06,NA,NA,NA
"TER-PRIBS-T28",2024-03-07,NA,NA,NA
"TER-PRIBS-T28",2024-03-08,NA,NA,NA
"TER-PRIBS-T28",2024-03-09,NA,NA,NA
"TER-PRIBS-T28",2024-03-10,NA,NA,NA
"TER-PRIBS-T28",2024-03-11,NA,NA,NA
"TER-PRIBS-T28",2024-03-12,NA,NA,NA
"TER-PRIBS-T28",2024-03-13,NA,NA,NA
"TER-PRIBS-T28",2024-03-14,NA,NA,NA
"TER-PRIBS-T28",2024-03-15,NA,NA,NA
"TER-PRIBS-T28",2024-03-16,NA,NA,NA
"TER-PRIBS-T28",2024-03-17,NA,NA,NA
"TER-PRIBS-T28",2024-03-18,NA,NA,NA
"TER-PRIBS-T28",2024-03-19,NA,NA,NA
"TER-PRIBS-T28",2024-03-20,NA,NA,NA
"TER-PRIBS-T28",2024-03-21,NA,NA,NA
"TER-PRIBS-T28",2024-03-22,NA,NA,NA
"TER-PRIBS-T28",2024-03-23,NA,NA,NA
"TER-PRIBS-T28",2024-03-24,NA,NA,NA
"TER-PRIBS-T28",2024-03-25,NA,NA,NA
"TER-PRIBS-T28",2024-03-26,NA,NA,NA
"TER-PRIBS-T28",2024-03-27,NA,NA,NA
"TER-PRIBS-T28",2024-03-28,NA,NA,NA
"TER-PRIBS-T28",2024-03-29,NA,NA,NA
"TER-PRIBS-T28",2024-03-30,NA,NA,NA
"TER-PRIBS-T28",2024-03-31,NA,NA,NA
"TER-PRIBS-T28",2024-04-01,NA,NA,NA
"TER-PRIBS-T28",2024-04-02,NA,NA,NA
"TER-PRIBS-T28",2024-04-03,NA,NA,NA
"TER-PRIBS-T28",2024-04-04,NA,NA,NA
"TER-PRIBS-T28",2024-04-05,NA,NA,NA
"TER-PRIBS-T28",2024-04-06,NA,NA,NA
"TER-PRIBS-T28",2024-04-07,NA,NA,NA
"TER-PRIBS-T28",2024-04-08,NA,NA,NA
"TER-PRIBS-T28",2024-04-09,NA,NA,NA
"TER-PRIBS-T28",2024-04-10,NA,NA,NA
"TER-PRIBS-T28",2024-04-11,NA,NA,NA
"TER-PRIBS-T28",2024-04-12,NA,NA,NA
"TER-PRIBS-T28",2024-04-13,NA,NA,NA
"TER-PRIBS-T28",2024-04-14,NA,NA,NA
"TER-PRIBS-T28",2024-04-15,NA,NA,NA
"TER-PRIBS-T28",2024-04-16,NA,NA,NA
"TER-PRIBS-T28",2024-04-17,NA,NA,NA
"TER-PRIBS-T28",2024-04-18,NA,NA,NA
"TER-PRIBS-T28",2024-04-19,NA,NA,NA
"TER-PRIBS-T28",2024-04-20,NA,NA,NA
"TER-PRIBS-T28",2024-04-21,0.00680329258250022,0.0708543982647803,0.0887358253725276
"TER-PRIBS-T28",2024-04-22,0,0.0213984380817512,0.0333860005406757
"TER-PRIBS-T28",2024-04-23,0,0,0.000301981947751007
"TER-PRIBS-T28",2024-04-24,0,0.0115253914366518,0.0275943501295733
"TER-PRIBS-T28",2024-04-25,0.0211500140909483,0.045598924196581,0.0733103885719476
"TER-PRIBS-T28",2024-04-26,0.0224060459502172,0.0738446190686265,0.0977137063768926
"TER-PRIBS-T28",2024-04-27,0.0865761081516188,0.189303790163134,0.232097228932442
"TER-PRIBS-T28",2024-04-28,0.114144367337415,0.229223180992033,0.269814539438164
"TER-PRIBS-T28",2024-04-29,0.089644869085235,0.211396141003632,0.246569533774655
"TER-PRIBS-T28",2024-04-30,0.100539264277663,0.253714333977594,0.301603766806903
"TER-PRIBS-T28",2024-05-01,0.103949890106552,0.237827699779715,0.269640271365184
"TER-PRIBS-T28",2024-05-02,0.00894454387380154,0.0671607198319194,0.0629049872986054
"TER-PRIBS-T28",2024-05-03,0,0.0636571792016728,0.0816082679839348
"TER-PRIBS-T28",2024-05-04,0,0.0509188769209179,0.0606968142356492
"TER-PRIBS-T28",2024-05-05,0.00142185362231769,0.0497924016431372,0.0788514932218696
"TER-PRIBS-T28",2024-05-06,0,0,0.0021318097430519
"TER-PRIBS-T28",2024-05-07,0,0.0820693104756266,0.112764263877248
"TER-PRIBS-T28",2024-05-08,0,0.0187447759181709,0.0348148217195091
"TER-PRIBS-T28",2024-05-09,0.000782233338367737,0.0379410058546488,0.066364564434123
"TER-PRIBS-T28",2024-05-10,0.0124169446676089,0.131844090631175,0.22142944992164
"TER-PRIBS-T28",2024-05-11,0.010821681990943,0.102947091795576,0.152000919798086
"TER-PRIBS-T28",2024-05-12,0.0167539956563479,0.0900740936397526,0.113669202207694
"TER-PRIBS-T28",2024-05-13,0,0.0470623163371125,0.0624619202591342
"TER-PRIBS-T28",2024-05-14,0.0271433444566768,0.191639342435948,0.23713030980723
"TER-PRIBS-T28",2024-05-15,0.00904198464694399,0.0827238505143292,0.0947661626411255
"TER-PRIBS-T28",2024-05-16,0,0,0
"TER-PRIBS-T28",2024-05-17,0,0.0679583345400343,0.114560256532072
"TER-PRIBS-T28",2024-05-18,0.0226184899804267,0.187788754186458,0.258554833053906
"TER-PRIBS-T28",2024-05-19,0.0625786054309718,0.279553690249632,0.327119512219435
"TER-PRIBS-T28",2024-05-20,0.0243683565160914,0.117475712835133,0.126479966147645
"TER-PRIBS-T28",2024-05-21,0,0.0154152266800683,0.00988503060778012
"TER-PRIBS-T28",2024-05-22,0.0152840844385319,0.125864907995287,0.140102846322497
"TER-PRIBS-T28",2024-05-23,0,0.0011733500075516,0.000391116669183863
"TER-PRIBS-T28",2024-05-24,0,0.0124456227522784,0.0101436808951661
"TER-PRIBS-T28",2024-05-25,0.0233407547060449,0.0967662551703837,0.160545475074758
"TER-PRIBS-T28",2024-05-26,0.031123761297853,0.152562408996543,0.212871804605676
"TER-PRIBS-T28",2024-05-27,0.0593507534620162,0.217291488828119,0.276607052254061
"TER-PRIBS-T28",2024-05-28,0.122741896570671,0.319940854548149,0.340454070473051
"TER-PRIBS-T28",2024-05-29,0.00234670001510319,0.0200189679257671,0.00485785051838784
"TER-PRIBS-T28",2024-05-30,0.00853051400357036,0.0762255420050591,0.10405565533905
"TER-PRIBS-T28",2024-05-31,0,0.0553910305056412,0.0397099155432099
"TER-PRIBS-T28",2024-06-01,0.0339527103381772,0.140554729372203,0.203307710290712
"TER-PRIBS-T28",2024-06-02,0.00345935337545683,0.0712150368692814,0.0749004820719713
"TER-PRIBS-T28",2024-06-03,0,0.00926739613764799,0.00695417438239796
"TER-PRIBS-T28",2024-06-04,0,0.031141974168179,0.0186889257774515
"TER-PRIBS-T28",2024-06-05,0.000322399547932908,0.0136358136848187,0.011360285814038
"TER-PRIBS-T28",2024-06-06,0.029823440446727,0.0786014815678433,0.106217280078343
"TER-PRIBS-T28",2024-06-07,0.0277550548802111,0.0804800475901143,0.072542737331289
"TER-PRIBS-T28",2024-06-08,0.028029962841161,0.0829852762975364,0.0746543825492723
"TER-PRIBS-T28",2024-06-09,0.0507295693596756,0.173084048787021,0.188445221089397
"TER-PRIBS-T28",2024-06-10,0.0480336757933898,0.11988135512439,0.114936323617571
"TER-PRIBS-T28",2024-06-11,0.0601509488367158,0.159867247333998,0.166231275012881
"TER-PRIBS-T28",2024-06-12,0.0760524955989075,0.0934726049998228,0.208668515156133
"TER-PRIBS-T28",2024-06-13,0.00156446667673546,0.0012112179945349,0.000416717871759886
"TER-PRIBS-T28",2024-06-14,0.0154703140258121,0,0.0516162912230164
"TER-PRIBS-T28",2024-06-15,0.0467164515975264,0.00168167191777061,0.234963093204661
"TER-PRIBS-T28",2024-06-16,0.0243879627756403,0.00549883856722149,0.0293722500990607
"TER-PRIBS-T28",2024-06-17,0.0341360089176785,0.0200276777755372,0.0924472358080231
"TER-PRIBS-T28",2024-06-18,0.090156078774333,0.0437778446757123,0.210687805381407
"TER-PRIBS-T28",2024-06-19,0.0839177424864102,0.0494669693420765,0.23661503587582
"TER-PRIBS-T28",2024-06-20,0.0603988564829157,0.034600023539647,0.286629661889891
"TER-PRIBS-T28",2024-06-21,0.133093935382168,0.178445183945535,0.334315526654078
"TER-PRIBS-T28",2024-06-22,0.177405394085955,0.286981964414765,0.27259447388511
"TER-PRIBS-T28",2024-06-23,0.218401307909891,0.306371298748816,0.27770740855503
"TER-PRIBS-T28",2024-06-24,0.028169736490904,0.0455447110783599,0.0155786758913389
"TER-PRIBS-T28",2024-06-25,0.0873094040187696,0.14687240389922,0.158490361879692
"TER-PRIBS-T28",2024-06-26,0.146614778612416,0.214682623676577,0.180714954699195
"TER-PRIBS-T28",2024-06-27,0.0729035589136819,0.0917525534921588,0.0359223736773027
"TER-PRIBS-T28",2024-06-28,0.146899986276759,0.171165981995246,0.118039278394412
"TER-PRIBS-T28",2024-06-29,0.044283027835761,0.117192601986888,0.0692829315590717
"TER-PRIBS-T28",2024-06-30,0.0539746646759313,0.0998100280808264,0.0403208630230035
"TER-PRIBS-T28",2024-07-01,0.136044588715083,0.156732037183541,0.120216540610071
"TER-PRIBS-T28",2024-07-02,0.165526631868419,0.221937120040326,0.156751846894971
"TER-PRIBS-T28",2024-07-03,0.146767334072656,0.165395691100423,0.133627289319465
"TER-PRIBS-T28",2024-07-04,0.236633034601992,0.255008654912692,0.222311244934815
"TER-PRIBS-T28",2024-07-05,0.151190786244936,0.196683171605023,0.134105086541391
"TER-PRIBS-T28",2024-07-06,0.0960839606575311,0.106197986672902,0.0550556590911497
"TER-PRIBS-T28",2024-07-07,0.0980617352147804,0.110074715858463,0.0563562391950059
"TER-PRIBS-T28",2024-07-08,0.0258991078843783,0.0233949643158167,0.0126130307257493
"TER-PRIBS-T28",2024-07-09,0.0207865941756486,0.0226850335092006,0.027410598591951
"TER-PRIBS-T28",2024-07-10,0.0506042461449892,0.087336710995293,0.0601788228090308
"TER-PRIBS-T28",2024-07-11,0.128767054737361,0.155141108287324,0.115114265005516
"TER-PRIBS-T28",2024-07-12,0.112500743265459,0.163652864515142,0.121253918629769
"TER-PRIBS-T28",2024-07-13,0.0500735568663478,0.0929356679838387,0.0709774861607669
"TER-PRIBS-T28",2024-07-14,0.168027264261524,0.264636039576057,0.240462228581176
"TER-PRIBS-T28",2024-07-15,0.114853591168315,0.205560033113595,0.143282301042438
"TER-PRIBS-T28",2024-07-16,0.0826195218721093,0.14430263964728,0.107060799175796
"TER-PRIBS-T28",2024-07-17,0.0277386401557069,0.0222915791627297,0.0418396476510405
"TER-PRIBS-T28",2024-07-18,0.0673195987214824,0.0829320787640905,0.0737460787925292
"TER-PRIBS-T28",2024-07-19,0.142596931038449,0.238868109755591,0.199174471282513
"TER-PRIBS-T28",2024-07-20,0.148114530171017,0.224895860562084,0.156556173890793
"TER-PRIBS-T28",2024-07-21,0.185474351673983,0.267754604664612,0.199889274369054
"TER-PRIBS-T28",2024-07-22,0.189999304775685,0.265911006070401,0.209850768616899
"TER-PRIBS-T28",2024-07-23,0.18586718520297,0.220690498597194,0.155743742897583
"TER-PRIBS-T28",2024-07-24,0.18502612104552,0.254294628705235,0.182961307140748
"TER-PRIBS-T28",2024-07-25,0.208708951493279,0.312646854965548,0.228260170863553
"TER-PRIBS-T28",2024-07-26,0.206451562858212,0.283444699483368,0.215280200344666
"TER-PRIBS-T28",2024-07-27,0.15071919328461,0.162622842724603,0.120787715354964
"TER-PRIBS-T28",2024-07-28,0.178266583914711,0.244427288597622,0.181504887158603
"TER-PRIBS-T28",2024-07-29,0.0858258696233397,0.10586527636224,0.0838230209410608
"TER-PRIBS-T28",2024-07-30,0.0238413151986289,0.090671676013441,0.0564661985362869
"TER-PRIBS-T28",2024-07-31,0.0610703366402202,0.112198367160733,0.0732484710404959
"TER-PRIBS-T28",2024-08-01,0.140910062022965,0.198777450618003,0.146524622995179
"TER-PRIBS-T28",2024-08-02,0.149680813878092,0.189772039664602,0.128944591776804
"TER-PRIBS-T28",2024-08-03,0.172083527679192,0.252215536527085,0.192570046903426
"TER-PRIBS-T28",2024-08-04,0.227967111419583,0.336184582441709,0.262704215187665
"TER-PRIBS-T28",2024-08-05,0.231922718386911,0.318213884288538,0.224443325467184
"TER-PRIBS-T28",2024-08-06,0.102280736480882,0.117689981288971,0.114357782779827
"TER-PRIBS-T28",2024-08-07,0.194943197817709,0.211123527944208,0.168972493195915
"TER-PRIBS-T28",2024-08-08,0.219898465515524,0.271809593551441,0.202593932750796
"TER-PRIBS-T28",2024-08-09,0.23282423842247,0.325323250548977,0.240828243557517
"TER-PRIBS-T28",2024-08-10,0.246027084537785,0.341911718047984,0.250626929931191
"TER-PRIBS-T28",2024-08-11,0.129507231318797,0.20466893067771,0.192592586313154
"TER-PRIBS-T28",2024-08-12,0.196231317209879,0.285358881715415,0.225255221968384
"TER-PRIBS-T28",2024-08-13,0.133982433295381,0.161963830126388,0.118318099067361
"TER-PRIBS-T28",2024-08-14,0.217422883426355,0.302056632218759,0.2253700841523
"TER-PRIBS-T28",2024-08-15,0.205206729610896,0.24953838801728,0.163878844122237
"TER-PRIBS-T28",2024-08-16,0.198942096369293,0.225101518192564,0.145661578348951
"TER-PRIBS-T28",2024-08-17,0.213861217080585,0.244619532763717,0.156335492960758
"TER-PRIBS-T28",2024-08-18,0.206321267484907,0.267275139683807,0.178237674246712
"TER-PRIBS-T28",2024-08-19,0.238384708727472,0.299705995529264,0.212767760699732
"TER-PRIBS-T28",2024-08-20,0.0453243583274908,0.0784544878146002,0.0799068263304131
"TER-PRIBS-T28",2024-08-21,0.0831909998638036,0.173440080363287,0.149978717016371
"TER-PRIBS-T28",2024-08-22,0.223864110557453,0.358780288392723,0.349136100387986
"TER-PRIBS-T28",2024-08-23,0.106493905165885,0.13104834908132,0.129128612766375
"TER-PRIBS-T28",2024-08-24,0.0873461808714194,0.182133984084654,0.198858309308362
"TER-PRIBS-T28",2024-08-25,0.166932058072806,0.282807875891657,0.244544531838334
"TER-PRIBS-T28",2024-08-26,0.136780738491764,0.224112962027232,0.195115130069399
"TER-PRIBS-T28",2024-08-27,0.185364281468742,0.261356440484371,0.21517212144293
"TER-PRIBS-T28",2024-08-28,0.194713196181091,0.264202329216147,0.198330981786036
"TER-PRIBS-T28",2024-08-29,0.189572997632543,0.256411229788301,0.192791845479629
"TER-PRIBS-T28",2024-08-30,0.287839033548502,0.463408145750132,0.415039149415771
"TER-PRIBS-T28",2024-08-31,0.227276965783279,0.334284518037732,0.270110061875675
"TER-PRIBS-T28",2024-09-01,0.107419161465105,0.169484845486951,0.172819435843492
"TER-PRIBS-T28",2024-09-02,0.262905304796958,0.299506548155271,0.282315042558083
"TER-PRIBS-T28",2024-09-03,0.325450701282135,0.379674327206008,0.365140111936224
"TER-PRIBS-T28",2024-09-04,0.3212331784441,0.391191384266138,0.360410884299124
"TER-PRIBS-T28",2024-09-05,0.348362464728272,0.384951388592162,0.350104897245445
"TER-PRIBS-T28",2024-09-06,0.394921821303639,0.425768891700519,0.403657293762969
"TER-PRIBS-T28",2024-09-07,0.208934960714448,0.231239502229122,0.226952963216234
"TER-PRIBS-T28",2024-09-08,0.0377428635406913,0.0810373176514585,0.106125772373563
"TER-PRIBS-T28",2024-09-09,0.113051439234765,0.150682622426783,0.143852358905159
"TER-PRIBS-T28",2024-09-10,0.0263880792130205,0.0378920956118982,0.0858821514676764
"TER-PRIBS-T28",2024-09-11,0.0695699320218178,0.149293616631645,0.180892332455904
"TER-PRIBS-T28",2024-09-12,0.157364635449307,0.249408359446089,0.241541143146578
"TER-PRIBS-T28",2024-09-13,0.19620450359228,0.331435812763394,0.328512347996244
"TER-PRIBS-T28",2024-09-14,0.146929966204093,0.207708415612184,0.190652672956306
"TER-PRIBS-T28",2024-09-15,0.207137424826695,0.322977614256138,0.297820290988561
"TER-PRIBS-T28",2024-09-16,0.095789227131996,0.223839180955376,0.202080302529063
"TER-PRIBS-T28",2024-09-17,0.0733815334804808,0.17221651764797,0.171537065895522
"TER-PRIBS-T28",2024-09-18,0.0882101031285371,0.217835152144597,0.221518907274157
"TER-PRIBS-T28",2024-09-19,0.117481974802271,0.196431931317935,0.188262632088392
"TER-PRIBS-T28",2024-09-20,0.00809062913021114,0.0452260931722055,0.0735057032836386
"TER-PRIBS-T28",2024-09-21,0.0280648555132358,0.159774183355226,0.178488375665439
"TER-PRIBS-T28",2024-09-22,0.0892731843795282,0.164012600493739,0.190583368948785
"TER-PRIBS-T28",2024-09-23,0.0678926041590175,0.210495530389215,0.217228025146012
"TER-PRIBS-T28",2024-09-24,0.136448149366385,0.205478556598637,0.224208399504693
"TER-PRIBS-T28",2024-09-25,0.0348149068071433,0.0379585699469003,0.0877090189841531
"TER-PRIBS-T28",2024-09-26,0.0185585925780874,0.101293443764726,0.141672556348032
"TER-PRIBS-T28",2024-09-27,0.174418439092014,0.278747076367539,0.295730048281797
"TER-PRIBS-T28",2024-09-28,0.15314358618359,0.217479842363258,0.220700769566244
"TER-PRIBS-T28",2024-09-29,0.0553114821431747,0.116599937957034,0.108580666431328
"TER-PRIBS-T28",2024-09-30,0.071723248055692,0.154595870714563,0.192071477852642
"TER-PRIBS-T28",2024-10-01,0.123260987893753,0.148882950300229,0.195413286307744
"TER-PRIBS-T28",2024-10-02,0.143943277496858,0.167212430344276,0.215541309486217
"TER-PRIBS-T28",2024-10-03,0.193166154065573,0.232858894616179,0.277125601153558
"TER-PRIBS-T28",2024-10-04,0.0781425788296682,0.0714299737278996,0.121532887747554
"TER-PRIBS-T28",2024-10-05,0.0169532149894317,0.0260088448781939,0.0620693510723714
"TER-PRIBS-T28",2024-10-06,0.140986503725348,0.179172493527356,0.211520681810396
"TER-PRIBS-T28",2024-10-07,0.138205090419766,0.175650490435054,0.223572661586933
"TER-PRIBS-T28",2024-10-08,0.12173184881562,0.159045582115341,0.200373388273183
"TER-PRIBS-T28",2024-10-09,0.130726936375613,0.180754235213594,0.235159858738565
"TER-PRIBS-T28",2024-10-10,0.0380317477746535,0.0600520616068136,0.076790399370067
"TER-PRIBS-T28",2024-10-11,0.152422777194431,0.210217656992781,0.230482495828321
"TER-PRIBS-T28",2024-10-12,0.160725245137014,0.23140326236486,0.27758777642774
"TER-PRIBS-T28",2024-10-13,0.0309472981922878,0.0304336088601183,0.0866931565866216
"TER-PRIBS-T28",2024-10-14,0.00603191228178043,0.00204500961597516,0.0666671275506428
"TER-PRIBS-T28",2024-10-15,0.0518619809584173,0.0666701622195468,0.103954044245035
"TER-PRIBS-T28",2024-10-16,0.158827089109901,0.218164935188747,0.265716505948305
"TER-PRIBS-T28",2024-10-17,0.128394063584981,0.177860435840418,0.227722376744272
"TER-PRIBS-T28",2024-10-18,0.119182013811262,0.183917544837081,0.233761222249541
"TER-PRIBS-T28",2024-10-19,0.0410025166749791,0.09144424306148,0.139099241190068
"TER-PRIBS-T28",2024-10-20,0.0173752067936655,0.0529853023217895,0.0717572491473827
"TER-PRIBS-T28",2024-10-21,0.134841693051198,0.171870170787972,0.228278894543445
"TER-PRIBS-T28",2024-10-22,0.184540728120733,0.215404580563364,0.258049531695614
"TER-PRIBS-T28",2024-10-23,0.0253089397231263,0.0236190852118276,0.0766800870651136
"TER-PRIBS-T28",2024-10-24,0.163363943062414,0.222126560128306,0.275891539446503
"TER-PRIBS-T28",2024-10-25,0.228717985534461,0.256230096799472,0.321643884922201
"TER-PRIBS-T28",2024-10-26,0.184685765005995,0.22200863647366,0.289187214622445
"TER-PRIBS-T28",2024-10-27,0.171754295272395,0.207308342909897,0.266634251961887
"TER-PRIBS-T28",2024-10-28,0.247421529771747,0.274130038345432,0.344968714522732
"TER-PRIBS-T28",2024-10-29,0.0552488911370491,0.050557276707236,0.0937148031997449
"TER-PRIBS-T28",2024-10-30,0.0658381615938536,0.0786947615246033,0.114371943206669
"TER-PRIBS-T28",2024-10-31,0.0830844307553495,0.108562543165643,0.125017995197199
"TER-PRIBS-T28",2024-11-01,0.0240027959342227,0.0205799660562776,0.0731240907084288
"TER-PRIBS-T28",2024-11-02,0.069803145298766,0.122146279380152,0.175367589928024
"TER-PRIBS-T28",2024-11-03,0.0171192498951168,0.00986203850830831,0.0600498854768076
"TER-PRIBS-T28",2024-11-04,0.0499843820312366,0.0891260620016648,0.143172514566282
"TER-PRIBS-T28",2024-11-05,0.0942066306663902,0.134113760150737,0.173025654221213
"TER-PRIBS-T28",2024-11-06,0.0148477401415314,0.0743636873449255,0.0534363892631285
"TER-PRIBS-T28",2024-11-07,0.0869088626275367,0.138222866550689,0.169765969905463
"TER-PRIBS-T28",2024-11-08,0.025220171319495,0.0650219858677528,0.0965136915147754
"TER-PRIBS-T28",2024-11-09,0.117349754424242,0.211832443344945,0.27319810829917
"TER-PRIBS-T28",2024-11-10,0.138012966708088,0.170437564304083,0.220717513889586
"TER-PRIBS-T28",2024-11-11,0.16293640064312,0.16595757500443,0.210344123227149
"TER-PRIBS-T28",2024-11-12,0.0269341728917971,0.0289713745499405,0.0739058836339722
"TER-PRIBS-T28",2024-11-13,0.0410836210905744,0.0613992551802953,0.0911909067681031
"TER-PRIBS-T28",2024-11-14,0.0894931972797176,0.0826437537786676,0.132479651942471
"TER-PRIBS-T28",2024-11-15,0.103231008674581,0.114475613330677,0.134882079050207
"TER-PRIBS-T28",2024-11-16,0.149459340001582,0.161065864077796,0.208779794903295
"TER-PRIBS-T28",2024-11-17,0.102023291647378,0.0898246627149503,0.136414512039033
"TER-PRIBS-T28",2024-11-18,0.0399410045625581,0.0278656943760741,0.0742086663111553
"TER-PRIBS-T28",2024-11-19,0.0193737631605472,0.0375638998473382,0.105018802050583
"TER-PRIBS-T28",2024-11-20,0.0950837325344261,0.147218970711165,0.208767162113511
"TER-PRIBS-T28",2024-11-21,0.12197990095097,0.173504382101758,0.23402556019078
"TER-PRIBS-T28",2024-11-22,0.0917491319965244,0.0998980494290377,0.152373969583156
"TER-PRIBS-T28",2024-11-23,0.00400764802898434,0.0285853973184694,0.0557766326493366
"TER-PRIBS-T28",2024-11-24,0.0797539767438837,0.139176701068208,0.174368689290984
"TER-PRIBS-T28",2024-11-25,0.092614378381165,0.129230041165165,0.166888138264913
"TER-PRIBS-T28",2024-11-26,0.101349983277539,0.141903983590342,0.181178770158494
"TER-PRIBS-T28",2024-11-27,0.0227442622964201,0.0547264961125808,0.0916323071454181
"TER-PRIBS-T28",2024-11-28,0.0579860097740353,0.112964349508433,0.150175067315094
"TER-PRIBS-T28",2024-11-29,0.0659229280772706,0.0913898465864685,0.127951755814007
"TER-PRIBS-T28",2024-11-30,0.0509703975355734,0.0599028523602288,0.101247981969782
"TER-PRIBS-T28",2024-12-01,0.0419010210757491,0.0496823859940676,0.0779390320579902
"TER-PRIBS-T28",2024-12-02,0.0258197985844958,0.0336982423454609,0.0524960986927585
"TER-PRIBS-T28",2024-12-03,0.0527804918524318,0.0690445127235417,0.10125946680845
"TER-PRIBS-T28",2024-12-04,0.104446378786203,0.15622096189699,0.212979944209517
"TER-PRIBS-T28",2024-12-05,0.138359914513912,0.184949389719337,0.240286408008721
"TER-PRIBS-T28",2024-12-06,0.135823500271817,0.183234267879535,0.227423024995183
"TER-PRIBS-T28",2024-12-07,0.0615565737399978,0.0913050146006788,0.134193673639189
"TER-PRIBS-T28",2024-12-08,0.107159213034485,0.129395009393552,0.179507393471722
"TER-PRIBS-T28",2024-12-09,0.151840868487708,0.16277441696288,0.200527410615575
"TER-PRIBS-T28",2024-12-10,0.140750247668276,0.166957088174045,0.205417062896852
"TER-PRIBS-T28",2024-12-11,0.0405849021752366,0.0313861701630972,0.0724725468791223
"TER-PRIBS-T28",2024-12-12,0.000867123569012686,0.0023094369130931,0.0400170989795434
"TER-PRIBS-T28",2024-12-13,0.00426519502124881,0.0194798082838813,0.0671864317402703
"TER-PRIBS-T28",2024-12-14,0.146452781459835,0.155197880690143,0.209518356807766
"TER-PRIBS-T28",2024-12-15,0.0530829767968308,0.0428762784738443,0.0938869226099135
"TER-PRIBS-T28",2024-12-16,0.00640097708778456,0.00361364488946404,0.0461200775649405
"TER-PRIBS-T28",2024-12-17,0.043740954723679,0.143943576424641,0.187111700942757
"TER-PRIBS-T28",2024-12-18,0.0287347365003372,0.0378456063990835,0.0744000468975839
"TER-PRIBS-T28",2024-12-19,0,0.00132265075138223,0.0414398968483061
"TER-PRIBS-T28",2024-12-20,0.0497468376947007,0.0946618888472799,0.15384660330676
"TER-PRIBS-T28",2024-12-21,0.0939523244357336,0.114891390885664,0.135952635864008
"TER-PRIBS-T28",2024-12-22,0.0929599548586966,0.1082946694753,0.146942869906198
"TER-PRIBS-T28",2024-12-23,0.10471319833163,0.123709039923681,0.161484763802386
"TER-PRIBS-T28",2024-12-24,0.101469617379699,0.134214465637246,0.174019657880624
"TER-PRIBS-T28",2024-12-25,0.0778006409754329,0.0945169568074803,0.137855098006165
"TER-PRIBS-T28",2024-12-26,0.0846959345494604,0.109147175223469,0.151556636515984
"TER-PRIBS-T28",2024-12-27,0.122467798728064,0.145018632930949,0.18130338730421
"TER-PRIBS-T28",2024-12-28,0.308167913164937,0.468658609567337,0.534676375600355
"TER-PRIBS-T28",2024-12-29,0.162239856535701,0.212045094913434,0.243160301058977
"TER-PRIBS-T28",2024-12-30,0.189338303561012,0.224543208330645,0.262324815793712
"TER-PRIBS-T28",2024-12-31,0.0973186863975158,0.101227432180699,0.132711079255798
"TER-PRIBS-T28",2025-01-01,0.01970287053343,0.0191561310470234,0.0666975987088188
"TER-PRIBS-T28",2025-01-02,0.0236968560062216,0.0445676837736634,0.108342997654442
"TER-PRIBS-T28",2025-01-03,0.00856528756392886,0.00936942688446637,0.0579910914317166
"TER-PRIBS-T28",2025-01-04,0,0,0.0410433296964712
"TER-PRIBS-T28",2025-01-05,0,0.018663875694484,0.0731875555010082
"TER-PRIBS-T28",2025-01-06,0.00428715158776617,0.0477094604527311,0.0814671642960498
"TER-PRIBS-T28",2025-01-07,0.00177779467382283,0.0579175438755696,0.0989116028135256
"TER-PRIBS-T28",2025-01-08,0.0374980326133459,0.0741832682674164,0.109244613774185
"TER-PRIBS-T28",2025-01-09,0.014219462685862,0.0224231894643103,0.0622900782301641
"TER-PRIBS-T28",2025-01-10,0.00563754834379858,0.00773752059783982,0.0631752934072017
"TER-PRIBS-T28",2025-01-11,0.0117187742731136,0.00782438056711487,0.0615911168039554
"TER-PRIBS-T28",2025-01-12,0.0323721315860921,0.0796847550116479,0.117066234487772
"TER-PRIBS-T28",2025-01-13,0.11092908315187,0.12735003128175,0.152984652092598
"TER-PRIBS-T28",2025-01-14,0.10351328996302,0.0911511132313643,0.122807292671939
"TER-PRIBS-T28",2025-01-15,0.124953405692324,0.106642620716742,0.137571288671992
"TER-PRIBS-T28",2025-01-16,0.0360103681351047,0.0146762357174284,0.0593807333101164
"TER-PRIBS-T28",2025-01-17,0.0106743305694881,0,0.0410485441095431
"TER-PRIBS-T28",2025-01-18,0,0.0359033081338194,0.050090763661269
"TER-PRIBS-T28",2025-01-19,0.0137878616690505,0.0353715569686302,0.041996004340908
"TER-PRIBS-T28",2025-01-20,0.00027348737007164,0.0105424618609222,0.0262020044754417
"TER-PRIBS-T28",2025-01-21,0.0163898848445381,0.0238917380488578,0.0517011520487493
"TER-PRIBS-T28",2025-01-22,0.0673029275858733,0.0644953887883853,0.123678163011924
"TER-PRIBS-T28",2025-01-23,0.0860140503841797,0.0574214816978265,0.120752435189106
"TER-PRIBS-T28",2025-01-24,0.0479026729072481,0.012301686460351,0.0424014742412242
"TER-PRIBS-T28",2025-01-25,0.0455822525428103,0.0295898318988052,0.0703705799153999
"TER-PRIBS-T28",2025-01-26,0.0471827176144847,0.0267517282659304,0.061413985768547
"TER-PRIBS-T28",2025-01-27,0.0695959946624042,0.0704961156477918,0.152470106411548
"TER-PRIBS-T28",2025-01-28,0.0923044700878106,0.0655769533154622,0.131967924659258
"TER-PRIBS-T28",2025-01-29,0.0499992165238095,0.0146329368675161,0.0557969648647031
"TER-PRIBS-T28",2025-01-30,0.0882049697380379,0.0681651534443833,0.13937399384846
"TER-PRIBS-T28",2025-01-31,0.112666451045117,0.0790236228520821,0.147279031820757
"TER-PRIBS-T28",2025-02-01,0.0561737116073842,0.00761358302338439,0.0619516884568997
"TER-PRIBS-T28",2025-02-02,0.0668677662113735,0.0509008846468224,0.109784678985441
"TER-PRIBS-T28",2025-02-03,0.0536177372879403,0,0.0380356262255963
"TER-PRIBS-T28",2025-02-04,0.0394399713337948,0.00799938330256651,0.039287132179883
"TER-PRIBS-T28",2025-02-05,0.0565848232478767,0,0.0424158784324132
"TER-PRIBS-T28",2025-02-06,0.120825965372056,0.105254033731732,0.196722306605666
"TER-PRIBS-T28",2025-02-07,0.0623907410732125,0.00796110037680621,0.0642036169743953
"TER-PRIBS-T28",2025-02-08,0.0458353266398175,0,0.032245742475641
"TER-PRIBS-T28",2025-02-09,0.046929398792949,0,0.0246945804611321
"TER-PRIBS-T28",2025-02-10,0.0457357504093305,0,0.0240906408026668
"TER-PRIBS-T28",2025-02-11,0.0505378363624011,0.0216110440314649,0.0790347258994841
"TER-PRIBS-T28",2025-02-12,NA,NA,NA
"TER-PRIBS-T28",2025-02-13,NA,NA,NA
"TER-PRIBS-T28",2025-02-14,NA,NA,NA
"TER-PRIBS-T28",2025-02-15,NA,NA,NA
"TER-PRIBS-T28",2025-02-16,NA,NA,NA
"TER-PRIBS-T28",2025-02-17,NA,NA,NA
"TER-PRIBS-T28",2025-02-18,NA,NA,NA
"TER-PRIBS-T28",2025-02-19,NA,NA,NA
"TER-PRIBS-T28",2025-02-20,NA,NA,NA
"TER-PRIBS-T28",2025-02-21,NA,NA,NA
"TER-PRIBS-T28",2025-02-22,NA,NA,NA
"TER-PRIBS-T28",2025-02-23,NA,NA,NA
"TER-PRIBS-T28",2025-02-24,NA,NA,NA
"TER-PRIBS-T28",2025-02-25,NA,NA,NA
"TER-PRIBS-T28",2025-02-26,NA,NA,NA
"TER-PRIBS-T28",2025-02-27,NA,NA,NA
"TER-PRIBS-T28",2025-02-28,NA,NA,NA
"TER-PRIBS-T28",2025-03-01,NA,NA,NA
"TER-PRIBS-T28",2025-03-02,NA,NA,NA
"TER-PRIBS-T28",2025-03-03,NA,NA,NA
"TER-PRIBS-T28",2025-03-04,NA,NA,NA
"TER-PRIBS-T28",2025-03-05,NA,NA,NA
"TER-PRIBS-T28",2025-03-06,NA,NA,NA
"TER-PRIBS-T28",2025-03-07,NA,NA,NA
"TER-PRIBS-T28",2025-03-08,NA,NA,NA
"TER-PRIBS-T28",2025-03-09,NA,NA,NA
"TER-PRIBS-T28",2025-03-10,NA,NA,NA
"TER-PRIBS-T28",2025-03-11,NA,NA,NA
"TER-PRIBS-T28",2025-03-12,NA,NA,NA
"TER-PRIBS-T28",2025-03-13,NA,NA,NA
"TER-PRIBS-T28",2025-03-14,NA,NA,NA
"TER-PRIBS-T28",2025-03-15,NA,NA,NA
"TER-PRIBS-T28",2025-03-16,NA,NA,NA
"TER-PRIBS-T28",2025-03-17,NA,NA,NA
"TER-PRIBS-T28",2025-03-18,NA,NA,NA
"TER-PRIBS-T28",2025-03-19,NA,NA,NA
"TER-PRIBS-T28",2025-03-20,NA,NA,NA
"TER-PRIBS-T28",2025-03-21,NA,NA,NA
"TER-PRIBS-T28",2025-03-22,NA,NA,NA
"TER-PRIBS-T28",2025-03-23,NA,NA,NA
"TER-PRIBS-T28",2025-03-24,NA,NA,NA
"TER-PRIBS-T28",2025-03-25,NA,NA,NA
"TER-PRIBS-T28",2025-03-26,NA,NA,NA
"TER-PRIBS-T28",2025-03-27,NA,NA,NA
"TER-PRIBS-T28",2025-03-28,NA,NA,NA
"TER-PRIBS-T28",2025-03-29,NA,NA,NA
"TER-PRIBS-T28",2025-03-30,NA,NA,NA
"TER-PRIBS-T28",2025-03-31,NA,NA,NA
"TER-PRIBS-T28",2025-04-01,NA,NA,NA
"TER-PRIBS-T28",2025-04-02,NA,NA,NA
"TER-PRIBS-T28",2025-04-03,NA,NA,NA
"TER-PRIBS-T28",2025-04-04,NA,NA,NA
"TER-PRIBS-T28",2025-04-05,NA,NA,NA
"TER-PRIBS-T28",2025-04-06,NA,NA,NA
"TER-PRIBS-T28",2025-04-07,NA,NA,NA
"TER-PRIBS-T28",2025-04-08,NA,NA,NA
"TER-PRIBS-T28",2025-04-09,NA,NA,NA
"TER-PRIBS-T28",2025-04-10,NA,NA,NA
"TER-PRIBS-T28",2025-04-11,NA,NA,NA
"TER-PRIBS-T28",2025-04-12,NA,NA,NA
"TER-PRIBS-T28",2025-04-13,NA,NA,NA
"TER-PRIBS-T28",2025-04-14,NA,NA,NA
"TER-PRIBS-T28",2025-04-15,NA,NA,NA
"TER-PRIBS-T28",2025-04-16,NA,NA,NA
"TER-PRIBS-T28",2025-04-17,NA,NA,NA
"TER-PRIBS-T28",2025-04-18,NA,NA,NA
"TER-PRIBS-T28",2025-04-19,NA,NA,NA
"TER-PRIBS-T28",2025-04-20,NA,NA,NA
"TER-PRIBS-T28",2025-04-21,NA,NA,NA
"TER-PRIBS-T28",2025-04-22,NA,NA,NA
"TER-PRIBS-T28",2025-04-23,NA,NA,NA
"TER-PRIBS-T28",2025-04-24,NA,NA,NA
"TER-PRIBS-T28",2025-04-25,NA,NA,NA
"TER-PRIBS-T28",2025-04-26,NA,NA,NA
"TER-PRIBS-T28",2025-04-27,NA,NA,NA
"TER-PRIBS-T28",2025-04-28,NA,NA,NA
"TER-PRIBS-T28",2025-04-29,NA,NA,NA
"TER-PRIBS-T28",2025-04-30,NA,NA,NA
"TER-PRIBS-T28",2025-05-01,NA,NA,NA
"TER-PRIBS-T28",2025-05-02,NA,NA,NA
"TER-PRIBS-T28",2025-05-03,NA,NA,NA
"TER-PRIBS-T28",2025-05-04,NA,NA,NA
"TER-PRIBS-T28",2025-05-05,NA,NA,NA
"TER-PRIBS-T28",2025-05-06,NA,NA,NA
"TER-PRIBS-T28",2025-05-07,NA,NA,NA
"TER-PRIBS-T28",2025-05-08,NA,NA,NA
"TER-PRIBS-T28",2025-05-09,NA,NA,NA
"TER-PRIBS-T28",2025-05-10,NA,NA,NA
"TER-PRIBS-T28",2025-05-11,NA,NA,NA
"TER-PRIBS-T28",2025-05-12,NA,NA,NA
"TER-PRIBS-T28",2025-05-13,NA,NA,NA
"TER-PRIBS-T28",2025-05-14,NA,NA,NA
"TER-PRIBS-T28",2025-05-15,NA,NA,NA
"TER-PRIBS-T28",2025-05-16,NA,NA,NA
"TER-PRIBS-T28",2025-05-17,NA,NA,NA
"TER-PRIBS-T28",2025-05-18,NA,NA,NA
"TER-PRIBS-T28",2025-05-19,NA,NA,NA
"TER-PRIBS-T28",2025-05-20,NA,NA,NA
"TER-PRIBS-T28",2025-05-21,NA,NA,NA
"TER-PRIBS-T28",2025-05-22,NA,NA,NA
"TER-PRIBS-T28",2025-05-23,NA,NA,NA
"TER-PRIBS-T28",2025-05-24,NA,NA,NA
"TER-PRIBS-T28",2025-05-25,NA,NA,NA
"TER-PRIBS-T28",2025-05-26,NA,NA,NA
"TER-PRIBS-T28",2025-05-27,NA,NA,NA
"TER-PRIBS-T28",2025-05-28,NA,NA,NA
"TER-PRIBS-T28",2025-05-29,NA,NA,NA
"TER-PRIBS-T28",2025-05-30,NA,NA,NA
"TER-PRIBS-T28",2025-05-31,NA,NA,NA
"TER-PRIBS-T28",2025-06-01,NA,NA,NA
"TER-PRIBS-T28",2025-06-02,NA,NA,NA
"TER-PRIBS-T28",2025-06-03,NA,NA,NA
"TER-PRIBS-T28",2025-06-04,NA,NA,NA
"TER-PRIBS-T28",2025-06-05,NA,NA,NA
"TER-PRIBS-T28",2025-06-06,NA,NA,NA
"TER-PRIBS-T28",2025-06-07,NA,NA,NA
"TER-PRIBS-T28",2025-06-08,NA,NA,NA
"TER-PRIBS-T28",2025-06-09,NA,NA,NA
"TER-PRIBS-T28",2025-06-10,NA,NA,NA
"TER-PRIBS-T28",2025-06-11,NA,NA,NA
"TER-PRIBS-T28",2025-06-12,NA,NA,NA
