"site_code","date","GRD","UND","CAN"
"TER-EXO-T01",2023-08-09,NA,NA,NA
"TER-EXO-T01",2023-08-10,NA,NA,NA
"TER-EXO-T01",2023-08-11,NA,NA,NA
"TER-EXO-T01",2023-08-12,NA,NA,NA
"TER-EXO-T01",2023-08-13,NA,NA,NA
"TER-EXO-T01",2023-08-14,NA,NA,NA
"TER-EXO-T01",2023-08-15,NA,NA,NA
"TER-EXO-T01",2023-08-16,NA,NA,NA
"TER-EXO-T01",2023-08-17,NA,NA,NA
"TER-EXO-T01",2023-08-18,NA,NA,NA
"TER-EXO-T01",2023-08-19,NA,NA,NA
"TER-EXO-T01",2023-08-20,NA,NA,NA
"TER-EXO-T01",2023-08-21,NA,NA,NA
"TER-EXO-T01",2023-08-22,NA,NA,NA
"TER-EXO-T01",2023-08-23,NA,NA,NA
"TER-EXO-T01",2023-08-24,NA,NA,NA
"TER-EXO-T01",2023-08-25,NA,NA,NA
"TER-EXO-T01",2023-08-26,NA,NA,NA
"TER-EXO-T01",2023-08-27,NA,NA,NA
"TER-EXO-T01",2023-08-28,NA,NA,NA
"TER-EXO-T01",2023-08-29,NA,NA,NA
"TER-EXO-T01",2023-08-30,NA,NA,NA
"TER-EXO-T01",2023-08-31,NA,NA,NA
"TER-EXO-T01",2023-09-01,NA,NA,NA
"TER-EXO-T01",2023-09-02,NA,NA,NA
"TER-EXO-T01",2023-09-03,NA,NA,NA
"TER-EXO-T01",2023-09-04,NA,NA,NA
"TER-EXO-T01",2023-09-05,NA,NA,NA
"TER-EXO-T01",2023-09-06,NA,NA,NA
"TER-EXO-T01",2023-09-07,NA,NA,NA
"TER-EXO-T01",2023-09-08,NA,NA,NA
"TER-EXO-T01",2023-09-09,NA,NA,NA
"TER-EXO-T01",2023-09-10,NA,NA,NA
"TER-EXO-T01",2023-09-11,NA,NA,NA
"TER-EXO-T01",2023-09-12,NA,NA,NA
"TER-EXO-T01",2023-09-13,NA,NA,NA
"TER-EXO-T01",2023-09-14,NA,NA,NA
"TER-EXO-T01",2023-09-15,NA,NA,NA
"TER-EXO-T01",2023-09-16,NA,NA,NA
"TER-EXO-T01",2023-09-17,NA,NA,NA
"TER-EXO-T01",2023-09-18,NA,NA,NA
"TER-EXO-T01",2023-09-19,NA,NA,NA
"TER-EXO-T01",2023-09-20,NA,NA,NA
"TER-EXO-T01",2023-09-21,NA,NA,NA
"TER-EXO-T01",2023-09-22,NA,NA,NA
"TER-EXO-T01",2023-09-23,NA,NA,NA
"TER-EXO-T01",2023-09-24,NA,NA,NA
"TER-EXO-T01",2023-09-25,NA,NA,NA
"TER-EXO-T01",2023-09-26,NA,NA,NA
"TER-EXO-T01",2023-09-27,NA,NA,NA
"TER-EXO-T01",2023-09-28,NA,NA,NA
"TER-EXO-T01",2023-09-29,NA,NA,NA
"TER-EXO-T01",2023-09-30,NA,NA,NA
"TER-EXO-T01",2023-10-01,NA,NA,NA
"TER-EXO-T01",2023-10-02,NA,NA,NA
"TER-EXO-T01",2023-10-03,NA,NA,NA
"TER-EXO-T01",2023-10-04,NA,NA,NA
"TER-EXO-T01",2023-10-05,NA,NA,NA
"TER-EXO-T01",2023-10-06,NA,NA,NA
"TER-EXO-T01",2023-10-07,NA,NA,NA
"TER-EXO-T01",2023-10-08,NA,NA,NA
"TER-EXO-T01",2023-10-09,NA,NA,NA
"TER-EXO-T01",2023-10-10,NA,NA,NA
"TER-EXO-T01",2023-10-11,NA,NA,NA
"TER-EXO-T01",2023-10-12,NA,NA,NA
"TER-EXO-T01",2023-10-13,NA,NA,NA
"TER-EXO-T01",2023-10-14,NA,NA,NA
"TER-EXO-T01",2023-10-15,NA,NA,NA
"TER-EXO-T01",2023-10-16,NA,NA,NA
"TER-EXO-T01",2023-10-17,NA,NA,NA
"TER-EXO-T01",2023-10-18,NA,NA,NA
"TER-EXO-T01",2023-10-19,NA,NA,NA
"TER-EXO-T01",2023-10-20,NA,NA,NA
"TER-EXO-T01",2023-10-21,NA,NA,NA
"TER-EXO-T01",2023-10-22,NA,NA,NA
"TER-EXO-T01",2023-10-23,NA,NA,NA
"TER-EXO-T01",2023-10-24,NA,NA,NA
"TER-EXO-T01",2023-10-25,NA,NA,NA
"TER-EXO-T01",2023-10-26,NA,NA,NA
"TER-EXO-T01",2023-10-27,NA,NA,NA
"TER-EXO-T01",2023-10-28,NA,NA,NA
"TER-EXO-T01",2023-10-29,NA,NA,NA
"TER-EXO-T01",2023-10-30,NA,NA,NA
"TER-EXO-T01",2023-10-31,NA,NA,NA
"TER-EXO-T01",2023-11-01,NA,NA,NA
"TER-EXO-T01",2023-11-02,NA,NA,NA
"TER-EXO-T01",2023-11-03,NA,NA,NA
"TER-EXO-T01",2023-11-04,NA,NA,NA
"TER-EXO-T01",2023-11-05,NA,NA,NA
"TER-EXO-T01",2023-11-06,NA,NA,NA
"TER-EXO-T01",2023-11-07,NA,NA,NA
"TER-EXO-T01",2023-11-08,NA,NA,NA
"TER-EXO-T01",2023-11-09,NA,NA,NA
"TER-EXO-T01",2023-11-10,NA,NA,NA
"TER-EXO-T01",2023-11-11,NA,NA,NA
"TER-EXO-T01",2023-11-12,NA,NA,NA
"TER-EXO-T01",2023-11-13,NA,NA,NA
"TER-EXO-T01",2023-11-14,NA,NA,NA
"TER-EXO-T01",2023-11-15,NA,NA,NA
"TER-EXO-T01",2023-11-16,NA,NA,NA
"TER-EXO-T01",2023-11-17,NA,NA,NA
"TER-EXO-T01",2023-11-18,NA,NA,NA
"TER-EXO-T01",2023-11-19,NA,NA,NA
"TER-EXO-T01",2023-11-20,NA,NA,NA
"TER-EXO-T01",2023-11-21,NA,NA,NA
"TER-EXO-T01",2023-11-22,NA,NA,NA
"TER-EXO-T01",2023-11-23,NA,NA,NA
"TER-EXO-T01",2023-11-24,NA,NA,NA
"TER-EXO-T01",2023-11-25,NA,NA,NA
"TER-EXO-T01",2023-11-26,NA,NA,NA
"TER-EXO-T01",2023-11-27,NA,NA,NA
"TER-EXO-T01",2023-11-28,NA,NA,NA
"TER-EXO-T01",2023-11-29,NA,NA,NA
"TER-EXO-T01",2023-11-30,NA,NA,NA
"TER-EXO-T01",2023-12-01,NA,NA,NA
"TER-EXO-T01",2023-12-02,NA,NA,NA
"TER-EXO-T01",2023-12-03,NA,NA,NA
"TER-EXO-T01",2023-12-04,NA,NA,NA
"TER-EXO-T01",2023-12-05,NA,NA,NA
"TER-EXO-T01",2023-12-06,NA,NA,NA
"TER-EXO-T01",2023-12-07,NA,NA,NA
"TER-EXO-T01",2023-12-08,NA,NA,NA
"TER-EXO-T01",2023-12-09,NA,NA,NA
"TER-EXO-T01",2023-12-10,NA,NA,NA
"TER-EXO-T01",2023-12-11,NA,NA,NA
"TER-EXO-T01",2023-12-12,NA,NA,NA
"TER-EXO-T01",2023-12-13,NA,NA,NA
"TER-EXO-T01",2023-12-14,NA,NA,NA
"TER-EXO-T01",2023-12-15,NA,NA,NA
"TER-EXO-T01",2023-12-16,NA,NA,NA
"TER-EXO-T01",2023-12-17,NA,NA,NA
"TER-EXO-T01",2023-12-18,NA,NA,NA
"TER-EXO-T01",2023-12-19,NA,NA,NA
"TER-EXO-T01",2023-12-20,NA,NA,NA
"TER-EXO-T01",2023-12-21,NA,NA,NA
"TER-EXO-T01",2023-12-22,NA,NA,NA
"TER-EXO-T01",2023-12-23,NA,NA,NA
"TER-EXO-T01",2023-12-24,NA,NA,NA
"TER-EXO-T01",2023-12-25,NA,NA,NA
"TER-EXO-T01",2023-12-26,NA,NA,NA
"TER-EXO-T01",2023-12-27,NA,NA,NA
"TER-EXO-T01",2023-12-28,NA,NA,NA
"TER-EXO-T01",2023-12-29,NA,NA,NA
"TER-EXO-T01",2023-12-30,NA,NA,NA
"TER-EXO-T01",2023-12-31,NA,NA,NA
"TER-EXO-T01",2024-01-01,NA,NA,NA
"TER-EXO-T01",2024-01-02,NA,NA,NA
"TER-EXO-T01",2024-01-03,NA,NA,NA
"TER-EXO-T01",2024-01-04,NA,NA,NA
"TER-EXO-T01",2024-01-05,NA,NA,NA
"TER-EXO-T01",2024-01-06,NA,NA,NA
"TER-EXO-T01",2024-01-07,NA,NA,NA
"TER-EXO-T01",2024-01-08,NA,NA,NA
"TER-EXO-T01",2024-01-09,NA,NA,NA
"TER-EXO-T01",2024-01-10,NA,NA,NA
"TER-EXO-T01",2024-01-11,NA,NA,NA
"TER-EXO-T01",2024-01-12,NA,NA,NA
"TER-EXO-T01",2024-01-13,NA,NA,NA
"TER-EXO-T01",2024-01-14,NA,NA,NA
"TER-EXO-T01",2024-01-15,NA,NA,NA
"TER-EXO-T01",2024-01-16,NA,NA,NA
"TER-EXO-T01",2024-01-17,NA,NA,NA
"TER-EXO-T01",2024-01-18,NA,NA,NA
"TER-EXO-T01",2024-01-19,NA,NA,NA
"TER-EXO-T01",2024-01-20,NA,NA,NA
"TER-EXO-T01",2024-01-21,NA,NA,NA
"TER-EXO-T01",2024-01-22,NA,NA,NA
"TER-EXO-T01",2024-01-23,NA,NA,NA
"TER-EXO-T01",2024-01-24,NA,NA,NA
"TER-EXO-T01",2024-01-25,NA,NA,NA
"TER-EXO-T01",2024-01-26,NA,NA,NA
"TER-EXO-T01",2024-01-27,NA,NA,NA
"TER-EXO-T01",2024-01-28,NA,NA,NA
"TER-EXO-T01",2024-01-29,NA,NA,NA
"TER-EXO-T01",2024-01-30,NA,NA,NA
"TER-EXO-T01",2024-01-31,NA,NA,NA
"TER-EXO-T01",2024-02-01,NA,NA,NA
"TER-EXO-T01",2024-02-02,NA,NA,NA
"TER-EXO-T01",2024-02-03,NA,NA,NA
"TER-EXO-T01",2024-02-04,NA,NA,NA
"TER-EXO-T01",2024-02-05,NA,NA,NA
"TER-EXO-T01",2024-02-06,NA,NA,NA
"TER-EXO-T01",2024-02-07,NA,NA,NA
"TER-EXO-T01",2024-02-08,NA,NA,NA
"TER-EXO-T01",2024-02-09,NA,NA,NA
"TER-EXO-T01",2024-02-10,NA,NA,NA
"TER-EXO-T01",2024-02-11,NA,NA,NA
"TER-EXO-T01",2024-02-12,NA,NA,NA
"TER-EXO-T01",2024-02-13,NA,NA,NA
"TER-EXO-T01",2024-02-14,NA,NA,NA
"TER-EXO-T01",2024-02-15,NA,NA,NA
"TER-EXO-T01",2024-02-16,NA,NA,NA
"TER-EXO-T01",2024-02-17,NA,NA,NA
"TER-EXO-T01",2024-02-18,NA,NA,NA
"TER-EXO-T01",2024-02-19,NA,NA,NA
"TER-EXO-T01",2024-02-20,NA,NA,NA
"TER-EXO-T01",2024-02-21,NA,NA,NA
"TER-EXO-T01",2024-02-22,NA,NA,NA
"TER-EXO-T01",2024-02-23,NA,NA,NA
"TER-EXO-T01",2024-02-24,NA,NA,NA
"TER-EXO-T01",2024-02-25,NA,NA,NA
"TER-EXO-T01",2024-02-26,NA,NA,NA
"TER-EXO-T01",2024-02-27,NA,NA,NA
"TER-EXO-T01",2024-02-28,NA,NA,NA
"TER-EXO-T01",2024-02-29,NA,NA,NA
"TER-EXO-T01",2024-03-01,NA,NA,NA
"TER-EXO-T01",2024-03-02,NA,NA,NA
"TER-EXO-T01",2024-03-03,NA,NA,NA
"TER-EXO-T01",2024-03-04,NA,NA,NA
"TER-EXO-T01",2024-03-05,NA,NA,NA
"TER-EXO-T01",2024-03-06,NA,NA,NA
"TER-EXO-T01",2024-03-07,NA,NA,NA
"TER-EXO-T01",2024-03-08,NA,NA,NA
"TER-EXO-T01",2024-03-09,NA,NA,NA
"TER-EXO-T01",2024-03-10,NA,NA,NA
"TER-EXO-T01",2024-03-11,NA,NA,NA
"TER-EXO-T01",2024-03-12,NA,NA,NA
"TER-EXO-T01",2024-03-13,0.606426931450448,0.744241175652243,0.857353105684051
"TER-EXO-T01",2024-03-14,0.545070132437435,0.595499425035315,0.653862548158294
"TER-EXO-T01",2024-03-15,1.10150588622635,1.03712779249763,1.05100883213101
"TER-EXO-T01",2024-03-16,1.25902538796334,1.47057491468818,1.54638428206772
"TER-EXO-T01",2024-03-17,1.71312072216048,1.97951465285548,2.0951116327354
"TER-EXO-T01",2024-03-18,0.675663924692176,0.779899194526567,0.783664746420693
"TER-EXO-T01",2024-03-19,1.3349740810598,1.89667424414574,1.89201219470899
"TER-EXO-T01",2024-03-20,2.65770686816689,3.0924756744559,3.16048691442187
"TER-EXO-T01",2024-03-21,1.26387229908951,1.47196014438797,1.59936581634495
"TER-EXO-T01",2024-03-22,1.4212415474619,1.55979838905313,1.66594187138705
"TER-EXO-T01",2024-03-23,0.775531608229039,0.883627241233132,0.904898104600814
"TER-EXO-T01",2024-03-24,1.39096463243882,1.67894031451691,1.66974353667288
"TER-EXO-T01",2024-03-25,0.98815447950324,1.12931940514656,1.17028424640824
"TER-EXO-T01",2024-03-26,0.71443450831176,0.749093655258023,0.722315118514615
"TER-EXO-T01",2024-03-27,1.6450133253502,2.23515635091675,2.22591782079383
"TER-EXO-T01",2024-03-28,1.53167049091951,2.26944097055653,2.32416028158403
"TER-EXO-T01",2024-03-29,1.4407060970132,1.80528611887825,1.81179709008823
"TER-EXO-T01",2024-03-30,0.974307632279887,1.43456300471354,1.44321877578647
"TER-EXO-T01",2024-03-31,1.27617521853615,2.17195564051106,2.42262508837843
"TER-EXO-T01",2024-04-01,1.29099444873581,1.49091451363132,1.4212415474619
"TER-EXO-T01",2024-04-02,0.653862548158294,0.805045232323598,0.789422830805584
"TER-EXO-T01",2024-04-03,0.838120308890026,1.20216441278318,1.26762930621338
"TER-EXO-T01",2024-04-04,0.966607319517563,1.42171946314456,1.38312814961625
"TER-EXO-T01",2024-04-05,1.24236800541127,1.22400506771708,1.21416011407421
"TER-EXO-T01",2024-04-06,1.67772598857907,2.03401776316471,2.0955439264845
"TER-EXO-T01",2024-04-07,0.904898104600814,1.08263634211833,1.09263012026493
"TER-EXO-T01",2024-04-08,1.55907232729567,1.75697368271102,1.80866974096546
"TER-EXO-T01",2024-04-09,0.240771706171539,0.232152810743768,0.221162934232346
"TER-EXO-T01",2024-04-10,0.221162934232346,0.254488688852026,0.14116492564332
"TER-EXO-T01",2024-04-11,0.551677284367371,0.589767824619589,0.583592075121765
"TER-EXO-T01",2024-04-12,1.3006060460249,1.52143501101875,1.68271261335097
"TER-EXO-T01",2024-04-13,0.488546350136693,0.520851448960313,0.551266657377563
"TER-EXO-T01",2024-04-14,0.408248290463863,0.458415671128542,0.472044581534967
"TER-EXO-T01",2024-04-15,0.667232549687378,0.642332141271278,0.699054744803212
"TER-EXO-T01",2024-04-16,0.28232985128664,0.329690236697893,0.408248290463863
"TER-EXO-T01",2024-04-17,0.41702882811415,0.403225222065963,0.506747943519132
"TER-EXO-T01",2024-04-18,0.389513818102456,0.465766471310571,0.358640751178386
"TER-EXO-T01",2024-04-19,1.26673579140142,1.41357292199487,1.24218571973713
"TER-EXO-T01",2024-04-20,2.24082266854922,2.46855220726644,2.53954235292874
"TER-EXO-T01",2024-04-21,0.735980072193987,0.84698955385992,0.840279025431261
"TER-EXO-T01",2024-04-22,1.13172306747246,1.33903896967894,1.2767074387102
"TER-EXO-T01",2024-04-23,0.601929265428846,0.642684586917151,0.750603621828092
"TER-EXO-T01",2024-04-24,1.25524262912435,1.42886901662352,1.54154425679322
"TER-EXO-T01",2024-04-25,1.77083866154356,2.21888714109743,2.38313823058734
"TER-EXO-T01",2024-04-26,1.40247581290983,1.61458479429574,1.67894031451691
"TER-EXO-T01",2024-04-27,1.64625178133123,1.81466949120738,1.87614699217089
"TER-EXO-T01",2024-04-28,2.05880488056345,2.21398306553884,2.23566285602215
"TER-EXO-T01",2024-04-29,2.16934756103758,2.37275828605823,2.49746248031471
"TER-EXO-T01",2024-04-30,2.33349507720979,2.50425362770708,2.59877340074232
"TER-EXO-T01",2024-05-01,0.619724108789139,0.670280062599836,0.71189428868398
"TER-EXO-T01",2024-05-02,0.481543412343077,0.56465970257328,0.589767824619589
"TER-EXO-T01",2024-05-03,0.858672720295521,0.92641392132415,0.872018730685681
"TER-EXO-T01",2024-05-04,1.08012344973464,1.3790290114761,1.22011373905546
"TER-EXO-T01",2024-05-05,2.15930326256183,2.45530702941519,2.73165820002048
"TER-EXO-T01",2024-05-06,0.254488688852026,0.345126525843175,0.287889622568457
"TER-EXO-T01",2024-05-07,0.735980072193987,0.780189497605494,0.797414299606792
"TER-EXO-T01",2024-05-08,1.17645993175054,1.24455335099716,1.16017864691332
"TER-EXO-T01",2024-05-09,2.01758572901204,2.45355406221911,2.44939729350901
"TER-EXO-T01",2024-05-10,1.87650905457023,2.12132034355964,2.22378040178483
"TER-EXO-T01",2024-05-11,2.42570772580179,2.69325512872542,2.95060482623135
"TER-EXO-T01",2024-05-12,2.56994544012463,3.15360100129397,3.03929578037079
"TER-EXO-T01",2024-05-13,1.34528160943932,1.44463023702923,1.49137010249257
"TER-EXO-T01",2024-05-14,1.5551457362156,1.66797955536075,1.82375627662299
"TER-EXO-T01",2024-05-15,1.57064903966389,1.60148821186846,1.76917548142008
"TER-EXO-T01",2024-05-16,1.90810153012762,2.13907317732962,2.17528941935803
"TER-EXO-T01",2024-05-17,1.76263554314867,1.72773098248138,1.63174464292369
"TER-EXO-T01",2024-05-18,1.51427387295655,1.54974869398001,1.58671454379112
"TER-EXO-T01",2024-05-19,2.48765065817157,2.42720092860605,2.4301845817652
"TER-EXO-T01",2024-05-20,1.21565125386128,1.42378857736796,1.44400309124885
"TER-EXO-T01",2024-05-21,0.916831342257085,1.0179547554081,1.05980583400786
"TER-EXO-T01",2024-05-22,0.686304956089947,0.779899194526567,0.770551750371122
"TER-EXO-T01",2024-05-23,0.294114982937636,0.416485467846762,0.294114982937636
"TER-EXO-T01",2024-05-24,1.41932827549626,1.47303664466358,1.70676403707744
"TER-EXO-T01",2024-05-25,2.35436304811277,2.15646987431788,2.36127805604741
"TER-EXO-T01",2024-05-26,3.49611585719875,3.0645235107315,3.20658007807406
"TER-EXO-T01",2024-05-27,1.18852453896003,1.2509054691517,1.38247310428014
"TER-EXO-T01",2024-05-28,0.732278556328103,0.674321989058296,0.719488042623545
"TER-EXO-T01",2024-05-29,0.291796037560882,0.398707149803396,0.329002665070039
"TER-EXO-T01",2024-05-30,0.551677284367371,0.434057366141216,0.637022057270606
"TER-EXO-T01",2024-05-31,0.674321989058296,0.751508145500515,0.793999233380421
"TER-EXO-T01",2024-06-01,1.04170289792063,1.12207752451178,1.2006565233057
"TER-EXO-T01",2024-06-02,0.775531608229038,0.896601877945965,0.892805381522402
"TER-EXO-T01",2024-06-03,1.64170620860199,1.4212415474619,1.50346821272239
"TER-EXO-T01",2024-06-04,1.44321877578647,1.59013603465101,1.76725448246626
"TER-EXO-T01",2024-06-05,0.943129234847054,0.9469631093315,0.930316682874591
"TER-EXO-T01",2024-06-06,1.58113883008419,1.63839241640851,1.67988418337849
"TER-EXO-T01",2024-06-07,2.63743603535322,2.11233437735107,2.17653826995523
"TER-EXO-T01",2024-06-08,2.21152694970587,2.08416650006663,2.31243879668323
"TER-EXO-T01",2024-06-09,0.974307632279888,1.29309761784459,1.19479547701021
"TER-EXO-T01",2024-06-10,1.134920031659,1.46687457353816,1.50843041564422
"TER-EXO-T01",2024-06-11,1.40586246673077,1.79320375589193,1.82363210598273
"TER-EXO-T01",2024-06-12,2.55376959227625,3.25536068484059,3.24679328979636
"TER-EXO-T01",2024-06-13,1.42807638938295,1.50120724365618,1.49258432626585
"TER-EXO-T01",2024-06-14,1.70663135436747,1.76199306616609,1.8528278426483
"TER-EXO-T01",2024-06-15,1.97080135249966,2.21643645966,2.26254553961696
"TER-EXO-T01",2024-06-16,2.60008012697045,1.70463987441608,1.73714220588824
"TER-EXO-T01",2024-06-17,1.13232318580052,1.31446109528373,1.36317377968592
"TER-EXO-T01",2024-06-18,3.04911486324726,1.9752774525349,1.97252413148112
"TER-EXO-T01",2024-06-19,1.13890361720181,1.48162048965392,1.52500296982367
"TER-EXO-T01",2024-06-20,3.92265576629782,2.5529714145439,2.73985282054728
"TER-EXO-T01",2024-06-21,2.65182122268856,3.25201999655153,3.35545197715814
"TER-EXO-T01",2024-06-22,0.966607319517563,1.15783405984836,1.2853691738343
"TER-EXO-T01",2024-06-23,0.536696821549066,0.699054744803212,0.789422830805584
"TER-EXO-T01",2024-06-24,0.994322651975647,1.14029458436425,1.05273109274078
"TER-EXO-T01",2024-06-25,1.4939491483886,1.88709864722219,2.02598607231575
"TER-EXO-T01",2024-06-26,3.31553217797511,3.45677239087546,3.60530004379623
"TER-EXO-T01",2024-06-27,1.48772148515483,1.44463023702923,1.44321877578647
"TER-EXO-T01",2024-06-28,2.29276982670762,2.16150444118798,2.23353476270952
"TER-EXO-T01",2024-06-29,1.23064729050333,1.22178296893859,1.35065738154383
"TER-EXO-T01",2024-06-30,1.04257207028537,1.06236678619288,1.09014026487487
"TER-EXO-T01",2024-07-01,2.86533504629672,2.43604796959028,2.6566842142966
"TER-EXO-T01",2024-07-02,2.67130484318383,2.4091274203612,2.58960785459492
"TER-EXO-T01",2024-07-03,1.95035764093056,1.59426053914242,1.54271899063244
"TER-EXO-T01",2024-07-04,2.565094568418,2.09899907133121,2.20999049115929
"TER-EXO-T01",2024-07-05,2.89294181048299,3.11720041155475,3.17571171984112
"TER-EXO-T01",2024-07-06,2.69854697885759,2.44717746316688,2.46855220726644
"TER-EXO-T01",2024-07-07,3.05000593964734,2.59380183726793,2.66340946908281
"TER-EXO-T01",2024-07-08,0.789422830805584,0.807572853087248,0.772899209732936
"TER-EXO-T01",2024-07-09,0.674321989058296,0.765835245459757,0.894579084894362
"TER-EXO-T01",2024-07-10,1.92793630750528,1.57755428947212,1.73818475194211
"TER-EXO-T01",2024-07-11,1.00271370919555,1.1466318034808,1.08263634211833
"TER-EXO-T01",2024-07-12,1.27048433078988,1.22899010031272,1.3790290114761
"TER-EXO-T01",2024-07-13,0.920528754795741,0.966607319517563,1.16329741234356
"TER-EXO-T01",2024-07-14,2.08242733923381,2.33116488265951,2.43083676772101
"TER-EXO-T01",2024-07-15,1.16543672227332,1.193088489982,1.31049277157405
"TER-EXO-T01",2024-07-16,0.895843865795853,0.770551750371122,0.868114732282431
"TER-EXO-T01",2024-07-17,NA,NA,NA
"TER-EXO-T01",2024-07-18,1.51068057414579,1.74442694381818,1.9241740181631
"TER-EXO-T01",2024-07-19,3.08543798126488,3.47030623465982,3.87578883976343
"TER-EXO-T01",2024-07-20,1.92805376075145,2.13398569056501,2.26734458106291
"TER-EXO-T01",2024-07-21,1.59013603465101,1.69277557001357,2.04655950245808
"TER-EXO-T01",2024-07-22,0.880546602310508,0.975933221165215,1.07655347814419
"TER-EXO-T01",2024-07-23,1.65448446368641,1.70463987441608,1.80378024947769
"TER-EXO-T01",2024-07-24,1.86646608653196,2.12984315949742,2.27691231938011
"TER-EXO-T01",2024-07-25,2.87787348524939,2.98547206958311,3.10650323013522
"TER-EXO-T01",2024-07-26,0.658005330140078,0.653862548158295,0.721060008759246
"TER-EXO-T01",2024-07-27,1.49818731051605,1.4957669740236,1.68055805086252
"TER-EXO-T01",2024-07-28,1.68419227619307,1.82921144014398,1.95000929020455
"TER-EXO-T01",2024-07-29,0.999773525079193,1.21285386290089,1.07001286732071
"TER-EXO-T01",2024-07-30,0.859726953621095,1.0475558163677,1.44963763588088
"TER-EXO-T01",2024-07-31,1.2465532188945,1.45213486018824,1.7161582897164
"TER-EXO-T01",2024-08-01,1.71892703304344,2.03902150446045,2.26014219765553
"TER-EXO-T01",2024-08-02,2.15814936824405,2.39101200452802,2.58304112419361
"TER-EXO-T01",2024-08-03,2.16652730878476,2.31684130297878,2.50425362770708
"TER-EXO-T01",2024-08-04,2.48327740429189,2.63855197442444,2.81872298663106
"TER-EXO-T01",2024-08-05,1.58285652622362,1.69705093737871,1.9241740181631
"TER-EXO-T01",2024-08-06,1.07592225353516,1.20967566619789,1.34713195075821
"TER-EXO-T01",2024-08-07,1.90489453471991,2.20085210770738,2.30743913512769
"TER-EXO-T01",2024-08-08,2.65361388801511,2.79459882786343,2.9781815286163
"TER-EXO-T01",2024-08-09,2.51912970939442,2.7265967267172,2.87030965859642
"TER-EXO-T01",2024-08-10,1.34056012519967,1.45711646953739,1.58285652622362
"TER-EXO-T01",2024-08-11,1.43944811284229,1.64845118348947,1.78103942945555
"TER-EXO-T01",2024-08-12,3.2659863237109,3.68014649991948,3.86923952382811
"TER-EXO-T01",2024-08-13,1.94663868602087,2.16819901220385,2.33582294718151
"TER-EXO-T01",2024-08-14,1.88769854508114,2.16684085141533,2.2825741888351
"TER-EXO-T01",2024-08-15,1.91662728377938,2.16349405401058,2.22957720044712
"TER-EXO-T01",2024-08-16,1.87228063671254,2.08677252359173,2.25773629735755
"TER-EXO-T01",2024-08-17,2.09284062557519,2.2837643727287,2.3816174019509
"TER-EXO-T01",2024-08-18,2.27303028283098,2.50181093830339,2.5769849532497
"TER-EXO-T01",2024-08-19,2.58890819693822,2.91547594742265,3.01077473298047
"TER-EXO-T01",2024-08-20,1.15077163777999,1.29362287585198,1.40069858347152
"TER-EXO-T01",2024-08-21,1.76199306616609,2.27303028283098,2.23120166492525
"TER-EXO-T01",2024-08-22,3.0821335307623,3.3889606589375,3.5780631956247
"TER-EXO-T01",2024-08-23,1.28519298725629,1.60713423048064,1.87554339951873
"TER-EXO-T01",2024-08-24,1.43692884053234,1.76302091695566,1.9716055033575
"TER-EXO-T01",2024-08-25,2.96079454670973,3.22853839142847,3.49118973948731
"TER-EXO-T01",2024-08-26,0.807572853087248,0.955296069137806,0.963086824686154
"TER-EXO-T01",2024-08-27,1.34174205387266,1.60487820658485,1.83563755065953
"TER-EXO-T01",2024-08-28,2.1203593829923,2.48437143947425,2.59179306742414
"TER-EXO-T01",2024-08-29,2.05318769481626,2.21152694970587,2.31214499821132
"TER-EXO-T01",2024-08-30,1.7023800474885,1.73192006208407,1.94302916057392
"TER-EXO-T01",2024-08-31,1.20385853085769,1.40392823632607,1.51741102931409
"TER-EXO-T01",2024-09-01,1.38165386088714,1.42426563838901,1.56718500521786
"TER-EXO-T01",2024-09-02,1.35517660221405,1.4939491483886,1.65817583550397
"TER-EXO-T01",2024-09-03,1.62353612993903,1.65940446799621,1.79925507935359
"TER-EXO-T01",2024-09-04,1.75697368271102,1.8157922373651,1.89201219470899
"TER-EXO-T01",2024-09-05,1.57884566161117,1.79522313013077,1.88805839230507
"TER-EXO-T01",2024-09-06,1.11295891039691,1.17472630176479,1.27244344426013
"TER-EXO-T01",2024-09-07,1.17934365189938,1.30616570180805,1.37458821238333
"TER-EXO-T01",2024-09-08,1.67461871065833,1.88625846969411,2.07720111995772
"TER-EXO-T01",2024-09-09,1.58970875101179,1.71312072216048,1.74247866100506
"TER-EXO-T01",2024-09-10,NA,NA,NA
"TER-EXO-T01",2024-09-11,NA,NA,NA
"TER-EXO-T01",2024-09-12,1.67772598857907,1.89953751045437,2.14161238864282
"TER-EXO-T01",2024-09-13,1.35868115934299,1.63507190818249,1.76879144853366
"TER-EXO-T01",2024-09-14,2.10578482047547,2.33087344454665,2.46046640447217
"TER-EXO-T01",2024-09-15,1.61163680412362,1.79054987101161,1.95592281493187
"TER-EXO-T01",2024-09-16,0.42933636014776,0.458415671128542,0.487153816139944
"TER-EXO-T01",2024-09-17,0.755415232778002,0.966607319517563,0.991814323436556
"TER-EXO-T01",2024-09-18,1.5667514623984,1.81965417163477,1.98499808345105
"TER-EXO-T01",2024-09-19,2.04290483011998,2.17153855829109,2.32152810743768
"TER-EXO-T01",2024-09-20,1.10314931255796,1.37771471142866,1.59013603465101
"TER-EXO-T01",2024-09-21,2.39527009762568,2.79159906904964,3.0924756744559
"TER-EXO-T01",2024-09-22,1.47626143554824,1.67772598857907,1.76725448246626
"TER-EXO-T01",2024-09-23,1.94069687169998,2.08764047518321,2.2057853772375
"TER-EXO-T01",2024-09-24,0.465766471310571,0.412112795872367,0.389513818102457
"TER-EXO-T01",2024-09-25,1.00722031037067,1.0475558163677,1.07592225353516
"TER-EXO-T01",2024-09-26,1.42044466399725,1.72563262921587,1.78751203502587
"TER-EXO-T01",2024-09-27,1.29379791446665,1.32424438394346,1.36466803310538
"TER-EXO-T01",2024-09-28,0.358640751178386,0.416485467846762,0.414851116999053
"TER-EXO-T01",2024-09-29,0.487153816139944,0.625543242171224,0.557800416231313
"TER-EXO-T01",2024-09-30,0.268348410774533,0.287889622568457,0.312046772785422
"TER-EXO-T01",2024-10-01,0.240771706171538,0.14116492564332,0.254488688852026
"TER-EXO-T01",2024-10-02,0.251805077592667,0.240771706171538,0.287889622568457
"TER-EXO-T01",2024-10-03,0.318511028635303,0.323449478616663,0.449939609474331
"TER-EXO-T01",2024-10-04,0.589383736122568,0.764947663266077,0.855502225579229
"TER-EXO-T01",2024-10-05,1.16017864691332,1.41932827549626,1.53167049091951
"TER-EXO-T01",2024-10-06,1.04061541156309,1.75491029540758,1.88769854508114
"TER-EXO-T01",2024-10-07,1.82176853077172,2.36817287241096,2.44717746316688
"TER-EXO-T01",2024-10-08,1.16076405371884,1.25974462560438,1.30772509631659
"TER-EXO-T01",2024-10-09,1.57194608455685,1.96158764447488,2.08677252359173
"TER-EXO-T01",2024-10-10,1.12268279877562,1.38247310428014,1.39291686446261
"TER-EXO-T01",2024-10-11,0.642332141271278,0.872278375988647,0.9469631093315
"TER-EXO-T01",2024-10-12,1.86488819263099,2.47075283369612,2.61648896285721
"TER-EXO-T01",2024-10-13,0.791428263111808,1.10642884209004,1.16950999276979
"TER-EXO-T01",2024-10-14,0.8030738049718,0.859463516521722,0.896854406292881
"TER-EXO-T01",2024-10-15,0.775531608229039,1.03209369308428,1.11965315540385
"TER-EXO-T01",2024-10-16,1.12207752451178,1.60783858876948,1.72103356206064
"TER-EXO-T01",2024-10-17,2.18028052974974,2.79937557737228,2.87889622568457
"TER-EXO-T01",2024-10-18,1.14029458436425,1.24455335099716,1.29379791446665
"TER-EXO-T01",2024-10-19,0.49453535504684,0.589383736122568,0.607546145441299
"TER-EXO-T01",2024-10-20,1.15136182756378,1.19099885007063,1.28466428254256
"TER-EXO-T01",2024-10-21,1.53875066959804,2.03401776316471,2.18929791538722
"TER-EXO-T01",2024-10-22,1.36317377968592,1.4939491483886,1.55325161506761
"TER-EXO-T01",2024-10-23,1.32424438394346,1.84695205245236,1.89858356814163
"TER-EXO-T01",2024-10-24,0.746974574194299,1.03712779249763,1.17934365189938
"TER-EXO-T01",2024-10-25,1.14208048144032,1.42807638938295,1.5022627860201
"TER-EXO-T01",2024-10-26,0.719488042623545,0.84698955385992,0.857353105684051
"TER-EXO-T01",2024-10-27,0.650738153889517,0.868114732282431,0.940243570046875
"TER-EXO-T01",2024-10-28,0.667232549687378,0.994322651975647,0.999093792292346
"TER-EXO-T01",2024-10-29,0.98540067624983,1.38688865628339,1.28941482064933
"TER-EXO-T01",2024-10-30,0.62227667549858,0.625181133172909,0.679673834820151
"TER-EXO-T01",2024-10-31,0.510753918455249,0.670280062599837,0.646898957233327
"TER-EXO-T01",2024-11-01,0.811768064969513,1.00879286450602,0.992499041725526
"TER-EXO-T01",2024-11-02,0.770551750371122,0.918558653543692,0.963086824686154
"TER-EXO-T01",2024-11-03,0.42933636014776,0.541318171059166,0.680672621302858
"TER-EXO-T01",2024-11-04,1.24218571973713,1.55558251356903,1.58442944515263
"TER-EXO-T01",2024-11-05,1.17472630176479,1.59426053914242,1.69558249578132
"TER-EXO-T01",2024-11-06,1.18871505343411,1.3432601483283,1.39031327926218
"TER-EXO-T01",2024-11-07,1.67461871065833,2.48901572420954,2.63202132056031
"TER-EXO-T01",2024-11-08,1.07318265663062,1.02128613146309,1.06236678619288
"TER-EXO-T01",2024-11-09,0.22421360157322,0.360530004379623,0.339836917410076
"TER-EXO-T01",2024-11-10,0.531183393096442,0.717281502356772,0.686304956089946
"TER-EXO-T01",2024-11-11,0.736902546011914,0.772899209732936,0.765835245459757
"TER-EXO-T01",2024-11-12,0.232152810743768,0.294114982937636,0.329002665070039
"TER-EXO-T01",2024-11-13,0.8198179366636,1.12268279877562,1.07592225353516
"TER-EXO-T01",2024-11-14,0.56465970257328,0.477292332867911,0.458415671128542
"TER-EXO-T01",2024-11-15,0.464305621487536,0.793999233380421,0.842700971600384
"TER-EXO-T01",2024-11-16,0.589383736122568,0.740886660345738,0.72700248190474
"TER-EXO-T01",2024-11-17,0.403225222065963,0.368604890387243,0.329690236697893
"TER-EXO-T01",2024-11-18,0.294114982937636,0.102062072615966,0.232152810743768
"TER-EXO-T01",2024-11-19,0.569451808600904,0.637022057270606,0.777572868107801
"TER-EXO-T01",2024-11-20,0.449939609474331,0.375301810914046,0.481543412343077
"TER-EXO-T01",2024-11-21,0.464305621487536,0.448427203146441,0.510310363079829
"TER-EXO-T01",2024-11-22,0.503610155185335,0.441813620616566,0.557800416231313
"TER-EXO-T01",2024-11-23,1.27404411454121,1.56732949284139,1.510830465556
"TER-EXO-T01",2024-11-24,0.683328914796602,1.0475558163677,1.16017864691332
"TER-EXO-T01",2024-11-25,1.47426596817791,1.87361059632643,1.90999943091273
"TER-EXO-T01",2024-11-26,1.17645993175054,1.43708642443812,1.44651004294745
"TER-EXO-T01",2024-11-27,1.21565125386128,1.7475396783868,1.75645806313052
"TER-EXO-T01",2024-11-28,0.722001545624424,1.03537957752952,1.1355184604017
"TER-EXO-T01",2024-11-29,0.789422830805584,1.36930639376292,1.44321877578647
"TER-EXO-T01",2024-11-30,0.699054744803212,1.13890361720181,1.27048433078988
"TER-EXO-T01",2024-12-01,1.29099444873581,1.73152776639507,1.80465882600032
"TER-EXO-T01",2024-12-02,0.641273642104501,0.92641392132415,1.09263012026493
"TER-EXO-T01",2024-12-03,0.884395724266829,1.37508234272547,1.37458821238333
"TER-EXO-T01",2024-12-04,0.834057656228299,1.13172306747246,1.12207752451178
"TER-EXO-T01",2024-12-05,0.398707149803396,0.557800416231313,0.601929265428846
"TER-EXO-T01",2024-12-06,0.329002665070039,0.390094748802747,0.380693493813441
"TER-EXO-T01",2024-12-07,0.561038762255892,0.751508145500515,0.763466066556077
"TER-EXO-T01",2024-12-08,0.531183393096442,0.813996670576818,0.858672720295521
"TER-EXO-T01",2024-12-09,0.465766471310571,0.607546145441299,0.691564074808125
"TER-EXO-T01",2024-12-10,0.531183393096442,0.510310363079829,0.612372435695794
"TER-EXO-T01",2024-12-11,0.598533836656866,1.05788105136664,1.04170289792063
"TER-EXO-T01",2024-12-12,0.869938778455628,1.08826913497762,1.12530189186106
"TER-EXO-T01",2024-12-13,0.561038762255892,0.63381465310669,0.612372435695794
"TER-EXO-T01",2024-12-14,0.601929265428846,1.19479547701021,1.19706767331373
"TER-EXO-T01",2024-12-15,1.19706767331373,1.2509054691517,1.25036226634582
"TER-EXO-T01",2024-12-16,0.999093792292346,1.4364559850902,1.51262800392591
"TER-EXO-T01",2024-12-17,0.899879218948661,1.11295891039691,1.09014026487487
"TER-EXO-T01",2024-12-18,0.575779245136914,0.895843865795853,0.884395724266829
"TER-EXO-T01",2024-12-19,0.588229965875272,0.880546602310508,0.999093792292346
"TER-EXO-T01",2024-12-20,1.07339364309813,1.60332534874025,1.71193064162633
"TER-EXO-T01",2024-12-21,0.766130877682874,1.20967566619789,1.24218571973713
"TER-EXO-T01",2024-12-22,0.550032937090187,0.79285760916182,0.872018730685681
"TER-EXO-T01",2024-12-23,0.403225222065963,0.441813620616566,0.561038762255892
"TER-EXO-T01",2024-12-24,0.48482403800357,0.642332141271278,0.642332141271278
"TER-EXO-T01",2024-12-25,0.859463516521722,1.22011373905546,1.24818709114169
"TER-EXO-T01",2024-12-26,0.719488042623545,1.04061541156309,1.02857717964806
"TER-EXO-T01",2024-12-27,0.488546350136693,0.557800416231313,0.541318171059166
"TER-EXO-T01",2024-12-28,0.414851116999053,0.440273301155254,0.527761886361314
"TER-EXO-T01",2024-12-29,0.58008932345666,0.838120308890026,0.904898104600813
"TER-EXO-T01",2024-12-30,0.434057366141216,0.503610155185335,0.520851448960313
"TER-EXO-T01",2024-12-31,0.408248290463863,0.551266657377563,0.425095897109265
"TER-EXO-T01",2025-01-01,0.370443330172869,0.361157559257308,0.41702882811415
"TER-EXO-T01",2025-01-02,0.240771706171538,0.287889622568457,0.303959379437164
"TER-EXO-T01",2025-01-03,0.41702882811415,0.541318171059166,0.61642670615246
"TER-EXO-T01",2025-01-04,0.691236552140071,0.88771812996067,0.865763883197535
"TER-EXO-T01",2025-01-05,0.85311662216516,1.42934438198736,1.49984902621873
"TER-EXO-T01",2025-01-06,0.464305621487537,0.472044581534967,0.384834803632619
"TER-EXO-T01",2025-01-07,1.40069858347152,1.86306588524229,1.90108664578514
"TER-EXO-T01",2025-01-08,1.07339364309813,1.34578650028443,1.34713195075821
"TER-EXO-T01",2025-01-09,0.28232985128664,0.375301810914046,0.312046772785422
"TER-EXO-T01",2025-01-10,0.323449478616663,0.63381465310669,0.598533836656866
"TER-EXO-T01",2025-01-11,0.19034674690672,0.221162934232346,0.275016468545094
"TER-EXO-T01",2025-01-12,0.370443330172869,0.642332141271278,0.630949939446036
"TER-EXO-T01",2025-01-13,0.240771706171539,0.389513818102456,0.398707149803396
"TER-EXO-T01",2025-01-14,0.207425558499527,0.28232985128664,0.358640751178386
"TER-EXO-T01",2025-01-15,0.329002665070039,0.412112795872367,0.453948059341275
"TER-EXO-T01",2025-01-16,0,0,0
"TER-EXO-T01",2025-01-17,0.71443450831176,1.14128709441755,1.18871505343411
"TER-EXO-T01",2025-01-18,0.92641392132415,1.14505078679848,1.03712779249763
"TER-EXO-T01",2025-01-19,0.780189497605494,1.17780654645386,1.22400506771708
"TER-EXO-T01",2025-01-20,0.368604890387243,0.550032937090187,0.683328914796602
"TER-EXO-T01",2025-01-21,0.707106781186548,0.811768064969513,NA
"TER-EXO-T01",2025-01-22,0.9469631093315,1.48177332069148,NA
"TER-EXO-T01",2025-01-23,1.98180125943144,2.41822788151913,NA
"TER-EXO-T01",2025-01-24,1.25108648434245,1.79661013328281,NA
"TER-EXO-T01",2025-01-25,1.7558133257219,2.30429655398251,NA
"TER-EXO-T01",2025-01-26,1.53919209939519,1.76725448246626,NA
"TER-EXO-T01",2025-01-27,0.806450444131925,0.930316682874591,NA
"TER-EXO-T01",2025-01-28,1.42553702060011,2.03223568614912,NA
"TER-EXO-T01",2025-01-29,0.744241175652243,1.05100883213101,NA
"TER-EXO-T01",2025-01-30,0.416485467846762,0.524749767832802,NA
"TER-EXO-T01",2025-01-31,0.83378610888064,0.890519714727777,NA
"TER-EXO-T01",2025-02-01,1.393404495097,2.03056356851912,NA
"TER-EXO-T01",2025-02-02,1.35667966379132,1.98317195787273,NA
"TER-EXO-T01",2025-02-03,0.955296069137807,1.73818475194211,NA
"TER-EXO-T01",2025-02-04,0.680672621302858,1.45447211401071,NA
"TER-EXO-T01",2025-02-05,0.508977377704051,0.425095897109265,NA
"TER-EXO-T01",2025-02-06,0.19034674690672,0.306186217847897,NA
"TER-EXO-T01",2025-02-07,0.883627241233132,1.54403949788031,NA
"TER-EXO-T01",2025-02-08,0.387765804114519,0.545070132437435,NA
"TER-EXO-T01",2025-02-09,0.531609533071195,0.570643547208776,NA
"TER-EXO-T01",2025-02-10,1.07149326926815,1.2509054691517,NA
"TER-EXO-T01",2025-02-11,1.19763504881284,1.51785866520445,NA
"TER-EXO-T01",2025-02-12,NA,NA,NA
"TER-EXO-T01",2025-02-13,NA,NA,NA
"TER-EXO-T01",2025-02-14,NA,NA,NA
"TER-EXO-T01",2025-02-15,NA,NA,NA
"TER-EXO-T01",2025-02-16,NA,NA,NA
"TER-EXO-T01",2025-02-17,NA,NA,NA
"TER-EXO-T01",2025-02-18,NA,NA,NA
"TER-EXO-T01",2025-02-19,NA,NA,NA
"TER-EXO-T01",2025-02-20,NA,NA,NA
"TER-EXO-T01",2025-02-21,NA,NA,NA
"TER-EXO-T01",2025-02-22,NA,NA,NA
"TER-EXO-T01",2025-02-23,NA,NA,NA
"TER-EXO-T01",2025-02-24,NA,NA,NA
"TER-EXO-T01",2025-02-25,NA,NA,NA
"TER-EXO-T01",2025-02-26,NA,NA,NA
"TER-EXO-T01",2025-02-27,NA,NA,NA
"TER-EXO-T01",2025-02-28,NA,NA,NA
"TER-EXO-T01",2025-03-01,NA,NA,NA
"TER-EXO-T01",2025-03-02,NA,NA,NA
"TER-EXO-T01",2025-03-03,NA,NA,NA
"TER-EXO-T01",2025-03-04,NA,NA,NA
"TER-EXO-T01",2025-03-05,NA,NA,NA
"TER-EXO-T01",2025-03-06,NA,NA,NA
"TER-EXO-T01",2025-03-07,NA,NA,NA
"TER-EXO-T01",2025-03-08,NA,NA,NA
"TER-EXO-T01",2025-03-09,NA,NA,NA
"TER-EXO-T01",2025-03-10,NA,NA,NA
"TER-EXO-T01",2025-03-11,NA,NA,NA
"TER-EXO-T01",2025-03-12,NA,NA,NA
"TER-EXO-T01",2025-03-13,NA,NA,NA
"TER-EXO-T01",2025-03-14,NA,NA,NA
"TER-EXO-T01",2025-03-15,NA,NA,NA
"TER-EXO-T01",2025-03-16,NA,NA,NA
"TER-EXO-T01",2025-03-17,NA,NA,NA
"TER-EXO-T01",2025-03-18,NA,NA,NA
"TER-EXO-T01",2025-03-19,NA,NA,NA
"TER-EXO-T01",2025-03-20,NA,NA,NA
"TER-EXO-T01",2025-03-21,NA,NA,NA
"TER-EXO-T01",2025-03-22,NA,NA,NA
"TER-EXO-T01",2025-03-23,NA,NA,NA
"TER-EXO-T01",2025-03-24,NA,NA,NA
"TER-EXO-T01",2025-03-25,NA,NA,NA
"TER-EXO-T01",2025-03-26,NA,NA,NA
"TER-EXO-T01",2025-03-27,NA,NA,NA
"TER-EXO-T01",2025-03-28,NA,NA,NA
"TER-EXO-T01",2025-03-29,NA,NA,NA
"TER-EXO-T01",2025-03-30,NA,NA,NA
"TER-EXO-T01",2025-03-31,NA,NA,NA
"TER-EXO-T01",2025-04-01,NA,NA,NA
"TER-EXO-T01",2025-04-02,NA,NA,NA
"TER-EXO-T01",2025-04-03,NA,NA,NA
"TER-EXO-T01",2025-04-04,NA,NA,NA
"TER-EXO-T01",2025-04-05,NA,NA,NA
"TER-EXO-T01",2025-04-06,NA,NA,NA
"TER-EXO-T01",2025-04-07,NA,NA,NA
"TER-EXO-T01",2025-04-08,NA,NA,NA
"TER-EXO-T01",2025-04-09,NA,NA,NA
"TER-EXO-T01",2025-04-10,NA,NA,NA
"TER-EXO-T01",2025-04-11,NA,NA,NA
"TER-EXO-T01",2025-04-12,NA,NA,NA
"TER-EXO-T01",2025-04-13,NA,NA,NA
"TER-EXO-T01",2025-04-14,NA,NA,NA
"TER-EXO-T01",2025-04-15,NA,NA,NA
"TER-EXO-T01",2025-04-16,NA,NA,NA
"TER-EXO-T01",2025-04-17,NA,NA,NA
"TER-EXO-T01",2025-04-18,NA,NA,NA
"TER-EXO-T01",2025-04-19,NA,NA,NA
"TER-EXO-T01",2025-04-20,NA,NA,NA
"TER-EXO-T01",2025-04-21,NA,NA,NA
"TER-EXO-T01",2025-04-22,NA,NA,NA
"TER-EXO-T01",2025-04-23,NA,NA,NA
"TER-EXO-T01",2025-04-24,NA,NA,NA
"TER-EXO-T01",2025-04-25,NA,NA,NA
"TER-EXO-T01",2025-04-26,NA,NA,NA
"TER-EXO-T01",2025-04-27,NA,NA,NA
"TER-EXO-T01",2025-04-28,NA,NA,NA
"TER-EXO-T01",2025-04-29,NA,NA,NA
"TER-EXO-T01",2025-04-30,NA,NA,NA
"TER-EXO-T01",2025-05-01,NA,NA,NA
"TER-EXO-T01",2025-05-02,NA,NA,NA
"TER-EXO-T01",2025-05-03,NA,NA,NA
"TER-EXO-T01",2025-05-04,NA,NA,NA
"TER-EXO-T01",2025-05-05,NA,NA,NA
"TER-EXO-T01",2025-05-06,NA,NA,NA
"TER-EXO-T01",2025-05-07,NA,NA,NA
"TER-EXO-T01",2025-05-08,NA,NA,NA
"TER-EXO-T01",2025-05-09,NA,NA,NA
"TER-EXO-T01",2025-05-10,NA,NA,NA
"TER-EXO-T01",2025-05-11,NA,NA,NA
"TER-EXO-T01",2025-05-12,NA,NA,NA
"TER-EXO-T01",2025-05-13,NA,NA,NA
"TER-EXO-T01",2025-05-14,NA,NA,NA
"TER-EXO-T01",2025-05-15,NA,NA,NA
"TER-EXO-T01",2025-05-16,NA,NA,NA
"TER-EXO-T01",2025-05-17,NA,NA,NA
"TER-EXO-T01",2025-05-18,NA,NA,NA
"TER-EXO-T01",2025-05-19,NA,NA,NA
"TER-EXO-T01",2025-05-20,NA,NA,NA
"TER-EXO-T01",2025-05-21,NA,NA,NA
"TER-EXO-T01",2025-05-22,NA,NA,NA
"TER-EXO-T01",2025-05-23,NA,NA,NA
"TER-EXO-T01",2025-05-24,NA,NA,NA
"TER-EXO-T01",2025-05-25,NA,NA,NA
"TER-EXO-T01",2025-05-26,NA,NA,NA
"TER-EXO-T01",2025-05-27,NA,NA,NA
"TER-EXO-T01",2025-05-28,NA,NA,NA
"TER-EXO-T01",2025-05-29,NA,NA,NA
"TER-EXO-T01",2025-05-30,NA,NA,NA
"TER-EXO-T01",2025-05-31,NA,NA,NA
"TER-EXO-T01",2025-06-01,NA,NA,NA
"TER-EXO-T01",2025-06-02,NA,NA,NA
"TER-EXO-T01",2025-06-03,NA,NA,NA
"TER-EXO-T01",2025-06-04,NA,NA,NA
"TER-EXO-T01",2025-06-05,NA,NA,NA
"TER-EXO-T01",2025-06-06,NA,NA,NA
"TER-EXO-T01",2025-06-07,NA,NA,NA
"TER-EXO-T01",2025-06-08,NA,NA,NA
"TER-EXO-T01",2025-06-09,NA,NA,NA
"TER-EXO-T01",2025-06-10,NA,NA,NA
"TER-EXO-T01",2025-06-11,NA,NA,NA
"TER-EXO-T01",2025-06-12,NA,NA,NA
"TER-EXO-T02",2023-08-09,NA,NA,NA
"TER-EXO-T02",2023-08-10,NA,NA,NA
"TER-EXO-T02",2023-08-11,NA,NA,NA
"TER-EXO-T02",2023-08-12,NA,NA,NA
"TER-EXO-T02",2023-08-13,NA,NA,NA
"TER-EXO-T02",2023-08-14,NA,NA,NA
"TER-EXO-T02",2023-08-15,NA,NA,NA
"TER-EXO-T02",2023-08-16,NA,NA,NA
"TER-EXO-T02",2023-08-17,NA,NA,NA
"TER-EXO-T02",2023-08-18,NA,NA,NA
"TER-EXO-T02",2023-08-19,NA,NA,NA
"TER-EXO-T02",2023-08-20,NA,NA,NA
"TER-EXO-T02",2023-08-21,NA,NA,NA
"TER-EXO-T02",2023-08-22,NA,NA,NA
"TER-EXO-T02",2023-08-23,NA,NA,NA
"TER-EXO-T02",2023-08-24,NA,NA,NA
"TER-EXO-T02",2023-08-25,NA,NA,NA
"TER-EXO-T02",2023-08-26,NA,NA,NA
"TER-EXO-T02",2023-08-27,NA,NA,NA
"TER-EXO-T02",2023-08-28,NA,NA,NA
"TER-EXO-T02",2023-08-29,NA,NA,NA
"TER-EXO-T02",2023-08-30,NA,NA,NA
"TER-EXO-T02",2023-08-31,NA,NA,NA
"TER-EXO-T02",2023-09-01,NA,NA,NA
"TER-EXO-T02",2023-09-02,NA,NA,NA
"TER-EXO-T02",2023-09-03,NA,NA,NA
"TER-EXO-T02",2023-09-04,NA,NA,NA
"TER-EXO-T02",2023-09-05,NA,NA,NA
"TER-EXO-T02",2023-09-06,NA,NA,NA
"TER-EXO-T02",2023-09-07,NA,NA,NA
"TER-EXO-T02",2023-09-08,NA,NA,NA
"TER-EXO-T02",2023-09-09,NA,NA,NA
"TER-EXO-T02",2023-09-10,NA,NA,NA
"TER-EXO-T02",2023-09-11,NA,NA,NA
"TER-EXO-T02",2023-09-12,NA,NA,NA
"TER-EXO-T02",2023-09-13,NA,NA,NA
"TER-EXO-T02",2023-09-14,NA,NA,NA
"TER-EXO-T02",2023-09-15,NA,NA,NA
"TER-EXO-T02",2023-09-16,NA,NA,NA
"TER-EXO-T02",2023-09-17,NA,NA,NA
"TER-EXO-T02",2023-09-18,NA,NA,NA
"TER-EXO-T02",2023-09-19,NA,NA,NA
"TER-EXO-T02",2023-09-20,NA,NA,NA
"TER-EXO-T02",2023-09-21,NA,NA,NA
"TER-EXO-T02",2023-09-22,NA,NA,NA
"TER-EXO-T02",2023-09-23,NA,NA,NA
"TER-EXO-T02",2023-09-24,NA,NA,NA
"TER-EXO-T02",2023-09-25,NA,NA,NA
"TER-EXO-T02",2023-09-26,NA,NA,NA
"TER-EXO-T02",2023-09-27,NA,NA,NA
"TER-EXO-T02",2023-09-28,NA,NA,NA
"TER-EXO-T02",2023-09-29,NA,NA,NA
"TER-EXO-T02",2023-09-30,NA,NA,NA
"TER-EXO-T02",2023-10-01,NA,NA,NA
"TER-EXO-T02",2023-10-02,NA,NA,NA
"TER-EXO-T02",2023-10-03,NA,NA,NA
"TER-EXO-T02",2023-10-04,NA,NA,NA
"TER-EXO-T02",2023-10-05,NA,NA,NA
"TER-EXO-T02",2023-10-06,NA,NA,NA
"TER-EXO-T02",2023-10-07,NA,NA,NA
"TER-EXO-T02",2023-10-08,NA,NA,NA
"TER-EXO-T02",2023-10-09,NA,NA,NA
"TER-EXO-T02",2023-10-10,NA,NA,NA
"TER-EXO-T02",2023-10-11,NA,NA,NA
"TER-EXO-T02",2023-10-12,NA,NA,NA
"TER-EXO-T02",2023-10-13,NA,NA,NA
"TER-EXO-T02",2023-10-14,NA,NA,NA
"TER-EXO-T02",2023-10-15,NA,NA,NA
"TER-EXO-T02",2023-10-16,NA,NA,NA
"TER-EXO-T02",2023-10-17,NA,NA,NA
"TER-EXO-T02",2023-10-18,NA,NA,NA
"TER-EXO-T02",2023-10-19,NA,NA,NA
"TER-EXO-T02",2023-10-20,NA,NA,NA
"TER-EXO-T02",2023-10-21,NA,NA,NA
"TER-EXO-T02",2023-10-22,NA,NA,NA
"TER-EXO-T02",2023-10-23,NA,NA,NA
"TER-EXO-T02",2023-10-24,NA,NA,NA
"TER-EXO-T02",2023-10-25,NA,NA,NA
"TER-EXO-T02",2023-10-26,NA,NA,NA
"TER-EXO-T02",2023-10-27,NA,NA,NA
"TER-EXO-T02",2023-10-28,NA,NA,NA
"TER-EXO-T02",2023-10-29,NA,NA,NA
"TER-EXO-T02",2023-10-30,NA,NA,NA
"TER-EXO-T02",2023-10-31,NA,NA,NA
"TER-EXO-T02",2023-11-01,NA,NA,NA
"TER-EXO-T02",2023-11-02,NA,NA,NA
"TER-EXO-T02",2023-11-03,NA,NA,NA
"TER-EXO-T02",2023-11-04,NA,NA,NA
"TER-EXO-T02",2023-11-05,NA,NA,NA
"TER-EXO-T02",2023-11-06,NA,NA,NA
"TER-EXO-T02",2023-11-07,NA,NA,NA
"TER-EXO-T02",2023-11-08,NA,NA,NA
"TER-EXO-T02",2023-11-09,NA,NA,NA
"TER-EXO-T02",2023-11-10,NA,NA,NA
"TER-EXO-T02",2023-11-11,NA,NA,NA
"TER-EXO-T02",2023-11-12,NA,NA,NA
"TER-EXO-T02",2023-11-13,NA,NA,NA
"TER-EXO-T02",2023-11-14,NA,NA,NA
"TER-EXO-T02",2023-11-15,NA,NA,NA
"TER-EXO-T02",2023-11-16,NA,NA,NA
"TER-EXO-T02",2023-11-17,NA,NA,NA
"TER-EXO-T02",2023-11-18,NA,NA,NA
"TER-EXO-T02",2023-11-19,NA,NA,NA
"TER-EXO-T02",2023-11-20,NA,NA,NA
"TER-EXO-T02",2023-11-21,NA,NA,NA
"TER-EXO-T02",2023-11-22,NA,NA,NA
"TER-EXO-T02",2023-11-23,NA,NA,NA
"TER-EXO-T02",2023-11-24,NA,NA,NA
"TER-EXO-T02",2023-11-25,NA,NA,NA
"TER-EXO-T02",2023-11-26,NA,NA,NA
"TER-EXO-T02",2023-11-27,NA,NA,NA
"TER-EXO-T02",2023-11-28,NA,NA,NA
"TER-EXO-T02",2023-11-29,NA,NA,NA
"TER-EXO-T02",2023-11-30,NA,NA,NA
"TER-EXO-T02",2023-12-01,NA,NA,NA
"TER-EXO-T02",2023-12-02,NA,NA,NA
"TER-EXO-T02",2023-12-03,NA,NA,NA
"TER-EXO-T02",2023-12-04,NA,NA,NA
"TER-EXO-T02",2023-12-05,NA,NA,NA
"TER-EXO-T02",2023-12-06,NA,NA,NA
"TER-EXO-T02",2023-12-07,NA,NA,NA
"TER-EXO-T02",2023-12-08,NA,NA,NA
"TER-EXO-T02",2023-12-09,NA,NA,NA
"TER-EXO-T02",2023-12-10,NA,NA,NA
"TER-EXO-T02",2023-12-11,NA,NA,NA
"TER-EXO-T02",2023-12-12,NA,NA,NA
"TER-EXO-T02",2023-12-13,NA,NA,NA
"TER-EXO-T02",2023-12-14,NA,NA,NA
"TER-EXO-T02",2023-12-15,NA,NA,NA
"TER-EXO-T02",2023-12-16,NA,NA,NA
"TER-EXO-T02",2023-12-17,NA,NA,NA
"TER-EXO-T02",2023-12-18,NA,NA,NA
"TER-EXO-T02",2023-12-19,NA,NA,NA
"TER-EXO-T02",2023-12-20,NA,NA,NA
"TER-EXO-T02",2023-12-21,NA,NA,NA
"TER-EXO-T02",2023-12-22,NA,NA,NA
"TER-EXO-T02",2023-12-23,NA,NA,NA
"TER-EXO-T02",2023-12-24,NA,NA,NA
"TER-EXO-T02",2023-12-25,NA,NA,NA
"TER-EXO-T02",2023-12-26,NA,NA,NA
"TER-EXO-T02",2023-12-27,NA,NA,NA
"TER-EXO-T02",2023-12-28,NA,NA,NA
"TER-EXO-T02",2023-12-29,NA,NA,NA
"TER-EXO-T02",2023-12-30,NA,NA,NA
"TER-EXO-T02",2023-12-31,NA,NA,NA
"TER-EXO-T02",2024-01-01,NA,NA,NA
"TER-EXO-T02",2024-01-02,NA,NA,NA
"TER-EXO-T02",2024-01-03,NA,NA,NA
"TER-EXO-T02",2024-01-04,NA,NA,NA
"TER-EXO-T02",2024-01-05,NA,NA,NA
"TER-EXO-T02",2024-01-06,NA,NA,NA
"TER-EXO-T02",2024-01-07,NA,NA,NA
"TER-EXO-T02",2024-01-08,NA,NA,NA
"TER-EXO-T02",2024-01-09,NA,NA,NA
"TER-EXO-T02",2024-01-10,NA,NA,NA
"TER-EXO-T02",2024-01-11,NA,NA,NA
"TER-EXO-T02",2024-01-12,NA,NA,NA
"TER-EXO-T02",2024-01-13,NA,NA,NA
"TER-EXO-T02",2024-01-14,NA,NA,NA
"TER-EXO-T02",2024-01-15,NA,NA,NA
"TER-EXO-T02",2024-01-16,NA,NA,NA
"TER-EXO-T02",2024-01-17,NA,NA,NA
"TER-EXO-T02",2024-01-18,NA,NA,NA
"TER-EXO-T02",2024-01-19,NA,NA,NA
"TER-EXO-T02",2024-01-20,NA,NA,NA
"TER-EXO-T02",2024-01-21,NA,NA,NA
"TER-EXO-T02",2024-01-22,NA,NA,NA
"TER-EXO-T02",2024-01-23,NA,NA,NA
"TER-EXO-T02",2024-01-24,NA,NA,NA
"TER-EXO-T02",2024-01-25,NA,NA,NA
"TER-EXO-T02",2024-01-26,NA,NA,NA
"TER-EXO-T02",2024-01-27,NA,NA,NA
"TER-EXO-T02",2024-01-28,NA,NA,NA
"TER-EXO-T02",2024-01-29,NA,NA,NA
"TER-EXO-T02",2024-01-30,NA,NA,NA
"TER-EXO-T02",2024-01-31,NA,NA,NA
"TER-EXO-T02",2024-02-01,NA,NA,NA
"TER-EXO-T02",2024-02-02,NA,NA,NA
"TER-EXO-T02",2024-02-03,NA,NA,NA
"TER-EXO-T02",2024-02-04,NA,NA,NA
"TER-EXO-T02",2024-02-05,NA,NA,NA
"TER-EXO-T02",2024-02-06,NA,NA,NA
"TER-EXO-T02",2024-02-07,NA,NA,NA
"TER-EXO-T02",2024-02-08,NA,NA,NA
"TER-EXO-T02",2024-02-09,NA,NA,NA
"TER-EXO-T02",2024-02-10,NA,NA,NA
"TER-EXO-T02",2024-02-11,NA,NA,NA
"TER-EXO-T02",2024-02-12,NA,NA,NA
"TER-EXO-T02",2024-02-13,NA,NA,NA
"TER-EXO-T02",2024-02-14,NA,NA,NA
"TER-EXO-T02",2024-02-15,NA,NA,NA
"TER-EXO-T02",2024-02-16,NA,NA,NA
"TER-EXO-T02",2024-02-17,NA,NA,NA
"TER-EXO-T02",2024-02-18,NA,NA,NA
"TER-EXO-T02",2024-02-19,NA,NA,NA
"TER-EXO-T02",2024-02-20,NA,NA,NA
"TER-EXO-T02",2024-02-21,NA,NA,NA
"TER-EXO-T02",2024-02-22,NA,NA,NA
"TER-EXO-T02",2024-02-23,NA,NA,NA
"TER-EXO-T02",2024-02-24,NA,NA,NA
"TER-EXO-T02",2024-02-25,NA,NA,NA
"TER-EXO-T02",2024-02-26,NA,NA,NA
"TER-EXO-T02",2024-02-27,NA,NA,NA
"TER-EXO-T02",2024-02-28,NA,NA,NA
"TER-EXO-T02",2024-02-29,NA,NA,NA
"TER-EXO-T02",2024-03-01,NA,NA,NA
"TER-EXO-T02",2024-03-02,NA,NA,NA
"TER-EXO-T02",2024-03-03,NA,NA,NA
"TER-EXO-T02",2024-03-04,NA,NA,NA
"TER-EXO-T02",2024-03-05,NA,NA,NA
"TER-EXO-T02",2024-03-06,NA,NA,NA
"TER-EXO-T02",2024-03-07,NA,NA,NA
"TER-EXO-T02",2024-03-08,NA,NA,NA
"TER-EXO-T02",2024-03-09,NA,NA,NA
"TER-EXO-T02",2024-03-10,NA,NA,NA
"TER-EXO-T02",2024-03-11,NA,NA,NA
"TER-EXO-T02",2024-03-12,NA,NA,NA
"TER-EXO-T02",2024-03-13,NA,NA,NA
"TER-EXO-T02",2024-03-14,NA,NA,NA
"TER-EXO-T02",2024-03-15,NA,NA,NA
"TER-EXO-T02",2024-03-16,NA,NA,NA
"TER-EXO-T02",2024-03-17,NA,NA,NA
"TER-EXO-T02",2024-03-18,NA,NA,NA
"TER-EXO-T02",2024-03-19,NA,NA,NA
"TER-EXO-T02",2024-03-20,NA,NA,NA
"TER-EXO-T02",2024-03-21,1.62729770665572,1.67772598857907,1.88517769123662
"TER-EXO-T02",2024-03-22,1.95418540054677,1.76610088014263,2.01444062074134
"TER-EXO-T02",2024-03-23,1.19763504881284,1.17876747224514,1.37508234272547
"TER-EXO-T02",2024-03-24,1.81067186665493,1.70025040781508,1.88769854508114
"TER-EXO-T02",2024-03-25,1.3855818115585,1.19706767331373,1.43692884053234
"TER-EXO-T02",2024-03-26,0.706786460997433,0.800531978921118,0.816496580927726
"TER-EXO-T02",2024-03-27,NA,2.31713450598807,2.63442923444612
"TER-EXO-T02",2024-03-28,NA,NA,2.88918209678895
"TER-EXO-T02",2024-03-29,NA,NA,NA
"TER-EXO-T02",2024-03-30,NA,NA,NA
"TER-EXO-T02",2024-03-31,NA,NA,NA
"TER-EXO-T02",2024-04-01,NA,NA,NA
"TER-EXO-T02",2024-04-02,NA,NA,NA
"TER-EXO-T02",2024-04-03,NA,NA,NA
"TER-EXO-T02",2024-04-04,NA,NA,NA
"TER-EXO-T02",2024-04-05,NA,NA,NA
"TER-EXO-T02",2024-04-06,NA,NA,NA
"TER-EXO-T02",2024-04-07,NA,NA,NA
"TER-EXO-T02",2024-04-08,NA,NA,NA
"TER-EXO-T02",2024-04-09,NA,NA,NA
"TER-EXO-T02",2024-04-10,NA,NA,NA
"TER-EXO-T02",2024-04-11,NA,NA,NA
"TER-EXO-T02",2024-04-12,NA,NA,NA
"TER-EXO-T02",2024-04-13,NA,NA,NA
"TER-EXO-T02",2024-04-14,NA,NA,NA
"TER-EXO-T02",2024-04-15,NA,NA,NA
"TER-EXO-T02",2024-04-16,NA,NA,NA
"TER-EXO-T02",2024-04-17,NA,NA,NA
"TER-EXO-T02",2024-04-18,NA,NA,NA
"TER-EXO-T02",2024-04-19,NA,NA,NA
"TER-EXO-T02",2024-04-20,NA,NA,NA
"TER-EXO-T02",2024-04-21,NA,NA,NA
"TER-EXO-T02",2024-04-22,NA,NA,NA
"TER-EXO-T02",2024-04-23,1.05980583400786,NA,1.15391582844263
"TER-EXO-T02",2024-04-24,1.67015034470345,NA,1.9531422100691
"TER-EXO-T02",2024-04-25,2.44171180153169,NA,2.84757715473592
"TER-EXO-T02",2024-04-26,1.59936581634495,NA,2.05186376924401
"TER-EXO-T02",2024-04-27,1.91378958605959,NA,2.01982923657609
"TER-EXO-T02",2024-04-28,2.79751442472094,NA,2.88424003503698
"TER-EXO-T02",2024-04-29,2.85139172731645,NA,3.01618520459301
"TER-EXO-T02",2024-04-30,3.05379011360817,NA,2.99274485032226
"TER-EXO-T02",2024-05-01,0.706786460997433,NA,0.783664746420693
"TER-EXO-T02",2024-05-02,0.499546896146173,NA,0.499546896146173
"TER-EXO-T02",2024-05-03,0.923721207705668,NA,0.999773525079193
"TER-EXO-T02",2024-05-04,1.3805061033727,NA,1.80265002189811
"TER-EXO-T02",2024-05-05,2.98357520677672,NA,3.34916980844464
"TER-EXO-T02",2024-05-06,0.389513818102456,NA,0.329002665070039
"TER-EXO-T02",2024-05-07,0.827242231843206,NA,0.784531153259565
"TER-EXO-T02",2024-05-08,1.55674665406017,NA,2.03056356851912
"TER-EXO-T02",2024-05-09,2.87535442049815,NA,3.75271640745509
"TER-EXO-T02",2024-05-10,2.41785328189153,NA,2.61648896285721
"TER-EXO-T02",2024-05-11,3.32964016422021,NA,3.7207190165343
"TER-EXO-T02",2024-05-12,3.38093278870479,NA,3.75904705778056
"TER-EXO-T02",2024-05-13,1.43692884053234,NA,2.08416650006663
"TER-EXO-T02",2024-05-14,1.9222901121741,NA,2.35590147059049
"TER-EXO-T02",2024-05-15,2.13621295687051,NA,2.41935133239578
"TER-EXO-T02",2024-05-16,1.84044240900648,NA,2.10417115080596
"TER-EXO-T02",2024-05-17,1.98625257088879,NA,NA
"TER-EXO-T02",2024-05-18,1.5805658498769,1.78713194244581,1.79320375589193
"TER-EXO-T02",2024-05-19,2.74843499605434,2.66952405788975,2.70458212904575
"TER-EXO-T02",2024-05-20,1.45197890949669,1.74870552537949,1.85136064338747
"TER-EXO-T02",2024-05-21,1.17472630176479,1.24818709114169,1.30772509631659
"TER-EXO-T02",2024-05-22,0.642684586917151,0.770551750371122,0.701964118163034
"TER-EXO-T02",2024-05-23,0.370443330172869,0.375301810914046,0.345126525843175
"TER-EXO-T02",2024-05-24,1.48116190192367,1.92193667421956,2.043015673821
"TER-EXO-T02",2024-05-25,2.5021729686849,2.75312733903238,2.88855500207284
"TER-EXO-T02",2024-05-26,3.13920683696016,3.2697975605466,3.3588920490396
"TER-EXO-T02",2024-05-27,1.43692884053234,1.49258432626585,1.49818731051605
"TER-EXO-T02",2024-05-28,0.789422830805584,0.766130877682874,0.691564074808125
"TER-EXO-T02",2024-05-29,0.329002665070039,0.329690236697893,0.329690236697893
"TER-EXO-T02",2024-05-30,0.932504808240314,1.14840784554536,1.26243811729526
"TER-EXO-T02",2024-05-31,0.816496580927726,1.01058707288588,1.0451752505431
"TER-EXO-T02",2024-06-01,1.53919209939519,1.70038358843706,1.87807718506016
"TER-EXO-T02",2024-06-02,1.11295891039691,1.27528769132779,1.37376426684842
"TER-EXO-T02",2024-06-03,1.79168773159171,2.05351854284228,2.25211253483595
"TER-EXO-T02",2024-06-04,1.7214282492719,1.9752774525349,2.08340579584125
"TER-EXO-T02",2024-06-05,1.21565125386128,1.39031327926218,1.42696597158376
"TER-EXO-T02",2024-06-06,2.1382261034711,1.88048714009375,2.04290483011998
"TER-EXO-T02",2024-06-07,2.70935042217594,2.47597148259197,2.75041169513832
"TER-EXO-T02",2024-06-08,2.7662562992325,2.64848876788692,2.85892639725606
"TER-EXO-T02",2024-06-09,1.76725448246626,1.80766784655762,1.82176853077172
"TER-EXO-T02",2024-06-10,1.93075321338966,1.97080135249966,2.01219110510862
"TER-EXO-T02",2024-06-11,2.11522688679222,2.14076631951799,2.2112197434048
"TER-EXO-T02",2024-06-12,3.29848175439216,3.53854295323429,3.64596014272219
"TER-EXO-T02",2024-06-13,1.3349740810598,1.50707870792605,1.60106395784224
"TER-EXO-T02",2024-06-14,1.65489502272255,1.67448348081915,1.6934443076725
"TER-EXO-T02",2024-06-15,2.23241923754789,2.44495561739155,2.5021729686849
"TER-EXO-T02",2024-06-16,1.60332534874025,1.73831502623511,1.8528278426483
"TER-EXO-T02",2024-06-17,1.27954220753735,1.10006587418037,1.19099885007063
"TER-EXO-T02",2024-06-18,2.1328180990132,2.14509889640602,2.31096943081144
"TER-EXO-T02",2024-06-19,1.66145016978141,1.78751203502587,1.8266098716443
"TER-EXO-T02",2024-06-20,2.81269121733225,2.94145778705789,2.9497604913826
"TER-EXO-T02",2024-06-21,3.3318837427741,3.41034232630812,3.39910207665734
"TER-EXO-T02",2024-06-22,1.28941482064933,1.34864397811659,1.44321877578647
"TER-EXO-T02",2024-06-23,0.735980072193987,0.793713981266533,0.820922069065183
"TER-EXO-T02",2024-06-24,1.10990272455338,1.05100883213101,1.03909101859632
"TER-EXO-T02",2024-06-25,2.35291986350109,2.51436092667008,2.69157300056887
"TER-EXO-T02",2024-06-26,3.55597068832575,3.81644040845712,3.92848202420385
"TER-EXO-T02",2024-06-27,1.75645806313052,1.73192006208407,1.87650905457023
"TER-EXO-T02",2024-06-28,2.09975412639298,2.03223568614912,2.24899333358122
"TER-EXO-T02",2024-06-29,1.68055805086252,1.57755428947212,1.67988418337849
"TER-EXO-T02",2024-06-30,1.20667677552015,1.06810647843526,1.08826913497762
"TER-EXO-T02",2024-07-01,2.49483161407913,2.53873970216766,2.69728795623318
"TER-EXO-T02",2024-07-02,2.5465769864322,2.48437143947425,2.68921625347814
"TER-EXO-T02",2024-07-03,1.71298853181944,1.74338813059888,1.96712104797628
"TER-EXO-T02",2024-07-04,2.23241923754789,2.29681569109073,2.52774459817901
"TER-EXO-T02",2024-07-05,3.52263642621607,3.68973311159257,3.73384200080246
"TER-EXO-T02",2024-07-06,2.57461126937753,2.55483344135063,2.73165820002048
"TER-EXO-T02",2024-07-07,2.41738495072671,2.43604796959028,2.51373041110421
"TER-EXO-T02",2024-07-08,0.882344948812907,0.987007995210118,0.985400676249831
"TER-EXO-T02",2024-07-09,1.03121568893295,1.16950999276979,1.17876747224514
"TER-EXO-T02",2024-07-10,1.91378958605959,1.81179709008823,2.01342864972569
"TER-EXO-T02",2024-07-11,1.23064729050333,1.27101893394032,1.38949865841574
"TER-EXO-T02",2024-07-12,1.37112431385997,1.70676403707744,1.83958092265997
"TER-EXO-T02",2024-07-13,1.02128613146309,1.11965315540385,1.24236800541127
"TER-EXO-T02",2024-07-14,2.28851891855403,2.43827793234535,2.36357856293977
"TER-EXO-T02",2024-07-15,1.2767074387102,1.33089677732124,1.36134524260572
"TER-EXO-T02",2024-07-16,0.779899194526567,0.963086824686154,1.10642884209004
"TER-EXO-T02",2024-07-17,NA,NA,NA
"TER-EXO-T02",2024-07-18,1.63396357258102,1.90715187147473,2
"TER-EXO-T02",2024-07-19,3.63849935223739,3.91201929028171,4.04839384862975
"TER-EXO-T02",2024-07-20,2.60216952404797,2.76985585351934,2.77671477244895
"TER-EXO-T02",2024-07-21,1.93742695046956,2.10578482047547,2.25060378372213
"TER-EXO-T02",2024-07-22,1.21565125386128,1.35116026361458,1.42553702060011
"TER-EXO-T02",2024-07-23,1.47932612939184,1.64170620860199,1.63174464292369
"TER-EXO-T02",2024-07-24,2.20136650577627,2.33349507720979,2.34201928852563
"TER-EXO-T02",2024-07-25,2.786808990194,2.99001963058846,2.87511814502049
"TER-EXO-T02",2024-07-26,0.672640804719661,0.679673834820151,0.695482316219408
"TER-EXO-T02",2024-07-27,1.38509142689916,1.51800784783444,1.56949521101254
"TER-EXO-T02",2024-07-28,2.24899333358122,2.41363502998507,2.46267425632251
"TER-EXO-T02",2024-07-29,1.27101893394032,1.62799334115364,1.801267669557
"TER-EXO-T02",2024-07-30,1.26243811729526,1.6528412077302,2.01219110510862
"TER-EXO-T02",2024-07-31,1.66689310056034,1.72995769404584,1.9241740181631
"TER-EXO-T02",2024-08-01,2.68348410774533,2.98721611955472,3.02854774591311
"TER-EXO-T02",2024-08-02,2.58680808854397,2.7239377666389,2.71736231868599
"TER-EXO-T02",2024-08-03,2.38342327792172,2.6658739763858,2.67833159726863
"TER-EXO-T02",2024-08-04,2.69560834466472,2.90980040652226,2.88101921880616
"TER-EXO-T02",2024-08-05,2.16192345920901,2.29355982408715,2.28644002130266
"TER-EXO-T02",2024-08-06,1.34713195075821,1.62060442293984,1.67245372111618
"TER-EXO-T02",2024-08-07,2.19673258681411,2.32883235655286,2.31096943081144
"TER-EXO-T02",2024-08-08,2.60008012697045,2.79484191043927,2.86462368219278
"TER-EXO-T02",2024-08-09,2.85900560396063,2.95428637254659,2.81944593179561
"TER-EXO-T02",2024-08-10,1.61051234084064,1.53447696796576,1.58285652622362
"TER-EXO-T02",2024-08-11,1.4866556183381,1.7098128976375,1.84437550799525
"TER-EXO-T02",2024-08-12,3.64129894007818,4.06731181031389,4.12963617374899
"TER-EXO-T02",2024-08-13,2.36281197618063,2.70659085529583,2.72858924636199
"TER-EXO-T02",2024-08-14,2.58680808854397,2.83985289984422,2.850120770388
"TER-EXO-T02",2024-08-15,2.07992474780261,2.36587683289004,2.30065759345428
"TER-EXO-T02",2024-08-16,2.07075915505905,2.44050585751801,2.43381596365205
"TER-EXO-T02",2024-08-17,2.16851231312481,2.34520787991171,2.35099423926208
"TER-EXO-T02",2024-08-18,2.54381887970697,2.74249635038664,2.741835706872
"TER-EXO-T02",2024-08-19,3.21342293458576,3.63800142218583,3.69194187150999
"TER-EXO-T02",2024-08-20,1.36715482621413,1.59468660316654,1.60148821186846
"TER-EXO-T02",2024-08-21,2.24324670892469,2.51912970939442,2.60712513111192
"TER-EXO-T02",2024-08-22,3.71444497190029,3.89763724414632,3.7992538359716
"TER-EXO-T02",2024-08-23,1.57194608455685,1.99046640809111,2.17185137746511
"TER-EXO-T02",2024-08-24,1.66322107605276,2.18650339616687,2.45973001346295
"TER-EXO-T02",2024-08-25,3.26126809158913,3.38126766383449,3.46384012416813
"TER-EXO-T02",2024-08-26,0.989070710093681,1.10006587418037,1.31876094679157
"TER-EXO-T02",2024-08-27,1.53226175536575,1.72995769404584,1.75645806313052
"TER-EXO-T02",2024-08-28,2.29484298979823,2.64566571989911,2.68517130320139
"TER-EXO-T02",2024-08-29,2.47011118684207,2.82169391000143,2.8130132381951
"TER-EXO-T02",2024-08-30,2.03056356851912,2.07425558499527,2.13494051778797
"TER-EXO-T02",2024-08-31,1.30199818562175,1.42171946314456,1.48528409423238
"TER-EXO-T02",2024-09-01,1.81466949120738,1.80866974096546,1.87843887542173
"TER-EXO-T02",2024-09-02,1.83563755065953,1.86488819263099,1.93824494795185
"TER-EXO-T02",2024-09-03,2.20414218090013,2.34482161492023,2.27691231938011
"TER-EXO-T02",2024-09-04,2.17153855829109,2.03935465069329,2.06670903416133
"TER-EXO-T02",2024-09-05,1.83847270419171,1.69183889321049,1.82325954332312
"TER-EXO-T02",2024-09-06,1.3185892219459,1.37458821238333,1.44463023702923
"TER-EXO-T02",2024-09-07,1.15136182756378,1.21862805967452,1.22751516416738
"TER-EXO-T02",2024-09-08,1.72248030635973,1.87650905457023,2.02866683574085
"TER-EXO-T02",2024-09-09,1.78142082196418,1.82859235479097,1.85868505802558
"TER-EXO-T02",2024-09-10,1.64845118348947,2.20629862511592,2.28851891855403
"TER-EXO-T02",2024-09-11,1.66757221776128,2.1203593829923,2.19146896667146
"TER-EXO-T02",2024-09-12,2.56641844273073,2.69249830110425,2.80454793691154
"TER-EXO-T02",2024-09-13,2.08123082312617,2.09381421597392,2.00531449700142
"TER-EXO-T02",2024-09-14,2.12984315949742,2.42570772580179,2.37132629677932
"TER-EXO-T02",2024-09-15,2.12633163732379,2.3062611690158,2.27133603663226
"TER-EXO-T02",2024-09-16,0.48482403800357,0.664511916338994,0.695482316219408
"TER-EXO-T02",2024-09-17,0.977787727771069,1.29938670037116,1.4142135623731
"TER-EXO-T02",2024-09-18,1.89917983823834,2.0090375516794,2.10061671413662
"TER-EXO-T02",2024-09-19,2.31566811969671,2.26734458106291,2.31096943081144
"TER-EXO-T02",2024-09-20,1.60374900454068,2.05847488218334,2.18650339616687
"TER-EXO-T02",2024-09-21,2.86588820741342,3.0713142161773,3.07485123947932
"TER-EXO-T02",2024-09-22,1.66145016978141,1.71945390724219,1.58571521832364
"TER-EXO-T02",2024-09-23,2.25502659131466,2.36127805604741,2.28535032040091
"TER-EXO-T02",2024-09-24,0.481543412343077,0.510310363079829,0.49453535504684
"TER-EXO-T02",2024-09-25,1.20216441278318,1.3666578295932,1.47626143554824
"TER-EXO-T02",2024-09-26,1.79168773159171,1.96976696186579,2.05880488056345
"TER-EXO-T02",2024-09-27,1.41932827549626,1.33446509937476,1.3185892219459
"TER-EXO-T02",2024-09-28,0.416485467846762,0.48482403800357,0.508977377704052
"TER-EXO-T02",2024-09-29,0.49453535504684,0.510310363079829,0.536696821549066
"TER-EXO-T02",2024-09-30,0.355469683168866,0.387765804114519,0.387765804114519
"TER-EXO-T02",2024-10-01,0.19034674690672,0.22421360157322,0.22421360157322
"TER-EXO-T02",2024-10-02,0.251805077592667,0.294114982937636,0.265804766535597
"TER-EXO-T02",2024-10-03,0.303959379437164,0.360530004379623,0.329690236697893
"TER-EXO-T02",2024-10-04,0.732278556328103,0.949589919119171,0.935414346693485
"TER-EXO-T02",2024-10-05,1.30199818562175,1.62799334115364,1.91378958605959
"TER-EXO-T02",2024-10-06,1.29781728688785,1.9109476744518,1.99171745129602
"TER-EXO-T02",2024-10-07,2.19425716194653,2.39706568809523,2.29207835564271
"TER-EXO-T02",2024-10-08,1.1210680078661,1.39031327926218,NA
"TER-EXO-T02",2024-10-09,1.62854963481113,2.14583773040214,NA
"TER-EXO-T02",2024-10-10,1.26387229908951,1.48162048965392,NA
"TER-EXO-T02",2024-10-11,0.69025305168635,1.05273109274078,NA
"TER-EXO-T02",2024-10-12,2.2793973269075,2.90302191377951,NA
"TER-EXO-T02",2024-10-13,0.911878138311493,1.26834366485346,NA
"TER-EXO-T02",2024-10-14,1.23578878172748,1.10642884209004,NA
"TER-EXO-T02",2024-10-15,0.951733734533601,1.23358790948792,NA
"TER-EXO-T02",2024-10-16,1.19156911529367,1.92793630750528,NA
"TER-EXO-T02",2024-10-17,2.44939729350901,2.98721611955472,NA
"TER-EXO-T02",2024-10-18,1.37508234272547,1.31256469819835,NA
"TER-EXO-T02",2024-10-19,0.550032937090187,0.736902546011914,NA
"TER-EXO-T02",2024-10-20,1.03121568893295,1.23578878172748,NA
"TER-EXO-T02",2024-10-21,1.74338813059888,2.30429655398251,NA
"TER-EXO-T02",2024-10-22,1.8056623900017,1.79862568307752,NA
"TER-EXO-T02",2024-10-23,1.52143501101875,1.81129707708296,NA
"TER-EXO-T02",2024-10-24,1.00519484015123,1.11316235778192,NA
"TER-EXO-T02",2024-10-25,1.53919209939519,1.97814142018736,NA
"TER-EXO-T02",2024-10-26,0.800531978921119,0.992499041725526,NA
"TER-EXO-T02",2024-10-27,0.8030738049718,1.00519484015123,NA
"TER-EXO-T02",2024-10-28,0.902643059439125,1.10335456873474,NA
"TER-EXO-T02",2024-10-29,1.46888008212113,1.79925507935359,NA
"TER-EXO-T02",2024-10-30,0.884651736929383,1.04235484514075,NA
"TER-EXO-T02",2024-10-31,0.722315118514615,0.766130877682874,NA
"TER-EXO-T02",2024-11-01,0.895843865795853,1.07149326926815,NA
"TER-EXO-T02",2024-11-02,1.01058707288588,1.09656082921738,NA
"TER-EXO-T02",2024-11-03,0.61642670615246,0.791428263111808,NA
"TER-EXO-T02",2024-11-04,1.38165386088714,1.81965417163477,NA
"TER-EXO-T02",2024-11-05,1.27901116696352,1.46641137435598,NA
"TER-EXO-T02",2024-11-06,0.987007995210118,1.28941482064933,NA
"TER-EXO-T02",2024-11-07,1.97802694109816,2.61259144490121,NA
"TER-EXO-T02",2024-11-08,1.00879286450602,1.03187426208508,NA
"TER-EXO-T02",2024-11-09,0.370443330172869,0.41702882811415,NA
"TER-EXO-T02",2024-11-10,0.520851448960313,0.624093545570845,NA
"TER-EXO-T02",2024-11-11,0.736902546011914,0.624093545570845,NA
"TER-EXO-T02",2024-11-12,0.318511028635303,0.408248290463863,NA
"TER-EXO-T02",2024-11-13,0.916831342257085,1.26673579140142,NA
"TER-EXO-T02",2024-11-14,0.601929265428846,0.6412736421045,NA
"TER-EXO-T02",2024-11-15,0.556581178890961,0.859726953621095,NA
"TER-EXO-T02",2024-11-16,0.78683690739605,0.940243570046875,NA
"TER-EXO-T02",2024-11-17,0.414851116999054,0.556581178890961,NA
"TER-EXO-T02",2024-11-18,0.326931274079147,0.318511028635303,NA
"TER-EXO-T02",2024-11-19,0.777572868107801,1.35918107270731,NA
"TER-EXO-T02",2024-11-20,0.567460015829501,0.820922069065183,NA
"TER-EXO-T02",2024-11-21,0.448427203146441,0.403225222065963,NA
"TER-EXO-T02",2024-11-22,0.441813620616566,0.437694056341324,NA
"TER-EXO-T02",2024-11-23,1.27244344426013,1.53875066959804,NA
"TER-EXO-T02",2024-11-24,0.72700248190474,1.11783142801107,NA
"TER-EXO-T02",2024-11-25,1.62799334115364,1.71312072216048,NA
"TER-EXO-T02",2024-11-26,1.38312814961625,1.31721461722306,NA
"TER-EXO-T02",2024-11-27,1.33089677732124,1.29099444873581,NA
"TER-EXO-T02",2024-11-28,1.1080649669647,1.44400309124885,NA
"TER-EXO-T02",2024-11-29,0.955533085905909,1.22751516416738,NA
"TER-EXO-T02",2024-11-30,0.829702233998107,1.51068057414579,NA
"TER-EXO-T02",2024-12-01,1.3254408618497,1.72773098248138,NA
"TER-EXO-T02",2024-12-02,0.721060008759246,1.29589653371207,NA
"TER-EXO-T02",2024-12-03,1.25902538796334,2.00361991246423,NA
"TER-EXO-T02",2024-12-04,0.840279025431261,1.05616718867553,NA
"TER-EXO-T02",2024-12-05,0.625181133172909,0.751508145500515,NA
"TER-EXO-T02",2024-12-06,0.390094748802747,0.576957914221314,NA
"TER-EXO-T02",2024-12-07,0.883627241233132,1.14840784554536,NA
"TER-EXO-T02",2024-12-08,0.758705514657047,1.13172306747246,NA
"TER-EXO-T02",2024-12-09,0.440273301155254,0.878229031565262,NA
"TER-EXO-T02",2024-12-10,0.637022057270606,0.598533836656866,NA
"TER-EXO-T02",2024-12-11,0.780189497605494,1.15607249910566,NA
"TER-EXO-T02",2024-12-12,0.96096833710978,1.45944574549997,NA
"TER-EXO-T02",2024-12-13,0.6412736421045,0.775531608229038,NA
"TER-EXO-T02",2024-12-14,0.820646175234818,1.32081990346576,NA
"TER-EXO-T02",2024-12-15,1.31049277157405,1.31308216902397,NA
"TER-EXO-T02",2024-12-16,1.0451752505431,1.42553702060011,NA
"TER-EXO-T02",2024-12-17,0.932261936818499,1.04170289792063,NA
"TER-EXO-T02",2024-12-18,0.706786460997433,1.04061541156309,NA
"TER-EXO-T02",2024-12-19,0.944089163069933,1.37508234272547,NA
"TER-EXO-T02",2024-12-20,1.23064729050333,1.56949521101254,NA
"TER-EXO-T02",2024-12-21,0.840279025431261,1.24455335099716,NA
"TER-EXO-T02",2024-12-22,0.69025305168635,1.08012344973464,NA
"TER-EXO-T02",2024-12-23,0.403225222065963,0.722315118514615,NA
"TER-EXO-T02",2024-12-24,0.375301810914046,0.779899194526567,NA
"TER-EXO-T02",2024-12-25,1.03909101859632,1.66362947902418,NA
"TER-EXO-T02",2024-12-26,0.894579084894362,1.33361636488746,NA
"TER-EXO-T02",2024-12-27,0.531183393096442,0.683328914796602,NA
"TER-EXO-T02",2024-12-28,0.434057366141216,0.658005330140078,NA
"TER-EXO-T02",2024-12-29,0.732278556328103,1.23578878172748,NA
"TER-EXO-T02",2024-12-30,0.464305621487536,0.557800416231313,NA
"TER-EXO-T02",2024-12-31,0.39699961669021,0.416485467846762,NA
"TER-EXO-T02",2025-01-01,0.437694056341324,0.437694056341324,NA
"TER-EXO-T02",2025-01-02,0.303959379437164,0.265804766535597,NA
"TER-EXO-T02",2025-01-03,0.48482403800357,0.571040240720161,NA
"TER-EXO-T02",2025-01-04,0.765835245459757,0.619724108789139,NA
"TER-EXO-T02",2025-01-05,1.14029458436425,1.46455711265621,NA
"TER-EXO-T02",2025-01-06,0.503610155185335,0.389513818102456,NA
"TER-EXO-T02",2025-01-07,1.63021737680966,1.6450133253502,NA
"TER-EXO-T02",2025-01-08,1.22400506771708,1.05616718867553,NA
"TER-EXO-T02",2025-01-09,0.361157559257308,0.358640751178386,NA
"TER-EXO-T02",2025-01-10,0.545070132437435,0.642684586917151,NA
"TER-EXO-T02",2025-01-11,0.24726767752342,0.24726767752342,NA
"TER-EXO-T02",2025-01-12,0.503610155185335,0.612372435695794,NA
"TER-EXO-T02",2025-01-13,0.42933636014776,0.326931274079147,NA
"TER-EXO-T02",2025-01-14,0.254488688852026,0.221162934232346,NA
"TER-EXO-T02",2025-01-15,NA,0.326931274079147,NA
"TER-EXO-T02",2025-01-16,NA,0.232152810743768,NA
"TER-EXO-T02",2025-01-17,NA,1.13711273069949,NA
"TER-EXO-T02",2025-01-18,NA,1.4866556183381,NA
"TER-EXO-T02",2025-01-19,NA,1.11234834497998,NA
"TER-EXO-T02",2025-01-20,NA,0.793713981266534,NA
"TER-EXO-T02",2025-01-21,NA,0.858672720295521,NA
"TER-EXO-T02",2025-01-22,NA,1.92134746648193,NA
"TER-EXO-T02",2025-01-23,NA,2.27303028283098,NA
"TER-EXO-T02",2025-01-24,NA,1.72733773541074,NA
"TER-EXO-T02",2025-01-25,NA,2.19673258681411,NA
"TER-EXO-T02",2025-01-26,NA,1.7161582897164,NA
"TER-EXO-T02",2025-01-27,NA,1.18795281221855,NA
"TER-EXO-T02",2025-01-28,NA,1.97217969607822,NA
"TER-EXO-T02",2025-01-29,NA,1.53919209939519,NA
"TER-EXO-T02",2025-01-30,NA,0.489009646921826,NA
"TER-EXO-T02",2025-01-31,NA,0.719488042623545,NA
"TER-EXO-T02",2025-02-01,NA,1.96424101210192,NA
"TER-EXO-T02",2025-02-02,NA,2.01612611032981,NA
"TER-EXO-T02",2025-02-03,NA,1.84105750959148,NA
"TER-EXO-T02",2025-02-04,NA,1.58742796253307,NA
"TER-EXO-T02",2025-02-05,NA,0.329002665070039,NA
"TER-EXO-T02",2025-02-06,NA,0.329690236697893,NA
"TER-EXO-T02",2025-02-07,NA,1.62729770665572,NA
"TER-EXO-T02",2025-02-08,NA,0.557800416231313,NA
"TER-EXO-T02",2025-02-09,NA,0.612372435695794,NA
"TER-EXO-T02",2025-02-10,NA,1.42934438198736,NA
"TER-EXO-T02",2025-02-11,NA,1.35667966379132,NA
"TER-EXO-T02",2025-02-12,NA,NA,NA
"TER-EXO-T02",2025-02-13,NA,NA,NA
"TER-EXO-T02",2025-02-14,NA,NA,NA
"TER-EXO-T02",2025-02-15,NA,NA,NA
"TER-EXO-T02",2025-02-16,NA,NA,NA
"TER-EXO-T02",2025-02-17,NA,NA,NA
"TER-EXO-T02",2025-02-18,NA,NA,NA
"TER-EXO-T02",2025-02-19,NA,NA,NA
"TER-EXO-T02",2025-02-20,NA,NA,NA
"TER-EXO-T02",2025-02-21,NA,NA,NA
"TER-EXO-T02",2025-02-22,NA,NA,NA
"TER-EXO-T02",2025-02-23,NA,NA,NA
"TER-EXO-T02",2025-02-24,NA,NA,NA
"TER-EXO-T02",2025-02-25,NA,NA,NA
"TER-EXO-T02",2025-02-26,NA,NA,NA
"TER-EXO-T02",2025-02-27,NA,NA,NA
"TER-EXO-T02",2025-02-28,NA,NA,NA
"TER-EXO-T02",2025-03-01,NA,NA,NA
"TER-EXO-T02",2025-03-02,NA,NA,NA
"TER-EXO-T02",2025-03-03,NA,NA,NA
"TER-EXO-T02",2025-03-04,NA,NA,NA
"TER-EXO-T02",2025-03-05,NA,NA,NA
"TER-EXO-T02",2025-03-06,NA,NA,NA
"TER-EXO-T02",2025-03-07,NA,NA,NA
"TER-EXO-T02",2025-03-08,NA,NA,NA
"TER-EXO-T02",2025-03-09,NA,NA,NA
"TER-EXO-T02",2025-03-10,NA,NA,NA
"TER-EXO-T02",2025-03-11,NA,NA,NA
"TER-EXO-T02",2025-03-12,NA,NA,NA
"TER-EXO-T02",2025-03-13,NA,NA,NA
"TER-EXO-T02",2025-03-14,NA,NA,NA
"TER-EXO-T02",2025-03-15,NA,NA,NA
"TER-EXO-T02",2025-03-16,NA,NA,NA
"TER-EXO-T02",2025-03-17,NA,NA,NA
"TER-EXO-T02",2025-03-18,NA,NA,NA
"TER-EXO-T02",2025-03-19,NA,NA,NA
"TER-EXO-T02",2025-03-20,NA,NA,NA
"TER-EXO-T02",2025-03-21,NA,NA,NA
"TER-EXO-T02",2025-03-22,NA,NA,NA
"TER-EXO-T02",2025-03-23,NA,NA,NA
"TER-EXO-T02",2025-03-24,NA,NA,NA
"TER-EXO-T02",2025-03-25,NA,NA,NA
"TER-EXO-T02",2025-03-26,NA,NA,NA
"TER-EXO-T02",2025-03-27,NA,NA,NA
"TER-EXO-T02",2025-03-28,NA,NA,NA
"TER-EXO-T02",2025-03-29,NA,NA,NA
"TER-EXO-T02",2025-03-30,NA,NA,NA
"TER-EXO-T02",2025-03-31,NA,NA,NA
"TER-EXO-T02",2025-04-01,NA,NA,NA
"TER-EXO-T02",2025-04-02,NA,NA,NA
"TER-EXO-T02",2025-04-03,NA,NA,NA
"TER-EXO-T02",2025-04-04,NA,NA,NA
"TER-EXO-T02",2025-04-05,NA,NA,NA
"TER-EXO-T02",2025-04-06,NA,NA,NA
"TER-EXO-T02",2025-04-07,NA,NA,NA
"TER-EXO-T02",2025-04-08,NA,NA,NA
"TER-EXO-T02",2025-04-09,NA,NA,NA
"TER-EXO-T02",2025-04-10,NA,NA,NA
"TER-EXO-T02",2025-04-11,NA,NA,NA
"TER-EXO-T02",2025-04-12,NA,NA,NA
"TER-EXO-T02",2025-04-13,NA,NA,NA
"TER-EXO-T02",2025-04-14,NA,NA,NA
"TER-EXO-T02",2025-04-15,NA,NA,NA
"TER-EXO-T02",2025-04-16,NA,NA,NA
"TER-EXO-T02",2025-04-17,NA,NA,NA
"TER-EXO-T02",2025-04-18,NA,NA,NA
"TER-EXO-T02",2025-04-19,NA,NA,NA
"TER-EXO-T02",2025-04-20,NA,NA,NA
"TER-EXO-T02",2025-04-21,NA,NA,NA
"TER-EXO-T02",2025-04-22,NA,NA,NA
"TER-EXO-T02",2025-04-23,NA,NA,NA
"TER-EXO-T02",2025-04-24,NA,NA,NA
"TER-EXO-T02",2025-04-25,NA,NA,NA
"TER-EXO-T02",2025-04-26,NA,NA,NA
"TER-EXO-T02",2025-04-27,NA,NA,NA
"TER-EXO-T02",2025-04-28,NA,NA,NA
"TER-EXO-T02",2025-04-29,NA,NA,NA
"TER-EXO-T02",2025-04-30,NA,NA,NA
"TER-EXO-T02",2025-05-01,NA,NA,NA
"TER-EXO-T02",2025-05-02,NA,NA,NA
"TER-EXO-T02",2025-05-03,NA,NA,NA
"TER-EXO-T02",2025-05-04,NA,NA,NA
"TER-EXO-T02",2025-05-05,NA,NA,NA
"TER-EXO-T02",2025-05-06,NA,NA,NA
"TER-EXO-T02",2025-05-07,NA,NA,NA
"TER-EXO-T02",2025-05-08,NA,NA,NA
"TER-EXO-T02",2025-05-09,NA,NA,NA
"TER-EXO-T02",2025-05-10,NA,NA,NA
"TER-EXO-T02",2025-05-11,NA,NA,NA
"TER-EXO-T02",2025-05-12,NA,NA,NA
"TER-EXO-T02",2025-05-13,NA,NA,NA
"TER-EXO-T02",2025-05-14,NA,NA,NA
"TER-EXO-T02",2025-05-15,NA,NA,NA
"TER-EXO-T02",2025-05-16,NA,NA,NA
"TER-EXO-T02",2025-05-17,NA,NA,NA
"TER-EXO-T02",2025-05-18,NA,NA,NA
"TER-EXO-T02",2025-05-19,NA,NA,NA
"TER-EXO-T02",2025-05-20,NA,NA,NA
"TER-EXO-T02",2025-05-21,NA,NA,NA
"TER-EXO-T02",2025-05-22,NA,NA,NA
"TER-EXO-T02",2025-05-23,NA,NA,NA
"TER-EXO-T02",2025-05-24,NA,NA,NA
"TER-EXO-T02",2025-05-25,NA,NA,NA
"TER-EXO-T02",2025-05-26,NA,NA,NA
"TER-EXO-T02",2025-05-27,NA,NA,NA
"TER-EXO-T02",2025-05-28,NA,NA,NA
"TER-EXO-T02",2025-05-29,NA,NA,NA
"TER-EXO-T02",2025-05-30,NA,NA,NA
"TER-EXO-T02",2025-05-31,NA,NA,NA
"TER-EXO-T02",2025-06-01,NA,NA,NA
"TER-EXO-T02",2025-06-02,NA,NA,NA
"TER-EXO-T02",2025-06-03,NA,NA,NA
"TER-EXO-T02",2025-06-04,NA,NA,NA
"TER-EXO-T02",2025-06-05,NA,NA,NA
"TER-EXO-T02",2025-06-06,NA,NA,NA
"TER-EXO-T02",2025-06-07,NA,NA,NA
"TER-EXO-T02",2025-06-08,NA,NA,NA
"TER-EXO-T02",2025-06-09,NA,NA,NA
"TER-EXO-T02",2025-06-10,NA,NA,NA
"TER-EXO-T02",2025-06-11,NA,NA,NA
"TER-EXO-T02",2025-06-12,NA,NA,NA
"TER-EXO-T04",2023-08-09,NA,NA,NA
"TER-EXO-T04",2023-08-10,NA,NA,NA
"TER-EXO-T04",2023-08-11,NA,NA,NA
"TER-EXO-T04",2023-08-12,NA,NA,NA
"TER-EXO-T04",2023-08-13,NA,NA,NA
"TER-EXO-T04",2023-08-14,NA,NA,NA
"TER-EXO-T04",2023-08-15,NA,NA,NA
"TER-EXO-T04",2023-08-16,NA,NA,NA
"TER-EXO-T04",2023-08-17,NA,NA,NA
"TER-EXO-T04",2023-08-18,NA,NA,NA
"TER-EXO-T04",2023-08-19,NA,NA,NA
"TER-EXO-T04",2023-08-20,NA,NA,NA
"TER-EXO-T04",2023-08-21,NA,NA,NA
"TER-EXO-T04",2023-08-22,NA,NA,NA
"TER-EXO-T04",2023-08-23,NA,NA,NA
"TER-EXO-T04",2023-08-24,NA,NA,NA
"TER-EXO-T04",2023-08-25,NA,NA,NA
"TER-EXO-T04",2023-08-26,NA,NA,NA
"TER-EXO-T04",2023-08-27,NA,NA,NA
"TER-EXO-T04",2023-08-28,NA,NA,NA
"TER-EXO-T04",2023-08-29,NA,NA,NA
"TER-EXO-T04",2023-08-30,NA,NA,NA
"TER-EXO-T04",2023-08-31,NA,NA,NA
"TER-EXO-T04",2023-09-01,NA,NA,NA
"TER-EXO-T04",2023-09-02,NA,NA,NA
"TER-EXO-T04",2023-09-03,NA,NA,NA
"TER-EXO-T04",2023-09-04,NA,NA,NA
"TER-EXO-T04",2023-09-05,NA,NA,NA
"TER-EXO-T04",2023-09-06,NA,NA,NA
"TER-EXO-T04",2023-09-07,NA,NA,NA
"TER-EXO-T04",2023-09-08,NA,NA,NA
"TER-EXO-T04",2023-09-09,NA,NA,NA
"TER-EXO-T04",2023-09-10,NA,NA,NA
"TER-EXO-T04",2023-09-11,NA,NA,NA
"TER-EXO-T04",2023-09-12,NA,NA,NA
"TER-EXO-T04",2023-09-13,NA,NA,NA
"TER-EXO-T04",2023-09-14,NA,NA,NA
"TER-EXO-T04",2023-09-15,NA,NA,NA
"TER-EXO-T04",2023-09-16,NA,NA,NA
"TER-EXO-T04",2023-09-17,NA,NA,NA
"TER-EXO-T04",2023-09-18,NA,NA,NA
"TER-EXO-T04",2023-09-19,NA,NA,NA
"TER-EXO-T04",2023-09-20,NA,NA,NA
"TER-EXO-T04",2023-09-21,NA,NA,NA
"TER-EXO-T04",2023-09-22,NA,NA,NA
"TER-EXO-T04",2023-09-23,NA,NA,NA
"TER-EXO-T04",2023-09-24,NA,NA,NA
"TER-EXO-T04",2023-09-25,NA,NA,NA
"TER-EXO-T04",2023-09-26,NA,NA,NA
"TER-EXO-T04",2023-09-27,NA,NA,NA
"TER-EXO-T04",2023-09-28,NA,NA,NA
"TER-EXO-T04",2023-09-29,NA,NA,NA
"TER-EXO-T04",2023-09-30,NA,NA,NA
"TER-EXO-T04",2023-10-01,NA,NA,NA
"TER-EXO-T04",2023-10-02,NA,NA,NA
"TER-EXO-T04",2023-10-03,NA,NA,NA
"TER-EXO-T04",2023-10-04,NA,NA,NA
"TER-EXO-T04",2023-10-05,NA,NA,NA
"TER-EXO-T04",2023-10-06,NA,NA,NA
"TER-EXO-T04",2023-10-07,NA,NA,NA
"TER-EXO-T04",2023-10-08,NA,NA,NA
"TER-EXO-T04",2023-10-09,NA,NA,NA
"TER-EXO-T04",2023-10-10,NA,NA,NA
"TER-EXO-T04",2023-10-11,NA,NA,NA
"TER-EXO-T04",2023-10-12,NA,NA,NA
"TER-EXO-T04",2023-10-13,NA,NA,NA
"TER-EXO-T04",2023-10-14,NA,NA,NA
"TER-EXO-T04",2023-10-15,NA,NA,NA
"TER-EXO-T04",2023-10-16,NA,NA,NA
"TER-EXO-T04",2023-10-17,NA,NA,NA
"TER-EXO-T04",2023-10-18,NA,NA,NA
"TER-EXO-T04",2023-10-19,NA,NA,NA
"TER-EXO-T04",2023-10-20,NA,NA,NA
"TER-EXO-T04",2023-10-21,NA,NA,NA
"TER-EXO-T04",2023-10-22,NA,NA,NA
"TER-EXO-T04",2023-10-23,NA,NA,NA
"TER-EXO-T04",2023-10-24,NA,NA,NA
"TER-EXO-T04",2023-10-25,NA,NA,NA
"TER-EXO-T04",2023-10-26,NA,NA,NA
"TER-EXO-T04",2023-10-27,NA,NA,NA
"TER-EXO-T04",2023-10-28,NA,NA,NA
"TER-EXO-T04",2023-10-29,NA,NA,NA
"TER-EXO-T04",2023-10-30,NA,NA,NA
"TER-EXO-T04",2023-10-31,NA,NA,NA
"TER-EXO-T04",2023-11-01,NA,NA,NA
"TER-EXO-T04",2023-11-02,NA,NA,NA
"TER-EXO-T04",2023-11-03,NA,NA,NA
"TER-EXO-T04",2023-11-04,NA,NA,NA
"TER-EXO-T04",2023-11-05,NA,NA,NA
"TER-EXO-T04",2023-11-06,NA,NA,NA
"TER-EXO-T04",2023-11-07,NA,NA,NA
"TER-EXO-T04",2023-11-08,NA,NA,NA
"TER-EXO-T04",2023-11-09,NA,NA,NA
"TER-EXO-T04",2023-11-10,NA,NA,NA
"TER-EXO-T04",2023-11-11,NA,NA,NA
"TER-EXO-T04",2023-11-12,NA,NA,NA
"TER-EXO-T04",2023-11-13,NA,NA,NA
"TER-EXO-T04",2023-11-14,NA,NA,NA
"TER-EXO-T04",2023-11-15,NA,NA,NA
"TER-EXO-T04",2023-11-16,NA,NA,NA
"TER-EXO-T04",2023-11-17,NA,NA,NA
"TER-EXO-T04",2023-11-18,NA,NA,NA
"TER-EXO-T04",2023-11-19,NA,NA,NA
"TER-EXO-T04",2023-11-20,NA,NA,NA
"TER-EXO-T04",2023-11-21,NA,NA,NA
"TER-EXO-T04",2023-11-22,NA,NA,NA
"TER-EXO-T04",2023-11-23,NA,NA,NA
"TER-EXO-T04",2023-11-24,NA,NA,NA
"TER-EXO-T04",2023-11-25,NA,NA,NA
"TER-EXO-T04",2023-11-26,NA,NA,NA
"TER-EXO-T04",2023-11-27,NA,NA,NA
"TER-EXO-T04",2023-11-28,NA,NA,NA
"TER-EXO-T04",2023-11-29,NA,NA,NA
"TER-EXO-T04",2023-11-30,NA,NA,NA
"TER-EXO-T04",2023-12-01,NA,NA,NA
"TER-EXO-T04",2023-12-02,NA,NA,NA
"TER-EXO-T04",2023-12-03,NA,NA,NA
"TER-EXO-T04",2023-12-04,NA,NA,NA
"TER-EXO-T04",2023-12-05,NA,NA,NA
"TER-EXO-T04",2023-12-06,NA,NA,NA
"TER-EXO-T04",2023-12-07,NA,NA,NA
"TER-EXO-T04",2023-12-08,NA,NA,NA
"TER-EXO-T04",2023-12-09,NA,NA,NA
"TER-EXO-T04",2023-12-10,NA,NA,NA
"TER-EXO-T04",2023-12-11,NA,NA,NA
"TER-EXO-T04",2023-12-12,NA,NA,NA
"TER-EXO-T04",2023-12-13,NA,NA,NA
"TER-EXO-T04",2023-12-14,NA,NA,NA
"TER-EXO-T04",2023-12-15,NA,NA,NA
"TER-EXO-T04",2023-12-16,NA,NA,NA
"TER-EXO-T04",2023-12-17,NA,NA,NA
"TER-EXO-T04",2023-12-18,NA,NA,NA
"TER-EXO-T04",2023-12-19,NA,NA,NA
"TER-EXO-T04",2023-12-20,NA,NA,NA
"TER-EXO-T04",2023-12-21,NA,NA,NA
"TER-EXO-T04",2023-12-22,NA,NA,NA
"TER-EXO-T04",2023-12-23,NA,NA,NA
"TER-EXO-T04",2023-12-24,NA,NA,NA
"TER-EXO-T04",2023-12-25,NA,NA,NA
"TER-EXO-T04",2023-12-26,NA,NA,NA
"TER-EXO-T04",2023-12-27,NA,NA,NA
"TER-EXO-T04",2023-12-28,NA,NA,NA
"TER-EXO-T04",2023-12-29,NA,NA,NA
"TER-EXO-T04",2023-12-30,NA,NA,NA
"TER-EXO-T04",2023-12-31,NA,NA,NA
"TER-EXO-T04",2024-01-01,NA,NA,NA
"TER-EXO-T04",2024-01-02,NA,NA,NA
"TER-EXO-T04",2024-01-03,NA,NA,NA
"TER-EXO-T04",2024-01-04,NA,NA,NA
"TER-EXO-T04",2024-01-05,NA,NA,NA
"TER-EXO-T04",2024-01-06,NA,NA,NA
"TER-EXO-T04",2024-01-07,NA,NA,NA
"TER-EXO-T04",2024-01-08,NA,NA,NA
"TER-EXO-T04",2024-01-09,NA,NA,NA
"TER-EXO-T04",2024-01-10,NA,NA,NA
"TER-EXO-T04",2024-01-11,NA,NA,NA
"TER-EXO-T04",2024-01-12,NA,NA,NA
"TER-EXO-T04",2024-01-13,NA,NA,NA
"TER-EXO-T04",2024-01-14,NA,NA,NA
"TER-EXO-T04",2024-01-15,NA,NA,NA
"TER-EXO-T04",2024-01-16,NA,NA,NA
"TER-EXO-T04",2024-01-17,NA,NA,NA
"TER-EXO-T04",2024-01-18,NA,NA,NA
"TER-EXO-T04",2024-01-19,NA,NA,NA
"TER-EXO-T04",2024-01-20,NA,NA,NA
"TER-EXO-T04",2024-01-21,NA,NA,NA
"TER-EXO-T04",2024-01-22,NA,NA,NA
"TER-EXO-T04",2024-01-23,NA,NA,NA
"TER-EXO-T04",2024-01-24,NA,NA,NA
"TER-EXO-T04",2024-01-25,NA,NA,NA
"TER-EXO-T04",2024-01-26,NA,NA,NA
"TER-EXO-T04",2024-01-27,NA,NA,NA
"TER-EXO-T04",2024-01-28,NA,NA,NA
"TER-EXO-T04",2024-01-29,NA,NA,NA
"TER-EXO-T04",2024-01-30,NA,NA,NA
"TER-EXO-T04",2024-01-31,NA,NA,NA
"TER-EXO-T04",2024-02-01,NA,NA,NA
"TER-EXO-T04",2024-02-02,NA,NA,NA
"TER-EXO-T04",2024-02-03,NA,NA,NA
"TER-EXO-T04",2024-02-04,NA,NA,NA
"TER-EXO-T04",2024-02-05,NA,NA,NA
"TER-EXO-T04",2024-02-06,NA,NA,NA
"TER-EXO-T04",2024-02-07,NA,NA,NA
"TER-EXO-T04",2024-02-08,NA,NA,NA
"TER-EXO-T04",2024-02-09,NA,NA,NA
"TER-EXO-T04",2024-02-10,NA,NA,NA
"TER-EXO-T04",2024-02-11,NA,NA,NA
"TER-EXO-T04",2024-02-12,NA,NA,NA
"TER-EXO-T04",2024-02-13,NA,NA,NA
"TER-EXO-T04",2024-02-14,NA,NA,NA
"TER-EXO-T04",2024-02-15,NA,NA,NA
"TER-EXO-T04",2024-02-16,NA,NA,NA
"TER-EXO-T04",2024-02-17,NA,NA,NA
"TER-EXO-T04",2024-02-18,NA,NA,NA
"TER-EXO-T04",2024-02-19,NA,NA,NA
"TER-EXO-T04",2024-02-20,NA,NA,NA
"TER-EXO-T04",2024-02-21,NA,NA,NA
"TER-EXO-T04",2024-02-22,NA,NA,NA
"TER-EXO-T04",2024-02-23,NA,NA,NA
"TER-EXO-T04",2024-02-24,NA,NA,NA
"TER-EXO-T04",2024-02-25,NA,NA,NA
"TER-EXO-T04",2024-02-26,NA,NA,NA
"TER-EXO-T04",2024-02-27,NA,NA,NA
"TER-EXO-T04",2024-02-28,NA,NA,NA
"TER-EXO-T04",2024-02-29,NA,NA,NA
"TER-EXO-T04",2024-03-01,NA,NA,NA
"TER-EXO-T04",2024-03-02,NA,NA,NA
"TER-EXO-T04",2024-03-03,NA,NA,NA
"TER-EXO-T04",2024-03-04,NA,NA,NA
"TER-EXO-T04",2024-03-05,NA,NA,NA
"TER-EXO-T04",2024-03-06,NA,NA,NA
"TER-EXO-T04",2024-03-07,NA,NA,NA
"TER-EXO-T04",2024-03-08,NA,NA,NA
"TER-EXO-T04",2024-03-09,NA,NA,NA
"TER-EXO-T04",2024-03-10,NA,NA,NA
"TER-EXO-T04",2024-03-11,NA,NA,NA
"TER-EXO-T04",2024-03-12,NA,NA,NA
"TER-EXO-T04",2024-03-13,NA,NA,NA
"TER-EXO-T04",2024-03-14,NA,NA,NA
"TER-EXO-T04",2024-03-15,NA,NA,NA
"TER-EXO-T04",2024-03-16,NA,NA,NA
"TER-EXO-T04",2024-03-17,NA,NA,NA
"TER-EXO-T04",2024-03-18,NA,NA,NA
"TER-EXO-T04",2024-03-19,NA,NA,NA
"TER-EXO-T04",2024-03-20,NA,NA,NA
"TER-EXO-T04",2024-03-21,1.15136182756378,1.16950999276979,1.45820392800602
"TER-EXO-T04",2024-03-22,0.732278556328103,0.779899194526567,0.985400676249831
"TER-EXO-T04",2024-03-23,0.637022057270606,0.607546145441299,0.846722153836252
"TER-EXO-T04",2024-03-24,1.3254408618497,1.37260991217989,2.24051947910119
"TER-EXO-T04",2024-03-25,0.464305621487536,0.442325868464691,0.583592075121765
"TER-EXO-T04",2024-03-26,0.612372435695794,0.629872312802192,0.637022057270606
"TER-EXO-T04",2024-03-27,1.81129707708296,1.88229258148643,1.92699642381383
"TER-EXO-T04",2024-03-28,1.93180849412436,2.1466818007388,2.23566285602215
"TER-EXO-T04",2024-03-29,1.50361882311222,1.60106395784224,1.67123468199976
"TER-EXO-T04",2024-03-30,1.25956485469721,1.31049277157405,1.30772509631659
"TER-EXO-T04",2024-03-31,1.56718500521786,1.41277171299665,1.64391169232837
"TER-EXO-T04",2024-04-01,1.13890361720181,1.17472630176479,1.32133414132969
"TER-EXO-T04",2024-04-02,0.850990471514632,0.586301969977929,0.63381465310669
"TER-EXO-T04",2024-04-03,NA,0.855502225579229,0.88771812996067
"TER-EXO-T04",2024-04-04,NA,1.60826105567113,1.68096224168511
"TER-EXO-T04",2024-04-05,NA,1.35065738154383,1.38165386088714
"TER-EXO-T04",2024-04-06,NA,1.33903896967894,1.4939491483886
"TER-EXO-T04",2024-04-07,NA,0.829702233998107,0.892805381522402
"TER-EXO-T04",2024-04-08,NA,2.45798020062544,2.65395521078815
"TER-EXO-T04",2024-04-09,NA,0.449939609474331,0.674321989058296
"TER-EXO-T04",2024-04-10,NA,0.207425558499527,0.204124145231931
"TER-EXO-T04",2024-04-11,NA,0.434057366141216,NA
"TER-EXO-T04",2024-04-12,NA,1.74130864498556,NA
"TER-EXO-T04",2024-04-13,NA,0.48482403800357,NA
"TER-EXO-T04",2024-04-14,NA,0.360530004379623,NA
"TER-EXO-T04",2024-04-15,NA,0.793713981266533,NA
"TER-EXO-T04",2024-04-16,NA,0.920528754795741,NA
"TER-EXO-T04",2024-04-17,NA,1.08347267777192,NA
"TER-EXO-T04",2024-04-18,NA,1.09325169808344,NA
"TER-EXO-T04",2024-04-19,NA,0.606426931450447,NA
"TER-EXO-T04",2024-04-20,NA,1.88241288267733,NA
"TER-EXO-T04",2024-04-21,NA,0.938073496085446,NA
"TER-EXO-T04",2024-04-22,NA,0.98815447950324,NA
"TER-EXO-T04",2024-04-23,NA,0.545070132437435,NA
"TER-EXO-T04",2024-04-24,NA,1.02128613146309,NA
"TER-EXO-T04",2024-04-25,NA,1.393404495097,NA
"TER-EXO-T04",2024-04-26,NA,1.33903896967894,NA
"TER-EXO-T04",2024-04-27,NA,1.59482859921358,NA
"TER-EXO-T04",2024-04-28,NA,1.85514853501183,NA
"TER-EXO-T04",2024-04-29,NA,1.93917937970335,NA
"TER-EXO-T04",2024-04-30,NA,2.30301865549027,NA
"TER-EXO-T04",2024-05-01,NA,1.11965315540385,NA
"TER-EXO-T04",2024-05-02,NA,0.557800416231313,NA
"TER-EXO-T04",2024-05-03,NA,1.20385853085769,NA
"TER-EXO-T04",2024-05-04,NA,1.15077163777999,NA
"TER-EXO-T04",2024-05-05,NA,2.22265998103721,NA
"TER-EXO-T04",2024-05-06,NA,0.412112795872367,NA
"TER-EXO-T04",2024-05-07,NA,1.37376426684842,NA
"TER-EXO-T04",2024-05-08,NA,0.820646175234818,NA
"TER-EXO-T04",2024-05-09,NA,1.35333725993576,NA
"TER-EXO-T04",2024-05-10,NA,2.11447735687891,NA
"TER-EXO-T04",2024-05-11,NA,1.54814053962642,NA
"TER-EXO-T04",2024-05-12,NA,0.907896118682551,NA
"TER-EXO-T04",2024-05-13,NA,1.193088489982,NA
"TER-EXO-T04",2024-05-14,NA,1.46702894076548,2.02699177407653
"TER-EXO-T04",2024-05-15,NA,1.42426563838901,1.7161582897164
"TER-EXO-T04",2024-05-16,NA,0.63381465310669,0.8198179366636
"TER-EXO-T04",2024-05-17,1.25956485469721,1.23064729050333,1.66974353667288
"TER-EXO-T04",2024-05-18,1.66757221776128,1.70663135436747,2.08340579584125
"TER-EXO-T04",2024-05-19,2.39025421605973,2.45503032833476,3.03840156298851
"TER-EXO-T04",2024-05-20,0.865763883197535,0.825049405635281,0.97034843584999
"TER-EXO-T04",2024-05-21,1.57755428947212,1.87662972651367,2.01444062074134
"TER-EXO-T04",2024-05-22,NA,1.37112431385997,1.97401599042024
"TER-EXO-T04",2024-05-23,NA,0.39699961669021,0.39699961669021
"TER-EXO-T04",2024-05-24,NA,0.949589919119171,0.876163822283402
"TER-EXO-T04",2024-05-25,NA,1.718268213107,1.80528611887825
"TER-EXO-T04",2024-05-26,NA,2.45355406221911,2.45392321200864
"TER-EXO-T04",2024-05-27,NA,1.67448348081915,1.7753087096313
"TER-EXO-T04",2024-05-28,NA,1.08263634211833,1.25902538796334
"TER-EXO-T04",2024-05-29,NA,0.387765804114519,0.465766471310571
"TER-EXO-T04",2024-05-30,NA,0.938073496085446,0.943849272540569
"TER-EXO-T04",2024-05-31,NA,1.24163870214594,1.40634560866612
"TER-EXO-T04",2024-06-01,NA,2.05351854284229,2.24808694839329
"TER-EXO-T04",2024-06-02,NA,1.31876094679157,1.81766193983816
"TER-EXO-T04",2024-06-03,NA,1.01951075223023,1.35065738154383
"TER-EXO-T04",2024-06-04,NA,NA,1.91674543001366
"TER-EXO-T04",2024-06-05,0.719488042623545,0.751809411556112,0.772899209732936
"TER-EXO-T04",2024-06-06,1.49622108534531,1.58671454379112,1.83366268451417
"TER-EXO-T04",2024-06-07,1.19099885007063,1.28519298725629,1.42934438198736
"TER-EXO-T04",2024-06-08,1.35918107270731,1.35065738154383,1.41357292199487
"TER-EXO-T04",2024-06-09,1.50120724365618,1.57597450873227,1.45073070044629
"TER-EXO-T04",2024-06-10,0.92641392132415,0.928611242975073,1.05208557540298
"TER-EXO-T04",2024-06-11,2.05792476729012,2.17153855829109,2.25452443650154
"TER-EXO-T04",2024-06-12,2.22540909771078,2.42570772580179,2.36127805604741
"TER-EXO-T04",2024-06-13,0.510310363079829,0.506747943519132,0.503610155185335
"TER-EXO-T04",2024-06-14,1.42696597158376,1.53933921453048,1.81067186665493
"TER-EXO-T04",2024-06-15,2.02419692431487,2.18152652310589,2.24082266854922
"TER-EXO-T04",2024-06-16,0.735980072193987,0.840279025431261,0.736902546011914
"TER-EXO-T04",2024-06-17,0.977787727771069,0.999093792292346,1.14978731492621
"TER-EXO-T04",2024-06-18,1.4957669740236,1.52500296982367,1.66104123097968
"TER-EXO-T04",2024-06-19,1.5022627860201,1.56949521101254,1.71259189957583
"TER-EXO-T04",2024-06-20,2.47450770978736,2.56650667673769,2.70533557617353
"TER-EXO-T04",2024-06-21,2.6566842142966,2.58339177119504,2.87409406016342
"TER-EXO-T04",2024-06-22,1.63507190818249,1.53226175536575,1.65009881127056
"TER-EXO-T04",2024-06-23,1.12751329565733,1.07592225353516,1.206113653404
"TER-EXO-T04",2024-06-24,1.18699932236895,1.23285341230492,1.20517453183093
"TER-EXO-T04",2024-06-25,1.51979689718582,1.61962600800219,1.88229258148643
"TER-EXO-T04",2024-06-26,2.40235014764377,2.49891280708057,2.34482161492023
"TER-EXO-T04",2024-06-27,0.920528754795741,0.996370223957142,1.1080649669647
"TER-EXO-T04",2024-06-28,1.76263554314867,1.87070764724189,2.07370965642021
"TER-EXO-T04",2024-06-29,0.683328914796602,0.755415232778002,0.890519714727777
"TER-EXO-T04",2024-06-30,0.545070132437435,0.551266657377563,0.575779245136914
"TER-EXO-T04",2024-07-01,1.750646878372,1.81965417163477,2.09284062557519
"TER-EXO-T04",2024-07-02,1.59695702482266,1.47380509202383,1.56255434688094
"TER-EXO-T04",2024-07-03,1.193088489982,1.31308216902397,1.46192621594579
"TER-EXO-T04",2024-07-04,1.3349740810598,1.34864397811659,1.40634560866612
"TER-EXO-T04",2024-07-05,2.15173926953476,2.21398306553884,2.27611654397114
"TER-EXO-T04",2024-07-06,0.978019293843651,0.919790461329983,1.01595068635316
"TER-EXO-T04",2024-07-07,0.701964118163034,0.749093655258023,0.761386987626881
"TER-EXO-T04",2024-07-08,0.326931274079147,0.339836917410076,0.312046772785422
"TER-EXO-T04",2024-07-09,0.326931274079147,0.251805077592667,0.294883912309794
"TER-EXO-T04",2024-07-10,0.920528754795741,1.05616718867553,1.03909101859632
"TER-EXO-T04",2024-07-11,0.972213595544888,1.07254944820301,1.206113653404
"TER-EXO-T04",2024-07-12,0.98333026282989,0.944089163069933,0.943129234847054
"TER-EXO-T04",2024-07-13,1.04235484514075,1.09325169808344,1.13172306747246
"TER-EXO-T04",2024-07-14,1.76879144853366,1.88048714009375,1.82064947003909
"TER-EXO-T04",2024-07-15,1.04582503316759,1.09821165563825,1.05616718867553
"TER-EXO-T04",2024-07-16,0.880546602310508,0.977092700273386,1.11965315540385
"TER-EXO-T04",2024-07-17,0.541318171059166,0.520851448960313,0.629872312802192
"TER-EXO-T04",2024-07-18,NA,NA,NA
"TER-EXO-T04",2024-07-19,1.85331665095192,2.03368374267421,1.95221446166855
"TER-EXO-T04",2024-07-20,1.26816511291834,1.36134524260572,1.40891956755029
"TER-EXO-T04",2024-07-21,1.07655347814419,1.28095723944063,1.25902538796334
"TER-EXO-T04",2024-07-22,1.34528160943932,1.48406389760479,1.64831380683324
"TER-EXO-T04",2024-07-23,1.53698368260034,1.61962600800219,1.79168773159171
"TER-EXO-T04",2024-07-24,1.86488819263099,2.02955963667998,2.14414859289318
"TER-EXO-T04",2024-07-25,2.57065025890789,2.4726767752342,2.37199466602524
"TER-EXO-T04",2024-07-26,0.880546602310508,0.904898104600814,0.994322651975647
"TER-EXO-T04",2024-07-27,1.4116492564332,1.53093108923949,1.67245372111618
"TER-EXO-T04",2024-07-28,1.60487820658485,1.59468660316654,1.55325161506761
"TER-EXO-T04",2024-07-29,0.923721207705668,1.34309155590236,1.45944574549997
"TER-EXO-T04",2024-07-30,0.888483074635102,1.0475558163677,1.3254408618497
"TER-EXO-T04",2024-07-31,0.625181133172909,0.820922069065183,0.896854406292881
"TER-EXO-T04",2024-08-01,1.65940446799621,1.87650905457023,1.82859235479097
"TER-EXO-T04",2024-08-02,1.75645806313052,1.72248030635973,1.89344789406422
"TER-EXO-T04",2024-08-03,1.91816261721653,2.17185137746511,2.17934556724015
"TER-EXO-T04",2024-08-04,1.77339435440397,1.8819316317727,1.85319446096327
"TER-EXO-T04",2024-08-05,1.27404411454121,1.42553702060011,1.42187873267546
"TER-EXO-T04",2024-08-06,1.14128709441755,1.25524262912435,1.39470400994703
"TER-EXO-T04",2024-08-07,1.69397910771984,1.8266098716443,2.07948920706957
"TER-EXO-T04",2024-08-08,1.84744241541134,1.94104689368347,2.1135132849824
"TER-EXO-T04",2024-08-09,1.75491029540758,1.76610088014263,1.72576385104255
"TER-EXO-T04",2024-08-10,1.17009073102926,1.34309155590236,1.43692884053234
"TER-EXO-T04",2024-08-11,1.38949865841574,1.3790290114761,1.5667514623984
"TER-EXO-T04",2024-08-12,2.14921202277499,2.29484298979823,2.23758652978178
"TER-EXO-T04",2024-08-13,0.977787727771069,0.974307632279887,0.953397813771538
"TER-EXO-T04",2024-08-14,1.56371329704723,1.81329630183841,1.69705093737871
"TER-EXO-T04",2024-08-15,1.90715187147473,1.9388290205726,1.97252413148112
"TER-EXO-T04",2024-08-16,1.79925507935359,1.86488819263099,2.0375772413562
"TER-EXO-T04",2024-08-17,1.41357292199487,1.43708642443812,1.5166646759025
"TER-EXO-T04",2024-08-18,1.91946078630039,2.07425558499527,1.89093470484071
"TER-EXO-T04",2024-08-19,1.84105750959148,1.82325954332312,1.79963261146043
"TER-EXO-T04",2024-08-20,0.831610538026378,0.947680234091097,1.0475558163677
"TER-EXO-T04",2024-08-21,1.50346821272239,1.67015034470345,1.67245372111618
"TER-EXO-T04",2024-08-22,2.18028052974974,2.3993318816414,2.24486128166376
"TER-EXO-T04",2024-08-23,0.398707149803396,0.531609533071195,0.499546896146173
"TER-EXO-T04",2024-08-24,1.39859530979469,1.68055805086252,1.77492600376483
"TER-EXO-T04",2024-08-25,2.53204105102148,2.70667451987152,2.75370304041351
"TER-EXO-T04",2024-08-26,1.09345881217037,1.16076405371884,1.31721461722306
"TER-EXO-T04",2024-08-27,1.25902538796334,1.39470400994703,1.3790290114761
"TER-EXO-T04",2024-08-28,1.4212415474619,1.41357292199487,1.44212001751849
"TER-EXO-T04",2024-08-29,1.6151457061745,1.64170620860199,1.72995769404584
"TER-EXO-T04",2024-08-30,1.48177332069148,1.5551457362156,1.68956194477071
"TER-EXO-T04",2024-08-31,1.28941482064933,1.50542497249982,1.6352103973123
"TER-EXO-T04",2024-09-01,1.17318314667923,1.36466803310538,1.5667514623984
"TER-EXO-T04",2024-09-02,1.3006060460249,1.30147630777903,1.50587617136279
"TER-EXO-T04",2024-09-03,1.48406389760479,1.4957669740236,1.6168272742574
"TER-EXO-T04",2024-09-04,1.22178296893859,1.23064729050333,1.26816511291834
"TER-EXO-T04",2024-09-05,0.79285760916182,0.859726953621095,0.928611242975073
"TER-EXO-T04",2024-09-06,0.943849272540569,0.941927948873779,1.04235484514075
"TER-EXO-T04",2024-09-07,0.569451808600904,0.545070132437435,0.624093545570845
"TER-EXO-T04",2024-09-08,1.07318265663062,1.24218571973713,1.43944811284229
"TER-EXO-T04",2024-09-09,0.919790461329983,1.05616718867553,0.92641392132415
"TER-EXO-T04",2024-09-10,1.40650661909755,1.52500296982367,1.73361898426635
"TER-EXO-T04",2024-09-11,1.63021737680966,1.76610088014263,1.89344789406422
"TER-EXO-T04",2024-09-12,2.16600463687327,2.36281197618063,2.49019817615421
"TER-EXO-T04",2024-09-13,1.79320375589193,1.750646878372,1.84044240900648
"TER-EXO-T04",2024-09-14,1.36930639376292,1.36466803310538,1.47794780359285
"TER-EXO-T04",2024-09-15,1.78142082196418,1.83119110678411,1.78763871459337
"TER-EXO-T04",2024-09-16,0.6412736421045,0.772899209732936,0.865763883197535
"TER-EXO-T04",2024-09-17,0.613480803002159,0.732278556328103,0.688610762774367
"TER-EXO-T04",2024-09-18,1.35383914656897,1.42378857736796,1.58742796253307
"TER-EXO-T04",2024-09-19,1.08263634211833,1.01595068635316,1.0475558163677
"TER-EXO-T04",2024-09-20,0.958372715006831,1.18394299461281,1.3185892219459
"TER-EXO-T04",2024-09-21,1.94477654168839,2.19425716194653,2.11619017802399
"TER-EXO-T04",2024-09-22,0.977787727771069,0.978019293843651,0.98815447950324
"TER-EXO-T04",2024-09-23,1.87034446180299,1.97802694109816,2.03056356851912
"TER-EXO-T04",2024-09-24,0.461860603852834,0.601929265428846,0.619724108789139
"TER-EXO-T04",2024-09-25,1.11234834497998,1.19782411425704,1.2006565233057
"TER-EXO-T04",2024-09-26,1.02659384740813,1.33089677732124,1.10806496696471
"TER-EXO-T04",2024-09-27,1.79320375589193,1.69985080334222,1.69183889321049
"TER-EXO-T04",2024-09-28,0.458415671128542,0.477292332867911,0.481543412343077
"TER-EXO-T04",2024-09-29,0.531183393096442,0.61642670615246,0.571040240720161
"TER-EXO-T04",2024-09-30,0.38069349381344,0.38069349381344,0.412112795872367
"TER-EXO-T04",2024-10-01,0.19034674690672,0.221162934232346,0.221162934232346
"TER-EXO-T04",2024-10-02,0.204124145231931,0.19034674690672,0.204124145231931
"TER-EXO-T04",2024-10-03,0.416485467846762,0.434057366141216,0.448427203146441
"TER-EXO-T04",2024-10-04,0.816496580927726,0.907896118682551,0.895843865795853
"TER-EXO-T04",2024-10-05,1.18566314838966,1.39080182274288,1.3790290114761
"TER-EXO-T04",2024-10-06,0.983330262829891,0.664511916338994,0.765835245459757
"TER-EXO-T04",2024-10-07,1.88132989502454,1.79925507935359,1.79925507935359
"TER-EXO-T04",2024-10-08,1.07318265663062,1.10253331475513,1.11965315540385
"TER-EXO-T04",2024-10-09,2.36587683289004,2.4726767752342,2.59703007633553
"TER-EXO-T04",2024-10-10,1.02062072615966,0.862881925521276,0.880546602310508
"TER-EXO-T04",2024-10-11,0.619724108789139,0.441813620616566,0.545070132437435
"TER-EXO-T04",2024-10-12,1.76725448246626,1.76917548142008,1.7769661492702
"TER-EXO-T04",2024-10-13,0.978019293843651,1.05273109274078,1.05788105136664
"TER-EXO-T04",2024-10-14,0.368604890387243,0.434057366141216,0.461860603852834
"TER-EXO-T04",2024-10-15,0.541318171059166,0.508977377704052,0.524749767832802
"TER-EXO-T04",2024-10-16,0.789422830805584,0.859726953621095,0.806450444131926
"TER-EXO-T04",2024-10-17,1.68055805086252,1.7475396783868,1.66035944248854
"TER-EXO-T04",2024-10-18,0.865763883197535,0.954584665735822,0.954584665735822
"TER-EXO-T04",2024-10-19,0.663488802697037,0.780189497605494,0.8030738049718
"TER-EXO-T04",2024-10-20,0.798265783351363,0.862881925521276,0.908893259146386
"TER-EXO-T04",2024-10-21,1.10253331475513,1.18795281221855,1.25686520555211
"TER-EXO-T04",2024-10-22,1.45571711497824,1.3805061033727,1.4116492564332
"TER-EXO-T04",2024-10-23,1.74403746137136,1.8157922373651,1.86646608653196
"TER-EXO-T04",2024-10-24,0.850990471514632,0.806450444131925,0.916831342257085
"TER-EXO-T04",2024-10-25,1.20385853085769,1.16017864691332,1.30477800877157
"TER-EXO-T04",2024-10-26,0.840279025431261,0.865763883197535,0.865763883197535
"TER-EXO-T04",2024-10-27,0.949589919119171,0.840279025431261,0.884395724266829
"TER-EXO-T04",2024-10-28,0.865763883197535,0.895843865795853,0.932261936818499
"TER-EXO-T04",2024-10-29,1.35868115934299,1.61051234084064,1.66757221776128
"TER-EXO-T04",2024-10-30,1.40118350596605,1.47626143554824,1.59695702482266
"TER-EXO-T04",2024-10-31,1.06130047378307,1.06810647843526,1.05552377272263
"TER-EXO-T04",2024-11-01,1.06810647843526,1.15136182756378,1.10314931255796
"TER-EXO-T04",2024-11-02,0.510310363079829,0.765835245459757,0.74180303257026
"TER-EXO-T04",2024-11-03,0.453948059341275,0.414851116999053,0.38069349381344
"TER-EXO-T04",2024-11-04,1.01058707288588,1.1355184604017,1.16017864691332
"TER-EXO-T04",2024-11-05,1.29938670037116,1.20686442450278,1.2465532188945
"TER-EXO-T04",2024-11-06,0.726067430094119,0.857353105684051,0.878229031565262
"TER-EXO-T04",2024-11-07,1.61500549646841,1.7523276445668,1.72877920401417
"TER-EXO-T04",2024-11-08,0.902643059439125,0.829702233998107,0.899879218948661
"TER-EXO-T04",2024-11-09,0.291796037560882,0.545070132437435,0.449939609474331
"TER-EXO-T04",2024-11-10,0.918558653543692,0.932261936818499,0.931532942621143
"TER-EXO-T04",2024-11-11,0.575779245136914,0.531609533071195,0.551266657377563
"TER-EXO-T04",2024-11-12,0.56465970257328,0.653862548158295,0.517361617708795
"TER-EXO-T04",2024-11-13,1.32629482808857,1.35065738154383,1.38247310428014
"TER-EXO-T04",2024-11-14,0.414851116999054,0.42933636014776,0.380693493813441
"TER-EXO-T04",2024-11-15,0.735980072193987,0.88771812996067,0.944089163069933
"TER-EXO-T04",2024-11-16,0.675328690771916,0.642332141271278,0.706786460997433
"TER-EXO-T04",2024-11-17,0.291796037560882,0.360530004379623,0.360530004379623
"TER-EXO-T04",2024-11-18,0.240771706171538,0.232152810743768,0.240771706171538
"TER-EXO-T04",2024-11-19,1.05552377272263,1.23780281026561,1.29781728688785
"TER-EXO-T04",2024-11-20,1.05208557540298,1.03209369308428,1.00991461828804
"TER-EXO-T04",2024-11-21,0.991814323436556,0.949589919119171,1.04257207028537
"TER-EXO-T04",2024-11-22,0.412112795872367,0.412112795872367,0.453948059341275
"TER-EXO-T04",2024-11-23,1.29099444873581,1.33242722834704,1.39859530979469
"TER-EXO-T04",2024-11-24,0.707106781186548,0.556581178890961,0.588229965875272
"TER-EXO-T04",2024-11-25,1.63299316185545,1.43314162856859,1.43456300471354
"TER-EXO-T04",2024-11-26,1.00879286450602,1.02128613146309,1.08263634211833
"TER-EXO-T04",2024-11-27,1.52856260034989,1.31446109528373,1.28800908044328
"TER-EXO-T04",2024-11-28,0.51604684654214,0.601929265428846,0.653862548158294
"TER-EXO-T04",2024-11-29,0.966607319517563,0.846722153836252,0.859726953621095
"TER-EXO-T04",2024-11-30,0.679673834820151,0.646898957233327,0.570643547208776
"TER-EXO-T04",2024-12-01,1.30217209842365,1.282547284209,1.23064729050333
"TER-EXO-T04",2024-12-02,0.440273301155254,0.42933636014776,0.453948059341275
"TER-EXO-T04",2024-12-03,0.625181133172909,0.920528754795741,0.9469631093315
"TER-EXO-T04",2024-12-04,0.744241175652242,0.797414299606792,0.857353105684051
"TER-EXO-T04",2024-12-05,0.547970564109455,0.56465970257328,0.642332141271278
"TER-EXO-T04",2024-12-06,0.650738153889517,0.69025305168635,0.701964118163034
"TER-EXO-T04",2024-12-07,1.11295891039691,1.16076405371884,1.11316235778192
"TER-EXO-T04",2024-12-08,0.92641392132415,0.888483074635102,0.805045232323598
"TER-EXO-T04",2024-12-09,0.746974574194299,0.831610538026378,0.793713981266533
"TER-EXO-T04",2024-12-10,0.670280062599836,0.601929265428846,0.598533836656866
"TER-EXO-T04",2024-12-11,0.84698955385992,0.896601877945966,0.902643059439125
"TER-EXO-T04",2024-12-12,1.04582503316759,1.05100883213101,1.17260393995586
"TER-EXO-T04",2024-12-13,0.740886660345738,0.659036956585082,0.675328690771916
"TER-EXO-T04",2024-12-14,0.932261936818499,0.974307632279888,1.18852453896003
"TER-EXO-T04",2024-12-15,1.23358790948792,1.19706767331373,1.29938670037116
"TER-EXO-T04",2024-12-16,0.912622832709443,0.890519714727777,0.769669607265238
"TER-EXO-T04",2024-12-17,0.832970935693524,0.734440041060564,0.777572868107801
"TER-EXO-T04",2024-12-18,0.882344948812907,1.11620961877395,1.15391582844263
"TER-EXO-T04",2024-12-19,0.570643547208776,0.625543242171224,0.699054744803212
"TER-EXO-T04",2024-12-20,0.895843865795853,0.779027636204913,0.766130877682874
"TER-EXO-T04",2024-12-21,1.02062072615966,1.10253331475513,1.10253331475513
"TER-EXO-T04",2024-12-22,0.999773525079193,0.949589919119171,1.00879286450602
"TER-EXO-T04",2024-12-23,1.00722031037067,0.977092700273386,0.919790461329983
"TER-EXO-T04",2024-12-24,0.765835245459757,0.8030738049718,0.772899209732936
"TER-EXO-T04",2024-12-25,1.14208048144032,1.09325169808344,1.15607249910566
"TER-EXO-T04",2024-12-26,1.09263012026493,1.05980583400786,1.12268279877562
"TER-EXO-T04",2024-12-27,0.896601877945965,0.878229031565262,0.85311662216516
"TER-EXO-T04",2024-12-28,0.78683690739605,0.658005330140078,0.589767824619589
"TER-EXO-T04",2024-12-29,0.820646175234818,0.793999233380421,0.722001545624425
"TER-EXO-T04",2024-12-30,0.650738153889516,0.667232549687377,0.637022057270606
"TER-EXO-T04",2024-12-31,0.41702882811415,0.408248290463863,0.437694056341324
"TER-EXO-T04",2025-01-01,0.453948059341276,0.453948059341276,0.461860603852834
"TER-EXO-T04",2025-01-02,0.389513818102457,0.398707149803396,0.440273301155254
"TER-EXO-T04",2025-01-03,0.653862548158294,0.701964118163034,0.56465970257328
"TER-EXO-T04",2025-01-04,0.630949939446036,0.56465970257328,0.398707149803396
"TER-EXO-T04",2025-01-05,0.71443450831176,0.7058246282166,0.691236552140071
"TER-EXO-T04",2025-01-06,0.477292332867911,0.416485467846762,0.477292332867911
"TER-EXO-T04",2025-01-07,1.64391169232837,1.53698368260034,1.46687457353816
"TER-EXO-T04",2025-01-08,0.98815447950324,0.659036956585082,0.659036956585082
"TER-EXO-T04",2025-01-09,0.345126525843175,0.384834803632619,0.39699961669021
"TER-EXO-T04",2025-01-10,0.824225591744734,0.840279025431261,0.789422830805584
"TER-EXO-T04",2025-01-11,0.303959379437164,0.294114982937636,0.265804766535597
"TER-EXO-T04",2025-01-12,0.7058246282166,0.699054744803212,0.674321989058296
"TER-EXO-T04",2025-01-13,0.408248290463863,0.329002665070039,0.345126525843175
"TER-EXO-T04",2025-01-14,0.326931274079147,0.232152810743768,0.326931274079147
"TER-EXO-T04",2025-01-15,0.358640751178386,0.375301810914046,0.318511028635303
"TER-EXO-T04",2025-01-16,0.207425558499527,0.14116492564332,0.240771706171538
"TER-EXO-T04",2025-01-17,1.07823493715894,1.30616570180805,1.35784756140003
"TER-EXO-T04",2025-01-18,0.69025305168635,0.919790461329983,0.827242231843205
"TER-EXO-T04",2025-01-19,0.954584665735822,1.11295891039691,0.98884173203526
"TER-EXO-T04",2025-01-20,0.375301810914046,0.465766471310572,0.506747943519132
"TER-EXO-T04",2025-01-21,0.751809411556112,0.458415671128542,0.488546350136693
"TER-EXO-T04",2025-01-22,0.816496580927726,0.96964807600714,1.18394299461281
"TER-EXO-T04",2025-01-23,1.77428797721423,1.6934443076725,1.71100445115846
"TER-EXO-T04",2025-01-24,1.3666578295932,1.50120724365618,1.33514369850296
"TER-EXO-T04",2025-01-25,2.05351854284228,1.95592281493187,1.93075321338966
"TER-EXO-T04",2025-01-26,1.68915981173044,1.73192006208407,1.74442694381818
"TER-EXO-T04",2025-01-27,0.722001545624425,0.527761886361314,0.517361617708795
"TER-EXO-T04",2025-01-28,1.33903896967894,1.45400496380948,1.48116190192367
"TER-EXO-T04",2025-01-29,0.8198179366636,1.31876094679157,1.4957669740236
"TER-EXO-T04",2025-01-30,0.722001545624424,0.883627241233132,1.02857717964806
"TER-EXO-T04",2025-01-31,0.717281502356772,0.642332141271278,0.672640804719661
"TER-EXO-T04",2025-02-01,1.51427387295655,1.88229258148643,1.72773098248138
"TER-EXO-T04",2025-02-02,1.42934438198736,1.42171946314456,1.35065738154383
"TER-EXO-T04",2025-02-03,1.393404495097,1.75697368271102,1.78142082196418
"TER-EXO-T04",2025-02-04,1.206113653404,1.66145016978141,NA
"TER-EXO-T04",2025-02-05,0.39699961669021,0.370443330172869,NA
"TER-EXO-T04",2025-02-06,0.390094748802747,0.403225222065963,NA
"TER-EXO-T04",2025-02-07,1.36732045161012,1.58785585992056,NA
"TER-EXO-T04",2025-02-08,0.337831962346088,0.510310363079829,NA
"TER-EXO-T04",2025-02-09,0.389513818102457,0.481543412343077,NA
"TER-EXO-T04",2025-02-10,0.576957914221314,0.829702233998107,NA
"TER-EXO-T04",2025-02-11,0.964731321010742,1.01416596703678,NA
"TER-EXO-T04",2025-02-12,NA,NA,NA
"TER-EXO-T04",2025-02-13,NA,NA,NA
"TER-EXO-T04",2025-02-14,NA,NA,NA
"TER-EXO-T04",2025-02-15,NA,NA,NA
"TER-EXO-T04",2025-02-16,NA,NA,NA
"TER-EXO-T04",2025-02-17,NA,NA,NA
"TER-EXO-T04",2025-02-18,NA,NA,NA
"TER-EXO-T04",2025-02-19,NA,NA,NA
"TER-EXO-T04",2025-02-20,NA,NA,NA
"TER-EXO-T04",2025-02-21,NA,NA,NA
"TER-EXO-T04",2025-02-22,NA,NA,NA
"TER-EXO-T04",2025-02-23,NA,NA,NA
"TER-EXO-T04",2025-02-24,NA,NA,NA
"TER-EXO-T04",2025-02-25,NA,NA,NA
"TER-EXO-T04",2025-02-26,NA,NA,NA
"TER-EXO-T04",2025-02-27,NA,NA,NA
"TER-EXO-T04",2025-02-28,NA,NA,NA
"TER-EXO-T04",2025-03-01,NA,NA,NA
"TER-EXO-T04",2025-03-02,NA,NA,NA
"TER-EXO-T04",2025-03-03,NA,NA,NA
"TER-EXO-T04",2025-03-04,NA,NA,NA
"TER-EXO-T04",2025-03-05,NA,NA,NA
"TER-EXO-T04",2025-03-06,NA,NA,NA
"TER-EXO-T04",2025-03-07,NA,NA,NA
"TER-EXO-T04",2025-03-08,NA,NA,NA
"TER-EXO-T04",2025-03-09,NA,NA,NA
"TER-EXO-T04",2025-03-10,NA,NA,NA
"TER-EXO-T04",2025-03-11,NA,NA,NA
"TER-EXO-T04",2025-03-12,NA,NA,NA
"TER-EXO-T04",2025-03-13,NA,NA,NA
"TER-EXO-T04",2025-03-14,NA,NA,NA
"TER-EXO-T04",2025-03-15,NA,NA,NA
"TER-EXO-T04",2025-03-16,NA,NA,NA
"TER-EXO-T04",2025-03-17,NA,NA,NA
"TER-EXO-T04",2025-03-18,NA,NA,NA
"TER-EXO-T04",2025-03-19,NA,NA,NA
"TER-EXO-T04",2025-03-20,NA,NA,NA
"TER-EXO-T04",2025-03-21,NA,NA,NA
"TER-EXO-T04",2025-03-22,NA,NA,NA
"TER-EXO-T04",2025-03-23,NA,NA,NA
"TER-EXO-T04",2025-03-24,NA,NA,NA
"TER-EXO-T04",2025-03-25,NA,NA,NA
"TER-EXO-T04",2025-03-26,NA,NA,NA
"TER-EXO-T04",2025-03-27,NA,NA,NA
"TER-EXO-T04",2025-03-28,NA,NA,NA
"TER-EXO-T04",2025-03-29,NA,NA,NA
"TER-EXO-T04",2025-03-30,NA,NA,NA
"TER-EXO-T04",2025-03-31,NA,NA,NA
"TER-EXO-T04",2025-04-01,NA,NA,NA
"TER-EXO-T04",2025-04-02,NA,NA,NA
"TER-EXO-T04",2025-04-03,NA,NA,NA
"TER-EXO-T04",2025-04-04,NA,NA,NA
"TER-EXO-T04",2025-04-05,NA,NA,NA
"TER-EXO-T04",2025-04-06,NA,NA,NA
"TER-EXO-T04",2025-04-07,NA,NA,NA
"TER-EXO-T04",2025-04-08,NA,NA,NA
"TER-EXO-T04",2025-04-09,NA,NA,NA
"TER-EXO-T04",2025-04-10,NA,NA,NA
"TER-EXO-T04",2025-04-11,NA,NA,NA
"TER-EXO-T04",2025-04-12,NA,NA,NA
"TER-EXO-T04",2025-04-13,NA,NA,NA
"TER-EXO-T04",2025-04-14,NA,NA,NA
"TER-EXO-T04",2025-04-15,NA,NA,NA
"TER-EXO-T04",2025-04-16,NA,NA,NA
"TER-EXO-T04",2025-04-17,NA,NA,NA
"TER-EXO-T04",2025-04-18,NA,NA,NA
"TER-EXO-T04",2025-04-19,NA,NA,NA
"TER-EXO-T04",2025-04-20,NA,NA,NA
"TER-EXO-T04",2025-04-21,NA,NA,NA
"TER-EXO-T04",2025-04-22,NA,NA,NA
"TER-EXO-T04",2025-04-23,NA,NA,NA
"TER-EXO-T04",2025-04-24,NA,NA,NA
"TER-EXO-T04",2025-04-25,NA,NA,NA
"TER-EXO-T04",2025-04-26,NA,NA,NA
"TER-EXO-T04",2025-04-27,NA,NA,NA
"TER-EXO-T04",2025-04-28,NA,NA,NA
"TER-EXO-T04",2025-04-29,NA,NA,NA
"TER-EXO-T04",2025-04-30,NA,NA,NA
"TER-EXO-T04",2025-05-01,NA,NA,NA
"TER-EXO-T04",2025-05-02,NA,NA,NA
"TER-EXO-T04",2025-05-03,NA,NA,NA
"TER-EXO-T04",2025-05-04,NA,NA,NA
"TER-EXO-T04",2025-05-05,NA,NA,NA
"TER-EXO-T04",2025-05-06,NA,NA,NA
"TER-EXO-T04",2025-05-07,NA,NA,NA
"TER-EXO-T04",2025-05-08,NA,NA,NA
"TER-EXO-T04",2025-05-09,NA,NA,NA
"TER-EXO-T04",2025-05-10,NA,NA,NA
"TER-EXO-T04",2025-05-11,NA,NA,NA
"TER-EXO-T04",2025-05-12,NA,NA,NA
"TER-EXO-T04",2025-05-13,NA,NA,NA
"TER-EXO-T04",2025-05-14,NA,NA,NA
"TER-EXO-T04",2025-05-15,NA,NA,NA
"TER-EXO-T04",2025-05-16,NA,NA,NA
"TER-EXO-T04",2025-05-17,NA,NA,NA
"TER-EXO-T04",2025-05-18,NA,NA,NA
"TER-EXO-T04",2025-05-19,NA,NA,NA
"TER-EXO-T04",2025-05-20,NA,NA,NA
"TER-EXO-T04",2025-05-21,NA,NA,NA
"TER-EXO-T04",2025-05-22,NA,NA,NA
"TER-EXO-T04",2025-05-23,NA,NA,NA
"TER-EXO-T04",2025-05-24,NA,NA,NA
"TER-EXO-T04",2025-05-25,NA,NA,NA
"TER-EXO-T04",2025-05-26,NA,NA,NA
"TER-EXO-T04",2025-05-27,NA,NA,NA
"TER-EXO-T04",2025-05-28,NA,NA,NA
"TER-EXO-T04",2025-05-29,NA,NA,NA
"TER-EXO-T04",2025-05-30,NA,NA,NA
"TER-EXO-T04",2025-05-31,NA,NA,NA
"TER-EXO-T04",2025-06-01,NA,NA,NA
"TER-EXO-T04",2025-06-02,NA,NA,NA
"TER-EXO-T04",2025-06-03,NA,NA,NA
"TER-EXO-T04",2025-06-04,NA,NA,NA
"TER-EXO-T04",2025-06-05,NA,NA,NA
"TER-EXO-T04",2025-06-06,NA,NA,NA
"TER-EXO-T04",2025-06-07,NA,NA,NA
"TER-EXO-T04",2025-06-08,NA,NA,NA
"TER-EXO-T04",2025-06-09,NA,NA,NA
"TER-EXO-T04",2025-06-10,NA,NA,NA
"TER-EXO-T04",2025-06-11,NA,NA,NA
"TER-EXO-T04",2025-06-12,NA,NA,NA
"TER-EXO-T09",2023-08-09,NA,NA,NA
"TER-EXO-T09",2023-08-10,NA,NA,NA
"TER-EXO-T09",2023-08-11,NA,NA,NA
"TER-EXO-T09",2023-08-12,NA,NA,NA
"TER-EXO-T09",2023-08-13,NA,NA,NA
"TER-EXO-T09",2023-08-14,NA,NA,NA
"TER-EXO-T09",2023-08-15,NA,NA,NA
"TER-EXO-T09",2023-08-16,NA,NA,NA
"TER-EXO-T09",2023-08-17,NA,NA,NA
"TER-EXO-T09",2023-08-18,NA,NA,NA
"TER-EXO-T09",2023-08-19,NA,NA,NA
"TER-EXO-T09",2023-08-20,NA,NA,NA
"TER-EXO-T09",2023-08-21,NA,NA,NA
"TER-EXO-T09",2023-08-22,NA,NA,NA
"TER-EXO-T09",2023-08-23,NA,NA,NA
"TER-EXO-T09",2023-08-24,NA,NA,NA
"TER-EXO-T09",2023-08-25,NA,NA,NA
"TER-EXO-T09",2023-08-26,NA,NA,NA
"TER-EXO-T09",2023-08-27,NA,NA,NA
"TER-EXO-T09",2023-08-28,NA,NA,NA
"TER-EXO-T09",2023-08-29,NA,NA,NA
"TER-EXO-T09",2023-08-30,NA,NA,NA
"TER-EXO-T09",2023-08-31,NA,NA,NA
"TER-EXO-T09",2023-09-01,NA,NA,NA
"TER-EXO-T09",2023-09-02,NA,NA,NA
"TER-EXO-T09",2023-09-03,NA,NA,NA
"TER-EXO-T09",2023-09-04,NA,NA,NA
"TER-EXO-T09",2023-09-05,NA,NA,NA
"TER-EXO-T09",2023-09-06,NA,NA,NA
"TER-EXO-T09",2023-09-07,NA,NA,NA
"TER-EXO-T09",2023-09-08,NA,NA,NA
"TER-EXO-T09",2023-09-09,NA,NA,NA
"TER-EXO-T09",2023-09-10,NA,NA,NA
"TER-EXO-T09",2023-09-11,NA,NA,NA
"TER-EXO-T09",2023-09-12,NA,NA,NA
"TER-EXO-T09",2023-09-13,NA,NA,NA
"TER-EXO-T09",2023-09-14,NA,NA,NA
"TER-EXO-T09",2023-09-15,NA,NA,NA
"TER-EXO-T09",2023-09-16,NA,NA,NA
"TER-EXO-T09",2023-09-17,NA,NA,NA
"TER-EXO-T09",2023-09-18,NA,NA,NA
"TER-EXO-T09",2023-09-19,NA,NA,NA
"TER-EXO-T09",2023-09-20,NA,NA,NA
"TER-EXO-T09",2023-09-21,NA,NA,NA
"TER-EXO-T09",2023-09-22,NA,NA,NA
"TER-EXO-T09",2023-09-23,NA,NA,NA
"TER-EXO-T09",2023-09-24,NA,NA,NA
"TER-EXO-T09",2023-09-25,NA,NA,NA
"TER-EXO-T09",2023-09-26,NA,NA,NA
"TER-EXO-T09",2023-09-27,NA,NA,NA
"TER-EXO-T09",2023-09-28,NA,NA,NA
"TER-EXO-T09",2023-09-29,NA,NA,NA
"TER-EXO-T09",2023-09-30,NA,NA,NA
"TER-EXO-T09",2023-10-01,NA,NA,NA
"TER-EXO-T09",2023-10-02,NA,NA,NA
"TER-EXO-T09",2023-10-03,NA,NA,NA
"TER-EXO-T09",2023-10-04,NA,NA,NA
"TER-EXO-T09",2023-10-05,NA,NA,NA
"TER-EXO-T09",2023-10-06,NA,NA,NA
"TER-EXO-T09",2023-10-07,NA,NA,NA
"TER-EXO-T09",2023-10-08,NA,NA,NA
"TER-EXO-T09",2023-10-09,NA,NA,NA
"TER-EXO-T09",2023-10-10,NA,NA,NA
"TER-EXO-T09",2023-10-11,NA,NA,NA
"TER-EXO-T09",2023-10-12,NA,NA,NA
"TER-EXO-T09",2023-10-13,NA,NA,NA
"TER-EXO-T09",2023-10-14,NA,NA,NA
"TER-EXO-T09",2023-10-15,NA,NA,NA
"TER-EXO-T09",2023-10-16,NA,NA,NA
"TER-EXO-T09",2023-10-17,NA,NA,NA
"TER-EXO-T09",2023-10-18,NA,NA,NA
"TER-EXO-T09",2023-10-19,NA,NA,NA
"TER-EXO-T09",2023-10-20,NA,NA,NA
"TER-EXO-T09",2023-10-21,NA,NA,NA
"TER-EXO-T09",2023-10-22,NA,NA,NA
"TER-EXO-T09",2023-10-23,NA,NA,NA
"TER-EXO-T09",2023-10-24,NA,NA,NA
"TER-EXO-T09",2023-10-25,NA,NA,NA
"TER-EXO-T09",2023-10-26,NA,NA,NA
"TER-EXO-T09",2023-10-27,NA,NA,NA
"TER-EXO-T09",2023-10-28,NA,NA,NA
"TER-EXO-T09",2023-10-29,NA,NA,NA
"TER-EXO-T09",2023-10-30,NA,NA,NA
"TER-EXO-T09",2023-10-31,NA,NA,NA
"TER-EXO-T09",2023-11-01,NA,NA,NA
"TER-EXO-T09",2023-11-02,NA,NA,NA
"TER-EXO-T09",2023-11-03,NA,NA,NA
"TER-EXO-T09",2023-11-04,NA,NA,NA
"TER-EXO-T09",2023-11-05,NA,NA,NA
"TER-EXO-T09",2023-11-06,NA,NA,NA
"TER-EXO-T09",2023-11-07,NA,NA,NA
"TER-EXO-T09",2023-11-08,NA,NA,NA
"TER-EXO-T09",2023-11-09,NA,NA,NA
"TER-EXO-T09",2023-11-10,NA,NA,NA
"TER-EXO-T09",2023-11-11,NA,NA,NA
"TER-EXO-T09",2023-11-12,NA,NA,NA
"TER-EXO-T09",2023-11-13,NA,NA,NA
"TER-EXO-T09",2023-11-14,NA,NA,NA
"TER-EXO-T09",2023-11-15,NA,NA,NA
"TER-EXO-T09",2023-11-16,NA,NA,NA
"TER-EXO-T09",2023-11-17,NA,NA,NA
"TER-EXO-T09",2023-11-18,NA,NA,NA
"TER-EXO-T09",2023-11-19,NA,NA,NA
"TER-EXO-T09",2023-11-20,NA,NA,NA
"TER-EXO-T09",2023-11-21,NA,NA,NA
"TER-EXO-T09",2023-11-22,NA,NA,NA
"TER-EXO-T09",2023-11-23,NA,NA,NA
"TER-EXO-T09",2023-11-24,NA,NA,NA
"TER-EXO-T09",2023-11-25,NA,NA,NA
"TER-EXO-T09",2023-11-26,NA,NA,NA
"TER-EXO-T09",2023-11-27,NA,NA,NA
"TER-EXO-T09",2023-11-28,NA,NA,NA
"TER-EXO-T09",2023-11-29,NA,NA,NA
"TER-EXO-T09",2023-11-30,NA,NA,NA
"TER-EXO-T09",2023-12-01,NA,NA,NA
"TER-EXO-T09",2023-12-02,NA,NA,NA
"TER-EXO-T09",2023-12-03,NA,NA,NA
"TER-EXO-T09",2023-12-04,NA,NA,NA
"TER-EXO-T09",2023-12-05,NA,NA,NA
"TER-EXO-T09",2023-12-06,NA,NA,NA
"TER-EXO-T09",2023-12-07,NA,NA,NA
"TER-EXO-T09",2023-12-08,NA,NA,NA
"TER-EXO-T09",2023-12-09,NA,NA,NA
"TER-EXO-T09",2023-12-10,NA,NA,NA
"TER-EXO-T09",2023-12-11,NA,NA,NA
"TER-EXO-T09",2023-12-12,NA,NA,NA
"TER-EXO-T09",2023-12-13,NA,NA,NA
"TER-EXO-T09",2023-12-14,NA,NA,NA
"TER-EXO-T09",2023-12-15,NA,NA,NA
"TER-EXO-T09",2023-12-16,NA,NA,NA
"TER-EXO-T09",2023-12-17,NA,NA,NA
"TER-EXO-T09",2023-12-18,NA,NA,NA
"TER-EXO-T09",2023-12-19,NA,NA,NA
"TER-EXO-T09",2023-12-20,NA,NA,NA
"TER-EXO-T09",2023-12-21,NA,NA,NA
"TER-EXO-T09",2023-12-22,NA,NA,NA
"TER-EXO-T09",2023-12-23,NA,NA,NA
"TER-EXO-T09",2023-12-24,NA,NA,NA
"TER-EXO-T09",2023-12-25,NA,NA,NA
"TER-EXO-T09",2023-12-26,NA,NA,NA
"TER-EXO-T09",2023-12-27,NA,NA,NA
"TER-EXO-T09",2023-12-28,NA,NA,NA
"TER-EXO-T09",2023-12-29,NA,NA,NA
"TER-EXO-T09",2023-12-30,NA,NA,NA
"TER-EXO-T09",2023-12-31,NA,NA,NA
"TER-EXO-T09",2024-01-01,NA,NA,NA
"TER-EXO-T09",2024-01-02,NA,NA,NA
"TER-EXO-T09",2024-01-03,NA,NA,NA
"TER-EXO-T09",2024-01-04,NA,NA,NA
"TER-EXO-T09",2024-01-05,NA,NA,NA
"TER-EXO-T09",2024-01-06,NA,NA,NA
"TER-EXO-T09",2024-01-07,NA,NA,NA
"TER-EXO-T09",2024-01-08,NA,NA,NA
"TER-EXO-T09",2024-01-09,NA,NA,NA
"TER-EXO-T09",2024-01-10,NA,NA,NA
"TER-EXO-T09",2024-01-11,NA,NA,NA
"TER-EXO-T09",2024-01-12,NA,NA,NA
"TER-EXO-T09",2024-01-13,NA,NA,NA
"TER-EXO-T09",2024-01-14,NA,NA,NA
"TER-EXO-T09",2024-01-15,NA,NA,NA
"TER-EXO-T09",2024-01-16,NA,NA,NA
"TER-EXO-T09",2024-01-17,NA,NA,NA
"TER-EXO-T09",2024-01-18,NA,NA,NA
"TER-EXO-T09",2024-01-19,NA,NA,NA
"TER-EXO-T09",2024-01-20,NA,NA,NA
"TER-EXO-T09",2024-01-21,NA,NA,NA
"TER-EXO-T09",2024-01-22,NA,NA,NA
"TER-EXO-T09",2024-01-23,NA,NA,NA
"TER-EXO-T09",2024-01-24,NA,NA,NA
"TER-EXO-T09",2024-01-25,NA,NA,NA
"TER-EXO-T09",2024-01-26,NA,NA,NA
"TER-EXO-T09",2024-01-27,NA,NA,NA
"TER-EXO-T09",2024-01-28,NA,NA,NA
"TER-EXO-T09",2024-01-29,NA,NA,NA
"TER-EXO-T09",2024-01-30,NA,NA,NA
"TER-EXO-T09",2024-01-31,NA,NA,NA
"TER-EXO-T09",2024-02-01,NA,NA,NA
"TER-EXO-T09",2024-02-02,NA,NA,NA
"TER-EXO-T09",2024-02-03,NA,NA,NA
"TER-EXO-T09",2024-02-04,NA,NA,NA
"TER-EXO-T09",2024-02-05,NA,NA,NA
"TER-EXO-T09",2024-02-06,NA,NA,NA
"TER-EXO-T09",2024-02-07,NA,NA,NA
"TER-EXO-T09",2024-02-08,NA,NA,NA
"TER-EXO-T09",2024-02-09,NA,NA,NA
"TER-EXO-T09",2024-02-10,NA,NA,NA
"TER-EXO-T09",2024-02-11,NA,NA,NA
"TER-EXO-T09",2024-02-12,NA,NA,NA
"TER-EXO-T09",2024-02-13,NA,NA,NA
"TER-EXO-T09",2024-02-14,NA,NA,NA
"TER-EXO-T09",2024-02-15,NA,NA,NA
"TER-EXO-T09",2024-02-16,NA,NA,NA
"TER-EXO-T09",2024-02-17,NA,NA,NA
"TER-EXO-T09",2024-02-18,NA,NA,NA
"TER-EXO-T09",2024-02-19,NA,NA,NA
"TER-EXO-T09",2024-02-20,NA,NA,NA
"TER-EXO-T09",2024-02-21,NA,NA,NA
"TER-EXO-T09",2024-02-22,NA,NA,NA
"TER-EXO-T09",2024-02-23,NA,NA,NA
"TER-EXO-T09",2024-02-24,NA,NA,NA
"TER-EXO-T09",2024-02-25,NA,NA,NA
"TER-EXO-T09",2024-02-26,NA,NA,NA
"TER-EXO-T09",2024-02-27,NA,NA,NA
"TER-EXO-T09",2024-02-28,NA,NA,NA
"TER-EXO-T09",2024-02-29,NA,NA,NA
"TER-EXO-T09",2024-03-01,NA,NA,NA
"TER-EXO-T09",2024-03-02,NA,NA,NA
"TER-EXO-T09",2024-03-03,NA,NA,NA
"TER-EXO-T09",2024-03-04,NA,NA,NA
"TER-EXO-T09",2024-03-05,NA,NA,NA
"TER-EXO-T09",2024-03-06,NA,NA,NA
"TER-EXO-T09",2024-03-07,NA,NA,NA
"TER-EXO-T09",2024-03-08,NA,NA,NA
"TER-EXO-T09",2024-03-09,NA,NA,NA
"TER-EXO-T09",2024-03-10,NA,NA,NA
"TER-EXO-T09",2024-03-11,NA,NA,NA
"TER-EXO-T09",2024-03-12,NA,NA,NA
"TER-EXO-T09",2024-03-13,NA,NA,NA
"TER-EXO-T09",2024-03-14,NA,NA,NA
"TER-EXO-T09",2024-03-15,NA,NA,NA
"TER-EXO-T09",2024-03-16,NA,NA,NA
"TER-EXO-T09",2024-03-17,NA,NA,NA
"TER-EXO-T09",2024-03-18,NA,NA,NA
"TER-EXO-T09",2024-03-19,NA,NA,NA
"TER-EXO-T09",2024-03-20,NA,NA,NA
"TER-EXO-T09",2024-03-21,NA,NA,NA
"TER-EXO-T09",2024-03-22,0.508977377704051,NA,0.61642670615246
"TER-EXO-T09",2024-03-23,0.683328914796602,NA,0.541318171059166
"TER-EXO-T09",2024-03-24,0.954584665735822,NA,1.26548381078634
"TER-EXO-T09",2024-03-25,0.360530004379623,NA,0.448427203146441
"TER-EXO-T09",2024-03-26,0.78683690739605,NA,0.670280062599836
"TER-EXO-T09",2024-03-27,1.46702894076548,NA,2.3297073275165
"TER-EXO-T09",2024-03-28,0.834057656228299,NA,2.14509889640602
"TER-EXO-T09",2024-03-29,1.33361636488746,NA,1.73361898426635
"TER-EXO-T09",2024-03-30,0.899879218948661,NA,1.33361636488746
"TER-EXO-T09",2024-03-31,0.74180303257026,NA,1.90679562754308
"TER-EXO-T09",2024-04-01,1.16076405371884,NA,2.20177793770319
"TER-EXO-T09",2024-04-02,0.783664746420693,NA,0.545070132437435
"TER-EXO-T09",2024-04-03,0.837309355329163,NA,1.03472323541759
"TER-EXO-T09",2024-04-04,0.7058246282166,NA,1.55674665406017
"TER-EXO-T09",2024-04-05,0.732278556328103,NA,1.38509142689916
"TER-EXO-T09",2024-04-06,0.798265783351363,NA,1.85905052125533
"TER-EXO-T09",2024-04-07,0.390094748802747,NA,1.2363383876171
"TER-EXO-T09",2024-04-08,0.653862548158294,NA,1.82325954332312
"TER-EXO-T09",2024-04-09,0.583592075121765,NA,0.510310363079829
"TER-EXO-T09",2024-04-10,0.255376959227625,NA,0.254488688852026
"TER-EXO-T09",2024-04-11,0.387765804114519,NA,0.744241175652242
"TER-EXO-T09",2024-04-12,0.8198179366636,NA,1.7147062113681
"TER-EXO-T09",2024-04-13,0.254488688852026,NA,0.434057366141216
"TER-EXO-T09",2024-04-14,0.168915981173044,NA,0.355469683168866
"TER-EXO-T09",2024-04-15,0.481543412343077,NA,0.683328914796602
"TER-EXO-T09",2024-04-16,0.323449478616663,NA,0.360530004379623
"TER-EXO-T09",2024-04-17,0.389513818102456,NA,0.722315118514615
"TER-EXO-T09",2024-04-18,0.416485467846762,NA,0.84698955385992
"TER-EXO-T09",2024-04-19,0.598533836656866,NA,1.2465532188945
"TER-EXO-T09",2024-04-20,1.01058707288588,NA,2.75016468545094
"TER-EXO-T09",2024-04-21,0.541318171059166,NA,1.19706767331373
"TER-EXO-T09",2024-04-22,0.294114982937636,NA,0.722315118514615
"TER-EXO-T09",2024-04-23,0.240771706171538,NA,0.358640751178386
"TER-EXO-T09",2024-04-24,0.487153816139944,NA,0.793999233380421
"TER-EXO-T09",2024-04-25,0.465766471310572,NA,1.19612144941019
"TER-EXO-T09",2024-04-26,0.619724108789139,NA,1.09821165563825
"TER-EXO-T09",2024-04-27,0.613480803002159,NA,1.22696160600432
"TER-EXO-T09",2024-04-28,0.800531978921119,NA,1.89380664883942
"TER-EXO-T09",2024-04-29,0.871239330502528,NA,2.8322674892098
"TER-EXO-T09",2024-04-30,0.746974574194299,NA,2.49019817615421
"TER-EXO-T09",2024-05-01,0.541318171059166,NA,1.18852453896003
"TER-EXO-T09",2024-05-02,0.541318171059166,NA,0.646898957233327
"TER-EXO-T09",2024-05-03,0.607546145441299,NA,1.565016090115
"TER-EXO-T09",2024-05-04,0.598533836656866,NA,1.99591975093537
"TER-EXO-T09",2024-05-05,0.589767824619589,NA,2.0090375516794
"TER-EXO-T09",2024-05-06,0.508977377704051,NA,0.449939609474331
"TER-EXO-T09",2024-05-07,0.472044581534967,NA,0.904898104600814
"TER-EXO-T09",2024-05-08,0.561038762255892,NA,0.865763883197535
"TER-EXO-T09",2024-05-09,0.755415232778002,NA,1.98727838068018
"TER-EXO-T09",2024-05-10,0.779027636204913,NA,2.93768308094287
"TER-EXO-T09",2024-05-11,0.49453535504684,NA,2.15846412787064
"TER-EXO-T09",2024-05-12,0.653862548158294,NA,2.27452415791249
"TER-EXO-T09",2024-05-13,0.798265783351363,NA,0.989070710093681
"TER-EXO-T09",2024-05-14,0.595499425035315,NA,1.22307968384872
"TER-EXO-T09",2024-05-15,0.294883912309794,NA,1.12590543274214
"TER-EXO-T09",2024-05-16,0.240771706171539,NA,0.389513818102457
"TER-EXO-T09",2024-05-17,0.551677284367371,NA,1.19479547701021
"TER-EXO-T09",2024-05-18,0.517361617708795,NA,1.69277557001357
"TER-EXO-T09",2024-05-19,0.47348155466575,NA,2.7265967267172
"TER-EXO-T09",2024-05-20,0.312046772785422,NA,1.3805061033727
"TER-EXO-T09",2024-05-21,0.370443330172869,NA,1.60826105567113
"TER-EXO-T09",2024-05-22,0.625181133172909,NA,1.27901116696352
"TER-EXO-T09",2024-05-23,0.639505583481761,NA,0.448427203146441
"TER-EXO-T09",2024-05-24,0.765835245459757,NA,1.11295891039691
"TER-EXO-T09",2024-05-25,0.604556970379784,NA,2.16819901220385
"TER-EXO-T09",2024-05-26,0.637022057270606,NA,2.17351898602444
"TER-EXO-T09",2024-05-27,NA,NA,2.18815983837124
"TER-EXO-T09",2024-05-28,NA,1.25956485469721,1.41789162726446
"TER-EXO-T09",2024-05-29,NA,0.437694056341324,0.437694056341324
"TER-EXO-T09",2024-05-30,NA,0.850191794218529,1.21565125386128
"TER-EXO-T09",2024-05-31,NA,0.98884173203526,0.965904247062178
"TER-EXO-T09",2024-06-01,NA,1.47794780359285,1.99898071852719
"TER-EXO-T09",2024-06-02,NA,1.09325169808344,1.25812576270523
"TER-EXO-T09",2024-06-03,NA,0.943129234847053,1.01058707288588
"TER-EXO-T09",2024-06-04,NA,1.69705093737871,1.93742695046956
"TER-EXO-T09",2024-06-05,NA,0.624093545570845,0.779027636204913
"TER-EXO-T09",2024-06-06,NA,1.14840784554536,1.27617521853615
"TER-EXO-T09",2024-06-07,NA,1.77951304200522,1.99274044791428
"TER-EXO-T09",2024-06-08,NA,1.34528160943932,1.45944574549997
"TER-EXO-T09",2024-06-09,NA,2.02061387572752,2.32191824744673
"TER-EXO-T09",2024-06-10,NA,1.75645806313052,1.92946264202148
"TER-EXO-T09",2024-06-11,NA,2.03768837486095,2.11961166801573
"TER-EXO-T09",2024-06-12,NA,3.12307911978,3.44673495993788
"TER-EXO-T09",2024-06-13,NA,0.588229965875272,0.674321989058296
"TER-EXO-T09",2024-06-14,NA,1.16950999276979,1.33717742961092
"TER-EXO-T09",2024-06-15,NA,2.68845828887385,3.07514580778383
"TER-EXO-T09",2024-06-16,NA,1.18394299461281,1.3666578295932
"TER-EXO-T09",2024-06-17,NA,0.721060008759246,0.746974574194299
"TER-EXO-T09",2024-06-18,NA,1.43187699860373,1.57884566161117
"TER-EXO-T09",2024-06-19,NA,1.44463023702923,1.59468660316654
"TER-EXO-T09",2024-06-20,NA,2.34366243797788,2.60008012697045
"TER-EXO-T09",2024-06-21,NA,2.51517135728796,2.7276761888656
"TER-EXO-T09",2024-06-22,NA,1.57424930349841,1.86488819263099
"TER-EXO-T09",2024-06-23,NA,1.01349588703826,1.05208557540298
"TER-EXO-T09",2024-06-24,NA,0.994322651975647,0.980793822237442
"TER-EXO-T09",2024-06-25,NA,1.87554339951873,2.30429655398251
"TER-EXO-T09",2024-06-26,NA,2.77899731683147,3.20975641316971
"TER-EXO-T09",2024-06-27,NA,0.902643059439125,0.941927948873779
"TER-EXO-T09",2024-06-28,NA,1.35784756140003,1.5166646759025
"TER-EXO-T09",2024-06-29,NA,0.489009646921826,0.551677284367371
"TER-EXO-T09",2024-06-30,NA,0.390094748802747,0.41702882811415
"TER-EXO-T09",2024-07-01,NA,1.41277171299665,1.69384542353799
"TER-EXO-T09",2024-07-02,NA,1.74247866100506,1.90239646731184
"TER-EXO-T09",2024-07-03,NA,0.930316682874591,1.08012344973464
"TER-EXO-T09",2024-07-04,NA,1.47794780359285,1.65489502272255
"TER-EXO-T09",2024-07-05,NA,2.44939729350901,2.74356955680797
"TER-EXO-T09",2024-07-06,NA,1.02062072615966,1.15783405984836
"TER-EXO-T09",2024-07-07,NA,1.65160769282978,1.84339301997348
"TER-EXO-T09",2024-07-08,NA,0.779899194526567,0.84698955385992
"TER-EXO-T09",2024-07-09,NA,1.08326365439238,1.18795281221855
"TER-EXO-T09",2024-07-10,NA,0.829702233998107,1.02128613146309
"TER-EXO-T09",2024-07-11,NA,1.24218571973713,1.44823105491002
"TER-EXO-T09",2024-07-12,NA,1.38688865628339,1.51427387295655
"TER-EXO-T09",2024-07-13,NA,1.22400506771708,1.29781728688785
"TER-EXO-T09",2024-07-14,NA,2.13653094823212,2.34974173727328
"TER-EXO-T09",2024-07-15,NA,1.30425724323146,1.32270446489353
"TER-EXO-T09",2024-07-16,NA,1.4116492564332,1.66797955536075
"TER-EXO-T09",2024-07-17,NA,0.63381465310669,0.629872312802192
"TER-EXO-T09",2024-07-18,NA,1.22307968384872,1.31807391317016
"TER-EXO-T09",2024-07-19,NA,2.73331565918641,2.93035092126167
"TER-EXO-T09",2024-07-20,NA,NA,NA
"TER-EXO-T09",2024-07-21,NA,1.30772509631659,1.51068057414579
"TER-EXO-T09",2024-07-22,NA,1.3805061033727,1.60148821186846
"TER-EXO-T09",2024-07-23,NA,1.72877920401418,1.8819316317727
"TER-EXO-T09",2024-07-24,NA,2.17435231069266,2.30694838901203
"TER-EXO-T09",2024-07-25,NA,2.85639062302486,3.03929578037079
"TER-EXO-T09",2024-07-26,NA,1.10990272455338,1.28800908044328
"TER-EXO-T09",2024-07-27,NA,1.07001286732071,1.22011373905546
"TER-EXO-T09",2024-07-28,NA,2.17934556724015,2.32776250095871
"TER-EXO-T09",2024-07-29,NA,0.842700971600384,0.996370223957142
"TER-EXO-T09",2024-07-30,NA,1.01349588703826,1.18852453896003
"TER-EXO-T09",2024-07-31,NA,0.589383736122568,0.583592075121765
"TER-EXO-T09",2024-08-01,NA,2.24697864775753,2.4582565696686
"TER-EXO-T09",2024-08-02,NA,1.71734544059104,1.85319446096327
"TER-EXO-T09",2024-08-03,NA,2.27422546139897,2.58864577656383
"TER-EXO-T09",2024-08-04,NA,2.59589628764939,2.83865655099252
"TER-EXO-T09",2024-08-05,NA,2.36357856293977,2.56429991576083
"TER-EXO-T09",2024-08-06,NA,0.766130877682874,0.719488042623545
"TER-EXO-T09",2024-08-07,NA,1.37260991217989,1.49622108534531
"TER-EXO-T09",2024-08-08,NA,2.18152652310589,2.43911364276428
"TER-EXO-T09",2024-08-09,NA,2.23596670401177,2.49337891340187
"TER-EXO-T09",2024-08-10,NA,1.36466803310538,1.55805527240983
"TER-EXO-T09",2024-08-11,NA,1.08012344973464,1.08826913497762
"TER-EXO-T09",2024-08-12,NA,2.99969805243746,3.28451571441832
"TER-EXO-T09",2024-08-13,NA,1.45571711497824,1.5736738147921
"TER-EXO-T09",2024-08-14,NA,2.21888714109743,2.5021729686849
"TER-EXO-T09",2024-08-15,NA,1.98077261313043,2.23079565970582
"TER-EXO-T09",2024-08-16,NA,2.03490821642534,2.2553278305356
"TER-EXO-T09",2024-08-17,NA,1.70463987441608,1.94489297794305
"TER-EXO-T09",2024-08-18,NA,2.10546218548155,2.20999049115929
"TER-EXO-T09",2024-08-19,NA,2.46386935000885,2.7543608375063
"TER-EXO-T09",2024-08-20,NA,0.930316682874591,0.991814323436556
"TER-EXO-T09",2024-08-21,NA,1.89201219470899,2.20506662951025
"TER-EXO-T09",2024-08-22,NA,3.43726119065072,3.83041792096833
"TER-EXO-T09",2024-08-23,NA,1.07149326926815,1.17780654645386
"TER-EXO-T09",2024-08-24,NA,1.52515145363395,1.72458249515896
"TER-EXO-T09",2024-08-25,NA,2.95060482623135,3.29353505953797
"TER-EXO-T09",2024-08-26,NA,1.51785866520445,1.80265002189812
"TER-EXO-T09",2024-08-27,NA,0.949589919119171,0.96096833710978
"TER-EXO-T09",2024-08-28,NA,1.9531422100691,2.12292097786537
"TER-EXO-T09",2024-08-29,NA,2.31947879577675,2.51003421074902
"TER-EXO-T09",2024-08-30,NA,2.09197483150543,2.47588002214525
"TER-EXO-T09",2024-08-31,NA,1.73818475194211,2.06144296584923
"TER-EXO-T09",2024-09-01,NA,0.789422830805584,0.940243570046875
"TER-EXO-T09",2024-09-02,NA,1.38312814961625,2.47734298410001
"TER-EXO-T09",2024-09-03,NA,1.64625178133122,NA
"TER-EXO-T09",2024-09-04,NA,1.38688865628339,3.62653016180657
"TER-EXO-T09",2024-09-05,NA,0.872018730685681,1.92793630750528
"TER-EXO-T09",2024-09-06,NA,0.674321989058296,0.765835245459757
"TER-EXO-T09",2024-09-07,NA,0.583592075121765,0.607546145441299
"TER-EXO-T09",2024-09-08,NA,0.719488042623545,NA
"TER-EXO-T09",2024-09-09,NA,1.08660320344601,1.22011373905546
"TER-EXO-T09",2024-09-10,NA,0.931532942621143,4.29273062652248
"TER-EXO-T09",2024-09-11,NA,1.31031996313767,1.47794780359285
"TER-EXO-T09",2024-09-12,NA,2.3978213239208,2.640868187284
"TER-EXO-T09",2024-09-13,NA,2.16684085141533,2.35897530566846
"TER-EXO-T09",2024-09-14,NA,1.38296441736949,1.52989532653215
"TER-EXO-T09",2024-09-15,NA,1.93824494795185,2.03190137270631
"TER-EXO-T09",2024-09-16,NA,0.679673834820151,0.72700248190474
"TER-EXO-T09",2024-09-17,NA,0.721060008759246,NA
"TER-EXO-T09",2024-09-18,NA,1.16543672227332,1.282547284209
"TER-EXO-T09",2024-09-19,NA,0.918558653543692,4.2884556018776
"TER-EXO-T09",2024-09-20,NA,1.22011373905546,NA
"TER-EXO-T09",2024-09-21,NA,2.37743010686823,2.64129689269539
"TER-EXO-T09",2024-09-22,NA,1.39859530979469,2.10320235472661
"TER-EXO-T09",2024-09-23,NA,2.36788598922562,2.93891617111982
"TER-EXO-T09",2024-09-24,NA,0.895843865795853,0.919790461329983
"TER-EXO-T09",2024-09-25,NA,1.18566314838966,1.20385853085769
"TER-EXO-T09",2024-09-26,NA,1.09263012026493,1.26189987889207
"TER-EXO-T09",2024-09-27,NA,1.56023386392711,1.57884566161117
"TER-EXO-T09",2024-09-28,NA,0.732278556328103,NA
"TER-EXO-T09",2024-09-29,NA,0.588229965875272,0.667232549687378
"TER-EXO-T09",2024-09-30,NA,0.931532942621143,3.46697671411734
"TER-EXO-T09",2024-10-01,NA,0.551266657377563,0.61642670615246
"TER-EXO-T09",2024-10-02,NA,0.287889622568457,NA
"TER-EXO-T09",2024-10-03,NA,0.588229965875272,NA
"TER-EXO-T09",2024-10-04,NA,0.987007995210118,NA
"TER-EXO-T09",2024-10-05,NA,1.19706767331373,NA
"TER-EXO-T09",2024-10-06,NA,0.892805381522402,NA
"TER-EXO-T09",2024-10-07,NA,2.05318769481626,NA
"TER-EXO-T09",2024-10-08,NA,1.30616570180805,NA
"TER-EXO-T09",2024-10-09,NA,2.23515635091675,NA
"TER-EXO-T09",2024-10-10,NA,1.17260393995586,NA
"TER-EXO-T09",2024-10-11,NA,0.508977377704051,NA
"TER-EXO-T09",2024-10-12,NA,1.73401080684662,NA
"TER-EXO-T09",2024-10-13,NA,1.0475558163677,NA
"TER-EXO-T09",2024-10-14,NA,0.487153816139944,NA
"TER-EXO-T09",2024-10-15,NA,0.624093545570845,NA
"TER-EXO-T09",2024-10-16,NA,0.810930758851934,NA
"TER-EXO-T09",2024-10-17,NA,2.47121105087587,NA
"TER-EXO-T09",2024-10-18,NA,1.47057491468818,NA
"TER-EXO-T09",2024-10-19,NA,0.827242231843205,NA
"TER-EXO-T09",2024-10-20,NA,0.838120308890026,NA
"TER-EXO-T09",2024-10-21,NA,1.75851963433674,NA
"TER-EXO-T09",2024-10-22,NA,2.19312165843476,NA
"TER-EXO-T09",2024-10-23,NA,1.62186151770387,NA
"TER-EXO-T09",2024-10-24,NA,0.570643547208776,NA
"TER-EXO-T09",2024-10-25,NA,1.0179547554081,NA
"TER-EXO-T09",2024-10-26,NA,0.932261936818499,NA
"TER-EXO-T09",2024-10-27,NA,0.895843865795853,NA
"TER-EXO-T09",2024-10-28,NA,0.963086824686153,NA
"TER-EXO-T09",2024-10-29,NA,1.1466318034808,NA
"TER-EXO-T09",2024-10-30,NA,0.872018730685681,NA
"TER-EXO-T09",2024-10-31,NA,0.88771812996067,NA
"TER-EXO-T09",2024-11-01,NA,1.06236678619288,NA
"TER-EXO-T09",2024-11-02,NA,0.755415232778002,NA
"TER-EXO-T09",2024-11-03,NA,0.465766471310572,NA
"TER-EXO-T09",2024-11-04,NA,1.62353612993903,NA
"TER-EXO-T09",2024-11-05,NA,1.43897608524709,NA
"TER-EXO-T09",2024-11-06,NA,0.951733734533601,NA
"TER-EXO-T09",2024-11-07,NA,2.12260094756614,NA
"TER-EXO-T09",2024-11-08,NA,1.1080649669647,NA
"TER-EXO-T09",2024-11-09,NA,0.588229965875272,NA
"TER-EXO-T09",2024-11-10,NA,0.524749767832802,NA
"TER-EXO-T09",2024-11-11,NA,0.641273642104501,NA
"TER-EXO-T09",2024-11-12,NA,0.350982059081517,NA
"TER-EXO-T09",2024-11-13,NA,1.03121568893295,NA
"TER-EXO-T09",2024-11-14,NA,0.358640751178386,NA
"TER-EXO-T09",2024-11-15,NA,0.612372435695794,NA
"TER-EXO-T09",2024-11-16,NA,0.520851448960313,NA
"TER-EXO-T09",2024-11-17,NA,0.287889622568457,NA
"TER-EXO-T09",2024-11-18,NA,0.168915981173044,NA
"TER-EXO-T09",2024-11-19,NA,0.726067430094119,NA
"TER-EXO-T09",2024-11-20,NA,1.02128613146309,NA
"TER-EXO-T09",2024-11-21,NA,0.650738153889517,NA
"TER-EXO-T09",2024-11-22,NA,0.510310363079829,NA
"TER-EXO-T09",2024-11-23,NA,1.34713195075821,NA
"TER-EXO-T09",2024-11-24,NA,0.448427203146441,NA
"TER-EXO-T09",2024-11-25,NA,1.58285652622362,NA
"TER-EXO-T09",2024-11-26,NA,1.48039727335487,NA
"TER-EXO-T09",2024-11-27,NA,1.39031327926218,NA
"TER-EXO-T09",2024-11-28,NA,0.71189428868398,NA
"TER-EXO-T09",2024-11-29,NA,1.07592225353516,NA
"TER-EXO-T09",2024-11-30,NA,0.7058246282166,NA
"TER-EXO-T09",2024-12-01,NA,1.69558249578132,NA
"TER-EXO-T09",2024-12-02,NA,0.650738153889517,NA
"TER-EXO-T09",2024-12-03,NA,0.977092700273386,NA
"TER-EXO-T09",2024-12-04,NA,1.0248276631368,NA
"TER-EXO-T09",2024-12-05,NA,0.517361617708795,NA
"TER-EXO-T09",2024-12-06,NA,0.695482316219408,NA
"TER-EXO-T09",2024-12-07,NA,0.755415232778002,NA
"TER-EXO-T09",2024-12-08,NA,0.863668867705371,NA
"TER-EXO-T09",2024-12-09,NA,0.706786460997433,NA
"TER-EXO-T09",2024-12-10,NA,0.503610155185335,NA
"TER-EXO-T09",2024-12-11,NA,0.800531978921119,NA
"TER-EXO-T09",2024-12-12,NA,0.985400676249831,NA
"TER-EXO-T09",2024-12-13,NA,0.683328914796602,NA
"TER-EXO-T09",2024-12-14,NA,0.880546602310508,NA
"TER-EXO-T09",2024-12-15,NA,1.3790290114761,NA
"TER-EXO-T09",2024-12-16,NA,1.08012344973464,NA
"TER-EXO-T09",2024-12-17,NA,1.14840784554536,NA
"TER-EXO-T09",2024-12-18,NA,1.0475558163677,NA
"TER-EXO-T09",2024-12-19,NA,0.675328690771916,NA
"TER-EXO-T09",2024-12-20,NA,1.27688479613812,NA
"TER-EXO-T09",2024-12-21,NA,1.05552377272263,NA
"TER-EXO-T09",2024-12-22,NA,0.920528754795741,NA
"TER-EXO-T09",2024-12-23,NA,0.896854406292881,NA
"TER-EXO-T09",2024-12-24,NA,0.589767824619589,NA
"TER-EXO-T09",2024-12-25,NA,1.30616570180805,NA
"TER-EXO-T09",2024-12-26,NA,0.96096833710978,NA
"TER-EXO-T09",2024-12-27,NA,0.980793822237442,NA
"TER-EXO-T09",2024-12-28,NA,0.706786460997433,NA
"TER-EXO-T09",2024-12-29,NA,0.686304956089946,NA
"TER-EXO-T09",2024-12-30,NA,0.466252404120157,NA
"TER-EXO-T09",2024-12-31,NA,0.41702882811415,NA
"TER-EXO-T09",2025-01-01,NA,0.550032937090187,NA
"TER-EXO-T09",2025-01-02,NA,0.268348410774533,NA
"TER-EXO-T09",2025-01-03,NA,0.721060008759246,NA
"TER-EXO-T09",2025-01-04,NA,0.49453535504684,NA
"TER-EXO-T09",2025-01-05,NA,0.791428263111808,NA
"TER-EXO-T09",2025-01-06,NA,0.583592075121765,NA
"TER-EXO-T09",2025-01-07,NA,1.68701348327559,NA
"TER-EXO-T09",2025-01-08,NA,0.825049405635281,NA
"TER-EXO-T09",2025-01-09,NA,0.449939609474331,NA
"TER-EXO-T09",2025-01-10,NA,0.746974574194299,NA
"TER-EXO-T09",2025-01-11,NA,0.275016468545094,NA
"TER-EXO-T09",2025-01-12,NA,0.777572868107801,NA
"TER-EXO-T09",2025-01-13,NA,0.477292332867911,NA
"TER-EXO-T09",2025-01-14,NA,0.358640751178386,NA
"TER-EXO-T09",2025-01-15,NA,0.449939609474331,NA
"TER-EXO-T09",2025-01-16,NA,0.102062072615966,NA
"TER-EXO-T09",2025-01-17,NA,1.3349740810598,NA
"TER-EXO-T09",2025-01-18,NA,0.704218654285356,NA
"TER-EXO-T09",2025-01-19,NA,1.1080649669647,NA
"TER-EXO-T09",2025-01-20,NA,0.598533836656866,NA
"TER-EXO-T09",2025-01-21,NA,0.458415671128542,NA
"TER-EXO-T09",2025-01-22,NA,1.03909101859632,NA
"TER-EXO-T09",2025-01-23,NA,2.06407767941681,NA
"TER-EXO-T09",2025-01-24,NA,1.77339435440397,NA
"TER-EXO-T09",2025-01-25,NA,2.35667030522647,NA
"TER-EXO-T09",2025-01-26,NA,1.85917232636742,NA
"TER-EXO-T09",2025-01-27,NA,0.858672720295521,NA
"TER-EXO-T09",2025-01-28,NA,1.83514403336316,NA
"TER-EXO-T09",2025-01-29,NA,1.0215078369105,NA
"TER-EXO-T09",2025-01-30,NA,0.61642670615246,NA
"TER-EXO-T09",2025-01-31,NA,0.740886660345738,NA
"TER-EXO-T09",2025-02-01,NA,2.03902150446045,NA
"TER-EXO-T09",2025-02-02,NA,1.76507482289981,NA
"TER-EXO-T09",2025-02-03,NA,1.7161582897164,NA
"TER-EXO-T09",2025-02-04,NA,1.22011373905546,NA
"TER-EXO-T09",2025-02-05,NA,0.453948059341275,NA
"TER-EXO-T09",2025-02-06,NA,0.56465970257328,NA
"TER-EXO-T09",2025-02-07,NA,1.58742796253307,NA
"TER-EXO-T09",2025-02-08,NA,0.541318171059166,NA
"TER-EXO-T09",2025-02-09,NA,0.520851448960313,NA
"TER-EXO-T09",2025-02-10,NA,1.00722031037067,NA
"TER-EXO-T09",2025-02-11,NA,1.17953564923918,NA
"TER-EXO-T09",2025-02-12,NA,NA,NA
"TER-EXO-T09",2025-02-13,NA,NA,NA
"TER-EXO-T09",2025-02-14,NA,NA,NA
"TER-EXO-T09",2025-02-15,NA,NA,NA
"TER-EXO-T09",2025-02-16,NA,NA,NA
"TER-EXO-T09",2025-02-17,NA,NA,NA
"TER-EXO-T09",2025-02-18,NA,NA,NA
"TER-EXO-T09",2025-02-19,NA,NA,NA
"TER-EXO-T09",2025-02-20,NA,NA,NA
"TER-EXO-T09",2025-02-21,NA,NA,NA
"TER-EXO-T09",2025-02-22,NA,NA,NA
"TER-EXO-T09",2025-02-23,NA,NA,NA
"TER-EXO-T09",2025-02-24,NA,NA,NA
"TER-EXO-T09",2025-02-25,NA,NA,NA
"TER-EXO-T09",2025-02-26,NA,NA,NA
"TER-EXO-T09",2025-02-27,NA,NA,NA
"TER-EXO-T09",2025-02-28,NA,NA,NA
"TER-EXO-T09",2025-03-01,NA,NA,NA
"TER-EXO-T09",2025-03-02,NA,NA,NA
"TER-EXO-T09",2025-03-03,NA,NA,NA
"TER-EXO-T09",2025-03-04,NA,NA,NA
"TER-EXO-T09",2025-03-05,NA,NA,NA
"TER-EXO-T09",2025-03-06,NA,NA,NA
"TER-EXO-T09",2025-03-07,NA,NA,NA
"TER-EXO-T09",2025-03-08,NA,NA,NA
"TER-EXO-T09",2025-03-09,NA,NA,NA
"TER-EXO-T09",2025-03-10,NA,NA,NA
"TER-EXO-T09",2025-03-11,NA,NA,NA
"TER-EXO-T09",2025-03-12,NA,NA,NA
"TER-EXO-T09",2025-03-13,NA,NA,NA
"TER-EXO-T09",2025-03-14,NA,NA,NA
"TER-EXO-T09",2025-03-15,NA,NA,NA
"TER-EXO-T09",2025-03-16,NA,NA,NA
"TER-EXO-T09",2025-03-17,NA,NA,NA
"TER-EXO-T09",2025-03-18,NA,NA,NA
"TER-EXO-T09",2025-03-19,NA,NA,NA
"TER-EXO-T09",2025-03-20,NA,NA,NA
"TER-EXO-T09",2025-03-21,NA,NA,NA
"TER-EXO-T09",2025-03-22,NA,NA,NA
"TER-EXO-T09",2025-03-23,NA,NA,NA
"TER-EXO-T09",2025-03-24,NA,NA,NA
"TER-EXO-T09",2025-03-25,NA,NA,NA
"TER-EXO-T09",2025-03-26,NA,NA,NA
"TER-EXO-T09",2025-03-27,NA,NA,NA
"TER-EXO-T09",2025-03-28,NA,NA,NA
"TER-EXO-T09",2025-03-29,NA,NA,NA
"TER-EXO-T09",2025-03-30,NA,NA,NA
"TER-EXO-T09",2025-03-31,NA,NA,NA
"TER-EXO-T09",2025-04-01,NA,NA,NA
"TER-EXO-T09",2025-04-02,NA,NA,NA
"TER-EXO-T09",2025-04-03,NA,NA,NA
"TER-EXO-T09",2025-04-04,NA,NA,NA
"TER-EXO-T09",2025-04-05,NA,NA,NA
"TER-EXO-T09",2025-04-06,NA,NA,NA
"TER-EXO-T09",2025-04-07,NA,NA,NA
"TER-EXO-T09",2025-04-08,NA,NA,NA
"TER-EXO-T09",2025-04-09,NA,NA,NA
"TER-EXO-T09",2025-04-10,NA,NA,NA
"TER-EXO-T09",2025-04-11,NA,NA,NA
"TER-EXO-T09",2025-04-12,NA,NA,NA
"TER-EXO-T09",2025-04-13,NA,NA,NA
"TER-EXO-T09",2025-04-14,NA,NA,NA
"TER-EXO-T09",2025-04-15,NA,NA,NA
"TER-EXO-T09",2025-04-16,NA,NA,NA
"TER-EXO-T09",2025-04-17,NA,NA,NA
"TER-EXO-T09",2025-04-18,NA,NA,NA
"TER-EXO-T09",2025-04-19,NA,NA,NA
"TER-EXO-T09",2025-04-20,NA,NA,NA
"TER-EXO-T09",2025-04-21,NA,NA,NA
"TER-EXO-T09",2025-04-22,NA,NA,NA
"TER-EXO-T09",2025-04-23,NA,NA,NA
"TER-EXO-T09",2025-04-24,NA,NA,NA
"TER-EXO-T09",2025-04-25,NA,NA,NA
"TER-EXO-T09",2025-04-26,NA,NA,NA
"TER-EXO-T09",2025-04-27,NA,NA,NA
"TER-EXO-T09",2025-04-28,NA,NA,NA
"TER-EXO-T09",2025-04-29,NA,NA,NA
"TER-EXO-T09",2025-04-30,NA,NA,NA
"TER-EXO-T09",2025-05-01,NA,NA,NA
"TER-EXO-T09",2025-05-02,NA,NA,NA
"TER-EXO-T09",2025-05-03,NA,NA,NA
"TER-EXO-T09",2025-05-04,NA,NA,NA
"TER-EXO-T09",2025-05-05,NA,NA,NA
"TER-EXO-T09",2025-05-06,NA,NA,NA
"TER-EXO-T09",2025-05-07,NA,NA,NA
"TER-EXO-T09",2025-05-08,NA,NA,NA
"TER-EXO-T09",2025-05-09,NA,NA,NA
"TER-EXO-T09",2025-05-10,NA,NA,NA
"TER-EXO-T09",2025-05-11,NA,NA,NA
"TER-EXO-T09",2025-05-12,NA,NA,NA
"TER-EXO-T09",2025-05-13,NA,NA,NA
"TER-EXO-T09",2025-05-14,NA,NA,NA
"TER-EXO-T09",2025-05-15,NA,NA,NA
"TER-EXO-T09",2025-05-16,NA,NA,NA
"TER-EXO-T09",2025-05-17,NA,NA,NA
"TER-EXO-T09",2025-05-18,NA,NA,NA
"TER-EXO-T09",2025-05-19,NA,NA,NA
"TER-EXO-T09",2025-05-20,NA,NA,NA
"TER-EXO-T09",2025-05-21,NA,NA,NA
"TER-EXO-T09",2025-05-22,NA,NA,NA
"TER-EXO-T09",2025-05-23,NA,NA,NA
"TER-EXO-T09",2025-05-24,NA,NA,NA
"TER-EXO-T09",2025-05-25,NA,NA,NA
"TER-EXO-T09",2025-05-26,NA,NA,NA
"TER-EXO-T09",2025-05-27,NA,NA,NA
"TER-EXO-T09",2025-05-28,NA,NA,NA
"TER-EXO-T09",2025-05-29,NA,NA,NA
"TER-EXO-T09",2025-05-30,NA,NA,NA
"TER-EXO-T09",2025-05-31,NA,NA,NA
"TER-EXO-T09",2025-06-01,NA,NA,NA
"TER-EXO-T09",2025-06-02,NA,NA,NA
"TER-EXO-T09",2025-06-03,NA,NA,NA
"TER-EXO-T09",2025-06-04,NA,NA,NA
"TER-EXO-T09",2025-06-05,NA,NA,NA
"TER-EXO-T09",2025-06-06,NA,NA,NA
"TER-EXO-T09",2025-06-07,NA,NA,NA
"TER-EXO-T09",2025-06-08,NA,NA,NA
"TER-EXO-T09",2025-06-09,NA,NA,NA
"TER-EXO-T09",2025-06-10,NA,NA,NA
"TER-EXO-T09",2025-06-11,NA,NA,NA
"TER-EXO-T09",2025-06-12,NA,NA,NA
"TER-EXO-T10",2023-08-09,NA,NA,NA
"TER-EXO-T10",2023-08-10,NA,NA,NA
"TER-EXO-T10",2023-08-11,NA,NA,NA
"TER-EXO-T10",2023-08-12,NA,NA,NA
"TER-EXO-T10",2023-08-13,NA,NA,NA
"TER-EXO-T10",2023-08-14,NA,NA,NA
"TER-EXO-T10",2023-08-15,NA,NA,NA
"TER-EXO-T10",2023-08-16,NA,NA,NA
"TER-EXO-T10",2023-08-17,NA,NA,NA
"TER-EXO-T10",2023-08-18,NA,NA,NA
"TER-EXO-T10",2023-08-19,NA,NA,NA
"TER-EXO-T10",2023-08-20,NA,NA,NA
"TER-EXO-T10",2023-08-21,NA,NA,NA
"TER-EXO-T10",2023-08-22,NA,NA,NA
"TER-EXO-T10",2023-08-23,NA,NA,NA
"TER-EXO-T10",2023-08-24,NA,NA,NA
"TER-EXO-T10",2023-08-25,NA,NA,NA
"TER-EXO-T10",2023-08-26,NA,NA,NA
"TER-EXO-T10",2023-08-27,NA,NA,NA
"TER-EXO-T10",2023-08-28,NA,NA,NA
"TER-EXO-T10",2023-08-29,NA,NA,NA
"TER-EXO-T10",2023-08-30,NA,NA,NA
"TER-EXO-T10",2023-08-31,NA,NA,NA
"TER-EXO-T10",2023-09-01,NA,NA,NA
"TER-EXO-T10",2023-09-02,NA,NA,NA
"TER-EXO-T10",2023-09-03,NA,NA,NA
"TER-EXO-T10",2023-09-04,NA,NA,NA
"TER-EXO-T10",2023-09-05,NA,NA,NA
"TER-EXO-T10",2023-09-06,NA,NA,NA
"TER-EXO-T10",2023-09-07,NA,NA,NA
"TER-EXO-T10",2023-09-08,NA,NA,NA
"TER-EXO-T10",2023-09-09,NA,NA,NA
"TER-EXO-T10",2023-09-10,NA,NA,NA
"TER-EXO-T10",2023-09-11,NA,NA,NA
"TER-EXO-T10",2023-09-12,NA,NA,NA
"TER-EXO-T10",2023-09-13,NA,NA,NA
"TER-EXO-T10",2023-09-14,NA,NA,NA
"TER-EXO-T10",2023-09-15,NA,NA,NA
"TER-EXO-T10",2023-09-16,NA,NA,NA
"TER-EXO-T10",2023-09-17,NA,NA,NA
"TER-EXO-T10",2023-09-18,NA,NA,NA
"TER-EXO-T10",2023-09-19,NA,NA,NA
"TER-EXO-T10",2023-09-20,NA,NA,NA
"TER-EXO-T10",2023-09-21,NA,NA,NA
"TER-EXO-T10",2023-09-22,NA,NA,NA
"TER-EXO-T10",2023-09-23,NA,NA,NA
"TER-EXO-T10",2023-09-24,NA,NA,NA
"TER-EXO-T10",2023-09-25,NA,NA,NA
"TER-EXO-T10",2023-09-26,NA,NA,NA
"TER-EXO-T10",2023-09-27,NA,NA,NA
"TER-EXO-T10",2023-09-28,NA,NA,NA
"TER-EXO-T10",2023-09-29,NA,NA,NA
"TER-EXO-T10",2023-09-30,NA,NA,NA
"TER-EXO-T10",2023-10-01,NA,NA,NA
"TER-EXO-T10",2023-10-02,NA,NA,NA
"TER-EXO-T10",2023-10-03,NA,NA,NA
"TER-EXO-T10",2023-10-04,NA,NA,NA
"TER-EXO-T10",2023-10-05,NA,NA,NA
"TER-EXO-T10",2023-10-06,NA,NA,NA
"TER-EXO-T10",2023-10-07,NA,NA,NA
"TER-EXO-T10",2023-10-08,NA,NA,NA
"TER-EXO-T10",2023-10-09,NA,NA,NA
"TER-EXO-T10",2023-10-10,NA,NA,NA
"TER-EXO-T10",2023-10-11,NA,NA,NA
"TER-EXO-T10",2023-10-12,NA,NA,NA
"TER-EXO-T10",2023-10-13,NA,NA,NA
"TER-EXO-T10",2023-10-14,NA,NA,NA
"TER-EXO-T10",2023-10-15,NA,NA,NA
"TER-EXO-T10",2023-10-16,NA,NA,NA
"TER-EXO-T10",2023-10-17,NA,NA,NA
"TER-EXO-T10",2023-10-18,NA,NA,NA
"TER-EXO-T10",2023-10-19,NA,NA,NA
"TER-EXO-T10",2023-10-20,NA,NA,NA
"TER-EXO-T10",2023-10-21,NA,NA,NA
"TER-EXO-T10",2023-10-22,NA,NA,NA
"TER-EXO-T10",2023-10-23,NA,NA,NA
"TER-EXO-T10",2023-10-24,NA,NA,NA
"TER-EXO-T10",2023-10-25,NA,NA,NA
"TER-EXO-T10",2023-10-26,NA,NA,NA
"TER-EXO-T10",2023-10-27,NA,NA,NA
"TER-EXO-T10",2023-10-28,NA,NA,NA
"TER-EXO-T10",2023-10-29,NA,NA,NA
"TER-EXO-T10",2023-10-30,NA,NA,NA
"TER-EXO-T10",2023-10-31,NA,NA,NA
"TER-EXO-T10",2023-11-01,NA,NA,NA
"TER-EXO-T10",2023-11-02,NA,NA,NA
"TER-EXO-T10",2023-11-03,NA,NA,NA
"TER-EXO-T10",2023-11-04,NA,NA,NA
"TER-EXO-T10",2023-11-05,NA,NA,NA
"TER-EXO-T10",2023-11-06,NA,NA,NA
"TER-EXO-T10",2023-11-07,NA,NA,NA
"TER-EXO-T10",2023-11-08,NA,NA,NA
"TER-EXO-T10",2023-11-09,NA,NA,NA
"TER-EXO-T10",2023-11-10,NA,NA,NA
"TER-EXO-T10",2023-11-11,NA,NA,NA
"TER-EXO-T10",2023-11-12,NA,NA,NA
"TER-EXO-T10",2023-11-13,NA,NA,NA
"TER-EXO-T10",2023-11-14,NA,NA,NA
"TER-EXO-T10",2023-11-15,NA,NA,NA
"TER-EXO-T10",2023-11-16,NA,NA,NA
"TER-EXO-T10",2023-11-17,NA,NA,NA
"TER-EXO-T10",2023-11-18,NA,NA,NA
"TER-EXO-T10",2023-11-19,NA,NA,NA
"TER-EXO-T10",2023-11-20,NA,NA,NA
"TER-EXO-T10",2023-11-21,NA,NA,NA
"TER-EXO-T10",2023-11-22,NA,NA,NA
"TER-EXO-T10",2023-11-23,NA,NA,NA
"TER-EXO-T10",2023-11-24,NA,NA,NA
"TER-EXO-T10",2023-11-25,NA,NA,NA
"TER-EXO-T10",2023-11-26,NA,NA,NA
"TER-EXO-T10",2023-11-27,NA,NA,NA
"TER-EXO-T10",2023-11-28,NA,NA,NA
"TER-EXO-T10",2023-11-29,NA,NA,NA
"TER-EXO-T10",2023-11-30,NA,NA,NA
"TER-EXO-T10",2023-12-01,NA,NA,NA
"TER-EXO-T10",2023-12-02,NA,NA,NA
"TER-EXO-T10",2023-12-03,NA,NA,NA
"TER-EXO-T10",2023-12-04,NA,NA,NA
"TER-EXO-T10",2023-12-05,NA,NA,NA
"TER-EXO-T10",2023-12-06,NA,NA,NA
"TER-EXO-T10",2023-12-07,NA,NA,NA
"TER-EXO-T10",2023-12-08,NA,NA,NA
"TER-EXO-T10",2023-12-09,NA,NA,NA
"TER-EXO-T10",2023-12-10,NA,NA,NA
"TER-EXO-T10",2023-12-11,NA,NA,NA
"TER-EXO-T10",2023-12-12,NA,NA,NA
"TER-EXO-T10",2023-12-13,NA,NA,NA
"TER-EXO-T10",2023-12-14,NA,NA,NA
"TER-EXO-T10",2023-12-15,NA,NA,NA
"TER-EXO-T10",2023-12-16,NA,NA,NA
"TER-EXO-T10",2023-12-17,NA,NA,NA
"TER-EXO-T10",2023-12-18,NA,NA,NA
"TER-EXO-T10",2023-12-19,NA,NA,NA
"TER-EXO-T10",2023-12-20,NA,NA,NA
"TER-EXO-T10",2023-12-21,NA,NA,NA
"TER-EXO-T10",2023-12-22,NA,NA,NA
"TER-EXO-T10",2023-12-23,NA,NA,NA
"TER-EXO-T10",2023-12-24,NA,NA,NA
"TER-EXO-T10",2023-12-25,NA,NA,NA
"TER-EXO-T10",2023-12-26,NA,NA,NA
"TER-EXO-T10",2023-12-27,NA,NA,NA
"TER-EXO-T10",2023-12-28,NA,NA,NA
"TER-EXO-T10",2023-12-29,NA,NA,NA
"TER-EXO-T10",2023-12-30,NA,NA,NA
"TER-EXO-T10",2023-12-31,NA,NA,NA
"TER-EXO-T10",2024-01-01,NA,NA,NA
"TER-EXO-T10",2024-01-02,NA,NA,NA
"TER-EXO-T10",2024-01-03,NA,NA,NA
"TER-EXO-T10",2024-01-04,NA,NA,NA
"TER-EXO-T10",2024-01-05,NA,NA,NA
"TER-EXO-T10",2024-01-06,NA,NA,NA
"TER-EXO-T10",2024-01-07,NA,NA,NA
"TER-EXO-T10",2024-01-08,NA,NA,NA
"TER-EXO-T10",2024-01-09,NA,NA,NA
"TER-EXO-T10",2024-01-10,NA,NA,NA
"TER-EXO-T10",2024-01-11,NA,NA,NA
"TER-EXO-T10",2024-01-12,NA,NA,NA
"TER-EXO-T10",2024-01-13,NA,NA,NA
"TER-EXO-T10",2024-01-14,NA,NA,NA
"TER-EXO-T10",2024-01-15,NA,NA,NA
"TER-EXO-T10",2024-01-16,NA,NA,NA
"TER-EXO-T10",2024-01-17,NA,NA,NA
"TER-EXO-T10",2024-01-18,NA,NA,NA
"TER-EXO-T10",2024-01-19,NA,NA,NA
"TER-EXO-T10",2024-01-20,NA,NA,NA
"TER-EXO-T10",2024-01-21,NA,NA,NA
"TER-EXO-T10",2024-01-22,NA,NA,NA
"TER-EXO-T10",2024-01-23,NA,NA,NA
"TER-EXO-T10",2024-01-24,NA,NA,NA
"TER-EXO-T10",2024-01-25,NA,NA,NA
"TER-EXO-T10",2024-01-26,NA,NA,NA
"TER-EXO-T10",2024-01-27,NA,NA,NA
"TER-EXO-T10",2024-01-28,NA,NA,NA
"TER-EXO-T10",2024-01-29,NA,NA,NA
"TER-EXO-T10",2024-01-30,NA,NA,NA
"TER-EXO-T10",2024-01-31,NA,NA,NA
"TER-EXO-T10",2024-02-01,NA,NA,NA
"TER-EXO-T10",2024-02-02,NA,NA,NA
"TER-EXO-T10",2024-02-03,NA,NA,NA
"TER-EXO-T10",2024-02-04,NA,NA,NA
"TER-EXO-T10",2024-02-05,NA,NA,NA
"TER-EXO-T10",2024-02-06,NA,NA,NA
"TER-EXO-T10",2024-02-07,NA,NA,NA
"TER-EXO-T10",2024-02-08,NA,NA,NA
"TER-EXO-T10",2024-02-09,NA,NA,NA
"TER-EXO-T10",2024-02-10,NA,NA,NA
"TER-EXO-T10",2024-02-11,NA,NA,NA
"TER-EXO-T10",2024-02-12,NA,NA,NA
"TER-EXO-T10",2024-02-13,NA,NA,NA
"TER-EXO-T10",2024-02-14,NA,NA,NA
"TER-EXO-T10",2024-02-15,NA,NA,NA
"TER-EXO-T10",2024-02-16,NA,NA,NA
"TER-EXO-T10",2024-02-17,NA,NA,NA
"TER-EXO-T10",2024-02-18,NA,NA,NA
"TER-EXO-T10",2024-02-19,NA,NA,NA
"TER-EXO-T10",2024-02-20,NA,NA,NA
"TER-EXO-T10",2024-02-21,NA,NA,NA
"TER-EXO-T10",2024-02-22,NA,NA,NA
"TER-EXO-T10",2024-02-23,NA,NA,NA
"TER-EXO-T10",2024-02-24,NA,NA,NA
"TER-EXO-T10",2024-02-25,NA,NA,NA
"TER-EXO-T10",2024-02-26,NA,NA,NA
"TER-EXO-T10",2024-02-27,NA,NA,NA
"TER-EXO-T10",2024-02-28,NA,NA,NA
"TER-EXO-T10",2024-02-29,NA,NA,NA
"TER-EXO-T10",2024-03-01,NA,NA,NA
"TER-EXO-T10",2024-03-02,NA,NA,NA
"TER-EXO-T10",2024-03-03,NA,NA,NA
"TER-EXO-T10",2024-03-04,NA,NA,NA
"TER-EXO-T10",2024-03-05,NA,NA,NA
"TER-EXO-T10",2024-03-06,NA,NA,NA
"TER-EXO-T10",2024-03-07,NA,NA,NA
"TER-EXO-T10",2024-03-08,NA,NA,NA
"TER-EXO-T10",2024-03-09,NA,NA,NA
"TER-EXO-T10",2024-03-10,NA,NA,NA
"TER-EXO-T10",2024-03-11,NA,NA,NA
"TER-EXO-T10",2024-03-12,NA,NA,NA
"TER-EXO-T10",2024-03-13,NA,NA,NA
"TER-EXO-T10",2024-03-14,NA,NA,NA
"TER-EXO-T10",2024-03-15,NA,NA,NA
"TER-EXO-T10",2024-03-16,NA,NA,NA
"TER-EXO-T10",2024-03-17,NA,NA,NA
"TER-EXO-T10",2024-03-18,NA,NA,NA
"TER-EXO-T10",2024-03-19,NA,NA,NA
"TER-EXO-T10",2024-03-20,NA,NA,NA
"TER-EXO-T10",2024-03-21,NA,NA,NA
"TER-EXO-T10",2024-03-22,0.647948266856035,0.83378610888064,0.810930758851934
"TER-EXO-T10",2024-03-23,0.706786460997433,0.780189497605494,0.832970935693524
"TER-EXO-T10",2024-03-24,1.12931940514656,1.4212415474619,1.54579841946587
"TER-EXO-T10",2024-03-25,0.329690236697893,0.556581178890961,0.625181133172909
"TER-EXO-T10",2024-03-26,0.736902546011914,0.765835245459757,0.729490093902206
"TER-EXO-T10",2024-03-27,1.42171946314456,2.10320235472661,2.2553278305356
"TER-EXO-T10",2024-03-28,1.39096463243882,1.84105750959148,2.11104754544525
"TER-EXO-T10",2024-03-29,1.4889386843645,1.79774415809676,1.77836739165734
"TER-EXO-T10",2024-03-30,0.981486228834264,1.26816511291834,1.24072647022341
"TER-EXO-T10",2024-03-31,1.66757221776128,2.48327740429189,2.64155408254582
"TER-EXO-T10",2024-04-01,1.50542497249982,2.05087026419998,2.38797940782033
"TER-EXO-T10",2024-04-02,0.940243570046875,0.84457990586522,0.80729239714787
"TER-EXO-T10",2024-04-03,1.15155849027383,1.2363383876171,1.46316487426242
"TER-EXO-T10",2024-04-04,1.23193467500443,1.81778651829277,2.1328180990132
"TER-EXO-T10",2024-04-05,0.989070710093681,1.40586246673077,1.4742659681779
"TER-EXO-T10",2024-04-06,1.26816511291834,2.0049756946736,2.29839263304862
"TER-EXO-T10",2024-04-07,0.726067430094119,0.994322651975647,1.35667966379132
"TER-EXO-T10",2024-04-08,1.57194608455685,1.9531422100691,2.02866683574085
"TER-EXO-T10",2024-04-09,0.458415671128542,0.416485467846762,0.508977377704051
"TER-EXO-T10",2024-04-10,0.240771706171538,0.232152810743768,0.265804766535597
"TER-EXO-T10",2024-04-11,0.686304956089946,0.779027636204913,0.920774721067277
"TER-EXO-T10",2024-04-12,1.58671454379112,1.97951465285548,2.20999049115929
"TER-EXO-T10",2024-04-13,0.453948059341275,0.440273301155254,0.499546896146173
"TER-EXO-T10",2024-04-14,0.358640751178386,0.361157559257308,0.265804766535597
"TER-EXO-T10",2024-04-15,0.601929265428846,0.6412736421045,0.619724108789139
"TER-EXO-T10",2024-04-16,0.326931274079147,0.429336360147761,0.561038762255892
"TER-EXO-T10",2024-04-17,0.58008932345666,0.722001545624425,0.84698955385992
"TER-EXO-T10",2024-04-18,0.722001545624424,0.80729239714787,1.13711273069949
"TER-EXO-T10",2024-04-19,0.966841563388569,1.39031327926218,1.42696597158376
"TER-EXO-T10",2024-04-20,2.00712047687618,2.90800992761896,3.1827632466236
"TER-EXO-T10",2024-04-21,1.03472323541759,1.23193467500443,1.64170620860199
"TER-EXO-T10",2024-04-22,0.63381465310669,0.811768064969513,0.989070710093681
"TER-EXO-T10",2024-04-23,0.323449478616663,0.434057366141216,0.508977377704051
"TER-EXO-T10",2024-04-24,0.659036956585082,1.01595068635316,1.21565125386128
"TER-EXO-T10",2024-04-25,1.12931940514656,1.65817583550397,2.17528941935803
"TER-EXO-T10",2024-04-26,0.932261936818499,1.25524262912435,1.35065738154383
"TER-EXO-T10",2024-04-27,1.31807391317016,1.53933921453048,1.72877920401417
"TER-EXO-T10",2024-04-28,1.84302445193621,2.55766820887047,3.11836251622686
"TER-EXO-T10",2024-04-29,2.17934556724015,3.24197727732115,3.5645573134093
"TER-EXO-T10",2024-04-30,2.01612611032981,2.99448466447853,3.52777540035676
"TER-EXO-T10",2024-05-01,0.863668867705371,1.22400506771708,1.25974462560438
"TER-EXO-T10",2024-05-02,0.625181133172909,0.674321989058296,0.707106781186548
"TER-EXO-T10",2024-05-03,1.15783405984836,1.66757221776128,2.02955963667998
"TER-EXO-T10",2024-05-04,1.11234834497998,1.91568185159273,2.36587683289004
"TER-EXO-T10",2024-05-05,1.74130864498556,2.77402221969513,3.02046162130842
"TER-EXO-T10",2024-05-06,0.408248290463863,0.487153816139944,0.458415671128542
"TER-EXO-T10",2024-05-07,0.779027636204913,0.96096833710978,1.20667677552015
"TER-EXO-T10",2024-05-08,0.722001545624425,0.904898104600814,1.04061541156309
"TER-EXO-T10",2024-05-09,1.193088489982,1.78446902751068,2.14129515189668
"TER-EXO-T10",2024-05-10,2.17028683070608,3.31928652627011,3.9699961669021
"TER-EXO-T10",2024-05-11,1.7568447920031,2.50506732820509,2.7727974677393
"TER-EXO-T10",2024-05-12,2.08991713309126,2.90419174817107,3.20488474549149
"TER-EXO-T10",2024-05-13,1.2006565233057,1.16017864691332,1.15077163777999
"TER-EXO-T10",2024-05-14,1.25524262912435,1.66757221776128,1.91248756745035
"TER-EXO-T10",2024-05-15,1.05788105136664,1.45944574549997,1.59482859921358
"TER-EXO-T10",2024-05-16,0.561038762255892,0.598533836656866,0.704218654285356
"TER-EXO-T10",2024-05-17,0.637022057270606,1.12751329565733,1.43944811284229
"TER-EXO-T10",2024-05-18,1.26387229908951,1.90489453471991,2.25934051555258
"TER-EXO-T10",2024-05-19,1.893926218663,2.77769323542844,3.08154570192355
"TER-EXO-T10",2024-05-20,1.13232318580052,1.46934250306195,1.78713194244581
"TER-EXO-T10",2024-05-21,1.28748153215966,1.90999943091273,2.0375772413562
"TER-EXO-T10",2024-05-22,0.892805381522402,1.22011373905546,1.27101893394032
"TER-EXO-T10",2024-05-23,0.453948059341275,0.440273301155254,0.437694056341324
"TER-EXO-T10",2024-05-24,1.02128613146309,1.393404495097,1.52856260034989
"TER-EXO-T10",2024-05-25,1.45213486018824,2.52379975778414,2.89552378180779
"TER-EXO-T10",2024-05-26,1.59468660316654,2.55341487742041,2.85773803324704
"TER-EXO-T10",2024-05-27,1.76930347385877,2.47807414119823,2.80495162581967
"TER-EXO-T10",2024-05-28,1.53565710808865,1.91059213827561,1.97080135249966
"TER-EXO-T10",2024-05-29,0.294114982937636,0.387765804114519,0.38069349381344
"TER-EXO-T10",2024-05-30,0.686304956089946,1.36466803310538,1.63728632857516
"TER-EXO-T10",2024-05-31,0.624093545570845,1.12931940514656,1.35918107270731
"TER-EXO-T10",2024-06-01,1.31807391317016,2.10061671413662,2.34974173727328
"TER-EXO-T10",2024-06-02,0.8198179366636,1.34713195075821,1.53933921453048
"TER-EXO-T10",2024-06-03,1.02857717964806,1.45944574549997,1.78713194244581
"TER-EXO-T10",2024-06-04,1.79522313013077,2.3993318816414,2.84112845002918
"TER-EXO-T10",2024-06-05,0.832970935693524,0.944089163069933,1.05616718867553
"TER-EXO-T10",2024-06-06,0.966841563388569,1.64349838957078,2.02330175702983
"TER-EXO-T10",2024-06-07,1.29362287585198,2.12089330372772,2.39980373593644
"TER-EXO-T10",2024-06-08,1.25379857615377,1.8056623900017,2.07981587117009
"TER-EXO-T10",2024-06-09,1.42187873267546,2.1049243505977,2.48145294044682
"TER-EXO-T10",2024-06-10,1.40634560866612,1.9388290205726,2.26014219765553
"TER-EXO-T10",2024-06-11,1.91378958605959,2.56147248752506,2.89677481828086
"TER-EXO-T10",2024-06-12,2.93583247458716,3.89327737204173,4.49315098757002
"TER-EXO-T10",2024-06-13,0.588229965875272,0.746974574194299,0.895843865795853
"TER-EXO-T10",2024-06-14,0.875388112682647,1.52989532653215,1.84142647131928
"TER-EXO-T10",2024-06-15,2.19920522534583,3.19277944426328,3.54774627378966
"TER-EXO-T10",2024-06-16,1.21583751774866,1.66689310056034,1.95418540054677
"TER-EXO-T10",2024-06-17,0.722001545624424,1.17260393995586,1.32424438394346
"TER-EXO-T10",2024-06-18,1.31807391317016,2.15520939498506,2.38313823058734
"TER-EXO-T10",2024-06-19,1.1355184604017,1.76199306616609,1.96608472107251
"TER-EXO-T10",2024-06-20,1.98180125943144,2.82810685897777,3.10672190813609
"TER-EXO-T10",2024-06-21,2.33349507720979,3.44206712412128,3.74939608663752
"TER-EXO-T10",2024-06-22,1.21565125386128,2.05528216617785,2.35445922896736
"TER-EXO-T10",2024-06-23,1.03712779249763,1.37524701338563,1.40586246673077
"TER-EXO-T10",2024-06-24,0.550032937090187,1.04061541156309,1.0475558163677
"TER-EXO-T10",2024-06-25,1.10314931255796,2.4133535510403,2.89669664433046
"TER-EXO-T10",2024-06-26,2.47514821690584,3.60530004379623,4.08730581686515
"TER-EXO-T10",2024-06-27,0.734440041060564,0.938073496085446,1.16388125047936
"TER-EXO-T10",2024-06-28,1.28378262415681,2.05087026419998,2.34974173727328
"TER-EXO-T10",2024-06-29,0.527761886361314,0.813996670576818,1.00991461828804
"TER-EXO-T10",2024-06-30,0.403225222065963,0.589383736122568,0.675663924692176
"TER-EXO-T10",2024-07-01,1.18566314838966,2.05891486826984,2.53668732970693
"TER-EXO-T10",2024-07-02,1.51068057414579,2.23120166492525,2.58619523568919
"TER-EXO-T10",2024-07-03,0.664511916338994,1.23193467500443,1.39031327926218
"TER-EXO-T10",2024-07-04,1.59936581634495,2.34018146205851,2.75542942285732
"TER-EXO-T10",2024-07-05,2.20177793770319,3.29188450939404,3.64453134101659
"TER-EXO-T10",2024-07-06,0.935414346693485,1.25036226634582,1.35065738154383
"TER-EXO-T10",2024-07-07,1.41277171299665,2.0549516020959,2.21612993392941
"TER-EXO-T10",2024-07-08,0.604556970379784,0.827242231843206,0.959081308608263
"TER-EXO-T10",2024-07-09,0.670280062599837,1.33089677732124,1.52277397525376
"TER-EXO-T10",2024-07-10,0.61642670615246,1.13890361720181,1.28519298725629
"TER-EXO-T10",2024-07-11,0.85311662216516,1.83847270419171,2.1135132849824
"TER-EXO-T10",2024-07-12,1.08159001313887,1.47426596817791,1.72563262921587
"TER-EXO-T10",2024-07-13,0.69025305168635,1.22751516416738,1.41405342948888
"TER-EXO-T10",2024-07-14,1.20385853085769,2.72260731279965,3.12880203495092
"TER-EXO-T10",2024-07-15,1.24818709114169,1.3805061033727,1.5805658498769
"TER-EXO-T10",2024-07-16,0.928611242975073,1.864523873637,2.14161238864282
"TER-EXO-T10",2024-07-17,0.329002665070039,0.607918758874329,0.612372435695794
"TER-EXO-T10",2024-07-18,0.647948266856035,1.53211396064581,1.91627280137129
"TER-EXO-T10",2024-07-19,1.58571521832364,3.1622060498091,3.52263642621607
"TER-EXO-T10",2024-07-20,NA,NA,NA
"TER-EXO-T10",2024-07-21,1.20009057629178,1.7856107630448,2.17685037065754
"TER-EXO-T10",2024-07-22,1.10335456873474,2.0375772413562,2.37961983932521
"TER-EXO-T10",2024-07-23,1.47441956154897,2.15342245295009,2.46386935000885
"TER-EXO-T10",2024-07-24,1.99954705015839,2.76420900969434,3.21088501953833
"TER-EXO-T10",2024-07-25,2.565094568418,3.57065079522617,3.88646620533582
"TER-EXO-T10",2024-07-26,1.05208557540298,1.40392823632607,1.66035944248854
"TER-EXO-T10",2024-07-27,1.07001286732071,1.58970875101179,2.05186376924401
"TER-EXO-T10",2024-07-28,1.76109320462102,2.37504767305319,2.63055829749537
"TER-EXO-T10",2024-07-29,0.658005330140078,1.23578878172748,1.60148821186846
"TER-EXO-T10",2024-07-30,0.838120308890026,1.14128709441755,1.40586246673077
"TER-EXO-T10",2024-07-31,0.487153816139944,0.865763883197535,0.977092700273386
"TER-EXO-T10",2024-08-01,1.68419227619307,2.57179517745535,2.99085260007282
"TER-EXO-T10",2024-08-02,1.73192006208407,2.51868020995124,2.77532802604916
"TER-EXO-T10",2024-08-03,2.16433123854574,3.11611054481965,3.60555127546399
"TER-EXO-T10",2024-08-04,2.1609805544062,2.92911422531241,3.36697247140341
"TER-EXO-T10",2024-08-05,1.91627280137129,2.81269121733225,3.27678483281703
"TER-EXO-T10",2024-08-06,0.561038762255892,0.930316682874591,1.19612144941019
"TER-EXO-T10",2024-08-07,1.45073070044629,2.15688987040217,2.75172870566217
"TER-EXO-T10",2024-08-08,2.09716423440964,2.96690684583862,3.36192448337021
"TER-EXO-T10",2024-08-09,2.02520351455411,2.80519381127946,3.13090022707273
"TER-EXO-T10",2024-08-10,1.07592225353516,1.65667293615587,1.74961175817603
"TER-EXO-T10",2024-08-11,0.919790461329983,1.2767074387102,1.50843041564422
"TER-EXO-T10",2024-08-12,2.3297073275165,3.41027592491546,3.95880050637505
"TER-EXO-T10",2024-08-13,1.44400309124885,2.02061387572752,2.33504724838148
"TER-EXO-T10",2024-08-14,1.82859235479097,2.75542942285732,3.07860487412959
"TER-EXO-T10",2024-08-15,1.95000929020455,2.84940560798925,3.24595623569665
"TER-EXO-T10",2024-08-16,2.1109402740437,2.90419174817107,3.32616983888398
"TER-EXO-T10",2024-08-17,1.73152776639507,2.48828778218206,2.77010110734744
"TER-EXO-T10",2024-08-18,1.90810153012762,2.86019344131461,3.12242647654821
"TER-EXO-T10",2024-08-19,2.08503553648512,2.95221606765916,3.36757772147057
"TER-EXO-T10",2024-08-20,1.03011713137285,1.2853691738343,1.510830465556
"TER-EXO-T10",2024-08-21,1.5809956045003,2.40432882556635,2.85900560396063
"TER-EXO-T10",2024-08-22,2.66136815092963,4.0304547159584,4.40108682229643
"TER-EXO-T10",2024-08-23,0.69025305168635,1.13172306747246,1.34864397811659
"TER-EXO-T10",2024-08-24,1.25812576270523,1.83847270419171,2.17934556724015
"TER-EXO-T10",2024-08-25,2.26144432493542,3.26792714516205,3.51394736542204
"TER-EXO-T10",2024-08-26,1.09821165563825,2.06670903416133,2.38873791793485
"TER-EXO-T10",2024-08-27,0.842700971600384,1.30772509631659,1.55281418207652
"TER-EXO-T10",2024-08-28,1.59482859921358,2.48828778218206,2.93953252223468
"TER-EXO-T10",2024-08-29,1.7558133257219,2.75961756959815,2.96965327600886
"TER-EXO-T10",2024-08-30,1.70463987441608,2.63743603535322,3.01978680022954
"TER-EXO-T10",2024-08-31,1.46934250306195,2.38190263128608,2.59703007633553
"TER-EXO-T10",2024-09-01,0.545070132437435,0.955296069137807,1.22455996237394
"TER-EXO-T10",2024-09-02,0.61642670615246,1.52143501101875,1.95035764093056
"TER-EXO-T10",2024-09-03,1.13232318580052,1.95418540054677,2.32308827435265
"TER-EXO-T10",2024-09-04,1.30199818562175,1.99444427623699,2.15142352604172
"TER-EXO-T10",2024-09-05,0.8198179366636,1.16388125047936,1.28095723944063
"TER-EXO-T10",2024-09-06,0.862881925521276,1.206113653404,1.34864397811659
"TER-EXO-T10",2024-09-07,0.924456361986541,0.872018730685681,0.883627241233132
"TER-EXO-T10",2024-09-08,0.503610155185335,0.977092700273386,1.27617521853615
"TER-EXO-T10",2024-09-09,0.974307632279887,1.34056012519967,1.54271899063244
"TER-EXO-T10",2024-09-10,0.761386987626881,1.25108648434245,1.49984902621873
"TER-EXO-T10",2024-09-11,0.813996670576818,1.63507190818249,1.98625257088879
"TER-EXO-T10",2024-09-12,1.61388338030274,2.75370304041351,3.19072194365776
"TER-EXO-T10",2024-09-13,1.86500961648063,2.95221606765916,3.31744401348519
"TER-EXO-T10",2024-09-14,1.23285341230492,1.80378024947769,2.01578912515706
"TER-EXO-T10",2024-09-15,1.53919209939519,2.47148594040573,2.86248852918403
"TER-EXO-T10",2024-09-16,0.61642670615246,0.935414346693485,1.01349588703826
"TER-EXO-T10",2024-09-17,0.589767824619589,1.01081112500545,1.12931940514656
"TER-EXO-T10",2024-09-18,0.779027636204913,1.63728632857516,1.94663868602087
"TER-EXO-T10",2024-09-19,0.98884173203526,1.33514369850296,1.40505686098773
"TER-EXO-T10",2024-09-20,1.07254944820301,1.57755428947212,1.9238209263135
"TER-EXO-T10",2024-09-21,1.66145016978141,2.68213358722308,3.06917528931173
"TER-EXO-T10",2024-09-22,1.19156911529367,1.86780018637752,2.04556342119841
"TER-EXO-T10",2024-09-23,1.69825144516779,2.85773803324704,3.09913206643689
"TER-EXO-T10",2024-09-24,0.876163822283402,1.2509054691517,1.41661338348219
"TER-EXO-T10",2024-09-25,0.7058246282166,1.22400506771708,1.35517660221405
"TER-EXO-T10",2024-09-26,0.740886660345738,1.50587617136279,1.88817832613987
"TER-EXO-T10",2024-09-27,1.35517660221405,1.5166646759025,1.66471806378259
"TER-EXO-T10",2024-09-28,0.8030738049718,0.880546602310508,1.00271370919555
"TER-EXO-T10",2024-09-29,0.575779245136914,0.567460015829501,0.488546350136693
"TER-EXO-T10",2024-09-30,0.586301969977929,1.11295891039691,1.30772509631659
"TER-EXO-T10",2024-10-01,0.601929265428846,0.84698955385992,0.92052875479574
"TER-EXO-T10",2024-10-02,0.350982059081517,0.389513818102457,0.510753918455249
"TER-EXO-T10",2024-10-03,0.659380473395787,0.701964118163034,0.838120308890026
"TER-EXO-T10",2024-10-04,0.78683690739605,0.940243570046875,0.98815447950324
"TER-EXO-T10",2024-10-05,1.0215078369105,1.18699932236895,1.32424438394346
"TER-EXO-T10",2024-10-06,1.19156911529367,1.37508234272547,1.63465637039574
"TER-EXO-T10",2024-10-07,2.04201786390857,2.37504767305319,2.35099423926208
"TER-EXO-T10",2024-10-08,1.08826913497762,1.29309761784459,1.42171946314456
"TER-EXO-T10",2024-10-09,1.88769854508114,2.4212225921174,2.48172669552962
"TER-EXO-T10",2024-10-10,1.05980583400786,1.21565125386128,1.38247310428014
"TER-EXO-T10",2024-10-11,0.8030738049718,0.883627241233132,1.07339364309813
"TER-EXO-T10",2024-10-12,1.89774847526281,2.22102926916616,2.39555370138761
"TER-EXO-T10",2024-10-13,0.884395724266829,1.18795281221855,1.16388125047936
"TER-EXO-T10",2024-10-14,0.466252404120157,0.499546896146173,0.598533836656866
"TER-EXO-T10",2024-10-15,0.896601877945965,0.761386987626881,0.78683690739605
"TER-EXO-T10",2024-10-16,0.964731321010742,1.32902383267799,1.47303664466358
"TER-EXO-T10",2024-10-17,2.2837643727287,2.81172493346154,3.03123832733447
"TER-EXO-T10",2024-10-18,1.35784756140003,1.58742796253307,1.68311628676768
"TER-EXO-T10",2024-10-19,0.56465970257328,0.775531608229039,0.840279025431261
"TER-EXO-T10",2024-10-20,1.07254944820301,1.02857717964806,1.10335456873474
"TER-EXO-T10",2024-10-21,1.5166646759025,2.19425716194653,2.36788598922562
"TER-EXO-T10",2024-10-22,1.29309761784459,1.35918107270731,1.38949865841574
"TER-EXO-T10",2024-10-23,1.32680694400755,1.78713194244581,1.70663135436747
"TER-EXO-T10",2024-10-24,0.916831342257085,1.03209369308428,1.1210680078661
"TER-EXO-T10",2024-10-25,1.10806496696471,1.5273769786083,1.72576385104255
"TER-EXO-T10",2024-10-26,0.779899194526567,1.12751329565733,1.21807046272944
"TER-EXO-T10",2024-10-27,0.749093655258023,1.08826913497762,1.20216441278318
"TER-EXO-T10",2024-10-28,0.811768064969513,1.2150922908826,1.2450990880771
"TER-EXO-T10",2024-10-29,0.955533085905909,1.35333725993576,1.57984933238695
"TER-EXO-T10",2024-10-30,0.653862548158294,0.813996670576818,0.936140318356268
"TER-EXO-T10",2024-10-31,0.667232549687378,1.01595068635316,1.00519484015124
"TER-EXO-T10",2024-11-01,0.902643059439125,1.12931940514656,1.15077163777999
"TER-EXO-T10",2024-11-02,NA,0.813996670576818,0.97034843584999
"TER-EXO-T10",2024-11-03,NA,0.437694056341324,0.49453535504684
"TER-EXO-T10",2024-11-04,NA,1.6681153124566,2.00802285771389
"TER-EXO-T10",2024-11-05,NA,1.63174464292369,1.61388338030274
"TER-EXO-T10",2024-11-06,NA,1.2006565233057,1.31807391317016
"TER-EXO-T10",2024-11-07,NA,2.49637418228338,2.7146108963976
"TER-EXO-T10",2024-11-08,NA,1.18566314838966,1.29379791446665
"TER-EXO-T10",2024-11-09,NA,0.761386987626881,0.871239330502528
"TER-EXO-T10",2024-11-10,NA,0.556581178890961,0.606426931450447
"TER-EXO-T10",2024-11-11,NA,0.588229965875272,0.550032937090188
"TER-EXO-T10",2024-11-12,NA,0.358640751178386,0.287889622568457
"TER-EXO-T10",2024-11-13,NA,1.10006587418037,1.19706767331373
"TER-EXO-T10",2024-11-14,NA,0.524749767832802,0.56465970257328
"TER-EXO-T10",2024-11-15,NA,0.674321989058296,0.722001545624424
"TER-EXO-T10",2024-11-16,NA,0.736902546011914,0.876163822283402
"TER-EXO-T10",2024-11-17,NA,0.24726767752342,0.323449478616663
"TER-EXO-T10",2024-11-18,NA,0.254488688852026,0.254488688852026
"TER-EXO-T10",2024-11-19,NA,0.863668867705371,1.05294617724455
"TER-EXO-T10",2024-11-20,NA,1.25036226634582,1.3855818115585
"TER-EXO-T10",2024-11-21,NA,0.675663924692176,0.659036956585082
"TER-EXO-T10",2024-11-22,NA,0.524749767832802,0.503610155185335
"TER-EXO-T10",2024-11-23,NA,1.36134524260572,1.21565125386128
"TER-EXO-T10",2024-11-24,NA,0.670280062599836,0.878229031565262
"TER-EXO-T10",2024-11-25,NA,1.72103356206064,1.72458249515896
"TER-EXO-T10",2024-11-26,NA,1.39616451835693,1.47672154509208
"TER-EXO-T10",2024-11-27,NA,1.4889386843645,1.51023081065421
"TER-EXO-T10",2024-11-28,NA,0.857353105684051,1.12268279877562
"TER-EXO-T10",2024-11-29,NA,1.26816511291834,1.3006060460249
"TER-EXO-T10",2024-11-30,NA,0.807572853087248,1.16095912372336
"TER-EXO-T10",2024-12-01,NA,1.96054839266977,2.16150444118798
"TER-EXO-T10",2024-12-02,NA,0.646898957233327,0.943129234847054
"TER-EXO-T10",2024-12-03,NA,1.31876094679157,1.45197890949669
"TER-EXO-T10",2024-12-04,NA,1.37458821238333,1.43314162856859
"TER-EXO-T10",2024-12-05,NA,0.749093655258023,0.884395724266829
"TER-EXO-T10",2024-12-06,NA,0.936140318356268,0.996370223957142
"TER-EXO-T10",2024-12-07,NA,1.07823493715894,1.18394299461281
"TER-EXO-T10",2024-12-08,NA,0.805045232323598,0.916831342257085
"TER-EXO-T10",2024-12-09,NA,0.772899209732936,1.02062072615966
"TER-EXO-T10",2024-12-10,NA,0.606426931450447,0.61642670615246
"TER-EXO-T10",2024-12-11,NA,0.902643059439125,0.84698955385992
"TER-EXO-T10",2024-12-12,NA,1.10990272455338,1.44400309124885
"TER-EXO-T10",2024-12-13,NA,0.758705514657047,0.691564074808125
"TER-EXO-T10",2024-12-14,NA,1.03187426208508,1.18394299461281
"TER-EXO-T10",2024-12-15,NA,1.45197890949669,1.44823105491002
"TER-EXO-T10",2024-12-16,NA,1.30477800877157,1.34713195075821
"TER-EXO-T10",2024-12-17,NA,1.24818709114169,1.3349740810598
"TER-EXO-T10",2024-12-18,NA,0.793713981266533,0.904898104600814
"TER-EXO-T10",2024-12-19,NA,0.831610538026378,0.944089163069933
"TER-EXO-T10",2024-12-20,NA,1.37260991217989,1.40891956755029
"TER-EXO-T10",2024-12-21,NA,0.936140318356268,1.07592225353516
"TER-EXO-T10",2024-12-22,NA,0.96964807600714,0.98884173203526
"TER-EXO-T10",2024-12-23,NA,0.928611242975073,1.05273109274078
"TER-EXO-T10",2024-12-24,NA,0.871239330502528,0.992499041725526
"TER-EXO-T10",2024-12-25,NA,1.59255514317652,1.72103356206064
"TER-EXO-T10",2024-12-26,NA,1.11783142801107,1.22011373905546
"TER-EXO-T10",2024-12-27,NA,0.916831342257085,0.951733734533601
"TER-EXO-T10",2024-12-28,NA,0.674321989058296,0.707106781186548
"TER-EXO-T10",2024-12-29,NA,0.816496580927726,0.859726953621095
"TER-EXO-T10",2024-12-30,NA,0.531609533071195,0.541318171059166
"TER-EXO-T10",2024-12-31,NA,0.414851116999054,0.408248290463863
"TER-EXO-T10",2025-01-01,NA,0.551266657377564,0.551677284367371
"TER-EXO-T10",2025-01-02,NA,0.329690236697893,0.39699961669021
"TER-EXO-T10",2025-01-03,NA,0.772899209732936,0.78683690739605
"TER-EXO-T10",2025-01-04,NA,0.550032937090187,0.625543242171224
"TER-EXO-T10",2025-01-05,NA,1.08159001313887,1.3805061033727
"TER-EXO-T10",2025-01-06,NA,0.561038762255892,0.63381465310669
"TER-EXO-T10",2025-01-07,NA,1.77339435440397,1.82921144014398
"TER-EXO-T10",2025-01-08,NA,1.18871505343411,1.18795281221855
"TER-EXO-T10",2025-01-09,NA,0.48482403800357,0.368604890387243
"TER-EXO-T10",2025-01-10,NA,0.820922069065183,0.80729239714787
"TER-EXO-T10",2025-01-11,NA,0.306186217847897,NA
"TER-EXO-T10",2025-01-12,NA,0.750603621828092,NA
"TER-EXO-T10",2025-01-13,NA,0.520851448960313,NA
"TER-EXO-T10",2025-01-14,NA,0.268348410774533,NA
"TER-EXO-T10",2025-01-15,NA,0.557800416231313,NA
"TER-EXO-T10",2025-01-16,NA,0.102062072615966,NA
"TER-EXO-T10",2025-01-17,NA,1.33903896967894,NA
"TER-EXO-T10",2025-01-18,NA,0.951733734533601,NA
"TER-EXO-T10",2025-01-19,NA,1.17876747224514,NA
"TER-EXO-T10",2025-01-20,NA,0.575779245136914,NA
"TER-EXO-T10",2025-01-21,NA,0.589767824619589,NA
"TER-EXO-T10",2025-01-22,NA,1.56371329704723,NA
"TER-EXO-T10",2025-01-23,NA,2.04024277469867,NA
"TER-EXO-T10",2025-01-24,NA,1.75890590993379,NA
"TER-EXO-T10",2025-01-25,NA,2.47121105087587,NA
"TER-EXO-T10",2025-01-26,NA,1.97985781219807,NA
"TER-EXO-T10",2025-01-27,NA,1.16329741234356,NA
"TER-EXO-T10",2025-01-28,NA,1.87361059632643,NA
"TER-EXO-T10",2025-01-29,NA,1.40891956755029,NA
"TER-EXO-T10",2025-01-30,NA,0.721060008759246,NA
"TER-EXO-T10",2025-01-31,NA,0.750603621828092,NA
"TER-EXO-T10",2025-02-01,NA,2.04024277469867,NA
"TER-EXO-T10",2025-02-02,NA,1.88517769123662,NA
"TER-EXO-T10",2025-02-03,NA,1.66158646034968,NA
"TER-EXO-T10",2025-02-04,NA,1.50301629100103,NA
"TER-EXO-T10",2025-02-05,NA,0.537961126767579,NA
"TER-EXO-T10",2025-02-06,NA,0.642332141271278,NA
"TER-EXO-T10",2025-02-07,NA,1.565016090115,NA
"TER-EXO-T10",2025-02-08,NA,0.601929265428846,NA
"TER-EXO-T10",2025-02-09,NA,0.541318171059166,NA
"TER-EXO-T10",2025-02-10,NA,1.37508234272547,NA
"TER-EXO-T10",2025-02-11,NA,1.47196014438797,NA
"TER-EXO-T10",2025-02-12,NA,NA,NA
"TER-EXO-T10",2025-02-13,NA,NA,NA
"TER-EXO-T10",2025-02-14,NA,NA,NA
"TER-EXO-T10",2025-02-15,NA,NA,NA
"TER-EXO-T10",2025-02-16,NA,NA,NA
"TER-EXO-T10",2025-02-17,NA,NA,NA
"TER-EXO-T10",2025-02-18,NA,NA,NA
"TER-EXO-T10",2025-02-19,NA,NA,NA
"TER-EXO-T10",2025-02-20,NA,NA,NA
"TER-EXO-T10",2025-02-21,NA,NA,NA
"TER-EXO-T10",2025-02-22,NA,NA,NA
"TER-EXO-T10",2025-02-23,NA,NA,NA
"TER-EXO-T10",2025-02-24,NA,NA,NA
"TER-EXO-T10",2025-02-25,NA,NA,NA
"TER-EXO-T10",2025-02-26,NA,NA,NA
"TER-EXO-T10",2025-02-27,NA,NA,NA
"TER-EXO-T10",2025-02-28,NA,NA,NA
"TER-EXO-T10",2025-03-01,NA,NA,NA
"TER-EXO-T10",2025-03-02,NA,NA,NA
"TER-EXO-T10",2025-03-03,NA,NA,NA
"TER-EXO-T10",2025-03-04,NA,NA,NA
"TER-EXO-T10",2025-03-05,NA,NA,NA
"TER-EXO-T10",2025-03-06,NA,NA,NA
"TER-EXO-T10",2025-03-07,NA,NA,NA
"TER-EXO-T10",2025-03-08,NA,NA,NA
"TER-EXO-T10",2025-03-09,NA,NA,NA
"TER-EXO-T10",2025-03-10,NA,NA,NA
"TER-EXO-T10",2025-03-11,NA,NA,NA
"TER-EXO-T10",2025-03-12,NA,NA,NA
"TER-EXO-T10",2025-03-13,NA,NA,NA
"TER-EXO-T10",2025-03-14,NA,NA,NA
"TER-EXO-T10",2025-03-15,NA,NA,NA
"TER-EXO-T10",2025-03-16,NA,NA,NA
"TER-EXO-T10",2025-03-17,NA,NA,NA
"TER-EXO-T10",2025-03-18,NA,NA,NA
"TER-EXO-T10",2025-03-19,NA,NA,NA
"TER-EXO-T10",2025-03-20,NA,NA,NA
"TER-EXO-T10",2025-03-21,NA,NA,NA
"TER-EXO-T10",2025-03-22,NA,NA,NA
"TER-EXO-T10",2025-03-23,NA,NA,NA
"TER-EXO-T10",2025-03-24,NA,NA,NA
"TER-EXO-T10",2025-03-25,NA,NA,NA
"TER-EXO-T10",2025-03-26,NA,NA,NA
"TER-EXO-T10",2025-03-27,NA,NA,NA
"TER-EXO-T10",2025-03-28,NA,NA,NA
"TER-EXO-T10",2025-03-29,NA,NA,NA
"TER-EXO-T10",2025-03-30,NA,NA,NA
"TER-EXO-T10",2025-03-31,NA,NA,NA
"TER-EXO-T10",2025-04-01,NA,NA,NA
"TER-EXO-T10",2025-04-02,NA,NA,NA
"TER-EXO-T10",2025-04-03,NA,NA,NA
"TER-EXO-T10",2025-04-04,NA,NA,NA
"TER-EXO-T10",2025-04-05,NA,NA,NA
"TER-EXO-T10",2025-04-06,NA,NA,NA
"TER-EXO-T10",2025-04-07,NA,NA,NA
"TER-EXO-T10",2025-04-08,NA,NA,NA
"TER-EXO-T10",2025-04-09,NA,NA,NA
"TER-EXO-T10",2025-04-10,NA,NA,NA
"TER-EXO-T10",2025-04-11,NA,NA,NA
"TER-EXO-T10",2025-04-12,NA,NA,NA
"TER-EXO-T10",2025-04-13,NA,NA,NA
"TER-EXO-T10",2025-04-14,NA,NA,NA
"TER-EXO-T10",2025-04-15,NA,NA,NA
"TER-EXO-T10",2025-04-16,NA,NA,NA
"TER-EXO-T10",2025-04-17,NA,NA,NA
"TER-EXO-T10",2025-04-18,NA,NA,NA
"TER-EXO-T10",2025-04-19,NA,NA,NA
"TER-EXO-T10",2025-04-20,NA,NA,NA
"TER-EXO-T10",2025-04-21,NA,NA,NA
"TER-EXO-T10",2025-04-22,NA,NA,NA
"TER-EXO-T10",2025-04-23,NA,NA,NA
"TER-EXO-T10",2025-04-24,NA,NA,NA
"TER-EXO-T10",2025-04-25,NA,NA,NA
"TER-EXO-T10",2025-04-26,NA,NA,NA
"TER-EXO-T10",2025-04-27,NA,NA,NA
"TER-EXO-T10",2025-04-28,NA,NA,NA
"TER-EXO-T10",2025-04-29,NA,NA,NA
"TER-EXO-T10",2025-04-30,NA,NA,NA
"TER-EXO-T10",2025-05-01,NA,NA,NA
"TER-EXO-T10",2025-05-02,NA,NA,NA
"TER-EXO-T10",2025-05-03,NA,NA,NA
"TER-EXO-T10",2025-05-04,NA,NA,NA
"TER-EXO-T10",2025-05-05,NA,NA,NA
"TER-EXO-T10",2025-05-06,NA,NA,NA
"TER-EXO-T10",2025-05-07,NA,NA,NA
"TER-EXO-T10",2025-05-08,NA,NA,NA
"TER-EXO-T10",2025-05-09,NA,NA,NA
"TER-EXO-T10",2025-05-10,NA,NA,NA
"TER-EXO-T10",2025-05-11,NA,NA,NA
"TER-EXO-T10",2025-05-12,NA,NA,NA
"TER-EXO-T10",2025-05-13,NA,NA,NA
"TER-EXO-T10",2025-05-14,NA,NA,NA
"TER-EXO-T10",2025-05-15,NA,NA,NA
"TER-EXO-T10",2025-05-16,NA,NA,NA
"TER-EXO-T10",2025-05-17,NA,NA,NA
"TER-EXO-T10",2025-05-18,NA,NA,NA
"TER-EXO-T10",2025-05-19,NA,NA,NA
"TER-EXO-T10",2025-05-20,NA,NA,NA
"TER-EXO-T10",2025-05-21,NA,NA,NA
"TER-EXO-T10",2025-05-22,NA,NA,NA
"TER-EXO-T10",2025-05-23,NA,NA,NA
"TER-EXO-T10",2025-05-24,NA,NA,NA
"TER-EXO-T10",2025-05-25,NA,NA,NA
"TER-EXO-T10",2025-05-26,NA,NA,NA
"TER-EXO-T10",2025-05-27,NA,NA,NA
"TER-EXO-T10",2025-05-28,NA,NA,NA
"TER-EXO-T10",2025-05-29,NA,NA,NA
"TER-EXO-T10",2025-05-30,NA,NA,NA
"TER-EXO-T10",2025-05-31,NA,NA,NA
"TER-EXO-T10",2025-06-01,NA,NA,NA
"TER-EXO-T10",2025-06-02,NA,NA,NA
"TER-EXO-T10",2025-06-03,NA,NA,NA
"TER-EXO-T10",2025-06-04,NA,NA,NA
"TER-EXO-T10",2025-06-05,NA,NA,NA
"TER-EXO-T10",2025-06-06,NA,NA,NA
"TER-EXO-T10",2025-06-07,NA,NA,NA
"TER-EXO-T10",2025-06-08,NA,NA,NA
"TER-EXO-T10",2025-06-09,NA,NA,NA
"TER-EXO-T10",2025-06-10,NA,NA,NA
"TER-EXO-T10",2025-06-11,NA,NA,NA
"TER-EXO-T10",2025-06-12,NA,NA,NA
"TER-NFBF-T-01",2023-08-09,NA,NA,NA
"TER-NFBF-T-01",2023-08-10,NA,NA,NA
"TER-NFBF-T-01",2023-08-11,NA,NA,NA
"TER-NFBF-T-01",2023-08-12,NA,NA,NA
"TER-NFBF-T-01",2023-08-13,NA,NA,NA
"TER-NFBF-T-01",2023-08-14,NA,NA,NA
"TER-NFBF-T-01",2023-08-15,NA,NA,NA
"TER-NFBF-T-01",2023-08-16,NA,NA,NA
"TER-NFBF-T-01",2023-08-17,NA,NA,NA
"TER-NFBF-T-01",2023-08-18,NA,NA,NA
"TER-NFBF-T-01",2023-08-19,NA,NA,NA
"TER-NFBF-T-01",2023-08-20,NA,NA,NA
"TER-NFBF-T-01",2023-08-21,NA,NA,NA
"TER-NFBF-T-01",2023-08-22,NA,NA,NA
"TER-NFBF-T-01",2023-08-23,NA,NA,NA
"TER-NFBF-T-01",2023-08-24,NA,NA,NA
"TER-NFBF-T-01",2023-08-25,NA,NA,NA
"TER-NFBF-T-01",2023-08-26,NA,NA,NA
"TER-NFBF-T-01",2023-08-27,NA,NA,NA
"TER-NFBF-T-01",2023-08-28,NA,NA,NA
"TER-NFBF-T-01",2023-08-29,NA,NA,NA
"TER-NFBF-T-01",2023-08-30,NA,NA,NA
"TER-NFBF-T-01",2023-08-31,NA,NA,NA
"TER-NFBF-T-01",2023-09-01,NA,NA,NA
"TER-NFBF-T-01",2023-09-02,NA,NA,NA
"TER-NFBF-T-01",2023-09-03,NA,NA,NA
"TER-NFBF-T-01",2023-09-04,NA,NA,NA
"TER-NFBF-T-01",2023-09-05,NA,NA,NA
"TER-NFBF-T-01",2023-09-06,NA,NA,NA
"TER-NFBF-T-01",2023-09-07,NA,NA,NA
"TER-NFBF-T-01",2023-09-08,NA,NA,NA
"TER-NFBF-T-01",2023-09-09,NA,NA,NA
"TER-NFBF-T-01",2023-09-10,NA,NA,NA
"TER-NFBF-T-01",2023-09-11,NA,NA,NA
"TER-NFBF-T-01",2023-09-12,NA,NA,NA
"TER-NFBF-T-01",2023-09-13,NA,NA,NA
"TER-NFBF-T-01",2023-09-14,NA,NA,NA
"TER-NFBF-T-01",2023-09-15,NA,NA,NA
"TER-NFBF-T-01",2023-09-16,NA,NA,NA
"TER-NFBF-T-01",2023-09-17,NA,NA,NA
"TER-NFBF-T-01",2023-09-18,NA,NA,NA
"TER-NFBF-T-01",2023-09-19,1.5736738147921,2.07458307318271,2.27611654397114
"TER-NFBF-T-01",2023-09-20,1.09656082921738,1.5805658498769,1.59809102604834
"TER-NFBF-T-01",2023-09-21,0.96096833710978,1.56906230651913,3.45146209304262
"TER-NFBF-T-01",2023-09-22,1.84548018180886,2.83482484186554,3.73723673397834
"TER-NFBF-T-01",2023-09-23,NA,1.62172188862886,2.2805891687285
"TER-NFBF-T-01",2023-09-24,NA,1.87082869338697,3.03235869833407
"TER-NFBF-T-01",2023-09-25,NA,2.08470969028151,2.83346653565834
"TER-NFBF-T-01",2023-09-26,NA,1.10581467116173,1.19099885007063
"TER-NFBF-T-01",2023-09-27,NA,2.11008190650835,2.25934051555258
"TER-NFBF-T-01",2023-09-28,NA,0.751809411556112,0.764947663266077
"TER-NFBF-T-01",2023-09-29,NA,0.878229031565262,0.878229031565262
"TER-NFBF-T-01",2023-09-30,NA,0.816496580927726,1.39859530979469
"TER-NFBF-T-01",2023-10-01,NA,1.30772509631659,2.02654485713271
"TER-NFBF-T-01",2023-10-02,NA,0.972213595544888,1.48116190192367
"TER-NFBF-T-01",2023-10-03,NA,1.85319446096327,1.91662728377938
"TER-NFBF-T-01",2023-10-04,NA,0.583592075121765,0.69025305168635
"TER-NFBF-T-01",2023-10-05,NA,0.667232549687378,0.531183393096442
"TER-NFBF-T-01",2023-10-06,NA,1.37508234272547,1.4356675465956
"TER-NFBF-T-01",2023-10-07,NA,0.943129234847053,1.3349740810598
"TER-NFBF-T-01",2023-10-08,NA,0.859463516521722,1.17009073102926
"TER-NFBF-T-01",2023-10-09,NA,0.892805381522402,0.97034843584999
"TER-NFBF-T-01",2023-10-10,NA,0.268348410774533,0.318511028635303
"TER-NFBF-T-01",2023-10-11,NA,0.935414346693485,1.22474487139159
"TER-NFBF-T-01",2023-10-12,NA,1.25812576270523,1.59255514317652
"TER-NFBF-T-01",2023-10-13,NA,0.930316682874591,1.11132999051861
"TER-NFBF-T-01",2023-10-14,NA,0.8198179366636,1.14445734245347
"TER-NFBF-T-01",2023-10-15,NA,0.977787727771069,1.05294617724455
"TER-NFBF-T-01",2023-10-16,NA,0.749093655258023,0.820646175234818
"TER-NFBF-T-01",2023-10-17,NA,0.675328690771916,0.907896118682551
"TER-NFBF-T-01",2023-10-18,NA,1.00722031037067,1.11783142801107
"TER-NFBF-T-01",2023-10-19,NA,1.03187426208508,1.16950999276979
"TER-NFBF-T-01",2023-10-20,NA,1.56732949284139,1.65708295297594
"TER-NFBF-T-01",2023-10-21,NA,0.589767824619589,0.811768064969513
"TER-NFBF-T-01",2023-10-22,NA,0.520851448960314,0.594357526717057
"TER-NFBF-T-01",2023-10-23,NA,2.29592818526278,2.42859997242999
"TER-NFBF-T-01",2023-10-24,NA,0.607546145441299,0.701964118163034
"TER-NFBF-T-01",2023-10-25,NA,1.26834366485346,1.26834366485346
"TER-NFBF-T-01",2023-10-26,NA,0.840279025431261,1.11234834497998
"TER-NFBF-T-01",2023-10-27,NA,1.05788105136664,1.24218571973713
"TER-NFBF-T-01",2023-10-28,NA,1.13890361720181,1.11316235778192
"TER-NFBF-T-01",2023-10-29,NA,0.859463516521722,0.868114732282431
"TER-NFBF-T-01",2023-10-30,NA,2.12089330372772,2.31214499821132
"TER-NFBF-T-01",2023-10-31,NA,0.931532942621143,0.985400676249831
"TER-NFBF-T-01",2023-11-01,NA,1.83119110678411,1.97436010547391
"TER-NFBF-T-01",2023-11-02,NA,1.57755428947212,2.10417115080595
"TER-NFBF-T-01",2023-11-03,NA,1.97252413148112,2.12633163732379
"TER-NFBF-T-01",2023-11-04,NA,0.732278556328103,0.938073496085446
"TER-NFBF-T-01",2023-11-05,NA,1.01058707288588,1.36715482621413
"TER-NFBF-T-01",2023-11-06,NA,1.95869947240214,2.60425724480157
"TER-NFBF-T-01",2023-11-07,NA,1.62632331848003,1.63839241640851
"TER-NFBF-T-01",2023-11-08,NA,0.955296069137807,0.996370223957142
"TER-NFBF-T-01",2023-11-09,NA,0.524749767832802,0.537961126767579
"TER-NFBF-T-01",2023-11-10,NA,0.312046772785422,0.312046772785422
"TER-NFBF-T-01",2023-11-11,NA,1.03909101859632,1.206113653404
"TER-NFBF-T-01",2023-11-12,NA,0.58008932345666,0.6412736421045
"TER-NFBF-T-01",2023-11-13,NA,0.999093792292346,0.935414346693485
"TER-NFBF-T-01",2023-11-14,NA,2.12473357238577,2.12260094756614
"TER-NFBF-T-01",2023-11-15,NA,0.449939609474331,0.414851116999053
"TER-NFBF-T-01",2023-11-16,NA,0.345126525843175,0.368604890387243
"TER-NFBF-T-01",2023-11-17,NA,1.32270446489353,1.44963763588088
"TER-NFBF-T-01",2023-11-18,NA,1.08326365439238,1.31308216902397
"TER-NFBF-T-01",2023-11-19,NA,0.49453535504684,0.524749767832802
"TER-NFBF-T-01",2023-11-20,NA,0.736902546011914,0.904898104600813
"TER-NFBF-T-01",2023-11-21,NA,0.510310363079829,0.464305621487536
"TER-NFBF-T-01",2023-11-22,NA,0.912622832709443,0.932504808240314
"TER-NFBF-T-01",2023-11-23,NA,1.00991461828804,1.09821165563825
"TER-NFBF-T-01",2023-11-24,NA,0.98884173203526,1.08012344973464
"TER-NFBF-T-01",2023-11-25,NA,0.453948059341275,0.545070132437435
"TER-NFBF-T-01",2023-11-26,NA,0.567460015829501,0.598533836656866
"TER-NFBF-T-01",2023-11-27,NA,0.589767824619589,0.589767824619589
"TER-NFBF-T-01",2023-11-28,NA,0.683328914796602,0.777572868107801
"TER-NFBF-T-01",2023-11-29,NA,0.857353105684051,0.981486228834264
"TER-NFBF-T-01",2023-11-30,NA,0.878229031565262,1.16095912372336
"TER-NFBF-T-01",2023-12-01,NA,1.62506967520638,1.88997642037281
"TER-NFBF-T-01",2023-12-02,NA,1.60162960490381,1.68311628676768
"TER-NFBF-T-01",2023-12-03,NA,1.11783142801107,1.44823105491002
"TER-NFBF-T-01",2023-12-04,NA,1.47794780359285,1.76610088014263
"TER-NFBF-T-01",2023-12-05,NA,1.5805658498769,1.58742796253307
"TER-NFBF-T-01",2023-12-06,NA,1.39470400994703,1.32270446489353
"TER-NFBF-T-01",2023-12-07,NA,1.07001286732071,1.20911394075957
"TER-NFBF-T-01",2023-12-08,NA,0.656282349099174,0.604556970379784
"TER-NFBF-T-01",2023-12-09,NA,NA,NA
"TER-NFBF-T-01",2023-12-10,1.00991461828804,0.997959875467685,1.02062072615966
"TER-NFBF-T-01",2023-12-11,0.664511916338994,0.675328690771916,0.892805381522402
"TER-NFBF-T-01",2023-12-12,0.62227667549858,0.827242231843205,1.0494995356656
"TER-NFBF-T-01",2023-12-13,0.791428263111808,1.00991461828804,1.22455996237394
"TER-NFBF-T-01",2023-12-14,1.13252315457662,1.35667966379132,1.37508234272547
"TER-NFBF-T-01",2023-12-15,1.16017864691332,1.24945640354029,1.29309761784459
"TER-NFBF-T-01",2023-12-16,0.207425558499527,0.22421360157322,0.240771706171538
"TER-NFBF-T-01",2023-12-17,0.102062072615966,0.240771706171538,0.251805077592668
"TER-NFBF-T-01",2023-12-18,1.28519298725629,1.64170620860199,1.82325954332312
"TER-NFBF-T-01",2023-12-19,0.567460015829501,0.777572868107801,0.977092700273386
"TER-NFBF-T-01",2023-12-20,0.606426931450448,0.735980072193987,0.807572853087248
"TER-NFBF-T-01",2023-12-21,0.583592075121765,0.803073804971799,0.902643059439125
"TER-NFBF-T-01",2023-12-22,1.01416596703678,1.40069858347152,2.03668795501102
"TER-NFBF-T-01",2023-12-23,0.813996670576818,1.57424930349841,1.94756909051228
"TER-NFBF-T-01",2023-12-24,0.736902546011914,0.98540067624983,1.14208048144032
"TER-NFBF-T-01",2023-12-25,0.569451808600904,0.598533836656867,0.642684586917151
"TER-NFBF-T-01",2023-12-26,1.85514853501183,2.27422546139897,2.3850379026551
"TER-NFBF-T-01",2023-12-27,0.758705514657047,1.0451752505431,1.41932827549626
"TER-NFBF-T-01",2023-12-28,1.07339364309813,1.37260991217989,1.80866974096546
"TER-NFBF-T-01",2023-12-29,0.779899194526567,1.03712779249763,1.47196014438797
"TER-NFBF-T-01",2023-12-30,1.26834366485346,1.95418540054677,2.68753159738756
"TER-NFBF-T-01",2023-12-31,1.11234834497998,1.6528412077302,2.32620546901128
"TER-NFBF-T-01",2024-01-01,0.779899194526567,0.859463516521722,0.871239330502528
"TER-NFBF-T-01",2024-01-02,0.859726953621095,1.10990272455338,1.13711273069949
"TER-NFBF-T-01",2024-01-03,0.958372715006831,1.32680694400755,1.51785866520445
"TER-NFBF-T-01",2024-01-04,0.625181133172909,0.750603621828092,0.884395724266829
"TER-NFBF-T-01",2024-01-05,0.735980072193987,0.825049405635281,0.932504808240314
"TER-NFBF-T-01",2024-01-06,0.832970935693524,1.02062072615966,1.04257207028537
"TER-NFBF-T-01",2024-01-07,0.880546602310508,1.04235484514075,1.11295891039691
"TER-NFBF-T-01",2024-01-08,0.670280062599836,1,1.282547284209
"TER-NFBF-T-01",2024-01-09,0.524749767832802,0.536696821549066,0.583592075121765
"TER-NFBF-T-01",2024-01-10,0.955296069137807,1.17028424640824,1.206113653404
"TER-NFBF-T-01",2024-01-11,0.303959379437164,0.39699961669021,0.380693493813441
"TER-NFBF-T-01",2024-01-12,0.294114982937636,0.275016468545094,0.440273301155254
"TER-NFBF-T-01",2024-01-13,0.254488688852026,0.477292332867911,0.481543412343077
"TER-NFBF-T-01",2024-01-14,0.604556970379784,0.938073496085446,1.47057491468818
"TER-NFBF-T-01",2024-01-15,0.570643547208776,0.766130877682874,0.765835245459757
"TER-NFBF-T-01",2024-01-16,0.7058246282166,0.975933221165215,1.03472323541759
"TER-NFBF-T-01",2024-01-17,0.312046772785423,0.448427203146441,0.588229965875272
"TER-NFBF-T-01",2024-01-18,0.345126525843175,0.487153816139944,0.503610155185335
"TER-NFBF-T-01",2024-01-19,1.67664584941121,1.98625257088879,2.00169764906213
"TER-NFBF-T-01",2024-01-20,1.13890361720181,1.60332534874025,1.96331850834687
"TER-NFBF-T-01",2024-01-21,0.722001545624425,0.838120308890026,0.838120308890026
"TER-NFBF-T-01",2024-01-22,0.318511028635303,0.350982059081517,0.368604890387243
"TER-NFBF-T-01",2024-01-23,0.275016468545094,0.294114982937636,0.303959379437164
"TER-NFBF-T-01",2024-01-24,0.28232985128664,0.329002665070039,0.339836917410076
"TER-NFBF-T-01",2024-01-25,0.619724108789139,0.813996670576818,1
"TER-NFBF-T-01",2024-01-26,0.571040240720161,0.667232549687377,0.706786460997433
"TER-NFBF-T-01",2024-01-27,1.23944821757828,1.59653156670273,1.73505523447142
"TER-NFBF-T-01",2024-01-28,0.827242231843205,0.783664746420693,1.08326365439238
"TER-NFBF-T-01",2024-01-29,1.67461871065833,1.85514853501183,1.89380664883942
"TER-NFBF-T-01",2024-01-30,0.408248290463863,0.667232549687378,0.780189497605494
"TER-NFBF-T-01",2024-01-31,1.35868115934299,1.7161582897164,1.99818758458469
"TER-NFBF-T-01",2024-02-01,0.722315118514615,0.896601877945966,1.05788105136664
"TER-NFBF-T-01",2024-02-02,0.508977377704051,0.972213595544888,1.3185892219459
"TER-NFBF-T-01",2024-02-03,0.783664746420693,1.23780281026561,2.04124145231931
"TER-NFBF-T-01",2024-02-04,0.732278556328103,1.02062072615966,1.19479547701021
"TER-NFBF-T-01",2024-02-05,0.872018730685681,1.00879286450602,1.00991461828804
"TER-NFBF-T-01",2024-02-06,0.56465970257328,0.607918758874329,0.650738153889517
"TER-NFBF-T-01",2024-02-07,0.740886660345738,1.00519484015123,1.03187426208508
"TER-NFBF-T-01",2024-02-08,0.556581178890961,0.895843865795853,1.03712779249763
"TER-NFBF-T-01",2024-02-09,0.545070132437435,0.62227667549858,0.679673834820151
"TER-NFBF-T-01",2024-02-10,1.56949521101254,2.0152273579792,2.10029328524803
"TER-NFBF-T-01",2024-02-11,0.556581178890961,0.672640804719661,0.691236552140071
"TER-NFBF-T-01",2024-02-12,0.358640751178386,0.414851116999053,0.414851116999053
"TER-NFBF-T-01",2024-02-13,0.6412736421045,0.811768064969513,0.880546602310508
"TER-NFBF-T-01",2024-02-14,0.675328690771916,0.906648150919207,1.30893667432436
"TER-NFBF-T-01",2024-02-15,1.70663135436747,1.75374857319144,1.75374857319144
"TER-NFBF-T-01",2024-02-16,0.531183393096442,0.691236552140071,0.695482316219408
"TER-NFBF-T-01",2024-02-17,0.966841563388569,1.24218571973713,1.48406389760479
"TER-NFBF-T-01",2024-02-18,1.43314162856859,2.32883235655286,2.87346367268857
"TER-NFBF-T-01",2024-02-19,0.619724108789139,1.11783142801107,1.58571521832364
"TER-NFBF-T-01",2024-02-20,0.434057366141216,0.719488042623545,1.05980583400786
"TER-NFBF-T-01",2024-02-21,0.729490093902206,1.22011373905546,1.55106321645808
"TER-NFBF-T-01",2024-02-22,1.17472630176479,1.13890361720181,1.33446509937476
"TER-NFBF-T-01",2024-02-23,1.33242722834704,2.17653826995523,2.74249635038664
"TER-NFBF-T-01",2024-02-24,1.3790290114761,2.09684027299048,2.850120770388
"TER-NFBF-T-01",2024-02-25,0.389513818102456,0.601929265428846,0.659380473395787
"TER-NFBF-T-01",2024-02-26,0.938073496085446,1.33903896967894,1.84548018180886
"TER-NFBF-T-01",2024-02-27,1.29309761784459,2.36587683289004,3.20149138706467
"TER-NFBF-T-01",2024-02-28,0.855502225579229,1.70344386889993,1.6875503213109
"TER-NFBF-T-01",2024-02-29,0.98333026282989,1.19763504881284,2.84749763013478
"TER-NFBF-T-01",2024-03-01,1.21117232704397,1.91485421551268,1.43897608524709
"TER-NFBF-T-01",2024-03-02,0.871239330502528,1.27404411454121,2.09457114008323
"TER-NFBF-T-01",2024-03-03,1.10581467116173,1.55805527240983,1.60162960490381
"TER-NFBF-T-01",2024-03-04,0.966607319517563,1.38247310428014,2.13907317732961
"TER-NFBF-T-01",2024-03-05,1.10642884209004,1.55325161506761,0.416485467846762
"TER-NFBF-T-01",2024-03-06,0.464305621487537,0.398707149803396,1.72563262921587
"TER-NFBF-T-01",2024-03-07,1.39080182274288,1.99171745129602,1.55558251356903
"TER-NFBF-T-01",2024-03-08,0.763466066556077,1.27617521853615,1.05208557540298
"TER-NFBF-T-01",2024-03-09,0.816496580927726,1.30147630777903,1.58571521832364
"TER-NFBF-T-01",2024-03-10,0.943129234847054,1.42934438198736,0.806450444131925
"TER-NFBF-T-01",2024-03-11,0.541318171059166,0.672640804719661,1.87469804331876
"TER-NFBF-T-01",2024-03-12,0.569451808600904,1.19479547701021,NA
"TER-NFBF-T-01",2024-03-13,NA,NA,NA
"TER-NFBF-T-01",2024-03-14,0.642332141271278,0.746974574194299,NA
"TER-NFBF-T-01",2024-03-15,1.12751329565733,1.2853691738343,NA
"TER-NFBF-T-01",2024-03-16,1.12268279877562,1.43692884053234,NA
"TER-NFBF-T-01",2024-03-17,1.14840784554536,1.62841057921298,NA
"TER-NFBF-T-01",2024-03-18,0.550032937090187,0.650738153889517,NA
"TER-NFBF-T-01",2024-03-19,1.77339435440397,2.02688005407897,NA
"TER-NFBF-T-01",2024-03-20,1.69397910771984,2.78843366764221,NA
"TER-NFBF-T-01",2024-03-21,0.842700971600384,1.26673579140142,NA
"TER-NFBF-T-01",2024-03-22,0.453948059341276,0.604556970379784,NA
"TER-NFBF-T-01",2024-03-23,0.695482316219408,0.825049405635281,NA
"TER-NFBF-T-01",2024-03-24,0.936140318356268,1.21117232704397,NA
"TER-NFBF-T-01",2024-03-25,0.358640751178386,0.453948059341275,NA
"TER-NFBF-T-01",2024-03-26,0.575779245136914,0.8198179366636,NA
"TER-NFBF-T-01",2024-03-27,1.40505686098773,2.08991713309126,NA
"TER-NFBF-T-01",2024-03-28,1.21583751774866,1.39875721236047,NA
"TER-NFBF-T-01",2024-03-29,1.16543672227332,1.54271899063244,NA
"TER-NFBF-T-01",2024-03-30,1.14445734245347,1.44447347611107,NA
"TER-NFBF-T-01",2024-03-31,1.42187873267546,1.92981470162518,NA
"TER-NFBF-T-01",2024-04-01,1.01349588703826,1.63728632857516,NA
"TER-NFBF-T-01",2024-04-02,0.978019293843651,0.911878138311493,NA
"TER-NFBF-T-01",2024-04-03,1.25902538796334,1.51741102931409,NA
"TER-NFBF-T-01",2024-04-04,1.16543672227332,1.61836717676817,NA
"TER-NFBF-T-01",2024-04-05,0.793999233380421,1.10642884209004,NA
"TER-NFBF-T-01",2024-04-06,1.19479547701021,1.83847270419171,NA
"TER-NFBF-T-01",2024-04-07,0.524749767832802,0.84457990586522,NA
"TER-NFBF-T-01",2024-04-08,1.65817583550397,1.95557545554214,NA
"TER-NFBF-T-01",2024-04-09,0.39699961669021,0.465766471310571,NA
"TER-NFBF-T-01",2024-04-10,0.24726767752342,0.306186217847897,NA
"TER-NFBF-T-01",2024-04-11,0.488546350136693,0.604556970379784,NA
"TER-NFBF-T-01",2024-04-12,1.43187699860373,1.68096224168511,NA
"TER-NFBF-T-01",2024-04-13,0.375301810914046,0.449939609474331,NA
"TER-NFBF-T-01",2024-04-14,0.294114982937636,0.312046772785423,NA
"TER-NFBF-T-01",2024-04-15,0.387765804114519,0.547970564109455,NA
"TER-NFBF-T-01",2024-04-16,0.14116492564332,0.24726767752342,NA
"TER-NFBF-T-01",2024-04-17,0.499546896146173,0.71189428868398,NA
"TER-NFBF-T-01",2024-04-18,0.637022057270606,0.717281502356772,NA
"TER-NFBF-T-01",2024-04-19,0.472044581534967,0.793713981266533,NA
"TER-NFBF-T-01",2024-04-20,1.91485421551268,2.0955439264845,NA
"TER-NFBF-T-01",2024-04-21,1.07149326926815,NA,NA
"TER-NFBF-T-01",2024-04-22,0.775531608229038,NA,NA
"TER-NFBF-T-01",2024-04-23,0.329690236697893,NA,NA
"TER-NFBF-T-01",2024-04-24,0.529902917003931,NA,NA
"TER-NFBF-T-01",2024-04-25,0.96096833710978,NA,NA
"TER-NFBF-T-01",2024-04-26,1.00519484015123,NA,NA
"TER-NFBF-T-01",2024-04-27,1.3790290114761,NA,NA
"TER-NFBF-T-01",2024-04-28,1.98864530395129,NA,NA
"TER-NFBF-T-01",2024-04-29,1.70038358843706,NA,NA
"TER-NFBF-T-01",2024-04-30,1.40634560866613,NA,NA
"TER-NFBF-T-01",2024-05-01,0.88771812996067,NA,NA
"TER-NFBF-T-01",2024-05-02,0.637022057270606,NA,NA
"TER-NFBF-T-01",2024-05-03,0.818435676471731,NA,NA
"TER-NFBF-T-01",2024-05-04,0.779027636204913,NA,NA
"TER-NFBF-T-01",2024-05-05,1.71100445115846,NA,NA
"TER-NFBF-T-01",2024-05-06,0.437694056341324,NA,NA
"TER-NFBF-T-01",2024-05-07,0.598533836656866,NA,NA
"TER-NFBF-T-01",2024-05-08,0.719488042623545,NA,NA
"TER-NFBF-T-01",2024-05-09,1.19479547701021,NA,NA
"TER-NFBF-T-01",2024-05-10,1.92134746648193,NA,NA
"TER-NFBF-T-01",2024-05-11,0.79285760916182,NA,NA
"TER-NFBF-T-01",2024-05-12,1.2465532188945,NA,NA
"TER-NFBF-T-01",2024-05-13,1.08012344973464,NA,NA
"TER-NFBF-T-01",2024-05-14,1.49258432626585,NA,NA
"TER-NFBF-T-01",2024-05-15,0.98540067624983,NA,NA
"TER-NFBF-T-01",2024-05-16,0.466252404120157,NA,NA
"TER-NFBF-T-01",2024-05-17,0.966607319517563,NA,NA
"TER-NFBF-T-01",2024-05-18,1.4116492564332,NA,NA
"TER-NFBF-T-01",2024-05-19,1.88817832613987,NA,NA
"TER-NFBF-T-01",2024-05-20,0.41702882811415,NA,NA
"TER-NFBF-T-01",2024-05-21,0.758705514657047,NA,NA
"TER-NFBF-T-01",2024-05-22,1.09821165563825,NA,NA
"TER-NFBF-T-01",2024-05-23,0.488546350136693,NA,NA
"TER-NFBF-T-01",2024-05-24,1.07823493715894,NA,NA
"TER-NFBF-T-01",2024-05-25,1.30772509631659,NA,NA
"TER-NFBF-T-01",2024-05-26,1.76109320462102,NA,NA
"TER-NFBF-T-01",2024-05-27,1.49818731051605,NA,NA
"TER-NFBF-T-01",2024-05-28,1.42187873267546,NA,NA
"TER-NFBF-T-01",2024-05-29,0.453948059341275,NA,NA
"TER-NFBF-T-01",2024-05-30,0.972213595544888,NA,NA
"TER-NFBF-T-01",2024-05-31,0.722001545624425,NA,NA
"TER-NFBF-T-01",2024-06-01,1.17472630176479,NA,NA
"TER-NFBF-T-01",2024-06-02,0.561038762255892,NA,NA
"TER-NFBF-T-01",2024-06-03,0.706786460997433,NA,NA
"TER-NFBF-T-01",2024-06-04,1.31031996313767,NA,NA
"TER-NFBF-T-01",2024-06-05,0.607918758874329,NA,NA
"TER-NFBF-T-01",2024-06-06,0.798265783351363,NA,NA
"TER-NFBF-T-01",2024-06-07,0.672640804719661,NA,NA
"TER-NFBF-T-01",2024-06-08,0.653862548158294,NA,NA
"TER-NFBF-T-01",2024-06-09,0.769669607265238,NA,NA
"TER-NFBF-T-01",2024-06-10,0.859726953621095,NA,NA
"TER-NFBF-T-01",2024-06-11,1.39080182274288,NA,NA
"TER-NFBF-T-01",2024-06-12,NA,NA,NA
"TER-NFBF-T-01",2024-06-13,0.589383736122568,0.646898957233327,0.551266657377563
"TER-NFBF-T-01",2024-06-14,0.624093545570845,1.69277557001357,1.44823105491002
"TER-NFBF-T-01",2024-06-15,1.24818709114169,1.52989532653215,3.92317528894977
"TER-NFBF-T-01",2024-06-16,0.588229965875271,1.31031996313767,1.67123468199976
"TER-NFBF-T-01",2024-06-17,0.667232549687378,1.13711273069949,1.21117232704397
"TER-NFBF-T-01",2024-06-18,1.13890361720181,2.14298653853631,2.23120166492525
"TER-NFBF-T-01",2024-06-19,1.18566314838966,2.44050585751801,2.33087344454665
"TER-NFBF-T-01",2024-06-20,1.69985080334222,1.11965315540385,3.53034208220553
"TER-NFBF-T-01",2024-06-21,1.44447347611107,0.763466066556077,4.41910993399074
"TER-NFBF-T-01",2024-06-22,1.58442944515263,0.963086824686154,2.71335932758264
"TER-NFBF-T-01",2024-06-23,1.08326365439238,1.19099885007063,1.801267669557
"TER-NFBF-T-01",2024-06-24,0.61642670615246,0.441813620616566,0.983330262829891
"TER-NFBF-T-01",2024-06-25,1.1818371844018,0.875388112682647,2.35436304811277
"TER-NFBF-T-01",2024-06-26,1.92193667421956,2.35753494449027,4.44037593068392
"TER-NFBF-T-01",2024-06-27,0.416485467846762,1.21117232704397,0.977787727771069
"TER-NFBF-T-01",2024-06-28,0.977092700273386,1.05208557540298,2.5830411241936
"TER-NFBF-T-01",2024-06-29,0.403225222065963,1.91946078630039,1.0179547554081
"TER-NFBF-T-01",2024-06-30,0.251805077592668,1.77339435440397,0.706786460997433
"TER-NFBF-T-01",2024-07-01,1.06810647843525,1.56732949284139,2.5802342327107
"TER-NFBF-T-01",2024-07-02,0.966607319517563,0.793999233380421,3.25313394049225
"TER-NFBF-T-01",2024-07-03,0.664511916338994,2.13653094823212,1.25686520555211
"TER-NFBF-T-01",2024-07-04,1.29362287585198,1.91627280137129,3.20149138706467
"TER-NFBF-T-01",2024-07-05,1.47426596817791,0.955296069137806,3.95072686396101
"TER-NFBF-T-01",2024-07-06,0.624093545570845,1.81466949120738,1.18795281221855
"TER-NFBF-T-01",2024-07-07,0.6412736421045,1.18795281221855,1.84891272397308
"TER-NFBF-T-01",2024-07-08,0.465766471310571,1.56949521101254,0.650738153889517
"TER-NFBF-T-01",2024-07-09,0.337831962346088,0.41702882811415,0.529902917003931
"TER-NFBF-T-01",2024-07-10,0.360530004379623,0.403225222065963,1.10581467116173
"TER-NFBF-T-01",2024-07-11,0.650738153889517,1.53698368260034,1.66322107605276
"TER-NFBF-T-01",2024-07-12,0.832970935693524,1.35065738154383,1.79522313013077
"TER-NFBF-T-01",2024-07-13,0.906648150919207,0.508977377704052,1.40118350596605
"TER-NFBF-T-01",2024-07-14,1.31807391317016,0.441813620616566,3.19809442809535
"TER-NFBF-T-01",2024-07-15,1.03537957752952,0.329002665070039,1.66158646034968
"TER-NFBF-T-01",2024-07-16,1.0248276631368,0.345126525843175,2.24728096577407
"TER-NFBF-T-01",2024-07-17,0.329690236697893,0.761386987626881,0.541318171059166
"TER-NFBF-T-01",2024-07-18,0.589767824619589,0.755415232778002,1.30772509631659
"TER-NFBF-T-01",2024-07-19,1.31446109528373,1.34056012519967,3.95536692814104
"TER-NFBF-T-01",2024-07-20,0.594357526717057,1.7568447920031,3.09511068379267
"TER-NFBF-T-01",2024-07-21,0.653862548158295,NA,2.49265224557926
"TER-NFBF-T-01",2024-07-22,0.806450444131925,NA,2.46708403245378
"TER-NFBF-T-01",2024-07-23,0.737209780774486,NA,2.32649749187704
"TER-NFBF-T-01",2024-07-24,0.943849272540569,NA,2.88518203278733
"TER-NFBF-T-01",2024-07-25,1.08826913497762,NA,4.01062899400284
"TER-NFBF-T-01",2024-07-26,1.51068057414579,NA,1.78142082196418
"TER-NFBF-T-01",2024-07-27,0.588229965875272,NA,1.67407772575949
"TER-NFBF-T-01",2024-07-28,0.312046772785422,NA,2.61960280206365
"TER-NFBF-T-01",2024-07-29,0.524749767832802,NA,2.04788685715548
"TER-NFBF-T-01",2024-07-30,0.240771706171538,NA,1.45151095688976
"TER-NFBF-T-01",2024-07-31,0.488546350136693,NA,0.729490093902206
"TER-NFBF-T-01",2024-08-01,0.545070132437435,NA,2.63305355328994
"TER-NFBF-T-01",2024-08-02,0.625181133172909,NA,2.56226801707088
"TER-NFBF-T-01",2024-08-03,0.895843865795853,NA,3.28803000356563
"TER-NFBF-T-01",2024-08-04,0.890519714727777,NA,4.14217439223075
"TER-NFBF-T-01",2024-08-05,0.464305621487537,NA,3.18965719842717
"TER-NFBF-T-01",2024-08-06,0.442325868464691,NA,0.859726953621095
"TER-NFBF-T-01",2024-08-07,0.683328914796602,NA,1.70038358843706
"TER-NFBF-T-01",2024-08-08,0.920774721067277,NA,3.9617167081156
"TER-NFBF-T-01",2024-08-09,0.895843865795853,NA,3.29002665070039
"TER-NFBF-T-01",2024-08-10,1.18566314838966,NA,2.02699177407653
"TER-NFBF-T-01",2024-08-11,0.96096833710978,NA,1.34864397811659
"TER-NFBF-T-01",2024-08-12,1.48772148515483,NA,3.91618483005953
"TER-NFBF-T-01",2024-08-13,0.47348155466575,NA,1.84437550799525
"TER-NFBF-T-01",2024-08-14,0.744241175652242,NA,2.97262571192345
"TER-NFBF-T-01",2024-08-15,0.902643059439125,NA,3.20212791568447
"TER-NFBF-T-01",2024-08-16,0.800531978921119,NA,2.71836214541462
"TER-NFBF-T-01",2024-08-17,0.570643547208776,NA,2.22051942611163
"TER-NFBF-T-01",2024-08-18,0.736902546011914,NA,NA
"TER-NFBF-T-01",2024-08-19,NA,NA,NA
"TER-NFBF-T-01",2024-08-20,0.42933636014776,NA,NA
"TER-NFBF-T-01",2024-08-21,1.27404411454121,NA,NA
"TER-NFBF-T-01",2024-08-22,1.16950999276979,NA,NA
"TER-NFBF-T-01",2024-08-23,0.641273642104501,NA,NA
"TER-NFBF-T-01",2024-08-24,1.35918107270731,NA,NA
"TER-NFBF-T-01",2024-08-25,1.39616451835693,NA,NA
"TER-NFBF-T-01",2024-08-26,0.947680234091097,NA,NA
"TER-NFBF-T-01",2024-08-27,0.629872312802192,NA,NA
"TER-NFBF-T-01",2024-08-28,1.15136182756378,NA,NA
"TER-NFBF-T-01",2024-08-29,0.789422830805584,NA,NA
"TER-NFBF-T-01",2024-08-30,1.12268279877562,NA,NA
"TER-NFBF-T-01",2024-08-31,1.0215078369105,NA,NA
"TER-NFBF-T-01",2024-09-01,0.51604684654214,NA,NA
"TER-NFBF-T-01",2024-09-02,0.630949939446036,NA,NA
"TER-NFBF-T-01",2024-09-03,0.991814323436556,NA,NA
"TER-NFBF-T-01",2024-09-04,0.872278375988647,NA,NA
"TER-NFBF-T-01",2024-09-05,0.737209780774486,NA,NA
"TER-NFBF-T-01",2024-09-06,0.842700971600384,NA,NA
"TER-NFBF-T-01",2024-09-07,0.811768064969513,NA,NA
"TER-NFBF-T-01",2024-09-08,0.384834803632619,NA,NA
"TER-NFBF-T-01",2024-09-09,0.779027636204913,NA,NA
"TER-NFBF-T-01",2024-09-10,0.434057366141216,NA,NA
"TER-NFBF-T-01",2024-09-11,0.524749767832802,NA,NA
"TER-NFBF-T-01",2024-09-12,NA,NA,NA
"TER-NFBF-T-01",2024-09-13,1.2509054691517,NA,NA
"TER-NFBF-T-01",2024-09-14,1.02062072615966,NA,NA
"TER-NFBF-T-01",2024-09-15,1.26387229908951,NA,NA
"TER-NFBF-T-01",2024-09-16,0.487153816139944,NA,NA
"TER-NFBF-T-01",2024-09-17,0.465766471310571,NA,NA
"TER-NFBF-T-01",2024-09-18,1.00519484015123,NA,NA
"TER-NFBF-T-01",2024-09-19,0.918558653543692,NA,NA
"TER-NFBF-T-01",2024-09-20,0.989070710093681,NA,NA
"TER-NFBF-T-01",2024-09-21,1.35065738154383,NA,NA
"TER-NFBF-T-01",2024-09-22,0.707106781186548,NA,NA
"TER-NFBF-T-01",2024-09-23,0.80729239714787,NA,NA
"TER-NFBF-T-01",2024-09-24,1.03121568893295,NA,NA
"TER-NFBF-T-01",2024-09-25,0.892805381522402,NA,NA
"TER-NFBF-T-01",2024-09-26,0.9006338347785,NA,NA
"TER-NFBF-T-01",2024-09-27,1.19763504881284,NA,NA
"TER-NFBF-T-01",2024-09-28,0.613480803002159,NA,NA
"TER-NFBF-T-01",2024-09-29,0.598533836656866,NA,NA
"TER-NFBF-T-01",2024-09-30,0.360530004379623,NA,NA
"TER-NFBF-T-01",2024-10-01,0.254488688852026,NA,NA
"TER-NFBF-T-01",2024-10-02,0.221162934232346,NA,NA
"TER-NFBF-T-01",2024-10-03,0.464305621487537,NA,NA
"TER-NFBF-T-01",2024-10-04,0.550032937090187,NA,NA
"TER-NFBF-T-01",2024-10-05,1.11316235778192,NA,NA
"TER-NFBF-T-01",2024-10-06,0.992499041725526,NA,NA
"TER-NFBF-T-01",2024-10-07,1.94302916057392,NA,NA
"TER-NFBF-T-01",2024-10-08,1.14128709441755,NA,NA
"TER-NFBF-T-01",2024-10-09,1.4866556183381,NA,NA
"TER-NFBF-T-01",2024-10-10,0.717281502356772,NA,NA
"TER-NFBF-T-01",2024-10-11,0.625543242171224,NA,NA
"TER-NFBF-T-01",2024-10-12,1.65667293615587,NA,NA
"TER-NFBF-T-01",2024-10-13,0.63381465310669,NA,NA
"TER-NFBF-T-01",2024-10-14,0.254488688852026,NA,NA
"TER-NFBF-T-01",2024-10-15,1.00339098972478,NA,NA
"TER-NFBF-T-01",2024-10-16,0.63381465310669,NA,NA
"TER-NFBF-T-01",2024-10-17,1.87469804331876,NA,NA
"TER-NFBF-T-01",2024-10-18,1.08597782025553,NA,NA
"TER-NFBF-T-01",2024-10-19,0.586301969977929,NA,NA
"TER-NFBF-T-01",2024-10-20,1.03537957752952,NA,NA
"TER-NFBF-T-01",2024-10-21,1.16543672227332,NA,NA
"TER-NFBF-T-01",2024-10-22,1.44447347611107,NA,NA
"TER-NFBF-T-01",2024-10-23,1.52277397525376,NA,NA
"TER-NFBF-T-01",2024-10-24,1.06300606021695,NA,NA
"TER-NFBF-T-01",2024-10-25,0.991814323436556,NA,NA
"TER-NFBF-T-01",2024-10-26,0.764947663266077,NA,NA
"TER-NFBF-T-01",2024-10-27,0.736902546011914,NA,NA
"TER-NFBF-T-01",2024-10-28,0.779899194526567,NA,NA
"TER-NFBF-T-01",2024-10-29,0.637022057270606,NA,NA
"TER-NFBF-T-01",2024-10-30,0.453948059341275,NA,NA
"TER-NFBF-T-01",2024-10-31,0.6412736421045,NA,NA
"TER-NFBF-T-01",2024-11-01,1.0494995356656,NA,NA
"TER-NFBF-T-01",2024-11-02,0.508977377704052,NA,NA
"TER-NFBF-T-01",2024-11-03,0.380693493813441,NA,NA
"TER-NFBF-T-01",2024-11-04,1.22400506771708,NA,NA
"TER-NFBF-T-01",2024-11-05,1.3790290114761,NA,NA
"TER-NFBF-T-01",2024-11-06,1.16329741234356,NA,NA
"TER-NFBF-T-01",2024-11-07,1.59426053914242,NA,NA
"TER-NFBF-T-01",2024-11-08,0.816496580927726,NA,NA
"TER-NFBF-T-01",2024-11-09,0.345126525843175,NA,NA
"TER-NFBF-T-01",2024-11-10,0.639505583481761,NA,NA
"TER-NFBF-T-01",2024-11-11,0.625181133172909,NA,NA
"TER-NFBF-T-01",2024-11-12,0.268348410774533,NA,NA
"TER-NFBF-T-01",2024-11-13,0.820646175234819,NA,NA
"TER-NFBF-T-01",2024-11-14,0.487153816139944,NA,NA
"TER-NFBF-T-01",2024-11-15,0.489009646921826,NA,NA
"TER-NFBF-T-01",2024-11-16,0.508977377704051,NA,NA
"TER-NFBF-T-01",2024-11-17,0.442325868464691,NA,NA
"TER-NFBF-T-01",2024-11-18,0.255376959227625,NA,NA
"TER-NFBF-T-01",2024-11-19,0.547970564109455,NA,NA
"TER-NFBF-T-01",2024-11-20,0.674321989058296,NA,NA
"TER-NFBF-T-01",2024-11-21,0.384834803632619,NA,NA
"TER-NFBF-T-01",2024-11-22,0.541318171059166,NA,NA
"TER-NFBF-T-01",2024-11-23,2.07818203719264,NA,NA
"TER-NFBF-T-01",2024-11-24,0.601929265428846,NA,NA
"TER-NFBF-T-01",2024-11-25,1.02857717964806,NA,NA
"TER-NFBF-T-01",2024-11-26,0.647948266856035,NA,NA
"TER-NFBF-T-01",2024-11-27,1.0494995356656,NA,NA
"TER-NFBF-T-01",2024-11-28,0.517361617708795,NA,NA
"TER-NFBF-T-01",2024-11-29,1.03209369308428,NA,NA
"TER-NFBF-T-01",2024-11-30,0.481543412343077,NA,NA
"TER-NFBF-T-01",2024-12-01,0.556581178890961,NA,NA
"TER-NFBF-T-01",2024-12-02,0.624093545570845,NA,NA
"TER-NFBF-T-01",2024-12-03,0.699054744803212,NA,NA
"TER-NFBF-T-01",2024-12-04,0.350982059081517,NA,NA
"TER-NFBF-T-01",2024-12-05,0.589383736122568,NA,NA
"TER-NFBF-T-01",2024-12-06,0.607546145441299,NA,NA
"TER-NFBF-T-01",2024-12-07,0.437694056341324,NA,NA
"TER-NFBF-T-01",2024-12-08,0.650738153889517,NA,NA
"TER-NFBF-T-01",2024-12-09,0.710939366337732,NA,NA
"TER-NFBF-T-01",2024-12-10,0.746974574194299,NA,NA
"TER-NFBF-T-01",2024-12-11,0.975933221165215,NA,NA
"TER-NFBF-T-01",2024-12-12,0.751508145500515,NA,NA
"TER-NFBF-T-01",2024-12-13,0.440273301155254,NA,NA
"TER-NFBF-T-01",2024-12-14,0.358640751178386,NA,NA
"TER-NFBF-T-01",2024-12-15,0.763466066556077,NA,NA
"TER-NFBF-T-01",2024-12-16,0.983330262829891,NA,NA
"TER-NFBF-T-01",2024-12-17,0.98540067624983,NA,NA
"TER-NFBF-T-01",2024-12-18,NA,NA,NA
"TER-NFBF-T-01",2024-12-19,NA,NA,NA
"TER-NFBF-T-01",2024-12-20,NA,NA,NA
"TER-NFBF-T-01",2024-12-21,NA,NA,NA
"TER-NFBF-T-01",2024-12-22,NA,NA,NA
"TER-NFBF-T-01",2024-12-23,NA,NA,NA
"TER-NFBF-T-01",2024-12-24,NA,NA,NA
"TER-NFBF-T-01",2024-12-25,NA,NA,NA
"TER-NFBF-T-01",2024-12-26,NA,NA,NA
"TER-NFBF-T-01",2024-12-27,NA,NA,NA
"TER-NFBF-T-01",2024-12-28,NA,NA,NA
"TER-NFBF-T-01",2024-12-29,NA,NA,NA
"TER-NFBF-T-01",2024-12-30,NA,NA,NA
"TER-NFBF-T-01",2024-12-31,NA,NA,NA
"TER-NFBF-T-01",2025-01-01,NA,NA,NA
"TER-NFBF-T-01",2025-01-02,NA,NA,NA
"TER-NFBF-T-01",2025-01-03,NA,NA,NA
"TER-NFBF-T-01",2025-01-04,NA,NA,NA
"TER-NFBF-T-01",2025-01-05,NA,NA,NA
"TER-NFBF-T-01",2025-01-06,NA,NA,NA
"TER-NFBF-T-01",2025-01-07,NA,NA,NA
"TER-NFBF-T-01",2025-01-08,NA,NA,NA
"TER-NFBF-T-01",2025-01-09,NA,NA,NA
"TER-NFBF-T-01",2025-01-10,NA,NA,NA
"TER-NFBF-T-01",2025-01-11,NA,NA,NA
"TER-NFBF-T-01",2025-01-12,NA,NA,NA
"TER-NFBF-T-01",2025-01-13,NA,NA,NA
"TER-NFBF-T-01",2025-01-14,NA,NA,NA
"TER-NFBF-T-01",2025-01-15,NA,NA,NA
"TER-NFBF-T-01",2025-01-16,NA,NA,NA
"TER-NFBF-T-01",2025-01-17,NA,NA,NA
"TER-NFBF-T-01",2025-01-18,NA,NA,NA
"TER-NFBF-T-01",2025-01-19,NA,NA,NA
"TER-NFBF-T-01",2025-01-20,NA,NA,NA
"TER-NFBF-T-01",2025-01-21,NA,NA,NA
"TER-NFBF-T-01",2025-01-22,NA,NA,NA
"TER-NFBF-T-01",2025-01-23,NA,NA,NA
"TER-NFBF-T-01",2025-01-24,NA,NA,NA
"TER-NFBF-T-01",2025-01-25,NA,NA,NA
"TER-NFBF-T-01",2025-01-26,NA,NA,NA
"TER-NFBF-T-01",2025-01-27,NA,NA,NA
"TER-NFBF-T-01",2025-01-28,NA,NA,NA
"TER-NFBF-T-01",2025-01-29,NA,NA,NA
"TER-NFBF-T-01",2025-01-30,NA,NA,NA
"TER-NFBF-T-01",2025-01-31,NA,NA,NA
"TER-NFBF-T-01",2025-02-01,NA,NA,NA
"TER-NFBF-T-01",2025-02-02,NA,NA,NA
"TER-NFBF-T-01",2025-02-03,NA,NA,NA
"TER-NFBF-T-01",2025-02-04,NA,NA,NA
"TER-NFBF-T-01",2025-02-05,NA,NA,NA
"TER-NFBF-T-01",2025-02-06,NA,NA,NA
"TER-NFBF-T-01",2025-02-07,NA,NA,NA
"TER-NFBF-T-01",2025-02-08,NA,NA,NA
"TER-NFBF-T-01",2025-02-09,NA,NA,NA
"TER-NFBF-T-01",2025-02-10,NA,NA,NA
"TER-NFBF-T-01",2025-02-11,NA,NA,NA
"TER-NFBF-T-01",2025-02-12,NA,NA,NA
"TER-NFBF-T-01",2025-02-13,NA,NA,NA
"TER-NFBF-T-01",2025-02-14,NA,NA,NA
"TER-NFBF-T-01",2025-02-15,NA,NA,NA
"TER-NFBF-T-01",2025-02-16,NA,NA,NA
"TER-NFBF-T-01",2025-02-17,NA,NA,NA
"TER-NFBF-T-01",2025-02-18,NA,NA,NA
"TER-NFBF-T-01",2025-02-19,NA,NA,NA
"TER-NFBF-T-01",2025-02-20,NA,NA,NA
"TER-NFBF-T-01",2025-02-21,NA,NA,NA
"TER-NFBF-T-01",2025-02-22,NA,NA,NA
"TER-NFBF-T-01",2025-02-23,NA,NA,NA
"TER-NFBF-T-01",2025-02-24,NA,NA,NA
"TER-NFBF-T-01",2025-02-25,NA,NA,NA
"TER-NFBF-T-01",2025-02-26,NA,NA,NA
"TER-NFBF-T-01",2025-02-27,NA,NA,NA
"TER-NFBF-T-01",2025-02-28,NA,NA,NA
"TER-NFBF-T-01",2025-03-01,NA,NA,NA
"TER-NFBF-T-01",2025-03-02,NA,NA,NA
"TER-NFBF-T-01",2025-03-03,NA,NA,NA
"TER-NFBF-T-01",2025-03-04,NA,NA,NA
"TER-NFBF-T-01",2025-03-05,NA,NA,NA
"TER-NFBF-T-01",2025-03-06,NA,NA,NA
"TER-NFBF-T-01",2025-03-07,NA,NA,NA
"TER-NFBF-T-01",2025-03-08,NA,NA,NA
"TER-NFBF-T-01",2025-03-09,NA,NA,NA
"TER-NFBF-T-01",2025-03-10,NA,NA,NA
"TER-NFBF-T-01",2025-03-11,NA,NA,NA
"TER-NFBF-T-01",2025-03-12,NA,NA,NA
"TER-NFBF-T-01",2025-03-13,NA,NA,NA
"TER-NFBF-T-01",2025-03-14,NA,NA,NA
"TER-NFBF-T-01",2025-03-15,NA,NA,NA
"TER-NFBF-T-01",2025-03-16,NA,NA,NA
"TER-NFBF-T-01",2025-03-17,NA,NA,NA
"TER-NFBF-T-01",2025-03-18,NA,NA,NA
"TER-NFBF-T-01",2025-03-19,NA,NA,NA
"TER-NFBF-T-01",2025-03-20,NA,NA,NA
"TER-NFBF-T-01",2025-03-21,NA,NA,NA
"TER-NFBF-T-01",2025-03-22,NA,NA,NA
"TER-NFBF-T-01",2025-03-23,NA,NA,NA
"TER-NFBF-T-01",2025-03-24,NA,NA,NA
"TER-NFBF-T-01",2025-03-25,NA,NA,NA
"TER-NFBF-T-01",2025-03-26,NA,NA,NA
"TER-NFBF-T-01",2025-03-27,NA,NA,NA
"TER-NFBF-T-01",2025-03-28,NA,NA,NA
"TER-NFBF-T-01",2025-03-29,NA,NA,NA
"TER-NFBF-T-01",2025-03-30,NA,NA,NA
"TER-NFBF-T-01",2025-03-31,NA,NA,NA
"TER-NFBF-T-01",2025-04-01,NA,NA,NA
"TER-NFBF-T-01",2025-04-02,NA,NA,NA
"TER-NFBF-T-01",2025-04-03,NA,NA,NA
"TER-NFBF-T-01",2025-04-04,NA,NA,NA
"TER-NFBF-T-01",2025-04-05,NA,NA,NA
"TER-NFBF-T-01",2025-04-06,NA,NA,NA
"TER-NFBF-T-01",2025-04-07,NA,NA,NA
"TER-NFBF-T-01",2025-04-08,NA,NA,NA
"TER-NFBF-T-01",2025-04-09,NA,NA,NA
"TER-NFBF-T-01",2025-04-10,NA,NA,NA
"TER-NFBF-T-01",2025-04-11,NA,NA,NA
"TER-NFBF-T-01",2025-04-12,NA,NA,NA
"TER-NFBF-T-01",2025-04-13,NA,NA,NA
"TER-NFBF-T-01",2025-04-14,NA,NA,NA
"TER-NFBF-T-01",2025-04-15,NA,NA,NA
"TER-NFBF-T-01",2025-04-16,NA,NA,NA
"TER-NFBF-T-01",2025-04-17,NA,NA,NA
"TER-NFBF-T-01",2025-04-18,NA,NA,NA
"TER-NFBF-T-01",2025-04-19,NA,NA,NA
"TER-NFBF-T-01",2025-04-20,NA,NA,NA
"TER-NFBF-T-01",2025-04-21,NA,NA,NA
"TER-NFBF-T-01",2025-04-22,NA,NA,NA
"TER-NFBF-T-01",2025-04-23,NA,NA,NA
"TER-NFBF-T-01",2025-04-24,NA,NA,NA
"TER-NFBF-T-01",2025-04-25,NA,NA,NA
"TER-NFBF-T-01",2025-04-26,NA,NA,NA
"TER-NFBF-T-01",2025-04-27,NA,NA,NA
"TER-NFBF-T-01",2025-04-28,NA,NA,NA
"TER-NFBF-T-01",2025-04-29,NA,NA,NA
"TER-NFBF-T-01",2025-04-30,NA,NA,NA
"TER-NFBF-T-01",2025-05-01,NA,NA,NA
"TER-NFBF-T-01",2025-05-02,NA,NA,NA
"TER-NFBF-T-01",2025-05-03,NA,NA,NA
"TER-NFBF-T-01",2025-05-04,NA,NA,NA
"TER-NFBF-T-01",2025-05-05,NA,NA,NA
"TER-NFBF-T-01",2025-05-06,NA,NA,NA
"TER-NFBF-T-01",2025-05-07,NA,NA,NA
"TER-NFBF-T-01",2025-05-08,NA,NA,NA
"TER-NFBF-T-01",2025-05-09,NA,NA,NA
"TER-NFBF-T-01",2025-05-10,NA,NA,NA
"TER-NFBF-T-01",2025-05-11,NA,NA,NA
"TER-NFBF-T-01",2025-05-12,NA,NA,NA
"TER-NFBF-T-01",2025-05-13,NA,NA,NA
"TER-NFBF-T-01",2025-05-14,NA,NA,NA
"TER-NFBF-T-01",2025-05-15,NA,NA,NA
"TER-NFBF-T-01",2025-05-16,NA,NA,NA
"TER-NFBF-T-01",2025-05-17,NA,NA,NA
"TER-NFBF-T-01",2025-05-18,NA,NA,NA
"TER-NFBF-T-01",2025-05-19,NA,NA,NA
"TER-NFBF-T-01",2025-05-20,NA,NA,NA
"TER-NFBF-T-01",2025-05-21,NA,NA,NA
"TER-NFBF-T-01",2025-05-22,NA,NA,NA
"TER-NFBF-T-01",2025-05-23,NA,NA,NA
"TER-NFBF-T-01",2025-05-24,NA,NA,NA
"TER-NFBF-T-01",2025-05-25,NA,NA,NA
"TER-NFBF-T-01",2025-05-26,NA,NA,NA
"TER-NFBF-T-01",2025-05-27,NA,NA,NA
"TER-NFBF-T-01",2025-05-28,NA,NA,NA
"TER-NFBF-T-01",2025-05-29,NA,NA,NA
"TER-NFBF-T-01",2025-05-30,NA,NA,NA
"TER-NFBF-T-01",2025-05-31,NA,NA,NA
"TER-NFBF-T-01",2025-06-01,NA,NA,NA
"TER-NFBF-T-01",2025-06-02,NA,NA,NA
"TER-NFBF-T-01",2025-06-03,NA,NA,NA
"TER-NFBF-T-01",2025-06-04,NA,NA,NA
"TER-NFBF-T-01",2025-06-05,NA,NA,NA
"TER-NFBF-T-01",2025-06-06,NA,NA,NA
"TER-NFBF-T-01",2025-06-07,NA,NA,NA
"TER-NFBF-T-01",2025-06-08,NA,NA,NA
"TER-NFBF-T-01",2025-06-09,NA,NA,NA
"TER-NFBF-T-01",2025-06-10,NA,NA,NA
"TER-NFBF-T-01",2025-06-11,NA,NA,NA
"TER-NFBF-T-01",2025-06-12,NA,NA,NA
"TER-NFBF-T-02",2023-08-09,NA,NA,NA
"TER-NFBF-T-02",2023-08-10,NA,NA,NA
"TER-NFBF-T-02",2023-08-11,1.4939491483886,2.0090375516794,2.11961166801573
"TER-NFBF-T-02",2023-08-12,0.899879218948661,1.43456300471354,1.44447347611107
"TER-NFBF-T-02",2023-08-13,1.5202438305574,1.81179709008823,1.88241288267733
"TER-NFBF-T-02",2023-08-14,2.8084209550688,3.44496061271946,3.94229205750496
"TER-NFBF-T-02",2023-08-15,2.30154327555998,2.64977097725144,3.14475639018719
"TER-NFBF-T-02",2023-08-16,3.61959241840325,3.68008496672548,4.12574104015688
"TER-NFBF-T-02",2023-08-17,1.33768537927012,1.88048714009375,1.95592281493187
"TER-NFBF-T-02",2023-08-18,1.56023386392711,1.68915981173044,1.9222901121741
"TER-NFBF-T-02",2023-08-19,2.63124688026942,3.651235645522,4.08403572781715
"TER-NFBF-T-02",2023-08-20,1.87662972651367,2.79362628604596,2.82938770454116
"TER-NFBF-T-02",2023-08-21,0.914605720071991,1.25524262912435,1.35868115934299
"TER-NFBF-T-02",2023-08-22,1.5809956045003,2.30773353270498,2.5769849532497
"TER-NFBF-T-02",2023-08-23,0.914605720071991,1.23340432619805,1.282547284209
"TER-NFBF-T-02",2023-08-24,0.670280062599837,0.965904247062178,1.09345881217037
"TER-NFBF-T-02",2023-08-25,0.56465970257328,0.607918758874329,0.642684586917151
"TER-NFBF-T-02",2023-08-26,0.688610762774367,0.732278556328103,0.987007995210118
"TER-NFBF-T-02",2023-08-27,0.746974574194299,1.19099885007063,1.2006565233057
"TER-NFBF-T-02",2023-08-28,0.858672720295521,1.31446109528373,1.28095723944063
"TER-NFBF-T-02",2023-08-29,1.51741102931409,2.18152652310589,2.15173926953476
"TER-NFBF-T-02",2023-08-30,1.57884566161117,3.37127411084219,3.13227414259158
"TER-NFBF-T-02",2023-08-31,2.39101200452802,3.85869054908828,4.05040702910822
"TER-NFBF-T-02",2023-09-01,2.77402221969513,4.17528095036642,4.75923967865042
"TER-NFBF-T-02",2023-09-02,2.05318769481626,3.39330115869829,3.40708713619467
"TER-NFBF-T-02",2023-09-03,2.23839600309388,3.47245892912972,3.72655715921138
"TER-NFBF-T-02",2023-09-04,0.625181133172909,1.08326365439238,1.24236800541127
"TER-NFBF-T-02",2023-09-05,1.1080649669647,1.5202438305574,1.82772528300752
"TER-NFBF-T-02",2023-09-06,0.465766471310571,0.570643547208776,0.594357526717057
"TER-NFBF-T-02",2023-09-07,0.508977377704052,0.604556970379784,0.71443450831176
"TER-NFBF-T-02",2023-09-08,0.567460015829501,0.746974574194299,0.793713981266533
"TER-NFBF-T-02",2023-09-09,1.40891956755029,2.28851891855403,2.34520787991171
"TER-NFBF-T-02",2023-09-10,1.9438448005681,3.20092547758355,3.40369577482128
"TER-NFBF-T-02",2023-09-11,1.76263554314867,3.38448077922265,3.34429808930737
"TER-NFBF-T-02",2023-09-12,1.65009881127056,2.4151356969708,2.61259144490121
"TER-NFBF-T-02",2023-09-13,0.842700971600384,0.953397813771538,0.996370223957142
"TER-NFBF-T-02",2023-09-14,0.47348155466575,0.775531608229039,0.842700971600385
"TER-NFBF-T-02",2023-09-15,1.04235484514075,1.09014026487487,1.06810647843526
"TER-NFBF-T-02",2023-09-16,1.01081112500545,1.56732949284139,1.89953751045437
"TER-NFBF-T-02",2023-09-17,0.896601877945965,1.56949521101254,1.72877920401417
"TER-NFBF-T-02",2023-09-18,2.27611654397114,3.92542575923993,3.83892157260079
"TER-NFBF-T-02",2023-09-19,1.49984902621873,2.02598607231575,2.02955963667998
"TER-NFBF-T-02",2023-09-20,2.0955439264845,1.46641137435598,1.50843041564422
"TER-NFBF-T-02",2023-09-21,2.00531449700142,1.6874161278137,1.95742732665364
"TER-NFBF-T-02",2023-09-22,1.54814053962642,2.54915444918449,2.67427018352536
"TER-NFBF-T-02",2023-09-23,0.750603621828092,1.66471806378259,1.893926218663
"TER-NFBF-T-02",2023-09-24,1.5273769786083,1.61836717676817,1.95418540054677
"TER-NFBF-T-02",2023-09-25,1.36466803310538,2.72667977743916,3.12075799042198
"TER-NFBF-T-02",2023-09-26,0.751809411556112,1.2128538629009,1.29362287585198
"TER-NFBF-T-02",2023-09-27,1.134920031659,2.19022862945295,2.30773353270498
"TER-NFBF-T-02",2023-09-28,1.12931940514656,0.699054744803213,0.750603621828092
"TER-NFBF-T-02",2023-09-29,0.524749767832802,0.943129234847053,0.972213595544888
"TER-NFBF-T-02",2023-09-30,0.751809411556112,0.931532942621143,0.871239330502528
"TER-NFBF-T-02",2023-10-01,0.368604890387243,1.63021737680966,2.06418738616856
"TER-NFBF-T-02",2023-10-02,0.920774721067277,1.18852453896003,1.02857717964806
"TER-NFBF-T-02",2023-10-03,0.904898104600813,2.08340579584125,2.16192345920901
"TER-NFBF-T-02",2023-10-04,0.749093655258023,0.571040240720161,0.510753918455249
"TER-NFBF-T-02",2023-10-05,0.719488042623545,0.508977377704052,0.607546145441299
"TER-NFBF-T-02",2023-10-06,0.624093545570845,1.54154425679322,1.565016090115
"TER-NFBF-T-02",2023-10-07,1.20216441278318,1.03209369308428,1.16388125047936
"TER-NFBF-T-02",2023-10-08,0.865763883197535,0.766130877682874,0.829702233998107
"TER-NFBF-T-02",2023-10-09,0.977092700273386,0.944089163069933,0.907896118682551
"TER-NFBF-T-02",2023-10-10,0.672640804719661,0.375301810914046,0.268348410774533
"TER-NFBF-T-02",2023-10-11,0.994322651975647,0.894579084894362,1.05980583400786
"TER-NFBF-T-02",2023-10-12,1.43314162856859,1.64184413813037,1.69985080334222
"TER-NFBF-T-02",2023-10-13,0.531183393096442,1.30772509631659,1.23944821757828
"TER-NFBF-T-02",2023-10-14,0.890519714727777,1.13711273069949,0.931532942621143
"TER-NFBF-T-02",2023-10-15,1.17009073102926,1.01058707288588,1.07655347814419
"TER-NFBF-T-02",2023-10-16,0.408248290463863,0.735980072193987,0.829702233998106
"TER-NFBF-T-02",2023-10-17,0.974307632279887,0.832970935693524,1.07149326926815
"TER-NFBF-T-02",2023-10-18,1.69384542353799,0.880546602310508,0.983330262829891
"TER-NFBF-T-02",2023-10-19,0.827242231843206,1.0215078369105,1.21416011407421
"TER-NFBF-T-02",2023-10-20,1.10642884209004,1.70676403707744,1.71259189957583
"TER-NFBF-T-02",2023-10-21,1.17953564923918,NA,0.855502225579229
"TER-NFBF-T-02",2023-10-22,0.6412736421045,NA,0.931532942621143
"TER-NFBF-T-02",2023-10-23,0.892805381522402,NA,2.74620950888068
"TER-NFBF-T-02",2023-10-24,0.606426931450448,NA,0.858672720295521
"TER-NFBF-T-02",2023-10-25,0.561038762255892,NA,1.11316235778192
"TER-NFBF-T-02",2023-10-26,0.744241175652242,NA,1.00991461828804
"TER-NFBF-T-02",2023-10-27,0.779899194526567,NA,1.47441956154897
"TER-NFBF-T-02",2023-10-28,2.21316466312088,NA,1.0475558163677
"TER-NFBF-T-02",2023-10-29,0.845919446605247,NA,1.37722152554873
"TER-NFBF-T-02",2023-10-30,0.779027636204913,NA,2.91889149099995
"TER-NFBF-T-02",2023-10-31,0.706786460997433,NA,1.25902538796334
"TER-NFBF-T-02",2023-11-01,0.576957914221314,NA,2.36281197618063
"TER-NFBF-T-02",2023-11-02,1.32902383267799,NA,1.78713194244581
"TER-NFBF-T-02",2023-11-03,NA,NA,2.32503701076978
"TER-NFBF-T-02",2023-11-04,NA,NA,1.13890361720181
"TER-NFBF-T-02",2023-11-05,NA,NA,1.39810948960642
"TER-NFBF-T-02",2023-11-06,NA,NA,2.52774459817901
"TER-NFBF-T-02",2023-11-07,NA,NA,1.52143501101875
"TER-NFBF-T-02",2023-11-08,NA,NA,0.88771812996067
"TER-NFBF-T-02",2023-11-09,NA,NA,0.619724108789139
"TER-NFBF-T-02",2023-11-10,NA,NA,0.303959379437164
"TER-NFBF-T-02",2023-11-11,NA,NA,0.96964807600714
"TER-NFBF-T-02",2023-11-12,NA,NA,0.707106781186548
"TER-NFBF-T-02",2023-11-13,NA,NA,1.07655347814419
"TER-NFBF-T-02",2023-11-14,NA,NA,2.14414859289318
"TER-NFBF-T-02",2023-11-15,NA,NA,0.449939609474331
"TER-NFBF-T-02",2023-11-16,NA,NA,0.464305621487537
"TER-NFBF-T-02",2023-11-17,NA,NA,1.43692884053234
"TER-NFBF-T-02",2023-11-18,NA,NA,1.35868115934299
"TER-NFBF-T-02",2023-11-19,NA,NA,0.744241175652243
"TER-NFBF-T-02",2023-11-20,NA,NA,1.05273109274078
"TER-NFBF-T-02",2023-11-21,NA,NA,0.674321989058295
"TER-NFBF-T-02",2023-11-22,NA,NA,0.936140318356268
"TER-NFBF-T-02",2023-11-23,NA,NA,0.951733734533601
"TER-NFBF-T-02",2023-11-24,NA,NA,0.994322651975647
"TER-NFBF-T-02",2023-11-25,NA,NA,0.601929265428846
"TER-NFBF-T-02",2023-11-26,NA,NA,0.442325868464691
"TER-NFBF-T-02",2023-11-27,NA,NA,0.779027636204913
"TER-NFBF-T-02",2023-11-28,NA,NA,0.503610155185335
"TER-NFBF-T-02",2023-11-29,NA,NA,1.0248276631368
"TER-NFBF-T-02",2023-11-30,NA,NA,1.12207752451178
"TER-NFBF-T-02",2023-12-01,NA,NA,2.21398306553884
"TER-NFBF-T-02",2023-12-02,NA,NA,1.60162960490381
"TER-NFBF-T-02",2023-12-03,NA,NA,1.24818709114169
"TER-NFBF-T-02",2023-12-04,NA,NA,1.68055805086252
"TER-NFBF-T-02",2023-12-05,NA,NA,1.48162048965392
"TER-NFBF-T-02",2023-12-06,NA,NA,1.37722152554873
"TER-NFBF-T-02",2023-12-07,NA,NA,1.11783142801107
"TER-NFBF-T-02",2023-12-08,NA,NA,0.567460015829501
"TER-NFBF-T-02",2023-12-09,NA,NA,1.09263012026493
"TER-NFBF-T-02",2023-12-10,NA,NA,1.13232318580052
"TER-NFBF-T-02",2023-12-11,NA,NA,NA
"TER-NFBF-T-02",2023-12-12,0.440273301155254,0.735980072193987,0.810930758851934
"TER-NFBF-T-02",2023-12-13,0.936140318356268,1.10642884209004,1.12530189186106
"TER-NFBF-T-02",2023-12-14,1.15783405984836,1.33446509937476,1.31721461722306
"TER-NFBF-T-02",2023-12-15,0.675328690771916,1.25036226634582,1.193088489982
"TER-NFBF-T-02",2023-12-16,NA,0.168915981173044,0.14116492564332
"TER-NFBF-T-02",2023-12-17,NA,0.207425558499527,0.232152810743768
"TER-NFBF-T-02",2023-12-18,NA,1.82064947003909,1.96976696186579
"TER-NFBF-T-02",2023-12-19,NA,1.03712779249763,1.10006587418037
"TER-NFBF-T-02",2023-12-20,NA,0.845919446605247,0.943849272540569
"TER-NFBF-T-02",2023-12-21,NA,0.938073496085446,0.906648150919207
"TER-NFBF-T-02",2023-12-22,NA,1.56906230651913,1.66797955536075
"TER-NFBF-T-02",2023-12-23,NA,1.56023386392711,1.66797955536075
"TER-NFBF-T-02",2023-12-24,NA,1.01595068635316,0.999093792292346
"TER-NFBF-T-02",2023-12-25,NA,0.642332141271278,0.629872312802192
"TER-NFBF-T-02",2023-12-26,NA,2.09165006633519,2.05792476729012
"TER-NFBF-T-02",2023-12-27,NA,1.04235484514075,1.22751516416738
"TER-NFBF-T-02",2023-12-28,NA,1.88769854508114,2.01881996670605
"TER-NFBF-T-02",2023-12-29,NA,1.67461871065833,1.73622946456486
"TER-NFBF-T-02",2023-12-30,NA,1.90144395932007,2.00441089686677
"TER-NFBF-T-02",2023-12-31,NA,2.53633022583668,2.64951458501966
"TER-NFBF-T-02",2024-01-01,NA,0.829702233998107,0.876163822283402
"TER-NFBF-T-02",2024-01-02,NA,1.33903896967894,1.32081990346576
"TER-NFBF-T-02",2024-01-03,NA,1.77339435440397,1.84731983687453
"TER-NFBF-T-02",2024-01-04,NA,0.914605720071991,0.974307632279888
"TER-NFBF-T-02",2024-01-05,NA,0.840279025431261,0.824225591744734
"TER-NFBF-T-02",2024-01-06,NA,1.20216441278318,1.27404411454121
"TER-NFBF-T-02",2024-01-07,NA,1.00519484015124,1.03537957752952
"TER-NFBF-T-02",2024-01-08,NA,1.22899010031272,1.20911394075957
"TER-NFBF-T-02",2024-01-09,NA,0.531609533071195,NA
"TER-NFBF-T-02",2024-01-10,NA,1.15450441089786,NA
"TER-NFBF-T-02",2024-01-11,NA,0.416485467846762,NA
"TER-NFBF-T-02",2024-01-12,NA,0.503610155185335,NA
"TER-NFBF-T-02",2024-01-13,NA,0.569451808600904,NA
"TER-NFBF-T-02",2024-01-14,NA,1.40586246673077,NA
"TER-NFBF-T-02",2024-01-15,NA,1.07318265663062,NA
"TER-NFBF-T-02",2024-01-16,NA,1.22307968384872,NA
"TER-NFBF-T-02",2024-01-17,NA,0.672640804719661,NA
"TER-NFBF-T-02",2024-01-18,NA,0.630949939446036,NA
"TER-NFBF-T-02",2024-01-19,NA,2.02598607231575,NA
"TER-NFBF-T-02",2024-01-20,NA,2.01342864972569,NA
"TER-NFBF-T-02",2024-01-21,NA,0.772899209732936,NA
"TER-NFBF-T-02",2024-01-22,NA,0.326931274079147,NA
"TER-NFBF-T-02",2024-01-23,NA,0.345126525843175,NA
"TER-NFBF-T-02",2024-01-24,NA,0.358640751178386,NA
"TER-NFBF-T-02",2024-01-25,NA,0.98815447950324,NA
"TER-NFBF-T-02",2024-01-26,NA,0.786836907396049,NA
"TER-NFBF-T-02",2024-01-27,NA,1.61962600800219,NA
"TER-NFBF-T-02",2024-01-28,NA,1.13072216246771,NA
"TER-NFBF-T-02",2024-01-29,NA,1.99046640809111,NA
"TER-NFBF-T-02",2024-01-30,NA,0.8198179366636,NA
"TER-NFBF-T-02",2024-01-31,NA,2.22957720044712,NA
"TER-NFBF-T-02",2024-02-01,NA,1.02416455878841,NA
"TER-NFBF-T-02",2024-02-02,NA,1.08326365439238,NA
"TER-NFBF-T-02",2024-02-03,NA,1.64391169232837,NA
"TER-NFBF-T-02",2024-02-04,NA,1.12268279877562,NA
"TER-NFBF-T-02",2024-02-05,NA,1.04170289792063,NA
"TER-NFBF-T-02",2024-02-06,NA,0.630949939446036,NA
"TER-NFBF-T-02",2024-02-07,NA,1.12268279877562,NA
"TER-NFBF-T-02",2024-02-08,NA,1.20009057629178,NA
"TER-NFBF-T-02",2024-02-09,NA,0.904898104600814,NA
"TER-NFBF-T-02",2024-02-10,NA,2.13058728380535,NA
"TER-NFBF-T-02",2024-02-11,NA,NA,NA
"TER-NFBF-T-02",2024-02-12,NA,NA,NA
"TER-NFBF-T-02",2024-02-13,NA,NA,NA
"TER-NFBF-T-02",2024-02-14,NA,NA,NA
"TER-NFBF-T-02",2024-02-15,NA,NA,NA
"TER-NFBF-T-02",2024-02-16,NA,NA,NA
"TER-NFBF-T-02",2024-02-17,NA,NA,NA
"TER-NFBF-T-02",2024-02-18,NA,NA,NA
"TER-NFBF-T-02",2024-02-19,NA,NA,NA
"TER-NFBF-T-02",2024-02-20,NA,NA,NA
"TER-NFBF-T-02",2024-02-21,NA,NA,NA
"TER-NFBF-T-02",2024-02-22,NA,NA,NA
"TER-NFBF-T-02",2024-02-23,NA,NA,NA
"TER-NFBF-T-02",2024-02-24,NA,NA,NA
"TER-NFBF-T-02",2024-02-25,NA,NA,NA
"TER-NFBF-T-02",2024-02-26,NA,NA,NA
"TER-NFBF-T-02",2024-02-27,NA,NA,NA
"TER-NFBF-T-02",2024-02-28,NA,NA,NA
"TER-NFBF-T-02",2024-02-29,NA,NA,NA
"TER-NFBF-T-02",2024-03-01,NA,NA,NA
"TER-NFBF-T-02",2024-03-02,NA,NA,NA
"TER-NFBF-T-02",2024-03-03,NA,NA,NA
"TER-NFBF-T-02",2024-03-04,NA,NA,NA
"TER-NFBF-T-02",2024-03-05,NA,NA,NA
"TER-NFBF-T-02",2024-03-06,NA,NA,NA
"TER-NFBF-T-02",2024-03-07,NA,NA,NA
"TER-NFBF-T-02",2024-03-08,NA,NA,NA
"TER-NFBF-T-02",2024-03-09,NA,NA,NA
"TER-NFBF-T-02",2024-03-10,NA,NA,NA
"TER-NFBF-T-02",2024-03-11,NA,NA,NA
"TER-NFBF-T-02",2024-03-12,NA,NA,NA
"TER-NFBF-T-02",2024-03-13,1.54271899063244,NA,NA
"TER-NFBF-T-02",2024-03-14,0.8198179366636,NA,NA
"TER-NFBF-T-02",2024-03-15,1.14029458436425,NA,NA
"TER-NFBF-T-02",2024-03-16,1.52143501101875,NA,NA
"TER-NFBF-T-02",2024-03-17,1.66145016978141,NA,NA
"TER-NFBF-T-02",2024-03-18,0.510753918455249,NA,NA
"TER-NFBF-T-02",2024-03-19,1.68956194477071,NA,NA
"TER-NFBF-T-02",2024-03-20,2.762242184179,NA,NA
"TER-NFBF-T-02",2024-03-21,1.25524262912435,NA,NA
"TER-NFBF-T-02",2024-03-22,0.642332141271278,NA,NA
"TER-NFBF-T-02",2024-03-23,0.800531978921119,NA,NA
"TER-NFBF-T-02",2024-03-24,1.22696160600432,NA,NA
"TER-NFBF-T-02",2024-03-25,0.464305621487536,NA,NA
"TER-NFBF-T-02",2024-03-26,0.63381465310669,NA,NA
"TER-NFBF-T-02",2024-03-27,1.4407060970132,NA,NA
"TER-NFBF-T-02",2024-03-28,1.47441956154897,NA,NA
"TER-NFBF-T-02",2024-03-29,1.30616570180805,NA,NA
"TER-NFBF-T-02",2024-03-30,0.746974574194299,NA,NA
"TER-NFBF-T-02",2024-03-31,1.52500296982367,NA,NA
"TER-NFBF-T-02",2024-04-01,1.83514403336316,NA,NA
"TER-NFBF-T-02",2024-04-02,1.00271370919555,NA,NA
"TER-NFBF-T-02",2024-04-03,1.193088489982,NA,NA
"TER-NFBF-T-02",2024-04-04,1.35383914656897,NA,NA
"TER-NFBF-T-02",2024-04-05,1.09594112821891,NA,NA
"TER-NFBF-T-02",2024-04-06,1.46146144841983,NA,NA
"TER-NFBF-T-02",2024-04-07,0.740886660345738,NA,NA
"TER-NFBF-T-02",2024-04-08,1.44321877578647,NA,NA
"TER-NFBF-T-02",2024-04-09,0.368604890387243,NA,NA
"TER-NFBF-T-02",2024-04-10,0.254488688852026,NA,NA
"TER-NFBF-T-02",2024-04-11,0.637022057270606,NA,NA
"TER-NFBF-T-02",2024-04-12,1.58113883008419,NA,NA
"TER-NFBF-T-02",2024-04-13,0.465766471310572,NA,NA
"TER-NFBF-T-02",2024-04-14,0.240771706171538,NA,NA
"TER-NFBF-T-02",2024-04-15,0.561038762255892,NA,NA
"TER-NFBF-T-02",2024-04-16,0.22421360157322,NA,NA
"TER-NFBF-T-02",2024-04-17,0.503610155185335,NA,NA
"TER-NFBF-T-02",2024-04-18,0.416485467846762,NA,NA
"TER-NFBF-T-02",2024-04-19,0.829702233998107,NA,NA
"TER-NFBF-T-02",2024-04-20,1.79661013328281,NA,NA
"TER-NFBF-T-02",2024-04-21,0.871239330502528,NA,NA
"TER-NFBF-T-02",2024-04-22,0.717281502356772,NA,NA
"TER-NFBF-T-02",2024-04-23,0.408248290463863,NA,NA
"TER-NFBF-T-02",2024-04-24,0.598533836656866,NA,NA
"TER-NFBF-T-02",2024-04-25,1.69985080334222,NA,NA
"TER-NFBF-T-02",2024-04-26,1.10150588622635,NA,NA
"TER-NFBF-T-02",2024-04-27,1.41661338348219,NA,NA
"TER-NFBF-T-02",2024-04-28,1.83551418377537,NA,NA
"TER-NFBF-T-02",2024-04-29,2.96324097930784,NA,NA
"TER-NFBF-T-02",2024-04-30,2.31371149229225,NA,NA
"TER-NFBF-T-02",2024-05-01,0.777572868107801,NA,NA
"TER-NFBF-T-02",2024-05-02,0.663488802697037,NA,NA
"TER-NFBF-T-02",2024-05-03,1.25325662731663,NA,NA
"TER-NFBF-T-02",2024-05-04,2.05847488218334,NA,NA
"TER-NFBF-T-02",2024-05-05,1.85868505802557,NA,NA
"TER-NFBF-T-02",2024-05-06,0.416485467846762,NA,NA
"TER-NFBF-T-02",2024-05-07,0.637022057270606,NA,NA
"TER-NFBF-T-02",2024-05-08,0.949589919119171,NA,NA
"TER-NFBF-T-02",2024-05-09,2.30065759345428,NA,NA
"TER-NFBF-T-02",2024-05-10,2.73190688300156,NA,NA
"TER-NFBF-T-02",2024-05-11,2.29829410587537,NA,NA
"TER-NFBF-T-02",2024-05-12,3.07750133919607,NA,NA
"TER-NFBF-T-02",2024-05-13,1.27617521853615,NA,NA
"TER-NFBF-T-02",2024-05-14,1.49258432626585,NA,NA
"TER-NFBF-T-02",2024-05-15,1.46687457353816,NA,NA
"TER-NFBF-T-02",2024-05-16,0.907896118682551,NA,NA
"TER-NFBF-T-02",2024-05-17,1.17953564923918,NA,NA
"TER-NFBF-T-02",2024-05-18,1.3349740810598,NA,NA
"TER-NFBF-T-02",2024-05-19,1.92805376075145,NA,NA
"TER-NFBF-T-02",2024-05-20,1.36715482621413,NA,NA
"TER-NFBF-T-02",2024-05-21,1.25686520555211,NA,NA
"TER-NFBF-T-02",2024-05-22,0.931532942621143,NA,NA
"TER-NFBF-T-02",2024-05-23,0.416485467846762,NA,NA
"TER-NFBF-T-02",2024-05-24,1.33717742961092,NA,NA
"TER-NFBF-T-02",2024-05-25,3.0713142161773,NA,NA
"TER-NFBF-T-02",2024-05-26,2.03724380446734,NA,NA
"TER-NFBF-T-02",2024-05-27,1.49818731051605,NA,NA
"TER-NFBF-T-02",2024-05-28,1.64831380683324,NA,NA
"TER-NFBF-T-02",2024-05-29,0.355469683168866,NA,NA
"TER-NFBF-T-02",2024-05-30,2.98880762420279,NA,NA
"TER-NFBF-T-02",2024-05-31,0.825049405635281,NA,NA
"TER-NFBF-T-02",2024-06-01,2.01444062074134,NA,NA
"TER-NFBF-T-02",2024-06-02,0.930316682874591,NA,NA
"TER-NFBF-T-02",2024-06-03,1.17028424640824,NA,NA
"TER-NFBF-T-02",2024-06-04,2.0107275703881,NA,NA
"TER-NFBF-T-02",2024-06-05,0.545070132437435,NA,NA
"TER-NFBF-T-02",2024-06-06,1.22455996237394,NA,NA
"TER-NFBF-T-02",2024-06-07,1.58571521832364,NA,NA
"TER-NFBF-T-02",2024-06-08,2.25211253483595,NA,NA
"TER-NFBF-T-02",2024-06-09,1.42426563838901,NA,NA
"TER-NFBF-T-02",2024-06-10,1.55674665406017,NA,NA
"TER-NFBF-T-02",2024-06-11,1.56023386392711,NA,NA
"TER-NFBF-T-02",2024-06-12,4.15200318337819,NA,NA
"TER-NFBF-T-02",2024-06-13,0.63381465310669,NA,NA
"TER-NFBF-T-02",2024-06-14,1.44697961284878,NA,NA
"TER-NFBF-T-02",2024-06-15,2.60399637124349,NA,NA
"TER-NFBF-T-02",2024-06-16,1.72523890385138,NA,NA
"TER-NFBF-T-02",2024-06-17,1.05788105136664,NA,NA
"TER-NFBF-T-02",2024-06-18,1.55805527240983,2.06550341268808,2.23515635091675
"TER-NFBF-T-02",2024-06-19,1.68311628676768,2.40884541469229,2.61787334864871
"TER-NFBF-T-02",2024-06-20,2.69854697885759,3.51678171389531,3.43548195045238
"TER-NFBF-T-02",2024-06-21,3.70803817421683,4.33885169808453,4.53723524000998
"TER-NFBF-T-02",2024-06-22,1.40505686098773,1.93917937970335,1.84339301997348
"TER-NFBF-T-02",2024-06-23,1.08012344973464,1.15783405984836,1.17645993175054
"TER-NFBF-T-02",2024-06-24,0.98815447950324,1.24945640354029,1.22011373905546
"TER-NFBF-T-02",2024-06-25,1.71734544059104,2.56191447888126,2.64498089086547
"TER-NFBF-T-02",2024-06-26,3.41505352516035,4.43532427780375,4.8424451842348
"TER-NFBF-T-02",2024-06-27,1.10150588622635,1.54579841946587,1.58442944515263
"TER-NFBF-T-02",2024-06-28,2.19673258681411,2.72667977743916,2.94876232941251
"TER-NFBF-T-02",2024-06-29,0.840279025431261,1.20517453183093,1.15783405984836
"TER-NFBF-T-02",2024-06-30,0.481543412343077,0.764947663266077,0.779899194526567
"TER-NFBF-T-02",2024-07-01,2.22102926916616,2.71994445275762,2.83026794962362
"TER-NFBF-T-02",2024-07-02,2.20999049115929,3.10912635102961,3.33290305193883
"TER-NFBF-T-02",2024-07-03,1.16017864691332,1.5809956045003,1.59255514317652
"TER-NFBF-T-02",2024-07-04,2.95428637254659,3.18511028635303,3.44285649854379
"TER-NFBF-T-02",2024-07-05,3.85023055963131,4.33258424406082,4.67009449676296
"TER-NFBF-T-02",2024-07-06,1.16017864691332,1.3805061033727,1.45447211401071
"TER-NFBF-T-02",2024-07-07,1.84548018180886,2.18650339616687,2.19146896667146
"TER-NFBF-T-02",2024-07-08,0.663488802697037,0.722001545624424,0.740886660345738
"TER-NFBF-T-02",2024-07-09,0.683328914796602,0.845919446605247,0.789422830805584
"TER-NFBF-T-02",2024-07-10,1.00339098972478,1.4212415474619,1.57194608455685
"TER-NFBF-T-02",2024-07-11,1.76263554314867,1.92946264202148,2.11608316731987
"TER-NFBF-T-02",2024-07-12,1.53093108923949,1.63507190818249,1.7523276445668
"TER-NFBF-T-02",2024-07-13,1.40392823632607,1.55208485312638,1.55674665406017
"TER-NFBF-T-02",2024-07-14,1.96608472107251,3.11371149520348,3.3050658306496
"TER-NFBF-T-02",2024-07-15,1.3006060460249,1.41405342948888,1.44823105491002
"TER-NFBF-T-02",2024-07-16,1.37508234272547,1.71100445115846,1.85319446096327
"TER-NFBF-T-02",2024-07-17,0.489009646921826,0.545070132437434,0.613480803002159
"TER-NFBF-T-02",2024-07-18,1.35517660221405,1.9238209263135,1.99353574901698
"TER-NFBF-T-02",2024-07-19,2.8525827351489,4.14801986983907,4.15527428069749
"TER-NFBF-T-02",2024-07-20,2.10836412304951,3.05912450770203,3.26265651520841
"TER-NFBF-T-02",2024-07-21,1.54271899063244,2.43604796959028,2.54515382069817
"TER-NFBF-T-02",2024-07-22,1.4212415474619,2.28088703187464,2.51075584785463
"TER-NFBF-T-02",2024-07-23,2.04257226292618,2.80107381065791,2.85773803324704
"TER-NFBF-T-02",2024-07-24,2.27303028283098,3.32399052999227,3.49838213124751
"TER-NFBF-T-02",2024-07-25,3.71249359536851,4.58415671128542,4.67837880690198
"TER-NFBF-T-02",2024-07-26,1.05273109274078,1.27901116696352,1.48162048965392
"TER-NFBF-T-02",2024-07-27,1.206113653404,1.83255088704876,1.93180849412436
"TER-NFBF-T-02",2024-07-28,1.84437550799525,2.6661287953929,2.64848876788692
"TER-NFBF-T-02",2024-07-29,1.26387229908951,1.88517769123662,2.09024216751088
"TER-NFBF-T-02",2024-07-30,1.11620961877395,1.40392823632607,1.65940446799621
"TER-NFBF-T-02",2024-07-31,1.03187426208508,1.11316235778192,1.23780281026561
"TER-NFBF-T-02",2024-08-01,2.16433123854574,3.06208404451154,3.11814465459134
"TER-NFBF-T-02",2024-08-02,2.45973001346295,3.40389536019961,3.56608166000123
"TER-NFBF-T-02",2024-08-03,2.15930326256183,3.0924756744559,3.43093081129364
"TER-NFBF-T-02",2024-08-04,3.20975641316971,3.83012231613061,4.0270260001392
"TER-NFBF-T-02",2024-08-05,2.69963765684598,3.39856907229064,3.52160773149037
"TER-NFBF-T-02",2024-08-06,0.721060008759246,0.868114732282431,1.04257207028537
"TER-NFBF-T-02",2024-08-07,1.81666500465288,2.51652149499713,2.5685352223409
"TER-NFBF-T-02",2024-08-08,2.98175308321721,3.32964016422021,3.71810104251066
"TER-NFBF-T-02",2024-08-09,2.38797940782033,3.35895946621155,3.74981883620367
"TER-NFBF-T-02",2024-08-10,1.17934365189938,1.39096463243882,1.47672154509208
"TER-NFBF-T-02",2024-08-11,1.10335456873474,1.30477800877157,1.40634560866612
"TER-NFBF-T-02",2024-08-12,2.8880061824977,3.77725602037753,3.95897210711664
"TER-NFBF-T-02",2024-08-13,1.72366310303192,2.30743913512769,2.28406182179842
"TER-NFBF-T-02",2024-08-14,3.42723269023909,4.05577062496375,4.17810025479648
"TER-NFBF-T-02",2024-08-15,2.92632974852484,3.53322737057409,3.80122024648912
"TER-NFBF-T-02",2024-08-16,2.26254553961696,2.8525827351489,2.91516524502422
"TER-NFBF-T-02",2024-08-17,2.05351854284228,2.27611654397114,2.66204876423938
"TER-NFBF-T-02",2024-08-18,NA,NA,NA
"TER-NFBF-T-02",2024-08-19,3.12242647654821,4.25606983434043,4.10725762734593
"TER-NFBF-T-02",2024-08-20,1.08012344973464,1.36184417802383,1.30772509631659
"TER-NFBF-T-02",2024-08-21,2.04124145231932,2.81269121733225,2.89043587806708
"TER-NFBF-T-02",2024-08-22,3.04048766111479,4.18714172164037,4.4891172754834
"TER-NFBF-T-02",2024-08-23,0.846722153836252,1.37112431385997,1.29099444873581
"TER-NFBF-T-02",2024-08-24,1.58328565908394,1.97080135249966,2.09381421597392
"TER-NFBF-T-02",2024-08-25,3.01806157196534,4.30616132562621,4.23045377358443
"TER-NFBF-T-02",2024-08-26,1.10253331475513,1.59936581634495,1.93075321338966
"TER-NFBF-T-02",2024-08-27,0.992499041725526,1.38247310428014,1.44697961284878
"TER-NFBF-T-02",2024-08-28,1.74455675197729,2.75707259160188,3.18447035616213
"TER-NFBF-T-02",2024-08-29,1.84105750959148,2.81011372197546,3.33378620112067
"TER-NFBF-T-02",2024-08-30,1.93368312677714,3.44601218802256,3.20975641316971
"TER-NFBF-T-02",2024-08-31,1.58785585992056,2.23079565970582,2.63537459867897
"TER-NFBF-T-02",2024-09-01,0.6412736421045,0.834057656228299,1.12207752451178
"TER-NFBF-T-02",2024-09-02,0.570643547208776,1.37771471142866,1.35918107270731
"TER-NFBF-T-02",2024-09-03,1.04061541156309,2.05087026419998,2.44050585751801
"TER-NFBF-T-02",2024-09-04,1.08263634211833,2.30301865549027,1.68271261335097
"TER-NFBF-T-02",2024-09-05,1.26762930621338,1.92134746648193,1.81466949120738
"TER-NFBF-T-02",2024-09-06,1.24072647022341,1.5809956045003,1.66145016978141
"TER-NFBF-T-02",2024-09-07,1.14505078679848,1.24218571973713,1.15920231193696
"TER-NFBF-T-02",2024-09-08,0.845919446605247,1.16076405371884,1.22178296893859
"TER-NFBF-T-02",2024-09-09,0.883627241233132,1.15450441089786,1.35868115934299
"TER-NFBF-T-02",2024-09-10,0.949589919119171,1.07254944820301,1.49637242516113
"TER-NFBF-T-02",2024-09-11,0.805045232323598,1.29589653371207,1.60487820658485
"TER-NFBF-T-02",2024-09-12,1.66145016978141,2.97178763358529,3.27533326106131
"TER-NFBF-T-02",2024-09-13,1.86099844636993,2.83218753473072,2.82450136679282
"TER-NFBF-T-02",2024-09-14,1.96527831122712,2.58619523568919,2.81944593179561
"TER-NFBF-T-02",2024-09-15,1.94302916057392,2.84367783393063,2.94761018404765
"TER-NFBF-T-02",2024-09-16,0.589383736122568,0.646898957233327,0.629872312802192
"TER-NFBF-T-02",2024-09-17,1.03712779249763,1.17645993175054,1.36732045161012
"TER-NFBF-T-02",2024-09-18,1.55674665406017,2.04998674438981,1.83452695004319
"TER-NFBF-T-02",2024-09-19,1.44212001751849,1.75374857319144,1.87469804331876
"TER-NFBF-T-02",2024-09-20,1.39470400994703,1.73152776639507,1.75697368271102
"TER-NFBF-T-02",2024-09-21,2.49990941864886,2.83026794962362,3.52295783171726
"TER-NFBF-T-02",2024-09-22,1.33446509937476,1.85514853501183,1.91485421551268
"TER-NFBF-T-02",2024-09-23,2.10718233461282,2.86533504629672,3.08661204446615
"TER-NFBF-T-02",2024-09-24,0.875388112682647,1.12931940514656,1.1818371844018
"TER-NFBF-T-02",2024-09-25,0.868114732282431,1.00271370919555,1.05273109274078
"TER-NFBF-T-02",2024-09-26,1.02128613146309,1.41020478521096,1.67407772575949
"TER-NFBF-T-02",2024-09-27,1.29309761784459,1.39291686446261,1.38688865628339
"TER-NFBF-T-02",2024-09-28,0.691236552140071,0.667232549687378,0.683328914796602
"TER-NFBF-T-02",2024-09-29,0.650738153889517,0.699054744803212,0.650738153889517
"TER-NFBF-T-02",2024-09-30,0.434057366141216,0.48482403800357,0.529902917003931
"TER-NFBF-T-02",2024-10-01,0.303959379437164,0.345126525843175,0.326931274079147
"TER-NFBF-T-02",2024-10-02,0.28232985128664,0.350982059081517,0.345126525843175
"TER-NFBF-T-02",2024-10-03,0.477292332867911,0.567460015829501,0.588229965875272
"TER-NFBF-T-02",2024-10-04,0.683328914796602,0.74180303257026,0.74180303257026
"TER-NFBF-T-02",2024-10-05,0.978019293843651,1.10642884209004,1.27244344426013
"TER-NFBF-T-02",2024-10-06,1.03537957752952,1.38247310428014,1.85612480058921
"TER-NFBF-T-02",2024-10-07,1.84695205245236,2.11576210273327,2.20177793770319
"TER-NFBF-T-02",2024-10-08,1.25325662731663,1.40069858347152,1.51741102931409
"TER-NFBF-T-02",2024-10-09,1.76879144853366,1.94477654168839,2.0090375516794
"TER-NFBF-T-02",2024-10-10,0.98815447950324,1.17876747224514,1.27617521853615
"TER-NFBF-T-02",2024-10-11,0.751508145500515,0.805045232323598,1.09159337070015
"TER-NFBF-T-02",2024-10-12,1.48162048965392,1.90999943091273,2.1964233112765
"TER-NFBF-T-02",2024-10-13,1.06300606021695,1.30980140103182,1.28800908044328
"TER-NFBF-T-02",2024-10-14,0.466252404120157,0.510753918455249,0.531183393096442
"TER-NFBF-T-02",2024-10-15,1.0179547554081,1.07592225353516,1.09325169808344
"TER-NFBF-T-02",2024-10-16,1.09821165563825,1.32424438394346,1.67664584941121
"TER-NFBF-T-02",2024-10-17,2.03190137270631,2.67299972619375,2.83793849960429
"TER-NFBF-T-02",2024-10-18,1.48360606514052,1.76263554314867,1.96331850834687
"TER-NFBF-T-02",2024-10-19,0.531183393096442,0.63381465310669,0.686304956089946
"TER-NFBF-T-02",2024-10-20,1.00879286450602,1.13890361720181,1.2006565233057
"TER-NFBF-T-02",2024-10-21,1.20216441278318,1.51262800392591,2.15426355148932
"TER-NFBF-T-02",2024-10-22,1.54579841946587,1.94302916057392,1.88421647883953
"TER-NFBF-T-02",2024-10-23,1.37260991217989,1.57884566161117,1.76109320462102
"TER-NFBF-T-02",2024-10-24,0.895843865795853,1.09014026487487,1.58970875101179
"TER-NFBF-T-02",2024-10-25,0.959081308608263,1.55106321645808,2.12601212043391
"TER-NFBF-T-02",2024-10-26,0.924456361986541,1.24818709114169,1.40586246673077
"TER-NFBF-T-02",2024-10-27,NA,1.14840784554536,1.13172306747246
"TER-NFBF-T-02",2024-10-28,NA,1.15450441089786,1.3006060460249
"TER-NFBF-T-02",2024-10-29,NA,1.11234834497998,1.26816511291834
"TER-NFBF-T-02",2024-10-30,NA,0.706786460997433,0.840279025431261
"TER-NFBF-T-02",2024-10-31,NA,0.667232549687378,0.764947663266077
"TER-NFBF-T-02",2024-11-01,NA,1.09345881217037,1.15136182756378
"TER-NFBF-T-02",2024-11-02,NA,0.691236552140071,0.8030738049718
"TER-NFBF-T-02",2024-11-03,NA,0.537961126767579,0.537961126767579
"TER-NFBF-T-02",2024-11-04,NA,1.58799846676084,1.61962600800219
"TER-NFBF-T-02",2024-11-05,NA,1.89571886101289,1.93742695046956
"TER-NFBF-T-02",2024-11-06,NA,1.54403949788031,1.62632331848003
"TER-NFBF-T-02",2024-11-07,NA,2.1328180990132,2.24324670892469
"TER-NFBF-T-02",2024-11-08,NA,0.999093792292346,1.02128613146309
"TER-NFBF-T-02",2024-11-09,NA,0.355469683168866,0.403225222065963
"TER-NFBF-T-02",2024-11-10,NA,0.832970935693524,0.779027636204913
"TER-NFBF-T-02",2024-11-11,NA,0.630949939446036,0.619724108789139
"TER-NFBF-T-02",2024-11-12,NA,0.384834803632619,0.323449478616663
"TER-NFBF-T-02",2024-11-13,NA,1.14208048144032,1.13252315457662
"TER-NFBF-T-02",2024-11-14,NA,0.583592075121765,0.598533836656866
"TER-NFBF-T-02",2024-11-15,NA,0.510753918455249,0.529902917003931
"TER-NFBF-T-02",2024-11-16,NA,0.6412736421045,0.729490093902206
"TER-NFBF-T-02",2024-11-17,NA,0.448427203146441,0.448427203146441
"TER-NFBF-T-02",2024-11-18,NA,0.361157559257308,0.28232985128664
"TER-NFBF-T-02",2024-11-19,NA,0.744241175652242,0.765835245459757
"TER-NFBF-T-02",2024-11-20,NA,0.955296069137806,0.880546602310508
"TER-NFBF-T-02",2024-11-21,NA,0.567460015829501,0.629872312802192
"TER-NFBF-T-02",2024-11-22,NA,0.639505583481761,0.670280062599836
"TER-NFBF-T-02",2024-11-23,NA,1.12207752451178,1.17876747224514
"TER-NFBF-T-02",2024-11-24,NA,0.779027636204913,0.783664746420693
"TER-NFBF-T-02",2024-11-25,NA,2.20660651654086,2.26014219765553
"TER-NFBF-T-02",2024-11-26,NA,1.33903896967894,1.33903896967894
"TER-NFBF-T-02",2024-11-27,NA,1.94477654168839,1.98317195787273
"TER-NFBF-T-02",2024-11-28,NA,0.896601877945966,1.06300606021695
"TER-NFBF-T-02",2024-11-29,NA,1.20385853085769,1.28800908044328
"TER-NFBF-T-02",2024-11-30,NA,0.904898104600814,1.03187426208508
"TER-NFBF-T-02",2024-12-01,NA,1.72248030635973,1.88517769123662
"TER-NFBF-T-02",2024-12-02,NA,0.675328690771916,0.832970935693524
"TER-NFBF-T-02",2024-12-03,NA,1.24945640354029,1.32629482808857
"TER-NFBF-T-02",2024-12-04,NA,1.10990272455338,1.20216441278318
"TER-NFBF-T-02",2024-12-05,NA,0.575779245136914,0.588229965875271
"TER-NFBF-T-02",2024-12-06,NA,0.541318171059166,0.62227667549858
"TER-NFBF-T-02",2024-12-07,NA,0.772899209732936,0.811768064969513
"TER-NFBF-T-02",2024-12-08,NA,0.688610762774367,0.722001545624424
"TER-NFBF-T-02",2024-12-09,NA,0.589767824619589,0.675328690771916
"TER-NFBF-T-02",2024-12-10,NA,0.842700971600384,0.779899194526567
"TER-NFBF-T-02",2024-12-11,NA,0.987007995210118,1.03712779249763
"TER-NFBF-T-02",2024-12-12,NA,1.07001286732071,1.09656082921738
"TER-NFBF-T-02",2024-12-13,NA,0.80729239714787,0.800531978921119
"TER-NFBF-T-02",2024-12-14,NA,0.862881925521276,1.0215078369105
"TER-NFBF-T-02",2024-12-15,NA,1.48162048965392,1.48360606514052
"TER-NFBF-T-02",2024-12-16,NA,1.3254408618497,1.36582910001024
"TER-NFBF-T-02",2024-12-17,NA,1.40586246673077,1.42171946314456
"TER-NFBF-T-02",2024-12-18,NA,NA,NA
"TER-NFBF-T-02",2024-12-19,NA,NA,NA
"TER-NFBF-T-02",2024-12-20,NA,NA,NA
"TER-NFBF-T-02",2024-12-21,NA,NA,NA
"TER-NFBF-T-02",2024-12-22,NA,NA,NA
"TER-NFBF-T-02",2024-12-23,NA,NA,NA
"TER-NFBF-T-02",2024-12-24,NA,NA,NA
"TER-NFBF-T-02",2024-12-25,NA,NA,NA
"TER-NFBF-T-02",2024-12-26,NA,NA,NA
"TER-NFBF-T-02",2024-12-27,NA,NA,NA
"TER-NFBF-T-02",2024-12-28,NA,NA,NA
"TER-NFBF-T-02",2024-12-29,NA,NA,NA
"TER-NFBF-T-02",2024-12-30,NA,NA,NA
"TER-NFBF-T-02",2024-12-31,NA,NA,NA
"TER-NFBF-T-02",2025-01-01,NA,NA,NA
"TER-NFBF-T-02",2025-01-02,NA,NA,NA
"TER-NFBF-T-02",2025-01-03,NA,NA,NA
"TER-NFBF-T-02",2025-01-04,NA,NA,NA
"TER-NFBF-T-02",2025-01-05,NA,NA,NA
"TER-NFBF-T-02",2025-01-06,NA,NA,NA
"TER-NFBF-T-02",2025-01-07,NA,NA,NA
"TER-NFBF-T-02",2025-01-08,NA,NA,NA
"TER-NFBF-T-02",2025-01-09,NA,NA,NA
"TER-NFBF-T-02",2025-01-10,NA,NA,NA
"TER-NFBF-T-02",2025-01-11,NA,NA,NA
"TER-NFBF-T-02",2025-01-12,NA,NA,NA
"TER-NFBF-T-02",2025-01-13,NA,NA,NA
"TER-NFBF-T-02",2025-01-14,NA,NA,NA
"TER-NFBF-T-02",2025-01-15,NA,NA,NA
"TER-NFBF-T-02",2025-01-16,NA,NA,NA
"TER-NFBF-T-02",2025-01-17,NA,NA,NA
"TER-NFBF-T-02",2025-01-18,NA,NA,NA
"TER-NFBF-T-02",2025-01-19,NA,NA,NA
"TER-NFBF-T-02",2025-01-20,NA,NA,NA
"TER-NFBF-T-02",2025-01-21,NA,NA,NA
"TER-NFBF-T-02",2025-01-22,NA,NA,NA
"TER-NFBF-T-02",2025-01-23,NA,NA,NA
"TER-NFBF-T-02",2025-01-24,NA,NA,NA
"TER-NFBF-T-02",2025-01-25,NA,NA,NA
"TER-NFBF-T-02",2025-01-26,NA,NA,NA
"TER-NFBF-T-02",2025-01-27,NA,NA,NA
"TER-NFBF-T-02",2025-01-28,NA,NA,NA
"TER-NFBF-T-02",2025-01-29,NA,NA,NA
"TER-NFBF-T-02",2025-01-30,NA,NA,NA
"TER-NFBF-T-02",2025-01-31,NA,NA,NA
"TER-NFBF-T-02",2025-02-01,NA,NA,NA
"TER-NFBF-T-02",2025-02-02,NA,NA,NA
"TER-NFBF-T-02",2025-02-03,NA,NA,NA
"TER-NFBF-T-02",2025-02-04,NA,NA,NA
"TER-NFBF-T-02",2025-02-05,NA,NA,NA
"TER-NFBF-T-02",2025-02-06,NA,NA,NA
"TER-NFBF-T-02",2025-02-07,NA,NA,NA
"TER-NFBF-T-02",2025-02-08,NA,NA,NA
"TER-NFBF-T-02",2025-02-09,NA,NA,NA
"TER-NFBF-T-02",2025-02-10,NA,NA,NA
"TER-NFBF-T-02",2025-02-11,NA,NA,NA
"TER-NFBF-T-02",2025-02-12,NA,NA,NA
"TER-NFBF-T-02",2025-02-13,NA,NA,NA
"TER-NFBF-T-02",2025-02-14,NA,NA,NA
"TER-NFBF-T-02",2025-02-15,NA,NA,NA
"TER-NFBF-T-02",2025-02-16,NA,NA,NA
"TER-NFBF-T-02",2025-02-17,NA,NA,NA
"TER-NFBF-T-02",2025-02-18,NA,NA,NA
"TER-NFBF-T-02",2025-02-19,NA,NA,NA
"TER-NFBF-T-02",2025-02-20,NA,NA,NA
"TER-NFBF-T-02",2025-02-21,NA,NA,NA
"TER-NFBF-T-02",2025-02-22,NA,NA,NA
"TER-NFBF-T-02",2025-02-23,NA,NA,NA
"TER-NFBF-T-02",2025-02-24,NA,NA,NA
"TER-NFBF-T-02",2025-02-25,NA,NA,NA
"TER-NFBF-T-02",2025-02-26,NA,NA,NA
"TER-NFBF-T-02",2025-02-27,NA,NA,NA
"TER-NFBF-T-02",2025-02-28,NA,NA,NA
"TER-NFBF-T-02",2025-03-01,NA,NA,NA
"TER-NFBF-T-02",2025-03-02,NA,NA,NA
"TER-NFBF-T-02",2025-03-03,NA,NA,NA
"TER-NFBF-T-02",2025-03-04,NA,NA,NA
"TER-NFBF-T-02",2025-03-05,NA,NA,NA
"TER-NFBF-T-02",2025-03-06,NA,NA,NA
"TER-NFBF-T-02",2025-03-07,NA,NA,NA
"TER-NFBF-T-02",2025-03-08,NA,NA,NA
"TER-NFBF-T-02",2025-03-09,NA,NA,NA
"TER-NFBF-T-02",2025-03-10,NA,NA,NA
"TER-NFBF-T-02",2025-03-11,NA,NA,NA
"TER-NFBF-T-02",2025-03-12,NA,NA,NA
"TER-NFBF-T-02",2025-03-13,NA,NA,NA
"TER-NFBF-T-02",2025-03-14,NA,NA,NA
"TER-NFBF-T-02",2025-03-15,NA,NA,NA
"TER-NFBF-T-02",2025-03-16,NA,NA,NA
"TER-NFBF-T-02",2025-03-17,NA,NA,NA
"TER-NFBF-T-02",2025-03-18,NA,NA,NA
"TER-NFBF-T-02",2025-03-19,NA,NA,NA
"TER-NFBF-T-02",2025-03-20,NA,NA,NA
"TER-NFBF-T-02",2025-03-21,NA,NA,NA
"TER-NFBF-T-02",2025-03-22,NA,NA,NA
"TER-NFBF-T-02",2025-03-23,NA,NA,NA
"TER-NFBF-T-02",2025-03-24,NA,NA,NA
"TER-NFBF-T-02",2025-03-25,NA,NA,NA
"TER-NFBF-T-02",2025-03-26,NA,NA,NA
"TER-NFBF-T-02",2025-03-27,NA,NA,NA
"TER-NFBF-T-02",2025-03-28,NA,NA,NA
"TER-NFBF-T-02",2025-03-29,NA,NA,NA
"TER-NFBF-T-02",2025-03-30,NA,NA,NA
"TER-NFBF-T-02",2025-03-31,NA,NA,NA
"TER-NFBF-T-02",2025-04-01,NA,NA,NA
"TER-NFBF-T-02",2025-04-02,NA,NA,NA
"TER-NFBF-T-02",2025-04-03,NA,NA,NA
"TER-NFBF-T-02",2025-04-04,NA,NA,NA
"TER-NFBF-T-02",2025-04-05,NA,NA,NA
"TER-NFBF-T-02",2025-04-06,NA,NA,NA
"TER-NFBF-T-02",2025-04-07,NA,NA,NA
"TER-NFBF-T-02",2025-04-08,NA,NA,NA
"TER-NFBF-T-02",2025-04-09,NA,NA,NA
"TER-NFBF-T-02",2025-04-10,NA,NA,NA
"TER-NFBF-T-02",2025-04-11,NA,NA,NA
"TER-NFBF-T-02",2025-04-12,NA,NA,NA
"TER-NFBF-T-02",2025-04-13,NA,NA,NA
"TER-NFBF-T-02",2025-04-14,NA,NA,NA
"TER-NFBF-T-02",2025-04-15,NA,NA,NA
"TER-NFBF-T-02",2025-04-16,NA,NA,NA
"TER-NFBF-T-02",2025-04-17,NA,NA,NA
"TER-NFBF-T-02",2025-04-18,NA,NA,NA
"TER-NFBF-T-02",2025-04-19,NA,NA,NA
"TER-NFBF-T-02",2025-04-20,NA,NA,NA
"TER-NFBF-T-02",2025-04-21,NA,NA,NA
"TER-NFBF-T-02",2025-04-22,NA,NA,NA
"TER-NFBF-T-02",2025-04-23,NA,NA,NA
"TER-NFBF-T-02",2025-04-24,NA,NA,NA
"TER-NFBF-T-02",2025-04-25,NA,NA,NA
"TER-NFBF-T-02",2025-04-26,NA,NA,NA
"TER-NFBF-T-02",2025-04-27,NA,NA,NA
"TER-NFBF-T-02",2025-04-28,NA,NA,NA
"TER-NFBF-T-02",2025-04-29,NA,NA,NA
"TER-NFBF-T-02",2025-04-30,NA,NA,NA
"TER-NFBF-T-02",2025-05-01,NA,NA,NA
"TER-NFBF-T-02",2025-05-02,NA,NA,NA
"TER-NFBF-T-02",2025-05-03,NA,NA,NA
"TER-NFBF-T-02",2025-05-04,NA,NA,NA
"TER-NFBF-T-02",2025-05-05,NA,NA,NA
"TER-NFBF-T-02",2025-05-06,NA,NA,NA
"TER-NFBF-T-02",2025-05-07,NA,NA,NA
"TER-NFBF-T-02",2025-05-08,NA,NA,NA
"TER-NFBF-T-02",2025-05-09,NA,NA,NA
"TER-NFBF-T-02",2025-05-10,NA,NA,NA
"TER-NFBF-T-02",2025-05-11,NA,NA,NA
"TER-NFBF-T-02",2025-05-12,NA,NA,NA
"TER-NFBF-T-02",2025-05-13,NA,NA,NA
"TER-NFBF-T-02",2025-05-14,NA,NA,NA
"TER-NFBF-T-02",2025-05-15,NA,NA,NA
"TER-NFBF-T-02",2025-05-16,NA,NA,NA
"TER-NFBF-T-02",2025-05-17,NA,NA,NA
"TER-NFBF-T-02",2025-05-18,NA,NA,NA
"TER-NFBF-T-02",2025-05-19,NA,NA,NA
"TER-NFBF-T-02",2025-05-20,NA,NA,NA
"TER-NFBF-T-02",2025-05-21,NA,NA,NA
"TER-NFBF-T-02",2025-05-22,NA,NA,NA
"TER-NFBF-T-02",2025-05-23,NA,NA,NA
"TER-NFBF-T-02",2025-05-24,NA,NA,NA
"TER-NFBF-T-02",2025-05-25,NA,NA,NA
"TER-NFBF-T-02",2025-05-26,NA,NA,NA
"TER-NFBF-T-02",2025-05-27,NA,NA,NA
"TER-NFBF-T-02",2025-05-28,NA,NA,NA
"TER-NFBF-T-02",2025-05-29,NA,NA,NA
"TER-NFBF-T-02",2025-05-30,NA,NA,NA
"TER-NFBF-T-02",2025-05-31,NA,NA,NA
"TER-NFBF-T-02",2025-06-01,NA,NA,NA
"TER-NFBF-T-02",2025-06-02,NA,NA,NA
"TER-NFBF-T-02",2025-06-03,NA,NA,NA
"TER-NFBF-T-02",2025-06-04,NA,NA,NA
"TER-NFBF-T-02",2025-06-05,NA,NA,NA
"TER-NFBF-T-02",2025-06-06,NA,NA,NA
"TER-NFBF-T-02",2025-06-07,NA,NA,NA
"TER-NFBF-T-02",2025-06-08,NA,NA,NA
"TER-NFBF-T-02",2025-06-09,NA,NA,NA
"TER-NFBF-T-02",2025-06-10,NA,NA,NA
"TER-NFBF-T-02",2025-06-11,NA,NA,NA
"TER-NFBF-T-02",2025-06-12,NA,NA,NA
"TER-NFBF-TP41",2023-08-09,0.588229965875272,0.855502225579229,NA
"TER-NFBF-TP41",2023-08-10,0.604556970379784,1.0215078369105,NA
"TER-NFBF-TP41",2023-08-11,0.736902546011914,1.01951075223023,NA
"TER-NFBF-TP41",2023-08-12,0.943849272540569,1.16329741234356,NA
"TER-NFBF-TP41",2023-08-13,1.09159337070015,1.66757221776128,NA
"TER-NFBF-TP41",2023-08-14,1.9752774525349,3.02405812381837,NA
"TER-NFBF-TP41",2023-08-15,1.64790160815048,2.63752189358315,NA
"TER-NFBF-TP41",2023-08-16,2.44199001173045,3.56817657326134,NA
"TER-NFBF-TP41",2023-08-17,0.98884173203526,1.26548381078634,NA
"TER-NFBF-TP41",2023-08-18,1.3006060460249,2.06769492886175,NA
"TER-NFBF-TP41",2023-08-19,2.14161238864282,3.06976548695947,NA
"TER-NFBF-TP41",2023-08-20,1.95592281493187,2.35753494449027,NA
"TER-NFBF-TP41",2023-08-21,0.996370223957142,NA,NA
"TER-NFBF-TP41",2023-08-22,1.59653156670273,NA,NA
"TER-NFBF-TP41",2023-08-23,0.710939366337732,NA,NA
"TER-NFBF-TP41",2023-08-24,0.825049405635281,NA,NA
"TER-NFBF-TP41",2023-08-25,0.545070132437435,NA,NA
"TER-NFBF-TP41",2023-08-26,0.489009646921826,NA,NA
"TER-NFBF-TP41",2023-08-27,0.670280062599837,NA,NA
"TER-NFBF-TP41",2023-08-28,0.607546145441299,NA,NA
"TER-NFBF-TP41",2023-08-29,1.10314931255796,NA,NA
"TER-NFBF-TP41",2023-08-30,1.83255088704876,NA,NA
"TER-NFBF-TP41",2023-08-31,1.85331665095192,NA,NA
"TER-NFBF-TP41",2023-09-01,2.18183791026434,NA,NA
"TER-NFBF-TP41",2023-09-02,1.71259189957583,NA,NA
"TER-NFBF-TP41",2023-09-03,1.88517769123662,NA,NA
"TER-NFBF-TP41",2023-09-04,0.699054744803212,NA,NA
"TER-NFBF-TP41",2023-09-05,0.890519714727777,NA,NA
"TER-NFBF-TP41",2023-09-06,0.464305621487536,NA,NA
"TER-NFBF-TP41",2023-09-07,0.434057366141216,NA,NA
"TER-NFBF-TP41",2023-09-08,0.499546896146173,NA,NA
"TER-NFBF-TP41",2023-09-09,1.36732045161012,NA,NA
"TER-NFBF-TP41",2023-09-10,1.55281418207652,NA,NA
"TER-NFBF-TP41",2023-09-11,1.825617822761,NA,NA
"TER-NFBF-TP41",2023-09-12,1.63299316185545,NA,NA
"TER-NFBF-TP41",2023-09-13,0.779899194526567,NA,NA
"TER-NFBF-TP41",2023-09-14,0.637022057270606,NA,NA
"TER-NFBF-TP41",2023-09-15,1.28519298725629,NA,NA
"TER-NFBF-TP41",2023-09-16,1.25036226634582,NA,NA
"TER-NFBF-TP41",2023-09-17,0.96096833710978,NA,NA
"TER-NFBF-TP41",2023-09-18,1.93075321338966,NA,NA
"TER-NFBF-TP41",2023-09-19,1.63728632857516,NA,NA
"TER-NFBF-TP41",2023-09-20,1.31049277157405,NA,NA
"TER-NFBF-TP41",2023-09-21,1.13232318580052,NA,NA
"TER-NFBF-TP41",2023-09-22,2.17528941935803,NA,NA
"TER-NFBF-TP41",2023-09-23,1.11234834497998,NA,NA
"TER-NFBF-TP41",2023-09-24,1.16950999276979,NA,NA
"TER-NFBF-TP41",2023-09-25,1.52143501101875,NA,NA
"TER-NFBF-TP41",2023-09-26,0.975933221165215,NA,NA
"TER-NFBF-TP41",2023-09-27,2.00531449700142,NA,NA
"TER-NFBF-TP41",2023-09-28,0.72700248190474,NA,NA
"TER-NFBF-TP41",2023-09-29,0.769669607265238,NA,NA
"TER-NFBF-TP41",2023-09-30,0.746974574194298,NA,NA
"TER-NFBF-TP41",2023-10-01,1.02857717964806,NA,NA
"TER-NFBF-TP41",2023-10-02,0.765835245459757,NA,NA
"TER-NFBF-TP41",2023-10-03,1.80729199296242,NA,NA
"TER-NFBF-TP41",2023-10-04,0.536696821549066,NA,NA
"TER-NFBF-TP41",2023-10-05,0.594357526717057,NA,NA
"TER-NFBF-TP41",2023-10-06,1.32424438394346,NA,NA
"TER-NFBF-TP41",2023-10-07,0.732278556328103,NA,NA
"TER-NFBF-TP41",2023-10-08,0.62227667549858,NA,NA
"TER-NFBF-TP41",2023-10-09,0.813996670576818,NA,NA
"TER-NFBF-TP41",2023-10-10,0.275016468545094,NA,NA
"TER-NFBF-TP41",2023-10-11,0.607918758874329,NA,NA
"TER-NFBF-TP41",2023-10-12,1.11295891039691,NA,NA
"TER-NFBF-TP41",2023-10-13,0.769669607265238,NA,NA
"TER-NFBF-TP41",2023-10-14,0.650738153889517,NA,NA
"TER-NFBF-TP41",2023-10-15,0.994322651975647,NA,NA
"TER-NFBF-TP41",2023-10-16,0.842700971600384,NA,NA
"TER-NFBF-TP41",2023-10-17,0.6412736421045,NA,NA
"TER-NFBF-TP41",2023-10-18,0.820646175234818,NA,NA
"TER-NFBF-TP41",2023-10-19,1.18394299461281,NA,NA
"TER-NFBF-TP41",2023-10-20,1.57884566161117,NA,NA
"TER-NFBF-TP41",2023-10-21,0.481543412343077,NA,NA
"TER-NFBF-TP41",2023-10-22,0.458415671128542,NA,NA
"TER-NFBF-TP41",2023-10-23,2.00531449700142,NA,NA
"TER-NFBF-TP41",2023-10-24,0.701964118163034,NA,NA
"TER-NFBF-TP41",2023-10-25,1.21565125386128,NA,NA
"TER-NFBF-TP41",2023-10-26,0.859726953621095,NA,NA
"TER-NFBF-TP41",2023-10-27,0.930316682874591,NA,NA
"TER-NFBF-TP41",2023-10-28,1.03472323541759,NA,NA
"TER-NFBF-TP41",2023-10-29,0.650738153889517,NA,NA
"TER-NFBF-TP41",2023-10-30,1.89965671956117,NA,NA
"TER-NFBF-TP41",2023-10-31,0.920528754795741,NA,NA
"TER-NFBF-TP41",2023-11-01,1.60826105567113,NA,NA
"TER-NFBF-TP41",2023-11-02,1.03011713137285,NA,NA
"TER-NFBF-TP41",2023-11-03,1.68701348327559,NA,NA
"TER-NFBF-TP41",2023-11-04,0.769669607265238,NA,NA
"TER-NFBF-TP41",2023-11-05,0.883627241233132,NA,NA
"TER-NFBF-TP41",2023-11-06,1.20667677552015,NA,NA
"TER-NFBF-TP41",2023-11-07,1.67448348081915,NA,NA
"TER-NFBF-TP41",2023-11-08,0.79285760916182,NA,NA
"TER-NFBF-TP41",2023-11-09,0.594357526717057,NA,NA
"TER-NFBF-TP41",2023-11-10,0.268348410774533,NA,NA
"TER-NFBF-TP41",2023-11-11,0.84698955385992,NA,NA
"TER-NFBF-TP41",2023-11-12,0.517361617708795,NA,NA
"TER-NFBF-TP41",2023-11-13,0.858672720295521,NA,NA
"TER-NFBF-TP41",2023-11-14,2.16024689946929,NA,NA
"TER-NFBF-TP41",2023-11-15,0.375301810914046,NA,NA
"TER-NFBF-TP41",2023-11-16,0.306186217847897,NA,NA
"TER-NFBF-TP41",2023-11-17,1.37771471142866,NA,NA
"TER-NFBF-TP41",2023-11-18,0.820646175234818,NA,NA
"TER-NFBF-TP41",2023-11-19,0.499546896146173,NA,NA
"TER-NFBF-TP41",2023-11-20,0.902643059439124,NA,NA
"TER-NFBF-TP41",2023-11-21,0.541318171059166,NA,NA
"TER-NFBF-TP41",2023-11-22,0.824225591744734,NA,NA
"TER-NFBF-TP41",2023-11-23,0.472044581534967,NA,NA
"TER-NFBF-TP41",2023-11-24,0.931532942621143,NA,NA
"TER-NFBF-TP41",2023-11-25,0.464305621487537,NA,NA
"TER-NFBF-TP41",2023-11-26,0.550032937090187,NA,NA
"TER-NFBF-TP41",2023-11-27,0.589383736122568,NA,NA
"TER-NFBF-TP41",2023-11-28,0.508977377704052,NA,NA
"TER-NFBF-TP41",2023-11-29,0.98333026282989,NA,NA
"TER-NFBF-TP41",2023-11-30,0.789422830805584,NA,NA
"TER-NFBF-TP41",2023-12-01,1.48528409423238,NA,NA
"TER-NFBF-TP41",2023-12-02,1.64129235046964,NA,NA
"TER-NFBF-TP41",2023-12-03,0.911878138311493,NA,NA
"TER-NFBF-TP41",2023-12-04,1.09656082921738,NA,NA
"TER-NFBF-TP41",2023-12-05,1.62799334115364,NA,NA
"TER-NFBF-TP41",2023-12-06,1.31308216902397,NA,NA
"TER-NFBF-TP41",2023-12-07,0.78683690739605,NA,NA
"TER-NFBF-TP41",2023-12-08,NA,NA,NA
"TER-NFBF-TP41",2023-12-09,0.920528754795741,0.965904247062178,1.0494995356656
"TER-NFBF-TP41",2023-12-10,0.880546602310508,0.859463516521722,0.825049405635281
"TER-NFBF-TP41",2023-12-11,0.779027636204913,0.931532942621143,0.916831342257085
"TER-NFBF-TP41",2023-12-12,0.571040240720161,0.691236552140071,0.664511916338994
"TER-NFBF-TP41",2023-12-13,0.928611242975073,1.1818371844018,1.15607249910566
"TER-NFBF-TP41",2023-12-14,1.37508234272547,1.52989532653215,1.56718500521786
"TER-NFBF-TP41",2023-12-15,1.18394299461281,1.2006565233057,1.18394299461281
"TER-NFBF-TP41",2023-12-16,0.251805077592668,0.251805077592668,0.168915981173044
"TER-NFBF-TP41",2023-12-17,0.294883912309794,0.294883912309794,0.22421360157322
"TER-NFBF-TP41",2023-12-18,1.87662972651367,2.02117414577177,2.03056356851912
"TER-NFBF-TP41",2023-12-19,0.978019293843651,1.14840784554536,1.14840784554536
"TER-NFBF-TP41",2023-12-20,0.84698955385992,0.916831342257085,0.966607319517563
"TER-NFBF-TP41",2023-12-21,0.775531608229038,0.789422830805584,0.869938778455628
"TER-NFBF-TP41",2023-12-22,0.991814323436556,1.23064729050333,1.18795281221855
"TER-NFBF-TP41",2023-12-23,0.918558653543692,1.21285386290089,1.11316235778192
"TER-NFBF-TP41",2023-12-24,0.97034843584999,1.12530189186106,1.02857717964806
"TER-NFBF-TP41",2023-12-25,0.570643547208776,0.639505583481761,0.547970564109455
"TER-NFBF-TP41",2023-12-26,2.21070763803574,2.38873791793485,2.41813423705257
"TER-NFBF-TP41",2023-12-27,0.71189428868398,0.965904247062178,0.858672720295521
"TER-NFBF-TP41",2023-12-28,1.62130292925344,2.03368374267421,1.94477654168839
"TER-NFBF-TP41",2023-12-29,0.9006338347785,1.1210680078661,0.92641392132415
"TER-NFBF-TP41",2023-12-30,1.25524262912435,1.70344386889993,1.58799846676084
"TER-NFBF-TP41",2023-12-31,1.53919209939519,1.81167209977453,1.73714220588824
"TER-NFBF-TP41",2024-01-01,0.872278375988647,0.846722153836252,0.810930758851934
"TER-NFBF-TP41",2024-01-02,1.19099885007063,1.15783405984836,1.07823493715894
"TER-NFBF-TP41",2024-01-03,1.3254408618497,1.64060235491618,1.6061476099436
"TER-NFBF-TP41",2024-01-04,0.740886660345738,0.931532942621143,0.899879218948661
"TER-NFBF-TP41",2024-01-05,0.813996670576818,0.8198179366636,0.859463516521722
"TER-NFBF-TP41",2024-01-06,1.10150588622635,1.20667677552015,1.27688479613812
"TER-NFBF-TP41",2024-01-07,0.884395724266829,0.965904247062178,0.920774721067277
"TER-NFBF-TP41",2024-01-08,0.838120308890026,1.03909101859632,1.01349588703826
"TER-NFBF-TP41",2024-01-09,0.520851448960313,0.495907161718278,0.576957914221314
"TER-NFBF-TP41",2024-01-10,1.18241186821131,1.22400506771708,1.23064729050333
"TER-NFBF-TP41",2024-01-11,0.28232985128664,0.414851116999053,0.360530004379623
"TER-NFBF-TP41",2024-01-12,0.360530004379623,0.42349477692996,0.416485467846762
"TER-NFBF-TP41",2024-01-13,0.461860603852834,0.510310363079829,0.561038762255892
"TER-NFBF-TP41",2024-01-14,0.639505583481761,1.16543672227332,1.23340432619805
"TER-NFBF-TP41",2024-01-15,0.656282349099174,0.83378610888064,0.736902546011914
"TER-NFBF-TP41",2024-01-16,0.884395724266829,0.992499041725526,0.98815447950324
"TER-NFBF-TP41",2024-01-17,0.358640751178386,0.625543242171224,0.481543412343077
"TER-NFBF-TP41",2024-01-18,0.375301810914046,0.41702882811415,0.441813620616566
"TER-NFBF-TP41",2024-01-19,1.89667424414574,1.91378958605959,1.99080767965952
"TER-NFBF-TP41",2024-01-20,1.35918107270731,1.61500549646841,1.53919209939519
"TER-NFBF-TP41",2024-01-21,0.764947663266077,0.775531608229039,0.751809411556112
"TER-NFBF-TP41",2024-01-22,0.453948059341275,0.414851116999054,0.414851116999054
"TER-NFBF-TP41",2024-01-23,0.291796037560882,0.28232985128664,0.358640751178386
"TER-NFBF-TP41",2024-01-24,0.306186217847897,0.329690236697893,0.275016468545094
"TER-NFBF-TP41",2024-01-25,0.699054744803213,1.02857717964806,0.810930758851934
"TER-NFBF-TP41",2024-01-26,0.650738153889516,0.663488802697037,0.686304956089946
"TER-NFBF-TP41",2024-01-27,1.6168272742574,1.82176853077172,1.84142647131928
"TER-NFBF-TP41",2024-01-28,1.00991461828804,1.55674665406017,1.17028424640824
"TER-NFBF-TP41",2024-01-29,1.94302916057392,1.90810153012762,1.89667424414574
"TER-NFBF-TP41",2024-01-30,0.650738153889517,0.919790461329983,0.78683690739605
"TER-NFBF-TP41",2024-01-31,1.34864397811659,1.58285652622362,1.52515145363395
"TER-NFBF-TP41",2024-02-01,0.92641392132415,0.943129234847053,0.96096833710978
"TER-NFBF-TP41",2024-02-02,0.769669607265238,0.907896118682551,0.871239330502528
"TER-NFBF-TP41",2024-02-03,0.878229031565262,1.33903896967894,1.23944821757828
"TER-NFBF-TP41",2024-02-04,0.935414346693485,1.01058707288588,1.08347267777192
"TER-NFBF-TP41",2024-02-05,0.96096833710978,0.96096833710978,0.920528754795741
"TER-NFBF-TP41",2024-02-06,0.607918758874329,0.63381465310669,0.642332141271278
"TER-NFBF-TP41",2024-02-07,1.03011713137285,1.10150588622635,1.08347267777192
"TER-NFBF-TP41",2024-02-08,0.923721207705668,1.16076405371884,1.12268279877562
"TER-NFBF-TP41",2024-02-09,0.624093545570845,0.74180303257026,0.663488802697037
"TER-NFBF-TP41",2024-02-10,1.88805839230507,1.93180849412436,1.97252413148112
"TER-NFBF-TP41",2024-02-11,0.619724108789139,0.63381465310669,0.529902917003931
"TER-NFBF-TP41",2024-02-12,0.375301810914046,0.345126525843175,0.375301810914046
"TER-NFBF-TP41",2024-02-13,0.756314001962953,0.775531608229038,0.779027636204913
"TER-NFBF-TP41",2024-02-14,0.863668867705371,1.49622108534531,1.17876747224514
"TER-NFBF-TP41",2024-02-15,1.77339435440397,1.63465637039574,1.67123468199976
"TER-NFBF-TP41",2024-02-16,0.701964118163034,0.683328914796602,0.647948266856035
"TER-NFBF-TP41",2024-02-17,1.282547284209,1.31807391317016,1.35333725993576
"TER-NFBF-TP41",2024-02-18,2.10933054837757,3.22692477108793,2.52774459817901
"TER-NFBF-TP41",2024-02-19,0.883627241233132,1.30477800877157,1.25036226634582
"TER-NFBF-TP41",2024-02-20,0.414851116999053,0.675663924692176,0.556581178890961
"TER-NFBF-TP41",2024-02-21,0.92641392132415,1.21117232704397,1.05980583400786
"TER-NFBF-TP41",2024-02-22,1.16076405371884,1.29099444873581,1.16388125047936
"TER-NFBF-TP41",2024-02-23,1.61962600800219,2.20301177245271,2.1710170928372
"TER-NFBF-TP41",2024-02-24,1.54638428206772,1.83452695004319,1.78103942945555
"TER-NFBF-TP41",2024-02-25,0.624093545570845,0.744241175652242,0.629872312802192
"TER-NFBF-TP41",2024-02-26,1.17645993175054,1.52143501101875,1.39859530979469
"TER-NFBF-TP41",2024-02-27,1.74650271661124,2.51291951577316,2.39980373593644
"TER-NFBF-TP41",2024-02-28,1.26673579140142,1.84633891561228,1.69183889321049
"TER-NFBF-TP41",2024-02-29,0.965904247062178,1.47057491468818,1.38312814961625
"TER-NFBF-TP41",2024-03-01,1.52455743162363,2.12601212043391,1.8226384363239
"TER-NFBF-TP41",2024-03-02,1.39616451835693,1.76468989762581,1.58742796253307
"TER-NFBF-TP41",2024-03-03,1.48909076430815,1.68096224168511,1.718268213107
"TER-NFBF-TP41",2024-03-04,1.17009073102926,1.59695702482266,1.45944574549997
"TER-NFBF-TP41",2024-03-05,1.2150922908826,1.49091451363132,1.44447347611107
"TER-NFBF-TP41",2024-03-06,0.312046772785422,0.318511028635303,0.339836917410076
"TER-NFBF-TP41",2024-03-07,1.95869947240214,2.05186376924401,1.99818758458469
"TER-NFBF-TP41",2024-03-08,1.17472630176479,1.43314162856859,1.3185892219459
"TER-NFBF-TP41",2024-03-09,1.28748153215966,1.31308216902397,1.26834366485346
"TER-NFBF-TP41",2024-03-10,1.10990272455338,1.58285652622362,1.42807638938295
"TER-NFBF-TP41",2024-03-11,0.624093545570845,0.639505583481761,0.663488802697037
"TER-NFBF-TP41",2024-03-12,NA,NA,1.57424930349841
"TER-NFBF-TP41",2024-03-13,1.6874161278137,NA,1.05980583400786
"TER-NFBF-TP41",2024-03-14,0.606426931450447,NA,0.726067430094119
"TER-NFBF-TP41",2024-03-15,2.43604796959028,NA,1.22178296893859
"TER-NFBF-TP41",2024-03-16,1.87554339951873,NA,1.64625178133122
"TER-NFBF-TP41",2024-03-17,0.805045232323598,NA,1.50542497249982
"TER-NFBF-TP41",2024-03-18,1.28941482064933,NA,0.667232549687378
"TER-NFBF-TP41",2024-03-19,1.40891956755029,NA,1.98625257088879
"TER-NFBF-TP41",2024-03-20,0.912622832709443,NA,3.21652211134225
"TER-NFBF-TP41",2024-03-21,NA,NA,1.50301629100103
"TER-NFBF-TP41",2024-03-22,NA,NA,0.686304956089946
"TER-NFBF-TP41",2024-03-23,NA,NA,0.914605720071991
"TER-NFBF-TP41",2024-03-24,NA,NA,1.4889386843645
"TER-NFBF-TP41",2024-03-25,NA,NA,0.488546350136693
"TER-NFBF-TP41",2024-03-26,NA,NA,0.810930758851934
"TER-NFBF-TP41",2024-03-27,NA,NA,2.07948920706957
"TER-NFBF-TP41",2024-03-28,NA,NA,1.76917548142008
"TER-NFBF-TP41",2024-03-29,NA,NA,1.70663135436747
"TER-NFBF-TP41",2024-03-30,NA,NA,1.47057491468818
"TER-NFBF-TP41",2024-03-31,NA,NA,2.1909522448311
"TER-NFBF-TP41",2024-04-01,NA,NA,1.65160769282978
"TER-NFBF-TP41",2024-04-02,NA,NA,1.01058707288588
"TER-NFBF-TP41",2024-04-03,NA,NA,1.3254408618497
"TER-NFBF-TP41",2024-04-04,NA,NA,1.45711646953739
"TER-NFBF-TP41",2024-04-05,NA,NA,1.2853691738343
"TER-NFBF-TP41",2024-04-06,NA,NA,1.82363210598273
"TER-NFBF-TP41",2024-04-07,NA,NA,0.880546602310508
"TER-NFBF-TP41",2024-04-08,NA,NA,2.02117414577177
"TER-NFBF-TP41",2024-04-09,NA,NA,0.488546350136693
"TER-NFBF-TP41",2024-04-10,NA,NA,0.19034674690672
"TER-NFBF-TP41",2024-04-11,NA,NA,0.56465970257328
"TER-NFBF-TP41",2024-04-12,NA,NA,1.64060235491618
"TER-NFBF-TP41",2024-04-13,NA,NA,0.508977377704052
"TER-NFBF-TP41",2024-04-14,NA,NA,0.329690236697893
"TER-NFBF-TP41",2024-04-15,NA,NA,0.646898957233327
"TER-NFBF-TP41",2024-04-16,NA,NA,0.255376959227625
"TER-NFBF-TP41",2024-04-17,NA,NA,0.441813620616566
"TER-NFBF-TP41",2024-04-18,NA,NA,0.541318171059166
"TER-NFBF-TP41",2024-04-19,NA,NA,0.90864407661692
"TER-NFBF-TP41",2024-04-20,NA,NA,2.43130250772255
"TER-NFBF-TP41",2024-04-21,NA,NA,1.35784756140003
"TER-NFBF-TP41",2024-04-22,NA,NA,1.01595068635316
"TER-NFBF-TP41",2024-04-23,NA,NA,0.41702882811415
"TER-NFBF-TP41",2024-04-24,NA,NA,0.667232549687378
"TER-NFBF-TP41",2024-04-25,NA,NA,1.68096224168511
"TER-NFBF-TP41",2024-04-26,NA,NA,1.14840784554536
"TER-NFBF-TP41",2024-04-27,NA,NA,1.86646608653196
"TER-NFBF-TP41",2024-04-28,NA,NA,2.85702477758072
"TER-NFBF-TP41",2024-04-29,NA,NA,3.2593233048897
"TER-NFBF-TP41",2024-04-30,NA,NA,3.09562278625523
"TER-NFBF-TP41",2024-05-01,NA,NA,0.932504808240314
"TER-NFBF-TP41",2024-05-02,NA,NA,0.658005330140078
"TER-NFBF-TP41",2024-05-03,NA,NA,1.14188218636435
"TER-NFBF-TP41",2024-05-04,NA,NA,1.43897608524709
"TER-NFBF-TP41",2024-05-05,NA,NA,2.95344309018415
"TER-NFBF-TP41",2024-05-06,NA,NA,0.380693493813441
"TER-NFBF-TP41",2024-05-07,NA,NA,0.8030738049718
"TER-NFBF-TP41",2024-05-08,NA,NA,1.03209369308428
"TER-NFBF-TP41",2024-05-09,NA,NA,2.4955576473034
"TER-NFBF-TP41",2024-05-10,NA,NA,2.93868500612389
"TER-NFBF-TP41",2024-05-11,NA,NA,2.90769842743836
"TER-NFBF-TP41",2024-05-12,NA,NA,3.01618520459301
"TER-NFBF-TP41",2024-05-13,NA,NA,1.56037899521099
"TER-NFBF-TP41",2024-05-14,NA,NA,1.84339301997348
"TER-NFBF-TP41",2024-05-15,NA,NA,1.49137010249257
"TER-NFBF-TP41",2024-05-16,NA,NA,0.829702233998107
"TER-NFBF-TP41",2024-05-17,NA,NA,1.10314931255796
"TER-NFBF-TP41",2024-05-18,NA,NA,2.49637418228338
"TER-NFBF-TP41",2024-05-19,NA,NA,2.96713581211515
"TER-NFBF-TP41",2024-05-20,NA,NA,1.43314162856859
"TER-NFBF-TP41",2024-05-21,NA,NA,1.65379997213269
"TER-NFBF-TP41",2024-05-22,NA,NA,1.11783142801107
"TER-NFBF-TP41",2024-05-23,NA,NA,0.453948059341275
"TER-NFBF-TP41",2024-05-24,NA,NA,1.50707870792605
"TER-NFBF-TP41",2024-05-25,NA,NA,2.63442923444612
"TER-NFBF-TP41",2024-05-26,NA,NA,2.74752853369683
"TER-NFBF-TP41",2024-05-27,NA,NA,1.92805376075145
"TER-NFBF-TP41",2024-05-28,NA,NA,1.55805527240983
"TER-NFBF-TP41",2024-05-29,NA,NA,0.441813620616566
"TER-NFBF-TP41",2024-05-30,NA,NA,1.13890361720181
"TER-NFBF-TP41",2024-05-31,NA,NA,0.876163822283402
"TER-NFBF-TP41",2024-06-01,NA,NA,1.71193064162633
"TER-NFBF-TP41",2024-06-02,NA,NA,0.846722153836252
"TER-NFBF-TP41",2024-06-03,NA,NA,1.06236678619288
"TER-NFBF-TP41",2024-06-04,NA,NA,1.7023800474885
"TER-NFBF-TP41",2024-06-05,NA,NA,0.832970935693524
"TER-NFBF-TP41",2024-06-06,NA,NA,1.15607249910566
"TER-NFBF-TP41",2024-06-07,NA,NA,1.20686442450278
"TER-NFBF-TP41",2024-06-08,NA,NA,1.76879144853366
"TER-NFBF-TP41",2024-06-09,NA,NA,1.3790290114761
"TER-NFBF-TP41",2024-06-10,NA,NA,1.5166646759025
"TER-NFBF-TP41",2024-06-11,NA,NA,2.81172493346154
"TER-NFBF-TP41",2024-06-12,NA,NA,4.20381986403739
"TER-NFBF-TP41",2024-06-13,NA,NA,0.606426931450447
"TER-NFBF-TP41",2024-06-14,NA,NA,1.60783858876948
"TER-NFBF-TP41",2024-06-15,NA,NA,3.58716512349075
"TER-NFBF-TP41",2024-06-16,NA,NA,1.84437550799525
"TER-NFBF-TP41",2024-06-17,NA,NA,0.985400676249831
"TER-NFBF-TP41",2024-06-18,NA,NA,1.94663868602087
"TER-NFBF-TP41",2024-06-19,NA,NA,2.17153855829109
"TER-NFBF-TP41",2024-06-20,NA,NA,2.88894695222215
"TER-NFBF-TP41",2024-06-21,NA,NA,3.95330534975554
"TER-NFBF-TP41",2024-06-22,NA,NA,1.74338813059888
"TER-NFBF-TP41",2024-06-23,NA,NA,1.28519298725629
"TER-NFBF-TP41",2024-06-24,NA,NA,1.17318314667923
"TER-NFBF-TP41",2024-06-25,NA,2.17153855829109,2.0265448571327
"TER-NFBF-TP41",2024-06-26,NA,4.00899125336602,4.12963617374899
"TER-NFBF-TP41",2024-06-27,NA,1.28941482064933,1.29222171337652
"TER-NFBF-TP41",2024-06-28,NA,2.08514414057075,2.07370965642021
"TER-NFBF-TP41",2024-06-29,NA,0.658005330140078,0.710939366337732
"TER-NFBF-TP41",2024-06-30,NA,0.653862548158294,0.63381465310669
"TER-NFBF-TP41",2024-07-01,NA,2.61960280206365,2.54915444918449
"TER-NFBF-TP41",2024-07-02,NA,3.2055206002833,3.13437001043572
"TER-NFBF-TP41",2024-07-03,NA,1.46455711265621,1.10642884209004
"TER-NFBF-TP41",2024-07-04,NA,2.82169391000143,2.81872298663106
"TER-NFBF-TP41",2024-07-05,NA,4.55039216338325,4.51762851408838
"TER-NFBF-TP41",2024-07-06,NA,1.5736738147921,1.47932612939184
"TER-NFBF-TP41",2024-07-07,NA,2.19146896667146,2.07425558499527
"TER-NFBF-TP41",2024-07-08,NA,0.642332141271278,0.667232549687378
"TER-NFBF-TP41",2024-07-09,NA,0.625181133172909,0.58008932345666
"TER-NFBF-TP41",2024-07-10,NA,1.25108648434245,1.206113653404
"TER-NFBF-TP41",2024-07-11,NA,1.38165386088714,1.33903896967894
"TER-NFBF-TP41",2024-07-12,NA,1.72563262921587,1.77339435440397
"TER-NFBF-TP41",2024-07-13,NA,1.19156911529367,1.17009073102926
"TER-NFBF-TP41",2024-07-14,NA,2.76592883473899,3.00693642544479
"TER-NFBF-TP41",2024-07-15,NA,1.33089677732124,1.34309155590236
"TER-NFBF-TP41",2024-07-16,NA,1.63687135294346,1.45711646953739
"TER-NFBF-TP41",2024-07-17,NA,0.691236552140071,0.63381465310669
"TER-NFBF-TP41",2024-07-18,NA,1.46455711265621,1.40118350596605
"TER-NFBF-TP41",2024-07-19,NA,3.34815545151897,3.41989066695312
"TER-NFBF-TP41",2024-07-20,NA,2.83538395528948,2.86153906090786
"TER-NFBF-TP41",2024-07-21,NA,2.08503553648512,2.12771565606015
"TER-NFBF-TP41",2024-07-22,NA,1.96666052565978,1.84154944213455
"TER-NFBF-TP41",2024-07-23,NA,2.37743010686823,2.3327186043234
"TER-NFBF-TP41",2024-07-24,NA,2.83985289984422,2.58198889747161
"TER-NFBF-TP41",2024-07-25,NA,2.91291166152118,2.74125751319047
"TER-NFBF-TP41",2024-07-26,NA,1.03121568893295,1.03011713137285
"TER-NFBF-TP41",2024-07-27,NA,1.00271370919555,0.916831342257085
"TER-NFBF-TP41",2024-07-28,NA,2.34172920128992,2.34433869418296
"TER-NFBF-TP41",2024-07-29,NA,1.94442719108978,1.96666052565978
"TER-NFBF-TP41",2024-07-30,NA,1.59013603465101,1.53093108923949
"TER-NFBF-TP41",2024-07-31,NA,0.779027636204913,0.918558653543692
"TER-NFBF-TP41",2024-08-01,NA,2.73331565918641,2.84853127677802
"TER-NFBF-TP41",2024-08-02,NA,1.98077261313043,1.95869947240214
"TER-NFBF-TP41",2024-08-03,NA,2.67537075854024,2.5811994459379
"TER-NFBF-TP41",2024-08-04,NA,3.4323165794328,3.40050081563017
"TER-NFBF-TP41",2024-08-05,NA,2.59981883426798,2.68643600441125
"TER-NFBF-TP41",2024-08-06,NA,0.58008932345666,0.707106781186548
"TER-NFBF-TP41",2024-08-07,NA,1.79054987101161,1.61458479429574
"TER-NFBF-TP41",2024-08-08,NA,3.31990046995912,3.49741105075898
"TER-NFBF-TP41",2024-08-09,NA,3.32746312820521,3.31307248266052
"TER-NFBF-TP41",2024-08-10,NA,1.35065738154383,1.41789162726446
"TER-NFBF-TP41",2024-08-11,NA,1.20517453183093,1.22307968384872
"TER-NFBF-TP41",2024-08-12,NA,3.31307248266052,3.35976836675698
"TER-NFBF-TP41",2024-08-13,NA,1.96331850834687,1.97630895900648
"TER-NFBF-TP41",2024-08-14,NA,2.4486575736602,2.37657270582807
"TER-NFBF-TP41",2024-08-15,NA,2.55155181539914,2.47734298410001
"TER-NFBF-TP41",2024-08-16,NA,NA,NA
"TER-NFBF-TP41",2024-08-17,NA,2.68213358722308,2.43381596365205
"TER-NFBF-TP41",2024-08-18,NA,2.71836214541462,2.44356593787719
"TER-NFBF-TP41",2024-08-19,NA,3.18027206930203,3.0856581521426
"TER-NFBF-TP41",2024-08-20,NA,0.884395724266829,0.798265783351363
"TER-NFBF-TP41",2024-08-21,NA,2.12984315949742,2.16934756103758
"TER-NFBF-TP41",2024-08-22,NA,3.43884196466936,3.501293756744
"TER-NFBF-TP41",2024-08-23,NA,1.17934365189938,1.06236678619288
"TER-NFBF-TP41",2024-08-24,NA,1.90525113411801,1.79320375589193
"TER-NFBF-TP41",2024-08-25,NA,3.57369363990313,3.67916184531993
"TER-NFBF-TP41",2024-08-26,NA,1.17318314667923,1.07318265663062
"TER-NFBF-TP41",2024-08-27,NA,1.18566314838966,1.02062072615966
"TER-NFBF-TP41",2024-08-28,NA,2.40461136092747,2.32416028158403
"TER-NFBF-TP41",2024-08-29,NA,2.5811994459379,2.4091274203612
"TER-NFBF-TP41",2024-08-30,NA,2.37743010686823,2.55155181539914
"TER-NFBF-TP41",2024-08-31,NA,1.90810153012762,1.97814142018736
"TER-NFBF-TP41",2024-09-01,NA,0.56465970257328,0.551677284367371
"TER-NFBF-TP41",2024-09-02,NA,1.03712779249763,1.08012344973464
"TER-NFBF-TP41",2024-09-03,NA,2.03768837486095,2.02520351455411
"TER-NFBF-TP41",2024-09-04,NA,1.5809956045003,1.54506577881641
"TER-NFBF-TP41",2024-09-05,NA,1.52455743162363,1.52277397525376
"TER-NFBF-TP41",2024-09-06,NA,1.61163680412362,1.53211396064581
"TER-NFBF-TP41",2024-09-07,NA,1.27404411454121,1.18394299461281
"TER-NFBF-TP41",2024-09-08,NA,0.895843865795853,0.827242231843205
"TER-NFBF-TP41",2024-09-09,NA,1.26387229908951,1.18795281221855
"TER-NFBF-TP41",2024-09-10,NA,0.840279025431261,0.8030738049718
"TER-NFBF-TP41",2024-09-11,NA,1.27244344426013,1.10314931255796
"TER-NFBF-TP41",2024-09-12,NA,2.37743010686823,2.20660651654086
"TER-NFBF-TP41",2024-09-13,NA,2.57777569548475,2.5769849532497
"TER-NFBF-TP41",2024-09-14,NA,2,1.8819316317727
"TER-NFBF-TP41",2024-09-15,NA,2.49119827403997,2.35868730379876
"TER-NFBF-TP41",2024-09-16,NA,0.508977377704051,0.531183393096442
"TER-NFBF-TP41",2024-09-17,NA,NA,NA
"TER-NFBF-TP41",2024-09-18,NA,1.44447347611107,1.4407060970132
"TER-NFBF-TP41",2024-09-19,NA,1.40118350596605,1.35065738154383
"TER-NFBF-TP41",2024-09-20,NA,1.565016090115,1.46934250306195
"TER-NFBF-TP41",2024-09-21,NA,2.25863881029312,2.01342864972569
"TER-NFBF-TP41",2024-09-22,NA,1.35132784938435,1.33361636488746
"TER-NFBF-TP41",2024-09-23,NA,2.47450770978736,2.35436304811277
"TER-NFBF-TP41",2024-09-24,NA,0.691564074808125,0.637022057270606
"TER-NFBF-TP41",2024-09-25,NA,1.25686520555211,1.22455996237394
"TER-NFBF-TP41",2024-09-26,NA,1.30616570180805,1.05788105136664
"TER-NFBF-TP41",2024-09-27,NA,1.25524262912435,1.28941482064933
"TER-NFBF-TP41",2024-09-28,NA,0.664511916338994,0.734440041060564
"TER-NFBF-TP41",2024-09-29,NA,0.688610762774367,0.658005330140078
"TER-NFBF-TP41",2024-09-30,NA,0.255376959227625,0.303959379437164
"TER-NFBF-TP41",2024-10-01,NA,0.240771706171538,0.254488688852026
"TER-NFBF-TP41",2024-10-02,NA,0.287889622568457,0.251805077592667
"TER-NFBF-TP41",2024-10-03,NA,0.441813620616566,0.47348155466575
"TER-NFBF-TP41",2024-10-04,NA,0.699054744803212,0.653862548158295
"TER-NFBF-TP41",2024-10-05,NA,1.4939491483886,1.3254408618497
"TER-NFBF-TP41",2024-10-06,NA,1.6239545131775,1.52989532653215
"TER-NFBF-TP41",2024-10-07,NA,2.44939729350901,2.42486739514926
"TER-NFBF-TP41",2024-10-08,NA,1.55979838905313,1.44447347611107
"TER-NFBF-TP41",2024-10-09,NA,2.13398569056501,2.02955963667998
"TER-NFBF-TP41",2024-10-10,NA,1.12931940514656,1.16950999276979
"TER-NFBF-TP41",2024-10-11,NA,1.01951075223023,0.923721207705668
"TER-NFBF-TP41",2024-10-12,NA,2.22051942611163,2.20629862511592
"TER-NFBF-TP41",2024-10-13,NA,1.34713195075821,1.37458821238333
"TER-NFBF-TP41",2024-10-14,NA,0.531183393096442,0.551266657377564
"TER-NFBF-TP41",2024-10-15,NA,1.15783405984836,1.25036226634582
"TER-NFBF-TP41",2024-10-16,NA,1.26673579140142,1.16543672227332
"TER-NFBF-TP41",2024-10-17,NA,2.31096943081144,2.22102926916616
"TER-NFBF-TP41",2024-10-18,NA,1.33089677732124,1.35333725993576
"TER-NFBF-TP41",2024-10-19,NA,0.710939366337732,0.744241175652242
"TER-NFBF-TP41",2024-10-20,NA,1.05208557540298,1.09325169808344
"TER-NFBF-TP41",2024-10-21,NA,2.09024216751088,1.89201219470899
"TER-NFBF-TP41",2024-10-22,NA,2.32649749187704,2.36357856293977
"TER-NFBF-TP41",2024-10-23,NA,2.11576210273327,2.05318769481627
"TER-NFBF-TP41",2024-10-24,NA,1.25524262912435,1.18871505343411
"TER-NFBF-TP41",2024-10-25,NA,1.55979838905313,1.49258432626585
"TER-NFBF-TP41",2024-10-26,NA,1.21416011407421,1.20667677552015
"TER-NFBF-TP41",2024-10-27,NA,0.955533085905909,0.980793822237442
"TER-NFBF-TP41",2024-10-28,NA,1.39470400994703,1.23780281026561
"TER-NFBF-TP41",2024-10-29,NA,0.827242231843205,0.918558653543692
"TER-NFBF-TP41",2024-10-30,NA,0.619724108789139,0.675328690771916
"TER-NFBF-TP41",2024-10-31,NA,0.683328914796602,0.650738153889517
"TER-NFBF-TP41",2024-11-01,NA,1.23285341230492,1.282547284209
"TER-NFBF-TP41",2024-11-02,NA,0.736902546011914,0.639505583481761
"TER-NFBF-TP41",2024-11-03,NA,0.613480803002159,0.510310363079829
"TER-NFBF-TP41",2024-11-04,NA,1.63299316185545,1.45571711497824
"TER-NFBF-TP41",2024-11-05,NA,1.48848235130448,1.5736738147921
"TER-NFBF-TP41",2024-11-06,NA,1.20216441278318,1.2853691738343
"TER-NFBF-TP41",2024-11-07,NA,2.18681407465323,2.19343139950805
"TER-NFBF-TP41",2024-11-08,NA,0.908893259146386,0.928611242975073
"TER-NFBF-TP41",2024-11-09,NA,0.488546350136693,0.403225222065963
"TER-NFBF-TP41",2024-11-10,NA,0.503610155185335,0.800531978921119
"TER-NFBF-TP41",2024-11-11,NA,NA,0.629872312802192
"TER-NFBF-TP41",2024-11-12,NA,NA,0.287889622568457
"TER-NFBF-TP41",2024-11-13,NA,NA,0.997959875467685
"TER-NFBF-TP41",2024-11-14,NA,NA,0.750603621828092
"TER-NFBF-TP41",2024-11-15,NA,NA,0.434057366141216
"TER-NFBF-TP41",2024-11-16,NA,NA,0.520851448960314
"TER-NFBF-TP41",2024-11-17,NA,NA,0.557800416231313
"TER-NFBF-TP41",2024-11-18,NA,NA,0.312046772785422
"TER-NFBF-TP41",2024-11-19,NA,NA,0.458415671128542
"TER-NFBF-TP41",2024-11-20,NA,NA,0.683328914796602
"TER-NFBF-TP41",2024-11-21,NA,NA,0.571040240720161
"TER-NFBF-TP41",2024-11-22,NA,NA,0.650738153889517
"TER-NFBF-TP41",2024-11-23,NA,NA,1.42886901662352
"TER-NFBF-TP41",2024-11-24,NA,NA,0.947680234091097
"TER-NFBF-TP41",2024-11-25,NA,NA,1.96112582277467
"TER-NFBF-TP41",2024-11-26,NA,NA,1.25379857615377
"TER-NFBF-TP41",2024-11-27,NA,NA,1.89201219470899
"TER-NFBF-TP41",2024-11-28,NA,NA,0.607546145441299
"TER-NFBF-TP41",2024-11-29,NA,NA,1.3254408618497
"TER-NFBF-TP41",2024-11-30,NA,NA,0.763466066556077
"TER-NFBF-TP41",2024-12-01,NA,NA,1.67407772575949
"TER-NFBF-TP41",2024-12-02,NA,NA,0.576957914221314
"TER-NFBF-TP41",2024-12-03,NA,NA,1.02062072615966
"TER-NFBF-TP41",2024-12-04,NA,NA,0.977787727771069
"TER-NFBF-TP41",2024-12-05,NA,NA,0.499546896146173
"TER-NFBF-TP41",2024-12-06,NA,NA,0.531183393096442
"TER-NFBF-TP41",2024-12-07,NA,NA,0.751508145500515
"TER-NFBF-TP41",2024-12-08,NA,NA,0.557800416231313
"TER-NFBF-TP41",2024-12-09,NA,NA,0.571040240720161
"TER-NFBF-TP41",2024-12-10,NA,NA,1.0179547554081
"TER-NFBF-TP41",2024-12-11,NA,NA,0.938073496085446
"TER-NFBF-TP41",2024-12-12,NA,NA,0.920774721067277
"TER-NFBF-TP41",2024-12-13,NA,NA,0.793713981266533
"TER-NFBF-TP41",2024-12-14,NA,NA,0.650738153889517
"TER-NFBF-TP41",2024-12-15,NA,NA,NA
"TER-NFBF-TP41",2024-12-16,NA,NA,1.35517660221405
"TER-NFBF-TP41",2024-12-17,NA,NA,0.964731321010742
"TER-NFBF-TP41",2024-12-18,NA,NA,0.797414299606792
"TER-NFBF-TP41",2024-12-19,NA,NA,0.793713981266533
"TER-NFBF-TP41",2024-12-20,NA,NA,1.33514369850296
"TER-NFBF-TP41",2024-12-21,NA,NA,1.08012344973464
"TER-NFBF-TP41",2024-12-22,NA,NA,0.683328914796602
"TER-NFBF-TP41",2024-12-23,NA,NA,0.586301969977929
"TER-NFBF-TP41",2024-12-24,NA,NA,0.641273642104501
"TER-NFBF-TP41",2024-12-25,NA,NA,1.12751329565733
"TER-NFBF-TP41",2024-12-26,NA,NA,0.79285760916182
"TER-NFBF-TP41",2024-12-27,NA,NA,0.80729239714787
"TER-NFBF-TP41",2024-12-28,NA,NA,0.769669607265238
"TER-NFBF-TP41",2024-12-29,NA,NA,0.619724108789139
"TER-NFBF-TP41",2024-12-30,NA,NA,0.531183393096442
"TER-NFBF-TP41",2024-12-31,NA,NA,0.695482316219408
"TER-NFBF-TP41",2025-01-01,NA,NA,0.770551750371122
"TER-NFBF-TP41",2025-01-02,NA,NA,0.306186217847897
"TER-NFBF-TP41",2025-01-03,NA,NA,0.704218654285356
"TER-NFBF-TP41",2025-01-04,NA,NA,0.69025305168635
"TER-NFBF-TP41",2025-01-05,NA,NA,0.850990471514632
"TER-NFBF-TP41",2025-01-06,NA,NA,0.607546145441299
"TER-NFBF-TP41",2025-01-07,NA,NA,2.17435231069266
"TER-NFBF-TP41",2025-01-08,NA,NA,1.36715482621413
"TER-NFBF-TP41",2025-01-09,NA,NA,0.495907161718278
"TER-NFBF-TP41",2025-01-10,NA,NA,0.8030738049718
"TER-NFBF-TP41",2025-01-11,NA,NA,0.207425558499527
"TER-NFBF-TP41",2025-01-12,NA,NA,0.8030738049718
"TER-NFBF-TP41",2025-01-13,NA,NA,0.588229965875271
"TER-NFBF-TP41",2025-01-14,NA,NA,0.326931274079147
"TER-NFBF-TP41",2025-01-15,NA,NA,0.567460015829501
"TER-NFBF-TP41",2025-01-16,NA,NA,0.28232985128664
"TER-NFBF-TP41",2025-01-17,NA,NA,1.59653156670273
"TER-NFBF-TP41",2025-01-18,NA,NA,0.78683690739605
"TER-NFBF-TP41",2025-01-19,NA,NA,1.34864397811659
"TER-NFBF-TP41",2025-01-20,NA,NA,0.389513818102456
"TER-NFBF-TP41",2025-01-21,NA,NA,1.29781728688785
"TER-NFBF-TP41",2025-01-22,NA,NA,1.0494995356656
"TER-NFBF-TP41",2025-01-23,NA,NA,2.05891486826984
"TER-NFBF-TP41",2025-01-24,NA,NA,1.7023800474885
"TER-NFBF-TP41",2025-01-25,NA,NA,2.60842767343399
"TER-NFBF-TP41",2025-01-26,NA,NA,2.26944097055653
"TER-NFBF-TP41",2025-01-27,NA,NA,1.29379791446665
"TER-NFBF-TP41",2025-01-28,NA,NA,1.45197890949669
"TER-NFBF-TP41",2025-01-29,NA,NA,0.98333026282989
"TER-NFBF-TP41",2025-01-30,NA,NA,0.619724108789139
"TER-NFBF-TP41",2025-01-31,NA,NA,0.683328914796602
"TER-NFBF-TP41",2025-02-01,NA,NA,2.33737357249356
"TER-NFBF-TP41",2025-02-02,NA,NA,1.76263554314867
"TER-NFBF-TP41",2025-02-03,NA,NA,1.97080135249966
"TER-NFBF-TP41",2025-02-04,NA,NA,1.70463987441608
"TER-NFBF-TP41",2025-02-05,NA,NA,0.524749767832802
"TER-NFBF-TP41",2025-02-06,NA,NA,0.294114982937636
"TER-NFBF-TP41",2025-02-07,NA,NA,1.84928011845738
"TER-NFBF-TP41",2025-02-08,NA,NA,0.545070132437435
"TER-NFBF-TP41",2025-02-09,NA,NA,0.390094748802747
"TER-NFBF-TP41",2025-02-10,NA,NA,1.38296441736949
"TER-NFBF-TP41",2025-02-11,NA,NA,1.09159337070015
"TER-NFBF-TP41",2025-02-12,NA,NA,0.978019293843651
"TER-NFBF-TP41",2025-02-13,NA,NA,1.15391582844263
"TER-NFBF-TP41",2025-02-14,NA,NA,2.20824787912321
"TER-NFBF-TP41",2025-02-15,NA,NA,2.36788598922562
"TER-NFBF-TP41",2025-02-16,NA,NA,1.21565125386128
"TER-NFBF-TP41",2025-02-17,NA,NA,0.777572868107801
"TER-NFBF-TP41",2025-02-18,NA,NA,1.87361059632643
"TER-NFBF-TP41",2025-02-19,NA,NA,0.923721207705668
"TER-NFBF-TP41",2025-02-20,NA,NA,2.07469222442437
"TER-NFBF-TP41",2025-02-21,NA,NA,1.26387229908951
"TER-NFBF-TP41",2025-02-22,NA,NA,0.875388112682647
"TER-NFBF-TP41",2025-02-23,NA,NA,0.911878138311493
"TER-NFBF-TP41",2025-02-24,NA,NA,1.16950999276979
"TER-NFBF-TP41",2025-02-25,NA,NA,1.54623783722795
"TER-NFBF-TP41",2025-02-26,NA,NA,1.64721438112691
"TER-NFBF-TP41",2025-02-27,NA,NA,2.14678728619626
"TER-NFBF-TP41",2025-02-28,NA,NA,2.11061842712688
"TER-NFBF-TP41",2025-03-01,NA,NA,1.56037899521099
"TER-NFBF-TP41",2025-03-02,NA,NA,1.57755428947212
"TER-NFBF-TP41",2025-03-03,NA,NA,2.67765512277473
"TER-NFBF-TP41",2025-03-04,NA,NA,1.19612144941019
"TER-NFBF-TP41",2025-03-05,NA,NA,1.29589653371207
"TER-NFBF-TP41",2025-03-06,NA,NA,1.15920231193696
"TER-NFBF-TP41",2025-03-07,NA,NA,0.545070132437434
"TER-NFBF-TP41",2025-03-08,NA,NA,1.35132784938435
"TER-NFBF-TP41",2025-03-09,NA,NA,0.816496580927726
"TER-NFBF-TP41",2025-03-10,NA,NA,1.42696597158376
"TER-NFBF-TP41",2025-03-11,NA,NA,1.92981470162518
"TER-NFBF-TP41",2025-03-12,NA,NA,1.00722031037067
"TER-NFBF-TP41",2025-03-13,NA,NA,2.24808694839329
"TER-NFBF-TP41",2025-03-14,NA,NA,0.639505583481761
"TER-NFBF-TP41",2025-03-15,NA,NA,2.02419692431487
"TER-NFBF-TP41",2025-03-16,NA,NA,1.06236678619288
"TER-NFBF-TP41",2025-03-17,NA,NA,1.47426596817791
"TER-NFBF-TP41",2025-03-18,NA,NA,0.932261936818499
"TER-NFBF-TP41",2025-03-19,NA,NA,1.50361882311222
"TER-NFBF-TP41",2025-03-20,NA,NA,0.941927948873779
"TER-NFBF-TP41",2025-03-21,NA,NA,1.51262800392591
"TER-NFBF-TP41",2025-03-22,NA,NA,2.82810685897777
"TER-NFBF-TP41",2025-03-23,NA,NA,2.52299209876582
"TER-NFBF-TP41",2025-03-24,NA,NA,2.76985585351934
"TER-NFBF-TP41",2025-03-25,NA,NA,0.758705514657047
"TER-NFBF-TP41",2025-03-26,NA,NA,1.12931940514656
"TER-NFBF-TP41",2025-03-27,NA,NA,1.825617822761
"TER-NFBF-TP41",2025-03-28,NA,NA,1.52856260034989
"TER-NFBF-TP41",2025-03-29,NA,NA,1.29222171337652
"TER-NFBF-TP41",2025-03-30,NA,NA,1.78103942945555
"TER-NFBF-TP41",2025-03-31,NA,NA,2.59938328806293
"TER-NFBF-TP41",2025-04-01,NA,NA,0.606426931450447
"TER-NFBF-TP41",2025-04-02,NA,NA,1.6528412077302
"TER-NFBF-TP41",2025-04-03,NA,NA,0.846722153836252
"TER-NFBF-TP41",2025-04-04,NA,NA,2.09035050108619
"TER-NFBF-TP41",2025-04-05,NA,NA,1.77951304200522
"TER-NFBF-TP41",2025-04-06,NA,NA,0.783664746420693
"TER-NFBF-TP41",2025-04-07,NA,NA,0.69025305168635
"TER-NFBF-TP41",2025-04-08,NA,NA,0.688610762774367
"TER-NFBF-TP41",2025-04-09,NA,NA,0.670280062599836
"TER-NFBF-TP41",2025-04-10,NA,NA,0.503610155185335
"TER-NFBF-TP41",2025-04-11,NA,NA,0.380693493813441
"TER-NFBF-TP41",2025-04-12,NA,NA,0.896854406292881
"TER-NFBF-TP41",2025-04-13,NA,NA,1.39729941393171
"TER-NFBF-TP41",2025-04-14,NA,NA,1.67340124869394
"TER-NFBF-TP41",2025-04-15,NA,NA,3.19306313340545
"TER-NFBF-TP41",2025-04-16,NA,NA,0.996370223957142
"TER-NFBF-TP41",2025-04-17,NA,NA,0.667232549687378
"TER-NFBF-TP41",2025-04-18,NA,NA,1.18871505343411
"TER-NFBF-TP41",2025-04-19,NA,NA,3.47969003700375
"TER-NFBF-TP41",2025-04-20,NA,NA,1.99716737812129
"TER-NFBF-TP41",2025-04-21,NA,NA,3.27346600870468
"TER-NFBF-TP41",2025-04-22,NA,NA,1.01058707288588
"TER-NFBF-TP41",2025-04-23,NA,NA,1.67988418337849
"TER-NFBF-TP41",2025-04-24,NA,NA,2.13663693483576
"TER-NFBF-TP41",2025-04-25,NA,NA,2.80495162581967
"TER-NFBF-TP41",2025-04-26,NA,NA,1.28941482064933
"TER-NFBF-TP41",2025-04-27,NA,NA,2.29010157359697
"TER-NFBF-TP41",2025-04-28,NA,NA,0.953397813771538
"TER-NFBF-TP41",2025-04-29,NA,NA,1.35333725993576
"TER-NFBF-TP41",2025-04-30,NA,NA,0.734440041060564
"TER-NFBF-TP41",2025-05-01,NA,NA,0.872018730685681
"TER-NFBF-TP41",2025-05-02,NA,NA,0.751809411556112
"TER-NFBF-TP41",2025-05-03,NA,NA,1.23780281026561
"TER-NFBF-TP41",2025-05-04,NA,NA,0.779899194526567
"TER-NFBF-TP41",2025-05-05,NA,NA,1.83711730708738
"TER-NFBF-TP41",2025-05-06,NA,NA,0.84698955385992
"TER-NFBF-TP41",2025-05-07,NA,NA,1.42886901662352
"TER-NFBF-TP41",2025-05-08,NA,NA,1.28519298725629
"TER-NFBF-TP41",2025-05-09,NA,NA,0.9006338347785
"TER-NFBF-TP41",2025-05-10,NA,NA,2.64129689269539
"TER-NFBF-TP41",2025-05-11,NA,NA,1.28095723944063
"TER-NFBF-TP41",2025-05-12,NA,NA,0.997959875467685
"TER-NFBF-TP41",2025-05-13,NA,NA,2.80527453511975
"TER-NFBF-TP41",2025-05-14,NA,NA,0.350982059081517
"TER-NFBF-TP41",2025-05-15,NA,NA,0.722001545624424
"TER-NFBF-TP41",2025-05-16,NA,NA,1.4364559850902
"TER-NFBF-TP41",2025-05-17,NA,NA,3.6880142726625
"TER-NFBF-TP41",2025-05-18,NA,NA,1.25325662731663
"TER-NFBF-TP41",2025-05-19,NA,NA,0.345126525843175
"TER-NFBF-TP41",2025-05-20,NA,NA,1.5094809070325
"TER-NFBF-TP41",2025-05-21,NA,NA,2.14921202277499
"TER-NFBF-TP41",2025-05-22,NA,NA,1.7161582897164
"TER-NFBF-TP41",2025-05-23,NA,NA,2.61259144490121
"TER-NFBF-TP41",2025-05-24,NA,NA,2.00169764906213
"TER-NFBF-TP41",2025-05-25,NA,NA,1.93356601548328
"TER-NFBF-TP41",2025-05-26,NA,NA,2.84248309492379
"TER-NFBF-TP41",2025-05-27,NA,NA,1.0664090495066
"TER-NFBF-TP41",2025-05-28,NA,NA,0.650738153889517
"TER-NFBF-TP41",2025-05-29,NA,NA,0.696458432231305
"TER-NFBF-TP41",2025-05-30,NA,NA,1.49500981529423
"TER-NFBF-TP41",2025-05-31,NA,NA,2.78062655852436
"TER-NFBF-TP41",2025-06-01,NA,NA,2.62616433804794
"TER-NFBF-TP41",2025-06-02,NA,NA,3.68254549250214
"TER-NFBF-TP41",2025-06-03,NA,NA,1.05273109274078
"TER-NFBF-TP41",2025-06-04,NA,NA,1.04170289792063
"TER-NFBF-TP41",2025-06-05,NA,NA,1.40843730857071
"TER-NFBF-TP41",2025-06-06,NA,NA,0.625543242171224
"TER-NFBF-TP41",2025-06-07,NA,NA,1.11295891039691
"TER-NFBF-TP41",2025-06-08,NA,NA,1.60162960490381
"TER-NFBF-TP41",2025-06-09,NA,NA,1.12268279877562
"TER-NFBF-TP41",2025-06-10,NA,NA,1.4314024743161
"TER-NFBF-TP41",2025-06-11,NA,NA,1.24163870214594
"TER-NFBF-TP41",2025-06-12,NA,NA,0.517361617708795
"TER-NFPG-T-33",2023-08-09,0.466252404120157,NA,NA
"TER-NFPG-T-33",2023-08-10,0.551677284367371,NA,NA
"TER-NFPG-T-33",2023-08-11,1.05788105136664,NA,NA
"TER-NFPG-T-33",2023-08-12,0.701964118163034,NA,NA
"TER-NFPG-T-33",2023-08-13,1.36466803310538,NA,NA
"TER-NFPG-T-33",2023-08-14,2.09197483150543,NA,NA
"TER-NFPG-T-33",2023-08-15,1.46455711265621,NA,NA
"TER-NFPG-T-33",2023-08-16,2.09457114008323,NA,NA
"TER-NFPG-T-33",2023-08-17,1.30893667432436,NA,NA
"TER-NFPG-T-33",2023-08-18,1.3805061033727,NA,NA
"TER-NFPG-T-33",2023-08-19,1.87554339951873,NA,NA
"TER-NFPG-T-33",2023-08-20,1.26243811729526,NA,NA
"TER-NFPG-T-33",2023-08-21,0.789422830805584,NA,NA
"TER-NFPG-T-33",2023-08-22,1.3185892219459,NA,NA
"TER-NFPG-T-33",2023-08-23,2.01881996670605,NA,NA
"TER-NFPG-T-33",2023-08-24,0.503610155185335,NA,NA
"TER-NFPG-T-33",2023-08-25,0.536696821549066,NA,NA
"TER-NFPG-T-33",2023-08-26,0.442325868464691,NA,NA
"TER-NFPG-T-33",2023-08-27,0.710939366337732,NA,NA
"TER-NFPG-T-33",2023-08-28,0.561038762255892,NA,NA
"TER-NFPG-T-33",2023-08-29,0.595499425035315,NA,NA
"TER-NFPG-T-33",2023-08-30,1.34981882842299,NA,NA
"TER-NFPG-T-33",2023-08-31,1.24218571973713,NA,NA
"TER-NFPG-T-33",2023-09-01,1.35667966379132,NA,NA
"TER-NFPG-T-33",2023-09-02,1.20517453183093,NA,NA
"TER-NFPG-T-33",2023-09-03,1.45820392800602,NA,NA
"TER-NFPG-T-33",2023-09-04,0.653862548158295,NA,NA
"TER-NFPG-T-33",2023-09-05,0.977092700273386,NA,NA
"TER-NFPG-T-33",2023-09-06,0.488546350136693,NA,NA
"TER-NFPG-T-33",2023-09-07,0.42933636014776,NA,NA
"TER-NFPG-T-33",2023-09-08,0.416485467846762,NA,NA
"TER-NFPG-T-33",2023-09-09,1.393404495097,NA,NA
"TER-NFPG-T-33",2023-09-10,1.69558249578132,NA,NA
"TER-NFPG-T-33",2023-09-11,1.56371329704723,NA,NA
"TER-NFPG-T-33",2023-09-12,0.878229031565262,NA,NA
"TER-NFPG-T-33",2023-09-13,0.653862548158295,NA,NA
"TER-NFPG-T-33",2023-09-14,0.361157559257308,NA,NA
"TER-NFPG-T-33",2023-09-15,0.965904247062178,NA,NA
"TER-NFPG-T-33",2023-09-16,0.989070710093681,NA,NA
"TER-NFPG-T-33",2023-09-17,0.931532942621143,NA,NA
"TER-NFPG-T-33",2023-09-18,2.09024216751088,NA,NA
"TER-NFPG-T-33",2023-09-19,1.3185892219459,NA,NA
"TER-NFPG-T-33",2023-09-20,0.977092700273386,NA,NA
"TER-NFPG-T-33",2023-09-21,1.12268279877562,NA,NA
"TER-NFPG-T-33",2023-09-22,1.55979838905313,NA,NA
"TER-NFPG-T-33",2023-09-23,0.755415232778002,NA,NA
"TER-NFPG-T-33",2023-09-24,1.33903896967894,NA,NA
"TER-NFPG-T-33",2023-09-25,1.43692884053234,NA,NA
"TER-NFPG-T-33",2023-09-26,0.818435676471731,NA,NA
"TER-NFPG-T-33",2023-09-27,1.41020478521096,NA,NA
"TER-NFPG-T-33",2023-09-28,0.387765804114519,NA,NA
"TER-NFPG-T-33",2023-09-29,0.658005330140078,NA,NA
"TER-NFPG-T-33",2023-09-30,NA,NA,NA
"TER-NFPG-T-33",2023-10-01,NA,NA,NA
"TER-NFPG-T-33",2023-10-02,NA,NA,NA
"TER-NFPG-T-33",2023-10-03,NA,NA,NA
"TER-NFPG-T-33",2023-10-04,NA,NA,NA
"TER-NFPG-T-33",2023-10-05,NA,NA,NA
"TER-NFPG-T-33",2023-10-06,NA,NA,NA
"TER-NFPG-T-33",2023-10-07,NA,NA,NA
"TER-NFPG-T-33",2023-10-08,NA,NA,NA
"TER-NFPG-T-33",2023-10-09,NA,NA,NA
"TER-NFPG-T-33",2023-10-10,NA,NA,NA
"TER-NFPG-T-33",2023-10-11,NA,NA,NA
"TER-NFPG-T-33",2023-10-12,NA,NA,NA
"TER-NFPG-T-33",2023-10-13,NA,NA,NA
"TER-NFPG-T-33",2023-10-14,NA,NA,NA
"TER-NFPG-T-33",2023-10-15,NA,NA,NA
"TER-NFPG-T-33",2023-10-16,NA,NA,NA
"TER-NFPG-T-33",2023-10-17,NA,NA,NA
"TER-NFPG-T-33",2023-10-18,NA,NA,NA
"TER-NFPG-T-33",2023-10-19,NA,NA,NA
"TER-NFPG-T-33",2023-10-20,NA,NA,NA
"TER-NFPG-T-33",2023-10-21,NA,NA,NA
"TER-NFPG-T-33",2023-10-22,NA,NA,NA
"TER-NFPG-T-33",2023-10-23,NA,NA,NA
"TER-NFPG-T-33",2023-10-24,NA,NA,NA
"TER-NFPG-T-33",2023-10-25,NA,NA,NA
"TER-NFPG-T-33",2023-10-26,NA,NA,NA
"TER-NFPG-T-33",2023-10-27,NA,NA,NA
"TER-NFPG-T-33",2023-10-28,NA,NA,NA
"TER-NFPG-T-33",2023-10-29,NA,NA,NA
"TER-NFPG-T-33",2023-10-30,NA,NA,NA
"TER-NFPG-T-33",2023-10-31,NA,NA,NA
"TER-NFPG-T-33",2023-11-01,NA,NA,NA
"TER-NFPG-T-33",2023-11-02,NA,NA,NA
"TER-NFPG-T-33",2023-11-03,NA,NA,NA
"TER-NFPG-T-33",2023-11-04,NA,NA,NA
"TER-NFPG-T-33",2023-11-05,NA,NA,NA
"TER-NFPG-T-33",2023-11-06,NA,NA,NA
"TER-NFPG-T-33",2023-11-07,NA,NA,NA
"TER-NFPG-T-33",2023-11-08,NA,NA,NA
"TER-NFPG-T-33",2023-11-09,NA,NA,NA
"TER-NFPG-T-33",2023-11-10,NA,NA,NA
"TER-NFPG-T-33",2023-11-11,NA,NA,NA
"TER-NFPG-T-33",2023-11-12,NA,NA,NA
"TER-NFPG-T-33",2023-11-13,NA,NA,NA
"TER-NFPG-T-33",2023-11-14,NA,NA,NA
"TER-NFPG-T-33",2023-11-15,NA,NA,NA
"TER-NFPG-T-33",2023-11-16,NA,NA,NA
"TER-NFPG-T-33",2023-11-17,NA,NA,NA
"TER-NFPG-T-33",2023-11-18,NA,NA,NA
"TER-NFPG-T-33",2023-11-19,NA,NA,NA
"TER-NFPG-T-33",2023-11-20,NA,NA,NA
"TER-NFPG-T-33",2023-11-21,NA,NA,NA
"TER-NFPG-T-33",2023-11-22,NA,NA,NA
"TER-NFPG-T-33",2023-11-23,NA,NA,NA
"TER-NFPG-T-33",2023-11-24,NA,NA,NA
"TER-NFPG-T-33",2023-11-25,NA,NA,NA
"TER-NFPG-T-33",2023-11-26,NA,NA,NA
"TER-NFPG-T-33",2023-11-27,NA,NA,NA
"TER-NFPG-T-33",2023-11-28,NA,NA,NA
"TER-NFPG-T-33",2023-11-29,NA,NA,NA
"TER-NFPG-T-33",2023-11-30,NA,NA,NA
"TER-NFPG-T-33",2023-12-01,NA,NA,NA
"TER-NFPG-T-33",2023-12-02,NA,NA,NA
"TER-NFPG-T-33",2023-12-03,NA,NA,NA
"TER-NFPG-T-33",2023-12-04,NA,NA,NA
"TER-NFPG-T-33",2023-12-05,NA,NA,NA
"TER-NFPG-T-33",2023-12-06,NA,NA,NA
"TER-NFPG-T-33",2023-12-07,NA,NA,NA
"TER-NFPG-T-33",2023-12-08,NA,NA,NA
"TER-NFPG-T-33",2023-12-09,NA,NA,NA
"TER-NFPG-T-33",2023-12-10,NA,NA,NA
"TER-NFPG-T-33",2023-12-11,NA,NA,NA
"TER-NFPG-T-33",2023-12-12,0.58008932345666,1.04061541156309,NA
"TER-NFPG-T-33",2023-12-13,0.9469631093315,1.46687457353816,NA
"TER-NFPG-T-33",2023-12-14,1.08826913497762,1.44447347611107,NA
"TER-NFPG-T-33",2023-12-15,1.15136182756378,1.28466428254256,NA
"TER-NFPG-T-33",2023-12-16,0,0.102062072615966,NA
"TER-NFPG-T-33",2023-12-17,0.232152810743768,0.204124145231931,NA
"TER-NFPG-T-33",2023-12-18,1.46146144841983,1.8528278426483,NA
"TER-NFPG-T-33",2023-12-19,0.642684586917151,0.916831342257085,NA
"TER-NFPG-T-33",2023-12-20,0.601929265428846,1.09821165563825,NA
"TER-NFPG-T-33",2023-12-21,0.674321989058296,0.987007995210118,NA
"TER-NFPG-T-33",2023-12-22,0.829702233998107,1.6168272742574,NA
"TER-NFPG-T-33",2023-12-23,0.88771812996067,1.78751203502587,NA
"TER-NFPG-T-33",2023-12-24,0.797414299606792,1.10642884209004,NA
"TER-NFPG-T-33",2023-12-25,0.625181133172909,0.735980072193987,NA
"TER-NFPG-T-33",2023-12-26,1.82064947003909,2.39101200452802,NA
"TER-NFPG-T-33",2023-12-27,0.935414346693485,1.54857929279936,NA
"TER-NFPG-T-33",2023-12-28,1.33768537927012,1.90810153012762,NA
"TER-NFPG-T-33",2023-12-29,1.22178296893859,1.80729199296242,NA
"TER-NFPG-T-33",2023-12-30,1.27688479613812,2.28851891855403,NA
"TER-NFPG-T-33",2023-12-31,1.33242722834704,2.25382123180334,NA
"TER-NFPG-T-33",2024-01-01,0.732278556328103,0.895843865795853,NA
"TER-NFPG-T-33",2024-01-02,0.999093792292346,1.47441956154897,NA
"TER-NFPG-T-33",2024-01-03,1.09263012026493,1.81129707708296,NA
"TER-NFPG-T-33",2024-01-04,0.744241175652243,1.10006587418037,NA
"TER-NFPG-T-33",2024-01-05,0.7058246282166,1.00339098972478,NA
"TER-NFPG-T-33",2024-01-06,0.919790461329983,1.3006060460249,NA
"TER-NFPG-T-33",2024-01-07,0.780189497605494,1.12931940514656,NA
"TER-NFPG-T-33",2024-01-08,0.732278556328103,1.25902538796334,NA
"TER-NFPG-T-33",2024-01-09,0.408248290463863,0.510310363079829,NA
"TER-NFPG-T-33",2024-01-10,0.96096833710978,1.20667677552015,NA
"TER-NFPG-T-33",2024-01-11,0.265804766535597,0.453948059341275,NA
"TER-NFPG-T-33",2024-01-12,0.465766471310572,0.658005330140079,NA
"TER-NFPG-T-33",2024-01-13,0.39699961669021,0.569451808600904,NA
"TER-NFPG-T-33",2024-01-14,0.977787727771069,1.71100445115846,NA
"TER-NFPG-T-33",2024-01-15,0.751508145500515,1.06130047378307,NA
"TER-NFPG-T-33",2024-01-16,0.806450444131925,1.18795281221855,NA
"TER-NFPG-T-33",2024-01-17,0.510310363079829,0.696458432231305,NA
"TER-NFPG-T-33",2024-01-18,0.358640751178386,0.481543412343077,NA
"TER-NFPG-T-33",2024-01-19,1.62506967520638,2.04257226292618,NA
"TER-NFPG-T-33",2024-01-20,1.38949865841574,1.9438448005681,NA
"TER-NFPG-T-33",2024-01-21,0.6412736421045,0.827242231843205,NA
"TER-NFPG-T-33",2024-01-22,0.339836917410076,0.441813620616566,NA
"TER-NFPG-T-33",2024-01-23,0.22421360157322,0.339836917410076,NA
"TER-NFPG-T-33",2024-01-24,0.303959379437164,0.370443330172869,NA
"TER-NFPG-T-33",2024-01-25,0.74180303257026,1.1466318034808,NA
"TER-NFPG-T-33",2024-01-26,0.686304956089946,0.820922069065183,NA
"TER-NFPG-T-33",2024-01-27,1.3790290114761,1.87662972651367,NA
"TER-NFPG-T-33",2024-01-28,0.846722153836252,2.03668795501102,NA
"TER-NFPG-T-33",2024-01-29,1.67448348081915,1.96054839266977,NA
"TER-NFPG-T-33",2024-01-30,0.772899209732936,1.1818371844018,NA
"TER-NFPG-T-33",2024-01-31,1.31049277157405,2.04024277469867,NA
"TER-NFPG-T-33",2024-02-01,0.746974574194298,1.0179547554081,NA
"TER-NFPG-T-33",2024-02-02,0.769669607265238,1.17009073102926,NA
"TER-NFPG-T-33",2024-02-03,0.765835245459757,1.53933921453048,NA
"TER-NFPG-T-33",2024-02-04,0.892805381522402,1.11316235778192,NA
"TER-NFPG-T-33",2024-02-05,0.758705514657047,1.09594112821891,NA
"TER-NFPG-T-33",2024-02-06,0.464305621487537,0.61642670615246,NA
"TER-NFPG-T-33",2024-02-07,0.832970935693524,1.02128613146309,NA
"TER-NFPG-T-33",2024-02-08,0.846722153836252,1.3666578295932,NA
"TER-NFPG-T-33",2024-02-09,0.772899209732936,1.08826913497762,NA
"TER-NFPG-T-33",2024-02-10,1.69985080334222,2.17528941935803,NA
"TER-NFPG-T-33",2024-02-11,0.586301969977929,0.675328690771916,NA
"TER-NFPG-T-33",2024-02-12,0.345126525843175,0.465766471310572,NA
"TER-NFPG-T-33",2024-02-13,0.588229965875271,0.79285760916182,NA
"TER-NFPG-T-33",2024-02-14,0.882344948812907,2.36826849241675,NA
"TER-NFPG-T-33",2024-02-15,1.58442944515263,1.6528412077302,NA
"TER-NFPG-T-33",2024-02-16,0.551266657377563,0.650738153889517,NA
"TER-NFPG-T-33",2024-02-17,0.954584665735822,1.33446509937476,NA
"TER-NFPG-T-33",2024-02-18,1.82325954332312,3.46305553279014,NA
"TER-NFPG-T-33",2024-02-19,0.80729239714787,1.55674665406017,NA
"TER-NFPG-T-33",2024-02-20,0.659036956585082,1.01595068635316,NA
"TER-NFPG-T-33",2024-02-21,0.859726953621095,1.25902538796334,NA
"TER-NFPG-T-33",2024-02-22,1.16950999276979,1.6450133253502,NA
"TER-NFPG-T-33",2024-02-23,1.61290088826385,3.25348196975736,NA
"TER-NFPG-T-33",2024-02-24,1.45213486018824,2.02699177407653,NA
"TER-NFPG-T-33",2024-02-25,0.556581178890961,0.764947663266077,NA
"TER-NFPG-T-33",2024-02-26,1.11295891039691,2.35907129847835,NA
"TER-NFPG-T-33",2024-02-27,1.49984902621873,3.42776123752067,NA
"TER-NFPG-T-33",2024-02-28,1.57755428947212,2.50615185123513,NA
"TER-NFPG-T-33",2024-02-29,1.38247310428014,2.49990941864886,NA
"TER-NFPG-T-33",2024-03-01,1.84142647131928,3.8708778916641,NA
"TER-NFPG-T-33",2024-03-02,2.22469668995997,4.07265314300008,NA
"TER-NFPG-T-33",2024-03-03,1.35918107270731,1.84891272397308,NA
"TER-NFPG-T-33",2024-03-04,1.37771471142866,2.30900882179571,NA
"TER-NFPG-T-33",2024-03-05,1.3006060460249,1.81167209977453,NA
"TER-NFPG-T-33",2024-03-06,0.664511916338994,0.966607319517563,NA
"TER-NFPG-T-33",2024-03-07,1.87034446180299,2.4486575736602,NA
"TER-NFPG-T-33",2024-03-08,1.03121568893295,2.30930301926417,NA
"TER-NFPG-T-33",2024-03-09,1.34309155590236,1.67340124869394,NA
"TER-NFPG-T-33",2024-03-10,1.24818709114169,1.85025948043174,NA
"TER-NFPG-T-33",2024-03-11,0.520851448960313,0.663488802697037,NA
"TER-NFPG-T-33",2024-03-12,1.31446109528373,NA,NA
"TER-NFPG-T-33",2024-03-13,1.06810647843526,NA,NA
"TER-NFPG-T-33",2024-03-14,0.928611242975073,NA,NA
"TER-NFPG-T-33",2024-03-15,1.0179547554081,NA,NA
"TER-NFPG-T-33",2024-03-16,2.31165525111337,NA,NA
"TER-NFPG-T-33",2024-03-17,2.38873791793485,NA,NA
"TER-NFPG-T-33",2024-03-18,0.658005330140078,NA,NA
"TER-NFPG-T-33",2024-03-19,3.11378422083372,NA,NA
"TER-NFPG-T-33",2024-03-20,3.62603058813449,NA,NA
"TER-NFPG-T-33",2024-03-21,2.32649749187704,NA,NA
"TER-NFPG-T-33",2024-03-22,1.35383914656897,NA,NA
"TER-NFPG-T-33",2024-03-23,1.54857929279936,NA,NA
"TER-NFPG-T-33",2024-03-24,1.64790160815048,NA,NA
"TER-NFPG-T-33",2024-03-25,0.972213595544888,NA,NA
"TER-NFPG-T-33",2024-03-26,0.805045232323598,NA,NA
"TER-NFPG-T-33",2024-03-27,2.59170569428651,NA,NA
"TER-NFPG-T-33",2024-03-28,3.15360100129397,NA,NA
"TER-NFPG-T-33",2024-03-29,1.79054987101162,NA,NA
"TER-NFPG-T-33",2024-03-30,1.12530189186106,NA,NA
"TER-NFPG-T-33",2024-03-31,2.59798904952451,NA,NA
"TER-NFPG-T-33",2024-04-01,2.5727635567305,NA,NA
"TER-NFPG-T-33",2024-04-02,0.974307632279888,NA,NA
"TER-NFPG-T-33",2024-04-03,0.906648150919207,NA,NA
"TER-NFPG-T-33",2024-04-04,1.08012344973464,NA,NA
"TER-NFPG-T-33",2024-04-05,1.58442944515263,NA,NA
"TER-NFPG-T-33",2024-04-06,2.08644694865822,NA,NA
"TER-NFPG-T-33",2024-04-07,1.82375627662299,NA,NA
"TER-NFPG-T-33",2024-04-08,1.35517660221405,NA,NA
"TER-NFPG-T-33",2024-04-09,0.448427203146441,NA,NA
"TER-NFPG-T-33",2024-04-10,0.232152810743768,NA,NA
"TER-NFPG-T-33",2024-04-11,0.691236552140071,NA,NA
"TER-NFPG-T-33",2024-04-12,2.73430965242825,NA,NA
"TER-NFPG-T-33",2024-04-13,0.586301969977929,NA,NA
"TER-NFPG-T-33",2024-04-14,0.465766471310572,NA,NA
"TER-NFPG-T-33",2024-04-15,0.619724108789139,NA,NA
"TER-NFPG-T-33",2024-04-16,0.449939609474331,NA,NA
"TER-NFPG-T-33",2024-04-17,0.588229965875272,NA,NA
"TER-NFPG-T-33",2024-04-18,0.966607319517563,NA,NA
"TER-NFPG-T-33",2024-04-19,2.01623842620469,NA,NA
"TER-NFPG-T-33",2024-04-20,2.45798020062544,NA,NA
"TER-NFPG-T-33",2024-04-21,0.907896118682551,NA,NA
"TER-NFPG-T-33",2024-04-22,1.67407772575949,NA,NA
"TER-NFPG-T-33",2024-04-23,0.800531978921119,NA,NA
"TER-NFPG-T-33",2024-04-24,1.60713423048064,NA,NA
"TER-NFPG-T-33",2024-04-25,3.0986205439457,NA,NA
"TER-NFPG-T-33",2024-04-26,1.57884566161117,NA,NA
"TER-NFPG-T-33",2024-04-27,2.87511814502049,NA,NA
"TER-NFPG-T-33",2024-04-28,3.39750281270212,NA,NA
"TER-NFPG-T-33",2024-04-29,4.09129289299017,NA,NA
"TER-NFPG-T-33",2024-04-30,2.56641844273073,NA,NA
"TER-NFPG-T-33",2024-05-01,0.978019293843651,NA,NA
"TER-NFPG-T-33",2024-05-02,0.576957914221314,NA,NA
"TER-NFPG-T-33",2024-05-03,1.07149326926815,NA,NA
"TER-NFPG-T-33",2024-05-04,2.8814121940264,NA,NA
"TER-NFPG-T-33",2024-05-05,4.03601315333747,NA,NA
"TER-NFPG-T-33",2024-05-06,0.442325868464691,NA,NA
"TER-NFPG-T-33",2024-05-07,0.746974574194299,NA,NA
"TER-NFPG-T-33",2024-05-08,2.10061671413662,NA,NA
"TER-NFPG-T-33",2024-05-09,4.57525638784241,NA,NA
"TER-NFPG-T-33",2024-05-10,2.73058031205451,NA,NA
"TER-NFPG-T-33",2024-05-11,4.34870462138531,NA,NA
"TER-NFPG-T-33",2024-05-12,5.62018715197176,NA,NA
"TER-NFPG-T-33",2024-05-13,1.5805658498769,NA,NA
"TER-NFPG-T-33",2024-05-14,2.87157167994175,NA,NA
"TER-NFPG-T-33",2024-05-15,2.23079565970582,NA,NA
"TER-NFPG-T-33",2024-05-16,2.23028804924581,NA,NA
"TER-NFPG-T-33",2024-05-17,2.34482161492023,NA,NA
"TER-NFPG-T-33",2024-05-18,1.9438448005681,NA,NA
"TER-NFPG-T-33",2024-05-19,2.67028739700593,NA,NA
"TER-NFPG-T-33",2024-05-20,2.07981587117009,NA,NA
"TER-NFPG-T-33",2024-05-21,1.63299316185545,NA,NA
"TER-NFPG-T-33",2024-05-22,0.908893259146386,NA,NA
"TER-NFPG-T-33",2024-05-23,0.440273301155254,NA,NA
"TER-NFPG-T-33",2024-05-24,1.94756909051228,NA,NA
"TER-NFPG-T-33",2024-05-25,3.45408548269135,NA,NA
"TER-NFPG-T-33",2024-05-26,2.68517130320139,NA,NA
"TER-NFPG-T-33",2024-05-27,1.51741102931409,NA,NA
"TER-NFPG-T-33",2024-05-28,1.35667966379132,NA,NA
"TER-NFPG-T-33",2024-05-29,0.232152810743768,NA,NA
"TER-NFPG-T-33",2024-05-30,2.07720111995772,NA,NA
"TER-NFPG-T-33",2024-05-31,0.706786460997433,NA,NA
"TER-NFPG-T-33",2024-06-01,1.62506967520638,NA,NA
"TER-NFPG-T-33",2024-06-02,0.683328914796602,NA,NA
"TER-NFPG-T-33",2024-06-03,0.977092700273386,NA,NA
"TER-NFPG-T-33",2024-06-04,1.26189987889207,NA,NA
"TER-NFPG-T-33",2024-06-05,0.601929265428846,NA,NA
"TER-NFPG-T-33",2024-06-06,2.03134406136729,NA,NA
"TER-NFPG-T-33",2024-06-07,2.82642486831543,NA,NA
"TER-NFPG-T-33",2024-06-08,2.40771706171538,NA,NA
"TER-NFPG-T-33",2024-06-09,1.33717742961092,NA,NA
"TER-NFPG-T-33",2024-06-10,2.14921202277499,NA,NA
"TER-NFPG-T-33",2024-06-11,1.89667424414574,NA,NA
"TER-NFPG-T-33",2024-06-12,3.65916558160781,NA,NA
"TER-NFPG-T-33",2024-06-13,1.0179547554081,NA,NA
"TER-NFPG-T-33",2024-06-14,1.9531422100691,NA,NA
"TER-NFPG-T-33",2024-06-15,3.34050406245889,4.49833906545806,NA
"TER-NFPG-T-33",2024-06-16,1.2465532188945,1.96112582277467,NA
"TER-NFPG-T-33",2024-06-17,1.10990272455338,1.55805527240983,NA
"TER-NFPG-T-33",2024-06-18,1.72733773541074,2.65728081021706,NA
"TER-NFPG-T-33",2024-06-19,1.35868115934299,2.12121359166145,NA
"TER-NFPG-T-33",2024-06-20,3.07042932370769,4.50477805916327,NA
"TER-NFPG-T-33",2024-06-21,3.67713016248868,4.60308655111996,NA
"TER-NFPG-T-33",2024-06-22,1.25524262912435,1.97630895900648,NA
"TER-NFPG-T-33",2024-06-23,0.740886660345738,0.964731321010742,NA
"TER-NFPG-T-33",2024-06-24,1.02659384740813,1.39031327926218,NA
"TER-NFPG-T-33",2024-06-25,2.04124145231931,3.37187858876789,NA
"TER-NFPG-T-33",2024-06-26,3.61433338211923,5.14248959895519,NA
"TER-NFPG-T-33",2024-06-27,1.05616718867553,1.60148821186846,NA
"TER-NFPG-T-33",2024-06-28,2.15173926953476,3.41352807415487,NA
"TER-NFPG-T-33",2024-06-29,1.08660320344601,1.94477654168839,NA
"TER-NFPG-T-33",2024-06-30,0.619724108789139,0.951733734533601,NA
"TER-NFPG-T-33",2024-07-01,3.12938098708336,4.55476935892955,5.72545169409797
"TER-NFPG-T-33",2024-07-02,2.76592883473899,4.0948337015657,5.19597809904902
"TER-NFPG-T-33",2024-07-03,1.84731983687453,2.88918209678895,3.83909853171703
"TER-NFPG-T-33",2024-07-04,2.48683125888045,3.36050968787755,4.04503632129301
"TER-NFPG-T-33",2024-07-05,3.70803817421683,5.3659132831531,6.32097382884374
"TER-NFPG-T-33",2024-07-06,1.52856260034989,1.83563755065953,2.40319835195528
"TER-NFPG-T-33",2024-07-07,1.96527831122712,2.8561527787659,3.31327752701377
"TER-NFPG-T-33",2024-07-08,0.706786460997433,0.729490093902206,0.884395724266829
"TER-NFPG-T-33",2024-07-09,0.653862548158295,0.890519714727777,1.02857717964806
"TER-NFPG-T-33",2024-07-10,0.914605720071991,1.39810948960642,1.68419227619307
"TER-NFPG-T-33",2024-07-11,1.12530189186106,2.34172920128992,2.26254553961696
"TER-NFPG-T-33",2024-07-12,1.47626143554824,1.78763871459337,2.12473357238577
"TER-NFPG-T-33",2024-07-13,1.11132999051861,1.4356675465956,1.64790160815048
"TER-NFPG-T-33",2024-07-14,2.29365855462782,3.31437088266025,3.28258470093927
"TER-NFPG-T-33",2024-07-15,1.20667677552015,1.39875721236047,1.5667514623984
"TER-NFPG-T-33",2024-07-16,1.16388125047936,1.23944821757828,1.41277171299665
"TER-NFPG-T-33",2024-07-17,0.604556970379784,0.74180303257026,0.83378610888064
"TER-NFPG-T-33",2024-07-18,1.27954220753735,1.87650905457023,2.74249635038664
"TER-NFPG-T-33",2024-07-19,3.23358451885515,3.92819379890289,4.3819044896622
"TER-NFPG-T-33",2024-07-20,2.28733120862961,3.00535452103432,3.73432715162482
"TER-NFPG-T-33",2024-07-21,2.25291678895849,2.64129689269539,3.3318837427741
"TER-NFPG-T-33",2024-07-22,1.54857929279936,2.18598550056849,2.92540100063098
"TER-NFPG-T-33",2024-07-23,1.70463987441608,2.76551944959477,3.29683368079747
"TER-NFPG-T-33",2024-07-24,1.78040359371737,2.72460274993026,3.43258047183925
"TER-NFPG-T-33",2024-07-25,2.29681569109073,3.47115442518455,3.79645143235902
"TER-NFPG-T-33",2024-07-26,0.722001545624424,1.18241186821131,1.23780281026561
"TER-NFPG-T-33",2024-07-27,1.12268279877562,1.94663868602087,2.44356593787719
"TER-NFPG-T-33",2024-07-28,1.18871505343411,2.24536559755125,3.08925205525052
"TER-NFPG-T-33",2024-07-29,1.17876747224514,1.80766784655762,2.69056321887864
"TER-NFPG-T-33",2024-07-30,0.963086824686153,1.39291686446261,1.94477654168839
"TER-NFPG-T-33",2024-07-31,0.811768064969513,1.16718415024353,1.99818758458469
"TER-NFPG-T-33",2024-08-01,1.50301629100103,2.74051394206756,3.29353505953797
"TER-NFPG-T-33",2024-08-02,1.35065738154383,2.3100873626745,2.79070662705001
"TER-NFPG-T-33",2024-08-03,1.61290088826385,3.07160912368349,3.63949500797068
"TER-NFPG-T-33",2024-08-04,1.52856260034989,2.94022576279984,3.59548831619351
"TER-NFPG-T-33",2024-08-05,2.14298653853631,3.26147639281194,4.26770608376342
"TER-NFPG-T-33",2024-08-06,1.07823493715894,1.34174205387266,2.53775833981574
"TER-NFPG-T-33",2024-08-07,1.5022627860201,2.4955576473034,3.51291612626105
"TER-NFPG-T-33",2024-08-08,1.95973970469165,3.35187325951118,3.91392904633057
"TER-NFPG-T-33",2024-08-09,1.71193064162633,2.67807793935788,3.07860487412959
"TER-NFPG-T-33",2024-08-10,0.820922069065183,1.23578878172748,1.45213486018824
"TER-NFPG-T-33",2024-08-11,1.03909101859632,1.41932827549626,2.55509933440867
"TER-NFPG-T-33",2024-08-12,3.08036970771885,4.25968631899485,6.11924826064136
"TER-NFPG-T-33",2024-08-13,1.48848235130448,2.54301757874323,4.12837477233712
"TER-NFPG-T-33",2024-08-14,1.40118350596605,3.13465898568277,5.21494507870534
"TER-NFPG-T-33",2024-08-15,1.33361636488746,2.71861204464252,3.50439682419804
"TER-NFPG-T-33",2024-08-16,1.90679562754308,3.42881808765949,4.44939337991994
"TER-NFPG-T-33",2024-08-17,1.65051046122365,2.77140876121498,3.07625018771089
"TER-NFPG-T-33",2024-08-18,1.66104123097968,2.97810549155677,3.41432404666754
"TER-NFPG-T-33",2024-08-19,2.53347158280285,3.56207885891111,5.71131441253593
"TER-NFPG-T-33",2024-08-20,0.965904247062178,1.89953751045437,2.29355982408715
"TER-NFPG-T-33",2024-08-21,1.48848235130448,2.43827793234535,5.02705542359382
"TER-NFPG-T-33",2024-08-22,2.5727635567305,4.09134824169034,4.58178498220818
"TER-NFPG-T-33",2024-08-23,NA,NA,NA
"TER-NFPG-T-33",2024-08-24,NA,2.10718233461282,2.51291951577316
"TER-NFPG-T-33",2024-08-25,NA,3.76476561620077,4.43716190792059
"TER-NFPG-T-33",2024-08-26,NA,0.98540067624983,0.964731321010742
"TER-NFPG-T-33",2024-08-27,NA,1.52856260034989,2.23566285602215
"TER-NFPG-T-33",2024-08-28,NA,2.89646210982004,4.12568615285798
"TER-NFPG-T-33",2024-08-29,NA,2.89669664433046,3.12184623468925
"TER-NFPG-T-33",2024-08-30,NA,2.94883912309794,3.7667500311411
"TER-NFPG-T-33",2024-08-31,NA,1.71100445115846,1.67894031451691
"TER-NFPG-T-33",2024-09-01,NA,1.01595068635316,1.56718500521786
"TER-NFPG-T-33",2024-09-02,NA,1.39096463243882,2.49773448073086
"TER-NFPG-T-33",2024-09-03,NA,2.55793380725906,3.48593187175148
"TER-NFPG-T-33",2024-09-04,NA,2.01444062074134,2.56429991576083
"TER-NFPG-T-33",2024-09-05,NA,2.22866291883656,2.51868020995124
"TER-NFPG-T-33",2024-09-06,NA,1.78751203502587,2.11265596285607
"TER-NFPG-T-33",2024-09-07,NA,1.47426596817791,1.83366268451417
"TER-NFPG-T-33",2024-09-08,NA,1.91378958605959,3.54448949738907
"TER-NFPG-T-33",2024-09-09,NA,1.66035944248854,1.9752774525349
"TER-NFPG-T-33",2024-09-10,NA,1.55979838905313,1.60162960490381
"TER-NFPG-T-33",2024-09-11,NA,1.67772598857907,2.89794717448178
"TER-NFPG-T-33",2024-09-12,NA,3.1987316326899,4.50342060010491
"TER-NFPG-T-33",2024-09-13,NA,3.13632007664849,4.65318964937423
"TER-NFPG-T-33",2024-09-14,NA,2.47450770978736,2.84558837297417
"TER-NFPG-T-33",2024-09-15,NA,2.87724392582479,4.93760892376644
"TER-NFPG-T-33",2024-09-16,NA,0.594357526717057,0.675328690771916
"TER-NFPG-T-33",2024-09-17,NA,1.19612144941019,2.41588568090222
"TER-NFPG-T-33",2024-09-18,NA,2.63537459867897,4.97598398979204
"TER-NFPG-T-33",2024-09-19,NA,1.53226175536575,2.06374852417015
"TER-NFPG-T-33",2024-09-20,NA,2.04788685715548,4.43532427780375
"TER-NFPG-T-33",2024-09-21,NA,3.25598668230727,4.98471395251581
"TER-NFPG-T-33",2024-09-22,NA,1.55907232729567,1.73361898426635
"TER-NFPG-T-33",2024-09-23,NA,2.41363502998507,2.62228120072051
"TER-NFPG-T-33",2024-09-24,NA,0.751508145500515,0.930316682874591
"TER-NFPG-T-33",2024-09-25,NA,1.39470400994703,2.70592144556438
"TER-NFPG-T-33",2024-09-26,NA,1.53403418135491,2.41063089342766
"TER-NFPG-T-33",2024-09-27,NA,1.42044466399725,1.71945390724219
"TER-NFPG-T-33",2024-09-28,NA,0.686304956089947,1.63396357258102
"TER-NFPG-T-33",2024-09-29,NA,0.69025305168635,0.667232549687378
"TER-NFPG-T-33",2024-09-30,NA,0.291796037560882,0.408248290463863
"TER-NFPG-T-33",2024-10-01,NA,0.294114982937636,0.326931274079147
"TER-NFPG-T-33",2024-10-02,NA,0.312046772785422,0.312046772785422
"TER-NFPG-T-33",2024-10-03,NA,0.403225222065963,0.499546896146173
"TER-NFPG-T-33",2024-10-04,NA,0.779899194526567,0.726067430094119
"TER-NFPG-T-33",2024-10-05,NA,1.57755428947212,1.87070764724189
"TER-NFPG-T-33",2024-10-06,NA,1.70198094302926,2.47011118684207
"TER-NFPG-T-33",2024-10-07,NA,NA,2.82458153884168
"TER-NFPG-T-33",2024-10-08,NA,NA,2.23728290178258
"TER-NFPG-T-33",2024-10-09,NA,NA,3.00241448731237
"TER-NFPG-T-33",2024-10-10,NA,NA,1.60487820658485
"TER-NFPG-T-33",2024-10-11,NA,NA,2.75312733903238
"TER-NFPG-T-33",2024-10-12,NA,NA,3.28527401632175
"TER-NFPG-T-33",2024-10-13,NA,NA,1.49091451363132
"TER-NFPG-T-33",2024-10-14,NA,NA,1.07001286732071
"TER-NFPG-T-33",2024-10-15,NA,NA,1.87807718506016
"TER-NFPG-T-33",2024-10-16,NA,NA,2.6654492239053
"TER-NFPG-T-33",2024-10-17,NA,NA,3.51368958400619
"TER-NFPG-T-33",2024-10-18,NA,NA,1.96112582277467
"TER-NFPG-T-33",2024-10-19,NA,NA,0.764947663266077
"TER-NFPG-T-33",2024-10-20,NA,NA,1.99410362703705
"TER-NFPG-T-33",2024-10-21,NA,NA,3.35868978940439
"TER-NFPG-T-33",2024-10-22,NA,NA,2.19807227795867
"TER-NFPG-T-33",2024-10-23,NA,NA,2.03223568614912
"TER-NFPG-T-33",2024-10-24,NA,NA,3.69482354307926
"TER-NFPG-T-33",2024-10-25,NA,NA,3.69040815071187
"TER-NFPG-T-33",2024-10-26,NA,NA,1.85868505802558
"TER-NFPG-T-33",2024-10-27,NA,NA,1.46687457353816
"TER-NFPG-T-33",2024-10-28,NA,NA,2.39101200452802
"TER-NFPG-T-33",2024-10-29,NA,NA,2.98547206958311
"TER-NFPG-T-33",2024-10-30,NA,NA,1.36317377968592
"TER-NFPG-T-33",2024-10-31,NA,NA,1.07149326926815
"TER-NFPG-T-33",2024-11-01,NA,NA,1.35517660221405
"TER-NFPG-T-33",2024-11-02,NA,NA,1.33242722834704
"TER-NFPG-T-33",2024-11-03,NA,NA,0.890519714727776
"TER-NFPG-T-33",2024-11-04,NA,NA,2.36214100868842
"TER-NFPG-T-33",2024-11-05,NA,NA,1.76263554314867
"TER-NFPG-T-33",2024-11-06,NA,NA,2.8417660104187
"TER-NFPG-T-33",2024-11-07,NA,NA,2.73563441493448
"TER-NFPG-T-33",2024-11-08,NA,NA,1.17645993175054
"TER-NFPG-T-33",2024-11-09,NA,NA,0.981486228834264
"TER-NFPG-T-33",2024-11-10,NA,NA,0.850990471514632
"TER-NFPG-T-33",2024-11-11,NA,NA,0.69025305168635
"TER-NFPG-T-33",2024-11-12,NA,NA,0.329002665070039
"TER-NFPG-T-33",2024-11-13,NA,NA,1.18394299461281
"TER-NFPG-T-33",2024-11-14,NA,NA,0.954584665735822
"TER-NFPG-T-33",2024-11-15,NA,NA,1.8056623900017
"TER-NFPG-T-33",2024-11-16,NA,NA,1.41932827549626
"TER-NFPG-T-33",2024-11-17,NA,NA,0.679673834820151
"TER-NFPG-T-33",2024-11-18,NA,NA,0.294114982937636
"TER-NFPG-T-33",2024-11-19,NA,NA,1.78103942945555
"TER-NFPG-T-33",2024-11-20,NA,NA,1.96976696186579
"TER-NFPG-T-33",2024-11-21,NA,NA,0.963086824686153
"TER-NFPG-T-33",2024-11-22,NA,NA,0.7058246282166
"TER-NFPG-T-33",2024-11-23,NA,NA,1.54403949788031
"TER-NFPG-T-33",2024-11-24,NA,NA,1.48772148515483
"TER-NFPG-T-33",2024-11-25,NA,NA,1.84142647131928
"TER-NFPG-T-33",2024-11-26,NA,NA,1.27617521853615
"TER-NFPG-T-33",2024-11-27,NA,NA,1.79358256174537
"TER-NFPG-T-33",2024-11-28,NA,NA,2.2421360157322
"TER-NFPG-T-33",2024-11-29,NA,NA,1.55208485312638
"TER-NFPG-T-33",2024-11-30,NA,NA,3.85040699900296
"TER-NFPG-T-33",2024-12-01,NA,NA,3.57223593358801
"TER-NFPG-T-33",2024-12-02,NA,NA,3.78689578812844
"TER-NFPG-T-33",2024-12-03,NA,NA,3.0442836667233
"TER-NFPG-T-33",2024-12-04,NA,NA,2.90894422802142
"TER-NFPG-T-33",2024-12-05,NA,NA,1.57884566161117
"TER-NFPG-T-33",2024-12-06,NA,NA,0.88771812996067
"TER-NFPG-T-33",2024-12-07,NA,NA,2.93398070096297
"TER-NFPG-T-33",2024-12-08,NA,NA,1.59653156670273
"TER-NFPG-T-33",2024-12-09,NA,NA,2.05847488218334
"TER-NFPG-T-33",2024-12-10,NA,NA,0.872278375988647
"TER-NFPG-T-33",2024-12-11,NA,NA,1.03909101859632
"TER-NFPG-T-33",2024-12-12,NA,NA,4.50764246360669
"TER-NFPG-T-33",2024-12-13,NA,NA,0.923721207705668
"TER-NFPG-T-33",2024-12-14,NA,NA,2.85234457336721
"TER-NFPG-T-33",2024-12-15,NA,NA,NA
"TER-NFPG-T-33",2024-12-16,NA,NA,NA
"TER-NFPG-T-33",2024-12-17,NA,NA,NA
"TER-NFPG-T-33",2024-12-18,NA,NA,NA
"TER-NFPG-T-33",2024-12-19,NA,NA,NA
"TER-NFPG-T-33",2024-12-20,NA,NA,NA
"TER-NFPG-T-33",2024-12-21,NA,NA,NA
"TER-NFPG-T-33",2024-12-22,NA,NA,NA
"TER-NFPG-T-33",2024-12-23,NA,NA,NA
"TER-NFPG-T-33",2024-12-24,NA,NA,NA
"TER-NFPG-T-33",2024-12-25,NA,NA,NA
"TER-NFPG-T-33",2024-12-26,NA,NA,NA
"TER-NFPG-T-33",2024-12-27,NA,NA,NA
"TER-NFPG-T-33",2024-12-28,NA,NA,NA
"TER-NFPG-T-33",2024-12-29,NA,NA,NA
"TER-NFPG-T-33",2024-12-30,NA,NA,NA
"TER-NFPG-T-33",2024-12-31,NA,NA,NA
"TER-NFPG-T-33",2025-01-01,NA,NA,NA
"TER-NFPG-T-33",2025-01-02,NA,NA,NA
"TER-NFPG-T-33",2025-01-03,NA,NA,NA
"TER-NFPG-T-33",2025-01-04,NA,NA,NA
"TER-NFPG-T-33",2025-01-05,NA,NA,NA
"TER-NFPG-T-33",2025-01-06,NA,NA,NA
"TER-NFPG-T-33",2025-01-07,NA,NA,NA
"TER-NFPG-T-33",2025-01-08,NA,NA,NA
"TER-NFPG-T-33",2025-01-09,NA,NA,NA
"TER-NFPG-T-33",2025-01-10,NA,NA,NA
"TER-NFPG-T-33",2025-01-11,NA,NA,NA
"TER-NFPG-T-33",2025-01-12,NA,NA,NA
"TER-NFPG-T-33",2025-01-13,NA,NA,NA
"TER-NFPG-T-33",2025-01-14,NA,NA,NA
"TER-NFPG-T-33",2025-01-15,NA,NA,NA
"TER-NFPG-T-33",2025-01-16,NA,NA,NA
"TER-NFPG-T-33",2025-01-17,NA,NA,NA
"TER-NFPG-T-33",2025-01-18,NA,NA,NA
"TER-NFPG-T-33",2025-01-19,NA,NA,NA
"TER-NFPG-T-33",2025-01-20,NA,NA,NA
"TER-NFPG-T-33",2025-01-21,NA,NA,NA
"TER-NFPG-T-33",2025-01-22,NA,NA,NA
"TER-NFPG-T-33",2025-01-23,NA,NA,NA
"TER-NFPG-T-33",2025-01-24,NA,NA,NA
"TER-NFPG-T-33",2025-01-25,NA,NA,NA
"TER-NFPG-T-33",2025-01-26,NA,NA,NA
"TER-NFPG-T-33",2025-01-27,NA,NA,NA
"TER-NFPG-T-33",2025-01-28,NA,NA,NA
"TER-NFPG-T-33",2025-01-29,NA,NA,NA
"TER-NFPG-T-33",2025-01-30,NA,NA,NA
"TER-NFPG-T-33",2025-01-31,NA,NA,NA
"TER-NFPG-T-33",2025-02-01,NA,NA,NA
"TER-NFPG-T-33",2025-02-02,NA,NA,NA
"TER-NFPG-T-33",2025-02-03,NA,NA,NA
"TER-NFPG-T-33",2025-02-04,NA,NA,NA
"TER-NFPG-T-33",2025-02-05,NA,NA,NA
"TER-NFPG-T-33",2025-02-06,NA,NA,NA
"TER-NFPG-T-33",2025-02-07,NA,NA,NA
"TER-NFPG-T-33",2025-02-08,NA,NA,NA
"TER-NFPG-T-33",2025-02-09,NA,NA,NA
"TER-NFPG-T-33",2025-02-10,NA,NA,NA
"TER-NFPG-T-33",2025-02-11,NA,NA,NA
"TER-NFPG-T-33",2025-02-12,NA,NA,NA
"TER-NFPG-T-33",2025-02-13,NA,NA,NA
"TER-NFPG-T-33",2025-02-14,NA,NA,NA
"TER-NFPG-T-33",2025-02-15,NA,NA,NA
"TER-NFPG-T-33",2025-02-16,NA,NA,NA
"TER-NFPG-T-33",2025-02-17,NA,NA,NA
"TER-NFPG-T-33",2025-02-18,NA,NA,NA
"TER-NFPG-T-33",2025-02-19,NA,NA,NA
"TER-NFPG-T-33",2025-02-20,NA,NA,NA
"TER-NFPG-T-33",2025-02-21,NA,NA,NA
"TER-NFPG-T-33",2025-02-22,NA,NA,NA
"TER-NFPG-T-33",2025-02-23,NA,NA,NA
"TER-NFPG-T-33",2025-02-24,NA,NA,NA
"TER-NFPG-T-33",2025-02-25,NA,NA,NA
"TER-NFPG-T-33",2025-02-26,NA,NA,NA
"TER-NFPG-T-33",2025-02-27,NA,NA,NA
"TER-NFPG-T-33",2025-02-28,NA,NA,NA
"TER-NFPG-T-33",2025-03-01,NA,NA,NA
"TER-NFPG-T-33",2025-03-02,NA,NA,NA
"TER-NFPG-T-33",2025-03-03,NA,NA,NA
"TER-NFPG-T-33",2025-03-04,NA,NA,NA
"TER-NFPG-T-33",2025-03-05,NA,NA,NA
"TER-NFPG-T-33",2025-03-06,NA,NA,NA
"TER-NFPG-T-33",2025-03-07,NA,NA,NA
"TER-NFPG-T-33",2025-03-08,NA,NA,NA
"TER-NFPG-T-33",2025-03-09,NA,NA,NA
"TER-NFPG-T-33",2025-03-10,NA,NA,NA
"TER-NFPG-T-33",2025-03-11,NA,NA,NA
"TER-NFPG-T-33",2025-03-12,NA,NA,NA
"TER-NFPG-T-33",2025-03-13,NA,NA,NA
"TER-NFPG-T-33",2025-03-14,NA,NA,NA
"TER-NFPG-T-33",2025-03-15,NA,NA,NA
"TER-NFPG-T-33",2025-03-16,NA,NA,NA
"TER-NFPG-T-33",2025-03-17,NA,NA,NA
"TER-NFPG-T-33",2025-03-18,NA,NA,NA
"TER-NFPG-T-33",2025-03-19,NA,NA,NA
"TER-NFPG-T-33",2025-03-20,NA,NA,NA
"TER-NFPG-T-33",2025-03-21,NA,NA,NA
"TER-NFPG-T-33",2025-03-22,NA,NA,NA
"TER-NFPG-T-33",2025-03-23,NA,NA,NA
"TER-NFPG-T-33",2025-03-24,NA,NA,NA
"TER-NFPG-T-33",2025-03-25,NA,NA,NA
"TER-NFPG-T-33",2025-03-26,NA,NA,NA
"TER-NFPG-T-33",2025-03-27,NA,NA,NA
"TER-NFPG-T-33",2025-03-28,NA,NA,NA
"TER-NFPG-T-33",2025-03-29,NA,NA,NA
"TER-NFPG-T-33",2025-03-30,NA,NA,NA
"TER-NFPG-T-33",2025-03-31,NA,NA,NA
"TER-NFPG-T-33",2025-04-01,NA,NA,NA
"TER-NFPG-T-33",2025-04-02,NA,NA,NA
"TER-NFPG-T-33",2025-04-03,NA,NA,NA
"TER-NFPG-T-33",2025-04-04,NA,NA,NA
"TER-NFPG-T-33",2025-04-05,NA,NA,NA
"TER-NFPG-T-33",2025-04-06,NA,NA,NA
"TER-NFPG-T-33",2025-04-07,NA,NA,NA
"TER-NFPG-T-33",2025-04-08,NA,NA,NA
"TER-NFPG-T-33",2025-04-09,NA,NA,NA
"TER-NFPG-T-33",2025-04-10,NA,NA,NA
"TER-NFPG-T-33",2025-04-11,NA,NA,NA
"TER-NFPG-T-33",2025-04-12,NA,NA,NA
"TER-NFPG-T-33",2025-04-13,NA,NA,NA
"TER-NFPG-T-33",2025-04-14,NA,NA,NA
"TER-NFPG-T-33",2025-04-15,NA,NA,NA
"TER-NFPG-T-33",2025-04-16,NA,NA,NA
"TER-NFPG-T-33",2025-04-17,NA,NA,NA
"TER-NFPG-T-33",2025-04-18,NA,NA,NA
"TER-NFPG-T-33",2025-04-19,NA,NA,NA
"TER-NFPG-T-33",2025-04-20,NA,NA,NA
"TER-NFPG-T-33",2025-04-21,NA,NA,NA
"TER-NFPG-T-33",2025-04-22,NA,NA,NA
"TER-NFPG-T-33",2025-04-23,NA,NA,NA
"TER-NFPG-T-33",2025-04-24,NA,NA,NA
"TER-NFPG-T-33",2025-04-25,NA,NA,NA
"TER-NFPG-T-33",2025-04-26,NA,NA,NA
"TER-NFPG-T-33",2025-04-27,NA,NA,NA
"TER-NFPG-T-33",2025-04-28,NA,NA,NA
"TER-NFPG-T-33",2025-04-29,NA,NA,NA
"TER-NFPG-T-33",2025-04-30,NA,NA,NA
"TER-NFPG-T-33",2025-05-01,NA,NA,NA
"TER-NFPG-T-33",2025-05-02,NA,NA,NA
"TER-NFPG-T-33",2025-05-03,NA,NA,NA
"TER-NFPG-T-33",2025-05-04,NA,NA,NA
"TER-NFPG-T-33",2025-05-05,NA,NA,NA
"TER-NFPG-T-33",2025-05-06,NA,NA,NA
"TER-NFPG-T-33",2025-05-07,NA,NA,NA
"TER-NFPG-T-33",2025-05-08,NA,NA,NA
"TER-NFPG-T-33",2025-05-09,NA,NA,NA
"TER-NFPG-T-33",2025-05-10,NA,NA,NA
"TER-NFPG-T-33",2025-05-11,NA,NA,NA
"TER-NFPG-T-33",2025-05-12,NA,NA,NA
"TER-NFPG-T-33",2025-05-13,NA,NA,NA
"TER-NFPG-T-33",2025-05-14,NA,NA,NA
"TER-NFPG-T-33",2025-05-15,NA,NA,NA
"TER-NFPG-T-33",2025-05-16,NA,NA,NA
"TER-NFPG-T-33",2025-05-17,NA,NA,NA
"TER-NFPG-T-33",2025-05-18,NA,NA,NA
"TER-NFPG-T-33",2025-05-19,NA,NA,NA
"TER-NFPG-T-33",2025-05-20,NA,NA,NA
"TER-NFPG-T-33",2025-05-21,NA,NA,NA
"TER-NFPG-T-33",2025-05-22,NA,NA,NA
"TER-NFPG-T-33",2025-05-23,NA,NA,NA
"TER-NFPG-T-33",2025-05-24,NA,NA,NA
"TER-NFPG-T-33",2025-05-25,NA,NA,NA
"TER-NFPG-T-33",2025-05-26,NA,NA,NA
"TER-NFPG-T-33",2025-05-27,NA,NA,NA
"TER-NFPG-T-33",2025-05-28,NA,NA,NA
"TER-NFPG-T-33",2025-05-29,NA,NA,NA
"TER-NFPG-T-33",2025-05-30,NA,NA,NA
"TER-NFPG-T-33",2025-05-31,NA,NA,NA
"TER-NFPG-T-33",2025-06-01,NA,NA,NA
"TER-NFPG-T-33",2025-06-02,NA,NA,NA
"TER-NFPG-T-33",2025-06-03,NA,NA,NA
"TER-NFPG-T-33",2025-06-04,NA,NA,NA
"TER-NFPG-T-33",2025-06-05,NA,NA,NA
"TER-NFPG-T-33",2025-06-06,NA,NA,NA
"TER-NFPG-T-33",2025-06-07,NA,NA,NA
"TER-NFPG-T-33",2025-06-08,NA,NA,NA
"TER-NFPG-T-33",2025-06-09,NA,NA,NA
"TER-NFPG-T-33",2025-06-10,NA,NA,NA
"TER-NFPG-T-33",2025-06-11,NA,NA,NA
"TER-NFPG-T-33",2025-06-12,NA,NA,NA
"TER-NFSB-T-07",2023-08-09,NA,NA,NA
"TER-NFSB-T-07",2023-08-10,NA,NA,NA
"TER-NFSB-T-07",2023-08-11,NA,NA,NA
"TER-NFSB-T-07",2023-08-12,NA,NA,NA
"TER-NFSB-T-07",2023-08-13,NA,NA,NA
"TER-NFSB-T-07",2023-08-14,NA,NA,NA
"TER-NFSB-T-07",2023-08-15,NA,NA,NA
"TER-NFSB-T-07",2023-08-16,NA,NA,NA
"TER-NFSB-T-07",2023-08-17,NA,NA,NA
"TER-NFSB-T-07",2023-08-18,NA,NA,NA
"TER-NFSB-T-07",2023-08-19,NA,NA,NA
"TER-NFSB-T-07",2023-08-20,NA,NA,NA
"TER-NFSB-T-07",2023-08-21,NA,NA,NA
"TER-NFSB-T-07",2023-08-22,NA,NA,NA
"TER-NFSB-T-07",2023-08-23,NA,NA,NA
"TER-NFSB-T-07",2023-08-24,NA,NA,NA
"TER-NFSB-T-07",2023-08-25,NA,NA,NA
"TER-NFSB-T-07",2023-08-26,NA,NA,NA
"TER-NFSB-T-07",2023-08-27,NA,NA,NA
"TER-NFSB-T-07",2023-08-28,NA,NA,NA
"TER-NFSB-T-07",2023-08-29,NA,NA,NA
"TER-NFSB-T-07",2023-08-30,NA,NA,NA
"TER-NFSB-T-07",2023-08-31,NA,NA,NA
"TER-NFSB-T-07",2023-09-01,NA,NA,NA
"TER-NFSB-T-07",2023-09-02,NA,NA,NA
"TER-NFSB-T-07",2023-09-03,NA,NA,NA
"TER-NFSB-T-07",2023-09-04,NA,NA,NA
"TER-NFSB-T-07",2023-09-05,NA,NA,NA
"TER-NFSB-T-07",2023-09-06,NA,NA,NA
"TER-NFSB-T-07",2023-09-07,NA,NA,NA
"TER-NFSB-T-07",2023-09-08,NA,NA,NA
"TER-NFSB-T-07",2023-09-09,NA,NA,NA
"TER-NFSB-T-07",2023-09-10,NA,NA,NA
"TER-NFSB-T-07",2023-09-11,NA,NA,NA
"TER-NFSB-T-07",2023-09-12,NA,NA,NA
"TER-NFSB-T-07",2023-09-13,NA,NA,NA
"TER-NFSB-T-07",2023-09-14,NA,NA,NA
"TER-NFSB-T-07",2023-09-15,NA,NA,NA
"TER-NFSB-T-07",2023-09-16,NA,NA,NA
"TER-NFSB-T-07",2023-09-17,NA,NA,NA
"TER-NFSB-T-07",2023-09-18,NA,NA,NA
"TER-NFSB-T-07",2023-09-19,NA,NA,NA
"TER-NFSB-T-07",2023-09-20,NA,NA,NA
"TER-NFSB-T-07",2023-09-21,NA,NA,NA
"TER-NFSB-T-07",2023-09-22,NA,NA,NA
"TER-NFSB-T-07",2023-09-23,NA,NA,NA
"TER-NFSB-T-07",2023-09-24,NA,NA,NA
"TER-NFSB-T-07",2023-09-25,NA,NA,NA
"TER-NFSB-T-07",2023-09-26,NA,NA,NA
"TER-NFSB-T-07",2023-09-27,NA,NA,NA
"TER-NFSB-T-07",2023-09-28,NA,NA,NA
"TER-NFSB-T-07",2023-09-29,NA,NA,NA
"TER-NFSB-T-07",2023-09-30,NA,NA,NA
"TER-NFSB-T-07",2023-10-01,NA,NA,NA
"TER-NFSB-T-07",2023-10-02,NA,NA,NA
"TER-NFSB-T-07",2023-10-03,NA,NA,NA
"TER-NFSB-T-07",2023-10-04,NA,NA,NA
"TER-NFSB-T-07",2023-10-05,NA,NA,NA
"TER-NFSB-T-07",2023-10-06,NA,NA,NA
"TER-NFSB-T-07",2023-10-07,NA,NA,NA
"TER-NFSB-T-07",2023-10-08,NA,NA,NA
"TER-NFSB-T-07",2023-10-09,NA,NA,NA
"TER-NFSB-T-07",2023-10-10,NA,NA,NA
"TER-NFSB-T-07",2023-10-11,NA,NA,NA
"TER-NFSB-T-07",2023-10-12,NA,NA,NA
"TER-NFSB-T-07",2023-10-13,NA,NA,NA
"TER-NFSB-T-07",2023-10-14,NA,NA,NA
"TER-NFSB-T-07",2023-10-15,NA,NA,NA
"TER-NFSB-T-07",2023-10-16,NA,NA,NA
"TER-NFSB-T-07",2023-10-17,NA,NA,NA
"TER-NFSB-T-07",2023-10-18,NA,NA,NA
"TER-NFSB-T-07",2023-10-19,NA,NA,NA
"TER-NFSB-T-07",2023-10-20,NA,NA,NA
"TER-NFSB-T-07",2023-10-21,NA,NA,NA
"TER-NFSB-T-07",2023-10-22,NA,NA,NA
"TER-NFSB-T-07",2023-10-23,NA,NA,NA
"TER-NFSB-T-07",2023-10-24,NA,NA,NA
"TER-NFSB-T-07",2023-10-25,NA,NA,NA
"TER-NFSB-T-07",2023-10-26,NA,NA,NA
"TER-NFSB-T-07",2023-10-27,NA,NA,NA
"TER-NFSB-T-07",2023-10-28,NA,NA,NA
"TER-NFSB-T-07",2023-10-29,NA,NA,NA
"TER-NFSB-T-07",2023-10-30,NA,NA,NA
"TER-NFSB-T-07",2023-10-31,NA,NA,NA
"TER-NFSB-T-07",2023-11-01,NA,NA,NA
"TER-NFSB-T-07",2023-11-02,NA,NA,NA
"TER-NFSB-T-07",2023-11-03,NA,NA,NA
"TER-NFSB-T-07",2023-11-04,NA,NA,NA
"TER-NFSB-T-07",2023-11-05,NA,NA,NA
"TER-NFSB-T-07",2023-11-06,NA,NA,NA
"TER-NFSB-T-07",2023-11-07,NA,NA,NA
"TER-NFSB-T-07",2023-11-08,NA,NA,NA
"TER-NFSB-T-07",2023-11-09,NA,NA,NA
"TER-NFSB-T-07",2023-11-10,NA,NA,NA
"TER-NFSB-T-07",2023-11-11,NA,NA,NA
"TER-NFSB-T-07",2023-11-12,NA,NA,NA
"TER-NFSB-T-07",2023-11-13,NA,NA,NA
"TER-NFSB-T-07",2023-11-14,NA,NA,NA
"TER-NFSB-T-07",2023-11-15,NA,NA,NA
"TER-NFSB-T-07",2023-11-16,NA,NA,NA
"TER-NFSB-T-07",2023-11-17,NA,NA,NA
"TER-NFSB-T-07",2023-11-18,NA,NA,NA
"TER-NFSB-T-07",2023-11-19,NA,NA,NA
"TER-NFSB-T-07",2023-11-20,NA,NA,NA
"TER-NFSB-T-07",2023-11-21,NA,NA,NA
"TER-NFSB-T-07",2023-11-22,NA,NA,NA
"TER-NFSB-T-07",2023-11-23,NA,NA,NA
"TER-NFSB-T-07",2023-11-24,NA,NA,NA
"TER-NFSB-T-07",2023-11-25,NA,NA,NA
"TER-NFSB-T-07",2023-11-26,NA,NA,NA
"TER-NFSB-T-07",2023-11-27,NA,NA,NA
"TER-NFSB-T-07",2023-11-28,NA,NA,NA
"TER-NFSB-T-07",2023-11-29,NA,NA,NA
"TER-NFSB-T-07",2023-11-30,NA,NA,NA
"TER-NFSB-T-07",2023-12-01,NA,NA,NA
"TER-NFSB-T-07",2023-12-02,NA,NA,NA
"TER-NFSB-T-07",2023-12-03,NA,NA,NA
"TER-NFSB-T-07",2023-12-04,NA,NA,NA
"TER-NFSB-T-07",2023-12-05,NA,NA,NA
"TER-NFSB-T-07",2023-12-06,NA,NA,NA
"TER-NFSB-T-07",2023-12-07,NA,NA,NA
"TER-NFSB-T-07",2023-12-08,NA,NA,NA
"TER-NFSB-T-07",2023-12-09,NA,NA,NA
"TER-NFSB-T-07",2023-12-10,NA,NA,NA
"TER-NFSB-T-07",2023-12-11,NA,NA,NA
"TER-NFSB-T-07",2023-12-12,0.545070132437435,0.717281502356772,0.777572868107801
"TER-NFSB-T-07",2023-12-13,1.03187426208508,1.20385853085769,1.20667677552015
"TER-NFSB-T-07",2023-12-14,1.27688479613812,1.45898018780441,1.5273769786083
"TER-NFSB-T-07",2023-12-15,1.16017864691332,1.16388125047936,1.2450990880771
"TER-NFSB-T-07",2023-12-16,0,0.102062072615966,0.232152810743768
"TER-NFSB-T-07",2023-12-17,0.255376959227625,0.254488688852026,0.254488688852026
"TER-NFSB-T-07",2023-12-18,1.84105750959148,2.16527268423666,2.15016008841135
"TER-NFSB-T-07",2023-12-19,0.746974574194298,1.00722031037067,1.06300606021695
"TER-NFSB-T-07",2023-12-20,0.670280062599836,0.818435676471731,0.800531978921119
"TER-NFSB-T-07",2023-12-21,0.688610762774367,0.827242231843205,0.862881925521276
"TER-NFSB-T-07",2023-12-22,1.04170289792063,1.35065738154383,1.30980140103182
"TER-NFSB-T-07",2023-12-23,0.749093655258023,1.03187426208508,1.05100883213101
"TER-NFSB-T-07",2023-12-24,0.954584665735822,0.98884173203526,1.10990272455338
"TER-NFSB-T-07",2023-12-25,0.7058246282166,0.83378610888064,0.818435676471731
"TER-NFSB-T-07",2023-12-26,2.05715435929612,2.38617697996401,2.49265224557926
"TER-NFSB-T-07",2023-12-27,0.859463516521722,1.01595068635316,0.977787727771069
"TER-NFSB-T-07",2023-12-28,1.27101893394032,1.35667966379132,1.51068057414579
"TER-NFSB-T-07",2023-12-29,1.2150922908826,1.53093108923949,1.53875066959804
"TER-NFSB-T-07",2023-12-30,1.40634560866612,1.68096224168511,1.73505523447142
"TER-NFSB-T-07",2023-12-31,1.68055805086252,1.9034674690672,2.07370965642021
"TER-NFSB-T-07",2024-01-01,0.751809411556112,0.85311662216516,0.791428263111808
"TER-NFSB-T-07",2024-01-02,0.932261936818499,1.0215078369105,1.08263634211833
"TER-NFSB-T-07",2024-01-03,1.29309761784459,1.69825144516779,1.78040359371737
"TER-NFSB-T-07",2024-01-04,0.695482316219408,0.951733734533601,0.958372715006831
"TER-NFSB-T-07",2024-01-05,0.619724108789139,0.813996670576818,0.824225591744734
"TER-NFSB-T-07",2024-01-06,0.8198179366636,1.07823493715894,1.12268279877562
"TER-NFSB-T-07",2024-01-07,1.0494995356656,1.09159337070015,1.17028424640824
"TER-NFSB-T-07",2024-01-08,0.800531978921118,1.08326365439238,1.04170289792063
"TER-NFSB-T-07",2024-01-09,0.416485467846762,0.416485467846762,0.499546896146173
"TER-NFSB-T-07",2024-01-10,1.04235484514075,1.25902538796334,1.26762930621338
"TER-NFSB-T-07",2024-01-11,NA,0.350982059081517,0.312046772785423
"TER-NFSB-T-07",2024-01-12,NA,0.291796037560882,0.337831962346088
"TER-NFSB-T-07",2024-01-13,NA,0.589767824619589,0.531609533071195
"TER-NFSB-T-07",2024-01-14,NA,1.09325169808344,1.2128538629009
"TER-NFSB-T-07",2024-01-15,NA,0.749093655258023,0.775531608229038
"TER-NFSB-T-07",2024-01-16,NA,0.992499041725526,0.920528754795741
"TER-NFSB-T-07",2024-01-17,NA,0.576957914221314,0.551677284367371
"TER-NFSB-T-07",2024-01-18,NA,0.453948059341275,0.499546896146173
"TER-NFSB-T-07",2024-01-19,NA,1.90239646731184,1.96527831122712
"TER-NFSB-T-07",2024-01-20,NA,1.59653156670273,1.70556952109973
"TER-NFSB-T-07",2024-01-21,NA,0.8198179366636,0.840279025431262
"TER-NFSB-T-07",2024-01-22,NA,0.380693493813441,0.375301810914046
"TER-NFSB-T-07",2024-01-23,NA,0.287889622568457,0.232152810743768
"TER-NFSB-T-07",2024-01-24,NA,0.403225222065963,0.398707149803396
"TER-NFSB-T-07",2024-01-25,NA,0.691564074808125,0.784531153259565
"TER-NFSB-T-07",2024-01-26,NA,0.764947663266077,0.931532942621143
"TER-NFSB-T-07",2024-01-27,NA,1.93742695046956,2.01342864972569
"TER-NFSB-T-07",2024-01-28,NA,1.00722031037067,1.26189987889207
"TER-NFSB-T-07",2024-01-29,NA,1.90810153012762,1.9670059275052
"TER-NFSB-T-07",2024-01-30,NA,0.884395724266829,1.03712779249763
"TER-NFSB-T-07",2024-01-31,NA,1.85514853501183,2.06769492886175
"TER-NFSB-T-07",2024-02-01,NA,0.850191794218529,0.850191794218529
"TER-NFSB-T-07",2024-02-02,NA,0.561038762255892,0.630949939446036
"TER-NFSB-T-07",2024-02-03,NA,0.707106781186548,0.750603621828092
"TER-NFSB-T-07",2024-02-04,NA,1.07823493715894,1.0451752505431
"TER-NFSB-T-07",2024-02-05,NA,1.09014026487487,1.12751329565733
"TER-NFSB-T-07",2024-02-06,NA,0.613480803002159,0.637022057270606
"TER-NFSB-T-07",2024-02-07,NA,0.963086824686153,0.996370223957142
"TER-NFSB-T-07",2024-02-08,NA,0.798265783351363,0.769669607265238
"TER-NFSB-T-07",2024-02-09,NA,0.658005330140079,0.810930758851934
"TER-NFSB-T-07",2024-02-10,NA,2.00361991246423,2.05318769481626
"TER-NFSB-T-07",2024-02-11,NA,0.732278556328103,0.829702233998107
"TER-NFSB-T-07",2024-02-12,NA,0.434057366141216,0.461860603852834
"TER-NFSB-T-07",2024-02-13,NA,0.816496580927726,0.83378610888064
"TER-NFSB-T-07",2024-02-14,NA,0.71443450831176,0.78683690739605
"TER-NFSB-T-07",2024-02-15,NA,1.79975843789732,1.78345353786947
"TER-NFSB-T-07",2024-02-16,NA,0.594357526717057,0.641273642104501
"TER-NFSB-T-07",2024-02-17,NA,1.52693213311215,1.55805527240983
"TER-NFSB-T-07",2024-02-18,NA,2.62089914320269,2.82578384662134
"TER-NFSB-T-07",2024-02-19,NA,0.722001545624425,0.880546602310508
"TER-NFSB-T-07",2024-02-20,NA,0.520851448960313,0.567460015829501
"TER-NFSB-T-07",2024-02-21,NA,1.0451752505431,1.16095912372336
"TER-NFSB-T-07",2024-02-22,NA,1.36317377968592,1.51023081065421
"TER-NFSB-T-07",2024-02-23,NA,2.0049756946736,2.37733485535647
"TER-NFSB-T-07",2024-02-24,NA,2.25211253483595,2.41372884900557
"TER-NFSB-T-07",2024-02-25,NA,0.56465970257328,0.675328690771916
"TER-NFSB-T-07",2024-02-26,NA,1.18566314838966,1.34056012519967
"TER-NFSB-T-07",2024-02-27,NA,1.38247310428014,1.64831380683324
"TER-NFSB-T-07",2024-02-28,NA,1.37458821238333,1.59695702482266
"TER-NFSB-T-07",2024-02-29,NA,1.26816511291834,1.56949521101254
"TER-NFSB-T-07",2024-03-01,NA,1.48909076430815,1.72733773541074
"TER-NFSB-T-07",2024-03-02,NA,1.81466949120738,2.03056356851912
"TER-NFSB-T-07",2024-03-03,NA,1.73779387046677,1.86306588524229
"TER-NFSB-T-07",2024-03-04,NA,1.14029458436425,1.26387229908951
"TER-NFSB-T-07",2024-03-05,NA,1.48116190192367,1.57194608455685
"TER-NFSB-T-07",2024-03-06,NA,0.488546350136693,0.570643547208776
"TER-NFSB-T-07",2024-03-07,NA,2.07818203719264,2.11864993244091
"TER-NFSB-T-07",2024-03-08,NA,1.38296441736949,1.40843730857071
"TER-NFSB-T-07",2024-03-09,NA,1.28800908044328,1.36582910001024
"TER-NFSB-T-07",2024-03-10,NA,1.51800784783444,1.63299316185545
"TER-NFSB-T-07",2024-03-11,NA,0.589383736122568,0.63381465310669
"TER-NFSB-T-07",2024-03-12,NA,1.06236678619288,1.20216441278318
"TER-NFSB-T-07",2024-03-13,NA,1.34258565160069,1.31601066028016
"TER-NFSB-T-07",2024-03-14,NA,0.7058246282166,0.751508145500515
"TER-NFSB-T-07",2024-03-15,NA,1.53447696796576,1.49258432626585
"TER-NFSB-T-07",2024-03-16,NA,2.08991713309126,2.6278883350419
"TER-NFSB-T-07",2024-03-17,1.2450990880771,1.59653156670273,1.92193667421956
"TER-NFSB-T-07",2024-03-18,0.659380473395787,0.779899194526567,0.8198179366636
"TER-NFSB-T-07",2024-03-19,1.44651004294745,1.80578779628654,2.35291986350109
"TER-NFSB-T-07",2024-03-20,2.24082266854922,2.93004179620978,3.91207717537461
"TER-NFSB-T-07",2024-03-21,1.00722031037067,1.31807391317016,1.59468660316654
"TER-NFSB-T-07",2024-03-22,0.624093545570845,0.670280062599836,0.736902546011914
"TER-NFSB-T-07",2024-03-23,0.824225591744734,0.895843865795853,0.896854406292881
"TER-NFSB-T-07",2024-03-24,1.23944821757828,1.4212415474619,1.75993556370846
"TER-NFSB-T-07",2024-03-25,0.403225222065963,0.583592075121765,0.6412736421045
"TER-NFSB-T-07",2024-03-26,0.868114732282431,0.850990471514632,0.907896118682551
"TER-NFSB-T-07",2024-03-27,1.6681153124566,2.01219110510862,2.18028052974974
"TER-NFSB-T-07",2024-03-28,1.45711646953739,1.75374857319144,1.94302916057392
"TER-NFSB-T-07",2024-03-29,1.565016090115,1.69183889321049,1.66797955536075
"TER-NFSB-T-07",2024-03-30,1.22400506771708,1.53403418135491,1.55907232729567
"TER-NFSB-T-07",2024-03-31,1.88817832613987,2.36482373642262,3.32970817366014
"TER-NFSB-T-07",2024-04-01,1.32953489742777,1.32270446489353,1.43692884053234
"TER-NFSB-T-07",2024-04-02,0.92641392132415,0.96964807600714,1.00339098972478
"TER-NFSB-T-07",2024-04-03,1.09263012026493,1.35065738154383,1.39470400994703
"TER-NFSB-T-07",2024-04-04,1.14840784554536,1.39470400994703,1.74338813059888
"TER-NFSB-T-07",2024-04-05,1.02062072615966,1.11965315540385,1.33242722834704
"TER-NFSB-T-07",2024-04-06,1.5667514623984,1.73505523447142,2.0152273579792
"TER-NFSB-T-07",2024-04-07,0.816496580927726,0.947680234091097,1.13072216246771
"TER-NFSB-T-07",2024-04-08,1.57755428947212,1.93368312677714,2.02598607231575
"TER-NFSB-T-07",2024-04-09,0.380693493813441,0.360530004379623,0.375301810914046
"TER-NFSB-T-07",2024-04-10,0.19034674690672,0.207425558499527,0.14116492564332
"TER-NFSB-T-07",2024-04-11,0.488546350136693,0.588229965875272,0.589767824619589
"TER-NFSB-T-07",2024-04-12,1.35116026361458,1.75374857319144,2.28881574973432
"TER-NFSB-T-07",2024-04-13,0.425095897109265,0.461860603852834,0.488546350136693
"TER-NFSB-T-07",2024-04-14,0.221162934232346,0.39699961669021,0.403225222065963
"TER-NFSB-T-07",2024-04-15,0.630949939446036,0.6412736421045,0.650738153889517
"TER-NFSB-T-07",2024-04-16,0.221162934232346,0.294883912309794,0.28232985128664
"TER-NFSB-T-07",2024-04-17,0.464305621487536,0.567460015829501,0.607546145441299
"TER-NFSB-T-07",2024-04-18,0.28232985128664,0.387765804114519,0.458415671128542
"TER-NFSB-T-07",2024-04-19,1.01595068635316,1.25524262912435,1.55106321645808
"TER-NFSB-T-07",2024-04-20,1.83514403336316,2.2825741888351,2.62918059092755
"TER-NFSB-T-07",2024-04-21,0.722001545624424,0.954584665735822,1.12590543274214
"TER-NFSB-T-07",2024-04-22,0.69025305168635,0.840279025431261,0.896601877945966
"TER-NFSB-T-07",2024-04-23,0.329690236697893,0.442325868464691,0.441813620616566
"TER-NFSB-T-07",2024-04-24,0.550032937090187,0.639505583481761,0.722001545624425
"TER-NFSB-T-07",2024-04-25,1.11620961877395,1.36732045161012,1.92805376075145
"TER-NFSB-T-07",2024-04-26,1.08826913497762,1.10314931255796,1.24218571973713
"TER-NFSB-T-07",2024-04-27,1.18394299461281,1.52143501101875,1.82325954332312
"TER-NFSB-T-07",2024-04-28,1.66594187138705,2.29355982408715,2.7610122067454
"TER-NFSB-T-07",2024-04-29,2.16819901220385,2.97544297030967,3.43864440765817
"TER-NFSB-T-07",2024-04-30,2.05847488218334,2.80010351775518,3.28258470093927
"TER-NFSB-T-07",2024-05-01,0.735980072193987,0.805045232323598,0.892805381522402
"TER-NFSB-T-07",2024-05-02,0.531183393096442,0.758705514657047,0.827242231843205
"TER-NFSB-T-07",2024-05-03,0.966607319517563,1.17472630176479,1.27404411454121
"TER-NFSB-T-07",2024-05-04,1.0494995356656,1.35383914656897,1.96527831122712
"TER-NFSB-T-07",2024-05-05,1.98077261313043,2.82714584398973,3.61902931577043
"TER-NFSB-T-07",2024-05-06,0.345126525843175,0.345126525843175,0.384834803632619
"TER-NFSB-T-07",2024-05-07,0.659036956585082,0.793713981266534,0.818435676471731
"TER-NFSB-T-07",2024-05-08,0.859463516521722,1.03909101859632,1.15783405984836
"TER-NFSB-T-07",2024-05-09,1.15607249910566,1.95418540054677,2.75633328688782
"TER-NFSB-T-07",2024-05-10,2.18650339616687,3.50923987392621,4.20834230161191
"TER-NFSB-T-07",2024-05-11,2.77671477244895,3.7271040162338,4.39676264302844
"TER-NFSB-T-07",2024-05-12,2.20660651654086,3.27533326106131,3.85117147620441
"TER-NFSB-T-07",2024-05-13,1.39080182274288,1.60374900454068,1.63839241640851
"TER-NFSB-T-07",2024-05-14,1.43692884053234,1.8157922373651,2.13398569056501
"TER-NFSB-T-07",2024-05-15,1.16854145430737,1.46888008212113,1.72995769404584
"TER-NFSB-T-07",2024-05-16,0.630949939446036,0.663488802697037,0.840279025431261
"TER-NFSB-T-07",2024-05-17,0.859726953621095,1.13172306747246,1.49818731051605
"TER-NFSB-T-07",2024-05-18,1.03187426208508,1.68419227619307,2.17851415259196
"TER-NFSB-T-07",2024-05-19,1.7681512083677,2.50181093830339,2.86778394977877
"TER-NFSB-T-07",2024-05-20,1.0664090495066,1.57755428947212,1.84339301997348
"TER-NFSB-T-07",2024-05-21,0.869938778455628,1.23285341230492,1.33446509937476
"TER-NFSB-T-07",2024-05-22,0.842700971600384,1.07149326926815,1.12931940514656
"TER-NFSB-T-07",2024-05-23,0.398707149803396,0.360530004379623,0.337831962346088
"TER-NFSB-T-07",2024-05-24,1.17876747224514,1.44212001751849,1.57755428947212
"TER-NFSB-T-07",2024-05-25,1.17028424640824,2.47588002214525,3.17763641538893
"TER-NFSB-T-07",2024-05-26,2.19683566898431,3.68008496672547,4.05660804621049
"TER-NFSB-T-07",2024-05-27,1.19099885007063,1.8056623900017,2.0090375516794
"TER-NFSB-T-07",2024-05-28,0.777572868107801,0.920528754795741,1.11783142801107
"TER-NFSB-T-07",2024-05-29,0.287889622568457,0.440273301155254,0.461860603852834
"TER-NFSB-T-07",2024-05-30,0.6412736421045,0.932261936818499,1.31601066028016
"TER-NFSB-T-07",2024-05-31,0.508977377704051,0.667232549687378,0.69025305168635
"TER-NFSB-T-07",2024-06-01,0.756314001962953,1.07254944820301,1.29781728688785
"TER-NFSB-T-07",2024-06-02,0.751809411556112,1.08597782025553,1.32953489742777
"TER-NFSB-T-07",2024-06-03,0.895843865795853,1.22011373905546,1.34258565160069
"TER-NFSB-T-07",2024-06-04,1.47626143554824,1.93742695046956,2.15688987040217
"TER-NFSB-T-07",2024-06-05,0.850191794218529,1.02659384740813,1.19763504881284
"TER-NFSB-T-07",2024-06-06,NA,1.25686520555211,1.55674665406017
"TER-NFSB-T-07",2024-06-07,NA,1.6528412077302,2.14076631951799
"TER-NFSB-T-07",2024-06-08,NA,2.19022862945295,2.60842767343399
"TER-NFSB-T-07",2024-06-09,NA,1.66471806378259,1.99591975093537
"TER-NFSB-T-07",2024-06-10,NA,1.89380664883942,2.11104754544525
"TER-NFSB-T-07",2024-06-11,NA,2.13398569056501,2.49119827403997
"TER-NFSB-T-07",2024-06-12,NA,3.82349477818927,4.22804431098495
"TER-NFSB-T-07",2024-06-13,NA,0.71189428868398,0.98333026282989
"TER-NFSB-T-07",2024-06-14,NA,1.22400506771708,1.5273769786083
"TER-NFSB-T-07",2024-06-15,NA,3.28010029892601,3.68580315908707
"TER-NFSB-T-07",2024-06-16,NA,2.0107275703881,2.31096943081144
"TER-NFSB-T-07",2024-06-17,NA,NA,NA
"TER-NFSB-T-07",2024-06-18,1.38688865628339,2.15678487904862,2.37504767305319
"TER-NFSB-T-07",2024-06-19,1.3349740810598,1.9222901121741,2.27133603663226
"TER-NFSB-T-07",2024-06-20,1.56718500521786,2.32191824744673,2.58750831406632
"TER-NFSB-T-07",2024-06-21,2.75764746935089,3.90645832777807,4.13358242003089
"TER-NFSB-T-07",2024-06-22,1.24818709114169,1.54579841946587,1.58742796253307
"TER-NFSB-T-07",2024-06-23,0.876163822283402,0.940243570046875,1.08159001313887
"TER-NFSB-T-07",2024-06-24,0.882344948812907,1.13232318580052,1.206113653404
"TER-NFSB-T-07",2024-06-25,1.19612144941019,1.74455675197729,1.91378958605959
"TER-NFSB-T-07",2024-06-26,2.71736231868599,3.74456127342507,4.04772256596404
"TER-NFSB-T-07",2024-06-27,0.935414346693485,1.3254408618497,1.4957669740236
"TER-NFSB-T-07",2024-06-28,1.19099885007063,1.71193064162633,1.91946078630039
"TER-NFSB-T-07",2024-06-29,0.524749767832802,0.701964118163034,0.69025305168635
"TER-NFSB-T-07",2024-06-30,0.465766471310572,0.508977377704051,0.586301969977929
"TER-NFSB-T-07",2024-07-01,1.16718415024353,2.10718233461282,2.40131304661139
"TER-NFSB-T-07",2024-07-02,1.81329630183841,2.46680865239609,2.74521982435979
"TER-NFSB-T-07",2024-07-03,0.800531978921119,1.3432601483283,1.28800908044328
"TER-NFSB-T-07",2024-07-04,1.54579841946587,2.37132629677932,2.52729663096154
"TER-NFSB-T-07",2024-07-05,2.54230509919469,3.49475538734706,3.67201520315125
"TER-NFSB-T-07",2024-07-06,1.25812576270523,1.54403949788031,1.8157922373651
"TER-NFSB-T-07",2024-07-07,1.65708295297594,2.15426355148932,2.45309254686371
"TER-NFSB-T-07",2024-07-08,0.675663924692176,0.744241175652242,0.798265783351363
"TER-NFSB-T-07",2024-07-09,0.453948059341275,0.453948059341275,0.487153816139944
"TER-NFSB-T-07",2024-07-10,0.763466066556077,1.09014026487487,1.31601066028016
"TER-NFSB-T-07",2024-07-11,0.612372435695794,1.20517453183093,1.40118350596605
"TER-NFSB-T-07",2024-07-12,1.35132784938435,1.49984902621873,1.6061476099436
"TER-NFSB-T-07",2024-07-13,1.01081112500545,1.2465532188945,1.25325662731663
"TER-NFSB-T-07",2024-07-14,1.44697961284878,2.31635254882213,2.565094568418
"TER-NFSB-T-07",2024-07-15,1.12931940514656,1.36582910001024,1.39875721236047
"TER-NFSB-T-07",2024-07-16,0.882344948812907,1.33514369850296,1.45571711497824
"TER-NFSB-T-07",2024-07-17,0.653862548158294,0.717281502356772,0.717281502356772
"TER-NFSB-T-07",2024-07-18,0.914605720071991,1.22474487139159,1.37260991217989
"TER-NFSB-T-07",2024-07-19,2.47734298410001,3.84758299813483,3.91062979100794
"TER-NFSB-T-07",2024-07-20,1.89858356814163,2.52729663096154,2.77410385059987
"TER-NFSB-T-07",2024-07-21,1.25812576270523,2.09381421597392,2.29799849900936
"TER-NFSB-T-07",2024-07-22,0.906648150919207,1.45151095688976,1.69183889321049
"TER-NFSB-T-07",2024-07-23,1.27404411454121,1.95047374401373,2.07469222442437
"TER-NFSB-T-07",2024-07-24,1.76507482289981,2.34279267888388,2.80519381127946
"TER-NFSB-T-07",2024-07-25,2.19673258681411,2.67807793935788,3.12938098708336
"TER-NFSB-T-07",2024-07-26,0.845919446605247,1.16718415024353,1.23285341230492
"TER-NFSB-T-07",2024-07-27,0.827242231843205,1.09594112821891,1.21117232704397
"TER-NFSB-T-07",2024-07-28,2.09899907133121,2.93953252223468,3.06208404451154
"TER-NFSB-T-07",2024-07-29,0.800531978921119,1.09345881217037,1.26548381078634
"TER-NFSB-T-07",2024-07-30,0.769669607265238,1.11620961877395,1.42378857736796
"TER-NFSB-T-07",2024-07-31,0.686304956089946,0.895843865795853,0.914605720071991
"TER-NFSB-T-07",2024-08-01,1.6681153124566,2.39678226324197,3.0428700220375
"TER-NFSB-T-07",2024-08-02,1.41357292199487,1.9670059275052,2.57909306045609
"TER-NFSB-T-07",2024-08-03,1.56949521101254,2.46570682460984,3.30177543368606
"TER-NFSB-T-07",2024-08-04,2.16181871231783,3.06622259702272,3.60347809037686
"TER-NFSB-T-07",2024-08-05,2.03190137270631,2.86754705052184,3.58128944068627
"TER-NFSB-T-07",2024-08-06,0.488546350136693,0.63381465310669,0.779899194526567
"TER-NFSB-T-07",2024-08-07,0.931532942621143,1.34713195075821,1.92981470162518
"TER-NFSB-T-07",2024-08-08,1.73779387046677,2.51939937056549,3.50439682419804
"TER-NFSB-T-07",2024-08-09,2.05263616293568,2.73058031205451,4.15440223991545
"TER-NFSB-T-07",2024-08-10,0.800531978921119,1.10006587418037,1.17934365189938
"TER-NFSB-T-07",2024-08-11,1.21416011407421,1.22011373905546,1.25974462560438
"TER-NFSB-T-07",2024-08-12,1.79257223491588,2.92594280606232,3.63756567747869
"TER-NFSB-T-07",2024-08-13,1.52515145363395,2.07425558499527,2.37285372128345
"TER-NFSB-T-07",2024-08-14,2.02688005407897,3.06267560868891,4.04721903089739
"TER-NFSB-T-07",2024-08-15,2.10718233461282,2.73430965242825,3.53220176028526
"TER-NFSB-T-07",2024-08-16,NA,2.36817287241096,3.06799455340295
"TER-NFSB-T-07",2024-08-17,NA,2.05847488218334,2.89043587806708
"TER-NFSB-T-07",2024-08-18,NA,2.64438151997559,3.75754072750257
"TER-NFSB-T-07",2024-08-19,NA,3.54570315587264,4.56514837767021
"TER-NFSB-T-07",2024-08-20,NA,1.02659384740813,2.27133603663226
"TER-NFSB-T-07",2024-08-21,NA,1.78446902751068,2.10546218548155
"TER-NFSB-T-07",2024-08-22,NA,3.81145299236964,4.7523830787865
"TER-NFSB-T-07",2024-08-23,NA,1.14445734245347,1.45213486018824
"TER-NFSB-T-07",2024-08-24,NA,1.68915981173044,1.85319446096327
"TER-NFSB-T-07",2024-08-25,NA,3.30568241546039,4.32253741570214
"TER-NFSB-T-07",2024-08-26,NA,0.72700248190474,1.22474487139159
"TER-NFSB-T-07",2024-08-27,NA,0.949589919119171,1.33514369850296
"TER-NFSB-T-07",2024-08-28,NA,2.06374852417016,3.40868190344018
"TER-NFSB-T-07",2024-08-29,NA,2.4133535510403,2.73190688300156
"TER-NFSB-T-07",2024-08-30,NA,1.95869947240214,3.1473476295842
"TER-NFSB-T-07",2024-08-31,NA,1.64129235046964,2.90676372660711
"TER-NFSB-T-07",2024-09-01,NA,0.729490093902206,0.977092700273386
"TER-NFSB-T-07",2024-09-02,NA,0.842700971600384,1.134920031659
"TER-NFSB-T-07",2024-09-03,NA,1.77836739165734,2.10836412304951
"TER-NFSB-T-07",2024-09-04,NA,1.59013603465101,1.86889101426177
"TER-NFSB-T-07",2024-09-05,NA,1.70344386889993,2.39564822851407
"TER-NFSB-T-07",2024-09-06,NA,1.36466803310538,1.61290088826385
"TER-NFSB-T-07",2024-09-07,NA,1.06321906614239,1.22011373905546
"TER-NFSB-T-07",2024-09-08,NA,0.488546350136693,0.680672621302858
"TER-NFSB-T-07",2024-09-09,NA,1.09263012026493,1.3349740810598
"TER-NFSB-T-07",2024-09-10,NA,0.858672720295521,1.08660320344601
"TER-NFSB-T-07",2024-09-11,NA,0.858672720295521,1.26387229908951
"TER-NFSB-T-07",2024-09-12,NA,1.63299316185545,2.02117414577177
"TER-NFSB-T-07",2024-09-13,NA,1.73505523447142,1.97436010547391
"TER-NFSB-T-07",2024-09-14,NA,1.99954705015839,2.37132629677932
"TER-NFSB-T-07",2024-09-15,NA,1.92617364937231,2.1109402740437
"TER-NFSB-T-07",2024-09-16,NA,0.527761886361314,0.531183393096442
"TER-NFSB-T-07",2024-09-17,NA,NA,NA
"TER-NFSB-T-07",2024-09-18,NA,1.28095723944063,1.55339739869129
"TER-NFSB-T-07",2024-09-19,NA,1.25036226634582,1.32680694400755
"TER-NFSB-T-07",2024-09-20,NA,1.12931940514656,1.16017864691332
"TER-NFSB-T-07",2024-09-21,NA,2.42038070427427,3.04048766111479
"TER-NFSB-T-07",2024-09-22,NA,1.34258565160069,1.39859530979469
"TER-NFSB-T-07",2024-09-23,NA,2.53347158280285,2.84367783393063
"TER-NFSB-T-07",2024-09-24,NA,0.71189428868398,0.775531608229039
"TER-NFSB-T-07",2024-09-25,NA,1.18566314838966,1.29309761784459
"TER-NFSB-T-07",2024-09-26,NA,0.963086824686154,1.10990272455338
"TER-NFSB-T-07",2024-09-27,NA,1.31876094679157,1.30147630777903
"TER-NFSB-T-07",2024-09-28,NA,0.675663924692176,0.658005330140078
"TER-NFSB-T-07",2024-09-29,NA,0.624093545570845,0.719488042623545
"TER-NFSB-T-07",2024-09-30,NA,0.38069349381344,0.355469683168866
"TER-NFSB-T-07",2024-10-01,NA,0.232152810743768,0.268348410774533
"TER-NFSB-T-07",2024-10-02,NA,0.275016468545094,0.326931274079147
"TER-NFSB-T-07",2024-10-03,NA,0.449939609474331,0.434057366141216
"TER-NFSB-T-07",2024-10-04,NA,0.84457990586522,0.907896118682551
"TER-NFSB-T-07",2024-10-05,NA,1.18795281221855,1.30893667432436
"TER-NFSB-T-07",2024-10-06,NA,1.17472630176479,1.510830465556
"TER-NFSB-T-07",2024-10-07,NA,2.4575195164867,2.52371003065736
"TER-NFSB-T-07",2024-10-08,NA,1.6100904646472,1.59809102604834
"TER-NFSB-T-07",2024-10-09,NA,2.31478784203287,2.30743913512769
"TER-NFSB-T-07",2024-10-10,NA,1.16718415024353,1.15391582844263
"TER-NFSB-T-07",2024-10-11,NA,1.07339364309813,1
"TER-NFSB-T-07",2024-10-12,NA,2.38342327792172,2.37428478933543
"TER-NFSB-T-07",2024-10-13,NA,1.13252315457662,1.2006565233057
"TER-NFSB-T-07",2024-10-14,NA,0.791428263111808,0.834057656228299
"TER-NFSB-T-07",2024-10-15,NA,1.1210680078661,1.13711273069949
"TER-NFSB-T-07",2024-10-16,NA,1.27404411454121,1.4889386843645
"TER-NFSB-T-07",2024-10-17,NA,2.11233437735107,2.23566285602215
"TER-NFSB-T-07",2024-10-18,NA,1.43314162856859,1.55325161506761
"TER-NFSB-T-07",2024-10-19,NA,0.746974574194299,0.740886660345738
"TER-NFSB-T-07",2024-10-20,NA,1.14840784554536,1.12207752451178
"TER-NFSB-T-07",2024-10-21,NA,1.20967566619789,1.34056012519967
"TER-NFSB-T-07",2024-10-22,NA,1.76879144853366,1.78142082196418
"TER-NFSB-T-07",2024-10-23,NA,1.89093470484071,1.95557545554214
"TER-NFSB-T-07",2024-10-24,NA,1.14188218636435,1.35667966379132
"TER-NFSB-T-07",2024-10-25,NA,1.4116492564332,1.68311628676768
"TER-NFSB-T-07",2024-10-26,NA,0.963086824686153,1.0475558163677
"TER-NFSB-T-07",2024-10-27,NA,0.9006338347785,1.00722031037067
"TER-NFSB-T-07",2024-10-28,NA,1.07001286732071,1.15920231193696
"TER-NFSB-T-07",2024-10-29,NA,1.23944821757828,1.30980140103182
"TER-NFSB-T-07",2024-10-30,NA,0.575779245136914,0.58008932345666
"TER-NFSB-T-07",2024-10-31,NA,0.647948266856035,0.637022057270606
"TER-NFSB-T-07",2024-11-01,NA,1.20686442450278,1.19763504881284
"TER-NFSB-T-07",2024-11-02,NA,0.670280062599836,0.7058246282166
"TER-NFSB-T-07",2024-11-03,NA,0.510310363079829,0.589383736122568
"TER-NFSB-T-07",2024-11-04,NA,1.72458249515896,1.64721438112691
"TER-NFSB-T-07",2024-11-05,NA,1.65489502272255,1.73361898426635
"TER-NFSB-T-07",2024-11-06,NA,1.4161337446049,1.40118350596605
"TER-NFSB-T-07",2024-11-07,NA,1.85722248595015,1.96850196850295
"TER-NFSB-T-07",2024-11-08,NA,0.963086824686153,1.02062072615966
"TER-NFSB-T-07",2024-11-09,NA,0.358640751178386,0.425095897109265
"TER-NFSB-T-07",2024-11-10,NA,0.7058246282166,0.71443450831176
"TER-NFSB-T-07",2024-11-11,NA,0.8198179366636,0.84698955385992
"TER-NFSB-T-07",2024-11-12,NA,0.360530004379623,0.360530004379623
"TER-NFSB-T-07",2024-11-13,NA,1.3185892219459,1.3185892219459
"TER-NFSB-T-07",2024-11-14,NA,0.699054744803212,0.729490093902206
"TER-NFSB-T-07",2024-11-15,NA,0.442325868464691,0.510310363079829
"TER-NFSB-T-07",2024-11-16,NA,0.575779245136914,0.71443450831176
"TER-NFSB-T-07",2024-11-17,NA,0.58008932345666,0.606426931450447
"TER-NFSB-T-07",2024-11-18,NA,0.254488688852026,0.380693493813441
"TER-NFSB-T-07",2024-11-19,NA,0.589767824619589,NA
"TER-NFSB-T-07",2024-11-20,NA,0.442325868464691,NA
"TER-NFSB-T-07",2024-11-21,NA,0.458415671128542,NA
"TER-NFSB-T-07",2024-11-22,NA,0.659380473395787,NA
"TER-NFSB-T-07",2024-11-23,NA,1.50346821272239,NA
"TER-NFSB-T-07",2024-11-24,NA,0.721060008759246,NA
"TER-NFSB-T-07",2024-11-25,NA,2.17528941935803,NA
"TER-NFSB-T-07",2024-11-26,NA,1.48162048965392,NA
"TER-NFSB-T-07",2024-11-27,NA,1.87264344664457,NA
"TER-NFSB-T-07",2024-11-28,NA,0.6412736421045,NA
"TER-NFSB-T-07",2024-11-29,NA,1.2006565233057,NA
"TER-NFSB-T-07",2024-11-30,NA,0.751508145500515,NA
"TER-NFSB-T-07",2024-12-01,NA,1.65503185310211,NA
"TER-NFSB-T-07",2024-12-02,NA,0.736902546011914,NA
"TER-NFSB-T-07",2024-12-03,NA,0.974307632279888,NA
"TER-NFSB-T-07",2024-12-04,NA,1.06577181667437,NA
"TER-NFSB-T-07",2024-12-05,NA,0.524749767832802,NA
"TER-NFSB-T-07",2024-12-06,NA,0.448427203146441,NA
"TER-NFSB-T-07",2024-12-07,NA,0.441813620616566,NA
"TER-NFSB-T-07",2024-12-08,NA,0.465766471310572,NA
"TER-NFSB-T-07",2024-12-09,NA,0.441813620616566,NA
"TER-NFSB-T-07",2024-12-10,NA,0.855502225579229,NA
"TER-NFSB-T-07",2024-12-11,NA,1.03121568893295,NA
"TER-NFSB-T-07",2024-12-12,NA,0.83378610888064,NA
"TER-NFSB-T-07",2024-12-13,NA,0.744241175652242,NA
"TER-NFSB-T-07",2024-12-14,NA,0.607546145441299,NA
"TER-NFSB-T-07",2024-12-15,NA,1.70025040781508,NA
"TER-NFSB-T-07",2024-12-16,NA,1.43944811284229,NA
"TER-NFSB-T-07",2024-12-17,NA,1.25325662731663,NA
"TER-NFSB-T-07",2024-12-18,NA,NA,NA
"TER-NFSB-T-07",2024-12-19,NA,NA,NA
"TER-NFSB-T-07",2024-12-20,NA,NA,NA
"TER-NFSB-T-07",2024-12-21,NA,NA,NA
"TER-NFSB-T-07",2024-12-22,NA,NA,NA
"TER-NFSB-T-07",2024-12-23,NA,NA,NA
"TER-NFSB-T-07",2024-12-24,NA,NA,NA
"TER-NFSB-T-07",2024-12-25,NA,NA,NA
"TER-NFSB-T-07",2024-12-26,NA,NA,NA
"TER-NFSB-T-07",2024-12-27,NA,NA,NA
"TER-NFSB-T-07",2024-12-28,NA,NA,NA
"TER-NFSB-T-07",2024-12-29,NA,NA,NA
"TER-NFSB-T-07",2024-12-30,NA,NA,NA
"TER-NFSB-T-07",2024-12-31,NA,NA,NA
"TER-NFSB-T-07",2025-01-01,NA,NA,NA
"TER-NFSB-T-07",2025-01-02,NA,NA,NA
"TER-NFSB-T-07",2025-01-03,NA,NA,NA
"TER-NFSB-T-07",2025-01-04,NA,NA,NA
"TER-NFSB-T-07",2025-01-05,NA,NA,NA
"TER-NFSB-T-07",2025-01-06,NA,NA,NA
"TER-NFSB-T-07",2025-01-07,NA,NA,NA
"TER-NFSB-T-07",2025-01-08,NA,NA,NA
"TER-NFSB-T-07",2025-01-09,NA,NA,NA
"TER-NFSB-T-07",2025-01-10,NA,NA,NA
"TER-NFSB-T-07",2025-01-11,NA,NA,NA
"TER-NFSB-T-07",2025-01-12,NA,NA,NA
"TER-NFSB-T-07",2025-01-13,NA,NA,NA
"TER-NFSB-T-07",2025-01-14,NA,NA,NA
"TER-NFSB-T-07",2025-01-15,NA,NA,NA
"TER-NFSB-T-07",2025-01-16,NA,NA,NA
"TER-NFSB-T-07",2025-01-17,NA,NA,NA
"TER-NFSB-T-07",2025-01-18,NA,NA,NA
"TER-NFSB-T-07",2025-01-19,NA,NA,NA
"TER-NFSB-T-07",2025-01-20,NA,NA,NA
"TER-NFSB-T-07",2025-01-21,NA,NA,NA
"TER-NFSB-T-07",2025-01-22,NA,NA,NA
"TER-NFSB-T-07",2025-01-23,NA,NA,NA
"TER-NFSB-T-07",2025-01-24,NA,NA,NA
"TER-NFSB-T-07",2025-01-25,NA,NA,NA
"TER-NFSB-T-07",2025-01-26,NA,NA,NA
"TER-NFSB-T-07",2025-01-27,NA,NA,NA
"TER-NFSB-T-07",2025-01-28,NA,NA,NA
"TER-NFSB-T-07",2025-01-29,NA,NA,NA
"TER-NFSB-T-07",2025-01-30,NA,NA,NA
"TER-NFSB-T-07",2025-01-31,NA,NA,NA
"TER-NFSB-T-07",2025-02-01,NA,NA,NA
"TER-NFSB-T-07",2025-02-02,NA,NA,NA
"TER-NFSB-T-07",2025-02-03,NA,NA,NA
"TER-NFSB-T-07",2025-02-04,NA,NA,NA
"TER-NFSB-T-07",2025-02-05,NA,NA,NA
"TER-NFSB-T-07",2025-02-06,NA,NA,NA
"TER-NFSB-T-07",2025-02-07,NA,NA,NA
"TER-NFSB-T-07",2025-02-08,NA,NA,NA
"TER-NFSB-T-07",2025-02-09,NA,NA,NA
"TER-NFSB-T-07",2025-02-10,NA,NA,NA
"TER-NFSB-T-07",2025-02-11,NA,NA,NA
"TER-NFSB-T-07",2025-02-12,NA,NA,NA
"TER-NFSB-T-07",2025-02-13,NA,NA,NA
"TER-NFSB-T-07",2025-02-14,NA,NA,NA
"TER-NFSB-T-07",2025-02-15,NA,NA,NA
"TER-NFSB-T-07",2025-02-16,NA,NA,NA
"TER-NFSB-T-07",2025-02-17,NA,NA,NA
"TER-NFSB-T-07",2025-02-18,NA,NA,NA
"TER-NFSB-T-07",2025-02-19,NA,NA,NA
"TER-NFSB-T-07",2025-02-20,NA,NA,NA
"TER-NFSB-T-07",2025-02-21,NA,NA,NA
"TER-NFSB-T-07",2025-02-22,NA,NA,NA
"TER-NFSB-T-07",2025-02-23,NA,NA,NA
"TER-NFSB-T-07",2025-02-24,NA,NA,NA
"TER-NFSB-T-07",2025-02-25,NA,NA,NA
"TER-NFSB-T-07",2025-02-26,NA,NA,NA
"TER-NFSB-T-07",2025-02-27,NA,NA,NA
"TER-NFSB-T-07",2025-02-28,NA,NA,NA
"TER-NFSB-T-07",2025-03-01,NA,NA,NA
"TER-NFSB-T-07",2025-03-02,NA,NA,NA
"TER-NFSB-T-07",2025-03-03,NA,NA,NA
"TER-NFSB-T-07",2025-03-04,NA,NA,NA
"TER-NFSB-T-07",2025-03-05,NA,NA,NA
"TER-NFSB-T-07",2025-03-06,NA,NA,NA
"TER-NFSB-T-07",2025-03-07,NA,NA,NA
"TER-NFSB-T-07",2025-03-08,NA,NA,NA
"TER-NFSB-T-07",2025-03-09,NA,NA,NA
"TER-NFSB-T-07",2025-03-10,NA,NA,NA
"TER-NFSB-T-07",2025-03-11,NA,NA,NA
"TER-NFSB-T-07",2025-03-12,NA,NA,NA
"TER-NFSB-T-07",2025-03-13,NA,NA,NA
"TER-NFSB-T-07",2025-03-14,NA,NA,NA
"TER-NFSB-T-07",2025-03-15,NA,NA,NA
"TER-NFSB-T-07",2025-03-16,NA,NA,NA
"TER-NFSB-T-07",2025-03-17,NA,NA,NA
"TER-NFSB-T-07",2025-03-18,NA,NA,NA
"TER-NFSB-T-07",2025-03-19,NA,NA,NA
"TER-NFSB-T-07",2025-03-20,NA,NA,NA
"TER-NFSB-T-07",2025-03-21,NA,NA,NA
"TER-NFSB-T-07",2025-03-22,NA,NA,NA
"TER-NFSB-T-07",2025-03-23,NA,NA,NA
"TER-NFSB-T-07",2025-03-24,NA,NA,NA
"TER-NFSB-T-07",2025-03-25,NA,NA,NA
"TER-NFSB-T-07",2025-03-26,NA,NA,NA
"TER-NFSB-T-07",2025-03-27,NA,NA,NA
"TER-NFSB-T-07",2025-03-28,NA,NA,NA
"TER-NFSB-T-07",2025-03-29,NA,NA,NA
"TER-NFSB-T-07",2025-03-30,NA,NA,NA
"TER-NFSB-T-07",2025-03-31,NA,NA,NA
"TER-NFSB-T-07",2025-04-01,NA,NA,NA
"TER-NFSB-T-07",2025-04-02,NA,NA,NA
"TER-NFSB-T-07",2025-04-03,NA,NA,NA
"TER-NFSB-T-07",2025-04-04,NA,NA,NA
"TER-NFSB-T-07",2025-04-05,NA,NA,NA
"TER-NFSB-T-07",2025-04-06,NA,NA,NA
"TER-NFSB-T-07",2025-04-07,NA,NA,NA
"TER-NFSB-T-07",2025-04-08,NA,NA,NA
"TER-NFSB-T-07",2025-04-09,NA,NA,NA
"TER-NFSB-T-07",2025-04-10,NA,NA,NA
"TER-NFSB-T-07",2025-04-11,NA,NA,NA
"TER-NFSB-T-07",2025-04-12,NA,NA,NA
"TER-NFSB-T-07",2025-04-13,NA,NA,NA
"TER-NFSB-T-07",2025-04-14,NA,NA,NA
"TER-NFSB-T-07",2025-04-15,NA,NA,NA
"TER-NFSB-T-07",2025-04-16,NA,NA,NA
"TER-NFSB-T-07",2025-04-17,NA,NA,NA
"TER-NFSB-T-07",2025-04-18,NA,NA,NA
"TER-NFSB-T-07",2025-04-19,NA,NA,NA
"TER-NFSB-T-07",2025-04-20,NA,NA,NA
"TER-NFSB-T-07",2025-04-21,NA,NA,NA
"TER-NFSB-T-07",2025-04-22,NA,NA,NA
"TER-NFSB-T-07",2025-04-23,NA,NA,NA
"TER-NFSB-T-07",2025-04-24,NA,NA,NA
"TER-NFSB-T-07",2025-04-25,NA,NA,NA
"TER-NFSB-T-07",2025-04-26,NA,NA,NA
"TER-NFSB-T-07",2025-04-27,NA,NA,NA
"TER-NFSB-T-07",2025-04-28,NA,NA,NA
"TER-NFSB-T-07",2025-04-29,NA,NA,NA
"TER-NFSB-T-07",2025-04-30,NA,NA,NA
"TER-NFSB-T-07",2025-05-01,NA,NA,NA
"TER-NFSB-T-07",2025-05-02,NA,NA,NA
"TER-NFSB-T-07",2025-05-03,NA,NA,NA
"TER-NFSB-T-07",2025-05-04,NA,NA,NA
"TER-NFSB-T-07",2025-05-05,NA,NA,NA
"TER-NFSB-T-07",2025-05-06,NA,NA,NA
"TER-NFSB-T-07",2025-05-07,NA,NA,NA
"TER-NFSB-T-07",2025-05-08,NA,NA,NA
"TER-NFSB-T-07",2025-05-09,NA,NA,NA
"TER-NFSB-T-07",2025-05-10,NA,NA,NA
"TER-NFSB-T-07",2025-05-11,NA,NA,NA
"TER-NFSB-T-07",2025-05-12,NA,NA,NA
"TER-NFSB-T-07",2025-05-13,NA,NA,NA
"TER-NFSB-T-07",2025-05-14,NA,NA,NA
"TER-NFSB-T-07",2025-05-15,NA,NA,NA
"TER-NFSB-T-07",2025-05-16,NA,NA,NA
"TER-NFSB-T-07",2025-05-17,NA,NA,NA
"TER-NFSB-T-07",2025-05-18,NA,NA,NA
"TER-NFSB-T-07",2025-05-19,NA,NA,NA
"TER-NFSB-T-07",2025-05-20,NA,NA,NA
"TER-NFSB-T-07",2025-05-21,NA,NA,NA
"TER-NFSB-T-07",2025-05-22,NA,NA,NA
"TER-NFSB-T-07",2025-05-23,NA,NA,NA
"TER-NFSB-T-07",2025-05-24,NA,NA,NA
"TER-NFSB-T-07",2025-05-25,NA,NA,NA
"TER-NFSB-T-07",2025-05-26,NA,NA,NA
"TER-NFSB-T-07",2025-05-27,NA,NA,NA
"TER-NFSB-T-07",2025-05-28,NA,NA,NA
"TER-NFSB-T-07",2025-05-29,NA,NA,NA
"TER-NFSB-T-07",2025-05-30,NA,NA,NA
"TER-NFSB-T-07",2025-05-31,NA,NA,NA
"TER-NFSB-T-07",2025-06-01,NA,NA,NA
"TER-NFSB-T-07",2025-06-02,NA,NA,NA
"TER-NFSB-T-07",2025-06-03,NA,NA,NA
"TER-NFSB-T-07",2025-06-04,NA,NA,NA
"TER-NFSB-T-07",2025-06-05,NA,NA,NA
"TER-NFSB-T-07",2025-06-06,NA,NA,NA
"TER-NFSB-T-07",2025-06-07,NA,NA,NA
"TER-NFSB-T-07",2025-06-08,NA,NA,NA
"TER-NFSB-T-07",2025-06-09,NA,NA,NA
"TER-NFSB-T-07",2025-06-10,NA,NA,NA
"TER-NFSB-T-07",2025-06-11,NA,NA,NA
"TER-NFSB-T-07",2025-06-12,NA,NA,NA
"TER-NFSB-T164B",2023-08-09,NA,NA,NA
"TER-NFSB-T164B",2023-08-10,NA,NA,NA
"TER-NFSB-T164B",2023-08-11,NA,NA,NA
"TER-NFSB-T164B",2023-08-12,0.680672621302858,1.3666578295932,1.07339364309813
"TER-NFSB-T164B",2023-08-13,0.793713981266533,1.93180849412436,1.3666578295932
"TER-NFSB-T164B",2023-08-14,2.21643645966,0.751508145500515,4.2293295285269
"TER-NFSB-T164B",2023-08-15,1.64170620860199,1.27244344426013,3.02525600785181
"TER-NFSB-T164B",2023-08-16,2.14414859289318,1.54974869398001,2.72933606621076
"TER-NFSB-T164B",2023-08-17,0.49453535504684,1.23578878172748,0.458415671128542
"TER-NFSB-T164B",2023-08-18,1.06300606021695,0.878229031565262,1.48116190192367
"TER-NFSB-T164B",2023-08-19,1.1818371844018,1.58970875101179,1.97985781219807
"TER-NFSB-T164B",2023-08-20,1.49984902621873,2.06933704289597,1.9716055033575
"TER-NFSB-T164B",2023-08-21,0.858672720295521,1.60162960490381,1.2150922908826
"TER-NFSB-T164B",2023-08-22,1.08012344973464,0.688610762774367,1.4314024743161
"TER-NFSB-T164B",2023-08-23,0.571040240720161,0.545070132437435,0.800531978921119
"TER-NFSB-T164B",2023-08-24,0.440273301155254,0.589383736122568,0.69025305168635
"TER-NFSB-T164B",2023-08-25,0.637022057270606,1.39616451835693,0.996370223957142
"TER-NFSB-T164B",2023-08-26,0.820646175234818,1.00271370919555,0.943849272540569
"TER-NFSB-T164B",2023-08-27,0.488546350136693,1.46455711265621,0.749093655258023
"TER-NFSB-T164B",2023-08-28,0.387765804114519,0.240771706171538,0.575779245136914
"TER-NFSB-T164B",2023-08-29,0.323449478616663,2.14171812378266,0.487153816139944
"TER-NFSB-T164B",2023-08-30,1.38688865628339,2.67223716186931,2.06374852417015
"TER-NFSB-T164B",2023-08-31,1.39470400994703,3.12075799042198,2.46046640447218
"TER-NFSB-T164B",2023-09-01,1.6352103973123,2.71836214541462,3.05379011360817
"TER-NFSB-T164B",2023-09-02,1.3790290114761,1.10253331475513,2.06769492886175
"TER-NFSB-T164B",2023-09-03,1.08326365439238,1.38688865628339,1.95973970469165
"TER-NFSB-T164B",2023-09-04,0.772899209732936,2.1917789413023,0.996370223957142
"TER-NFSB-T164B",2023-09-05,0.51604684654214,2.22469668995997,0.56465970257328
"TER-NFSB-T164B",2023-09-06,0.312046772785422,2.88164795343502,0.375301810914046
"TER-NFSB-T164B",2023-09-07,0.368604890387243,1.85478230294133,0.545070132437435
"TER-NFSB-T164B",2023-09-08,0.412112795872367,0.79285760916182,0.42933636014776
"TER-NFSB-T164B",2023-09-09,1.26387229908951,0.892805381522402,1.83452695004319
"TER-NFSB-T164B",2023-09-10,1.79774415809676,0.481543412343077,2.65395521078815
"TER-NFSB-T164B",2023-09-11,1.91946078630039,0.464305621487537,2.65113798371485
"TER-NFSB-T164B",2023-09-12,0.955296069137807,0.98815447950324,1.41357292199487
"TER-NFSB-T164B",2023-09-13,0.477292332867911,1.18566314838966,0.531183393096442
"TER-NFSB-T164B",2023-09-14,0.375301810914046,2.07294511487289,0.612372435695794
"TER-NFSB-T164B",2023-09-15,1.13172306747246,NA,1.37508234272547
"TER-NFSB-T164B",2023-09-16,0.974307632279887,NA,1.86197164473498
"TER-NFSB-T164B",2023-09-17,0.589383736122568,NA,1.00879286450602
"TER-NFSB-T164B",2023-09-18,1.50587617136279,NA,2.53016225062599
"TER-NFSB-T164B",2023-09-19,1.47380509202383,NA,1.79168773159171
"TER-NFSB-T164B",2023-09-20,1.19479547701021,NA,1.56371329704723
"TER-NFSB-T164B",2023-09-21,0.858672720295521,NA,1.28466428254256
"TER-NFSB-T164B",2023-09-22,1.7568447920031,NA,2.47450770978736
"TER-NFSB-T164B",2023-09-23,0.780189497605494,NA,1.13232318580052
"TER-NFSB-T164B",2023-09-24,0.78683690739605,NA,1.25902538796334
"TER-NFSB-T164B",2023-09-25,0.941927948873779,NA,1.40891956755029
"TER-NFSB-T164B",2023-09-26,1.06810647843526,NA,1.17953564923918
"TER-NFSB-T164B",2023-09-27,2.19146896667146,NA,2.60147324481307
"TER-NFSB-T164B",2023-09-28,0.83378610888064,NA,1.0494995356656
"TER-NFSB-T164B",2023-09-29,0.761386987626881,NA,1.08159001313887
"TER-NFSB-T164B",2023-09-30,1.06810647843526,NA,1.23944821757828
"TER-NFSB-T164B",2023-10-01,0.729490093902206,NA,0.965904247062178
"TER-NFSB-T164B",2023-10-02,0.58008932345666,NA,0.701964118163034
"TER-NFSB-T164B",2023-10-03,2.08340579584125,NA,2.59877340074232
"TER-NFSB-T164B",2023-10-04,0.551677284367371,NA,0.642332141271278
"TER-NFSB-T164B",2023-10-05,0.658005330140078,NA,0.793713981266533
"TER-NFSB-T164B",2023-10-06,1.23944821757828,NA,1.55106321645808
"TER-NFSB-T164B",2023-10-07,0.583592075121765,NA,0.786836907396049
"TER-NFSB-T164B",2023-10-08,0.551677284367371,NA,0.691236552140071
"TER-NFSB-T164B",2023-10-09,0.775531608229039,NA,1.00991461828804
"TER-NFSB-T164B",2023-10-10,0.251805077592668,NA,0.434057366141216
"TER-NFSB-T164B",2023-10-11,0.375301810914046,NA,0.527761886361314
"TER-NFSB-T164B",2023-10-12,0.58008932345666,NA,0.642684586917151
"TER-NFSB-T164B",2023-10-13,0.800531978921119,NA,1.07655347814419
"TER-NFSB-T164B",2023-10-14,0.442325868464691,NA,0.726067430094119
"TER-NFSB-T164B",2023-10-15,0.857353105684051,NA,4.61168765675628
"TER-NFSB-T164B",2023-10-16,NA,NA,1.07001286732071
"TER-NFSB-T164B",2023-10-17,NA,NA,1.41405342948888
"TER-NFSB-T164B",2023-10-18,NA,NA,1.39810948960642
"TER-NFSB-T164B",2023-10-19,NA,NA,0.888483074635102
"TER-NFSB-T164B",2023-10-20,NA,NA,0.570643547208776
"TER-NFSB-T164B",2023-10-21,NA,NA,0.350982059081517
"TER-NFSB-T164B",2023-10-22,NA,NA,1.39810948960642
"TER-NFSB-T164B",2023-10-23,NA,NA,0.680672621302858
"TER-NFSB-T164B",2023-10-24,NA,NA,2.17185137746511
"TER-NFSB-T164B",2023-10-25,NA,NA,0.916831342257085
"TER-NFSB-T164B",2023-10-26,NA,NA,NA
"TER-NFSB-T164B",2023-10-27,NA,NA,NA
"TER-NFSB-T164B",2023-10-28,NA,NA,NA
"TER-NFSB-T164B",2023-10-29,NA,NA,NA
"TER-NFSB-T164B",2023-10-30,NA,NA,NA
"TER-NFSB-T164B",2023-10-31,NA,NA,NA
"TER-NFSB-T164B",2023-11-01,NA,NA,NA
"TER-NFSB-T164B",2023-11-02,NA,NA,NA
"TER-NFSB-T164B",2023-11-03,NA,NA,NA
"TER-NFSB-T164B",2023-11-04,NA,NA,NA
"TER-NFSB-T164B",2023-11-05,NA,NA,NA
"TER-NFSB-T164B",2023-11-06,NA,NA,NA
"TER-NFSB-T164B",2023-11-07,NA,NA,NA
"TER-NFSB-T164B",2023-11-08,NA,NA,NA
"TER-NFSB-T164B",2023-11-09,NA,NA,NA
"TER-NFSB-T164B",2023-11-10,NA,NA,NA
"TER-NFSB-T164B",2023-11-11,NA,NA,NA
"TER-NFSB-T164B",2023-11-12,NA,NA,NA
"TER-NFSB-T164B",2023-11-13,NA,NA,NA
"TER-NFSB-T164B",2023-11-14,NA,NA,NA
"TER-NFSB-T164B",2023-11-15,NA,NA,NA
"TER-NFSB-T164B",2023-11-16,NA,NA,NA
"TER-NFSB-T164B",2023-11-17,NA,NA,NA
"TER-NFSB-T164B",2023-11-18,NA,NA,NA
"TER-NFSB-T164B",2023-11-19,NA,NA,NA
"TER-NFSB-T164B",2023-11-20,NA,NA,NA
"TER-NFSB-T164B",2023-11-21,NA,NA,NA
"TER-NFSB-T164B",2023-11-22,NA,NA,NA
"TER-NFSB-T164B",2023-11-23,NA,NA,NA
"TER-NFSB-T164B",2023-11-24,NA,NA,NA
"TER-NFSB-T164B",2023-11-25,NA,NA,NA
"TER-NFSB-T164B",2023-11-26,NA,NA,NA
"TER-NFSB-T164B",2023-11-27,NA,NA,NA
"TER-NFSB-T164B",2023-11-28,NA,NA,NA
"TER-NFSB-T164B",2023-11-29,NA,NA,NA
"TER-NFSB-T164B",2023-11-30,NA,NA,NA
"TER-NFSB-T164B",2023-12-01,NA,NA,NA
"TER-NFSB-T164B",2023-12-02,NA,NA,NA
"TER-NFSB-T164B",2023-12-03,NA,NA,NA
"TER-NFSB-T164B",2023-12-04,NA,NA,NA
"TER-NFSB-T164B",2023-12-05,NA,NA,NA
"TER-NFSB-T164B",2023-12-06,NA,NA,NA
"TER-NFSB-T164B",2023-12-07,NA,NA,NA
"TER-NFSB-T164B",2023-12-08,NA,NA,NA
"TER-NFSB-T164B",2023-12-09,NA,NA,NA
"TER-NFSB-T164B",2023-12-10,NA,NA,NA
"TER-NFSB-T164B",2023-12-11,0.717281502356772,NA,0.732278556328103
"TER-NFSB-T164B",2023-12-12,0.355469683168866,NA,0.556581178890961
"TER-NFSB-T164B",2023-12-13,0.398707149803396,NA,0.916831342257085
"TER-NFSB-T164B",2023-12-14,0.80729239714787,NA,1.61458479429574
"TER-NFSB-T164B",2023-12-15,1.23780281026561,NA,1.18871505343411
"TER-NFSB-T164B",2023-12-16,0.14116492564332,NA,0.207425558499527
"TER-NFSB-T164B",2023-12-17,0.255376959227625,NA,0.207425558499527
"TER-NFSB-T164B",2023-12-18,1.15607249910566,NA,2.04655950245808
"TER-NFSB-T164B",2023-12-19,0.495907161718278,NA,1.0215078369105
"TER-NFSB-T164B",2023-12-20,0.375301810914046,NA,0.8198179366636
"TER-NFSB-T164B",2023-12-21,0.440273301155254,NA,0.850990471514632
"TER-NFSB-T164B",2023-12-22,0.772899209732936,NA,1.90239646731184
"TER-NFSB-T164B",2023-12-23,0.390094748802747,NA,0.965904247062178
"TER-NFSB-T164B",2023-12-24,0.487153816139944,NA,1.00519484015124
"TER-NFSB-T164B",2023-12-25,0.607546145441299,NA,1.11295891039691
"TER-NFSB-T164B",2023-12-26,1.86683002649574,NA,2.40461136092747
"TER-NFSB-T164B",2023-12-27,0.326931274079147,NA,0.832970935693524
"TER-NFSB-T164B",2023-12-28,0.56465970257328,NA,0.919790461329983
"TER-NFSB-T164B",2023-12-29,0.350982059081517,NA,0.734440041060564
"TER-NFSB-T164B",2023-12-30,0.793713981266533,NA,2.08340579584125
"TER-NFSB-T164B",2023-12-31,0.84457990586522,NA,1.59482859921358
"TER-NFSB-T164B",2024-01-01,0.88771812996067,NA,0.882344948812907
"TER-NFSB-T164B",2024-01-02,0.721060008759246,NA,0.965904247062178
"TER-NFSB-T164B",2024-01-03,0.598533836656866,NA,1.03209369308428
"TER-NFSB-T164B",2024-01-04,0.465766471310571,NA,0.972213595544888
"TER-NFSB-T164B",2024-01-05,0.47348155466575,NA,0.831610538026378
"TER-NFSB-T164B",2024-01-06,0.56465970257328,NA,1.09263012026493
"TER-NFSB-T164B",2024-01-07,0.758705514657047,NA,1.10006587418037
"TER-NFSB-T164B",2024-01-08,0.375301810914046,NA,0.85311662216516
"TER-NFSB-T164B",2024-01-09,0.477292332867911,NA,0.488546350136693
"TER-NFSB-T164B",2024-01-10,0.63381465310669,NA,1.30477800877157
"TER-NFSB-T164B",2024-01-11,0.207425558499527,NA,0.437694056341324
"TER-NFSB-T164B",2024-01-12,0.14116492564332,NA,0.318511028635303
"TER-NFSB-T164B",2024-01-13,0.329002665070039,NA,0.659380473395787
"TER-NFSB-T164B",2024-01-14,0.368604890387243,NA,0.659036956585082
"TER-NFSB-T164B",2024-01-15,0.545070132437435,NA,0.653862548158294
"TER-NFSB-T164B",2024-01-16,0.561038762255892,NA,0.923721207705668
"TER-NFSB-T164B",2024-01-17,0.232152810743768,NA,0.350982059081517
"TER-NFSB-T164B",2024-01-18,0.294883912309794,NA,0.360530004379623
"TER-NFSB-T164B",2024-01-19,1.4889386843645,NA,1.89774847526281
"TER-NFSB-T164B",2024-01-20,0.575779245136914,NA,1.34309155590236
"TER-NFSB-T164B",2024-01-21,0.751809411556112,NA,0.888483074635102
"TER-NFSB-T164B",2024-01-22,0.251805077592668,NA,0.42933636014776
"TER-NFSB-T164B",2024-01-23,0.251805077592668,NA,0.204124145231931
"TER-NFSB-T164B",2024-01-24,0.24726767752342,NA,0.425095897109265
"TER-NFSB-T164B",2024-01-25,0.520851448960313,NA,0.675663924692176
"TER-NFSB-T164B",2024-01-26,0.556581178890961,NA,0.756314001962953
"TER-NFSB-T164B",2024-01-27,1.26387229908951,NA,1.9438448005681
"TER-NFSB-T164B",2024-01-28,0.47348155466575,NA,0.943129234847053
"TER-NFSB-T164B",2024-01-29,1.32424438394346,NA,1.97802694109816
"TER-NFSB-T164B",2024-01-30,0.477292332867911,NA,0.859726953621095
"TER-NFSB-T164B",2024-01-31,0.829702233998107,NA,2.24899333358122
"TER-NFSB-T164B",2024-02-01,0.586301969977929,NA,0.904898104600814
"TER-NFSB-T164B",2024-02-02,0.360530004379623,NA,0.670280062599836
"TER-NFSB-T164B",2024-02-03,0.294883912309794,NA,0.721060008759246
"TER-NFSB-T164B",2024-02-04,0.503610155185335,NA,1.03909101859632
"TER-NFSB-T164B",2024-02-05,0.606426931450447,NA,0.940243570046875
"TER-NFSB-T164B",2024-02-06,0.380693493813441,NA,0.717281502356772
"TER-NFSB-T164B",2024-02-07,0.6412736421045,NA,1.05552377272263
"TER-NFSB-T164B",2024-02-08,0.56465970257328,NA,0.892805381522402
"TER-NFSB-T164B",2024-02-09,0.368604890387243,NA,0.63381465310669
"TER-NFSB-T164B",2024-02-10,1.37508234272547,NA,1.92946264202148
"TER-NFSB-T164B",2024-02-11,0.360530004379623,NA,0.772899209732936
"TER-NFSB-T164B",2024-02-12,0.24726767752342,NA,0.441813620616566
"TER-NFSB-T164B",2024-02-13,0.583592075121765,NA,0.980793822237442
"TER-NFSB-T164B",2024-02-14,0.232152810743768,NA,0.508977377704052
"TER-NFSB-T164B",2024-02-15,1.43692884053234,NA,1.81129707708296
"TER-NFSB-T164B",2024-02-16,0.370443330172869,NA,0.746974574194299
"TER-NFSB-T164B",2024-02-17,0.779027636204913,NA,1.26834366485346
"TER-NFSB-T164B",2024-02-18,0.751508145500515,NA,2.45161511389261
"TER-NFSB-T164B",2024-02-19,0.358640751178386,NA,0.667232549687378
"TER-NFSB-T164B",2024-02-20,0.306186217847897,NA,0.464305621487537
"TER-NFSB-T164B",2024-02-21,0.586301969977929,NA,0.872278375988647
"TER-NFSB-T164B",2024-02-22,1.03712779249763,NA,1.26387229908951
"TER-NFSB-T164B",2024-02-23,0.966607319517563,NA,2.2502012792418
"TER-NFSB-T164B",2024-02-24,1.14840784554536,NA,1.4866556183381
"TER-NFSB-T164B",2024-02-25,0.389513818102456,NA,0.58008932345666
"TER-NFSB-T164B",2024-02-26,0.567460015829501,NA,1.44212001751849
"TER-NFSB-T164B",2024-02-27,0.571040240720161,NA,1.80265002189812
"TER-NFSB-T164B",2024-02-28,0.489009646921826,NA,1.27048433078988
"TER-NFSB-T164B",2024-02-29,0.551266657377564,NA,1.08660320344601
"TER-NFSB-T164B",2024-03-01,0.62227667549858,NA,1.58970875101179
"TER-NFSB-T164B",2024-03-02,0.441813620616566,NA,1.07592225353516
"TER-NFSB-T164B",2024-03-03,1.03187426208508,NA,1.71892703304344
"TER-NFSB-T164B",2024-03-04,0.48482403800357,NA,0.896601877945965
"TER-NFSB-T164B",2024-03-05,0.740886660345738,NA,1.12931940514656
"TER-NFSB-T164B",2024-03-06,0.477292332867911,NA,0.429336360147761
"TER-NFSB-T164B",2024-03-07,1.62353612993903,NA,2.05186376924401
"TER-NFSB-T164B",2024-03-08,0.991814323436556,NA,1.36980242942264
"TER-NFSB-T164B",2024-03-09,0.943849272540569,NA,1.26387229908951
"TER-NFSB-T164B",2024-03-10,0.674321989058296,NA,1.14188218636435
"TER-NFSB-T164B",2024-03-11,0.384834803632619,NA,0.704218654285356
"TER-NFSB-T164B",2024-03-12,0.329002665070039,NA,0.722001545624425
"TER-NFSB-T164B",2024-03-13,0.570643547208776,NA,0.791428263111808
"TER-NFSB-T164B",2024-03-14,0.541318171059166,NA,0.699054744803212
"TER-NFSB-T164B",2024-03-15,0.798265783351363,NA,1.63465637039574
"TER-NFSB-T164B",2024-03-16,0.465766471310571,NA,1.04170289792063
"TER-NFSB-T164B",2024-03-17,0.589383736122568,NA,1.12931940514656
"TER-NFSB-T164B",2024-03-18,0.567460015829501,NA,0.916831342257085
"TER-NFSB-T164B",2024-03-19,1.97630895900648,NA,2.08242733923381
"TER-NFSB-T164B",2024-03-20,1.96850196850295,2.59877340074232,2.93127810082016
"TER-NFSB-T164B",2024-03-21,0.7058246282166,1.03209369308428,1.12751329565733
"TER-NFSB-T164B",2024-03-22,0.481543412343077,0.691236552140071,0.717281502356772
"TER-NFSB-T164B",2024-03-23,0.629872312802192,0.855502225579229,0.876163822283402
"TER-NFSB-T164B",2024-03-24,0.908644076616919,1.2363383876171,1.282547284209
"TER-NFSB-T164B",2024-03-25,0.232152810743768,0.403225222065963,0.408248290463863
"TER-NFSB-T164B",2024-03-26,0.859463516521722,0.935414346693485,0.951733734533601
"TER-NFSB-T164B",2024-03-27,1.87650905457023,2.01881996670605,2.06933704289597
"TER-NFSB-T164B",2024-03-28,1.30772509631659,1.54271899063244,1.59426053914242
"TER-NFSB-T164B",2024-03-29,1.59936581634495,1.68096224168511,1.77339435440397
"TER-NFSB-T164B",2024-03-30,1.20667677552015,1.52989532653215,1.44400309124885
"TER-NFSB-T164B",2024-03-31,1.23780281026561,1.57194608455685,1.73818475194211
"TER-NFSB-T164B",2024-04-01,1.09263012026493,1.22011373905546,1.29379791446665
"TER-NFSB-T164B",2024-04-02,0.907896118682551,1.04170289792063,0.996370223957142
"TER-NFSB-T164B",2024-04-03,1.03187426208508,1.4116492564332,1.43708642443812
"TER-NFSB-T164B",2024-04-04,0.807572853087248,1.15136182756378,1.21862805967452
"TER-NFSB-T164B",2024-04-05,0.706786460997432,0.958372715006831,1.02128613146309
"TER-NFSB-T164B",2024-04-06,1.28748153215966,1.45151095688976,1.54110350074224
"TER-NFSB-T164B",2024-04-07,0.607918758874329,0.84457990586522,0.884395724266829
"TER-NFSB-T164B",2024-04-08,1.35517660221405,1.89536046818219,2.06374852417016
"TER-NFSB-T164B",2024-04-09,0.380693493813441,0.403225222065963,0.368604890387243
"TER-NFSB-T164B",2024-04-10,0.240771706171538,0.232152810743768,0.14116492564332
"TER-NFSB-T164B",2024-04-11,0.380693493813441,0.441813620616566,0.434057366141216
"TER-NFSB-T164B",2024-04-12,1.23780281026561,1.84891272397308,1.9752774525349
"TER-NFSB-T164B",2024-04-13,0.408248290463863,0.416485467846762,0.477292332867911
"TER-NFSB-T164B",2024-04-14,0.232152810743768,0.312046772785423,0.339836917410076
"TER-NFSB-T164B",2024-04-15,0.571040240720161,0.722001545624424,0.696458432231305
"TER-NFSB-T164B",2024-04-16,0.255376959227625,0.240771706171538,0.204124145231931
"TER-NFSB-T164B",2024-04-17,0.42933636014776,0.598533836656866,0.642332141271278
"TER-NFSB-T164B",2024-04-18,0.294114982937636,0.380693493813441,0.326931274079147
"TER-NFSB-T164B",2024-04-19,0.594357526717057,0.737209780774486,0.680672621302858
"TER-NFSB-T164B",2024-04-20,1.47303664466358,1.87034446180299,1.8157922373651
"TER-NFSB-T164B",2024-04-21,0.670280062599836,0.963086824686154,0.996370223957142
"TER-NFSB-T164B",2024-04-22,0.637022057270606,0.96096833710978,0.943849272540569
"TER-NFSB-T164B",2024-04-23,0.389513818102457,0.48482403800357,0.527761886361314
"TER-NFSB-T164B",2024-04-24,0.434057366141216,0.561038762255892,0.551266657377564
"TER-NFSB-T164B",2024-04-25,1.0215078369105,1.47441956154897,1.45151095688976
"TER-NFSB-T164B",2024-04-26,0.816496580927726,1.00519484015123,1.02659384740813
"TER-NFSB-T164B",2024-04-27,0.999773525079193,1.24163870214595,1.38509142689916
"TER-NFSB-T164B",2024-04-28,1.32424438394346,1.95499638607472,2.32035729382664
"TER-NFSB-T164B",2024-04-29,1.46563905041008,1.87361059632643,2.17153855829109
"TER-NFSB-T164B",2024-04-30,1.18394299461281,1.70663135436747,1.9222901121741
"TER-NFSB-T164B",2024-05-01,0.789422830805584,0.958372715006831,0.943129234847053
"TER-NFSB-T164B",2024-05-02,0.510310363079829,0.721060008759246,0.699054744803212
"TER-NFSB-T164B",2024-05-03,0.90864407661692,1.07823493715894,1.08597782025553
"TER-NFSB-T164B",2024-05-04,0.883627241233132,1.00879286450602,1.0475558163677
"TER-NFSB-T164B",2024-05-05,1.39291686446261,2.19343139950805,2.57909306045609
"TER-NFSB-T164B",2024-05-06,0.345126525843175,0.337831962346088,0.384834803632619
"TER-NFSB-T164B",2024-05-07,0.658005330140078,0.813996670576818,0.862881925521276
"TER-NFSB-T164B",2024-05-08,0.892805381522402,1.01951075223023,1.10150588622635
"TER-NFSB-T164B",2024-05-09,0.751508145500515,1.22696160600432,1.20009057629178
"TER-NFSB-T164B",2024-05-10,1.36134524260572,1.77543625992134,2.12089330372772
"TER-NFSB-T164B",2024-05-11,1.82859235479097,2.37132629677932,2.74843499605434
"TER-NFSB-T164B",2024-05-12,1.22011373905546,1.55339739869129,1.81928079435134
"TER-NFSB-T164B",2024-05-13,1.14029458436425,1.5667514623984,1.64129235046964
"TER-NFSB-T164B",2024-05-14,0.840279025431261,1.31308216902397,1.3790290114761
"TER-NFSB-T164B",2024-05-15,1.08597782025553,1.44400309124885,1.63839241640851
"TER-NFSB-T164B",2024-05-16,0.6412736421045,0.964731321010742,1.07318265663062
"TER-NFSB-T164B",2024-05-17,0.793713981266534,0.895843865795853,0.944089163069933
"TER-NFSB-T164B",2024-05-18,0.859463516521722,1.43314162856859,1.69918458705038
"TER-NFSB-T164B",2024-05-19,1.64170620860199,2.12643813228478,2.30743913512769
"TER-NFSB-T164B",2024-05-20,0.904898104600814,1.30217209842365,1.27404411454121
"TER-NFSB-T164B",2024-05-21,0.653862548158294,0.964731321010742,0.974307632279888
"TER-NFSB-T164B",2024-05-22,0.761386987626881,1.12931940514656,1.17028424640824
"TER-NFSB-T164B",2024-05-23,0.389513818102457,0.380693493813441,0.412112795872367
"TER-NFSB-T164B",2024-05-24,1.11132999051861,1.39729941393171,1.40650661909755
"TER-NFSB-T164B",2024-05-25,1.28095723944063,1.84437550799525,2.08340579584125
"TER-NFSB-T164B",2024-05-26,1.92699642381383,2.9915339480472,3.19618205209668
"TER-NFSB-T164B",2024-05-27,0.880546602310508,1.25686520555211,1.3666578295932
"TER-NFSB-T164B",2024-05-28,0.818435676471731,1.00339098972478,0.96096833710978
"TER-NFSB-T164B",2024-05-29,0.41702882811415,0.531609533071195,0.547970564109455
"TER-NFSB-T164B",2024-05-30,0.569451808600904,0.625181133172909,0.641273642104501
"TER-NFSB-T164B",2024-05-31,0.551677284367371,0.691236552140071,0.653862548158294
"TER-NFSB-T164B",2024-06-01,0.732278556328103,0.892805381522402,0.966841563388569
"TER-NFSB-T164B",2024-06-02,0.624093545570845,0.766130877682874,0.810930758851934
"TER-NFSB-T164B",2024-06-03,0.807572853087248,1.12751329565733,1.2465532188945
"TER-NFSB-T164B",2024-06-04,1.13890361720181,1.66145016978141,1.79054987101162
"TER-NFSB-T164B",2024-06-05,0.935414346693485,1.30616570180805,1.27404411454121
"TER-NFSB-T164B",2024-06-06,0.800531978921119,0.846722153836252,0.894579084894362
"TER-NFSB-T164B",2024-06-07,1.01951075223023,1.3666578295932,1.42696597158376
"TER-NFSB-T164B",2024-06-08,1.16017864691332,1.72995769404584,1.71312072216048
"TER-NFSB-T164B",2024-06-09,1.24818709114169,1.45960089839952,1.46316487426242
"TER-NFSB-T164B",2024-06-10,1.12207752451178,1.38949865841574,1.42807638938295
"TER-NFSB-T164B",2024-06-11,1.23340432619805,1.93356601548328,2.02520351455411
"TER-NFSB-T164B",2024-06-12,1.92511527981566,3.12764380917992,3.3583526629429
"TER-NFSB-T164B",2024-06-13,0.291796037560882,0.326931274079147,0.355469683168866
"TER-NFSB-T164B",2024-06-14,1.13711273069949,1.53226175536575,1.54638428206772
"TER-NFSB-T164B",2024-06-15,2.54203786788064,4.07448760893469,4.59895230664992
"TER-NFSB-T164B",2024-06-16,1.0179547554081,1.18852453896003,1.20517453183093
"TER-NFSB-T164B",2024-06-17,0.416485467846762,0.607546145441299,0.561038762255892
"TER-NFSB-T164B",2024-06-18,0.78683690739605,1.31256469819835,1.45151095688976
"TER-NFSB-T164B",2024-06-19,1.17645993175054,1.84695205245236,2.03223568614912
"TER-NFSB-T164B",2024-06-20,1.30980140103182,2.00361991246423,2.48901572420954
"TER-NFSB-T164B",2024-06-21,1.9752774525349,2.73256992697298,2.95980010586301
"TER-NFSB-T164B",2024-06-22,1.34578650028443,1.60374900454068,1.56732949284139
"TER-NFSB-T164B",2024-06-23,0.985400676249831,1.25686520555211,1.26243811729526
"TER-NFSB-T164B",2024-06-24,0.94384927254057,1.28941482064933,1.39470400994703
"TER-NFSB-T164B",2024-06-25,1.26387229908951,1.84105750959148,1.76610088014263
"TER-NFSB-T164B",2024-06-26,2.83961367039628,3.83608911655411,4.28597307707262
"TER-NFSB-T164B",2024-06-27,0.625181133172909,1.08660320344601,1.08347267777192
"TER-NFSB-T164B",2024-06-28,0.84698955385992,1.34309155590236,1.67772598857907
"TER-NFSB-T164B",2024-06-29,0.659380473395787,0.865763883197535,0.890519714727777
"TER-NFSB-T164B",2024-06-30,0.389513818102457,0.667232549687378,0.710939366337732
"TER-NFSB-T164B",2024-07-01,1.16950999276979,1.92758390482618,2.28406182179842
"TER-NFSB-T164B",2024-07-02,1.4212415474619,2.16150444118798,2.58890819693822
"TER-NFSB-T164B",2024-07-03,0.642684586917151,1.11295891039691,1.36317377968592
"TER-NFSB-T164B",2024-07-04,1.83563755065953,2.68845828887385,3.14158641730437
"TER-NFSB-T164B",2024-07-05,2.40018115258357,3.44732620606384,3.8967075474232
"TER-NFSB-T164B",2024-07-06,0.938073496085446,1.12530189186106,1.17780654645386
"TER-NFSB-T164B",2024-07-07,1.01058707288588,1.16718415024353,1.16718415024353
"TER-NFSB-T164B",2024-07-08,0.71189428868398,0.8198179366636,0.789422830805584
"TER-NFSB-T164B",2024-07-09,0.355469683168866,0.49453535504684,0.506747943519132
"TER-NFSB-T164B",2024-07-10,0.607918758874329,0.625543242171224,0.641273642104501
"TER-NFSB-T164B",2024-07-11,0.42933636014776,0.663488802697037,0.701964118163034
"TER-NFSB-T164B",2024-07-12,1.17876747224514,1.36732045161012,1.40392823632607
"TER-NFSB-T164B",2024-07-13,1.12590543274214,1.35667966379132,1.3790290114761
"TER-NFSB-T164B",2024-07-14,1.08159001313887,1.46316487426242,1.72366310303192
"TER-NFSB-T164B",2024-07-15,1.12590543274214,1.3790290114761,1.40843730857071
"TER-NFSB-T164B",2024-07-16,0.670280062599837,0.935414346693485,0.907896118682551
"TER-NFSB-T164B",2024-07-17,0.78683690739605,0.923721207705668,0.965904247062178
"TER-NFSB-T164B",2024-07-18,0.827242231843206,1.08826913497762,1.18394299461281
"TER-NFSB-T164B",2024-07-19,1.96712104797628,3.01438279307529,3.39730285177325
"TER-NFSB-T164B",2024-07-20,1.21117232704397,1.61163680412362,2.01444062074134
"TER-NFSB-T164B",2024-07-21,1.19706767331373,1.78142082196418,2.22866291883656
"TER-NFSB-T164B",2024-07-22,0.740886660345738,1.28748153215966,1.40891956755029
"TER-NFSB-T164B",2024-07-23,1.14445734245347,1.82921144014398,2.01881996670605
"TER-NFSB-T164B",2024-07-24,1.69598310594539,2.37657270582807,2.60216952404797
"TER-NFSB-T164B",2024-07-25,1.86683002649574,2.88926047405846,3.00362100312852
"TER-NFSB-T164B",2024-07-26,0.650738153889517,0.683328914796602,0.842700971600384
"TER-NFSB-T164B",2024-07-27,0.855502225579229,1.07318265663062,1.27954220753735
"TER-NFSB-T164B",2024-07-28,2.043015673821,2.51084603790972,2.7025719097808
"TER-NFSB-T164B",2024-07-29,0.630949939446036,1.24072647022341,1.25686520555211
"TER-NFSB-T164B",2024-07-30,0.775531608229039,1.05294617724455,1.12268279877562
"TER-NFSB-T164B",2024-07-31,0.710939366337732,0.779899194526567,0.920774721067277
"TER-NFSB-T164B",2024-08-01,1.282547284209,2.12984315949742,2.40461136092747
"TER-NFSB-T164B",2024-08-02,1.18852453896003,1.79925507935359,1.95186644233043
"TER-NFSB-T164B",2024-08-03,1.56255434688094,2.32104034020729,2.56429991576083
"TER-NFSB-T164B",2024-08-04,1.6450133253502,2.12984315949742,2.35205352768627
"TER-NFSB-T164B",2024-08-05,1.08660320344601,1.60162960490381,1.84744241541134
"TER-NFSB-T164B",2024-08-06,0.481543412343077,0.734440041060564,0.735980072193987
"TER-NFSB-T164B",2024-08-07,0.996370223957142,1.6151457061745,1.77836739165734
"TER-NFSB-T164B",2024-08-08,1.80979620920163,2.68845828887385,2.98175308321721
"TER-NFSB-T164B",2024-08-09,1.57064903966389,2.46708403245378,2.61397789485348
"TER-NFSB-T164B",2024-08-10,0.80729239714787,0.972213595544888,0.944089163069933
"TER-NFSB-T164B",2024-08-11,0.989070710093681,1.11295891039691,1.24236800541127
"TER-NFSB-T164B",2024-08-12,1.55805527240983,2.10417115080596,2.43576908069972
"TER-NFSB-T164B",2024-08-13,0.959081308608263,1.48116190192367,1.74130864498556
"TER-NFSB-T164B",2024-08-14,1.12751329565733,2.04821856142413,2.28802411434541
"TER-NFSB-T164B",2024-08-15,1.14505078679848,2.05880488056345,2.20660651654086
"TER-NFSB-T164B",2024-08-16,1.2128538629009,2.17028683070608,2.49637418228338
"TER-NFSB-T164B",2024-08-17,1.35667966379132,2.33814849951775,2.45161511389261
"TER-NFSB-T164B",2024-08-18,1.54857929279936,2.47011118684207,2.58724575170395
"TER-NFSB-T164B",2024-08-19,1.54271899063244,2.56226801707088,2.90543905235621
"TER-NFSB-T164B",2024-08-20,0.656282349099174,1.15783405984836,1.18566314838966
"TER-NFSB-T164B",2024-08-21,1.08159001313887,1.77428797721423,1.90679562754308
"TER-NFSB-T164B",2024-08-22,2.23241923754789,3.24867587295751,3.66528712519837
"TER-NFSB-T164B",2024-08-23,0.510753918455249,0.670280062599837,0.764947663266077
"TER-NFSB-T164B",2024-08-24,1.29589653371207,1.65489502272255,1.7161582897164
"TER-NFSB-T164B",2024-08-25,2.24082266854922,2.98516865253171,3.24309467075481
"TER-NFSB-T164B",2024-08-26,0.510753918455249,0.506747943519132,0.56465970257328
"TER-NFSB-T164B",2024-08-27,0.561038762255892,0.943849272540569,0.919790461329983
"TER-NFSB-T164B",2024-08-28,0.999093792292346,1.64391169232837,1.92052227196184
"TER-NFSB-T164B",2024-08-29,1.66104123097968,2.33349507720979,2.56147248752506
"TER-NFSB-T164B",2024-08-30,0.975933221165215,1.3790290114761,1.72733773541074
"TER-NFSB-T164B",2024-08-31,0.800531978921119,1.07655347814419,1.24072647022341
"TER-NFSB-T164B",2024-09-01,0.42933636014776,0.586301969977929,0.601929265428846
"TER-NFSB-T164B",2024-09-02,0.508977377704051,0.683328914796602,0.761386987626881
"TER-NFSB-T164B",2024-09-03,0.737209780774486,1.48162048965392,1.6003566178661
"TER-NFSB-T164B",2024-09-04,0.763466066556077,1.30616570180805,1.55674665406017
"TER-NFSB-T164B",2024-09-05,0.779899194526567,1.39096463243882,1.58328565908394
"TER-NFSB-T164B",2024-09-06,0.691236552140071,1.09325169808344,1.32424438394346
"TER-NFSB-T164B",2024-09-07,0.872018730685681,1.27954220753735,1.28466428254256
"TER-NFSB-T164B",2024-09-08,0.442325868464691,0.607546145441299,0.740886660345738
"TER-NFSB-T164B",2024-09-09,0.601929265428846,0.888483074635102,1.00519484015123
"TER-NFSB-T164B",2024-09-10,0.791428263111808,0.987007995210118,0.98815447950324
"TER-NFSB-T164B",2024-09-11,0.477292332867911,0.589383736122568,0.722315118514615
"TER-NFSB-T164B",2024-09-12,0.859726953621095,1.47626143554824,1.88517769123662
"TER-NFSB-T164B",2024-09-13,0.663488802697037,1.2509054691517,1.47380509202383
"TER-NFSB-T164B",2024-09-14,1.3855818115585,1.94663868602087,2.05880488056345
"TER-NFSB-T164B",2024-09-15,1.26548381078634,1.90999943091273,2.24243898661606
"TER-NFSB-T164B",2024-09-16,0.403225222065963,0.601929265428846,0.604556970379784
"TER-NFSB-T164B",2024-09-17,0.588229965875272,0.729490093902206,0.746974574194299
"TER-NFSB-T164B",2024-09-18,0.62227667549858,0.977787727771069,1.11295891039691
"TER-NFSB-T164B",2024-09-19,0.813996670576818,0.974307632279887,1.07823493715894
"TER-NFSB-T164B",2024-09-20,0.98815447950324,1.36184417802383,1.37524701338563
"TER-NFSB-T164B",2024-09-21,1.96054839266977,2.56756524831363,2.69451603570412
"TER-NFSB-T164B",2024-09-22,0.589383736122568,0.683328914796602,0.764947663266077
"TER-NFSB-T164B",2024-09-23,1.07254944820301,1.53565710808865,1.83958092265997
"TER-NFSB-T164B",2024-09-24,0.326931274079147,0.434057366141216,0.414851116999053
"TER-NFSB-T164B",2024-09-25,1.04235484514075,1.24163870214594,1.21807046272944
"TER-NFSB-T164B",2024-09-26,0.576957914221314,0.876163822283402,0.876163822283402
"TER-NFSB-T164B",2024-09-27,1.01595068635316,1.20911394075957,1.28519298725629
"TER-NFSB-T164B",2024-09-28,0.537961126767579,0.642332141271278,0.691236552140071
"TER-NFSB-T164B",2024-09-29,0.531183393096442,0.659036956585082,0.729490093902206
"TER-NFSB-T164B",2024-09-30,0.275016468545094,0.368604890387243,0.416485467846762
"TER-NFSB-T164B",2024-10-01,0.179320375589193,0.303959379437164,0.326931274079147
"TER-NFSB-T164B",2024-10-02,0.254488688852026,0.312046772785422,0.358640751178386
"TER-NFSB-T164B",2024-10-03,0.375301810914046,0.403225222065963,0.360530004379623
"TER-NFSB-T164B",2024-10-04,0.78683690739605,0.930316682874591,0.88771812996067
"TER-NFSB-T164B",2024-10-05,1.2767074387102,1.40069858347152,1.41357292199487
"TER-NFSB-T164B",2024-10-06,0.80729239714787,1.00271370919555,1.09263012026493
"TER-NFSB-T164B",2024-10-07,2.11061842712688,2.42570772580179,2.44171180153169
"TER-NFSB-T164B",2024-10-08,1.54110350074224,1.79661013328281,1.71892703304344
"TER-NFSB-T164B",2024-10-09,1.81466949120738,2.26504630915324,2.30743913512769
"TER-NFSB-T164B",2024-10-10,0.902643059439125,1.1210680078661,1.08660320344601
"TER-NFSB-T164B",2024-10-11,1.0664090495066,0.842700971600384,0.902643059439125
"TER-NFSB-T164B",2024-10-12,1.84044240900648,2.11233437735107,2.32416028158403
"TER-NFSB-T164B",2024-10-13,0.857353105684051,1.06130047378307,1.12530189186106
"TER-NFSB-T164B",2024-10-14,0.642332141271278,0.691236552140071,0.736902546011914
"TER-NFSB-T164B",2024-10-15,1.06810647843525,1.07592225353516,1.10006587418037
"TER-NFSB-T164B",2024-10-16,0.637022057270606,0.840279025431261,0.832970935693524
"TER-NFSB-T164B",2024-10-17,1.61290088826385,1.80164477992846,1.88517769123662
"TER-NFSB-T164B",2024-10-18,0.980793822237442,1.07823493715894,1.16543672227332
"TER-NFSB-T164B",2024-10-19,0.588229965875272,0.746974574194299,0.79285760916182
"TER-NFSB-T164B",2024-10-20,0.862881925521276,0.907896118682551,1.04235484514075
"TER-NFSB-T164B",2024-10-21,1.21416011407421,1.5202438305574,1.48528409423238
"TER-NFSB-T164B",2024-10-22,1.801267669557,2.09802788696737,2.05318769481626
"TER-NFSB-T164B",2024-10-23,1.4407060970132,2.01578912515706,2.17185137746511
"TER-NFSB-T164B",2024-10-24,0.722001545624424,1.05552377272263,1.07823493715894
"TER-NFSB-T164B",2024-10-25,0.722315118514615,1.28941482064933,1.41405342948888
"TER-NFSB-T164B",2024-10-26,0.658005330140078,0.896601877945965,1.03187426208508
"TER-NFSB-T164B",2024-10-27,0.647948266856035,0.932261936818499,1.0179547554081
"TER-NFSB-T164B",2024-10-28,0.429336360147761,0.770551750371122,0.883627241233132
"TER-NFSB-T164B",2024-10-29,0.977787727771069,1.12751329565733,1.09325169808344
"TER-NFSB-T164B",2024-10-30,0.41702882811415,0.606426931450447,0.637022057270606
"TER-NFSB-T164B",2024-10-31,0.489009646921826,0.589767824619589,0.637022057270606
"TER-NFSB-T164B",2024-11-01,0.987007995210118,1.19479547701021,1.20667677552015
"TER-NFSB-T164B",2024-11-02,0.453948059341275,0.51604684654214,0.606426931450448
"TER-NFSB-T164B",2024-11-03,0.464305621487537,0.517361617708795,0.551677284367371
"TER-NFSB-T164B",2024-11-04,0.975933221165215,1.26816511291834,1.30980140103182
"TER-NFSB-T164B",2024-11-05,1.27688479613812,1.62506967520638,1.71312072216048
"TER-NFSB-T164B",2024-11-06,1.35116026361458,1.25902538796334,1.24945640354029
"TER-NFSB-T164B",2024-11-07,1.51068057414579,1.69558249578132,1.82064947003909
"TER-NFSB-T164B",2024-11-08,0.816496580927726,0.896601877945965,0.882344948812907
"TER-NFSB-T164B",2024-11-09,0.326931274079147,0.42933636014776,0.441813620616566
"TER-NFSB-T164B",2024-11-10,0.510310363079829,0.653862548158294,0.69025305168635
"TER-NFSB-T164B",2024-11-11,0.556581178890961,0.793713981266534,0.79285760916182
"TER-NFSB-T164B",2024-11-12,0.24726767752342,0.323449478616663,0.42933636014776
"TER-NFSB-T164B",2024-11-13,0.996370223957142,1.2767074387102,1.30772509631659
"TER-NFSB-T164B",2024-11-14,0.550032937090187,0.58008932345666,0.624093545570845
"TER-NFSB-T164B",2024-11-15,0.221162934232346,0.326931274079147,0.329002665070039
"TER-NFSB-T164B",2024-11-16,0.326931274079147,0.384834803632619,0.416485467846762
"TER-NFSB-T164B",2024-11-17,0.458415671128542,0.510753918455249,0.520851448960313
"TER-NFSB-T164B",2024-11-18,0.255376959227625,0.255376959227625,0.254488688852026
"TER-NFSB-T164B",2024-11-19,0.569451808600904,0.719488042623545,0.751809411556112
"TER-NFSB-T164B",2024-11-20,0.465766471310571,0.527761886361314,0.520851448960314
"TER-NFSB-T164B",2024-11-21,0.499546896146173,0.529902917003931,0.589383736122568
"TER-NFSB-T164B",2024-11-22,0.619724108789139,0.6412736421045,0.6412736421045
"TER-NFSB-T164B",2024-11-23,1.29781728688785,1.52277397525376,1.54579841946587
"TER-NFSB-T164B",2024-11-24,0.49453535504684,0.594357526717057,0.710939366337732
"TER-NFSB-T164B",2024-11-25,2.09024216751088,2.31371149229225,2.26494633138579
"TER-NFSB-T164B",2024-11-26,1.06810647843526,1.18394299461281,1.29781728688785
"TER-NFSB-T164B",2024-11-27,1.73818475194211,1.92193667421956,1.93917937970335
"TER-NFSB-T164B",2024-11-28,0.39699961669021,0.529902917003931,0.547970564109455
"TER-NFSB-T164B",2024-11-29,1.05100883213101,1.09325169808344,1.15077163777999
"TER-NFSB-T164B",2024-11-30,0.42349477692996,0.49453535504684,0.481543412343077
"TER-NFSB-T164B",2024-12-01,1.41357292199487,1.50346821272239,1.4889386843645
"TER-NFSB-T164B",2024-12-02,0.458415671128542,0.529902917003931,0.647948266856035
"TER-NFSB-T164B",2024-12-03,0.481543412343077,0.575779245136914,0.658005330140079
"TER-NFSB-T164B",2024-12-04,0.646898957233327,0.750603621828092,0.884651736929383
"TER-NFSB-T164B",2024-12-05,0.589383736122568,0.637022057270606,0.675328690771916
"TER-NFSB-T164B",2024-12-06,0.326931274079147,0.408248290463863,0.42933636014776
"TER-NFSB-T164B",2024-12-07,0.254488688852026,0.380693493813441,0.389513818102457
"TER-NFSB-T164B",2024-12-08,0.240771706171538,0.268348410774533,0.318511028635303
"TER-NFSB-T164B",2024-12-09,0.375301810914046,0.453948059341275,0.425095897109265
"TER-NFSB-T164B",2024-12-10,0.746974574194299,0.872278375988647,0.936140318356268
"TER-NFSB-T164B",2024-12-11,0.772899209732936,0.918558653543692,0.997959875467685
"TER-NFSB-T164B",2024-12-12,0.51604684654214,0.619724108789139,0.61642670615246
"TER-NFSB-T164B",2024-12-13,0.583592075121765,0.686304956089946,0.726067430094119
"TER-NFSB-T164B",2024-12-14,0.414851116999053,0.56465970257328,0.506747943519132
"TER-NFSB-T164B",2024-12-15,1.30425724323146,1.6681153124566,1.67340124869394
"TER-NFSB-T164B",2024-12-16,0.951733734533601,1.16718415024353,1.24218571973713
"TER-NFSB-T164B",2024-12-17,1.11965315540385,1.26548381078634,1.27901116696352
"TER-NFSB-T164B",2024-12-18,0.594357526717057,0.707106781186548,0.7058246282166
"TER-NFSB-T164B",2024-12-19,0.477292332867911,0.630949939446036,0.74180303257026
"TER-NFSB-T164B",2024-12-20,1.39875721236047,1.55558251356903,1.59127489677348
"TER-NFSB-T164B",2024-12-21,0.722315118514615,0.895843865795853,0.940243570046875
"TER-NFSB-T164B",2024-12-22,0.403225222065963,0.42933636014776,0.524749767832802
"TER-NFSB-T164B",2024-12-23,0.294883912309794,0.360530004379623,0.380693493813441
"TER-NFSB-T164B",2024-12-24,0.440273301155254,0.487153816139944,0.487153816139944
"TER-NFSB-T164B",2024-12-25,0.656282349099174,0.80729239714787,0.869938778455628
"TER-NFSB-T164B",2024-12-26,0.499546896146173,0.653862548158294,0.680672621302858
"TER-NFSB-T164B",2024-12-27,0.42933636014776,0.586301969977929,0.589383736122568
"TER-NFSB-T164B",2024-12-28,0.793713981266533,0.997959875467685,1.02062072615966
"TER-NFSB-T164B",2024-12-29,0.254488688852026,0.287889622568457,0.28232985128664
"TER-NFSB-T164B",2024-12-30,0.323449478616663,0.368604890387243,0.370443330172869
"TER-NFSB-T164B",2024-12-31,0.589383736122568,0.598533836656866,0.637022057270606
"TER-NFSB-T164B",2025-01-01,0.389513818102456,0.508977377704051,0.58008932345666
"TER-NFSB-T164B",2025-01-02,0.265804766535597,0.306186217847897,0.329690236697893
"TER-NFSB-T164B",2025-01-03,0.595499425035315,0.706786460997433,0.763466066556077
"TER-NFSB-T164B",2025-01-04,NA,NA,NA
"TER-NFSB-T164B",2025-01-05,NA,NA,NA
"TER-NFSB-T164B",2025-01-06,NA,NA,NA
"TER-NFSB-T164B",2025-01-07,NA,NA,NA
"TER-NFSB-T164B",2025-01-08,NA,NA,NA
"TER-NFSB-T164B",2025-01-09,NA,NA,NA
"TER-NFSB-T164B",2025-01-10,NA,NA,NA
"TER-NFSB-T164B",2025-01-11,NA,NA,NA
"TER-NFSB-T164B",2025-01-12,NA,NA,NA
"TER-NFSB-T164B",2025-01-13,NA,NA,NA
"TER-NFSB-T164B",2025-01-14,NA,NA,NA
"TER-NFSB-T164B",2025-01-15,NA,NA,NA
"TER-NFSB-T164B",2025-01-16,NA,NA,NA
"TER-NFSB-T164B",2025-01-17,NA,NA,NA
"TER-NFSB-T164B",2025-01-18,NA,NA,NA
"TER-NFSB-T164B",2025-01-19,NA,NA,NA
"TER-NFSB-T164B",2025-01-20,NA,NA,NA
"TER-NFSB-T164B",2025-01-21,NA,NA,NA
"TER-NFSB-T164B",2025-01-22,NA,NA,NA
"TER-NFSB-T164B",2025-01-23,NA,NA,NA
"TER-NFSB-T164B",2025-01-24,NA,NA,NA
"TER-NFSB-T164B",2025-01-25,NA,NA,NA
"TER-NFSB-T164B",2025-01-26,NA,NA,NA
"TER-NFSB-T164B",2025-01-27,NA,NA,NA
"TER-NFSB-T164B",2025-01-28,NA,NA,NA
"TER-NFSB-T164B",2025-01-29,NA,NA,NA
"TER-NFSB-T164B",2025-01-30,NA,NA,NA
"TER-NFSB-T164B",2025-01-31,NA,NA,NA
"TER-NFSB-T164B",2025-02-01,NA,NA,NA
"TER-NFSB-T164B",2025-02-02,NA,NA,NA
"TER-NFSB-T164B",2025-02-03,NA,NA,NA
"TER-NFSB-T164B",2025-02-04,NA,NA,NA
"TER-NFSB-T164B",2025-02-05,NA,NA,NA
"TER-NFSB-T164B",2025-02-06,NA,NA,NA
"TER-NFSB-T164B",2025-02-07,NA,NA,NA
"TER-NFSB-T164B",2025-02-08,NA,NA,NA
"TER-NFSB-T164B",2025-02-09,NA,NA,NA
"TER-NFSB-T164B",2025-02-10,NA,NA,NA
"TER-NFSB-T164B",2025-02-11,NA,NA,NA
"TER-NFSB-T164B",2025-02-12,NA,NA,NA
"TER-NFSB-T164B",2025-02-13,NA,NA,NA
"TER-NFSB-T164B",2025-02-14,NA,NA,NA
"TER-NFSB-T164B",2025-02-15,NA,NA,NA
"TER-NFSB-T164B",2025-02-16,NA,NA,NA
"TER-NFSB-T164B",2025-02-17,NA,NA,NA
"TER-NFSB-T164B",2025-02-18,NA,NA,NA
"TER-NFSB-T164B",2025-02-19,NA,NA,NA
"TER-NFSB-T164B",2025-02-20,NA,NA,NA
"TER-NFSB-T164B",2025-02-21,NA,NA,NA
"TER-NFSB-T164B",2025-02-22,NA,NA,NA
"TER-NFSB-T164B",2025-02-23,NA,NA,NA
"TER-NFSB-T164B",2025-02-24,NA,NA,NA
"TER-NFSB-T164B",2025-02-25,NA,NA,NA
"TER-NFSB-T164B",2025-02-26,NA,NA,NA
"TER-NFSB-T164B",2025-02-27,NA,NA,NA
"TER-NFSB-T164B",2025-02-28,NA,NA,NA
"TER-NFSB-T164B",2025-03-01,NA,NA,NA
"TER-NFSB-T164B",2025-03-02,NA,NA,NA
"TER-NFSB-T164B",2025-03-03,NA,NA,NA
"TER-NFSB-T164B",2025-03-04,NA,NA,NA
"TER-NFSB-T164B",2025-03-05,NA,NA,NA
"TER-NFSB-T164B",2025-03-06,NA,NA,NA
"TER-NFSB-T164B",2025-03-07,NA,NA,NA
"TER-NFSB-T164B",2025-03-08,NA,NA,NA
"TER-NFSB-T164B",2025-03-09,NA,NA,NA
"TER-NFSB-T164B",2025-03-10,NA,NA,NA
"TER-NFSB-T164B",2025-03-11,NA,NA,NA
"TER-NFSB-T164B",2025-03-12,NA,NA,NA
"TER-NFSB-T164B",2025-03-13,NA,NA,NA
"TER-NFSB-T164B",2025-03-14,NA,NA,NA
"TER-NFSB-T164B",2025-03-15,NA,NA,NA
"TER-NFSB-T164B",2025-03-16,NA,NA,NA
"TER-NFSB-T164B",2025-03-17,NA,NA,NA
"TER-NFSB-T164B",2025-03-18,NA,NA,NA
"TER-NFSB-T164B",2025-03-19,NA,NA,NA
"TER-NFSB-T164B",2025-03-20,NA,NA,NA
"TER-NFSB-T164B",2025-03-21,NA,NA,NA
"TER-NFSB-T164B",2025-03-22,NA,NA,NA
"TER-NFSB-T164B",2025-03-23,NA,NA,NA
"TER-NFSB-T164B",2025-03-24,NA,NA,NA
"TER-NFSB-T164B",2025-03-25,NA,NA,NA
"TER-NFSB-T164B",2025-03-26,NA,NA,NA
"TER-NFSB-T164B",2025-03-27,NA,NA,NA
"TER-NFSB-T164B",2025-03-28,NA,NA,NA
"TER-NFSB-T164B",2025-03-29,NA,NA,NA
"TER-NFSB-T164B",2025-03-30,NA,NA,NA
"TER-NFSB-T164B",2025-03-31,NA,NA,NA
"TER-NFSB-T164B",2025-04-01,NA,NA,NA
"TER-NFSB-T164B",2025-04-02,NA,NA,NA
"TER-NFSB-T164B",2025-04-03,NA,NA,NA
"TER-NFSB-T164B",2025-04-04,NA,NA,NA
"TER-NFSB-T164B",2025-04-05,NA,NA,NA
"TER-NFSB-T164B",2025-04-06,NA,NA,NA
"TER-NFSB-T164B",2025-04-07,NA,NA,NA
"TER-NFSB-T164B",2025-04-08,NA,NA,NA
"TER-NFSB-T164B",2025-04-09,NA,NA,NA
"TER-NFSB-T164B",2025-04-10,NA,NA,NA
"TER-NFSB-T164B",2025-04-11,NA,NA,NA
"TER-NFSB-T164B",2025-04-12,NA,NA,NA
"TER-NFSB-T164B",2025-04-13,NA,NA,NA
"TER-NFSB-T164B",2025-04-14,NA,NA,NA
"TER-NFSB-T164B",2025-04-15,NA,NA,NA
"TER-NFSB-T164B",2025-04-16,NA,NA,NA
"TER-NFSB-T164B",2025-04-17,NA,NA,NA
"TER-NFSB-T164B",2025-04-18,NA,NA,NA
"TER-NFSB-T164B",2025-04-19,NA,NA,NA
"TER-NFSB-T164B",2025-04-20,NA,NA,NA
"TER-NFSB-T164B",2025-04-21,NA,NA,NA
"TER-NFSB-T164B",2025-04-22,NA,NA,NA
"TER-NFSB-T164B",2025-04-23,NA,NA,NA
"TER-NFSB-T164B",2025-04-24,NA,NA,NA
"TER-NFSB-T164B",2025-04-25,NA,NA,NA
"TER-NFSB-T164B",2025-04-26,NA,NA,NA
"TER-NFSB-T164B",2025-04-27,NA,NA,NA
"TER-NFSB-T164B",2025-04-28,NA,NA,NA
"TER-NFSB-T164B",2025-04-29,NA,NA,NA
"TER-NFSB-T164B",2025-04-30,NA,NA,NA
"TER-NFSB-T164B",2025-05-01,NA,NA,NA
"TER-NFSB-T164B",2025-05-02,NA,NA,NA
"TER-NFSB-T164B",2025-05-03,NA,NA,NA
"TER-NFSB-T164B",2025-05-04,NA,NA,NA
"TER-NFSB-T164B",2025-05-05,NA,NA,NA
"TER-NFSB-T164B",2025-05-06,NA,NA,NA
"TER-NFSB-T164B",2025-05-07,NA,NA,NA
"TER-NFSB-T164B",2025-05-08,NA,NA,NA
"TER-NFSB-T164B",2025-05-09,NA,NA,NA
"TER-NFSB-T164B",2025-05-10,NA,NA,NA
"TER-NFSB-T164B",2025-05-11,NA,NA,NA
"TER-NFSB-T164B",2025-05-12,NA,NA,NA
"TER-NFSB-T164B",2025-05-13,NA,NA,NA
"TER-NFSB-T164B",2025-05-14,NA,NA,NA
"TER-NFSB-T164B",2025-05-15,NA,NA,NA
"TER-NFSB-T164B",2025-05-16,NA,NA,NA
"TER-NFSB-T164B",2025-05-17,NA,NA,NA
"TER-NFSB-T164B",2025-05-18,NA,NA,NA
"TER-NFSB-T164B",2025-05-19,NA,NA,NA
"TER-NFSB-T164B",2025-05-20,NA,NA,NA
"TER-NFSB-T164B",2025-05-21,NA,NA,NA
"TER-NFSB-T164B",2025-05-22,NA,NA,NA
"TER-NFSB-T164B",2025-05-23,NA,NA,NA
"TER-NFSB-T164B",2025-05-24,NA,NA,NA
"TER-NFSB-T164B",2025-05-25,NA,NA,NA
"TER-NFSB-T164B",2025-05-26,NA,NA,NA
"TER-NFSB-T164B",2025-05-27,NA,NA,NA
"TER-NFSB-T164B",2025-05-28,NA,NA,NA
"TER-NFSB-T164B",2025-05-29,NA,NA,NA
"TER-NFSB-T164B",2025-05-30,NA,NA,NA
"TER-NFSB-T164B",2025-05-31,NA,NA,NA
"TER-NFSB-T164B",2025-06-01,NA,NA,NA
"TER-NFSB-T164B",2025-06-02,NA,NA,NA
"TER-NFSB-T164B",2025-06-03,NA,NA,NA
"TER-NFSB-T164B",2025-06-04,NA,NA,NA
"TER-NFSB-T164B",2025-06-05,NA,NA,NA
"TER-NFSB-T164B",2025-06-06,NA,NA,NA
"TER-NFSB-T164B",2025-06-07,NA,NA,NA
"TER-NFSB-T164B",2025-06-08,NA,NA,NA
"TER-NFSB-T164B",2025-06-09,NA,NA,NA
"TER-NFSB-T164B",2025-06-10,NA,NA,NA
"TER-NFSB-T164B",2025-06-11,NA,NA,NA
"TER-NFSB-T164B",2025-06-12,NA,NA,NA
"TER-NFSB-TE48",2023-08-09,NA,NA,NA
"TER-NFSB-TE48",2023-08-10,NA,NA,NA
"TER-NFSB-TE48",2023-08-11,NA,NA,NA
"TER-NFSB-TE48",2023-08-12,NA,NA,NA
"TER-NFSB-TE48",2023-08-13,NA,NA,NA
"TER-NFSB-TE48",2023-08-14,NA,NA,NA
"TER-NFSB-TE48",2023-08-15,NA,NA,NA
"TER-NFSB-TE48",2023-08-16,NA,NA,NA
"TER-NFSB-TE48",2023-08-17,NA,NA,NA
"TER-NFSB-TE48",2023-08-18,NA,NA,NA
"TER-NFSB-TE48",2023-08-19,NA,NA,NA
"TER-NFSB-TE48",2023-08-20,NA,NA,NA
"TER-NFSB-TE48",2023-08-21,NA,NA,NA
"TER-NFSB-TE48",2023-08-22,NA,NA,NA
"TER-NFSB-TE48",2023-08-23,NA,NA,NA
"TER-NFSB-TE48",2023-08-24,NA,NA,NA
"TER-NFSB-TE48",2023-08-25,NA,NA,NA
"TER-NFSB-TE48",2023-08-26,NA,NA,NA
"TER-NFSB-TE48",2023-08-27,NA,NA,NA
"TER-NFSB-TE48",2023-08-28,NA,NA,NA
"TER-NFSB-TE48",2023-08-29,NA,NA,NA
"TER-NFSB-TE48",2023-08-30,NA,NA,NA
"TER-NFSB-TE48",2023-08-31,NA,NA,NA
"TER-NFSB-TE48",2023-09-01,NA,NA,NA
"TER-NFSB-TE48",2023-09-02,NA,NA,NA
"TER-NFSB-TE48",2023-09-03,NA,NA,NA
"TER-NFSB-TE48",2023-09-04,NA,NA,NA
"TER-NFSB-TE48",2023-09-05,NA,NA,NA
"TER-NFSB-TE48",2023-09-06,NA,NA,NA
"TER-NFSB-TE48",2023-09-07,NA,NA,NA
"TER-NFSB-TE48",2023-09-08,NA,NA,NA
"TER-NFSB-TE48",2023-09-09,NA,NA,NA
"TER-NFSB-TE48",2023-09-10,NA,NA,NA
"TER-NFSB-TE48",2023-09-11,NA,NA,NA
"TER-NFSB-TE48",2023-09-12,1.8056623900017,2.34056849281648,2.62918059092755
"TER-NFSB-TE48",2023-09-13,1.49258432626585,1.92946264202148,2.25693376065847
"TER-NFSB-TE48",2023-09-14,0.629872312802192,0.598533836656866,0.642332141271278
"TER-NFSB-TE48",2023-09-15,1.29099444873581,1.19612144941019,1.05208557540298
"TER-NFSB-TE48",2023-09-16,1.40069858347152,1.49622108534531,1.79054987101161
"TER-NFSB-TE48",2023-09-17,1.08012344973464,1.26243811729526,1.45820392800602
"TER-NFSB-TE48",2023-09-18,1.98727838068018,2.36826849241675,2.77989351792735
"TER-NFSB-TE48",2023-09-19,1.750646878372,1.83119110678411,1.89093470484071
"TER-NFSB-TE48",2023-09-20,1.39729941393171,1.62130292925344,1.63174464292369
"TER-NFSB-TE48",2023-09-21,1.25902538796334,1.39080182274288,1.58442944515263
"TER-NFSB-TE48",2023-09-22,3.16313685802696,3.90367487583583,4.47618496982173
"TER-NFSB-TE48",2023-09-23,0.751809411556112,0.779899194526567,0.938073496085446
"TER-NFSB-TE48",2023-09-24,1.45151095688976,1.45960089839952,1.6934443076725
"TER-NFSB-TE48",2023-09-25,1.52143501101875,1.53565710808865,1.59468660316654
"TER-NFSB-TE48",2023-09-26,1.14188218636435,1.14188218636435,1.20216441278318
"TER-NFSB-TE48",2023-09-27,2.34742767016721,2.48327740429189,2.51436092667008
"TER-NFSB-TE48",2023-09-28,0.816496580927726,1.03187426208508,1.17009073102926
"TER-NFSB-TE48",2023-09-29,NA,0.977787727771069,0.924456361986541
"TER-NFSB-TE48",2023-09-30,NA,0.729490093902206,0.923721207705668
"TER-NFSB-TE48",2023-10-01,NA,1.10990272455338,1.39859530979469
"TER-NFSB-TE48",2023-10-02,NA,0.931532942621143,1.53698368260034
"TER-NFSB-TE48",2023-10-03,NA,2.40687044984121,2.74249635038664
"TER-NFSB-TE48",2023-10-04,NA,0.793999233380421,0.765835245459757
"TER-NFSB-TE48",2023-10-05,NA,0.8198179366636,0.810930758851934
"TER-NFSB-TE48",2023-10-06,NA,1.44823105491002,1.44400309124885
"TER-NFSB-TE48",2023-10-07,NA,1.0494995356656,1.06577181667437
"TER-NFSB-TE48",2023-10-08,NA,0.876163822283402,0.920528754795741
"TER-NFSB-TE48",2023-10-09,NA,0.999773525079193,0.959081308608263
"TER-NFSB-TE48",2023-10-10,NA,0.375301810914046,0.375301810914046
"TER-NFSB-TE48",2023-10-11,NA,0.529902917003931,0.650738153889517
"TER-NFSB-TE48",2023-10-12,NA,0.389513818102456,0.619724108789139
"TER-NFSB-TE48",2023-10-13,NA,0.923721207705668,1.00991461828804
"TER-NFSB-TE48",2023-10-14,NA,0.350982059081517,0.550032937090187
"TER-NFSB-TE48",2023-10-15,NA,1.04257207028537,1.07823493715894
"TER-NFSB-TE48",2023-10-16,NA,0.816496580927726,0.871239330502528
"TER-NFSB-TE48",2023-10-17,NA,0.58008932345666,0.604556970379784
"TER-NFSB-TE48",2023-10-18,NA,0.914605720071991,0.83378610888064
"TER-NFSB-TE48",2023-10-19,NA,0.954584665735822,1.02857717964806
"TER-NFSB-TE48",2023-10-20,NA,1.68956194477071,1.67772598857907
"TER-NFSB-TE48",2023-10-21,NA,0.667232549687378,0.561038762255892
"TER-NFSB-TE48",2023-10-22,NA,0.550032937090187,0.583592075121765
"TER-NFSB-TE48",2023-10-23,NA,1.95000929020455,1.92758390482618
"TER-NFSB-TE48",2023-10-24,NA,0.387765804114519,0.448427203146441
"TER-NFSB-TE48",2023-10-25,NA,1.37508234272547,1.30616570180805
"TER-NFSB-TE48",2023-10-26,NA,0.865763883197535,0.906648150919207
"TER-NFSB-TE48",2023-10-27,NA,0.659036956585082,0.717281502356772
"TER-NFSB-TE48",2023-10-28,NA,1.16950999276979,1.28095723944063
"TER-NFSB-TE48",2023-10-29,NA,0.779027636204913,0.805045232323598
"TER-NFSB-TE48",2023-10-30,NA,2.06407767941681,2.22378040178483
"TER-NFSB-TE48",2023-10-31,NA,0.930316682874591,0.954584665735822
"TER-NFSB-TE48",2023-11-01,NA,1.56371329704723,1.55674665406017
"TER-NFSB-TE48",2023-11-02,NA,1.16329741234356,1.22400506771708
"TER-NFSB-TE48",2023-11-03,NA,1.46934250306195,1.45073070044629
"TER-NFSB-TE48",2023-11-04,NA,0.789422830805584,0.732278556328103
"TER-NFSB-TE48",2023-11-05,NA,0.932261936818499,1.0179547554081
"TER-NFSB-TE48",2023-11-06,NA,1.718268213107,2.04467760826472
"TER-NFSB-TE48",2023-11-07,NA,1.66362947902418,1.6874161278137
"TER-NFSB-TE48",2023-11-08,NA,0.56465970257328,0.575779245136914
"TER-NFSB-TE48",2023-11-09,NA,0.358640751178386,0.265804766535597
"TER-NFSB-TE48",2023-11-10,NA,0.240771706171538,0.232152810743768
"TER-NFSB-TE48",2023-11-11,NA,0.999093792292346,1.10006587418037
"TER-NFSB-TE48",2023-11-12,NA,0.717281502356772,0.749093655258023
"TER-NFSB-TE48",2023-11-13,NA,0.98540067624983,0.92641392132415
"TER-NFSB-TE48",2023-11-14,NA,2.48901572420954,2.52801334040692
"TER-NFSB-TE48",2023-11-15,NA,0.58008932345666,0.637022057270606
"TER-NFSB-TE48",2023-11-16,NA,0.358640751178386,0.403225222065963
"TER-NFSB-TE48",2023-11-17,NA,1.39031327926218,1.40118350596605
"TER-NFSB-TE48",2023-11-18,NA,1.03909101859632,1.07339364309813
"TER-NFSB-TE48",2023-11-19,NA,0.653862548158295,0.675328690771916
"TER-NFSB-TE48",2023-11-20,NA,0.751508145500515,0.707106781186548
"TER-NFSB-TE48",2023-11-21,NA,0.691236552140071,0.722001545624425
"TER-NFSB-TE48",2023-11-22,NA,0.890519714727777,0.890519714727777
"TER-NFSB-TE48",2023-11-23,NA,0.975933221165215,1.00991461828804
"TER-NFSB-TE48",2023-11-24,NA,0.938073496085446,1.0179547554081
"TER-NFSB-TE48",2023-11-25,NA,0.510310363079829,0.408248290463863
"TER-NFSB-TE48",2023-11-26,NA,0.62227667549858,0.625543242171224
"TER-NFSB-TE48",2023-11-27,NA,0.453948059341275,0.461860603852834
"TER-NFSB-TE48",2023-11-28,NA,0.63381465310669,0.670280062599836
"TER-NFSB-TE48",2023-11-29,NA,1.08326365439238,1.04235484514075
"TER-NFSB-TE48",2023-11-30,NA,0.966607319517563,0.862881925521276
"TER-NFSB-TE48",2023-12-01,NA,1.83847270419171,2.05186376924401
"TER-NFSB-TE48",2023-12-02,NA,1.85025948043174,1.88048714009375
"TER-NFSB-TE48",2023-12-03,NA,0.79285760916182,0.806450444131925
"TER-NFSB-TE48",2023-12-04,NA,1.85612480058921,1.8528278426483
"TER-NFSB-TE48",2023-12-05,NA,1.49984902621873,1.54623783722795
"TER-NFSB-TE48",2023-12-06,NA,1.27617521853615,1.23193467500443
"TER-NFSB-TE48",2023-12-07,NA,0.807572853087248,0.811768064969513
"TER-NFSB-TE48",2023-12-08,NA,NA,NA
"TER-NFSB-TE48",2023-12-09,0.9006338347785,1.01081112500545,1.08263634211833
"TER-NFSB-TE48",2023-12-10,1.12931940514656,1.25686520555211,1.31031996313767
"TER-NFSB-TE48",2023-12-11,0.62227667549858,0.770551750371122,0.857353105684051
"TER-NFSB-TE48",2023-12-12,0.389513818102457,0.465766471310572,0.589383736122568
"TER-NFSB-TE48",2023-12-13,0.858672720295521,1.02659384740813,1.14128709441755
"TER-NFSB-TE48",2023-12-14,1.12931940514656,1.40392823632607,1.57064903966389
"TER-NFSB-TE48",2023-12-15,1.24163870214594,1.23064729050333,1.19479547701021
"TER-NFSB-TE48",2023-12-16,0.255376959227625,0.24726767752342,0
"TER-NFSB-TE48",2023-12-17,0.240771706171538,0.251805077592667,0.208514414057075
"TER-NFSB-TE48",2023-12-18,1.94628966966916,2.13621295687051,2.13621295687051
"TER-NFSB-TE48",2023-12-19,0.779027636204913,1.00879286450602,1.05208557540298
"TER-NFSB-TE48",2023-12-20,0.625181133172909,0.800531978921119,0.883627241233132
"TER-NFSB-TE48",2023-12-21,0.758705514657047,0.78683690739605,0.9469631093315
"TER-NFSB-TE48",2023-12-22,1.38688865628339,1.67245372111618,1.90536998575308
"TER-NFSB-TE48",2023-12-23,1.42934438198736,1.73779387046677,1.91946078630039
"TER-NFSB-TE48",2023-12-24,1.03472323541759,1.22751516416738,1.35784756140003
"TER-NFSB-TE48",2023-12-25,0.928611242975073,1.12931940514656,1.03537957752952
"TER-NFSB-TE48",2023-12-26,2.11104754544525,2.38342327792172,2.39678226324197
"TER-NFSB-TE48",2023-12-27,0.658005330140078,0.837309355329163,0.920774721067277
"TER-NFSB-TE48",2023-12-28,0.9006338347785,1.06810647843526,1.17009073102926
"TER-NFSB-TE48",2023-12-29,0.551266657377563,0.659036956585082,0.779899194526567
"TER-NFSB-TE48",2023-12-30,0.96096833710978,1.16718415024353,1.29362287585198
"TER-NFSB-TE48",2023-12-31,1.28519298725629,1.63465637039574,1.81466949120738
"TER-NFSB-TE48",2024-01-01,0.846722153836252,0.895843865795853,0.825049405635281
"TER-NFSB-TE48",2024-01-02,1.02659384740813,1.1818371844018,1.16543672227332
"TER-NFSB-TE48",2024-01-03,1.01081112500545,1.25812576270523,1.3349740810598
"TER-NFSB-TE48",2024-01-04,0.859726953621095,1.0179547554081,1.27901116696352
"TER-NFSB-TE48",2024-01-05,0.868114732282431,0.928611242975073,0.987007995210118
"TER-NFSB-TE48",2024-01-06,0.71189428868398,0.958372715006831,0.959081308608263
"TER-NFSB-TE48",2024-01-07,1.03909101859632,1.06130047378307,1.05616718867553
"TER-NFSB-TE48",2024-01-08,0.672640804719661,0.824225591744734,1.07592225353516
"TER-NFSB-TE48",2024-01-09,0.434057366141216,0.545070132437435,NA
"TER-NFSB-TE48",2024-01-10,1.08012344973464,1.33446509937476,NA
"TER-NFSB-TE48",2024-01-11,0.291796037560882,0.414851116999054,NA
"TER-NFSB-TE48",2024-01-12,0.345126525843175,0.408248290463863,NA
"TER-NFSB-TE48",2024-01-13,0.499546896146173,0.551266657377563,NA
"TER-NFSB-TE48",2024-01-14,0.550032937090187,0.624093545570845,NA
"TER-NFSB-TE48",2024-01-15,0.499546896146173,0.551677284367371,NA
"TER-NFSB-TE48",2024-01-16,0.750603621828092,0.958372715006831,NA
"TER-NFSB-TE48",2024-01-17,0.465766471310572,0.472044581534967,NA
"TER-NFSB-TE48",2024-01-18,0.389513818102457,0.375301810914046,NA
"TER-NFSB-TE48",2024-01-19,1.70025040781508,1.83255088704876,NA
"TER-NFSB-TE48",2024-01-20,0.895843865795853,1.16854145430737,NA
"TER-NFSB-TE48",2024-01-21,0.793713981266534,0.871239330502528,NA
"TER-NFSB-TE48",2024-01-22,0.387765804114519,0.487153816139944,NA
"TER-NFSB-TE48",2024-01-23,0.318511028635303,0.294114982937636,NA
"TER-NFSB-TE48",2024-01-24,0.255376959227625,0.389513818102456,NA
"TER-NFSB-TE48",2024-01-25,0.656282349099174,0.699054744803213,NA
"TER-NFSB-TE48",2024-01-26,0.710939366337732,0.691236552140071,NA
"TER-NFSB-TE48",2024-01-27,1.46455711265621,1.75697368271102,NA
"TER-NFSB-TE48",2024-01-28,0.650738153889517,0.857353105684051,NA
"TER-NFSB-TE48",2024-01-29,1.93742695046956,1.94489297794305,NA
"TER-NFSB-TE48",2024-01-30,0.598533836656866,0.761386987626881,NA
"TER-NFSB-TE48",2024-01-31,1.40392823632607,1.61962600800219,NA
"TER-NFSB-TE48",2024-02-01,0.842700971600384,0.97034843584999,NA
"TER-NFSB-TE48",2024-02-02,0.706786460997433,0.90864407661692,NA
"TER-NFSB-TE48",2024-02-03,0.816496580927726,1.06236678619288,NA
"TER-NFSB-TE48",2024-02-04,1.14188218636435,1.23780281026561,NA
"TER-NFSB-TE48",2024-02-05,0.935414346693485,1.09594112821891,NA
"TER-NFSB-TE48",2024-02-06,0.510753918455249,0.663488802697037,NA
"TER-NFSB-TE48",2024-02-07,0.88771812996067,1.04235484514075,NA
"TER-NFSB-TE48",2024-02-08,0.766130877682874,0.780189497605494,NA
"TER-NFSB-TE48",2024-02-09,0.557800416231313,0.541318171059166,NA
"TER-NFSB-TE48",2024-02-10,1.62506967520638,1.87034446180299,NA
"TER-NFSB-TE48",2024-02-11,0.683328914796601,0.842700971600384,NA
"TER-NFSB-TE48",2024-02-12,0.294114982937636,0.414851116999054,NA
"TER-NFSB-TE48",2024-02-13,0.719488042623545,0.850990471514632,NA
"TER-NFSB-TE48",2024-02-14,0.550032937090187,0.606426931450447,NA
"TER-NFSB-TE48",2024-02-15,1.74247866100506,1.83366268451417,NA
"TER-NFSB-TE48",2024-02-16,0.755415232778002,0.96096833710978,NA
"TER-NFSB-TE48",2024-02-17,1.37112431385997,1.48162048965392,NA
"TER-NFSB-TE48",2024-02-18,1.74650271661124,2.28168114349479,NA
"TER-NFSB-TE48",2024-02-19,1.07001286732071,1.37458821238333,NA
"TER-NFSB-TE48",2024-02-20,0.567460015829501,0.6412736421045,NA
"TER-NFSB-TE48",2024-02-21,0.916831342257085,0.951733734533601,NA
"TER-NFSB-TE48",2024-02-22,1.12268279877562,1.12207752451178,NA
"TER-NFSB-TE48",2024-02-23,1.30772509631659,1.72366310303192,NA
"TER-NFSB-TE48",2024-02-24,2.07075915505905,2.1203593829923,NA
"TER-NFSB-TE48",2024-02-25,0.551266657377564,0.658005330140079,NA
"TER-NFSB-TE48",2024-02-26,1.53698368260034,1.82772528300752,NA
"TER-NFSB-TE48",2024-02-27,1.70344386889993,2.25060378372213,NA
"TER-NFSB-TE48",2024-02-28,1.16854145430737,1.45960089839952,NA
"TER-NFSB-TE48",2024-02-29,0.985400676249831,1.11620961877395,NA
"TER-NFSB-TE48",2024-03-01,1.03712779249763,1.282547284209,NA
"TER-NFSB-TE48",2024-03-02,0.783664746420693,1.14208048144032,NA
"TER-NFSB-TE48",2024-03-03,1.35116026361458,1.69063383191725,NA
"TER-NFSB-TE48",2024-03-04,0.955533085905909,1.2363383876171,NA
"TER-NFSB-TE48",2024-03-05,1.0475558163677,1.28941482064933,NA
"TER-NFSB-TE48",2024-03-06,0.464305621487537,0.387765804114519,NA
"TER-NFSB-TE48",2024-03-07,1.89380664883942,2.15310695628838,NA
"TER-NFSB-TE48",2024-03-08,1.21117232704397,1.38247310428014,NA
"TER-NFSB-TE48",2024-03-09,1.32270446489353,1.35333725993576,NA
"TER-NFSB-TE48",2024-03-10,0.863668867705371,1.07001286732071,NA
"TER-NFSB-TE48",2024-03-11,0.517361617708795,0.706786460997433,NA
"TER-NFSB-TE48",2024-03-12,0.520851448960313,0.561038762255892,NA
"TER-NFSB-TE48",2024-03-13,0.916831342257085,0.859726953621095,NA
"TER-NFSB-TE48",2024-03-14,0.594357526717057,0.625181133172909,NA
"TER-NFSB-TE48",2024-03-15,1.19612144941019,1.52277397525376,NA
"TER-NFSB-TE48",2024-03-16,1.10314931255796,1.38296441736949,NA
"TER-NFSB-TE48",2024-03-17,1.22455996237394,1.4116492564332,NA
"TER-NFSB-TE48",2024-03-18,0.589383736122568,0.6412736421045,0.670280062599836
"TER-NFSB-TE48",2024-03-19,1.16329741234356,1.3790290114761,1.58285652622362
"TER-NFSB-TE48",2024-03-20,2.18183791026434,2.59729164959261,2.82810685897777
"TER-NFSB-TE48",2024-03-21,1.01349588703826,1.19156911529367,1.31601066028016
"TER-NFSB-TE48",2024-03-22,0.746974574194298,0.672640804719661,0.811768064969513
"TER-NFSB-TE48",2024-03-23,0.872018730685681,0.863668867705371,0.92641392132415
"TER-NFSB-TE48",2024-03-24,1.26816511291834,1.41020478521096,1.56023386392711
"TER-NFSB-TE48",2024-03-25,0.495907161718278,0.488546350136693,0.588229965875271
"TER-NFSB-TE48",2024-03-26,0.924456361986541,0.999093792292346,1.04061541156309
"TER-NFSB-TE48",2024-03-27,1.95047374401373,2.11576210273327,NA
"TER-NFSB-TE48",2024-03-28,1.46641137435598,1.57755428947212,NA
"TER-NFSB-TE48",2024-03-29,1.61458479429574,1.6450133253502,NA
"TER-NFSB-TE48",2024-03-30,1.4314024743161,1.6528412077302,NA
"TER-NFSB-TE48",2024-03-31,1.48116190192367,1.72523890385138,NA
"TER-NFSB-TE48",2024-04-01,1.206113653404,1.21807046272944,NA
"TER-NFSB-TE48",2024-04-02,0.994322651975647,1.06577181667437,NA
"TER-NFSB-TE48",2024-04-03,1.24818709114169,1.39810948960642,NA
"TER-NFSB-TE48",2024-04-04,1.09345881217037,1.21117232704397,NA
"TER-NFSB-TE48",2024-04-05,0.90864407661692,0.994322651975647,NA
"TER-NFSB-TE48",2024-04-06,1.43456300471354,1.69063383191725,NA
"TER-NFSB-TE48",2024-04-07,0.71189428868398,0.916831342257085,NA
"TER-NFSB-TE48",2024-04-08,1.95973970469165,2.20629862511592,NA
"TER-NFSB-TE48",2024-04-09,0.442325868464691,0.453948059341275,NA
"TER-NFSB-TE48",2024-04-10,0.22421360157322,0.275016468545094,NA
"TER-NFSB-TE48",2024-04-11,0.464305621487536,0.441813620616566,NA
"TER-NFSB-TE48",2024-04-12,1.76930347385877,1.95742732665364,NA
"TER-NFSB-TE48",2024-04-13,0.440273301155254,0.437694056341324,NA
"TER-NFSB-TE48",2024-04-14,0.232152810743768,0.39699961669021,NA
"TER-NFSB-TE48",2024-04-15,0.779027636204913,0.79285760916182,NA
"TER-NFSB-TE48",2024-04-16,0.355469683168866,0.434057366141216,NA
"TER-NFSB-TE48",2024-04-17,0.850990471514632,0.779899194526567,NA
"TER-NFSB-TE48",2024-04-18,0.586301969977929,0.537961126767579,NA
"TER-NFSB-TE48",2024-04-19,0.465766471310571,0.449939609474331,NA
"TER-NFSB-TE48",2024-04-20,1.68540194320077,2.09165006633519,NA
"TER-NFSB-TE48",2024-04-21,1.12288448436043,1.27688479613812,NA
"TER-NFSB-TE48",2024-04-22,1.08826913497762,1.14445734245347,NA
"TER-NFSB-TE48",2024-04-23,0.477292332867911,0.458415671128542,NA
"TER-NFSB-TE48",2024-04-24,0.567460015829501,0.58008932345666,NA
"TER-NFSB-TE48",2024-04-25,1.39031327926218,1.3349740810598,NA
"TER-NFSB-TE48",2024-04-26,0.98884173203526,1.12207752451178,NA
"TER-NFSB-TE48",2024-04-27,1.31049277157405,1.5022627860201,NA
"TER-NFSB-TE48",2024-04-28,1.99988677215718,2.16181871231783,NA
"TER-NFSB-TE48",2024-04-29,2.4505988620353,2.40319835195528,NA
"TER-NFSB-TE48",2024-04-30,2.32416028158403,2.73058031205451,NA
"TER-NFSB-TE48",2024-05-01,1.05552377272263,1.22011373905546,NA
"TER-NFSB-TE48",2024-05-02,0.561038762255892,0.719488042623545,NA
"TER-NFSB-TE48",2024-05-03,1.12207752451178,1.17472630176479,NA
"TER-NFSB-TE48",2024-05-04,0.966841563388569,1.0179547554081,NA
"TER-NFSB-TE48",2024-05-05,1.90525113411801,2.50425362770708,NA
"TER-NFSB-TE48",2024-05-06,0.355469683168866,0.441813620616566,NA
"TER-NFSB-TE48",2024-05-07,0.786836907396049,0.953397813771538,NA
"TER-NFSB-TE48",2024-05-08,0.683328914796602,0.806450444131925,NA
"TER-NFSB-TE48",2024-05-09,1.00519484015123,1.13711273069949,NA
"TER-NFSB-TE48",2024-05-10,1.88517769123662,2.47121105087587,NA
"TER-NFSB-TE48",2024-05-11,1.4957669740236,1.7558133257219,NA
"TER-NFSB-TE48",2024-05-12,0.940243570046875,0.997959875467685,NA
"TER-NFSB-TE48",2024-05-13,1.39080182274288,1.46563905041008,NA
"TER-NFSB-TE48",2024-05-14,1.16543672227332,1.45960089839952,NA
"TER-NFSB-TE48",2024-05-15,1.05208557540298,1.23064729050333,NA
"TER-NFSB-TE48",2024-05-16,NA,0.963086824686154,NA
"TER-NFSB-TE48",2024-05-17,NA,1.05552377272263,NA
"TER-NFSB-TE48",2024-05-18,NA,1.86488819263099,NA
"TER-NFSB-TE48",2024-05-19,NA,3.2089096978998,NA
"TER-NFSB-TE48",2024-05-20,NA,1.0179547554081,NA
"TER-NFSB-TE48",2024-05-21,NA,2.03223568614912,NA
"TER-NFSB-TE48",2024-05-22,NA,1.54110350074224,NA
"TER-NFSB-TE48",2024-05-23,NA,0.358640751178386,NA
"TER-NFSB-TE48",2024-05-24,NA,1.2465532188945,NA
"TER-NFSB-TE48",2024-05-25,NA,1.65448446368641,NA
"TER-NFSB-TE48",2024-05-26,NA,3.04316768601689,NA
"TER-NFSB-TE48",2024-05-27,NA,2.04124145231931,NA
"TER-NFSB-TE48",2024-05-28,NA,1.39291686446261,NA
"TER-NFSB-TE48",2024-05-29,NA,0.499546896146173,NA
"TER-NFSB-TE48",2024-05-30,NA,0.869938778455628,NA
"TER-NFSB-TE48",2024-05-31,NA,0.863668867705371,NA
"TER-NFSB-TE48",2024-06-01,NA,1.84744241541134,NA
"TER-NFSB-TE48",2024-06-02,NA,1.42696597158376,NA
"TER-NFSB-TE48",2024-06-03,NA,1.58571521832364,NA
"TER-NFSB-TE48",2024-06-04,NA,1.76263554314867,NA
"TER-NFSB-TE48",2024-06-05,NA,1.07149326926815,NA
"TER-NFSB-TE48",2024-06-06,NA,1.26548381078634,NA
"TER-NFSB-TE48",2024-06-07,NA,1.59255514317652,NA
"TER-NFSB-TE48",2024-06-08,NA,1.44400309124885,NA
"TER-NFSB-TE48",2024-06-09,NA,1.97768346407052,NA
"TER-NFSB-TE48",2024-06-10,NA,1.60162960490381,NA
"TER-NFSB-TE48",2024-06-11,NA,2.34201928852563,NA
"TER-NFSB-TE48",2024-06-12,NA,3.34592278383144,NA
"TER-NFSB-TE48",2024-06-13,0.323449478616663,0.398707149803396,0.387765804114519
"TER-NFSB-TE48",2024-06-14,1.17472630176479,1.18566314838966,1.34258565160069
"TER-NFSB-TE48",2024-06-15,2.57065025890789,3.25013935041276,3.53220176028526
"TER-NFSB-TE48",2024-06-16,0.938073496085446,1.00722031037067,0.996370223957142
"TER-NFSB-TE48",2024-06-17,0.688610762774367,0.667232549687378,0.744241175652242
"TER-NFSB-TE48",2024-06-18,1.36317377968592,1.64845118348947,1.80528611887825
"TER-NFSB-TE48",2024-06-19,1.47426596817791,1.81778651829277,2.02520351455411
"TER-NFSB-TE48",2024-06-20,2.76617443674342,3.28589431498875,3.58280666840794
"TER-NFSB-TE48",2024-06-21,3.02518115399603,3.6956202044653,3.79645143235902
"TER-NFSB-TE48",2024-06-22,1.83748705999584,2.20136650577627,2.33737357249356
"TER-NFSB-TE48",2024-06-23,1.30772509631659,1.38509142689916,1.3432601483283
"TER-NFSB-TE48",2024-06-24,1.19763504881284,1.28519298725629,1.32680694400755
"TER-NFSB-TE48",2024-06-25,1.50301629100103,1.56718500521786,1.86391651707063
"TER-NFSB-TE48",2024-06-26,2.79621897921285,3.41750608281638,3.67916184531993
"TER-NFSB-TE48",2024-06-27,0.719488042623545,0.721060008759246,0.83378610888064
"TER-NFSB-TE48",2024-06-28,1.54403949788031,1.80378024947769,2.043015673821
"TER-NFSB-TE48",2024-06-29,0.63381465310669,0.756314001962953,0.772899209732936
"TER-NFSB-TE48",2024-06-30,0.547970564109455,0.619724108789139,0.642332141271278
"TER-NFSB-TE48",2024-07-01,1.90239646731184,2.5762818675117,2.90730900527858
"TER-NFSB-TE48",2024-07-02,1.96527831122712,2.17320640689202,2.40008680398578
"TER-NFSB-TE48",2024-07-03,1.00991461828804,1.37112431385997,1.45213486018824
"TER-NFSB-TE48",2024-07-04,1.75374857319144,2.02688005407897,2.18650339616687
"TER-NFSB-TE48",2024-07-05,2.63305355328994,2.98114546120607,3.33290305193883
"TER-NFSB-TE48",2024-07-06,0.72700248190474,0.800531978921119,0.813996670576818
"TER-NFSB-TE48",2024-07-07,1.04061541156309,1.17934365189938,1.18795281221855
"TER-NFSB-TE48",2024-07-08,0.440273301155254,0.529902917003931,0.537961126767579
"TER-NFSB-TE48",2024-07-09,0.294114982937636,0.232152810743768,0.287889622568457
"TER-NFSB-TE48",2024-07-10,0.630949939446036,0.656282349099174,0.675328690771916
"TER-NFSB-TE48",2024-07-11,0.842700971600385,0.895843865795853,1.13172306747246
"TER-NFSB-TE48",2024-07-12,1.42934438198736,1.48406389760479,1.37508234272547
"TER-NFSB-TE48",2024-07-13,1.16017864691332,1.30616570180805,1.30477800877157
"TER-NFSB-TE48",2024-07-14,1.282547284209,1.90239646731184,2.05880488056345
"TER-NFSB-TE48",2024-07-15,1.48360606514052,1.42886901662352,1.31807391317016
"TER-NFSB-TE48",2024-07-16,0.734440041060564,0.726067430094119,0.97034843584999
"TER-NFSB-TE48",2024-07-17,0.686304956089946,0.766130877682874,0.750603621828092
"TER-NFSB-TE48",2024-07-18,0.954584665735822,1.15077163777999,1.23340432619805
"TER-NFSB-TE48",2024-07-19,1.84891272397308,2.55483344135063,2.96896690664507
"TER-NFSB-TE48",2024-07-20,1.06236678619288,1.40586246673077,1.59127489677348
"TER-NFSB-TE48",2024-07-21,1.10314931255796,1.58799846676084,2.00531449700142
"TER-NFSB-TE48",2024-07-22,1.18699932236895,1.77428797721423,1.96976696186579
"TER-NFSB-TE48",2024-07-23,1.46316487426242,1.73818475194211,1.98180125943144
"TER-NFSB-TE48",2024-07-24,1.81129707708296,2.34482161492023,2.64977097725144
"TER-NFSB-TE48",2024-07-25,2.69451603570412,3.31225217831518,3.51909902830462
"TER-NFSB-TE48",2024-07-26,0.875388112682647,1.11783142801107,1.19612144941019
"TER-NFSB-TE48",2024-07-27,1.00519484015123,1.14029458436425,1.2509054691517
"TER-NFSB-TE48",2024-07-28,2.07108719611537,2.37857282748546,2.29681569109073
"TER-NFSB-TE48",2024-07-29,0.805045232323598,1.13252315457662,1.47426596817791
"TER-NFSB-TE48",2024-07-30,0.845919446605247,1.02857717964806,1.08660320344601
"TER-NFSB-TE48",2024-07-31,0.440273301155254,0.589383736122568,0.561038762255892
"TER-NFSB-TE48",2024-08-01,1.36715482621413,1.95777435747397,2.16024689946929
"TER-NFSB-TE48",2024-08-02,1.46934250306195,2.11233437735107,2.25181086548428
"TER-NFSB-TE48",2024-08-03,1.7147062113681,2.30694838901203,2.59563457377569
"TER-NFSB-TE48",2024-08-04,1.90489453471991,2.42486739514926,2.42038070427427
"TER-NFSB-TE48",2024-08-05,1.46934250306195,1.77339435440397,1.893926218663
"TER-NFSB-TE48",2024-08-06,0.894579084894362,1.05100883213101,1.28748153215966
"TER-NFSB-TE48",2024-08-07,1.6061476099436,2.05351854284228,2.28891468490693
"TER-NFSB-TE48",2024-08-08,2.1964233112765,2.65318717280049,2.934983890038
"TER-NFSB-TE48",2024-08-09,1.84633891561228,2.14836894653474,2.16150444118798
"TER-NFSB-TE48",2024-08-10,1.42886901662352,1.58742796253307,1.64170620860199
"TER-NFSB-TE48",2024-08-11,1.12751329565733,1.18699932236895,1.35667966379132
"TER-NFSB-TE48",2024-08-12,2.01881996670605,2.53525861242676,2.69728795623318
"TER-NFSB-TE48",2024-08-13,0.938073496085446,1.10006587418037,1.21862805967452
"TER-NFSB-TE48",2024-08-14,1.65817583550397,2.14129515189668,2.42486739514926
"TER-NFSB-TE48",2024-08-15,1.94861526455978,2.41738495072671,2.55368091818145
"TER-NFSB-TE48",2024-08-16,1.95047374401373,2.29799849900936,2.59100660311611
"TER-NFSB-TE48",2024-08-17,1.66158646034968,1.91674543001366,1.96976696186579
"TER-NFSB-TE48",2024-08-18,2.04832911757682,2.57179517745535,2.95367310015998
"TER-NFSB-TE48",2024-08-19,1.83514403336316,2.19838132151422,2.30783165688525
"TER-NFSB-TE48",2024-08-20,0.918558653543692,1.03909101859632,1.09159337070015
"TER-NFSB-TE48",2024-08-21,1.51800784783444,1.90810153012762,2.35205352768627
"TER-NFSB-TE48",2024-08-22,2.2502012792418,2.82257655446174,2.98175308321721
"TER-NFSB-TE48",2024-08-23,0.361157559257308,0.361157559257308,0.375301810914046
"TER-NFSB-TE48",2024-08-24,1.35784756140003,1.46687457353816,1.58671454379112
"TER-NFSB-TE48",2024-08-25,2.53159384406432,3.44417172054178,3.71828375167509
"TER-NFSB-TE48",2024-08-26,0.722001545624425,0.92641392132415,1.0179547554081
"TER-NFSB-TE48",2024-08-27,0.625543242171224,0.904898104600814,1.00722031037067
"TER-NFSB-TE48",2024-08-28,1.29938670037116,1.78103942945555,2.02688005407897
"TER-NFSB-TE48",2024-08-29,1.60713423048064,2.09716423440964,2.17934556724015
"TER-NFSB-TE48",2024-08-30,1.78713194244581,2.20013174836075,2.36214100868842
"TER-NFSB-TE48",2024-08-31,1.17472630176479,1.35918107270731,1.59426053914242
"TER-NFSB-TE48",2024-09-01,0.508977377704051,0.537961126767579,0.707106781186548
"TER-NFSB-TE48",2024-09-02,0.765835245459757,1.24818709114169,1.51785866520445
"TER-NFSB-TE48",2024-09-03,1.21565125386128,1.51800784783444,1.80578779628654
"TER-NFSB-TE48",2024-09-04,1.13711273069949,1.44447347611107,1.54271899063244
"TER-NFSB-TE48",2024-09-05,0.940243570046875,1.01349588703826,1.08263634211833
"TER-NFSB-TE48",2024-09-06,1.07823493715894,1.18699932236895,1.3593476696403
"TER-NFSB-TE48",2024-09-07,1.06300606021695,1.02062072615966,1.01951075223023
"TER-NFSB-TE48",2024-09-08,0.641273642104501,0.576957914221314,0.721060008759246
"TER-NFSB-TE48",2024-09-09,0.978019293843651,1.16017864691332,1.24218571973713
"TER-NFSB-TE48",2024-09-10,0.932504808240314,0.987007995210118,1.23064729050333
"TER-NFSB-TE48",2024-09-11,0.943129234847053,1.03121568893295,1.41357292199487
"TER-NFSB-TE48",2024-09-12,NA,NA,NA
"TER-NFSB-TE48",2024-09-13,1.60487820658485,2.08340579584125,2.34482161492023
"TER-NFSB-TE48",2024-09-14,1.25036226634582,1.61962600800219,1.70835542580271
"TER-NFSB-TE48",2024-09-15,1.49984902621873,2.14171812378266,2.64266828265939
"TER-NFSB-TE48",2024-09-16,0.820922069065183,0.840279025431261,0.756314001962953
"TER-NFSB-TE48",2024-09-17,0.551266657377563,0.658005330140078,0.734440041060564
"TER-NFSB-TE48",2024-09-18,0.765835245459757,1.20686442450278,1.55325161506761
"TER-NFSB-TE48",2024-09-19,1.02062072615966,1.15077163777999,1.17953564923918
"TER-NFSB-TE48",2024-09-20,0.975933221165215,1.24163870214594,1.32680694400755
"TER-NFSB-TE48",2024-09-21,1.62854963481113,2.37199466602524,2.84495166918526
"TER-NFSB-TE48",2024-09-22,0.928611242975073,1.08347267777192,1.18566314838966
"TER-NFSB-TE48",2024-09-23,1.33446509937476,1.82363210598273,2.42859997242999
"TER-NFSB-TE48",2024-09-24,0.355469683168866,0.425095897109265,0.487153816139944
"TER-NFSB-TE48",2024-09-25,1.07339364309813,1.2150922908826,1.21117232704397
"TER-NFSB-TE48",2024-09-26,0.659036956585082,0.825049405635281,1.02659384740813
"TER-NFSB-TE48",2024-09-27,1.46687457353816,1.5736738147921,1.66471806378259
"TER-NFSB-TE48",2024-09-28,0.56465970257328,0.561038762255892,0.550032937090187
"TER-NFSB-TE48",2024-09-29,0.607546145441299,0.639505583481761,0.691236552140071
"TER-NFSB-TE48",2024-09-30,0.361157559257308,0.355469683168866,0.389513818102457
"TER-NFSB-TE48",2024-10-01,0.22421360157322,0.232152810743768,0.221162934232346
"TER-NFSB-TE48",2024-10-02,0.232152810743768,0.208514414057075,0.251805077592667
"TER-NFSB-TE48",2024-10-03,0.412112795872367,0.414851116999053,0.412112795872367
"TER-NFSB-TE48",2024-10-04,0.872018730685681,0.907896118682551,0.96096833710978
"TER-NFSB-TE48",2024-10-05,1.16718415024353,1.3185892219459,1.3432601483283
"TER-NFSB-TE48",2024-10-06,NA,1.16950999276979,1.30147630777903
"TER-NFSB-TE48",2024-10-07,NA,2.40008680398578,2.53873970216766
"TER-NFSB-TE48",2024-10-08,NA,1.55805527240983,1.58742796253307
"TER-NFSB-TE48",2024-10-09,NA,2.51724127234328,2.80906593893333
"TER-NFSB-TE48",2024-10-10,NA,1.0475558163677,1.15136182756378
"TER-NFSB-TE48",2024-10-11,NA,0.8198179366636,1.02128613146309
"TER-NFSB-TE48",2024-10-12,NA,2.18929791538722,2.44171180153169
"TER-NFSB-TE48",2024-10-13,NA,1.15077163777999,1.24818709114169
"TER-NFSB-TE48",2024-10-14,NA,0.390094748802747,0.434057366141216
"TER-NFSB-TE48",2024-10-15,NA,1.28466428254256,1.18852453896003
"TER-NFSB-TE48",2024-10-16,NA,0.90864407661692,0.98540067624983
"TER-NFSB-TE48",2024-10-17,NA,1.93075321338966,2.16934756103758
"TER-NFSB-TE48",2024-10-18,NA,1.25325662731663,1.22455996237394
"TER-NFSB-TE48",2024-10-19,NA,0.734440041060564,0.701964118163034
"TER-NFSB-TE48",2024-10-20,NA,0.994322651975648,1.14208048144032
"TER-NFSB-TE48",2024-10-21,NA,1.09594112821891,1.45571711497824
"TER-NFSB-TE48",2024-10-22,NA,1.95592281493187,1.98898688798587
"TER-NFSB-TE48",2024-10-23,NA,2.04124145231931,2.12984315949742
"TER-NFSB-TE48",2024-10-24,NA,0.880546602310508,1.14128709441755
"TER-NFSB-TE48",2024-10-25,NA,1.05552377272263,1.25524262912435
"TER-NFSB-TE48",2024-10-26,NA,1.12530189186106,1.32680694400755
"TER-NFSB-TE48",2024-10-27,NA,1.28466428254256,1.52693213311215
"TER-NFSB-TE48",2024-10-28,NA,1.12751329565733,1.24455335099716
"TER-NFSB-TE48",2024-10-29,NA,1.03712779249763,1.12207752451178
"TER-NFSB-TE48",2024-10-30,NA,0.765835245459757,0.880546602310508
"TER-NFSB-TE48",2024-10-31,NA,0.761386987626881,0.818435676471731
"TER-NFSB-TE48",2024-11-01,NA,1.23944821757828,1.3855818115585
"TER-NFSB-TE48",2024-11-02,NA,0.595499425035315,0.598533836656866
"TER-NFSB-TE48",2024-11-03,NA,0.434057366141216,0.487153816139944
"TER-NFSB-TE48",2024-11-04,NA,1.2150922908826,1.34309155590236
"TER-NFSB-TE48",2024-11-05,NA,1.73087374266394,1.72733773541074
"TER-NFSB-TE48",2024-11-06,NA,1.13072216246771,1.08159001313887
"TER-NFSB-TE48",2024-11-07,NA,1.86889101426177,1.95186644233043
"TER-NFSB-TE48",2024-11-08,NA,1.0179547554081,0.983330262829891
"TER-NFSB-TE48",2024-11-09,NA,0.442325868464691,0.488546350136693
"TER-NFSB-TE48",2024-11-10,NA,0.85311662216516,0.932261936818499
"TER-NFSB-TE48",2024-11-11,NA,0.813996670576818,0.699054744803212
"TER-NFSB-TE48",2024-11-12,NA,0.458415671128542,0.481543412343077
"TER-NFSB-TE48",2024-11-13,NA,1.43456300471354,1.52515145363395
"TER-NFSB-TE48",2024-11-14,NA,0.653862548158294,0.607546145441299
"TER-NFSB-TE48",2024-11-15,NA,0.323449478616663,0.312046772785422
"TER-NFSB-TE48",2024-11-16,NA,0.487153816139944,0.607546145441299
"TER-NFSB-TE48",2024-11-17,NA,0.58008932345666,0.58008932345666
"TER-NFSB-TE48",2024-11-18,NA,0.268348410774533,0.345126525843175
"TER-NFSB-TE48",2024-11-19,NA,0.601929265428846,0.696458432231305
"TER-NFSB-TE48",2024-11-20,NA,0.541318171059166,0.85311662216516
"TER-NFSB-TE48",2024-11-21,NA,0.883627241233132,0.975933221165215
"TER-NFSB-TE48",2024-11-22,NA,0.647948266856035,0.61642670615246
"TER-NFSB-TE48",2024-11-23,NA,1.53698368260034,1.5805658498769
"TER-NFSB-TE48",2024-11-24,NA,0.8030738049718,1.03187426208508
"TER-NFSB-TE48",2024-11-25,NA,2.17153855829109,2.1032023547266
"TER-NFSB-TE48",2024-11-26,NA,1.18394299461281,1.24945640354029
"TER-NFSB-TE48",2024-11-27,NA,1.98351448448075,1.98499808345105
"TER-NFSB-TE48",2024-11-28,NA,0.639505583481761,0.696458432231305
"TER-NFSB-TE48",2024-11-29,NA,1.08826913497762,1.12931940514656
"TER-NFSB-TE48",2024-11-30,NA,0.557800416231313,0.707106781186548
"TER-NFSB-TE48",2024-12-01,NA,1.59426053914242,1.6151457061745
"TER-NFSB-TE48",2024-12-02,NA,0.465766471310572,0.488546350136693
"TER-NFSB-TE48",2024-12-03,NA,0.551677284367371,0.734440041060564
"TER-NFSB-TE48",2024-12-04,NA,0.906648150919207,1.00991461828804
"TER-NFSB-TE48",2024-12-05,NA,0.583592075121765,0.588229965875271
"TER-NFSB-TE48",2024-12-06,NA,0.56465970257328,0.541318171059166
"TER-NFSB-TE48",2024-12-07,NA,0.61642670615246,0.717281502356772
"TER-NFSB-TE48",2024-12-08,NA,0.772899209732936,0.875388112682647
"TER-NFSB-TE48",2024-12-09,NA,0.495907161718278,0.598533836656866
"TER-NFSB-TE48",2024-12-10,NA,0.955296069137807,0.911878138311493
"TER-NFSB-TE48",2024-12-11,NA,0.85311662216516,0.923721207705668
"TER-NFSB-TE48",2024-12-12,NA,0.84457990586522,0.831610538026378
"TER-NFSB-TE48",2024-12-13,NA,0.825049405635281,0.845919446605247
"TER-NFSB-TE48",2024-12-14,NA,0.595499425035315,0.758705514657047
"TER-NFSB-TE48",2024-12-15,NA,1.52856260034989,1.60148821186846
"TER-NFSB-TE48",2024-12-16,NA,NA,NA
"TER-NFSB-TE48",2024-12-17,NA,NA,NA
"TER-NFSB-TE48",2024-12-18,NA,NA,NA
"TER-NFSB-TE48",2024-12-19,NA,NA,NA
"TER-NFSB-TE48",2024-12-20,NA,NA,NA
"TER-NFSB-TE48",2024-12-21,NA,NA,NA
"TER-NFSB-TE48",2024-12-22,NA,NA,NA
"TER-NFSB-TE48",2024-12-23,NA,NA,NA
"TER-NFSB-TE48",2024-12-24,NA,NA,NA
"TER-NFSB-TE48",2024-12-25,NA,NA,NA
"TER-NFSB-TE48",2024-12-26,NA,NA,NA
"TER-NFSB-TE48",2024-12-27,NA,NA,NA
"TER-NFSB-TE48",2024-12-28,NA,NA,NA
"TER-NFSB-TE48",2024-12-29,NA,NA,NA
"TER-NFSB-TE48",2024-12-30,NA,NA,NA
"TER-NFSB-TE48",2024-12-31,NA,NA,NA
"TER-NFSB-TE48",2025-01-01,NA,NA,NA
"TER-NFSB-TE48",2025-01-02,NA,NA,NA
"TER-NFSB-TE48",2025-01-03,NA,NA,NA
"TER-NFSB-TE48",2025-01-04,NA,NA,NA
"TER-NFSB-TE48",2025-01-05,NA,NA,NA
"TER-NFSB-TE48",2025-01-06,NA,NA,NA
"TER-NFSB-TE48",2025-01-07,NA,NA,NA
"TER-NFSB-TE48",2025-01-08,NA,NA,NA
"TER-NFSB-TE48",2025-01-09,NA,NA,NA
"TER-NFSB-TE48",2025-01-10,NA,NA,NA
"TER-NFSB-TE48",2025-01-11,NA,NA,NA
"TER-NFSB-TE48",2025-01-12,NA,NA,NA
"TER-NFSB-TE48",2025-01-13,NA,NA,NA
"TER-NFSB-TE48",2025-01-14,NA,NA,NA
"TER-NFSB-TE48",2025-01-15,NA,NA,NA
"TER-NFSB-TE48",2025-01-16,NA,NA,NA
"TER-NFSB-TE48",2025-01-17,NA,NA,NA
"TER-NFSB-TE48",2025-01-18,NA,NA,NA
"TER-NFSB-TE48",2025-01-19,NA,NA,NA
"TER-NFSB-TE48",2025-01-20,NA,NA,NA
"TER-NFSB-TE48",2025-01-21,NA,NA,NA
"TER-NFSB-TE48",2025-01-22,NA,NA,NA
"TER-NFSB-TE48",2025-01-23,NA,NA,NA
"TER-NFSB-TE48",2025-01-24,NA,NA,NA
"TER-NFSB-TE48",2025-01-25,NA,NA,NA
"TER-NFSB-TE48",2025-01-26,NA,NA,NA
"TER-NFSB-TE48",2025-01-27,NA,NA,NA
"TER-NFSB-TE48",2025-01-28,NA,NA,NA
"TER-NFSB-TE48",2025-01-29,NA,NA,NA
"TER-NFSB-TE48",2025-01-30,NA,NA,NA
"TER-NFSB-TE48",2025-01-31,NA,NA,NA
"TER-NFSB-TE48",2025-02-01,NA,NA,NA
"TER-NFSB-TE48",2025-02-02,NA,NA,NA
"TER-NFSB-TE48",2025-02-03,NA,NA,NA
"TER-NFSB-TE48",2025-02-04,NA,NA,NA
"TER-NFSB-TE48",2025-02-05,NA,NA,NA
"TER-NFSB-TE48",2025-02-06,NA,NA,NA
"TER-NFSB-TE48",2025-02-07,NA,NA,NA
"TER-NFSB-TE48",2025-02-08,NA,NA,NA
"TER-NFSB-TE48",2025-02-09,NA,NA,NA
"TER-NFSB-TE48",2025-02-10,NA,NA,NA
"TER-NFSB-TE48",2025-02-11,NA,NA,NA
"TER-NFSB-TE48",2025-02-12,NA,NA,NA
"TER-NFSB-TE48",2025-02-13,NA,NA,NA
"TER-NFSB-TE48",2025-02-14,NA,NA,NA
"TER-NFSB-TE48",2025-02-15,NA,NA,NA
"TER-NFSB-TE48",2025-02-16,NA,NA,NA
"TER-NFSB-TE48",2025-02-17,NA,NA,NA
"TER-NFSB-TE48",2025-02-18,NA,NA,NA
"TER-NFSB-TE48",2025-02-19,NA,NA,NA
"TER-NFSB-TE48",2025-02-20,NA,NA,NA
"TER-NFSB-TE48",2025-02-21,NA,NA,NA
"TER-NFSB-TE48",2025-02-22,NA,NA,NA
"TER-NFSB-TE48",2025-02-23,NA,NA,NA
"TER-NFSB-TE48",2025-02-24,NA,NA,NA
"TER-NFSB-TE48",2025-02-25,NA,NA,NA
"TER-NFSB-TE48",2025-02-26,NA,NA,NA
"TER-NFSB-TE48",2025-02-27,NA,NA,NA
"TER-NFSB-TE48",2025-02-28,NA,NA,NA
"TER-NFSB-TE48",2025-03-01,NA,NA,NA
"TER-NFSB-TE48",2025-03-02,NA,NA,NA
"TER-NFSB-TE48",2025-03-03,NA,NA,NA
"TER-NFSB-TE48",2025-03-04,NA,NA,NA
"TER-NFSB-TE48",2025-03-05,NA,NA,NA
"TER-NFSB-TE48",2025-03-06,NA,NA,NA
"TER-NFSB-TE48",2025-03-07,NA,NA,NA
"TER-NFSB-TE48",2025-03-08,NA,NA,NA
"TER-NFSB-TE48",2025-03-09,NA,NA,NA
"TER-NFSB-TE48",2025-03-10,NA,NA,NA
"TER-NFSB-TE48",2025-03-11,NA,NA,NA
"TER-NFSB-TE48",2025-03-12,NA,NA,NA
"TER-NFSB-TE48",2025-03-13,NA,NA,NA
"TER-NFSB-TE48",2025-03-14,NA,NA,NA
"TER-NFSB-TE48",2025-03-15,NA,NA,NA
"TER-NFSB-TE48",2025-03-16,NA,NA,NA
"TER-NFSB-TE48",2025-03-17,NA,NA,NA
"TER-NFSB-TE48",2025-03-18,NA,NA,NA
"TER-NFSB-TE48",2025-03-19,NA,NA,NA
"TER-NFSB-TE48",2025-03-20,NA,NA,NA
"TER-NFSB-TE48",2025-03-21,NA,NA,NA
"TER-NFSB-TE48",2025-03-22,NA,NA,NA
"TER-NFSB-TE48",2025-03-23,NA,NA,NA
"TER-NFSB-TE48",2025-03-24,NA,NA,NA
"TER-NFSB-TE48",2025-03-25,NA,NA,NA
"TER-NFSB-TE48",2025-03-26,NA,NA,NA
"TER-NFSB-TE48",2025-03-27,NA,NA,NA
"TER-NFSB-TE48",2025-03-28,NA,NA,NA
"TER-NFSB-TE48",2025-03-29,NA,NA,NA
"TER-NFSB-TE48",2025-03-30,NA,NA,NA
"TER-NFSB-TE48",2025-03-31,NA,NA,NA
"TER-NFSB-TE48",2025-04-01,NA,NA,NA
"TER-NFSB-TE48",2025-04-02,NA,NA,NA
"TER-NFSB-TE48",2025-04-03,NA,NA,NA
"TER-NFSB-TE48",2025-04-04,NA,NA,NA
"TER-NFSB-TE48",2025-04-05,NA,NA,NA
"TER-NFSB-TE48",2025-04-06,NA,NA,NA
"TER-NFSB-TE48",2025-04-07,NA,NA,NA
"TER-NFSB-TE48",2025-04-08,NA,NA,NA
"TER-NFSB-TE48",2025-04-09,NA,NA,NA
"TER-NFSB-TE48",2025-04-10,NA,NA,NA
"TER-NFSB-TE48",2025-04-11,NA,NA,NA
"TER-NFSB-TE48",2025-04-12,NA,NA,NA
"TER-NFSB-TE48",2025-04-13,NA,NA,NA
"TER-NFSB-TE48",2025-04-14,NA,NA,NA
"TER-NFSB-TE48",2025-04-15,NA,NA,NA
"TER-NFSB-TE48",2025-04-16,NA,NA,NA
"TER-NFSB-TE48",2025-04-17,NA,NA,NA
"TER-NFSB-TE48",2025-04-18,NA,NA,NA
"TER-NFSB-TE48",2025-04-19,NA,NA,NA
"TER-NFSB-TE48",2025-04-20,NA,NA,NA
"TER-NFSB-TE48",2025-04-21,NA,NA,NA
"TER-NFSB-TE48",2025-04-22,NA,NA,NA
"TER-NFSB-TE48",2025-04-23,NA,NA,NA
"TER-NFSB-TE48",2025-04-24,NA,NA,NA
"TER-NFSB-TE48",2025-04-25,NA,NA,NA
"TER-NFSB-TE48",2025-04-26,NA,NA,NA
"TER-NFSB-TE48",2025-04-27,NA,NA,NA
"TER-NFSB-TE48",2025-04-28,NA,NA,NA
"TER-NFSB-TE48",2025-04-29,NA,NA,NA
"TER-NFSB-TE48",2025-04-30,NA,NA,NA
"TER-NFSB-TE48",2025-05-01,NA,NA,NA
"TER-NFSB-TE48",2025-05-02,NA,NA,NA
"TER-NFSB-TE48",2025-05-03,NA,NA,NA
"TER-NFSB-TE48",2025-05-04,NA,NA,NA
"TER-NFSB-TE48",2025-05-05,NA,NA,NA
"TER-NFSB-TE48",2025-05-06,NA,NA,NA
"TER-NFSB-TE48",2025-05-07,NA,NA,NA
"TER-NFSB-TE48",2025-05-08,NA,NA,NA
"TER-NFSB-TE48",2025-05-09,NA,NA,NA
"TER-NFSB-TE48",2025-05-10,NA,NA,NA
"TER-NFSB-TE48",2025-05-11,NA,NA,NA
"TER-NFSB-TE48",2025-05-12,NA,NA,NA
"TER-NFSB-TE48",2025-05-13,NA,NA,NA
"TER-NFSB-TE48",2025-05-14,NA,NA,NA
"TER-NFSB-TE48",2025-05-15,NA,NA,NA
"TER-NFSB-TE48",2025-05-16,NA,NA,NA
"TER-NFSB-TE48",2025-05-17,NA,NA,NA
"TER-NFSB-TE48",2025-05-18,NA,NA,NA
"TER-NFSB-TE48",2025-05-19,NA,NA,NA
"TER-NFSB-TE48",2025-05-20,NA,NA,NA
"TER-NFSB-TE48",2025-05-21,NA,NA,NA
"TER-NFSB-TE48",2025-05-22,NA,NA,NA
"TER-NFSB-TE48",2025-05-23,NA,NA,NA
"TER-NFSB-TE48",2025-05-24,NA,NA,NA
"TER-NFSB-TE48",2025-05-25,NA,NA,NA
"TER-NFSB-TE48",2025-05-26,NA,NA,NA
"TER-NFSB-TE48",2025-05-27,NA,NA,NA
"TER-NFSB-TE48",2025-05-28,NA,NA,NA
"TER-NFSB-TE48",2025-05-29,NA,NA,NA
"TER-NFSB-TE48",2025-05-30,NA,NA,NA
"TER-NFSB-TE48",2025-05-31,NA,NA,NA
"TER-NFSB-TE48",2025-06-01,NA,NA,NA
"TER-NFSB-TE48",2025-06-02,NA,NA,NA
"TER-NFSB-TE48",2025-06-03,NA,NA,NA
"TER-NFSB-TE48",2025-06-04,NA,NA,NA
"TER-NFSB-TE48",2025-06-05,NA,NA,NA
"TER-NFSB-TE48",2025-06-06,NA,NA,NA
"TER-NFSB-TE48",2025-06-07,NA,NA,NA
"TER-NFSB-TE48",2025-06-08,NA,NA,NA
"TER-NFSB-TE48",2025-06-09,NA,NA,NA
"TER-NFSB-TE48",2025-06-10,NA,NA,NA
"TER-NFSB-TE48",2025-06-11,NA,NA,NA
"TER-NFSB-TE48",2025-06-12,NA,NA,NA
"TER-NFSB-TE49",2023-08-09,NA,NA,NA
"TER-NFSB-TE49",2023-08-10,NA,NA,NA
"TER-NFSB-TE49",2023-08-11,NA,NA,NA
"TER-NFSB-TE49",2023-08-12,NA,NA,NA
"TER-NFSB-TE49",2023-08-13,NA,NA,NA
"TER-NFSB-TE49",2023-08-14,NA,NA,NA
"TER-NFSB-TE49",2023-08-15,NA,NA,NA
"TER-NFSB-TE49",2023-08-16,NA,NA,NA
"TER-NFSB-TE49",2023-08-17,NA,NA,NA
"TER-NFSB-TE49",2023-08-18,NA,NA,NA
"TER-NFSB-TE49",2023-08-19,NA,NA,NA
"TER-NFSB-TE49",2023-08-20,NA,NA,NA
"TER-NFSB-TE49",2023-08-21,NA,NA,NA
"TER-NFSB-TE49",2023-08-22,NA,NA,NA
"TER-NFSB-TE49",2023-08-23,NA,NA,NA
"TER-NFSB-TE49",2023-08-24,NA,NA,NA
"TER-NFSB-TE49",2023-08-25,NA,NA,NA
"TER-NFSB-TE49",2023-08-26,NA,NA,NA
"TER-NFSB-TE49",2023-08-27,NA,NA,NA
"TER-NFSB-TE49",2023-08-28,NA,NA,NA
"TER-NFSB-TE49",2023-08-29,NA,NA,NA
"TER-NFSB-TE49",2023-08-30,NA,NA,NA
"TER-NFSB-TE49",2023-08-31,NA,NA,NA
"TER-NFSB-TE49",2023-09-01,NA,NA,NA
"TER-NFSB-TE49",2023-09-02,NA,NA,NA
"TER-NFSB-TE49",2023-09-03,NA,NA,NA
"TER-NFSB-TE49",2023-09-04,NA,NA,NA
"TER-NFSB-TE49",2023-09-05,NA,NA,NA
"TER-NFSB-TE49",2023-09-06,NA,NA,NA
"TER-NFSB-TE49",2023-09-07,NA,NA,NA
"TER-NFSB-TE49",2023-09-08,NA,NA,NA
"TER-NFSB-TE49",2023-09-09,NA,NA,NA
"TER-NFSB-TE49",2023-09-10,NA,NA,NA
"TER-NFSB-TE49",2023-09-11,NA,NA,NA
"TER-NFSB-TE49",2023-09-12,1.70463987441608,3.44305381387184,2.38873791793485
"TER-NFSB-TE49",2023-09-13,1.18566314838966,1.92981470162518,1.58113883008419
"TER-NFSB-TE49",2023-09-14,0.779027636204913,1.06810647843526,0.987007995210118
"TER-NFSB-TE49",2023-09-15,1.40069858347152,1.38949865841574,1.39031327926218
"TER-NFSB-TE49",2023-09-16,1.20686442450278,1.92193667421956,2.22102926916616
"TER-NFSB-TE49",2023-09-17,0.90864407661692,1.42934438198736,1.29379791446665
"TER-NFSB-TE49",2023-09-18,2.14161238864282,4.10984810537754,3.58280666840794
"TER-NFSB-TE49",2023-09-19,1.85868505802558,2.09035050108619,2.03590951081621
"TER-NFSB-TE49",2023-09-20,1.4889386843645,1.89344789406422,1.82772528300752
"TER-NFSB-TE49",2023-09-21,0.9006338347785,1.48360606514052,1.6239545131775
"TER-NFSB-TE49",2023-09-22,2.66179355464248,4.89745386377719,5.2367413670075
"TER-NFSB-TE49",2023-09-23,0.793999233380421,1.32680694400755,1.45898018780441
"TER-NFSB-TE49",2023-09-24,1.22474487139159,3.47030623465982,3.1953317398255
"TER-NFSB-TE49",2023-09-25,1.3805061033727,3.0141574158521,2.18183791026434
"TER-NFSB-TE49",2023-09-26,1.10150588622635,1.36466803310538,1.35065738154383
"TER-NFSB-TE49",2023-09-27,2.00361991246423,2.63855197442444,2.66893019874951
"TER-NFSB-TE49",2023-09-28,0.784531153259565,1.20517453183093,1.15783405984836
"TER-NFSB-TE49",2023-09-29,0.756314001962953,1.02062072615966,1.01595068635316
"TER-NFSB-TE49",2023-09-30,0.765835245459757,1.11234834497998,1.14840784554536
"TER-NFSB-TE49",2023-10-01,0.793713981266533,1.41405342948888,1.46316487426242
"TER-NFSB-TE49",2023-10-02,0.508977377704051,0.869938778455628,0.834057656228299
"TER-NFSB-TE49",2023-10-03,1.76302091695566,2.32883235655286,2.40771706171538
"TER-NFSB-TE49",2023-10-04,0.758705514657047,0.732278556328103,0.858672720295521
"TER-NFSB-TE49",2023-10-05,0.746974574194299,0.810930758851934,0.880546602310508
"TER-NFSB-TE49",2023-10-06,1.39031327926218,1.69277557001357,1.59482859921358
"TER-NFSB-TE49",2023-10-07,0.667232549687378,0.920528754795741,0.824225591744734
"TER-NFSB-TE49",2023-10-08,0.601929265428846,0.797414299606792,0.630949939446036
"TER-NFSB-TE49",2023-10-09,0.811768064969513,0.931532942621143,0.9469631093315
"TER-NFSB-TE49",2023-10-10,0.345126525843175,0.42349477692996,0.437694056341324
"TER-NFSB-TE49",2023-10-11,0.487153816139944,0.816496580927726,0.740886660345738
"TER-NFSB-TE49",2023-10-12,0.779899194526567,1.19479547701021,1.01416596703678
"TER-NFSB-TE49",2023-10-13,0.932261936818499,1.30199818562175,1.13252315457662
"TER-NFSB-TE49",2023-10-14,0.746974574194298,1.09325169808344,0.941927948873779
"TER-NFSB-TE49",2023-10-15,1.16017864691332,1.15450441089786,1.19156911529367
"TER-NFSB-TE49",2023-10-16,0.824225591744734,0.786836907396049,0.827242231843205
"TER-NFSB-TE49",2023-10-17,0.61642670615246,0.834057656228299,0.71443450831176
"TER-NFSB-TE49",2023-10-18,0.691564074808125,1.01058707288588,0.999093792292346
"TER-NFSB-TE49",2023-10-19,NA,1.10581467116173,1.07001286732071
"TER-NFSB-TE49",2023-10-20,0.434057366141216,1.72248030635973,1.80378024947769
"TER-NFSB-TE49",2023-10-21,2.88424003503698,0.699054744803212,0.619724108789139
"TER-NFSB-TE49",2023-10-22,0.517361617708795,0.629872312802192,0.527761886361314
"TER-NFSB-TE49",2023-10-23,0.318511028635303,2.08470969028151,2.02520351455411
"TER-NFSB-TE49",2023-10-24,1.30772509631659,0.551677284367371,0.570643547208776
"TER-NFSB-TE49",2023-10-25,NA,1.45571711497824,1.39810948960642
"TER-NFSB-TE49",2023-10-26,NA,1.13252315457662,1.0215078369105
"TER-NFSB-TE49",2023-10-27,NA,0.878229031565262,0.798265783351363
"TER-NFSB-TE49",2023-10-28,NA,1.45571711497824,1.47380509202383
"TER-NFSB-TE49",2023-10-29,NA,0.916831342257085,0.892805381522402
"TER-NFSB-TE49",2023-10-30,NA,2.02688005407898,2.05263616293568
"TER-NFSB-TE49",2023-10-31,NA,1.04235484514075,0.964731321010742
"TER-NFSB-TE49",2023-11-01,NA,1.72248030635973,1.70025040781508
"TER-NFSB-TE49",2023-11-02,NA,2.31713450598807,2.35407448197092
"TER-NFSB-TE49",2023-11-03,NA,1.87940304275093,1.66757221776128
"TER-NFSB-TE49",2023-11-04,NA,0.884651736929383,1.00722031037067
"TER-NFSB-TE49",2023-11-05,NA,0.975933221165215,1.17645993175054
"TER-NFSB-TE49",2023-11-06,NA,2.02330175702983,2.22622299884349
"TER-NFSB-TE49",2023-11-07,NA,1.9241740181631,1.93543894583205
"TER-NFSB-TE49",2023-11-08,NA,0.744241175652242,0.72700248190474
"TER-NFSB-TE49",2023-11-09,NA,0.275016468545094,0.345126525843175
"TER-NFSB-TE49",2023-11-10,NA,0.323449478616663,0.287889622568457
"TER-NFSB-TE49",2023-11-11,NA,1.13232318580052,1.25686520555211
"TER-NFSB-TE49",2023-11-12,NA,0.764947663266077,0.71443450831176
"TER-NFSB-TE49",2023-11-13,NA,1.25902538796334,1.14840784554536
"TER-NFSB-TE49",2023-11-14,NA,2.5104852582487,2.54301757874323
"TER-NFSB-TE49",2023-11-15,NA,0.637022057270606,0.625181133172909
"TER-NFSB-TE49",2023-11-16,NA,0.416485467846762,0.464305621487536
"TER-NFSB-TE49",2023-11-17,NA,1.393404495097,1.44463023702923
"TER-NFSB-TE49",2023-11-18,NA,1.00339098972478,1.1818371844018
"TER-NFSB-TE49",2023-11-19,NA,0.598533836656866,0.69025305168635
"TER-NFSB-TE49",2023-11-20,NA,0.810930758851934,0.764947663266077
"TER-NFSB-TE49",2023-11-21,NA,0.650738153889517,0.630949939446036
"TER-NFSB-TE49",2023-11-22,NA,0.829702233998107,0.797414299606792
"TER-NFSB-TE49",2023-11-23,NA,0.872278375988647,1.13711273069949
"TER-NFSB-TE49",2023-11-24,NA,1.4356675465956,1.30217209842365
"TER-NFSB-TE49",2023-11-25,NA,0.448427203146441,0.448427203146441
"TER-NFSB-TE49",2023-11-26,NA,0.531609533071195,0.547970564109455
"TER-NFSB-TE49",2023-11-27,NA,0.825049405635281,0.63381465310669
"TER-NFSB-TE49",2023-11-28,NA,0.838120308890026,0.710939366337732
"TER-NFSB-TE49",2023-11-29,NA,1.17009073102926,1.10581467116173
"TER-NFSB-TE49",2023-11-30,NA,0.872278375988647,0.914605720071991
"TER-NFSB-TE49",2023-12-01,NA,2.07818203719264,2.03668795501102
"TER-NFSB-TE49",2023-12-02,NA,1.92981470162518,1.93180849412436
"TER-NFSB-TE49",2023-12-03,NA,0.983330262829891,0.992499041725526
"TER-NFSB-TE49",2023-12-04,NA,1.5809956045003,2.69653226049385
"TER-NFSB-TE49",2023-12-05,NA,1.88769854508114,1.67461871065833
"TER-NFSB-TE49",2023-12-06,NA,1.13252315457662,1.33242722834704
"TER-NFSB-TE49",2023-12-07,NA,NA,1.3855818115585
"TER-NFSB-TE49",2023-12-08,NA,NA,NA
"TER-NFSB-TE49",2023-12-09,1.00271370919555,2.83322676696439,1.15450441089786
"TER-NFSB-TE49",2023-12-10,1.08159001313887,1.801267669557,1.26816511291834
"TER-NFSB-TE49",2023-12-11,0.761386987626881,1.74455675197729,0.857353105684051
"TER-NFSB-TE49",2023-12-12,0.434057366141215,1.3349740810598,0.556581178890961
"TER-NFSB-TE49",2023-12-13,0.92641392132415,1.7769661492702,1.15607249910566
"TER-NFSB-TE49",2023-12-14,1.3254408618497,1.7098128976375,1.33903896967894
"TER-NFSB-TE49",2023-12-15,1.34258565160069,3.602535339114,1.19782411425704
"TER-NFSB-TE49",2023-12-16,0.251805077592668,1.21565125386128,0.168915981173044
"TER-NFSB-TE49",2023-12-17,0.28232985128664,3.35565443195015,0.287889622568457
"TER-NFSB-TE49",2023-12-18,2.07894465283836,1.61163680412362,2.22133511882942
"TER-NFSB-TE49",2023-12-19,1.0215078369105,3.68598746921207,1.20216441278318
"TER-NFSB-TE49",2023-12-20,0.61642670615246,2.45087606342321,0.845919446605247
"TER-NFSB-TE49",2023-12-21,0.71443450831176,3.52012845615413,0.820646175234818
"TER-NFSB-TE49",2023-12-22,1.55979838905313,2.66179355464248,1.42886901662352
"TER-NFSB-TE49",2023-12-23,0.983330262829891,1.99898071852719,2.48437143947425
"TER-NFSB-TE49",2023-12-24,0.980793822237442,1.79975843789732,1.00339098972478
"TER-NFSB-TE49",2023-12-25,1.00271370919555,1.17028424640824,1.11132999051861
"TER-NFSB-TE49",2023-12-26,2.2566327358141,1.84928011845738,2.42934579969439
"TER-NFSB-TE49",2023-12-27,0.883627241233132,1.05273109274078,0.991814323436556
"TER-NFSB-TE49",2023-12-28,1.08597782025553,1.58571521832364,1.19612144941019
"TER-NFSB-TE49",2023-12-29,NA,1.07592225353516,1.17028424640824
"TER-NFSB-TE49",2023-12-30,NA,1.20385853085769,2.01342864972569
"TER-NFSB-TE49",2023-12-31,NA,0.734440041060564,1.76879144853366
"TER-NFSB-TE49",2024-01-01,NA,0.943849272540569,1.04170289792063
"TER-NFSB-TE49",2024-01-02,NA,1.53698368260034,1.04235484514075
"TER-NFSB-TE49",2024-01-03,NA,0.510753918455249,1.44823105491002
"TER-NFSB-TE49",2024-01-04,NA,0.820646175234819,1.05208557540298
"TER-NFSB-TE49",2024-01-05,NA,0.561038762255892,0.831610538026378
"TER-NFSB-TE49",2024-01-06,NA,0.56465970257328,0.977092700273386
"TER-NFSB-TE49",2024-01-07,NA,0.980793822237442,1.07592225353516
"TER-NFSB-TE49",2024-01-08,NA,1.60162960490381,0.806450444131925
"TER-NFSB-TE49",2024-01-09,NA,0.953397813771538,0.62227667549858
"TER-NFSB-TE49",2024-01-10,NA,1.2509054691517,1.36715482621413
"TER-NFSB-TE49",2024-01-11,NA,1.53933921453048,0.508977377704051
"TER-NFSB-TE49",2024-01-12,NA,0.389513818102456,0.339836917410076
"TER-NFSB-TE49",2024-01-13,NA,0.978019293843651,0.595499425035315
"TER-NFSB-TE49",2024-01-14,NA,2.35291986350109,NA
"TER-NFSB-TE49",2024-01-15,NA,0.732278556328103,NA
"TER-NFSB-TE49",2024-01-16,NA,1.57410545104656,NA
"TER-NFSB-TE49",2024-01-17,NA,0.641273642104501,NA
"TER-NFSB-TE49",2024-01-18,NA,0.508977377704051,NA
"TER-NFSB-TE49",2024-01-19,NA,1.43692884053234,NA
"TER-NFSB-TE49",2024-01-20,NA,0.637022057270606,NA
"TER-NFSB-TE49",2024-01-21,NA,3.30431207074477,NA
"TER-NFSB-TE49",2024-01-22,NA,1.03011713137285,NA
"TER-NFSB-TE49",2024-01-23,NA,0.561038762255892,NA
"TER-NFSB-TE49",2024-01-24,NA,1.65708295297594,NA
"TER-NFSB-TE49",2024-01-25,NA,1.16718415024353,NA
"TER-NFSB-TE49",2024-01-26,NA,1.03187426208508,NA
"TER-NFSB-TE49",2024-01-27,NA,1.10806496696471,NA
"TER-NFSB-TE49",2024-01-28,NA,2.45687441357062,NA
"TER-NFSB-TE49",2024-01-29,NA,2.630300032481,NA
"TER-NFSB-TE49",2024-01-30,NA,3.27367353378389,NA
"TER-NFSB-TE49",2024-01-31,NA,0.972213595544888,NA
"TER-NFSB-TE49",2024-02-01,NA,1.24218571973713,NA
"TER-NFSB-TE49",2024-02-02,NA,1.88421647883953,NA
"TER-NFSB-TE49",2024-02-03,NA,1.26834366485346,NA
"TER-NFSB-TE49",2024-02-04,NA,0.729490093902206,NA
"TER-NFSB-TE49",2024-02-05,NA,0.458415671128542,NA
"TER-NFSB-TE49",2024-02-06,NA,1.03909101859632,NA
"TER-NFSB-TE49",2024-02-07,NA,0.829702233998107,NA
"TER-NFSB-TE49",2024-02-08,NA,2.02117414577177,NA
"TER-NFSB-TE49",2024-02-09,NA,1.21117232704397,NA
"TER-NFSB-TE49",2024-02-10,NA,1.88048714009375,NA
"TER-NFSB-TE49",2024-02-11,NA,0.56465970257328,NA
"TER-NFSB-TE49",2024-02-12,NA,0.61642670615246,NA
"TER-NFSB-TE49",2024-02-13,NA,1.6450133253502,NA
"TER-NFSB-TE49",2024-02-14,NA,NA,NA
"TER-NFSB-TE49",2024-02-15,1.98625257088879,NA,2.04467760826472
"TER-NFSB-TE49",2024-02-16,0.816496580927726,NA,0.928611242975073
"TER-NFSB-TE49",2024-02-17,1.76109320462102,NA,1.33514369850296
"TER-NFSB-TE49",2024-02-18,2.23079565970582,NA,2.58470627378415
"TER-NFSB-TE49",2024-02-19,0.96964807600714,NA,1.46687457353816
"TER-NFSB-TE49",2024-02-20,0.495907161718278,NA,0.545070132437435
"TER-NFSB-TE49",2024-02-21,NA,NA,NA
"TER-NFSB-TE49",2024-02-22,1.62172188862886,NA,1.4957669740236
"TER-NFSB-TE49",2024-02-23,2.08503553648512,NA,2.4330715066602
"TER-NFSB-TE49",2024-02-24,2.49455929714179,NA,2.23079565970582
"TER-NFSB-TE49",2024-02-25,0.658005330140078,NA,0.680672621302858
"TER-NFSB-TE49",2024-02-26,1.23064729050333,NA,1.48162048965392
"TER-NFSB-TE49",2024-02-27,1.31807391317016,NA,2.01444062074134
"TER-NFSB-TE49",2024-02-28,1.47196014438797,NA,1.84302445193621
"TER-NFSB-TE49",2024-02-29,1.08012344973464,NA,1.17953564923918
"TER-NFSB-TE49",2024-03-01,1.19763504881284,NA,1.54403949788031
"TER-NFSB-TE49",2024-03-02,1.19156911529367,NA,1.51800784783444
"TER-NFSB-TE49",2024-03-03,1.49137010249257,NA,1.7475396783868
"TER-NFSB-TE49",2024-03-04,NA,NA,NA
"TER-NFSB-TE49",2024-03-05,1.23340432619805,1.3432601483283,1.36317377968592
"TER-NFSB-TE49",2024-03-06,0.529902917003931,0.464305621487537,0.414851116999053
"TER-NFSB-TE49",2024-03-07,2.09802788696737,2.22957720044712,2.19807227795867
"TER-NFSB-TE49",2024-03-08,1.28800908044328,1.46563905041008,1.49818731051605
"TER-NFSB-TE49",2024-03-09,1.44400309124885,1.51307705484983,1.51307705484983
"TER-NFSB-TE49",2024-03-10,0.92641392132415,1.0664090495066,0.992499041725526
"TER-NFSB-TE49",2024-03-11,0.680672621302858,0.761386987626881,0.746974574194299
"TER-NFSB-TE49",2024-03-12,0.807572853087248,0.931532942621143,0.928611242975073
"TER-NFSB-TE49",2024-03-13,1.05273109274078,1.25325662731663,1.17472630176479
"TER-NFSB-TE49",2024-03-14,0.722001545624424,0.78683690739605,0.749093655258023
"TER-NFSB-TE49",2024-03-15,1.40069858347152,1.55805527240983,1.54110350074224
"TER-NFSB-TE49",2024-03-16,1.2150922908826,1.43897608524709,1.31721461722306
"TER-NFSB-TE49",2024-03-17,NA,NA,NA
"TER-NFSB-TE49",2024-03-18,0.650738153889517,0.729490093902206,0.79285760916182
"TER-NFSB-TE49",2024-03-19,1.37771471142866,1.66322107605276,1.47672154509208
"TER-NFSB-TE49",2024-03-20,2.66340946908281,3.61959241840325,3.25264663696005
"TER-NFSB-TE49",2024-03-21,1.01081112500545,1.31031996313767,1.19706767331373
"TER-NFSB-TE49",2024-03-22,0.806450444131926,0.930316682874591,0.834057656228299
"TER-NFSB-TE49",2024-03-23,0.994322651975647,0.999773525079193,0.94384927254057
"TER-NFSB-TE49",2024-03-24,1.35116026361458,1.55907232729567,1.41661338348219
"TER-NFSB-TE49",2024-03-25,0.389513818102456,0.541318171059166,0.531609533071195
"TER-NFSB-TE49",2024-03-26,0.9006338347785,1.0475558163677,1.05616718867553
"TER-NFSB-TE49",2024-03-27,1.97401599042024,2.17028683070608,2.17601800264292
"TER-NFSB-TE49",2024-03-28,1.61962600800219,1.72773098248138,1.72523890385138
"TER-NFSB-TE49",2024-03-29,1.74130864498556,1.7856107630448,1.80265002189812
"TER-NFSB-TE49",2024-03-30,1.61962600800219,1.74961175817603,1.74130864498556
"TER-NFSB-TE49",2024-03-31,1.85025948043174,2.13494051778797,1.9109476744518
"TER-NFSB-TE49",2024-04-01,1.40247581290983,1.5202438305574,1.3805061033727
"TER-NFSB-TE49",2024-04-02,1.05616718867553,1.06321906614239,1.11234834497998
"TER-NFSB-TE49",2024-04-03,NA,NA,NA
"TER-NFSB-TE49",2024-04-04,1.07823493715894,NA,1.19763504881284
"TER-NFSB-TE49",2024-04-05,0.959081308608263,NA,1.05100883213101
"TER-NFSB-TE49",2024-04-06,1.63021737680966,NA,1.70663135436747
"TER-NFSB-TE49",2024-04-07,0.717281502356772,NA,0.846722153836252
"TER-NFSB-TE49",2024-04-08,1.99046640809111,NA,2.13907317732962
"TER-NFSB-TE49",2024-04-09,0.510310363079829,NA,0.537961126767579
"TER-NFSB-TE49",2024-04-10,0.24726767752342,NA,0.251805077592668
"TER-NFSB-TE49",2024-04-11,0.389513818102457,NA,0.339836917410076
"TER-NFSB-TE49",2024-04-12,2.44171180153169,NA,2.55368091818145
"TER-NFSB-TE49",2024-04-13,0.434057366141216,NA,0.495907161718278
"TER-NFSB-TE49",2024-04-14,0.265804766535597,NA,0.232152810743768
"TER-NFSB-TE49",2024-04-15,0.831610538026378,NA,0.769669607265238
"TER-NFSB-TE49",2024-04-16,0.291796037560882,NA,0.275016468545094
"TER-NFSB-TE49",2024-04-17,0.6412736421045,NA,0.667232549687378
"TER-NFSB-TE49",2024-04-18,0.625543242171224,NA,0.489009646921826
"TER-NFSB-TE49",2024-04-19,0.813996670576818,NA,0.966607319517563
"TER-NFSB-TE49",2024-04-20,2.16851231312481,NA,2.44495561739155
"TER-NFSB-TE49",2024-04-21,1.13232318580052,NA,1.23285341230492
"TER-NFSB-TE49",2024-04-22,1.14840784554536,NA,1.21565125386128
"TER-NFSB-TE49",2024-04-23,0.49453535504684,NA,0.508977377704051
"TER-NFSB-TE49",2024-04-24,0.588229965875272,NA,0.551266657377563
"TER-NFSB-TE49",2024-04-25,2.03223568614912,NA,1.52455743162363
"TER-NFSB-TE49",2024-04-26,1.17028424640824,NA,1.21807046272944
"TER-NFSB-TE49",2024-04-27,1.2363383876171,NA,1.34258565160069
"TER-NFSB-TE49",2024-04-28,2.09899907133121,NA,2.53633022583668
"TER-NFSB-TE49",2024-04-29,3.23694423353485,NA,3.34246936399952
"TER-NFSB-TE49",2024-04-30,2.74777578035953,NA,3.72509848133605
"TER-NFSB-TE49",2024-05-01,1.04061541156309,NA,1.09821165563825
"TER-NFSB-TE49",2024-05-02,0.675328690771916,NA,0.71443450831176
"TER-NFSB-TE49",2024-05-03,1.38296441736949,NA,1.26762930621338
"TER-NFSB-TE49",2024-05-04,1.55325161506761,NA,1.35918107270731
"TER-NFSB-TE49",2024-05-05,3.013781749693,NA,3.02525600785181
"TER-NFSB-TE49",2024-05-06,0.541318171059166,NA,0.42933636014776
"TER-NFSB-TE49",2024-05-07,0.791428263111808,NA,0.88771812996067
"TER-NFSB-TE49",2024-05-08,0.954584665735822,NA,0.940243570046875
"TER-NFSB-TE49",2024-05-09,2.00678197944956,NA,1.5805658498769
"TER-NFSB-TE49",2024-05-10,3.31491742525087,NA,3.27263577679158
"TER-NFSB-TE49",2024-05-11,3.89065910365706,NA,3.45441326631495
"TER-NFSB-TE49",2024-05-12,2.14414859289318,NA,2.53954235292874
"TER-NFSB-TE49",2024-05-13,NA,NA,NA
"TER-NFSB-TE49",2024-05-14,1.28941482064933,1.66158646034968,1.59809102604834
"TER-NFSB-TE49",2024-05-15,1.42696597158376,1.51023081065421,1.33446509937476
"TER-NFSB-TE49",2024-05-16,0.916831342257085,1.00722031037067,0.779027636204913
"TER-NFSB-TE49",2024-05-17,1.16388125047936,1.282547284209,1.14128709441755
"TER-NFSB-TE49",2024-05-18,1.6450133253502,2.2112197434048,2.03401776316471
"TER-NFSB-TE49",2024-05-19,3.24037034920393,4.28592024177312,3.66034121716637
"TER-NFSB-TE49",2024-05-20,1.73152776639507,1.88241288267733,1.77836739165734
"TER-NFSB-TE49",2024-05-21,2.05351854284229,2.75041169513832,2.35407448197092
"TER-NFSB-TE49",2024-05-22,1.41357292199487,1.73622946456486,1.40392823632607
"TER-NFSB-TE49",2024-05-23,0.398707149803396,0.42933636014776,0.387765804114519
"TER-NFSB-TE49",2024-05-24,1.32902383267799,1.38165386088714,1.33242722834704
"TER-NFSB-TE49",2024-05-25,1.85514853501183,2.32035729382664,1.76879144853366
"TER-NFSB-TE49",2024-05-26,3.68678603994697,4.60028157613315,3.6621348806479
"TER-NFSB-TE49",2024-05-27,2.05847488218334,3.81335372954918,2.5444419393275
"TER-NFSB-TE49",2024-05-28,1.42934438198736,1.51023081065421,1.19479547701021
"TER-NFSB-TE49",2024-05-29,0.416485467846762,0.510753918455249,0.527761886361314
"TER-NFSB-TE49",2024-05-30,2.3327186043234,1.85807579290348,1.5667514623984
"TER-NFSB-TE49",2024-05-31,0.699054744803212,0.863668867705371,0.674321989058296
"TER-NFSB-TE49",2024-06-01,1.46455711265621,2.0216222500109,1.58571521832364
"TER-NFSB-TE49",2024-06-02,1.03472323541759,1.17028424640824,1.0664090495066
"TER-NFSB-TE49",2024-06-03,1.41277171299665,2.22622299884349,1.45151095688976
"TER-NFSB-TE49",2024-06-04,2.59563457377569,3.88553383570466,2.69829522132944
"TER-NFSB-TE49",2024-06-05,1.01595068635316,1.42934438198736,1.38688865628339
"TER-NFSB-TE49",2024-06-06,1.00722031037067,1.14029458436425,0.904898104600814
"TER-NFSB-TE49",2024-06-07,1.35116026361458,1.87034446180299,1.34056012519967
"TER-NFSB-TE49",2024-06-08,1.79320375589193,2.57918086086329,2.16433123854574
"TER-NFSB-TE49",2024-06-09,1.59809102604834,2.3327186043234,1.81329630183841
"TER-NFSB-TE49",2024-06-10,1.68915981173044,2.48473601082253,1.87082869338697
"TER-NFSB-TE49",2024-06-11,2.32182071859034,2.97787736872901,2.63743603535322
"TER-NFSB-TE49",2024-06-12,4.5973763784595,5.05674323788672,NA
"TER-NFSB-TE49",2024-06-13,0.326931274079147,0.389513818102456,0.294114982937636
"TER-NFSB-TE49",2024-06-14,1.51307705484983,1.66757221776128,1.50346821272239
"TER-NFSB-TE49",2024-06-15,5.08937334202284,5.58465807342772,4.20225741611629
"TER-NFSB-TE49",2024-06-16,1.19156911529367,1.44651004294745,1.31256469819835
"TER-NFSB-TE49",2024-06-17,0.667232549687378,0.675663924692176,0.624093545570845
"TER-NFSB-TE49",2024-06-18,1.55558251356903,1.74338813059888,1.55281418207652
"TER-NFSB-TE49",2024-06-19,1.65160769282978,2.91920179679905,2.03056356851912
"TER-NFSB-TE49",2024-06-20,3.38046390779196,4.09129289299017,3.73875124467585
"TER-NFSB-TE49",2024-06-21,3.69758048584143,5.71404955516143,3.95330534975554
"TER-NFSB-TE49",2024-06-22,2.0090375516794,2.21612993392941,1.92981470162518
"TER-NFSB-TE49",2024-06-23,1.5273769786083,1.66104123097968,1.42044466399725
"TER-NFSB-TE49",2024-06-24,1.27101893394032,1.4212415474619,1.3254408618497
"TER-NFSB-TE49",2024-06-25,2.53525861242676,2.63855197442444,2.39025421605973
"TER-NFSB-TE49",2024-06-26,5.09617645816485,4.84613808592224,3.91895939678165
"TER-NFSB-TE49",2024-06-27,0.78683690739605,0.842700971600384,0.779027636204913
"TER-NFSB-TE49",2024-06-28,1.20667677552015,1.36466803310538,1.2150922908826
"TER-NFSB-TE49",2024-06-29,0.756314001962953,0.94384927254057,0.777572868107801
"TER-NFSB-TE49",2024-06-30,0.675328690771916,0.672640804719661,0.637022057270606
"TER-NFSB-TE49",2024-07-01,1.93180849412436,2.08340579584125,2.15814936824405
"TER-NFSB-TE49",2024-07-02,1.79774415809676,2.34018146205851,2.21807054813902
"TER-NFSB-TE49",2024-07-03,2.10061671413662,1.52455743162363,1.18871505343411
"TER-NFSB-TE49",2024-07-04,4.22461515269803,3.71340843079684,3.06688720063997
"TER-NFSB-TE49",2024-07-05,4.02438221021725,4.72039784309558,3.31491742525087
"TER-NFSB-TE49",2024-07-06,0.863668867705371,0.975933221165215,0.78683690739605
"TER-NFSB-TE49",2024-07-07,1.36134524260572,1.54579841946587,1.44212001751849
"TER-NFSB-TE49",2024-07-08,0.625181133172909,0.686304956089947,0.642684586917151
"TER-NFSB-TE49",2024-07-09,0.390094748802747,0.458415671128542,0.464305621487536
"TER-NFSB-TE49",2024-07-10,0.570643547208776,0.571040240720161,0.520851448960313
"TER-NFSB-TE49",2024-07-11,1.62060442293984,3.14821090209312,1.39810948960642
"TER-NFSB-TE49",2024-07-12,1.77492600376483,1.96976696186579,1.79168773159171
"TER-NFSB-TE49",2024-07-13,1.24945640354029,1.38312814961625,1.39875721236047
"TER-NFSB-TE49",2024-07-14,1.74338813059888,2.6243529223162,2.27303028283098
"TER-NFSB-TE49",2024-07-15,1.78446902751068,1.74961175817603,1.6528412077302
"TER-NFSB-TE49",2024-07-16,1.47380509202383,1.35868115934299,1.1210680078661
"TER-NFSB-TE49",2024-07-17,0.750603621828092,0.872018730685681,0.895843865795853
"TER-NFSB-TE49",2024-07-18,1.3254408618497,1.56371329704723,1.34713195075821
"TER-NFSB-TE49",2024-07-19,3.83626620632577,4.49315098757002,3.67028806672632
"TER-NFSB-TE49",2024-07-20,2.50940260804745,2.80914655150387,2.42636111510005
"TER-NFSB-TE49",2024-07-21,2.56429991576083,2.22102926916616,2.23566285602215
"TER-NFSB-TE49",2024-07-22,1.98534029500147,2.38418323753543,2.15930326256183
"TER-NFSB-TE49",2024-07-23,2.0152273579792,2.3632911220449,1.99591975093537
"TER-NFSB-TE49",2024-07-24,2.28891468490693,3.59951687579464,2.66000640186655
"TER-NFSB-TE49",2024-07-25,3.17706625678471,4.52644203942035,3.32970817366014
"TER-NFSB-TE49",2024-07-26,1.11783142801107,1.35868115934299,1.15077163777999
"TER-NFSB-TE49",2024-07-27,1.99353574901698,1.73205080756888,1.66104123097968
"TER-NFSB-TE49",2024-07-28,2.63202132056031,3.10300228623922,2.76813846830503
"TER-NFSB-TE49",2024-07-29,2.09543586140816,2.14002573464142,1.98864530395129
"TER-NFSB-TE49",2024-07-30,1.43187699860373,1.7856107630448,1.29642065771073
"TER-NFSB-TE49",2024-07-31,0.928611242975073,0.883627241233132,0.850191794218529
"TER-NFSB-TE49",2024-08-01,4.26303414775527,3.62653016180657,3.16048691442187
"TER-NFSB-TE49",2024-08-02,2.39224289882038,2.77206235682838,2.4594538099908
"TER-NFSB-TE49",2024-08-03,2.935215346518,3.72704325830481,3.03415043143541
"TER-NFSB-TE49",2024-08-04,3.75030192021304,4.16681159168251,3.501293756744
"TER-NFSB-TE49",2024-08-05,2.54631020344614,3.07956095120293,2.72634755937183
"TER-NFSB-TE49",2024-08-06,0.827242231843205,0.989070710093681,0.991814323436556
"TER-NFSB-TE49",2024-08-07,2.74653932447172,3.56817657326134,2.36788598922562
"TER-NFSB-TE49",2024-08-08,4.04033109563051,4.77306566025458,3.50982059081517
"TER-NFSB-TE49",2024-08-09,2.70232052722915,4.54606056566195,2.83026794962362
"TER-NFSB-TE49",2024-08-10,1.38296441736949,1.57884566161117,1.27404411454121
"TER-NFSB-TE49",2024-08-11,1.24218571973713,1.2853691738343,1.28519298725629
"TER-NFSB-TE49",2024-08-12,3.22685459537769,3.52835306656219,3.07160912368349
"TER-NFSB-TE49",2024-08-13,1.51023081065421,1.84731983687453,1.51741102931409
"TER-NFSB-TE49",2024-08-14,3.51542924173182,5.15304714974899,3.58943699917055
"TER-NFSB-TE49",2024-08-15,3.19277944426328,3.73560037275503,2.98061369033535
"TER-NFSB-TE49",2024-08-16,2.75016468545094,3.34592278383144,2.72933606621076
"TER-NFSB-TE49",2024-08-17,2.59100660311611,4.44893530660076,2.73331565918641
"TER-NFSB-TE49",2024-08-18,2.37132629677932,5.18917490858461,3.07838419879038
"TER-NFSB-TE49",2024-08-19,4.15063946531308,4.87376888951516,3.24372303540774
"TER-NFSB-TE49",2024-08-20,1.37376426684842,2.64985643581587,1.47626143554824
"TER-NFSB-TE49",2024-08-21,3.32208246195936,3.47741158109704,2.98357520677672
"TER-NFSB-TE49",2024-08-22,4.0519721446315,5.9999622583354,4.30684490590017
"TER-NFSB-TE49",2024-08-23,0.499546896146173,0.764947663266077,0.47348155466575
"TER-NFSB-TE49",2024-08-24,1.68055805086252,2.3993318816414,1.79862568307752
"TER-NFSB-TE49",2024-08-25,3.28858092385661,5.93591225910779,4.30237337601778
"TER-NFSB-TE49",2024-08-26,1.04170289792063,1.44447347611107,1.0475558163677
"TER-NFSB-TE49",2024-08-27,0.589767824619589,0.8198179366636,0.722315118514615
"TER-NFSB-TE49",2024-08-28,1.74403746137136,4.11232682116317,2.34366243797788
"TER-NFSB-TE49",2024-08-29,2.29484298979823,4.5468076872601,2.73455809428406
"TER-NFSB-TE49",2024-08-30,2.19425716194653,4.47451519517859,2.62202212042538
"TER-NFSB-TE49",2024-08-31,1.56023386392711,3.7153593268399,2.02688005407897
"TER-NFSB-TE49",2024-09-01,0.707106781186548,0.779899194526567,0.653862548158294
"TER-NFSB-TE49",2024-09-02,0.551677284367371,1.05616718867553,0.987007995210118
"TER-NFSB-TE49",2024-09-03,1.25036226634582,1.98898688798587,1.67664584941121
"TER-NFSB-TE49",2024-09-04,1.20009057629178,1.73192006208407,1.54579841946587
"TER-NFSB-TE49",2024-09-05,1.30980140103182,2.30773353270498,1.47057491468818
"TER-NFSB-TE49",2024-09-06,1.17009073102926,1.8157922373651,1.48360606514052
"TER-NFSB-TE49",2024-09-07,1.45073070044629,1.41405342948888,1.29379791446665
"TER-NFSB-TE49",2024-09-08,0.658005330140078,0.845919446605247,0.775531608229039
"TER-NFSB-TE49",2024-09-09,0.906648150919207,1.15783405984836,1.06810647843526
"TER-NFSB-TE49",2024-09-10,1.15783405984836,1.24818709114169,0.932504808240314
"TER-NFSB-TE49",2024-09-11,1.11316235778192,1.18795281221855,1.10581467116173
"TER-NFSB-TE49",2024-09-12,2.05087026419998,3.14785123398555,2.84876975735751
"TER-NFSB-TE49",2024-09-13,2.01758572901204,2.93150984988964,3.2122952198872
"TER-NFSB-TE49",2024-09-14,1.9560385876873,2.24899333358122,2.33708290861474
"TER-NFSB-TE49",2024-09-15,1.6352103973123,3.26369744530536,3.20770980201031
"TER-NFSB-TE49",2024-09-16,0.777572868107801,0.84698955385992,0.675328690771916
"TER-NFSB-TE49",2024-09-17,0.710939366337732,0.777572868107801,0.683328914796602
"TER-NFSB-TE49",2024-09-18,0.985400676249831,1.19706767331373,1.26387229908951
"TER-NFSB-TE49",2024-09-19,1.22455996237394,1.35116026361458,1.24218571973713
"TER-NFSB-TE49",2024-09-20,1.24163870214594,1.4407060970132,1.33446509937476
"TER-NFSB-TE49",2024-09-21,2.33901998553959,3.22629313474525,3.09269534431596
"TER-NFSB-TE49",2024-09-22,1.08159001313887,1.51741102931409,1.37112431385997
"TER-NFSB-TE49",2024-09-23,1.68096224168511,2.63124688026942,2.59310331121008
"TER-NFSB-TE49",2024-09-24,0.524749767832802,0.594357526717057,0.551266657377563
"TER-NFSB-TE49",2024-09-25,1.16388125047936,1.20967566619789,1.17028424640824
"TER-NFSB-TE49",2024-09-26,0.98540067624983,1.22178296893859,1.24818709114169
"TER-NFSB-TE49",2024-09-27,1.53447696796576,1.56211951889231,1.6151457061745
"TER-NFSB-TE49",2024-09-28,0.878229031565262,0.928611242975073,0.908893259146386
"TER-NFSB-TE49",2024-09-29,0.71443450831176,0.737209780774486,0.746974574194299
"TER-NFSB-TE49",2024-09-30,0.370443330172869,0.39699961669021,0.375301810914046
"TER-NFSB-TE49",2024-10-01,0.275016468545094,0.294883912309794,0.339836917410076
"TER-NFSB-TE49",2024-10-02,0.275016468545094,0.329002665070039,0.329002665070039
"TER-NFSB-TE49",2024-10-03,0.499546896146173,0.545070132437435,0.508977377704052
"TER-NFSB-TE49",2024-10-04,0.797414299606792,0.880546602310508,0.868114732282431
"TER-NFSB-TE49",2024-10-05,1.206113653404,1.23358790948792,1.25902538796334
"TER-NFSB-TE49",2024-10-06,1.11965315540385,1.38509142689916,1.35132784938435
"TER-NFSB-TE49",2024-10-07,2.14171812378266,2.42570772580179,2.42412019001785
"TER-NFSB-TE49",2024-10-08,1.54814053962642,1.59936581634495,NA
"TER-NFSB-TE49",2024-10-09,2.34201928852563,2.68373725468309,NA
"TER-NFSB-TE49",2024-10-10,1.06321906614239,1.15077163777999,NA
"TER-NFSB-TE49",2024-10-11,0.791428263111808,0.916831342257085,NA
"TER-NFSB-TE49",2024-10-12,1.94489297794305,2.28802411434541,NA
"TER-NFSB-TE49",2024-10-13,1.08826913497762,1.28800908044328,NA
"TER-NFSB-TE49",2024-10-14,0.765835245459757,0.758705514657047,NA
"TER-NFSB-TE49",2024-10-15,1.28466428254256,1.30147630777903,NA
"TER-NFSB-TE49",2024-10-16,0.691564074808125,0.888483074635102,NA
"TER-NFSB-TE49",2024-10-17,1.59482859921358,1.99410362703705,NA
"TER-NFSB-TE49",2024-10-18,1.35065738154383,1.77734841584433,NA
"TER-NFSB-TE49",2024-10-19,0.658005330140078,0.722001545624425,NA
"TER-NFSB-TE49",2024-10-20,1.13232318580052,NA,NA
"TER-NFSB-TE49",2024-10-21,1.09159337070015,NA,NA
"TER-NFSB-TE49",2024-10-22,1.59013603465101,NA,NA
"TER-NFSB-TE49",2024-10-23,1.80866974096546,NA,NA
"TER-NFSB-TE49",2024-10-24,0.949589919119171,NA,NA
"TER-NFSB-TE49",2024-10-25,NA,NA,NA
"TER-NFSB-TE49",2024-10-26,NA,NA,NA
"TER-NFSB-TE49",2024-10-27,NA,NA,NA
"TER-NFSB-TE49",2024-10-28,NA,NA,NA
"TER-NFSB-TE49",2024-10-29,NA,NA,NA
"TER-NFSB-TE49",2024-10-30,NA,NA,NA
"TER-NFSB-TE49",2024-10-31,NA,NA,NA
"TER-NFSB-TE49",2024-11-01,NA,NA,NA
"TER-NFSB-TE49",2024-11-02,NA,NA,NA
"TER-NFSB-TE49",2024-11-03,NA,NA,NA
"TER-NFSB-TE49",2024-11-04,NA,NA,NA
"TER-NFSB-TE49",2024-11-05,NA,NA,NA
"TER-NFSB-TE49",2024-11-06,NA,NA,NA
"TER-NFSB-TE49",2024-11-07,NA,NA,NA
"TER-NFSB-TE49",2024-11-08,NA,NA,NA
"TER-NFSB-TE49",2024-11-09,NA,NA,NA
"TER-NFSB-TE49",2024-11-10,NA,NA,NA
"TER-NFSB-TE49",2024-11-11,NA,NA,NA
"TER-NFSB-TE49",2024-11-12,NA,NA,NA
"TER-NFSB-TE49",2024-11-13,NA,NA,NA
"TER-NFSB-TE49",2024-11-14,NA,NA,NA
"TER-NFSB-TE49",2024-11-15,NA,NA,NA
"TER-NFSB-TE49",2024-11-16,NA,NA,NA
"TER-NFSB-TE49",2024-11-17,NA,NA,NA
"TER-NFSB-TE49",2024-11-18,NA,NA,NA
"TER-NFSB-TE49",2024-11-19,NA,NA,NA
"TER-NFSB-TE49",2024-11-20,NA,NA,NA
"TER-NFSB-TE49",2024-11-21,NA,NA,NA
"TER-NFSB-TE49",2024-11-22,NA,NA,NA
"TER-NFSB-TE49",2024-11-23,NA,NA,NA
"TER-NFSB-TE49",2024-11-24,NA,NA,NA
"TER-NFSB-TE49",2024-11-25,NA,NA,NA
"TER-NFSB-TE49",2024-11-26,NA,NA,NA
"TER-NFSB-TE49",2024-11-27,NA,NA,NA
"TER-NFSB-TE49",2024-11-28,NA,NA,NA
"TER-NFSB-TE49",2024-11-29,NA,NA,NA
"TER-NFSB-TE49",2024-11-30,NA,NA,NA
"TER-NFSB-TE49",2024-12-01,NA,NA,NA
"TER-NFSB-TE49",2024-12-02,NA,NA,NA
"TER-NFSB-TE49",2024-12-03,NA,NA,NA
"TER-NFSB-TE49",2024-12-04,NA,NA,NA
"TER-NFSB-TE49",2024-12-05,NA,NA,NA
"TER-NFSB-TE49",2024-12-06,NA,NA,NA
"TER-NFSB-TE49",2024-12-07,NA,NA,NA
"TER-NFSB-TE49",2024-12-08,NA,NA,NA
"TER-NFSB-TE49",2024-12-09,NA,NA,NA
"TER-NFSB-TE49",2024-12-10,NA,NA,NA
"TER-NFSB-TE49",2024-12-11,NA,NA,NA
"TER-NFSB-TE49",2024-12-12,NA,NA,NA
"TER-NFSB-TE49",2024-12-13,NA,NA,NA
"TER-NFSB-TE49",2024-12-14,NA,NA,NA
"TER-NFSB-TE49",2024-12-15,NA,NA,NA
"TER-NFSB-TE49",2024-12-16,NA,NA,NA
"TER-NFSB-TE49",2024-12-17,NA,NA,NA
"TER-NFSB-TE49",2024-12-18,NA,NA,NA
"TER-NFSB-TE49",2024-12-19,NA,NA,NA
"TER-NFSB-TE49",2024-12-20,NA,NA,NA
"TER-NFSB-TE49",2024-12-21,NA,NA,NA
"TER-NFSB-TE49",2024-12-22,NA,NA,NA
"TER-NFSB-TE49",2024-12-23,NA,NA,NA
"TER-NFSB-TE49",2024-12-24,NA,NA,NA
"TER-NFSB-TE49",2024-12-25,NA,NA,NA
"TER-NFSB-TE49",2024-12-26,NA,NA,NA
"TER-NFSB-TE49",2024-12-27,NA,NA,NA
"TER-NFSB-TE49",2024-12-28,NA,NA,NA
"TER-NFSB-TE49",2024-12-29,NA,NA,NA
"TER-NFSB-TE49",2024-12-30,NA,NA,NA
"TER-NFSB-TE49",2024-12-31,NA,NA,NA
"TER-NFSB-TE49",2025-01-01,NA,NA,NA
"TER-NFSB-TE49",2025-01-02,NA,NA,NA
"TER-NFSB-TE49",2025-01-03,NA,NA,NA
"TER-NFSB-TE49",2025-01-04,NA,NA,NA
"TER-NFSB-TE49",2025-01-05,NA,NA,NA
"TER-NFSB-TE49",2025-01-06,NA,NA,NA
"TER-NFSB-TE49",2025-01-07,NA,NA,NA
"TER-NFSB-TE49",2025-01-08,NA,NA,NA
"TER-NFSB-TE49",2025-01-09,NA,NA,NA
"TER-NFSB-TE49",2025-01-10,NA,NA,NA
"TER-NFSB-TE49",2025-01-11,NA,NA,NA
"TER-NFSB-TE49",2025-01-12,NA,NA,NA
"TER-NFSB-TE49",2025-01-13,NA,NA,NA
"TER-NFSB-TE49",2025-01-14,NA,NA,NA
"TER-NFSB-TE49",2025-01-15,NA,NA,NA
"TER-NFSB-TE49",2025-01-16,NA,NA,NA
"TER-NFSB-TE49",2025-01-17,NA,NA,NA
"TER-NFSB-TE49",2025-01-18,NA,NA,NA
"TER-NFSB-TE49",2025-01-19,NA,NA,NA
"TER-NFSB-TE49",2025-01-20,NA,NA,NA
"TER-NFSB-TE49",2025-01-21,NA,NA,NA
"TER-NFSB-TE49",2025-01-22,NA,NA,NA
"TER-NFSB-TE49",2025-01-23,NA,NA,NA
"TER-NFSB-TE49",2025-01-24,NA,NA,NA
"TER-NFSB-TE49",2025-01-25,NA,NA,NA
"TER-NFSB-TE49",2025-01-26,NA,NA,NA
"TER-NFSB-TE49",2025-01-27,NA,NA,NA
"TER-NFSB-TE49",2025-01-28,NA,NA,NA
"TER-NFSB-TE49",2025-01-29,NA,NA,NA
"TER-NFSB-TE49",2025-01-30,NA,NA,NA
"TER-NFSB-TE49",2025-01-31,NA,NA,NA
"TER-NFSB-TE49",2025-02-01,NA,NA,NA
"TER-NFSB-TE49",2025-02-02,NA,NA,NA
"TER-NFSB-TE49",2025-02-03,NA,NA,NA
"TER-NFSB-TE49",2025-02-04,NA,NA,NA
"TER-NFSB-TE49",2025-02-05,NA,NA,NA
"TER-NFSB-TE49",2025-02-06,NA,NA,NA
"TER-NFSB-TE49",2025-02-07,NA,NA,NA
"TER-NFSB-TE49",2025-02-08,NA,NA,NA
"TER-NFSB-TE49",2025-02-09,NA,NA,NA
"TER-NFSB-TE49",2025-02-10,NA,NA,NA
"TER-NFSB-TE49",2025-02-11,NA,NA,NA
"TER-NFSB-TE49",2025-02-12,NA,NA,NA
"TER-NFSB-TE49",2025-02-13,NA,NA,NA
"TER-NFSB-TE49",2025-02-14,NA,NA,NA
"TER-NFSB-TE49",2025-02-15,NA,NA,NA
"TER-NFSB-TE49",2025-02-16,NA,NA,NA
"TER-NFSB-TE49",2025-02-17,NA,NA,NA
"TER-NFSB-TE49",2025-02-18,NA,NA,NA
"TER-NFSB-TE49",2025-02-19,NA,NA,NA
"TER-NFSB-TE49",2025-02-20,NA,NA,NA
"TER-NFSB-TE49",2025-02-21,NA,NA,NA
"TER-NFSB-TE49",2025-02-22,NA,NA,NA
"TER-NFSB-TE49",2025-02-23,NA,NA,NA
"TER-NFSB-TE49",2025-02-24,NA,NA,NA
"TER-NFSB-TE49",2025-02-25,NA,NA,NA
"TER-NFSB-TE49",2025-02-26,NA,NA,NA
"TER-NFSB-TE49",2025-02-27,NA,NA,NA
"TER-NFSB-TE49",2025-02-28,NA,NA,NA
"TER-NFSB-TE49",2025-03-01,NA,NA,NA
"TER-NFSB-TE49",2025-03-02,NA,NA,NA
"TER-NFSB-TE49",2025-03-03,NA,NA,NA
"TER-NFSB-TE49",2025-03-04,NA,NA,NA
"TER-NFSB-TE49",2025-03-05,NA,NA,NA
"TER-NFSB-TE49",2025-03-06,NA,NA,NA
"TER-NFSB-TE49",2025-03-07,NA,NA,NA
"TER-NFSB-TE49",2025-03-08,NA,NA,NA
"TER-NFSB-TE49",2025-03-09,NA,NA,NA
"TER-NFSB-TE49",2025-03-10,NA,NA,NA
"TER-NFSB-TE49",2025-03-11,NA,NA,NA
"TER-NFSB-TE49",2025-03-12,NA,NA,NA
"TER-NFSB-TE49",2025-03-13,NA,NA,NA
"TER-NFSB-TE49",2025-03-14,NA,NA,NA
"TER-NFSB-TE49",2025-03-15,NA,NA,NA
"TER-NFSB-TE49",2025-03-16,NA,NA,NA
"TER-NFSB-TE49",2025-03-17,NA,NA,NA
"TER-NFSB-TE49",2025-03-18,NA,NA,NA
"TER-NFSB-TE49",2025-03-19,NA,NA,NA
"TER-NFSB-TE49",2025-03-20,NA,NA,NA
"TER-NFSB-TE49",2025-03-21,NA,NA,NA
"TER-NFSB-TE49",2025-03-22,NA,NA,NA
"TER-NFSB-TE49",2025-03-23,NA,NA,NA
"TER-NFSB-TE49",2025-03-24,NA,NA,NA
"TER-NFSB-TE49",2025-03-25,NA,NA,NA
"TER-NFSB-TE49",2025-03-26,NA,NA,NA
"TER-NFSB-TE49",2025-03-27,NA,NA,NA
"TER-NFSB-TE49",2025-03-28,NA,NA,NA
"TER-NFSB-TE49",2025-03-29,NA,NA,NA
"TER-NFSB-TE49",2025-03-30,NA,NA,NA
"TER-NFSB-TE49",2025-03-31,NA,NA,NA
"TER-NFSB-TE49",2025-04-01,NA,NA,NA
"TER-NFSB-TE49",2025-04-02,NA,NA,NA
"TER-NFSB-TE49",2025-04-03,NA,NA,NA
"TER-NFSB-TE49",2025-04-04,NA,NA,NA
"TER-NFSB-TE49",2025-04-05,NA,NA,NA
"TER-NFSB-TE49",2025-04-06,NA,NA,NA
"TER-NFSB-TE49",2025-04-07,NA,NA,NA
"TER-NFSB-TE49",2025-04-08,NA,NA,NA
"TER-NFSB-TE49",2025-04-09,NA,NA,NA
"TER-NFSB-TE49",2025-04-10,NA,NA,NA
"TER-NFSB-TE49",2025-04-11,NA,NA,NA
"TER-NFSB-TE49",2025-04-12,NA,NA,NA
"TER-NFSB-TE49",2025-04-13,NA,NA,NA
"TER-NFSB-TE49",2025-04-14,NA,NA,NA
"TER-NFSB-TE49",2025-04-15,NA,NA,NA
"TER-NFSB-TE49",2025-04-16,NA,NA,NA
"TER-NFSB-TE49",2025-04-17,NA,NA,NA
"TER-NFSB-TE49",2025-04-18,NA,NA,NA
"TER-NFSB-TE49",2025-04-19,NA,NA,NA
"TER-NFSB-TE49",2025-04-20,NA,NA,NA
"TER-NFSB-TE49",2025-04-21,NA,NA,NA
"TER-NFSB-TE49",2025-04-22,NA,NA,NA
"TER-NFSB-TE49",2025-04-23,NA,NA,NA
"TER-NFSB-TE49",2025-04-24,NA,NA,NA
"TER-NFSB-TE49",2025-04-25,NA,NA,NA
"TER-NFSB-TE49",2025-04-26,NA,NA,NA
"TER-NFSB-TE49",2025-04-27,NA,NA,NA
"TER-NFSB-TE49",2025-04-28,NA,NA,NA
"TER-NFSB-TE49",2025-04-29,NA,NA,NA
"TER-NFSB-TE49",2025-04-30,NA,NA,NA
"TER-NFSB-TE49",2025-05-01,NA,NA,NA
"TER-NFSB-TE49",2025-05-02,NA,NA,NA
"TER-NFSB-TE49",2025-05-03,NA,NA,NA
"TER-NFSB-TE49",2025-05-04,NA,NA,NA
"TER-NFSB-TE49",2025-05-05,NA,NA,NA
"TER-NFSB-TE49",2025-05-06,NA,NA,NA
"TER-NFSB-TE49",2025-05-07,NA,NA,NA
"TER-NFSB-TE49",2025-05-08,NA,NA,NA
"TER-NFSB-TE49",2025-05-09,NA,NA,NA
"TER-NFSB-TE49",2025-05-10,NA,NA,NA
"TER-NFSB-TE49",2025-05-11,NA,NA,NA
"TER-NFSB-TE49",2025-05-12,NA,NA,NA
"TER-NFSB-TE49",2025-05-13,NA,NA,NA
"TER-NFSB-TE49",2025-05-14,NA,NA,NA
"TER-NFSB-TE49",2025-05-15,NA,NA,NA
"TER-NFSB-TE49",2025-05-16,NA,NA,NA
"TER-NFSB-TE49",2025-05-17,NA,NA,NA
"TER-NFSB-TE49",2025-05-18,NA,NA,NA
"TER-NFSB-TE49",2025-05-19,NA,NA,NA
"TER-NFSB-TE49",2025-05-20,NA,NA,NA
"TER-NFSB-TE49",2025-05-21,NA,NA,NA
"TER-NFSB-TE49",2025-05-22,NA,NA,NA
"TER-NFSB-TE49",2025-05-23,NA,NA,NA
"TER-NFSB-TE49",2025-05-24,NA,NA,NA
"TER-NFSB-TE49",2025-05-25,NA,NA,NA
"TER-NFSB-TE49",2025-05-26,NA,NA,NA
"TER-NFSB-TE49",2025-05-27,NA,NA,NA
"TER-NFSB-TE49",2025-05-28,NA,NA,NA
"TER-NFSB-TE49",2025-05-29,NA,NA,NA
"TER-NFSB-TE49",2025-05-30,NA,NA,NA
"TER-NFSB-TE49",2025-05-31,NA,NA,NA
"TER-NFSB-TE49",2025-06-01,NA,NA,NA
"TER-NFSB-TE49",2025-06-02,NA,NA,NA
"TER-NFSB-TE49",2025-06-03,NA,NA,NA
"TER-NFSB-TE49",2025-06-04,NA,NA,NA
"TER-NFSB-TE49",2025-06-05,NA,NA,NA
"TER-NFSB-TE49",2025-06-06,NA,NA,NA
"TER-NFSB-TE49",2025-06-07,NA,NA,NA
"TER-NFSB-TE49",2025-06-08,NA,NA,NA
"TER-NFSB-TE49",2025-06-09,NA,NA,NA
"TER-NFSB-TE49",2025-06-10,NA,NA,NA
"TER-NFSB-TE49",2025-06-11,NA,NA,NA
"TER-NFSB-TE49",2025-06-12,NA,NA,NA
"TER-NFTB-T-15",2023-08-09,NA,NA,NA
"TER-NFTB-T-15",2023-08-10,NA,NA,NA
"TER-NFTB-T-15",2023-08-11,NA,NA,NA
"TER-NFTB-T-15",2023-08-12,NA,NA,NA
"TER-NFTB-T-15",2023-08-13,NA,NA,NA
"TER-NFTB-T-15",2023-08-14,NA,NA,NA
"TER-NFTB-T-15",2023-08-15,NA,NA,NA
"TER-NFTB-T-15",2023-08-16,NA,NA,NA
"TER-NFTB-T-15",2023-08-17,NA,NA,NA
"TER-NFTB-T-15",2023-08-18,NA,NA,NA
"TER-NFTB-T-15",2023-08-19,NA,NA,NA
"TER-NFTB-T-15",2023-08-20,NA,NA,NA
"TER-NFTB-T-15",2023-08-21,NA,NA,NA
"TER-NFTB-T-15",2023-08-22,NA,NA,NA
"TER-NFTB-T-15",2023-08-23,NA,NA,NA
"TER-NFTB-T-15",2023-08-24,NA,NA,NA
"TER-NFTB-T-15",2023-08-25,NA,NA,NA
"TER-NFTB-T-15",2023-08-26,NA,NA,NA
"TER-NFTB-T-15",2023-08-27,NA,NA,NA
"TER-NFTB-T-15",2023-08-28,NA,NA,NA
"TER-NFTB-T-15",2023-08-29,NA,NA,NA
"TER-NFTB-T-15",2023-08-30,NA,NA,NA
"TER-NFTB-T-15",2023-08-31,NA,NA,NA
"TER-NFTB-T-15",2023-09-01,NA,NA,NA
"TER-NFTB-T-15",2023-09-02,NA,NA,NA
"TER-NFTB-T-15",2023-09-03,NA,NA,NA
"TER-NFTB-T-15",2023-09-04,NA,NA,NA
"TER-NFTB-T-15",2023-09-05,NA,NA,NA
"TER-NFTB-T-15",2023-09-06,NA,NA,NA
"TER-NFTB-T-15",2023-09-07,NA,NA,NA
"TER-NFTB-T-15",2023-09-08,NA,NA,NA
"TER-NFTB-T-15",2023-09-09,NA,NA,NA
"TER-NFTB-T-15",2023-09-10,NA,NA,NA
"TER-NFTB-T-15",2023-09-11,NA,NA,NA
"TER-NFTB-T-15",2023-09-12,NA,NA,NA
"TER-NFTB-T-15",2023-09-13,NA,NA,NA
"TER-NFTB-T-15",2023-09-14,NA,NA,NA
"TER-NFTB-T-15",2023-09-15,NA,NA,NA
"TER-NFTB-T-15",2023-09-16,NA,NA,NA
"TER-NFTB-T-15",2023-09-17,NA,NA,NA
"TER-NFTB-T-15",2023-09-18,NA,NA,NA
"TER-NFTB-T-15",2023-09-19,NA,NA,NA
"TER-NFTB-T-15",2023-09-20,NA,NA,NA
"TER-NFTB-T-15",2023-09-21,NA,NA,NA
"TER-NFTB-T-15",2023-09-22,NA,NA,NA
"TER-NFTB-T-15",2023-09-23,NA,NA,NA
"TER-NFTB-T-15",2023-09-24,NA,NA,NA
"TER-NFTB-T-15",2023-09-25,NA,NA,NA
"TER-NFTB-T-15",2023-09-26,NA,NA,NA
"TER-NFTB-T-15",2023-09-27,NA,NA,NA
"TER-NFTB-T-15",2023-09-28,NA,NA,NA
"TER-NFTB-T-15",2023-09-29,NA,NA,NA
"TER-NFTB-T-15",2023-09-30,NA,NA,NA
"TER-NFTB-T-15",2023-10-01,NA,NA,NA
"TER-NFTB-T-15",2023-10-02,NA,NA,NA
"TER-NFTB-T-15",2023-10-03,NA,NA,NA
"TER-NFTB-T-15",2023-10-04,NA,NA,NA
"TER-NFTB-T-15",2023-10-05,NA,NA,NA
"TER-NFTB-T-15",2023-10-06,NA,NA,NA
"TER-NFTB-T-15",2023-10-07,NA,NA,NA
"TER-NFTB-T-15",2023-10-08,NA,NA,NA
"TER-NFTB-T-15",2023-10-09,NA,NA,NA
"TER-NFTB-T-15",2023-10-10,NA,NA,NA
"TER-NFTB-T-15",2023-10-11,NA,NA,NA
"TER-NFTB-T-15",2023-10-12,NA,NA,NA
"TER-NFTB-T-15",2023-10-13,NA,NA,NA
"TER-NFTB-T-15",2023-10-14,NA,NA,NA
"TER-NFTB-T-15",2023-10-15,NA,NA,NA
"TER-NFTB-T-15",2023-10-16,NA,NA,NA
"TER-NFTB-T-15",2023-10-17,NA,NA,NA
"TER-NFTB-T-15",2023-10-18,NA,NA,NA
"TER-NFTB-T-15",2023-10-19,NA,NA,NA
"TER-NFTB-T-15",2023-10-20,NA,NA,NA
"TER-NFTB-T-15",2023-10-21,NA,NA,NA
"TER-NFTB-T-15",2023-10-22,NA,NA,NA
"TER-NFTB-T-15",2023-10-23,NA,NA,NA
"TER-NFTB-T-15",2023-10-24,NA,NA,NA
"TER-NFTB-T-15",2023-10-25,NA,NA,NA
"TER-NFTB-T-15",2023-10-26,NA,NA,NA
"TER-NFTB-T-15",2023-10-27,NA,NA,NA
"TER-NFTB-T-15",2023-10-28,NA,NA,NA
"TER-NFTB-T-15",2023-10-29,NA,NA,NA
"TER-NFTB-T-15",2023-10-30,NA,NA,NA
"TER-NFTB-T-15",2023-10-31,NA,NA,NA
"TER-NFTB-T-15",2023-11-01,NA,NA,NA
"TER-NFTB-T-15",2023-11-02,NA,NA,NA
"TER-NFTB-T-15",2023-11-03,NA,NA,NA
"TER-NFTB-T-15",2023-11-04,NA,NA,NA
"TER-NFTB-T-15",2023-11-05,NA,NA,NA
"TER-NFTB-T-15",2023-11-06,NA,NA,NA
"TER-NFTB-T-15",2023-11-07,NA,NA,NA
"TER-NFTB-T-15",2023-11-08,NA,NA,NA
"TER-NFTB-T-15",2023-11-09,NA,NA,NA
"TER-NFTB-T-15",2023-11-10,NA,NA,NA
"TER-NFTB-T-15",2023-11-11,NA,NA,NA
"TER-NFTB-T-15",2023-11-12,NA,NA,NA
"TER-NFTB-T-15",2023-11-13,NA,NA,NA
"TER-NFTB-T-15",2023-11-14,NA,NA,NA
"TER-NFTB-T-15",2023-11-15,NA,NA,NA
"TER-NFTB-T-15",2023-11-16,NA,NA,NA
"TER-NFTB-T-15",2023-11-17,NA,NA,NA
"TER-NFTB-T-15",2023-11-18,0.892805381522402,1.06810647843526,1.13711273069949
"TER-NFTB-T-15",2023-11-19,0.503610155185335,0.604556970379784,0.58008932345666
"TER-NFTB-T-15",2023-11-20,0.872018730685681,1,1.00519484015124
"TER-NFTB-T-15",2023-11-21,0.425095897109265,0.487153816139944,0.453948059341275
"TER-NFTB-T-15",2023-11-22,0.569451808600904,0.780189497605494,0.793713981266533
"TER-NFTB-T-15",2023-11-23,0.569451808600904,0.701964118163034,0.717281502356772
"TER-NFTB-T-15",2023-11-24,0.350982059081517,0.85311662216516,0.954584665735822
"TER-NFTB-T-15",2023-11-25,0.604556970379784,0.58008932345666,0.529902917003932
"TER-NFTB-T-15",2023-11-26,0.442325868464691,0.487153816139944,0.472044581534967
"TER-NFTB-T-15",2023-11-27,0.586301969977929,0.642332141271278,0.642684586917151
"TER-NFTB-T-15",2023-11-28,0.489009646921826,0.667232549687378,0.606426931450447
"TER-NFTB-T-15",2023-11-29,1.06810647843526,1.19156911529367,1.2509054691517
"TER-NFTB-T-15",2023-11-30,0.639505583481761,0.806450444131925,0.919790461329983
"TER-NFTB-T-15",2023-12-01,2.10718233461282,2.27899990779073,2.47588002214525
"TER-NFTB-T-15",2023-12-02,1.61836717676817,1.71259189957583,1.72877920401417
"TER-NFTB-T-15",2023-12-03,0.943849272540569,1.15607249910566,1.20667677552015
"TER-NFTB-T-15",2023-12-04,1.22455996237394,1.58785585992056,1.86099844636993
"TER-NFTB-T-15",2023-12-05,1.3790290114761,1.39859530979469,1.41277171299665
"TER-NFTB-T-15",2023-12-06,1.26387229908951,1.62799334115364,1.63396357258102
"TER-NFTB-T-15",2023-12-07,1.05294617724455,1.22899010031272,1.30980140103182
"TER-NFTB-T-15",2023-12-08,0.550032937090187,0.647948266856035,0.624093545570845
"TER-NFTB-T-15",2023-12-09,0.896854406292881,0.923721207705668,0.981486228834264
"TER-NFTB-T-15",2023-12-10,0.965904247062178,1.03712779249763,1.08263634211833
"TER-NFTB-T-15",2023-12-11,0.758705514657047,0.706786460997433,0.83378610888064
"TER-NFTB-T-15",2023-12-12,0.472044581534967,0.607918758874329,0.813996670576818
"TER-NFTB-T-15",2023-12-13,NA,1.76725448246626,1.86500961648063
"TER-NFTB-T-15",2023-12-14,NA,2.01038968030247,1.97252413148112
"TER-NFTB-T-15",2023-12-15,NA,1.17472630176479,1.13252315457662
"TER-NFTB-T-15",2023-12-16,NA,0.254488688852026,0.19034674690672
"TER-NFTB-T-15",2023-12-17,NA,0.24726767752342,0.168915981173044
"TER-NFTB-T-15",2023-12-18,NA,1.98534029500147,2.04655950245808
"TER-NFTB-T-15",2023-12-19,NA,0.977787727771069,1.04061541156309
"TER-NFTB-T-15",2023-12-20,NA,0.763466066556077,0.79285760916182
"TER-NFTB-T-15",2023-12-21,NA,0.784531153259565,0.793713981266534
"TER-NFTB-T-15",2023-12-22,NA,1.89774847526281,1.95499638607472
"TER-NFTB-T-15",2023-12-23,NA,1.51741102931409,1.73152776639507
"TER-NFTB-T-15",2023-12-24,NA,1.03712779249763,1.10990272455338
"TER-NFTB-T-15",2023-12-25,NA,0.674321989058296,0.675663924692176
"TER-NFTB-T-15",2023-12-26,NA,2.48145294044682,2.52917756008446
"TER-NFTB-T-15",2023-12-27,NA,1.03472323541759,1.4939491483886
"TER-NFTB-T-15",2023-12-28,NA,2.10417115080595,2.1964233112765
"TER-NFTB-T-15",2023-12-29,NA,1.65448446368641,1.73818475194211
"TER-NFTB-T-15",2023-12-30,NA,3.11000023300246,3.52090032952295
"TER-NFTB-T-15",2023-12-31,NA,3.72102331257863,3.7541643544203
"TER-NFTB-T-15",2024-01-01,NA,0.892805381522402,0.928611242975073
"TER-NFTB-T-15",2024-01-02,NA,1.11234834497998,1.22696160600432
"TER-NFTB-T-15",2024-01-03,NA,1.52277397525376,1.83847270419171
"TER-NFTB-T-15",2024-01-04,NA,0.928611242975073,0.923721207705668
"TER-NFTB-T-15",2024-01-05,NA,0.749093655258023,0.805045232323598
"TER-NFTB-T-15",2024-01-06,NA,1.11132999051861,1.10990272455338
"TER-NFTB-T-15",2024-01-07,NA,1.09345881217037,1.09263012026493
"TER-NFTB-T-15",2024-01-08,NA,0.953397813771538,1.03909101859632
"TER-NFTB-T-15",2024-01-09,NA,0.503610155185335,0.601929265428846
"TER-NFTB-T-15",2024-01-10,NA,1.10314931255796,1.14188218636435
"TER-NFTB-T-15",2024-01-11,NA,0.339836917410076,0.329690236697893
"TER-NFTB-T-15",2024-01-12,NA,0.360530004379623,0.345126525843175
"TER-NFTB-T-15",2024-01-13,NA,0.442325868464691,0.531183393096442
"TER-NFTB-T-15",2024-01-14,NA,1.16076405371884,1.15607249910566
"TER-NFTB-T-15",2024-01-15,NA,0.825049405635281,0.872278375988647
"TER-NFTB-T-15",2024-01-16,NA,0.890519714727777,0.923721207705668
"TER-NFTB-T-15",2024-01-17,NA,0.384834803632619,0.360530004379623
"TER-NFTB-T-15",2024-01-18,NA,0.384834803632619,0.38069349381344
"TER-NFTB-T-15",2024-01-19,NA,1.85331665095192,1.95186644233043
"TER-NFTB-T-15",2024-01-20,NA,1.35333725993576,1.64129235046964
"TER-NFTB-T-15",2024-01-21,NA,0.744241175652243,0.734440041060564
"TER-NFTB-T-15",2024-01-22,NA,0.375301810914046,0.47348155466575
"TER-NFTB-T-15",2024-01-23,NA,NA,NA
"TER-NFTB-T-15",2024-01-24,0.254488688852026,0.294114982937636,0.294114982937636
"TER-NFTB-T-15",2024-01-25,0.783664746420693,0.855502225579229,0.863668867705371
"TER-NFTB-T-15",2024-01-26,0.619724108789139,0.729490093902206,0.769669607265238
"TER-NFTB-T-15",2024-01-27,1.63465637039574,1.82176853077172,1.89201219470899
"TER-NFTB-T-15",2024-01-28,1.12207752451178,1.34578650028443,1.5551457362156
"TER-NFTB-T-15",2024-01-29,1.8157922373651,1.98910073629528,1.95221446166855
"TER-NFTB-T-15",2024-01-30,0.529902917003931,0.637022057270606,0.653862548158294
"TER-NFTB-T-15",2024-01-31,2.1917789413023,2.63202132056031,2.71394346485604
"TER-NFTB-T-15",2024-02-01,0.594357526717057,0.904898104600814,0.955296069137807
"TER-NFTB-T-15",2024-02-02,0.221162934232346,0.601929265428846,0.637022057270606
"TER-NFTB-T-15",2024-02-03,0.416485467846762,0.71443450831176,0.829702233998107
"TER-NFTB-T-15",2024-02-04,0.832970935693524,1.03121568893295,1.09263012026493
"TER-NFTB-T-15",2024-02-05,0.868114732282431,0.955533085905909,1.09821165563825
"TER-NFTB-T-15",2024-02-06,0.541318171059166,0.550032937090187,0.62227667549858
"TER-NFTB-T-15",2024-02-07,0.931532942621143,0.951733734533601,1.0248276631368
"TER-NFTB-T-15",2024-02-08,0.902643059439125,0.999093792292346,1.09656082921738
"TER-NFTB-T-15",2024-02-09,0.520851448960313,0.707106781186548,0.765835245459757
"TER-NFTB-T-15",2024-02-10,1.47426596817791,2.01612611032981,2.07294511487289
"TER-NFTB-T-15",2024-02-11,0.531183393096442,0.589383736122568,0.642332141271278
"TER-NFTB-T-15",2024-02-12,0.291796037560882,0.329002665070039,0.350982059081517
"TER-NFTB-T-15",2024-02-13,0.583592075121765,0.751508145500515,0.751508145500515
"TER-NFTB-T-15",2024-02-14,0.524749767832802,0.832970935693524,0.90864407661692
"TER-NFTB-T-15",2024-02-15,1.65009881127056,1.79774415809676,1.77339435440397
"TER-NFTB-T-15",2024-02-16,0.607546145441299,0.717281502356772,0.726067430094119
"TER-NFTB-T-15",2024-02-17,0.869938778455628,1.15077163777999,1.21807046272944
"TER-NFTB-T-15",2024-02-18,2.46276620719555,3.09269534431596,3.04644007022119
"TER-NFTB-T-15",2024-02-19,0.477292332867911,0.656282349099174,0.824225591744734
"TER-NFTB-T-15",2024-02-20,0.440273301155254,0.625543242171224,0.683328914796602
"TER-NFTB-T-15",2024-02-21,0.679673834820151,1.07339364309813,1.13232318580052
"TER-NFTB-T-15",2024-02-22,1.23358790948792,1.2767074387102,1.25956485469721
"TER-NFTB-T-15",2024-02-23,NA,NA,NA
"TER-NFTB-T-15",2024-02-24,1.38312814961625,1.74338813059888,1.77224474869454
"TER-NFTB-T-15",2024-02-25,0.453948059341276,0.508977377704051,0.464305621487536
"TER-NFTB-T-15",2024-02-26,0.858672720295521,1.10150588622635,1.10990272455338
"TER-NFTB-T-15",2024-02-27,0.884395724266829,1.79054987101161,1.60332534874025
"TER-NFTB-T-15",2024-02-28,0.999773525079193,1.46888008212113,1.56037899521099
"TER-NFTB-T-15",2024-02-29,0.884651736929383,1.15136182756378,1.25956485469721
"TER-NFTB-T-15",2024-03-01,1.01081112500545,1.49637242516113,1.69277557001357
"TER-NFTB-T-15",2024-03-02,1.50587617136279,1.86063336574918,2.01084018779951
"TER-NFTB-T-15",2024-03-03,1.41277171299665,1.55805527240983,1.58113883008419
"TER-NFTB-T-15",2024-03-04,0.940243570046875,1.19782411425704,1.28941482064933
"TER-NFTB-T-15",2024-03-05,1.10314931255796,1.39080182274288,1.45898018780441
"TER-NFTB-T-15",2024-03-06,0.458415671128542,0.441813620616566,0.495907161718278
"TER-NFTB-T-15",2024-03-07,1.89774847526281,1.99410362703705,1.9670059275052
"TER-NFTB-T-15",2024-03-08,1.14188218636435,1.28466428254256,1.26834366485346
"TER-NFTB-T-15",2024-03-09,1.21862805967452,1.24455335099716,1.32133414132969
"TER-NFTB-T-15",2024-03-10,1.42950280198031,1.72103356206064,1.83958092265997
"TER-NFTB-T-15",2024-03-11,0.517361617708795,0.576957914221314,0.576957914221314
"TER-NFTB-T-15",2024-03-12,0.805045232323598,1.09821165563825,1.18241186821131
"TER-NFTB-T-15",2024-03-13,NA,NA,NA
"TER-NFTB-T-15",2024-03-14,0.547970564109455,0.639505583481761,0.699054744803212
"TER-NFTB-T-15",2024-03-15,1.15783405984836,1.30772509631659,1.33446509937476
"TER-NFTB-T-15",2024-03-16,1.23358790948792,1.55805527240983,1.6681153124566
"TER-NFTB-T-15",2024-03-17,1.27528769132779,1.52856260034989,1.6528412077302
"TER-NFTB-T-15",2024-03-18,0.672640804719661,0.78683690739605,0.779027636204913
"TER-NFTB-T-15",2024-03-19,2.12601212043391,2.48683125888045,2.62642300973909
"TER-NFTB-T-15",2024-03-20,3.15647195732693,4.10146447864238,4.29225583404898
"TER-NFTB-T-15",2024-03-21,1.13711273069949,1.48406389760479,1.58785585992056
"TER-NFTB-T-15",2024-03-22,0.508977377704051,0.691564074808125,0.779899194526567
"TER-NFTB-T-15",2024-03-23,0.8030738049718,0.884395724266829,0.871239330502528
"TER-NFTB-T-15",2024-03-24,1.15077163777999,1.510830465556,1.60332534874025
"TER-NFTB-T-15",2024-03-25,0.441813620616566,0.625181133172909,0.717281502356772
"TER-NFTB-T-15",2024-03-26,0.751809411556112,0.758705514657047,0.784531153259565
"TER-NFTB-T-15",2024-03-27,1.9670059275052,2.18028052974974,2.2409237225829
"TER-NFTB-T-15",2024-03-28,1.45197890949669,1.67461871065833,1.66322107605276
"TER-NFTB-T-15",2024-03-29,1.57064903966389,1.59482859921358,1.59482859921358
"TER-NFTB-T-15",2024-03-30,1.51023081065421,1.56602862431499,1.68634219540401
"TER-NFTB-T-15",2024-03-31,1.68271261335097,1.9363747316698,2.17528941935803
"TER-NFTB-T-15",2024-04-01,1.16017864691332,1.30980140103182,1.44212001751849
"TER-NFTB-T-15",2024-04-02,0.892805381522402,0.862881925521276,0.906648150919207
"TER-NFTB-T-15",2024-04-03,1.25524262912435,1.43456300471354,1.42171946314456
"TER-NFTB-T-15",2024-04-04,1.20385853085769,1.32953489742777,1.36715482621413
"TER-NFTB-T-15",2024-04-05,NA,NA,NA
"TER-NFTB-T-15",2024-04-06,1.40247581290983,1.75645806313052,1.89917983823834
"TER-NFTB-T-15",2024-04-07,0.61642670615246,0.736902546011914,0.846722153836252
"TER-NFTB-T-15",2024-04-08,0.941927948873779,1.74247866100506,1.91485421551268
"TER-NFTB-T-15",2024-04-09,0.527761886361314,0.390094748802747,0.408248290463863
"TER-NFTB-T-15",2024-04-10,0.19034674690672,0.221162934232346,0.232152810743768
"TER-NFTB-T-15",2024-04-11,0.589767824619589,0.589383736122568,0.541318171059166
"TER-NFTB-T-15",2024-04-12,1.7681512083677,2.39025421605973,2.46386935000885
"TER-NFTB-T-15",2024-04-13,0.291796037560882,0.403225222065963,0.425095897109265
"TER-NFTB-T-15",2024-04-14,0.294114982937636,0.326931274079147,0.345126525843175
"TER-NFTB-T-15",2024-04-15,0.465766471310572,0.61642670615246,0.699054744803212
"TER-NFTB-T-15",2024-04-16,0.434057366141216,0.251805077592668,0.204124145231931
"TER-NFTB-T-15",2024-04-17,NA,0.503610155185335,0.477292332867911
"TER-NFTB-T-15",2024-04-18,NA,0.570643547208776,0.619724108789139
"TER-NFTB-T-15",2024-04-19,NA,0.777572868107801,0.846722153836252
"TER-NFTB-T-15",2024-04-20,NA,3.57622736608189,3.68899656440256
"TER-NFTB-T-15",2024-04-21,NA,0.999093792292346,1.0475558163677
"TER-NFTB-T-15",2024-04-22,NA,0.965904247062178,0.94384927254057
"TER-NFTB-T-15",2024-04-23,NA,0.358640751178386,0.370443330172869
"TER-NFTB-T-15",2024-04-24,NA,0.624093545570845,0.772899209732936
"TER-NFTB-T-15",2024-04-25,NA,1.54638428206772,1.74870552537949
"TER-NFTB-T-15",2024-04-26,NA,1.30199818562175,1.38296441736949
"TER-NFTB-T-15",2024-04-27,NA,1.71298853181944,1.98534029500147
"TER-NFTB-T-15",2024-04-28,NA,2.21490340679888,2.49773448073087
"TER-NFTB-T-15",2024-04-29,NA,3.93884408851419,4.28576173196649
"TER-NFTB-T-15",2024-04-30,NA,3.87274946333959,4.08952133905775
"TER-NFTB-T-15",2024-05-01,NA,0.846722153836252,0.820646175234818
"TER-NFTB-T-15",2024-05-02,NA,0.625181133172909,0.679673834820151
"TER-NFTB-T-15",2024-05-03,NA,0.963086824686153,0.985400676249831
"TER-NFTB-T-15",2024-05-04,NA,1.26762930621338,1.52515145363395
"TER-NFTB-T-15",2024-05-05,NA,2.62228120072051,3.19412674328586
"TER-NFTB-T-15",2024-05-06,NA,0.51604684654214,0.551266657377563
"TER-NFTB-T-15",2024-05-07,NA,0.761386987626881,0.79285760916182
"TER-NFTB-T-15",2024-05-08,NA,0.824225591744734,0.888483074635102
"TER-NFTB-T-15",2024-05-09,NA,1.40118350596605,1.98727838068018
"TER-NFTB-T-15",2024-05-10,NA,2.61397789485348,2.94691868061284
"TER-NFTB-T-15",2024-05-11,NA,2.850120770388,3.28010029892601
"TER-NFTB-T-15",2024-05-12,NA,2.85067688376852,3.17485592506613
"TER-NFTB-T-15",2024-05-13,NA,NA,NA
"TER-NFTB-T-15",2024-05-14,1.29781728688785,1.50843041564421,1.78713194244581
"TER-NFTB-T-15",2024-05-15,0.966607319517563,1.57640551503288,1.7558133257219
"TER-NFTB-T-15",2024-05-16,0.944089163069933,1.03712779249763,1.14445734245347
"TER-NFTB-T-15",2024-05-17,0.722001545624424,0.884651736929383,1.12207752451178
"TER-NFTB-T-15",2024-05-18,0.221162934232346,1.75645806313052,1.9752774525349
"TER-NFTB-T-15",2024-05-19,0.358640751178386,2.67401614034781,3.02495658131494
"TER-NFTB-T-15",2024-05-20,1.83748705999584,1.34174205387266,1.58328565908394
"TER-NFTB-T-15",2024-05-21,0.168915981173044,1.29099444873581,1.58571521832364
"TER-NFTB-T-15",2024-05-22,0.265804766535597,1.1210680078661,1.26673579140142
"TER-NFTB-T-15",2024-05-23,0.524749767832802,0.398707149803396,0.323449478616663
"TER-NFTB-T-15",2024-05-24,0.358640751178386,1.4866556183381,1.5094809070325
"TER-NFTB-T-15",2024-05-25,NA,1.76917548142008,2.07294511487289
"TER-NFTB-T-15",2024-05-26,NA,3.75108679903745,4.04811416104704
"TER-NFTB-T-15",2024-05-27,NA,1.60713423048064,1.83551418377537
"TER-NFTB-T-15",2024-05-28,NA,1.37524701338563,1.53698368260034
"TER-NFTB-T-15",2024-05-29,NA,0.287889622568457,0.360530004379623
"TER-NFTB-T-15",2024-05-30,NA,0.659380473395787,0.820646175234818
"TER-NFTB-T-15",2024-05-31,NA,0.710939366337732,0.845919446605247
"TER-NFTB-T-15",2024-06-01,NA,1.0494995356656,1.20216441278318
"TER-NFTB-T-15",2024-06-02,NA,0.61642670615246,0.706786460997433
"TER-NFTB-T-15",2024-06-03,NA,1.18566314838966,1.29099444873581
"TER-NFTB-T-15",2024-06-04,NA,2.08470969028151,2.28851891855403
"TER-NFTB-T-15",2024-06-05,NA,1.41932827549626,1.5202438305574
"TER-NFTB-T-15",2024-06-06,NA,1.13072216246771,1.35383914656897
"TER-NFTB-T-15",2024-06-07,NA,1.29362287585198,1.44212001751849
"TER-NFTB-T-15",2024-06-08,NA,1.42553702060011,1.67245372111618
"TER-NFTB-T-15",2024-06-09,NA,0.83378610888064,0.974307632279888
"TER-NFTB-T-15",2024-06-10,NA,1.00879286450602,1.17934365189938
"TER-NFTB-T-15",2024-06-11,NA,3.1878818327708,3.48125154489597
"TER-NFTB-T-15",2024-06-12,1.22455996237394,4.59442005613047,5.09101937345259
"TER-NFTB-T-15",2024-06-13,1.06236678619288,0.567460015829501,0.701964118163034
"TER-NFTB-T-15",2024-06-14,0.999093792292346,1.4314024743161,1.60332534874025
"TER-NFTB-T-15",2024-06-15,0.732278556328103,2.37132629677932,2.84630449449147
"TER-NFTB-T-15",2024-06-16,0.240771706171538,1.85612480058921,2.09381421597392
"TER-NFTB-T-15",2024-06-17,0.265804766535597,0.769669607265238,0.924456361986541
"TER-NFTB-T-15",2024-06-18,1.8528278426483,1.41357292199487,1.68096224168511
"TER-NFTB-T-15",2024-06-19,0.265804766535597,1.93321463903513,2.20670913746948
"TER-NFTB-T-15",2024-06-20,0.318511028635303,3.12242647654821,3.58836434823057
"TER-NFTB-T-15",2024-06-21,0.517361617708795,4.12568615285798,4.66830005058788
"TER-NFTB-T-15",2024-06-22,0.329002665070039,2.32308827435265,2.52586260197541
"TER-NFTB-T-15",2024-06-23,NA,1.06236678619288,1.18852453896003
"TER-NFTB-T-15",2024-06-24,NA,1.06810647843526,1.16718415024353
"TER-NFTB-T-15",2024-06-25,NA,1.3666578295932,1.66797955536075
"TER-NFTB-T-15",2024-06-26,NA,4.45707181122705,4.8688878443213
"TER-NFTB-T-15",2024-06-27,NA,1.31807391317016,1.47380509202383
"TER-NFTB-T-15",2024-06-28,NA,1.60783858876948,1.86500961648063
"TER-NFTB-T-15",2024-06-29,NA,0.766130877682874,0.908644076616919
"TER-NFTB-T-15",2024-06-30,NA,0.707106781186548,0.761386987626881
"TER-NFTB-T-15",2024-07-01,NA,1.51979689718582,1.97252413148112
"TER-NFTB-T-15",2024-07-02,NA,2.36970232949938,2.65182122268856
"TER-NFTB-T-15",2024-07-03,NA,0.999773525079193,1.1695099927698
"TER-NFTB-T-15",2024-07-04,NA,1.75025878003838,2.24899333358122
"TER-NFTB-T-15",2024-07-05,NA,4.59318769357467,4.97530131634314
"TER-NFTB-T-15",2024-07-06,NA,1.30147630777903,1.50361882311222
"TER-NFTB-T-15",2024-07-07,NA,1.71892703304344,2.0049756946736
"TER-NFTB-T-15",2024-07-08,NA,0.686304956089947,0.744241175652242
"TER-NFTB-T-15",2024-07-09,NA,0.71443450831176,0.800531978921119
"TER-NFTB-T-15",2024-07-10,NA,0.868114732282431,1.07001286732071
"TER-NFTB-T-15",2024-07-11,NA,0.80729239714787,0.996370223957142
"TER-NFTB-T-15",2024-07-12,NA,1.66797955536075,1.82970655760877
"TER-NFTB-T-15",2024-07-13,NA,1.28466428254256,1.29642065771073
"TER-NFTB-T-15",2024-07-14,NA,2.27462371470058,2.70935042217594
"TER-NFTB-T-15",2024-07-15,NA,1.2465532188945,1.33717742961092
"TER-NFTB-T-15",2024-07-16,NA,1.01081112500545,1.20216441278318
"TER-NFTB-T-15",2024-07-17,NA,0.734440041060564,0.746974574194299
"TER-NFTB-T-15",2024-07-18,NA,1.40118350596605,1.59355017928933
"TER-NFTB-T-15",2024-07-19,NA,3.51800493115802,3.99909410031677
"TER-NFTB-T-15",2024-07-20,NA,1.93075321338966,2.31371149229225
"TER-NFTB-T-15",2024-07-21,NA,1.53093108923949,1.78345353786947
"TER-NFTB-T-15",2024-07-22,NA,1.31446109528373,1.5551457362156
"TER-NFTB-T-15",2024-07-23,NA,2.29039819966823,2.51481119814567
"TER-NFTB-T-15",2024-07-24,NA,2.98152523947445,3.40476009497701
"TER-NFTB-T-15",2024-07-25,NA,4.26818360715045,4.74265259355863
"TER-NFTB-T-15",2024-07-26,NA,0.756314001962953,0.914605720071991
"TER-NFTB-T-15",2024-07-27,NA,0.763466066556077,0.940243570046875
"TER-NFTB-T-15",2024-07-28,NA,1.98727838068018,2.25773629735755
"TER-NFTB-T-15",2024-07-29,NA,1.29362287585198,1.49818731051605
"TER-NFTB-T-15",2024-07-30,NA,1.22011373905546,1.49818731051605
"TER-NFTB-T-15",2024-07-31,NA,0.829702233998107,0.97034843584999
"TER-NFTB-T-15",2024-08-01,NA,1.97401599042024,2.30743913512769
"TER-NFTB-T-15",2024-08-02,NA,2.59144355719837,2.94076483692371
"TER-NFTB-T-15",2024-08-03,NA,3.74068892360597,4.07398738196448
"TER-NFTB-T-15",2024-08-04,NA,3.12938098708336,3.50439682419804
"TER-NFTB-T-15",2024-08-05,NA,2.25050316435095,2.65361388801511
"TER-NFTB-T-15",2024-08-06,NA,0.675328690771916,0.642332141271278
"TER-NFTB-T-15",2024-08-07,NA,1.39031327926218,1.52455743162363
"TER-NFTB-T-15",2024-08-08,NA,2.42570772580179,2.84686135335344
"TER-NFTB-T-15",2024-08-09,NA,4.01875133826921,4.39346517362822
"TER-NFTB-T-15",2024-08-10,NA,1.5551457362156,1.69705093737871
"TER-NFTB-T-15",2024-08-11,NA,1.20911394075957,1.2853691738343
"TER-NFTB-T-15",2024-08-12,NA,4.02927466770709,4.31750523442362
"TER-NFTB-T-15",2024-08-13,NA,1.73361898426635,1.91568185159273
"TER-NFTB-T-15",2024-08-14,NA,1.76879144853366,2.11576210273327
"TER-NFTB-T-15",2024-08-15,NA,2.84367783393063,3.0713142161773
"TER-NFTB-T-15",2024-08-16,NA,3.15281103006576,3.43469088118208
"TER-NFTB-T-15",2024-08-17,NA,3.03056590592334,3.2258017765277
"TER-NFTB-T-15",2024-08-18,NA,3.82686915588081,4.26797138113002
"TER-NFTB-T-15",2024-08-19,NA,3.55978952317063,3.80782708397444
"TER-NFTB-T-15",2024-08-20,NA,1.66471806378259,1.71259189957583
"TER-NFTB-T-15",2024-08-21,NA,2.42412019001785,2.59519832533587
"TER-NFTB-T-15",2024-08-22,NA,3.61902931577043,3.86590212956333
"TER-NFTB-T-15",2024-08-23,NA,NA,NA
"TER-NFTB-T-15",2024-08-24,NA,1.87070764724189,2.05715435929612
"TER-NFTB-T-15",2024-08-25,NA,4.39609304473541,5.0171806275313
"TER-NFTB-T-15",2024-08-26,NA,0.746974574194299,0.862881925521276
"TER-NFTB-T-15",2024-08-27,NA,0.758705514657047,0.859463516521722
"TER-NFTB-T-15",2024-08-28,NA,2.3816174019509,2.83961367039628
"TER-NFTB-T-15",2024-08-29,NA,3.0105490856489,3.51954944003768
"TER-NFTB-T-15",2024-08-30,NA,1.80866974096546,2.24051947910119
"TER-NFTB-T-15",2024-08-31,NA,1.27617521853615,1.58442944515263
"TER-NFTB-T-15",2024-09-01,NA,0.570643547208776,0.536696821549066
"TER-NFTB-T-15",2024-09-02,NA,0.758705514657047,0.958372715006831
"TER-NFTB-T-15",2024-09-03,NA,1.38312814961625,1.63299316185545
"TER-NFTB-T-15",2024-09-04,NA,1.32697760539407,1.55281418207652
"TER-NFTB-T-15",2024-09-05,NA,1.11783142801107,1.36582910001024
"TER-NFTB-T-15",2024-09-06,NA,1.10806496696471,1.40650661909755
"TER-NFTB-T-15",2024-09-07,NA,1.22400506771708,1.37722152554873
"TER-NFTB-T-15",2024-09-08,NA,0.529902917003931,0.777572868107801
"TER-NFTB-T-15",2024-09-09,NA,1.21117232704397,1.35667966379132
"TER-NFTB-T-15",2024-09-10,NA,0.650738153889517,0.756314001962953
"TER-NFTB-T-15",2024-09-11,NA,NA,NA
"TER-NFTB-T-15",2024-09-12,NA,1.30616570180805,1.75697368271102
"TER-NFTB-T-15",2024-09-13,NA,1.72563262921587,2.1917789413023
"TER-NFTB-T-15",2024-09-14,NA,2.8713350931912,3.24365322312421
"TER-NFTB-T-15",2024-09-15,NA,2.15688987040217,2.58339177119504
"TER-NFTB-T-15",2024-09-16,NA,0.550032937090187,0.625181133172909
"TER-NFTB-T-15",2024-09-17,NA,0.806450444131925,0.977092700273386
"TER-NFTB-T-15",2024-09-18,NA,1.10990272455338,1.47794780359285
"TER-NFTB-T-15",2024-09-19,NA,1.03472323541759,1.24072647022341
"TER-NFTB-T-15",2024-09-20,NA,1.64184413813037,1.76725448246626
"TER-NFTB-T-15",2024-09-21,NA,3.20975641316971,3.59926522292086
"TER-NFTB-T-15",2024-09-22,NA,1.29309761784459,1.52500296982367
"TER-NFTB-T-15",2024-09-23,NA,2.03134406136729,2.35436304811277
"TER-NFTB-T-15",2024-09-24,NA,0.437694056341324,0.550032937090188
"TER-NFTB-T-15",2024-09-25,NA,1.13711273069949,1.18566314838966
"TER-NFTB-T-15",2024-09-26,NA,1.00271370919555,1.16543672227332
"TER-NFTB-T-15",2024-09-27,NA,1.1466318034808,1.34309155590236
"TER-NFTB-T-15",2024-09-28,NA,0.664511916338994,0.69025305168635
"TER-NFTB-T-15",2024-09-29,NA,0.62227667549858,0.607546145441299
"TER-NFTB-T-15",2024-09-30,NA,0.268348410774533,0.251805077592667
"TER-NFTB-T-15",2024-10-01,NA,0.291796037560882,0.232152810743768
"TER-NFTB-T-15",2024-10-02,NA,0.28232985128664,0.240771706171538
"TER-NFTB-T-15",2024-10-03,NA,0.434057366141216,0.487153816139944
"TER-NFTB-T-15",2024-10-04,NA,0.63381465310669,0.62227667549858
"TER-NFTB-T-15",2024-10-05,NA,1.30772509631659,1.30477800877157
"TER-NFTB-T-15",2024-10-06,NA,1.38509142689916,1.52989532653215
"TER-NFTB-T-15",2024-10-07,NA,2.38190263128608,2.47075283369612
"TER-NFTB-T-15",2024-10-08,NA,1.38247310428014,1.4364559850902
"TER-NFTB-T-15",2024-10-09,NA,1.88517769123662,1.95418540054677
"TER-NFTB-T-15",2024-10-10,NA,1.22178296893859,1.20009057629178
"TER-NFTB-T-15",2024-10-11,NA,0.838120308890026,0.994322651975647
"TER-NFTB-T-15",2024-10-12,NA,1.801267669557,1.98727838068018
"TER-NFTB-T-15",2024-10-13,NA,1.23578878172748,1.33514369850296
"TER-NFTB-T-15",2024-10-14,NA,0.481543412343077,0.453948059341275
"TER-NFTB-T-15",2024-10-15,NA,0.98333026282989,0.987007995210118
"TER-NFTB-T-15",2024-10-16,NA,0.914605720071991,1.07001286732071
"TER-NFTB-T-15",2024-10-17,NA,3.3475466898282,3.54314760171464
"TER-NFTB-T-15",2024-10-18,NA,1.37771471142866,1.52455743162363
"TER-NFTB-T-15",2024-10-19,NA,0.686304956089946,0.766130877682874
"TER-NFTB-T-15",2024-10-20,NA,1.07254944820301,1.17472630176479
"TER-NFTB-T-15",2024-10-21,NA,3.18283439446803,3.42835575581149
"TER-NFTB-T-15",2024-10-22,NA,3.23302422696984,3.26536224326033
"TER-NFTB-T-15",2024-10-23,NA,1.85514853501183,1.89953751045437
"TER-NFTB-T-15",2024-10-24,NA,1.11295891039691,1.37376426684842
"TER-NFTB-T-15",2024-10-25,NA,1.41932827549626,1.56906230651913
"TER-NFTB-T-15",2024-10-26,NA,0.977092700273386,1.1466318034808
"TER-NFTB-T-15",2024-10-27,NA,0.868114732282431,1.02416455878841
"TER-NFTB-T-15",2024-10-28,NA,0.940243570046875,1.15450441089786
"TER-NFTB-T-15",2024-10-29,NA,0.908893259146386,0.98333026282989
"TER-NFTB-T-15",2024-10-30,NA,0.487153816139944,0.595499425035315
"TER-NFTB-T-15",2024-10-31,NA,0.629872312802192,0.69025305168635
"TER-NFTB-T-15",2024-11-01,NA,1.07592225353516,1.11295891039691
"TER-NFTB-T-15",2024-11-02,NA,0.624093545570845,0.642684586917151
"TER-NFTB-T-15",2024-11-03,NA,0.465766471310571,0.594357526717057
"TER-NFTB-T-15",2024-11-04,NA,1.49258432626585,1.58442944515263
"TER-NFTB-T-15",2024-11-05,NA,1.64349838957078,1.71259189957583
"TER-NFTB-T-15",2024-11-06,NA,1.15920231193696,1.15077163777999
"TER-NFTB-T-15",2024-11-07,NA,1.99954705015839,2.1466818007388
"TER-NFTB-T-15",2024-11-08,NA,0.831610538026378,0.958372715006831
"TER-NFTB-T-15",2024-11-09,NA,0.414851116999053,0.464305621487536
"TER-NFTB-T-15",2024-11-10,NA,0.481543412343077,0.601929265428846
"TER-NFTB-T-15",2024-11-11,NA,0.6412736421045,0.619724108789139
"TER-NFTB-T-15",2024-11-12,NA,0.345126525843175,0.360530004379623
"TER-NFTB-T-15",2024-11-13,NA,0.896601877945965,0.920774721067277
"TER-NFTB-T-15",2024-11-14,NA,0.672640804719661,0.769669607265238
"TER-NFTB-T-15",2024-11-15,NA,0.545070132437435,0.547970564109455
"TER-NFTB-T-15",2024-11-16,NA,0.659036956585082,0.69025305168635
"TER-NFTB-T-15",2024-11-17,NA,0.524749767832802,0.531609533071195
"TER-NFTB-T-15",2024-11-18,NA,0.255376959227625,0.312046772785422
"TER-NFTB-T-15",2024-11-19,NA,0.49453535504684,0.472044581534967
"TER-NFTB-T-15",2024-11-20,NA,0.691236552140071,0.816496580927726
"TER-NFTB-T-15",2024-11-21,NA,0.545070132437435,0.613480803002159
"TER-NFTB-T-15",2024-11-22,NA,0.556581178890961,0.613480803002159
"TER-NFTB-T-15",2024-11-23,NA,1.33768537927012,1.3805061033727
"TER-NFTB-T-15",2024-11-24,NA,0.84698955385992,0.981486228834264
"TER-NFTB-T-15",2024-11-25,NA,2.04733389728117,2.02330175702983
"TER-NFTB-T-15",2024-11-26,NA,1.21565125386128,1.26816511291834
"TER-NFTB-T-15",2024-11-27,NA,1.70344386889993,1.86683002649574
"TER-NFTB-T-15",2024-11-28,NA,0.667232549687378,0.763466066556077
"TER-NFTB-T-15",2024-11-29,NA,1.17953564923918,1.24218571973713
"TER-NFTB-T-15",2024-11-30,NA,0.586301969977929,0.658005330140078
"TER-NFTB-T-15",2024-12-01,NA,1.51068057414579,1.58742796253307
"TER-NFTB-T-15",2024-12-02,NA,0.589767824619589,0.659036956585082
"TER-NFTB-T-15",2024-12-03,NA,1.34056012519967,1.50843041564422
"TER-NFTB-T-15",2024-12-04,NA,1.02128613146309,1.17472630176479
"TER-NFTB-T-15",2024-12-05,NA,0.556581178890961,0.589383736122568
"TER-NFTB-T-15",2024-12-06,NA,0.527761886361314,0.61642670615246
"TER-NFTB-T-15",2024-12-07,NA,0.704218654285356,0.79285760916182
"TER-NFTB-T-15",2024-12-08,NA,0.414851116999054,0.414851116999053
"TER-NFTB-T-15",2024-12-09,NA,0.489009646921826,0.551266657377563
"TER-NFTB-T-15",2024-12-10,NA,0.932504808240314,0.931532942621143
"TER-NFTB-T-15",2024-12-11,NA,0.831610538026378,0.953397813771538
"TER-NFTB-T-15",2024-12-12,NA,1.37260991217989,1.37260991217989
"TER-NFTB-T-15",2024-12-13,NA,0.704218654285356,0.786836907396049
"TER-NFTB-T-15",2024-12-14,NA,0.598533836656866,0.766130877682874
"TER-NFTB-T-15",2024-12-15,NA,NA,NA
"TER-NFTB-T-15",2024-12-16,NA,1.34864397811659,1.44447347611107
"TER-NFTB-T-15",2024-12-17,NA,1.12268279877562,1.05980583400786
"TER-NFTB-T-15",2024-12-18,NA,0.80729239714787,0.892805381522402
"TER-NFTB-T-15",2024-12-19,NA,1.01349588703826,0.974307632279888
"TER-NFTB-T-15",2024-12-20,NA,2.53633022583668,2.54301757874323
"TER-NFTB-T-15",2024-12-21,NA,0.943849272540569,0.999093792292346
"TER-NFTB-T-15",2024-12-22,NA,0.650738153889517,0.670280062599836
"TER-NFTB-T-15",2024-12-23,NA,0.686304956089946,0.667232549687378
"TER-NFTB-T-15",2024-12-24,NA,0.594357526717057,0.594357526717057
"TER-NFTB-T-15",2024-12-25,NA,1.11783142801107,1.13711273069949
"TER-NFTB-T-15",2024-12-26,NA,0.943129234847053,0.977787727771069
"TER-NFTB-T-15",2024-12-27,NA,0.607546145441299,0.675328690771916
"TER-NFTB-T-15",2024-12-28,NA,0.683328914796602,0.756314001962953
"TER-NFTB-T-15",2024-12-29,NA,0.547970564109455,0.624093545570845
"TER-NFTB-T-15",2024-12-30,NA,0.434057366141216,0.536696821549066
"TER-NFTB-T-15",2024-12-31,NA,0.659380473395787,0.6412736421045
"TER-NFTB-T-15",2025-01-01,NA,0.547970564109455,0.589383736122568
"TER-NFTB-T-15",2025-01-02,NA,0.350982059081517,0.312046772785423
"TER-NFTB-T-15",2025-01-03,NA,0.761386987626881,0.8030738049718
"TER-NFTB-T-15",2025-01-04,NA,0.670280062599836,0.710939366337732
"TER-NFTB-T-15",2025-01-05,NA,0.951733734533601,0.996370223957142
"TER-NFTB-T-15",2025-01-06,NA,0.63381465310669,0.619724108789139
"TER-NFTB-T-15",2025-01-07,NA,2.09802788696737,2.10320235472661
"TER-NFTB-T-15",2025-01-08,NA,1.36466803310538,1.40650661909755
"TER-NFTB-T-15",2025-01-09,NA,0.48482403800357,0.499546896146173
"TER-NFTB-T-15",2025-01-10,NA,0.707106781186548,0.721060008759246
"TER-NFTB-T-15",2025-01-11,NA,0.232152810743768,0.232152810743768
"TER-NFTB-T-15",2025-01-12,NA,0.650738153889517,0.637022057270606
"TER-NFTB-T-15",2025-01-13,NA,0.508977377704051,0.598533836656866
"TER-NFTB-T-15",2025-01-14,NA,0.232152810743768,0.265804766535597
"TER-NFTB-T-15",2025-01-15,NA,0.488546350136693,0.62227667549858
"TER-NFTB-T-15",2025-01-16,NA,0.102062072615966,0.102062072615966
"TER-NFTB-T-15",2025-01-17,NA,1.54403949788031,1.64625178133123
"TER-NFTB-T-15",2025-01-18,NA,0.72700248190474,0.83378610888064
"TER-NFTB-T-15",2025-01-19,NA,1.30217209842365,1.30980140103182
"TER-NFTB-T-15",2025-01-20,NA,0.47348155466575,0.537961126767579
"TER-NFTB-T-15",2025-01-21,NA,1.17318314667923,1.2767074387102
"TER-NFTB-T-15",2025-01-22,NA,1.26548381078634,1.34056012519967
"TER-NFTB-T-15",2025-01-23,NA,2.03134406136729,2.08242733923381
"TER-NFTB-T-15",2025-01-24,NA,1.57984933238695,1.66757221776128
"TER-NFTB-T-15",2025-01-25,NA,2.52586260197541,2.5727635567305
"TER-NFTB-T-15",2025-01-26,NA,2.07458307318271,2.2998700341352
"TER-NFTB-T-15",2025-01-27,NA,1.03712779249763,1.16076405371884
"TER-NFTB-T-15",2025-01-28,NA,1.53698368260034,1.53919209939519
"TER-NFTB-T-15",2025-01-29,NA,0.825049405635281,0.842700971600384
"TER-NFTB-T-15",2025-01-30,NA,0.629872312802192,0.680672621302858
"TER-NFTB-T-15",2025-01-31,NA,0.721060008759246,0.674321989058296
"TER-NFTB-T-15",2025-02-01,NA,2.83993263851528,2.95957057206185
"TER-NFTB-T-15",2025-02-02,NA,2.31723223208018,2.25291678895849
"TER-NFTB-T-15",2025-02-03,NA,1.90239646731184,1.94628966966916
"TER-NFTB-T-15",2025-02-04,NA,1.61163680412362,1.79925507935359
"TER-NFTB-T-15",2025-02-05,NA,0.39699961669021,0.453948059341275
"TER-NFTB-T-15",2025-02-06,NA,0.287889622568457,0.329002665070039
"TER-NFTB-T-15",2025-02-07,NA,1.68055805086252,1.66035944248854
"TER-NFTB-T-15",2025-02-08,NA,0.575779245136914,0.598533836656866
"TER-NFTB-T-15",2025-02-09,NA,0.384834803632619,0.408248290463863
"TER-NFTB-T-15",2025-02-10,NA,1.31308216902397,1.38509142689916
"TER-NFTB-T-15",2025-02-11,NA,1.10990272455338,1.13252315457662
"TER-NFTB-T-15",2025-02-12,NA,0.904898104600813,1.03187426208508
"TER-NFTB-T-15",2025-02-13,NA,1.11316235778192,1.17934365189938
"TER-NFTB-T-15",2025-02-14,NA,2.12377415622911,2.17653826995523
"TER-NFTB-T-15",2025-02-15,NA,2.20332012318169,2.30154327555998
"TER-NFTB-T-15",2025-02-16,NA,1.11295891039691,1.14445734245347
"TER-NFTB-T-15",2025-02-17,NA,0.520851448960313,0.510310363079829
"TER-NFTB-T-15",2025-02-18,NA,1.79358256174538,1.88625846969411
"TER-NFTB-T-15",2025-02-19,NA,0.883627241233132,0.872018730685681
"TER-NFTB-T-15",2025-02-20,NA,1.97217969607822,2.08503553648512
"TER-NFTB-T-15",2025-02-21,NA,1.11295891039691,1.2465532188945
"TER-NFTB-T-15",2025-02-22,NA,0.842700971600384,0.789422830805584
"TER-NFTB-T-15",2025-02-23,NA,0.895843865795853,1.01081112500545
"TER-NFTB-T-15",2025-02-24,NA,1.47057491468818,1.30772509631659
"TER-NFTB-T-15",2025-02-25,NA,2.0602342627457,2.18432740949796
"TER-NFTB-T-15",2025-02-26,NA,1.47672154509208,1.49622108534531
"TER-NFTB-T-15",2025-02-27,NA,1.83514403336316,2.09284062557519
"TER-NFTB-T-15",2025-02-28,NA,2.22265998103721,2.31253672121256
"TER-NFTB-T-15",2025-03-01,NA,1.3349740810598,1.48406389760479
"TER-NFTB-T-15",2025-03-02,NA,1.29781728688785,1.5667514623984
"TER-NFTB-T-15",2025-03-03,NA,2.93004179620978,3.22966043443256
"TER-NFTB-T-15",2025-03-04,NA,2.53096762157268,2.45355406221911
"TER-NFTB-T-15",2025-03-05,NA,1.2128538629009,1.36715482621413
"TER-NFTB-T-15",2025-03-06,NA,1.03209369308428,1.03712779249763
"TER-NFTB-T-15",2025-03-07,NA,0.551266657377564,0.639505583481761
"TER-NFTB-T-15",2025-03-08,NA,1.2363383876171,1.25036226634582
"TER-NFTB-T-15",2025-03-09,NA,0.735980072193987,0.84457990586522
"TER-NFTB-T-15",2025-03-10,NA,1.09014026487487,1.24236800541127
"TER-NFTB-T-15",2025-03-11,NA,1.84731983687453,2.03134406136729
"TER-NFTB-T-15",2025-03-12,NA,0.871239330502528,0.972213595544888
"TER-NFTB-T-15",2025-03-13,NA,2.01623842620469,2.12601212043391
"TER-NFTB-T-15",2025-03-14,NA,0.598533836656866,0.646898957233327
"TER-NFTB-T-15",2025-03-15,NA,1.89380664883942,1.97802694109816
"TER-NFTB-T-15",2025-03-16,NA,1.07823493715894,1.25524262912435
"TER-NFTB-T-15",2025-03-17,NA,1.21117232704397,1.32680694400755
"TER-NFTB-T-15",2025-03-18,NA,0.765835245459757,0.820922069065183
"TER-NFTB-T-15",2025-03-19,NA,1.32902383267799,1.5809956045003
"TER-NFTB-T-15",2025-03-20,NA,0.862881925521276,0.999773525079193
"TER-NFTB-T-15",2025-03-21,NA,2.21888714109743,2.40385785950327
"TER-NFTB-T-15",2025-03-22,NA,3.50439682419804,3.95164385166917
"TER-NFTB-T-15",2025-03-23,NA,2.7543608375063,2.92594280606232
"TER-NFTB-T-15",2025-03-24,NA,2.29592818526278,2.69384362542833
"TER-NFTB-T-15",2025-03-25,NA,0.938073496085446,0.880546602310508
"TER-NFTB-T-15",2025-03-26,NA,1.20667677552015,1.35918107270731
"TER-NFTB-T-15",2025-03-27,NA,1.70676403707744,1.89667424414574
"TER-NFTB-T-15",2025-03-28,NA,1.27244344426013,1.35065738154383
"TER-NFTB-T-15",2025-03-29,NA,0.980793822237442,1.12530189186106
"TER-NFTB-T-15",2025-03-30,NA,1.33446509937476,1.4939491483886
"TER-NFTB-T-15",2025-03-31,NA,2.20136650577627,2.31243879668323
"TER-NFTB-T-15",2025-04-01,NA,0.561038762255892,0.464305621487537
"TER-NFTB-T-15",2025-04-02,NA,1.50843041564422,1.63839241640851
"TER-NFTB-T-15",2025-04-03,NA,0.732278556328103,0.770551750371122
"TER-NFTB-T-15",2025-04-04,NA,1.86683002649574,2.11233437735107
"TER-NFTB-T-15",2025-04-05,NA,1.56023386392711,1.59482859921358
"TER-NFTB-T-15",2025-04-06,NA,0.639505583481761,0.567460015829501
"TER-NFTB-T-15",2025-04-07,NA,0.656282349099174,0.675328690771916
"TER-NFTB-T-15",2025-04-08,NA,0.890519714727777,0.98884173203526
"TER-NFTB-T-15",2025-04-09,NA,0.704218654285356,0.793713981266533
"TER-NFTB-T-15",2025-04-10,NA,0.51604684654214,0.545070132437435
"TER-NFTB-T-15",2025-04-11,NA,0.465766471310572,0.458415671128542
"TER-NFTB-T-15",2025-04-12,NA,0.834057656228299,0.845919446605247
"TER-NFTB-T-15",2025-04-13,NA,1.39031327926218,1.40069858347152
"TER-NFTB-T-15",2025-04-14,NA,1.27528769132779,1.47196014438797
"TER-NFTB-T-15",2025-04-15,NA,2.62478432516334,2.95183251851986
"TER-NFTB-T-15",2025-04-16,NA,0.878229031565262,0.930316682874591
"TER-NFTB-T-15",2025-04-17,NA,0.686304956089946,0.779899194526567
"TER-NFTB-T-15",2025-04-18,NA,1.14188218636435,1.206113653404
"TER-NFTB-T-15",2025-04-19,NA,4.04391652603824,4.22638365988935
"TER-NFTB-T-15",2025-04-20,NA,2.02688005407897,2.1508971838868
"TER-NFTB-T-15",2025-04-21,NA,2.75830432578118,3.0430932727517
"TER-NFTB-T-15",2025-04-22,NA,0.98333026282989,1.16718415024353
"TER-NFTB-T-15",2025-04-23,NA,1.45944574549997,1.65009881127056
"TER-NFTB-T-15",2025-04-24,NA,1.57755428947212,1.93180849412436
"TER-NFTB-T-15",2025-04-25,NA,3.07514580778383,3.45677239087546
"TER-NFTB-T-15",2025-04-26,NA,1.26189987889207,1.44400309124885
"TER-NFTB-T-15",2025-04-27,NA,2.11961166801573,2.22133511882942
"TER-NFTB-T-15",2025-04-28,NA,0.941927948873779,1.08826913497762
"TER-NFTB-T-15",2025-04-29,NA,1.22751516416738,1.22751516416738
"TER-NFTB-T-15",2025-04-30,NA,0.772899209732936,0.766130877682874
"TER-NFTB-T-15",2025-05-01,NA,0.966841563388569,0.914605720071991
"TER-NFTB-T-15",2025-05-02,NA,0.883627241233132,0.98884173203526
"TER-NFTB-T-15",2025-05-03,NA,1.34864397811659,1.40069858347152
"TER-NFTB-T-15",2025-05-04,NA,0.729490093902206,0.686304956089946
"TER-NFTB-T-15",2025-05-05,NA,2.47807414119823,2.61960280206365
"TER-NFTB-T-15",2025-05-06,NA,0.670280062599836,0.764947663266077
"TER-NFTB-T-15",2025-05-07,NA,1.59426053914242,1.7147062113681
"TER-NFTB-T-15",2025-05-08,NA,1.32270446489353,1.28748153215966
"TER-NFTB-T-15",2025-05-09,NA,0.746974574194298,0.726067430094119
"TER-NFTB-T-15",2025-05-10,NA,1.7681512083677,2.3993318816414
"TER-NFTB-T-15",2025-05-11,NA,1.5273769786083,1.84142647131928
"TER-NFTB-T-15",2025-05-12,NA,1.16854145430737,1.30199818562175
"TER-NFTB-T-15",2025-05-13,NA,3.58514446983176,3.771496358557
"TER-NFTB-T-15",2025-05-14,NA,0.42933636014776,0.458415671128542
"TER-NFTB-T-15",2025-05-15,NA,0.650738153889517,0.695482316219408
"TER-NFTB-T-15",2025-05-16,NA,1.0179547554081,1.18852453896003
"TER-NFTB-T-15",2025-05-17,NA,3.22355461374956,3.54263626966281
"TER-NFTB-T-15",2025-05-18,NA,1.44212001751849,1.35116026361458
"TER-NFTB-T-15",2025-05-19,NA,0.464305621487537,0.387765804114519
"TER-NFTB-T-15",2025-05-20,NA,1.33446509937476,1.61836717676817
"TER-NFTB-T-15",2025-05-21,NA,1.70663135436747,1.94477654168839
"TER-NFTB-T-15",2025-05-22,NA,1.4889386843645,1.72523890385138
"TER-NFTB-T-15",2025-05-23,NA,3.1265575828442,3.60347809037686
"TER-NFTB-T-15",2025-05-24,NA,2.84876975735751,2.98516865253171
"TER-NFTB-T-15",2025-05-25,NA,1.82363210598273,2.12292097786537
"TER-NFTB-T-15",2025-05-26,NA,3.75464687932245,4.14589022974577
"TER-NFTB-T-15",2025-05-27,NA,1.06300606021695,1.45960089839952
"TER-NFTB-T-15",2025-05-28,NA,0.7058246282166,0.793713981266534
"TER-NFTB-T-15",2025-05-29,NA,0.547970564109455,0.637022057270606
"TER-NFTB-T-15",2025-05-30,NA,1.59482859921358,1.64129235046964
"TER-NFTB-T-15",2025-05-31,NA,3.4672379685327,3.68156147952689
"TER-NFTB-T-15",2025-06-01,NA,2.18650339616687,2.47368395694369
"TER-NFTB-T-15",2025-06-02,NA,2.82810685897777,3.32473982854843
"TER-NFTB-T-15",2025-06-03,NA,1.08597782025553,1.10006587418037
"TER-NFTB-T-15",2025-06-04,NA,1.35918107270731,1.52277397525376
"TER-NFTB-T-15",2025-06-05,NA,1.2465532188945,1.3805061033727
"TER-NFTB-T-15",2025-06-06,NA,0.736902546011914,0.746974574194299
"TER-NFTB-T-15",2025-06-07,NA,1.16543672227332,1.14029458436425
"TER-NFTB-T-15",2025-06-08,NA,1.17472630176479,1.29642065771073
"TER-NFTB-T-15",2025-06-09,NA,1.11783142801107,1.00519484015123
"TER-NFTB-T-15",2025-06-10,NA,1.33242722834704,1.25686520555211
"TER-NFTB-T-15",2025-06-11,NA,1.11132999051861,1.08012344973464
"TER-NFTB-T-15",2025-06-12,NA,0.425095897109265,0.529902917003931
"TER-NFTB-T-18",2023-08-09,8.20513713245055,0.571040240720161,1.58442944515263
"TER-NFTB-T-18",2023-08-10,4.65430881868728,0.954584665735822,2.82257655446174
"TER-NFTB-T-18",2023-08-11,5.39927531369197,0.744241175652243,2.13313659645378
"TER-NFTB-T-18",2023-08-12,2.61051038932114,0.899879218948661,2.19518577339371
"TER-NFTB-T-18",2023-08-13,3.3632040235983,1.85514853501183,1.30217209842365
"TER-NFTB-T-18",2023-08-14,8.29221740942779,2.93583247458716,0.650738153889517
"TER-NFTB-T-18",2023-08-15,3.23694423353485,2.20085210770738,0.207425558499527
"TER-NFTB-T-18",2023-08-16,5.8523112614974,3.39056395206512,1.41789162726446
"TER-NFTB-T-18",2023-08-17,3.74981883620367,1.29309761784459,0.465766471310572
"TER-NFTB-T-18",2023-08-18,4.69692892264167,1.97252413148112,1.20009057629178
"TER-NFTB-T-18",2023-08-19,1.87614699217089,3.01017296917433,0.345126525843175
"TER-NFTB-T-18",2023-08-20,1.18795281221855,1.87361059632643,0.92641392132415
"TER-NFTB-T-18",2023-08-21,2.38047614284762,1.18852453896003,1.36466803310538
"TER-NFTB-T-18",2023-08-22,4.28211438698085,2.15678487904862,0.756314001962953
"TER-NFTB-T-18",2023-08-23,5.65457202470786,0.85311662216516,0.965904247062178
"TER-NFTB-T-18",2023-08-24,4.95957389181831,0.890519714727777,1.30147630777903
"TER-NFTB-T-18",2023-08-25,6.43135435507792,0.461860603852834,0.938073496085446
"TER-NFTB-T-18",2023-08-26,6.48521171701378,0.318511028635303,0.19034674690672
"TER-NFTB-T-18",2023-08-27,3.06334098183903,0.737209780774486,0.168915981173044
"TER-NFTB-T-18",2023-08-28,1.80265002189811,0.537961126767579,0.556581178890961
"TER-NFTB-T-18",2023-08-29,NA,0.675663924692176,1.71892703304344
"TER-NFTB-T-18",2023-08-30,NA,2.10320235472661,2.54808822908242
"TER-NFTB-T-18",2023-08-31,NA,2.13111864209074,1.62854963481113
"TER-NFTB-T-18",2023-09-01,NA,2.65318717280049,2.7026556987687
"TER-NFTB-T-18",2023-09-02,NA,2.1382261034711,2.23728290178258
"TER-NFTB-T-18",2023-09-03,NA,2.62478432516334,2.82257655446174
"TER-NFTB-T-18",2023-09-04,NA,1.02062072615966,2.40771706171538
"TER-NFTB-T-18",2023-09-05,NA,1.41405342948888,1.94861526455978
"TER-NFTB-T-18",2023-09-06,NA,0.589383736122568,1.80265002189812
"TER-NFTB-T-18",2023-09-07,NA,0.751809411556112,1.4356675465956
"TER-NFTB-T-18",2023-09-08,NA,0.545070132437435,1.28466428254256
"TER-NFTB-T-18",2023-09-09,NA,2.10933054837757,1.93742695046956
"TER-NFTB-T-18",2023-09-10,NA,2.54381887970697,2.24969804737165
"TER-NFTB-T-18",2023-09-11,NA,1.99818758458469,1.26762930621338
"TER-NFTB-T-18",2023-09-12,NA,2.06944647083518,0.884395724266829
"TER-NFTB-T-18",2023-09-13,NA,0.764947663266077,2.14509889640602
"TER-NFTB-T-18",2023-09-14,NA,0.696458432231305,2.434653205671
"TER-NFTB-T-18",2023-09-15,NA,1.07823493715894,2.59798904952451
"TER-NFTB-T-18",2023-09-16,NA,1.51307705484983,0.859463516521722
"TER-NFTB-T-18",2023-09-17,NA,1.25812576270523,2.93953252223468
"TER-NFTB-T-18",2023-09-18,NA,2.84367783393063,0.84457990586522
"TER-NFTB-T-18",2023-09-19,NA,1.79370881258576,0.642332141271278
"TER-NFTB-T-18",2023-09-20,NA,1.3790290114761,0.63381465310669
"TER-NFTB-T-18",2023-09-21,NA,1.55339739869129,0.824225591744734
"TER-NFTB-T-18",2023-09-22,NA,2.93150984988964,0.318511028635303
"TER-NFTB-T-18",2023-09-23,NA,1.59127489677348,0.751809411556112
"TER-NFTB-T-18",2023-09-24,NA,2.38047614284762,0.287889622568457
"TER-NFTB-T-18",2023-09-25,NA,2.26014219765553,0.19034674690672
"TER-NFTB-T-18",2023-09-26,NA,1.11295891039691,0.763466066556077
"TER-NFTB-T-18",2023-09-27,NA,2.13568286605194,1.87469804331876
"TER-NFTB-T-18",2023-09-28,NA,0.85311662216516,1.16076405371884
"TER-NFTB-T-18",2023-09-29,NA,0.8198179366636,3.21680370662503
"TER-NFTB-T-18",2023-09-30,NA,0.940243570046875,2.06769492886175
"TER-NFTB-T-18",2023-10-01,NA,1.87034446180299,NA
"TER-NFTB-T-18",2023-10-02,NA,0.83378610888064,NA
"TER-NFTB-T-18",2023-10-03,NA,1.83958092265997,NA
"TER-NFTB-T-18",2023-10-04,NA,0.531183393096442,NA
"TER-NFTB-T-18",2023-10-05,NA,0.488546350136693,NA
"TER-NFTB-T-18",2023-10-06,NA,1.32629482808857,NA
"TER-NFTB-T-18",2023-10-07,NA,1.32629482808857,NA
"TER-NFTB-T-18",2023-10-08,NA,0.876163822283402,NA
"TER-NFTB-T-18",2023-10-09,NA,0.947680234091097,NA
"TER-NFTB-T-18",2023-10-10,NA,0.384834803632619,NA
"TER-NFTB-T-18",2023-10-11,NA,0.674321989058296,NA
"TER-NFTB-T-18",2023-10-12,NA,1.32424438394346,NA
"TER-NFTB-T-18",2023-10-13,NA,0.878229031565262,NA
"TER-NFTB-T-18",2023-10-14,NA,0.683328914796602,NA
"TER-NFTB-T-18",2023-10-15,NA,0.996370223957142,NA
"TER-NFTB-T-18",2023-10-16,NA,0.932261936818499,NA
"TER-NFTB-T-18",2023-10-17,NA,1.51023081065421,NA
"TER-NFTB-T-18",2023-10-18,NA,0.923721207705668,NA
"TER-NFTB-T-18",2023-10-19,NA,1.17953564923918,NA
"TER-NFTB-T-18",2023-10-20,NA,1.73714220588824,NA
"TER-NFTB-T-18",2023-10-21,NA,0.735980072193987,NA
"TER-NFTB-T-18",2023-10-22,NA,0.639505583481761,NA
"TER-NFTB-T-18",2023-10-23,NA,2.32104034020729,NA
"TER-NFTB-T-18",2023-10-24,NA,0.811768064969513,NA
"TER-NFTB-T-18",2023-10-25,NA,1.13232318580052,NA
"TER-NFTB-T-18",2023-10-26,NA,1.05208557540298,NA
"TER-NFTB-T-18",2023-10-27,NA,1.39875721236047,NA
"TER-NFTB-T-18",2023-10-28,NA,1.05208557540298,NA
"TER-NFTB-T-18",2023-10-29,NA,1.2150922908826,NA
"TER-NFTB-T-18",2023-10-30,NA,2.70056019416691,NA
"TER-NFTB-T-18",2023-10-31,NA,1.18795281221855,NA
"TER-NFTB-T-18",2023-11-01,NA,1.90536998575308,NA
"TER-NFTB-T-18",2023-11-02,NA,2.33591989141975,NA
"TER-NFTB-T-18",2023-11-03,NA,1.94489297794305,NA
"TER-NFTB-T-18",2023-11-04,NA,1.76302091695566,NA
"TER-NFTB-T-18",2023-11-05,NA,1.11295891039691,NA
"TER-NFTB-T-18",2023-11-06,NA,2.62918059092755,NA
"TER-NFTB-T-18",2023-11-07,NA,1.57597450873227,NA
"TER-NFTB-T-18",2023-11-08,NA,0.908893259146386,NA
"TER-NFTB-T-18",2023-11-09,NA,0.653862548158294,NA
"TER-NFTB-T-18",2023-11-10,NA,0.28232985128664,NA
"TER-NFTB-T-18",2023-11-11,NA,0.859463516521722,NA
"TER-NFTB-T-18",2023-11-12,NA,0.499546896146173,NA
"TER-NFTB-T-18",2023-11-13,NA,1.03909101859632,NA
"TER-NFTB-T-18",2023-11-14,NA,1.94756909051228,NA
"TER-NFTB-T-18",2023-11-15,NA,0.403225222065963,NA
"TER-NFTB-T-18",2023-11-16,NA,0.368604890387243,NA
"TER-NFTB-T-18",2023-11-17,NA,1.3666578295932,NA
"TER-NFTB-T-18",2023-11-18,NA,1.04582503316759,NA
"TER-NFTB-T-18",2023-11-19,NA,0.641273642104501,NA
"TER-NFTB-T-18",2023-11-20,NA,1.07655347814419,NA
"TER-NFTB-T-18",2023-11-21,NA,0.524749767832802,NA
"TER-NFTB-T-18",2023-11-22,NA,0.90864407661692,NA
"TER-NFTB-T-18",2023-11-23,NA,NA,NA
"TER-NFTB-T-18",2023-11-24,0.69025305168635,0.92641392132415,NA
"TER-NFTB-T-18",2023-11-25,0.529902917003931,0.569451808600904,NA
"TER-NFTB-T-18",2023-11-26,0.323449478616663,0.375301810914046,NA
"TER-NFTB-T-18",2023-11-27,0.464305621487536,0.642684586917151,NA
"TER-NFTB-T-18",2023-11-28,0.477292332867911,0.619724108789139,NA
"TER-NFTB-T-18",2023-11-29,1.05980583400786,1.206113653404,NA
"TER-NFTB-T-18",2023-11-30,NA,NA,NA
"TER-NFTB-T-18",2023-12-01,1.45898018780441,1.67461871065833,NA
"TER-NFTB-T-18",2023-12-02,1.57194608455685,1.89571886101289,NA
"TER-NFTB-T-18",2023-12-03,0.51604684654214,0.78683690739605,NA
"TER-NFTB-T-18",2023-12-04,0.987007995210118,1.23340432619805,NA
"TER-NFTB-T-18",2023-12-05,1.14128709441755,1.37771471142866,NA
"TER-NFTB-T-18",2023-12-06,1.23944821757828,1.63839241640851,NA
"TER-NFTB-T-18",2023-12-07,0.955296069137807,1.44212001751849,NA
"TER-NFTB-T-18",2023-12-08,0.312046772785422,0.658005330140079,NA
"TER-NFTB-T-18",2023-12-09,0.606426931450447,0.964731321010742,NA
"TER-NFTB-T-18",2023-12-10,0.8030738049718,0.977092700273386,NA
"TER-NFTB-T-18",2023-12-11,0.722315118514615,1.00519484015123,NA
"TER-NFTB-T-18",2023-12-12,0.464305621487536,0.589383736122568,NA
"TER-NFTB-T-18",2023-12-13,0.892805381522402,1.45898018780441,NA
"TER-NFTB-T-18",2023-12-14,1.24218571973713,1.36317377968592,NA
"TER-NFTB-T-18",2023-12-15,0.999093792292346,1.06321906614239,NA
"TER-NFTB-T-18",2023-12-16,NA,0,NA
"TER-NFTB-T-18",2023-12-17,NA,0.168915981173044,NA
"TER-NFTB-T-18",2023-12-18,NA,1.92699642381383,NA
"TER-NFTB-T-18",2023-12-19,NA,1.05100883213101,NA
"TER-NFTB-T-18",2023-12-20,NA,0.845919446605247,NA
"TER-NFTB-T-18",2023-12-21,NA,0.884395724266829,NA
"TER-NFTB-T-18",2023-12-22,NA,0.751508145500515,NA
"TER-NFTB-T-18",2023-12-23,NA,1.10581467116173,NA
"TER-NFTB-T-18",2023-12-24,NA,1.01416596703678,NA
"TER-NFTB-T-18",2023-12-25,NA,0.606426931450447,NA
"TER-NFTB-T-18",2023-12-26,NA,2.36970232949938,NA
"TER-NFTB-T-18",2023-12-27,NA,0.902643059439125,NA
"TER-NFTB-T-18",2023-12-28,NA,1.27048433078988,NA
"TER-NFTB-T-18",2023-12-29,NA,0.972213595544888,NA
"TER-NFTB-T-18",2023-12-30,NA,1.1210680078661,NA
"TER-NFTB-T-18",2023-12-31,NA,1.9241740181631,NA
"TER-NFTB-T-18",2024-01-01,NA,0.85311662216516,NA
"TER-NFTB-T-18",2024-01-02,NA,1.26243811729526,NA
"TER-NFTB-T-18",2024-01-03,NA,1.34528160943932,NA
"TER-NFTB-T-18",2024-01-04,NA,0.871239330502528,NA
"TER-NFTB-T-18",2024-01-05,NA,0.772899209732936,NA
"TER-NFTB-T-18",2024-01-06,NA,1.06300606021695,NA
"TER-NFTB-T-18",2024-01-07,NA,1.02128613146309,NA
"TER-NFTB-T-18",2024-01-08,NA,1.04235484514075,NA
"TER-NFTB-T-18",2024-01-09,NA,0.51604684654214,NA
"TER-NFTB-T-18",2024-01-10,NA,1.04582503316759,NA
"TER-NFTB-T-18",2024-01-11,NA,0.323449478616663,NA
"TER-NFTB-T-18",2024-01-12,NA,0.358640751178386,NA
"TER-NFTB-T-18",2024-01-13,NA,0.551677284367371,NA
"TER-NFTB-T-18",2024-01-14,NA,0.987007995210118,NA
"TER-NFTB-T-18",2024-01-15,NA,0.766130877682874,NA
"TER-NFTB-T-18",2024-01-16,NA,0.907896118682551,NA
"TER-NFTB-T-18",2024-01-17,NA,1.67407772575949,NA
"TER-NFTB-T-18",2024-01-18,0.326931274079147,0.425095897109265,NA
"TER-NFTB-T-18",2024-01-19,1.48772148515483,1.88805839230507,NA
"TER-NFTB-T-18",2024-01-20,1.05788105136664,1.56255434688094,NA
"TER-NFTB-T-18",2024-01-21,0.789422830805584,0.837309355329163,NA
"TER-NFTB-T-18",2024-01-22,0.287889622568457,0.323449478616663,NA
"TER-NFTB-T-18",2024-01-23,0.361157559257308,NA,NA
"TER-NFTB-T-18",2024-01-24,0.291796037560882,0.318511028635303,NA
"TER-NFTB-T-18",2024-01-25,0.658005330140078,0.775531608229038,NA
"TER-NFTB-T-18",2024-01-26,0.629872312802192,0.7058246282166,NA
"TER-NFTB-T-18",2024-01-27,1.42426563838901,1.71312072216048,NA
"TER-NFTB-T-18",2024-01-28,0.722001545624424,0.846722153836252,NA
"TER-NFTB-T-18",2024-01-29,1.53698368260034,1.83119110678411,NA
"TER-NFTB-T-18",2024-01-30,0.531183393096442,0.637022057270606,NA
"TER-NFTB-T-18",2024-01-31,1.0494995356656,1.1080649669647,NA
"TER-NFTB-T-18",2024-02-01,0.736902546011914,0.876163822283402,NA
"TER-NFTB-T-18",2024-02-02,0.545070132437435,0.588229965875272,NA
"TER-NFTB-T-18",2024-02-03,0.503610155185335,0.531183393096442,NA
"TER-NFTB-T-18",2024-02-04,0.675328690771916,0.8198179366636,NA
"TER-NFTB-T-18",2024-02-05,0.583592075121765,0.884651736929383,NA
"TER-NFTB-T-18",2024-02-06,0.442325868464691,0.550032937090187,NA
"TER-NFTB-T-18",2024-02-07,0.8030738049718,0.923721207705668,NA
"TER-NFTB-T-18",2024-02-08,0.846722153836252,1.03909101859632,NA
"TER-NFTB-T-18",2024-02-09,0.674321989058296,0.680672621302858,NA
"TER-NFTB-T-18",2024-02-10,1.5809956045003,1.99274044791428,NA
"TER-NFTB-T-18",2024-02-11,0.442325868464691,0.601929265428846,NA
"TER-NFTB-T-18",2024-02-12,0.24726767752342,0.387765804114519,NA
"TER-NFTB-T-18",2024-02-13,0.461860603852834,0.642332141271278,NA
"TER-NFTB-T-18",2024-02-14,0.414851116999053,0.772899209732936,NA
"TER-NFTB-T-18",2024-02-15,1.39291686446261,1.8157922373651,1.80164477992846
"TER-NFTB-T-18",2024-02-16,0.607546145441299,0.630949939446036,NA
"TER-NFTB-T-18",2024-02-17,0.884651736929383,1.18566314838966,NA
"TER-NFTB-T-18",2024-02-18,1.35517660221405,2.01623842620469,NA
"TER-NFTB-T-18",2024-02-19,0.606426931450447,0.779899194526567,NA
"TER-NFTB-T-18",2024-02-20,0.403225222065963,0.499546896146173,NA
"TER-NFTB-T-18",2024-02-21,0.780189497605494,0.907896118682551,NA
"TER-NFTB-T-18",2024-02-22,1.17009073102926,1.43692884053234,NA
"TER-NFTB-T-18",2024-02-23,1.64170620860199,2.10933054837758,NA
"TER-NFTB-T-18",2024-02-24,1.30980140103182,1.54579841946587,1.78103942945555
"TER-NFTB-T-18",2024-02-25,0.520851448960313,0.721060008759246,0.734440041060564
"TER-NFTB-T-18",2024-02-26,0.884395724266829,1.05208557540298,1.08826913497762
"TER-NFTB-T-18",2024-02-27,1.05616718867553,2.23079565970582,2.17685037065754
"TER-NFTB-T-18",2024-02-28,0.918558653543692,1.32424438394346,1.5166646759025
"TER-NFTB-T-18",2024-02-29,0.943849272540569,1.04582503316759,1.16388125047936
"TER-NFTB-T-18",2024-03-01,1.08012344973464,2.07196171835264,2.06144296584923
"TER-NFTB-T-18",2024-03-02,1.34174205387266,2.0951116327354,2.29799849900936
"TER-NFTB-T-18",2024-03-03,1.26243811729526,1.50120724365618,1.63465637039574
"TER-NFTB-T-18",2024-03-04,0.92641392132415,1.24818709114169,1.3593476696403
"TER-NFTB-T-18",2024-03-05,0.992499041725526,1.33903896967894,1.46455711265621
"TER-NFTB-T-18",2024-03-06,0.458415671128542,0.440273301155254,0.416485467846762
"TER-NFTB-T-18",2024-03-07,1.80164477992846,2.07370965642021,2.04821856142413
"TER-NFTB-T-18",2024-03-08,1.08597782025553,1.20967566619789,1.2509054691517
"TER-NFTB-T-18",2024-03-09,1.32424438394346,1.3805061033727,1.51785866520445
"TER-NFTB-T-18",2024-03-10,0.975933221165215,1.39616451835693,1.34864397811659
"TER-NFTB-T-18",2024-03-11,0.389513818102456,0.598533836656866,0.61642670615246
"TER-NFTB-T-18",2024-03-12,0.758705514657047,1.40650661909755,1.46192621594579
"TER-NFTB-T-18",2024-03-13,NA,NA,NA
"TER-NFTB-T-18",2024-03-14,0.547970564109455,0.613480803002159,0.701964118163034
"TER-NFTB-T-18",2024-03-15,0.963086824686154,1.29309761784459,1.35132784938435
"TER-NFTB-T-18",2024-03-16,1.0664090495066,1.63465637039574,1.88132989502454
"TER-NFTB-T-18",2024-03-17,1.193088489982,1.3666578295932,1.59355017928933
"TER-NFTB-T-18",2024-03-18,0.550032937090187,0.735980072193987,0.756314001962953
"TER-NFTB-T-18",2024-03-19,1.11295891039691,1.69183889321049,1.67624061778005
"TER-NFTB-T-18",2024-03-20,2.13663693483576,3.23862278387463,3.26480740493285
"TER-NFTB-T-18",2024-03-21,0.938073496085446,1.14029458436425,1.34056012519967
"TER-NFTB-T-18",2024-03-22,0.642332141271278,0.674321989058296,0.751508145500515
"TER-NFTB-T-18",2024-03-23,0.721060008759246,0.845919446605247,0.85311662216516
"TER-NFTB-T-18",2024-03-24,1.0664090495066,1.57295415782174,1.42378857736796
"TER-NFTB-T-18",2024-03-25,0.398707149803396,0.63381465310669,0.69025305168635
"TER-NFTB-T-18",2024-03-26,0.764947663266077,0.80729239714787,0.845919446605247
"TER-NFTB-T-18",2024-03-27,1.83452695004319,2.21653862548363,2.27780723440362
"TER-NFTB-T-18",2024-03-28,1.34864397811659,1.71312072216048,1.73361898426635
"TER-NFTB-T-18",2024-03-29,1.49137010249257,1.67461871065833,1.68109695036358
"TER-NFTB-T-18",2024-03-30,1.29222171337652,1.46888008212113,1.55674665406017
"TER-NFTB-T-18",2024-03-31,1.65817583550397,2.13398569056501,2.41963211361095
"TER-NFTB-T-18",2024-04-01,1.42807638938295,1.49637242516113,1.52143501101875
"TER-NFTB-T-18",2024-04-02,0.675328690771916,0.888483074635102,0.878229031565262
"TER-NFTB-T-18",2024-04-03,0.992499041725526,1.38688865628339,1.41277171299665
"TER-NFTB-T-18",2024-04-04,1.22178296893859,1.35065738154383,1.4866556183381
"TER-NFTB-T-18",2024-04-05,NA,NA,NA
"TER-NFTB-T-18",2024-04-06,1.52693213311215,1.91485421551268,1.76507482289981
"TER-NFTB-T-18",2024-04-07,0.601929265428846,0.793999233380421,0.793999233380421
"TER-NFTB-T-18",2024-04-08,1.32424438394346,1.82921144014398,1.92193667421956
"TER-NFTB-T-18",2024-04-09,0.39699961669021,0.294883912309794,0.350982059081517
"TER-NFTB-T-18",2024-04-10,0.240771706171539,0.251805077592668,0.24726767752342
"TER-NFTB-T-18",2024-04-11,0.541318171059166,0.619724108789139,0.625543242171224
"TER-NFTB-T-18",2024-04-12,1.52515145363395,1.91946078630039,1.66104123097968
"TER-NFTB-T-18",2024-04-13,0.39699961669021,0.416485467846762,0.481543412343077
"TER-NFTB-T-18",2024-04-14,0.240771706171538,0.240771706171538,0.24726767752342
"TER-NFTB-T-18",2024-04-15,0.691236552140071,0.61642670615246,0.710939366337732
"TER-NFTB-T-18",2024-04-16,0.19034674690672,0.24726767752342,0.240771706171538
"TER-NFTB-T-18",2024-04-17,0.380693493813441,0.508977377704051,0.487153816139944
"TER-NFTB-T-18",2024-04-18,0.520851448960314,0.583592075121765,0.646898957233327
"TER-NFTB-T-18",2024-04-19,0.807572853087248,0.920528754795741,0.931532942621143
"TER-NFTB-T-18",2024-04-20,1.79925507935359,2.15646987431788,2.16684085141533
"TER-NFTB-T-18",2024-04-21,0.9006338347785,1.05273109274078,1.09345881217037
"TER-NFTB-T-18",2024-04-22,0.763466066556077,0.920528754795741,0.975933221165215
"TER-NFTB-T-18",2024-04-23,0.28232985128664,0.389513818102457,0.434057366141216
"TER-NFTB-T-18",2024-04-24,0.598533836656866,0.688610762774367,0.556581178890961
"TER-NFTB-T-18",2024-04-25,1.88817832613987,1.95418540054677,1.8056623900017
"TER-NFTB-T-18",2024-04-26,1.03712779249763,1.28748153215966,1.30616570180805
"TER-NFTB-T-18",2024-04-27,1.31601066028016,1.64790160815048,1.78751203502587
"TER-NFTB-T-18",2024-04-28,1.7214282492719,2.16150444118798,2.21152694970587
"TER-NFTB-T-18",2024-04-29,2.51939937056549,3.13978387052727,3.21652211134225
"TER-NFTB-T-18",2024-04-30,2.02151023326334,2.47295150183637,2.57777569548475
"TER-NFTB-T-18",2024-05-01,0.619724108789139,0.734440041060564,0.805045232323598
"TER-NFTB-T-18",2024-05-02,0.42933636014776,0.589383736122568,0.619724108789139
"TER-NFTB-T-18",2024-05-03,0.855502225579229,1.07318265663062,1.0215078369105
"TER-NFTB-T-18",2024-05-04,1.42171946314456,1.5809956045003,1.57410545104656
"TER-NFTB-T-18",2024-05-05,1.78345353786947,2.49637418228338,2.86778394977877
"TER-NFTB-T-18",2024-05-06,0.403225222065963,0.477292332867911,0.489009646921826
"TER-NFTB-T-18",2024-05-07,0.675328690771916,0.883627241233132,0.920528754795741
"TER-NFTB-T-18",2024-05-08,0.890519714727777,0.96964807600714,1.26762930621338
"TER-NFTB-T-18",2024-05-09,1.34713195075821,2.12121359166145,2.18100744571422
"TER-NFTB-T-18",2024-05-10,2.32035729382664,2.90419174817107,2.74224862771994
"TER-NFTB-T-18",2024-05-11,2.18183791026434,2.56085357146651,2.94761018404765
"TER-NFTB-T-18",2024-05-12,2.64977097725144,3.32616983888398,3.25980961033803
"TER-NFTB-T-18",2024-05-13,NA,NA,NA
"TER-NFTB-T-18",2024-05-14,1.1210680078661,1.39096463243882,1.70663135436747
"TER-NFTB-T-18",2024-05-15,1.29362287585198,1.47626143554824,1.63507190818249
"TER-NFTB-T-18",2024-05-16,1.32424438394346,1.55805527240983,1.51023081065421
"TER-NFTB-T-18",2024-05-17,0.951733734533601,0.989070710093681,1.12590543274214
"TER-NFTB-T-18",2024-05-18,1.31601066028016,1.74247866100506,1.93742695046956
"TER-NFTB-T-18",2024-05-19,2.54488688852026,2.65804766535597,2.80906593893332
"TER-NFTB-T-18",2024-05-20,1.17934365189938,1.55979838905313,1.74130864498556
"TER-NFTB-T-18",2024-05-21,1.16950999276979,1.34864397811659,1.52277397525376
"TER-NFTB-T-18",2024-05-22,1.06321906614239,1.23340432619805,1.31049277157405
"TER-NFTB-T-18",2024-05-23,0.370443330172869,0.42349477692996,0.408248290463863
"TER-NFTB-T-18",2024-05-24,1.24218571973713,1.3805061033727,1.53167049091951
"TER-NFTB-T-18",2024-05-25,2.00531449700142,2.10578482047547,2.39527009762567
"TER-NFTB-T-18",2024-05-26,2.41222730680799,2.48874277090063,2.55057538265559
"TER-NFTB-T-18",2024-05-27,2,1.82375627662299,1.8528278426483
"TER-NFTB-T-18",2024-05-28,1.18795281221855,1.29362287585198,1.35918107270731
"TER-NFTB-T-18",2024-05-29,0.294114982937636,0.360530004379623,0.416485467846762
"TER-NFTB-T-18",2024-05-30,0.883627241233132,0.813996670576818,0.892805381522402
"TER-NFTB-T-18",2024-05-31,0.508977377704051,0.758705514657047,0.793713981266533
"TER-NFTB-T-18",2024-06-01,0.963086824686154,1.1466318034808,1.25325662731663
"TER-NFTB-T-18",2024-06-02,0.529902917003931,0.607918758874329,0.625543242171224
"TER-NFTB-T-18",2024-06-03,0.674321989058296,0.72700248190474,0.798265783351363
"TER-NFTB-T-18",2024-06-04,1.22400506771708,1.24218571973713,1.46687457353816
"TER-NFTB-T-18",2024-06-05,0.414851116999054,0.487153816139944,0.570643547208776
"TER-NFTB-T-18",2024-06-06,0.831610538026378,1.07823493715894,1.30199818562175
"TER-NFTB-T-18",2024-06-07,1.02659384740813,1.17645993175054,1.26548381078634
"TER-NFTB-T-18",2024-06-08,0.884651736929383,1.22011373905546,1.46687457353816
"TER-NFTB-T-18",2024-06-09,0.589383736122568,0.719488042623545,0.736902546011914
"TER-NFTB-T-18",2024-06-10,0.829702233998107,1.03537957752952,1.0494995356656
"TER-NFTB-T-18",2024-06-11,1.84154944213455,2.51805077592668,2.77899731683147
"TER-NFTB-T-18",2024-06-12,1.11295891039691,3.27975509425031,3.59895063208346
"TER-NFTB-T-18",2024-06-13,1.39810948960642,0.575779245136914,0.69025305168635
"TER-NFTB-T-18",2024-06-14,1.32424438394346,1.31308216902397,1.65379997213269
"TER-NFTB-T-18",2024-06-15,0.732278556328103,2.59877340074232,2.98152523947445
"TER-NFTB-T-18",2024-06-16,1.21565125386128,1.84142647131928,2.0951116327354
"TER-NFTB-T-18",2024-06-17,2.80260942073943,0.807572853087248,0.932261936818499
"TER-NFTB-T-18",2024-06-18,1.25325662731663,1.53801467172286,1.71932220382909
"TER-NFTB-T-18",2024-06-19,1.23340432619805,1.87469804331876,2.01578912515706
"TER-NFTB-T-18",2024-06-20,1.12931940514656,2.48145294044682,2.73861278752583
"TER-NFTB-T-18",2024-06-21,0.461860603852834,3.0428700220375,3.3615876813093
"TER-NFTB-T-18",2024-06-22,0.686304956089946,1.134920031659,1.4364559850902
"TER-NFTB-T-18",2024-06-23,1.98351448448075,1.03121568893295,1.10006587418037
"TER-NFTB-T-18",2024-06-24,2.47588002214525,1.07823493715894,1.15450441089786
"TER-NFTB-T-18",2024-06-25,2.10546218548155,1.23944821757828,1.73087374266394
"TER-NFTB-T-18",2024-06-26,1.22178296893859,2.94114982937636,3.39216648740313
"TER-NFTB-T-18",2024-06-27,0.408248290463863,1.48360606514052,1.62130292925344
"TER-NFTB-T-18",2024-06-28,0.84457990586522,1.59127489677348,1.94302916057392
"TER-NFTB-T-18",2024-06-29,0.434057366141216,0.793999233380421,0.999773525079193
"TER-NFTB-T-18",2024-06-30,1.0215078369105,0.717281502356772,0.756314001962953
"TER-NFTB-T-18",2024-07-01,0.499546896146173,1.84154944213455,2.2112197434048
"TER-NFTB-T-18",2024-07-02,0.637022057270606,2.42486739514926,2.95957057206185
"TER-NFTB-T-18",2024-07-03,1.08326365439238,1.30616570180805,1.4939491483886
"TER-NFTB-T-18",2024-07-04,0.524749767832802,1.88709864722219,2.14921202277499
"TER-NFTB-T-18",2024-07-05,0.80729239714787,3.64055259382498,4.27645220694221
"TER-NFTB-T-18",2024-07-06,1.13232318580052,1.85612480058921,2.11576210273327
"TER-NFTB-T-18",2024-07-07,0.907896118682551,2.38646166433956,2.69022654075446
"TER-NFTB-T-18",2024-07-08,0.440273301155254,0.625181133172909,0.686304956089947
"TER-NFTB-T-18",2024-07-09,0.880546602310508,0.667232549687378,0.829702233998107
"TER-NFTB-T-18",2024-07-10,NA,1.41020478521096,1.62060442293984
"TER-NFTB-T-18",2024-07-11,NA,0.569451808600904,0.686304956089947
"TER-NFTB-T-18",2024-07-12,NA,1.66757221776128,1.95742732665364
"TER-NFTB-T-18",2024-07-13,NA,1.16950999276979,1.25956485469721
"TER-NFTB-T-18",2024-07-14,NA,2.45503032833476,2.84630449449147
"TER-NFTB-T-18",2024-07-15,NA,1.30217209842365,1.36582910001024
"TER-NFTB-T-18",2024-07-16,NA,1.28748153215966,1.44463023702923
"TER-NFTB-T-18",2024-07-17,NA,0.659036956585082,0.706786460997433
"TER-NFTB-T-18",2024-07-18,NA,1.22899010031272,1.52856260034989
"TER-NFTB-T-18",2024-07-19,NA,2.69963765684598,2.97384431334258
"TER-NFTB-T-18",2024-07-20,NA,2.20013174836075,2.41288434649596
"TER-NFTB-T-18",2024-07-21,NA,1.56255434688094,1.74650271661124
"TER-NFTB-T-18",2024-07-22,NA,1.22899010031272,1.41661338348219
"TER-NFTB-T-18",2024-07-23,NA,1.93824494795185,2.11265596285607
"TER-NFTB-T-18",2024-07-24,NA,2.09543586140816,2.30743913512769
"TER-NFTB-T-18",2024-07-25,NA,2.55802233392704,2.62504313284094
"TER-NFTB-T-18",2024-07-26,NA,0.896601877945965,0.999093792292346
"TER-NFTB-T-18",2024-07-27,NA,0.895843865795853,1.17876747224514
"TER-NFTB-T-18",2024-07-28,NA,2.08503553648512,2.39252686141842
"TER-NFTB-T-18",2024-07-29,NA,1.39810948960642,1.67123468199976
"TER-NFTB-T-18",2024-07-30,NA,1.22751516416738,1.48162048965392
"TER-NFTB-T-18",2024-07-31,NA,1.12288448436043,1.29589653371207
"TER-NFTB-T-18",2024-08-01,NA,1.9752774525349,2.19683566898431
"TER-NFTB-T-18",2024-08-02,NA,1.82176853077172,1.75025878003838
"TER-NFTB-T-18",2024-08-03,NA,2.09197483150543,2.4594538099908
"TER-NFTB-T-18",2024-08-04,NA,2.5465769864322,2.66136815092963
"TER-NFTB-T-18",2024-08-05,NA,2.4955576473034,2.66485445669408
"TER-NFTB-T-18",2024-08-06,NA,0.58008932345666,0.606426931450447
"TER-NFTB-T-18",2024-08-07,NA,1.23193467500443,1.46702894076548
"TER-NFTB-T-18",2024-08-08,NA,2.50506732820509,2.78575244174113
"TER-NFTB-T-18",2024-08-09,NA,2.46827699100969,2.66077247146905
"TER-NFTB-T-18",2024-08-10,NA,1.17934365189938,1.31446109528373
"TER-NFTB-T-18",2024-08-11,NA,1.2128538629009,1.24163870214595
"TER-NFTB-T-18",2024-08-12,NA,2.83218753473072,3.14475639018719
"TER-NFTB-T-18",2024-08-13,NA,2.16024689946929,2.41138227843567
"TER-NFTB-T-18",2024-08-14,NA,1.66757221776128,1.79963261146043
"TER-NFTB-T-18",2024-08-15,NA,2.01982923657609,2.18681407465323
"TER-NFTB-T-18",2024-08-16,NA,2.18183791026434,2.22866291883656
"TER-NFTB-T-18",2024-08-17,NA,2.07600159168909,2.17435231069266
"TER-NFTB-T-18",2024-08-18,NA,2.14002573464142,2.25382123180334
"TER-NFTB-T-18",2024-08-19,NA,2.22866291883656,2.48172669552962
"TER-NFTB-T-18",2024-08-20,NA,0.658005330140079,0.683328914796602
"TER-NFTB-T-18",2024-08-21,NA,1.30147630777903,1.51741102931409
"TER-NFTB-T-18",2024-08-22,NA,3.23001099293683,3.20975641316971
"TER-NFTB-T-18",2024-08-23,NA,1.19782411425704,1.37771471142866
"TER-NFTB-T-18",2024-08-24,NA,1.49622108534531,1.49864068843852
"TER-NFTB-T-18",2024-08-25,NA,3.05623619999255,3.1995810414146
"TER-NFTB-T-18",2024-08-26,NA,0.963086824686153,0.994322651975647
"TER-NFTB-T-18",2024-08-27,NA,0.920528754795741,1.03011713137285
"TER-NFTB-T-18",2024-08-28,NA,2.29681569109073,2.28406182179842
"TER-NFTB-T-18",2024-08-29,NA,1.98351448448075,2.12121359166145
"TER-NFTB-T-18",2024-08-30,NA,2.41672913462492,2.47011118684207
"TER-NFTB-T-18",2024-08-31,NA,1.95418540054677,1.81466949120738
"TER-NFTB-T-18",2024-09-01,NA,0.653862548158295,0.670280062599837
"TER-NFTB-T-18",2024-09-02,NA,0.902643059439125,0.974307632279888
"TER-NFTB-T-18",2024-09-03,NA,1.39616451835693,1.65160769282978
"TER-NFTB-T-18",2024-09-04,NA,1.23358790948792,1.38509142689916
"TER-NFTB-T-18",2024-09-05,NA,1.48406389760479,1.74403746137136
"TER-NFTB-T-18",2024-09-06,NA,1.12207752451178,1.23340432619805
"TER-NFTB-T-18",2024-09-07,NA,1.42696597158376,1.45898018780441
"TER-NFTB-T-18",2024-09-08,NA,0.659036956585082,0.761386987626881
"TER-NFTB-T-18",2024-09-09,NA,0.963086824686154,1.19763504881284
"TER-NFTB-T-18",2024-09-10,NA,0.69025305168635,0.846722153836252
"TER-NFTB-T-18",2024-09-11,NA,1.10314931255796,0.717281502356772
"TER-NFTB-T-18",2024-09-12,0.97034843584999,2.62374883916401,1.62353612993903
"TER-NFTB-T-18",2024-09-13,1.0494995356656,2.49337891340187,1.85025948043174
"TER-NFTB-T-18",2024-09-14,1.10642884209004,1.58785585992056,1.62854963481113
"TER-NFTB-T-18",2024-09-15,1.0494995356656,2.78380083724559,2.0375772413562
"TER-NFTB-T-18",2024-09-16,0.414851116999053,0.508977377704051,0.510310363079829
"TER-NFTB-T-18",2024-09-17,0.598533836656866,1.12931940514656,1.34578650028443
"TER-NFTB-T-18",2024-09-18,0.876163822283402,2.23839600309388,1.49622108534531
"TER-NFTB-T-18",2024-09-19,1.17472630176479,1.69985080334222,1.59013603465101
"TER-NFTB-T-18",2024-09-20,0.996370223957142,1.8528278426483,1.42950280198031
"TER-NFTB-T-18",2024-09-21,1.41932827549626,2.15520939498506,2.50642290866914
"TER-NFTB-T-18",2024-09-22,0.916831342257085,1.42426563838901,1.40247581290983
"TER-NFTB-T-18",2024-09-23,1.20385853085769,2.24536559755125,2.1382261034711
"TER-NFTB-T-18",2024-09-24,0.39699961669021,0.570643547208776,0.570643547208776
"TER-NFTB-T-18",2024-09-25,0.842700971600384,1.25902538796334,1.15077163777999
"TER-NFTB-T-18",2024-09-26,0.670280062599836,0.896601877945965,0.98815447950324
"TER-NFTB-T-18",2024-09-27,1.03909101859632,1.34056012519967,1.37508234272547
"TER-NFTB-T-18",2024-09-28,0.545070132437435,0.675328690771916,0.717281502356773
"TER-NFTB-T-18",2024-09-29,0.416485467846762,0.588229965875272,0.658005330140078
"TER-NFTB-T-18",2024-09-30,0.294883912309794,0.306186217847897,0.291796037560882
"TER-NFTB-T-18",2024-10-01,0.221162934232346,0.254488688852026,0.294114982937636
"TER-NFTB-T-18",2024-10-02,0.168915981173044,0.294883912309794,0.294114982937636
"TER-NFTB-T-18",2024-10-03,0.318511028635303,0.42349477692996,0.42349477692996
"TER-NFTB-T-18",2024-10-04,0.461860603852834,0.595499425035315,0.680672621302858
"TER-NFTB-T-18",2024-10-05,1.13232318580052,1.39031327926218,1.49984902621873
"TER-NFTB-T-18",2024-10-06,0.816496580927726,1.39291686446261,1.57597450873227
"TER-NFTB-T-18",2024-10-07,1.69985080334222,2.22754495392105,2.27452415791249
"TER-NFTB-T-18",2024-10-08,1.23944821757828,1.40634560866613,1.52455743162363
"TER-NFTB-T-18",2024-10-09,1.57194608455685,1.93356601548328,2.00531449700142
"TER-NFTB-T-18",2024-10-10,1.00722031037067,1.12751329565733,1.23285341230492
"TER-NFTB-T-18",2024-10-11,0.791428263111808,0.902643059439125,1.05273109274078
"TER-NFTB-T-18",2024-10-12,1.44400309124885,2.15678487904862,2.25211253483595
"TER-NFTB-T-18",2024-10-13,1.03712779249763,1.3006060460249,1.42886901662352
"TER-NFTB-T-18",2024-10-14,0.458415671128542,0.531609533071195,0.6412736421045
"TER-NFTB-T-18",2024-10-15,1.05980583400786,1.12590543274214,1.18699932236895
"TER-NFTB-T-18",2024-10-16,0.784531153259565,1.56037899521099,1.7568447920031
"TER-NFTB-T-18",2024-10-17,1.39729941393171,1.89965671956117,1.9560385876873
"TER-NFTB-T-18",2024-10-18,NA,1.3790290114761,1.42553702060011
"TER-NFTB-T-18",2024-10-19,NA,0.619724108789139,0.619724108789139
"TER-NFTB-T-18",2024-10-20,NA,1.09325169808344,1.10990272455338
"TER-NFTB-T-18",2024-10-21,NA,1.39470400994703,1.65708295297594
"TER-NFTB-T-18",2024-10-22,NA,1.4957669740236,1.59426053914242
"TER-NFTB-T-18",2024-10-23,NA,1.65503185310211,1.65489502272255
"TER-NFTB-T-18",2024-10-24,NA,0.959081308608263,1.40247581290983
"TER-NFTB-T-18",2024-10-25,NA,1.33446509937476,1.88241288267733
"TER-NFTB-T-18",2024-10-26,NA,0.816496580927726,0.958372715006831
"TER-NFTB-T-18",2024-10-27,NA,0.672640804719661,0.686304956089946
"TER-NFTB-T-18",2024-10-28,NA,0.807572853087248,0.883627241233132
"TER-NFTB-T-18",2024-10-29,NA,0.858672720295521,0.884395724266829
"TER-NFTB-T-18",2024-10-30,NA,0.557800416231313,0.545070132437435
"TER-NFTB-T-18",2024-10-31,NA,0.557800416231313,0.588229965875272
"TER-NFTB-T-18",2024-11-01,NA,0.98815447950324,1.08012344973464
"TER-NFTB-T-18",2024-11-02,NA,0.675328690771916,0.793999233380421
"TER-NFTB-T-18",2024-11-03,NA,0.510753918455249,0.551266657377563
"TER-NFTB-T-18",2024-11-04,NA,1.24163870214595,1.43456300471354
"TER-NFTB-T-18",2024-11-05,NA,1.46934250306195,1.54857929279936
"TER-NFTB-T-18",2024-11-06,NA,1.45571711497824,1.46702894076548
"TER-NFTB-T-18",2024-11-07,NA,2.36051072218815,2.21070763803574
"TER-NFTB-T-18",2024-11-08,NA,NA,0.98884173203526
"TER-NFTB-T-18",2024-11-09,NA,NA,0.466252404120157
"TER-NFTB-T-18",2024-11-10,NA,NA,0.595499425035315
"TER-NFTB-T-18",2024-11-11,NA,NA,0.758705514657047
"TER-NFTB-T-18",2024-11-12,NA,NA,0.306186217847897
"TER-NFTB-T-18",2024-11-13,NA,NA,1.00339098972478
"TER-NFTB-T-18",2024-11-14,NA,NA,0.696458432231305
"TER-NFTB-T-18",2024-11-15,NA,NA,0.508977377704051
"TER-NFTB-T-18",2024-11-16,NA,NA,0.646898957233327
"TER-NFTB-T-18",2024-11-17,NA,NA,0.441813620616566
"TER-NFTB-T-18",2024-11-18,NA,NA,0.275016468545094
"TER-NFTB-T-18",2024-11-19,NA,NA,0.390094748802747
"TER-NFTB-T-18",2024-11-20,NA,NA,0.80729239714787
"TER-NFTB-T-18",2024-11-21,NA,NA,0.527761886361314
"TER-NFTB-T-18",2024-11-22,NA,NA,0.658005330140078
"TER-NFTB-T-18",2024-11-23,NA,NA,1.25379857615377
"TER-NFTB-T-18",2024-11-24,NA,NA,0.977092700273386
"TER-NFTB-T-18",2024-11-25,NA,NA,2.03190137270631
"TER-NFTB-T-18",2024-11-26,NA,NA,1.15607249910566
"TER-NFTB-T-18",2024-11-27,NA,NA,1.91059213827561
"TER-NFTB-T-18",2024-11-28,NA,NA,0.647948266856035
"TER-NFTB-T-18",2024-11-29,NA,NA,1.21807046272944
"TER-NFTB-T-18",2024-11-30,NA,NA,1.21117232704397
"TER-NFTB-T-18",2024-12-01,NA,NA,1.71100445115846
"TER-NFTB-T-18",2024-12-02,NA,NA,1.35868115934299
"TER-NFTB-T-18",2024-12-03,NA,NA,1.94442719108978
"TER-NFTB-T-18",2024-12-04,NA,NA,1.52455743162363
"TER-NFTB-T-18",2024-12-05,NA,NA,0.674321989058296
"TER-NFTB-T-18",2024-12-06,NA,NA,0.520851448960314
"TER-NFTB-T-18",2024-12-07,NA,NA,0.642332141271278
"TER-NFTB-T-18",2024-12-08,NA,NA,0.389513818102456
"TER-NFTB-T-18",2024-12-09,NA,NA,0.58008932345666
"TER-NFTB-T-18",2024-12-10,NA,NA,0.865763883197535
"TER-NFTB-T-18",2024-12-11,NA,NA,1.04582503316759
"TER-NFTB-T-18",2024-12-12,NA,NA,1.25379857615377
"TER-NFTB-T-18",2024-12-13,NA,NA,0.729490093902206
"TER-NFTB-T-18",2024-12-14,NA,NA,0.859726953621095
"TER-NFTB-T-18",2024-12-15,NA,NA,NA
"TER-NFTB-T-18",2024-12-16,NA,NA,1.40634560866612
"TER-NFTB-T-18",2024-12-17,NA,NA,1.10335456873474
"TER-NFTB-T-18",2024-12-18,NA,NA,0.999093792292346
"TER-NFTB-T-18",2024-12-19,NA,NA,0.800531978921119
"TER-NFTB-T-18",2024-12-20,NA,NA,1.18566314838966
"TER-NFTB-T-18",2024-12-21,NA,NA,0.878229031565262
"TER-NFTB-T-18",2024-12-22,NA,NA,0.567460015829501
"TER-NFTB-T-18",2024-12-23,NA,NA,0.58008932345666
"TER-NFTB-T-18",2024-12-24,NA,NA,0.613480803002159
"TER-NFTB-T-18",2024-12-25,NA,NA,1.28800908044328
"TER-NFTB-T-18",2024-12-26,NA,NA,0.706786460997433
"TER-NFTB-T-18",2024-12-27,NA,NA,0.588229965875271
"TER-NFTB-T-18",2024-12-28,NA,NA,0.453948059341276
"TER-NFTB-T-18",2024-12-29,NA,NA,0.561038762255892
"TER-NFTB-T-18",2024-12-30,NA,NA,0.47348155466575
"TER-NFTB-T-18",2024-12-31,NA,NA,0.637022057270606
"TER-NFTB-T-18",2025-01-01,NA,NA,0.569451808600904
"TER-NFTB-T-18",2025-01-02,NA,NA,0.329002665070039
"TER-NFTB-T-18",2025-01-03,NA,NA,0.63381465310669
"TER-NFTB-T-18",2025-01-04,NA,NA,0.805045232323598
"TER-NFTB-T-18",2025-01-05,NA,NA,1.04257207028537
"TER-NFTB-T-18",2025-01-06,NA,NA,0.570643547208776
"TER-NFTB-T-18",2025-01-07,NA,NA,2.05318769481627
"TER-NFTB-T-18",2025-01-08,NA,NA,1.3805061033727
"TER-NFTB-T-18",2025-01-09,NA,NA,0.398707149803396
"TER-NFTB-T-18",2025-01-10,NA,NA,0.675328690771916
"TER-NFTB-T-18",2025-01-11,NA,NA,0.291796037560882
"TER-NFTB-T-18",2025-01-12,NA,NA,0.691236552140071
"TER-NFTB-T-18",2025-01-13,NA,NA,0.508977377704051
"TER-NFTB-T-18",2025-01-14,NA,NA,0.361157559257308
"TER-NFTB-T-18",2025-01-15,NA,NA,0.472044581534967
"TER-NFTB-T-18",2025-01-16,NA,NA,0.251805077592667
"TER-NFTB-T-18",2025-01-17,NA,NA,1.40586246673077
"TER-NFTB-T-18",2025-01-18,NA,NA,0.855502225579229
"TER-NFTB-T-18",2025-01-19,NA,NA,1.32953489742777
"TER-NFTB-T-18",2025-01-20,NA,NA,0.42933636014776
"TER-NFTB-T-18",2025-01-21,NA,NA,1.2465532188945
"TER-NFTB-T-18",2025-01-22,NA,NA,1.2150922908826
"TER-NFTB-T-18",2025-01-23,NA,NA,2.01623842620469
"TER-NFTB-T-18",2025-01-24,NA,NA,1.64625178133123
"TER-NFTB-T-18",2025-01-25,NA,NA,2.42570772580179
"TER-NFTB-T-18",2025-01-26,NA,NA,2.31253672121256
"TER-NFTB-T-18",2025-01-27,NA,NA,1.32133414132969
"TER-NFTB-T-18",2025-01-28,NA,NA,1.4866556183381
"TER-NFTB-T-18",2025-01-29,NA,NA,1.27244344426013
"TER-NFTB-T-18",2025-01-30,NA,NA,0.604556970379784
"TER-NFTB-T-18",2025-01-31,NA,NA,0.729490093902206
"TER-NFTB-T-18",2025-02-01,NA,NA,2.2112197434048
"TER-NFTB-T-18",2025-02-02,NA,NA,1.69598310594539
"TER-NFTB-T-18",2025-02-03,NA,NA,1.89667424414574
"TER-NFTB-T-18",2025-02-04,NA,NA,1.67461871065833
"TER-NFTB-T-18",2025-02-05,NA,NA,0.453948059341275
"TER-NFTB-T-18",2025-02-06,NA,NA,0.28232985128664
"TER-NFTB-T-18",2025-02-07,NA,NA,1.7098128976375
"TER-NFTB-T-18",2025-02-08,NA,NA,0.458415671128542
"TER-NFTB-T-18",2025-02-09,NA,NA,0.375301810914046
"TER-NFTB-T-18",2025-02-10,NA,NA,1.45711646953739
"TER-NFTB-T-18",2025-02-11,NA,NA,1.16095912372336
"TER-NFTB-T-18",2025-02-12,NA,NA,0.914605720071991
"TER-NFTB-T-18",2025-02-13,NA,NA,1.06236678619288
"TER-NFTB-T-18",2025-02-14,NA,NA,2.12292097786537
"TER-NFTB-T-18",2025-02-15,NA,NA,2.25060378372213
"TER-NFTB-T-18",2025-02-16,NA,NA,1.39291686446261
"TER-NFTB-T-18",2025-02-17,NA,NA,0.72700248190474
"TER-NFTB-T-18",2025-02-18,NA,NA,1.93929615201428
"TER-NFTB-T-18",2025-02-19,NA,NA,0.920528754795741
"TER-NFTB-T-18",2025-02-20,NA,NA,2.11576210273327
"TER-NFTB-T-18",2025-02-21,NA,NA,1.28095723944063
"TER-NFTB-T-18",2025-02-22,NA,NA,0.820646175234819
"TER-NFTB-T-18",2025-02-23,NA,NA,0.931532942621143
"TER-NFTB-T-18",2025-02-24,NA,NA,1.4957669740236
"TER-NFTB-T-18",2025-02-25,NA,NA,1.6003566178661
"TER-NFTB-T-18",2025-02-26,NA,NA,1.75077622536529
"TER-NFTB-T-18",2025-02-27,NA,NA,1.99716737812129
"TER-NFTB-T-18",2025-02-28,NA,NA,2.17695439428175
"TER-NFTB-T-18",2025-03-01,NA,NA,1.46455711265621
"TER-NFTB-T-18",2025-03-02,NA,NA,1.5094809070325
"TER-NFTB-T-18",2025-03-03,NA,NA,2.7580580229522
"TER-NFTB-T-18",2025-03-04,NA,NA,1.70663135436747
"TER-NFTB-T-18",2025-03-05,NA,NA,1.51979689718582
"TER-NFTB-T-18",2025-03-06,NA,NA,1.36930639376292
"TER-NFTB-T-18",2025-03-07,NA,NA,0.571040240720161
"TER-NFTB-T-18",2025-03-08,NA,NA,1.52500296982367
"TER-NFTB-T-18",2025-03-09,NA,NA,0.944089163069933
"TER-NFTB-T-18",2025-03-10,NA,NA,1.3790290114761
"TER-NFTB-T-18",2025-03-11,NA,NA,2.03724380446734
"TER-NFTB-T-18",2025-03-12,NA,NA,0.827242231843205
"TER-NFTB-T-18",2025-03-13,NA,NA,2.07894465283836
"TER-NFTB-T-18",2025-03-14,NA,NA,0.659380473395787
"TER-NFTB-T-18",2025-03-15,NA,NA,1.93356601548328
"TER-NFTB-T-18",2025-03-16,NA,NA,1.09656082921738
"TER-NFTB-T-18",2025-03-17,NA,NA,1.44212001751849
"TER-NFTB-T-18",2025-03-18,NA,NA,0.92641392132415
"TER-NFTB-T-18",2025-03-19,NA,NA,1.44400309124885
"TER-NFTB-T-18",2025-03-20,NA,NA,1.11783142801107
"TER-NFTB-T-18",2025-03-21,NA,NA,1.54638428206772
"TER-NFTB-T-18",2025-03-22,NA,NA,3.03601569566889
"TER-NFTB-T-18",2025-03-23,NA,NA,2.51373041110421
"TER-NFTB-T-18",2025-03-24,NA,NA,2.31947879577675
"TER-NFTB-T-18",2025-03-25,NA,NA,0.85311662216516
"TER-NFTB-T-18",2025-03-26,NA,NA,1.09594112821891
"TER-NFTB-T-18",2025-03-27,NA,NA,1.70623324433032
"TER-NFTB-T-18",2025-03-28,NA,NA,1.14208048144032
"TER-NFTB-T-18",2025-03-29,NA,NA,0.918558653543692
"TER-NFTB-T-18",2025-03-30,NA,NA,1.63687135294346
"TER-NFTB-T-18",2025-03-31,NA,NA,2.79848561531598
"TER-NFTB-T-18",2025-04-01,NA,NA,0.531609533071195
"TER-NFTB-T-18",2025-04-02,NA,NA,1.63687135294346
"TER-NFTB-T-18",2025-04-03,NA,NA,0.845919446605247
"TER-NFTB-T-18",2025-04-04,NA,NA,2.02151023326334
"TER-NFTB-T-18",2025-04-05,NA,NA,1.58742796253307
"TER-NFTB-T-18",2025-04-06,NA,NA,0.69025305168635
"TER-NFTB-T-18",2025-04-07,NA,NA,0.647948266856035
"TER-NFTB-T-18",2025-04-08,NA,NA,0.9006338347785
"TER-NFTB-T-18",2025-04-09,NA,NA,0.72700248190474
"TER-NFTB-T-18",2025-04-10,NA,NA,0.51604684654214
"TER-NFTB-T-18",2025-04-11,NA,NA,0.375301810914046
"TER-NFTB-T-18",2025-04-12,NA,NA,0.907896118682551
"TER-NFTB-T-18",2025-04-13,NA,NA,1.52277397525376
"TER-NFTB-T-18",2025-04-14,NA,NA,1.65489502272255
"TER-NFTB-T-18",2025-04-15,NA,NA,2.90769842743836
"TER-NFTB-T-18",2025-04-16,NA,NA,1.00519484015123
"TER-NFTB-T-18",2025-04-17,NA,NA,0.74180303257026
"TER-NFTB-T-18",2025-04-18,NA,NA,1.06236678619288
"TER-NFTB-T-18",2025-04-19,NA,NA,2.93652658864126
"TER-NFTB-T-18",2025-04-20,NA,NA,2.00361991246423
"TER-NFTB-T-18",2025-04-21,NA,NA,2.76748394598855
"TER-NFTB-T-18",2025-04-22,NA,NA,0.902643059439125
"TER-NFTB-T-18",2025-04-23,NA,NA,1.66104123097968
"TER-NFTB-T-18",2025-04-24,NA,NA,2.08242733923381
"TER-NFTB-T-18",2025-04-25,NA,NA,2.49019817615421
"TER-NFTB-T-18",2025-04-26,NA,NA,1.15136182756378
"TER-NFTB-T-18",2025-04-27,NA,NA,2.29276982670762
"TER-NFTB-T-18",2025-04-28,NA,NA,1.09594112821891
"TER-NFTB-T-18",2025-04-29,NA,NA,1.35784756140003
"TER-NFTB-T-18",2025-04-30,NA,NA,0.779027636204913
"TER-NFTB-T-18",2025-05-01,NA,NA,1.13890361720181
"TER-NFTB-T-18",2025-05-02,NA,NA,1.00722031037067
"TER-NFTB-T-18",2025-05-03,NA,NA,1.23578878172748
"TER-NFTB-T-18",2025-05-04,NA,NA,0.883627241233132
"TER-NFTB-T-18",2025-05-05,NA,NA,1.88048714009375
"TER-NFTB-T-18",2025-05-06,NA,NA,0.536696821549066
"TER-NFTB-T-18",2025-05-07,NA,NA,1.3805061033727
"TER-NFTB-T-18",2025-05-08,NA,NA,1.24218571973713
"TER-NFTB-T-18",2025-05-09,NA,NA,0.761386987626881
"TER-NFTB-T-18",2025-05-10,NA,NA,2
"TER-NFTB-T-18",2025-05-11,NA,NA,1.86683002649574
"TER-NFTB-T-18",2025-05-12,NA,NA,1.62172188862886
"TER-NFTB-T-18",2025-05-13,NA,NA,2.85321773604388
"TER-NFTB-T-18",2025-05-14,NA,NA,0.350982059081517
"TER-NFTB-T-18",2025-05-15,NA,NA,0.642332141271278
"TER-NFTB-T-18",2025-05-16,NA,NA,1.29362287585198
"TER-NFTB-T-18",2025-05-17,NA,NA,2.82714584398973
"TER-NFTB-T-18",2025-05-18,NA,NA,1.36317377968592
"TER-NFTB-T-18",2025-05-19,NA,NA,0.387765804114519
"TER-NFTB-T-18",2025-05-20,NA,NA,1.67988418337849
"TER-NFTB-T-18",2025-05-21,NA,NA,2.01758572901204
"TER-NFTB-T-18",2025-05-22,NA,NA,1.64721438112691
"TER-NFTB-T-18",2025-05-23,NA,NA,2.34974173727328
"TER-NFTB-T-18",2025-05-24,NA,NA,1.92758390482618
"TER-NFTB-T-18",2025-05-25,NA,NA,1.4314024743161
"TER-NFTB-T-18",2025-05-26,NA,NA,2.69829522132944
"TER-NFTB-T-18",2025-05-27,NA,NA,1.16950999276979
"TER-NFTB-T-18",2025-05-28,NA,NA,0.699054744803212
"TER-NFTB-T-18",2025-05-29,NA,NA,0.625181133172909
"TER-NFTB-T-18",2025-05-30,NA,NA,1.29099444873581
"TER-NFTB-T-18",2025-05-31,NA,NA,2.94507387766887
"TER-NFTB-T-18",2025-06-01,NA,NA,2.85773803324704
"TER-NFTB-T-18",2025-06-02,NA,NA,3.68549595506258
"TER-NFTB-T-18",2025-06-03,NA,NA,1.20009057629178
"TER-NFTB-T-18",2025-06-04,NA,NA,1.17260393995586
"TER-NFTB-T-18",2025-06-05,NA,NA,1.71259189957583
"TER-NFTB-T-18",2025-06-06,NA,NA,1.05208557540298
"TER-NFTB-T-18",2025-06-07,NA,NA,1.53875066959804
"TER-NFTB-T-18",2025-06-08,NA,NA,1.67245372111618
"TER-NFTB-T-18",2025-06-09,NA,NA,1.29362287585198
"TER-NFTB-T-18",2025-06-10,NA,NA,1.68271261335097
"TER-NFTB-T-18",2025-06-11,NA,NA,1.25325662731663
"TER-NFTB-T-18",2025-06-12,NA,NA,0.598533836656866
"TER-PRIBS-T06",2023-08-09,NA,NA,NA
"TER-PRIBS-T06",2023-08-10,NA,NA,NA
"TER-PRIBS-T06",2023-08-11,NA,NA,NA
"TER-PRIBS-T06",2023-08-12,NA,NA,NA
"TER-PRIBS-T06",2023-08-13,NA,NA,NA
"TER-PRIBS-T06",2023-08-14,NA,NA,NA
"TER-PRIBS-T06",2023-08-15,NA,NA,NA
"TER-PRIBS-T06",2023-08-16,NA,NA,NA
"TER-PRIBS-T06",2023-08-17,NA,NA,NA
"TER-PRIBS-T06",2023-08-18,NA,NA,NA
"TER-PRIBS-T06",2023-08-19,NA,NA,NA
"TER-PRIBS-T06",2023-08-20,NA,NA,NA
"TER-PRIBS-T06",2023-08-21,NA,NA,NA
"TER-PRIBS-T06",2023-08-22,NA,NA,NA
"TER-PRIBS-T06",2023-08-23,NA,NA,NA
"TER-PRIBS-T06",2023-08-24,NA,NA,NA
"TER-PRIBS-T06",2023-08-25,NA,NA,NA
"TER-PRIBS-T06",2023-08-26,NA,NA,NA
"TER-PRIBS-T06",2023-08-27,NA,NA,NA
"TER-PRIBS-T06",2023-08-28,NA,NA,NA
"TER-PRIBS-T06",2023-08-29,NA,NA,NA
"TER-PRIBS-T06",2023-08-30,NA,NA,NA
"TER-PRIBS-T06",2023-08-31,NA,NA,NA
"TER-PRIBS-T06",2023-09-01,NA,NA,NA
"TER-PRIBS-T06",2023-09-02,NA,NA,NA
"TER-PRIBS-T06",2023-09-03,NA,NA,NA
"TER-PRIBS-T06",2023-09-04,NA,NA,NA
"TER-PRIBS-T06",2023-09-05,NA,NA,NA
"TER-PRIBS-T06",2023-09-06,NA,NA,NA
"TER-PRIBS-T06",2023-09-07,NA,NA,NA
"TER-PRIBS-T06",2023-09-08,NA,NA,NA
"TER-PRIBS-T06",2023-09-09,NA,NA,NA
"TER-PRIBS-T06",2023-09-10,NA,NA,NA
"TER-PRIBS-T06",2023-09-11,NA,NA,NA
"TER-PRIBS-T06",2023-09-12,NA,NA,NA
"TER-PRIBS-T06",2023-09-13,NA,NA,NA
"TER-PRIBS-T06",2023-09-14,NA,NA,NA
"TER-PRIBS-T06",2023-09-15,NA,NA,NA
"TER-PRIBS-T06",2023-09-16,NA,NA,NA
"TER-PRIBS-T06",2023-09-17,NA,NA,NA
"TER-PRIBS-T06",2023-09-18,NA,NA,NA
"TER-PRIBS-T06",2023-09-19,NA,NA,NA
"TER-PRIBS-T06",2023-09-20,NA,NA,NA
"TER-PRIBS-T06",2023-09-21,NA,NA,NA
"TER-PRIBS-T06",2023-09-22,NA,NA,NA
"TER-PRIBS-T06",2023-09-23,NA,NA,NA
"TER-PRIBS-T06",2023-09-24,NA,NA,NA
"TER-PRIBS-T06",2023-09-25,NA,NA,NA
"TER-PRIBS-T06",2023-09-26,NA,NA,NA
"TER-PRIBS-T06",2023-09-27,NA,NA,NA
"TER-PRIBS-T06",2023-09-28,NA,NA,NA
"TER-PRIBS-T06",2023-09-29,NA,NA,NA
"TER-PRIBS-T06",2023-09-30,NA,NA,NA
"TER-PRIBS-T06",2023-10-01,NA,NA,NA
"TER-PRIBS-T06",2023-10-02,NA,NA,NA
"TER-PRIBS-T06",2023-10-03,NA,NA,NA
"TER-PRIBS-T06",2023-10-04,NA,NA,NA
"TER-PRIBS-T06",2023-10-05,NA,NA,NA
"TER-PRIBS-T06",2023-10-06,NA,NA,NA
"TER-PRIBS-T06",2023-10-07,NA,NA,NA
"TER-PRIBS-T06",2023-10-08,NA,NA,NA
"TER-PRIBS-T06",2023-10-09,NA,NA,NA
"TER-PRIBS-T06",2023-10-10,NA,NA,NA
"TER-PRIBS-T06",2023-10-11,NA,NA,NA
"TER-PRIBS-T06",2023-10-12,NA,NA,NA
"TER-PRIBS-T06",2023-10-13,NA,NA,NA
"TER-PRIBS-T06",2023-10-14,NA,NA,NA
"TER-PRIBS-T06",2023-10-15,NA,NA,NA
"TER-PRIBS-T06",2023-10-16,NA,NA,NA
"TER-PRIBS-T06",2023-10-17,NA,NA,NA
"TER-PRIBS-T06",2023-10-18,NA,NA,NA
"TER-PRIBS-T06",2023-10-19,NA,NA,NA
"TER-PRIBS-T06",2023-10-20,NA,NA,NA
"TER-PRIBS-T06",2023-10-21,NA,NA,NA
"TER-PRIBS-T06",2023-10-22,NA,NA,NA
"TER-PRIBS-T06",2023-10-23,NA,NA,NA
"TER-PRIBS-T06",2023-10-24,NA,NA,NA
"TER-PRIBS-T06",2023-10-25,NA,NA,NA
"TER-PRIBS-T06",2023-10-26,NA,NA,NA
"TER-PRIBS-T06",2023-10-27,NA,NA,NA
"TER-PRIBS-T06",2023-10-28,NA,NA,NA
"TER-PRIBS-T06",2023-10-29,NA,NA,NA
"TER-PRIBS-T06",2023-10-30,NA,NA,NA
"TER-PRIBS-T06",2023-10-31,NA,NA,NA
"TER-PRIBS-T06",2023-11-01,NA,NA,NA
"TER-PRIBS-T06",2023-11-02,NA,NA,NA
"TER-PRIBS-T06",2023-11-03,NA,NA,NA
"TER-PRIBS-T06",2023-11-04,NA,NA,NA
"TER-PRIBS-T06",2023-11-05,NA,NA,NA
"TER-PRIBS-T06",2023-11-06,NA,NA,NA
"TER-PRIBS-T06",2023-11-07,NA,NA,NA
"TER-PRIBS-T06",2023-11-08,NA,NA,NA
"TER-PRIBS-T06",2023-11-09,NA,NA,NA
"TER-PRIBS-T06",2023-11-10,NA,NA,NA
"TER-PRIBS-T06",2023-11-11,NA,NA,NA
"TER-PRIBS-T06",2023-11-12,NA,NA,NA
"TER-PRIBS-T06",2023-11-13,NA,NA,NA
"TER-PRIBS-T06",2023-11-14,NA,NA,NA
"TER-PRIBS-T06",2023-11-15,NA,NA,NA
"TER-PRIBS-T06",2023-11-16,NA,NA,NA
"TER-PRIBS-T06",2023-11-17,NA,NA,NA
"TER-PRIBS-T06",2023-11-18,NA,NA,NA
"TER-PRIBS-T06",2023-11-19,NA,NA,NA
"TER-PRIBS-T06",2023-11-20,NA,NA,NA
"TER-PRIBS-T06",2023-11-21,NA,NA,NA
"TER-PRIBS-T06",2023-11-22,NA,NA,NA
"TER-PRIBS-T06",2023-11-23,NA,NA,NA
"TER-PRIBS-T06",2023-11-24,NA,NA,NA
"TER-PRIBS-T06",2023-11-25,NA,NA,NA
"TER-PRIBS-T06",2023-11-26,NA,NA,NA
"TER-PRIBS-T06",2023-11-27,NA,NA,NA
"TER-PRIBS-T06",2023-11-28,NA,NA,NA
"TER-PRIBS-T06",2023-11-29,NA,NA,NA
"TER-PRIBS-T06",2023-11-30,NA,NA,NA
"TER-PRIBS-T06",2023-12-01,NA,NA,NA
"TER-PRIBS-T06",2023-12-02,NA,NA,NA
"TER-PRIBS-T06",2023-12-03,NA,NA,NA
"TER-PRIBS-T06",2023-12-04,NA,NA,NA
"TER-PRIBS-T06",2023-12-05,NA,NA,NA
"TER-PRIBS-T06",2023-12-06,NA,NA,NA
"TER-PRIBS-T06",2023-12-07,NA,NA,NA
"TER-PRIBS-T06",2023-12-08,NA,NA,NA
"TER-PRIBS-T06",2023-12-09,NA,NA,NA
"TER-PRIBS-T06",2023-12-10,NA,NA,NA
"TER-PRIBS-T06",2023-12-11,NA,NA,NA
"TER-PRIBS-T06",2023-12-12,NA,NA,NA
"TER-PRIBS-T06",2023-12-13,NA,NA,NA
"TER-PRIBS-T06",2023-12-14,NA,NA,NA
"TER-PRIBS-T06",2023-12-15,NA,NA,NA
"TER-PRIBS-T06",2023-12-16,NA,NA,NA
"TER-PRIBS-T06",2023-12-17,NA,NA,NA
"TER-PRIBS-T06",2023-12-18,NA,NA,NA
"TER-PRIBS-T06",2023-12-19,NA,NA,NA
"TER-PRIBS-T06",2023-12-20,NA,NA,NA
"TER-PRIBS-T06",2023-12-21,NA,NA,NA
"TER-PRIBS-T06",2023-12-22,NA,NA,NA
"TER-PRIBS-T06",2023-12-23,NA,NA,NA
"TER-PRIBS-T06",2023-12-24,NA,NA,NA
"TER-PRIBS-T06",2023-12-25,NA,NA,NA
"TER-PRIBS-T06",2023-12-26,NA,NA,NA
"TER-PRIBS-T06",2023-12-27,NA,NA,NA
"TER-PRIBS-T06",2023-12-28,NA,NA,NA
"TER-PRIBS-T06",2023-12-29,NA,NA,NA
"TER-PRIBS-T06",2023-12-30,NA,NA,NA
"TER-PRIBS-T06",2023-12-31,NA,NA,NA
"TER-PRIBS-T06",2024-01-01,NA,NA,NA
"TER-PRIBS-T06",2024-01-02,NA,NA,NA
"TER-PRIBS-T06",2024-01-03,NA,NA,NA
"TER-PRIBS-T06",2024-01-04,NA,NA,NA
"TER-PRIBS-T06",2024-01-05,NA,NA,NA
"TER-PRIBS-T06",2024-01-06,NA,NA,NA
"TER-PRIBS-T06",2024-01-07,NA,NA,NA
"TER-PRIBS-T06",2024-01-08,NA,NA,NA
"TER-PRIBS-T06",2024-01-09,NA,NA,NA
"TER-PRIBS-T06",2024-01-10,NA,NA,NA
"TER-PRIBS-T06",2024-01-11,NA,NA,NA
"TER-PRIBS-T06",2024-01-12,NA,NA,NA
"TER-PRIBS-T06",2024-01-13,NA,NA,NA
"TER-PRIBS-T06",2024-01-14,NA,NA,NA
"TER-PRIBS-T06",2024-01-15,NA,NA,NA
"TER-PRIBS-T06",2024-01-16,NA,NA,NA
"TER-PRIBS-T06",2024-01-17,NA,NA,NA
"TER-PRIBS-T06",2024-01-18,NA,NA,NA
"TER-PRIBS-T06",2024-01-19,NA,NA,NA
"TER-PRIBS-T06",2024-01-20,NA,NA,NA
"TER-PRIBS-T06",2024-01-21,NA,NA,NA
"TER-PRIBS-T06",2024-01-22,NA,NA,NA
"TER-PRIBS-T06",2024-01-23,NA,NA,NA
"TER-PRIBS-T06",2024-01-24,NA,NA,NA
"TER-PRIBS-T06",2024-01-25,NA,NA,NA
"TER-PRIBS-T06",2024-01-26,NA,NA,NA
"TER-PRIBS-T06",2024-01-27,NA,NA,NA
"TER-PRIBS-T06",2024-01-28,NA,NA,NA
"TER-PRIBS-T06",2024-01-29,NA,NA,NA
"TER-PRIBS-T06",2024-01-30,NA,NA,NA
"TER-PRIBS-T06",2024-01-31,NA,NA,NA
"TER-PRIBS-T06",2024-02-01,NA,NA,NA
"TER-PRIBS-T06",2024-02-02,NA,NA,NA
"TER-PRIBS-T06",2024-02-03,NA,NA,NA
"TER-PRIBS-T06",2024-02-04,NA,NA,NA
"TER-PRIBS-T06",2024-02-05,NA,NA,NA
"TER-PRIBS-T06",2024-02-06,NA,NA,NA
"TER-PRIBS-T06",2024-02-07,NA,NA,NA
"TER-PRIBS-T06",2024-02-08,NA,NA,NA
"TER-PRIBS-T06",2024-02-09,NA,NA,NA
"TER-PRIBS-T06",2024-02-10,NA,NA,NA
"TER-PRIBS-T06",2024-02-11,NA,NA,NA
"TER-PRIBS-T06",2024-02-12,NA,NA,NA
"TER-PRIBS-T06",2024-02-13,NA,NA,NA
"TER-PRIBS-T06",2024-02-14,NA,NA,NA
"TER-PRIBS-T06",2024-02-15,NA,NA,NA
"TER-PRIBS-T06",2024-02-16,NA,NA,NA
"TER-PRIBS-T06",2024-02-17,NA,NA,NA
"TER-PRIBS-T06",2024-02-18,NA,NA,NA
"TER-PRIBS-T06",2024-02-19,NA,NA,NA
"TER-PRIBS-T06",2024-02-20,NA,NA,NA
"TER-PRIBS-T06",2024-02-21,NA,NA,NA
"TER-PRIBS-T06",2024-02-22,NA,NA,NA
"TER-PRIBS-T06",2024-02-23,NA,NA,NA
"TER-PRIBS-T06",2024-02-24,NA,NA,NA
"TER-PRIBS-T06",2024-02-25,NA,NA,NA
"TER-PRIBS-T06",2024-02-26,NA,NA,NA
"TER-PRIBS-T06",2024-02-27,NA,NA,NA
"TER-PRIBS-T06",2024-02-28,NA,NA,NA
"TER-PRIBS-T06",2024-02-29,NA,NA,NA
"TER-PRIBS-T06",2024-03-01,NA,NA,NA
"TER-PRIBS-T06",2024-03-02,NA,NA,NA
"TER-PRIBS-T06",2024-03-03,NA,NA,NA
"TER-PRIBS-T06",2024-03-04,NA,NA,NA
"TER-PRIBS-T06",2024-03-05,NA,NA,NA
"TER-PRIBS-T06",2024-03-06,NA,NA,NA
"TER-PRIBS-T06",2024-03-07,NA,NA,NA
"TER-PRIBS-T06",2024-03-08,NA,NA,NA
"TER-PRIBS-T06",2024-03-09,NA,NA,NA
"TER-PRIBS-T06",2024-03-10,NA,NA,NA
"TER-PRIBS-T06",2024-03-11,NA,NA,NA
"TER-PRIBS-T06",2024-03-12,NA,NA,NA
"TER-PRIBS-T06",2024-03-13,NA,NA,NA
"TER-PRIBS-T06",2024-03-14,NA,NA,NA
"TER-PRIBS-T06",2024-03-15,NA,NA,NA
"TER-PRIBS-T06",2024-03-16,NA,NA,NA
"TER-PRIBS-T06",2024-03-17,NA,NA,NA
"TER-PRIBS-T06",2024-03-18,NA,NA,NA
"TER-PRIBS-T06",2024-03-19,NA,NA,NA
"TER-PRIBS-T06",2024-03-20,NA,NA,NA
"TER-PRIBS-T06",2024-03-21,NA,NA,NA
"TER-PRIBS-T06",2024-03-22,NA,NA,NA
"TER-PRIBS-T06",2024-03-23,NA,NA,NA
"TER-PRIBS-T06",2024-03-24,NA,NA,NA
"TER-PRIBS-T06",2024-03-25,NA,NA,NA
"TER-PRIBS-T06",2024-03-26,NA,NA,NA
"TER-PRIBS-T06",2024-03-27,NA,NA,NA
"TER-PRIBS-T06",2024-03-28,NA,NA,NA
"TER-PRIBS-T06",2024-03-29,NA,NA,NA
"TER-PRIBS-T06",2024-03-30,NA,NA,NA
"TER-PRIBS-T06",2024-03-31,NA,NA,NA
"TER-PRIBS-T06",2024-04-01,NA,NA,NA
"TER-PRIBS-T06",2024-04-02,NA,NA,NA
"TER-PRIBS-T06",2024-04-03,NA,NA,NA
"TER-PRIBS-T06",2024-04-04,NA,NA,NA
"TER-PRIBS-T06",2024-04-05,NA,NA,NA
"TER-PRIBS-T06",2024-04-06,NA,NA,NA
"TER-PRIBS-T06",2024-04-07,NA,NA,NA
"TER-PRIBS-T06",2024-04-08,NA,NA,NA
"TER-PRIBS-T06",2024-04-09,NA,NA,NA
"TER-PRIBS-T06",2024-04-10,0.232152810743768,0.24726767752342,0.254488688852026
"TER-PRIBS-T06",2024-04-11,0.736902546011914,0.488546350136693,0.601929265428846
"TER-PRIBS-T06",2024-04-12,0.954584665735822,0.598533836656866,0.813996670576818
"TER-PRIBS-T06",2024-04-13,0.268348410774533,0.358640751178386,0.28232985128664
"TER-PRIBS-T06",2024-04-14,0.251805077592668,0.240771706171538,0.14116492564332
"TER-PRIBS-T06",2024-04-15,0.625181133172909,0.47348155466575,0.595499425035315
"TER-PRIBS-T06",2024-04-16,0.312046772785422,0.254488688852026,0.291796037560882
"TER-PRIBS-T06",2024-04-17,0.653862548158294,0.370443330172869,0.604556970379784
"TER-PRIBS-T06",2024-04-18,0.653862548158294,0.42933636014776,0.551266657377563
"TER-PRIBS-T06",2024-04-19,0.679673834820151,0.389513818102456,0.510753918455249
"TER-PRIBS-T06",2024-04-20,1.52455743162363,1.10314931255796,1.20517453183093
"TER-PRIBS-T06",2024-04-21,0.675328690771916,0.453948059341275,0.58008932345666
"TER-PRIBS-T06",2024-04-22,0.414851116999054,0.303959379437164,0.387765804114519
"TER-PRIBS-T06",2024-04-23,0.329690236697893,0.294114982937636,0.294114982937636
"TER-PRIBS-T06",2024-04-24,0.653862548158294,0.39699961669021,0.42349477692996
"TER-PRIBS-T06",2024-04-25,0.807572853087248,0.508977377704051,0.639505583481761
"TER-PRIBS-T06",2024-04-26,0.780189497605494,0.674321989058295,0.598533836656866
"TER-PRIBS-T06",2024-04-27,1.02128613146309,0.58008932345666,0.80729239714787
"TER-PRIBS-T06",2024-04-28,1.20009057629178,0.6412736421045,0.894579084894362
"TER-PRIBS-T06",2024-04-29,1.36582910001024,0.858672720295521,1.10006587418037
"TER-PRIBS-T06",2024-04-30,1.44651004294745,0.943129234847053,1.20216441278318
"TER-PRIBS-T06",2024-05-01,0.818435676471731,0.520851448960313,0.758705514657047
"TER-PRIBS-T06",2024-05-02,0.464305621487537,0.389513818102457,0.440273301155254
"TER-PRIBS-T06",2024-05-03,0.943849272540569,0.71189428868398,0.932261936818499
"TER-PRIBS-T06",2024-05-04,0.904898104600814,0.47348155466575,0.594357526717057
"TER-PRIBS-T06",2024-05-05,1.31308216902397,0.793999233380421,1.11132999051861
"TER-PRIBS-T06",2024-05-06,0.499546896146173,0.508977377704051,0.495907161718278
"TER-PRIBS-T06",2024-05-07,0.726067430094119,0.495907161718278,0.659036956585082
"TER-PRIBS-T06",2024-05-08,0.477292332867911,0.350982059081517,0.458415671128542
"TER-PRIBS-T06",2024-05-09,1.09345881217037,0.569451808600904,0.74180303257026
"TER-PRIBS-T06",2024-05-10,1.78649827510595,1.134920031659,1.3805061033727
"TER-PRIBS-T06",2024-05-11,1.35065738154383,0.966607319517563,1.17953564923918
"TER-PRIBS-T06",2024-05-12,1.26834366485346,0.8198179366636,1.05294617724455
"TER-PRIBS-T06",2024-05-13,0.878229031565262,0.71443450831176,0.642332141271278
"TER-PRIBS-T06",2024-05-14,1.01349588703826,0.607918758874329,0.601929265428846
"TER-PRIBS-T06",2024-05-15,0.779027636204913,0.557800416231313,0.586301969977929
"TER-PRIBS-T06",2024-05-16,0.368604890387243,0.28232985128664,0.312046772785422
"TER-PRIBS-T06",2024-05-17,0.510753918455249,0.339836917410076,0.403225222065963
"TER-PRIBS-T06",2024-05-18,0.97034843584999,0.58008932345666,0.571040240720161
"TER-PRIBS-T06",2024-05-19,1.54506577881641,1.01595068635316,1.16017864691332
"TER-PRIBS-T06",2024-05-20,0.932504808240314,0.63381465310669,0.775531608229039
"TER-PRIBS-T06",2024-05-21,0.722315118514615,0.561038762255892,0.820646175234819
"TER-PRIBS-T06",2024-05-22,0.932504808240314,0.642684586917151,0.892805381522402
"TER-PRIBS-T06",2024-05-23,0.458415671128542,0.42933636014776,0.472044581534967
"TER-PRIBS-T06",2024-05-24,0.749093655258023,0.695482316219408,0.653862548158294
"TER-PRIBS-T06",2024-05-25,1.19763504881284,0.717281502356772,0.744241175652242
"TER-PRIBS-T06",2024-05-26,1.32270446489353,0.84698955385992,0.764947663266077
"TER-PRIBS-T06",2024-05-27,1.66104123097968,1.16076405371884,1.35383914656897
"TER-PRIBS-T06",2024-05-28,1.37771471142866,0.761386987626881,1.05273109274078
"TER-PRIBS-T06",2024-05-29,0.318511028635303,0.251805077592667,0.28232985128664
"TER-PRIBS-T06",2024-05-30,0.6412736421045,0.38069349381344,0.434057366141216
"TER-PRIBS-T06",2024-05-31,0.529902917003931,0.337831962346088,0.51604684654214
"TER-PRIBS-T06",2024-06-01,1.21565125386128,0.805045232323598,0.955533085905909
"TER-PRIBS-T06",2024-06-02,0.670280062599836,0.425095897109265,0.545070132437435
"TER-PRIBS-T06",2024-06-03,0.701964118163034,0.440273301155254,0.531183393096442
"TER-PRIBS-T06",2024-06-04,1.16329741234356,0.746974574194299,0.816496580927726
"TER-PRIBS-T06",2024-06-05,0.51604684654214,0.329002665070039,0.323449478616663
"TER-PRIBS-T06",2024-06-06,0.84457990586522,0.570643547208776,0.588229965875272
"TER-PRIBS-T06",2024-06-07,0.895843865795853,0.686304956089946,0.699054744803212
"TER-PRIBS-T06",2024-06-08,0.800531978921119,0.510753918455249,0.667232549687378
"TER-PRIBS-T06",2024-06-09,1.33089677732124,0.837309355329163,0.955296069137807
"TER-PRIBS-T06",2024-06-10,1.00519484015123,0.61642670615246,0.688610762774367
"TER-PRIBS-T06",2024-06-11,1.32902383267799,0.784531153259565,0.845919446605247
"TER-PRIBS-T06",2024-06-12,2.28535032040091,1.40650661909755,1.59426053914242
"TER-PRIBS-T06",2024-06-13,0.619724108789139,0.56465970257328,0.408248290463863
"TER-PRIBS-T06",2024-06-14,0.798265783351363,0.706786460997433,0.556581178890961
"TER-PRIBS-T06",2024-06-15,1.87614699217089,1.01081112500545,1.32629482808857
"TER-PRIBS-T06",2024-06-16,0.912622832709443,0.825049405635281,0.892805381522402
"TER-PRIBS-T06",2024-06-17,0.61642670615246,0.361157559257308,0.412112795872367
"TER-PRIBS-T06",2024-06-18,1.0179547554081,0.625181133172909,0.561038762255892
"TER-PRIBS-T06",2024-06-19,0.813996670576818,0.495907161718278,0.488546350136693
"TER-PRIBS-T06",2024-06-20,1.46934250306195,0.79285760916182,0.98540067624983
"TER-PRIBS-T06",2024-06-21,1.54110350074224,1.0494995356656,1.31256469819835
"TER-PRIBS-T06",2024-06-22,1.09263012026493,0.594357526717057,0.829702233998107
"TER-PRIBS-T06",2024-06-23,1.13232318580052,0.701964118163034,1.11560083246263
"TER-PRIBS-T06",2024-06-24,0.642332141271278,0.47348155466575,0.477292332867911
"TER-PRIBS-T06",2024-06-25,NA,NA,NA
"TER-PRIBS-T06",2024-06-26,NA,NA,NA
"TER-PRIBS-T06",2024-06-27,NA,NA,NA
"TER-PRIBS-T06",2024-06-28,1.10314931255796,1.27101893394032,1.52515145363395
"TER-PRIBS-T06",2024-06-29,0.275016468545094,0.51604684654214,0.488546350136693
"TER-PRIBS-T06",2024-06-30,0.414851116999053,0.442325868464691,0.434057366141216
"TER-PRIBS-T06",2024-07-01,1.10581467116173,1.34056012519967,1.54857929279936
"TER-PRIBS-T06",2024-07-02,1.60783858876948,1.6934443076725,1.87228063671254
"TER-PRIBS-T06",2024-07-03,0.691564074808125,0.816496580927726,1.02062072615966
"TER-PRIBS-T06",2024-07-04,1.23285341230492,1.31807391317016,1.56023386392711
"TER-PRIBS-T06",2024-07-05,1.99274044791428,2.51084603790972,2.68517130320139
"TER-PRIBS-T06",2024-07-06,0.943849272540569,1.04235484514075,1.07655347814419
"TER-PRIBS-T06",2024-07-07,1.29222171337652,1.36466803310538,1.46888008212113
"TER-PRIBS-T06",2024-07-08,0.674321989058296,0.642684586917151,0.701964118163034
"TER-PRIBS-T06",2024-07-09,1.11965315540385,1.21862805967452,1.29362287585198
"TER-PRIBS-T06",2024-07-10,0.732278556328103,0.810930758851934,0.890519714727777
"TER-PRIBS-T06",2024-07-11,0.865763883197535,1.07592225353516,1.25956485469721
"TER-PRIBS-T06",2024-07-12,1.0494995356656,1.3593476696403,1.33903896967894
"TER-PRIBS-T06",2024-07-13,1.19612144941019,1.36134524260572,1.40247581290983
"TER-PRIBS-T06",2024-07-14,1.67245372111618,2.24566813272105,2.34056849281648
"TER-PRIBS-T06",2024-07-15,1.03472323541759,1.134920031659,1.23780281026561
"TER-PRIBS-T06",2024-07-16,1.14978731492621,1.55805527240983,1.67894031451691
"TER-PRIBS-T06",2024-07-17,0.569451808600904,0.551266657377563,0.594357526717057
"TER-PRIBS-T06",2024-07-18,0.800531978921119,1.09821165563825,1.29099444873581
"TER-PRIBS-T06",2024-07-19,2.09284062557519,2.65258965617714,2.87598439353972
"TER-PRIBS-T06",2024-07-20,NA,NA,NA
"TER-PRIBS-T06",2024-07-21,0.974307632279888,1.17318314667923,1.38509142689916
"TER-PRIBS-T06",2024-07-22,0.770551750371122,1.07339364309813,1.38296441736949
"TER-PRIBS-T06",2024-07-23,1.21285386290089,1.57064903966389,1.81329630183841
"TER-PRIBS-T06",2024-07-24,1.5809956045003,2.08123082312617,2.30743913512769
"TER-PRIBS-T06",2024-07-25,2.38190263128608,2.89043587806708,3.07602934344572
"TER-PRIBS-T06",2024-07-26,1.07592225353516,1.20216441278318,1.38949865841574
"TER-PRIBS-T06",2024-07-27,0.8198179366636,1.05100883213101,1.10990272455338
"TER-PRIBS-T06",2024-07-28,1.750646878372,2.08937529669391,2.19146896667146
"TER-PRIBS-T06",2024-07-29,0.683328914796602,0.84457990586522,1.03121568893295
"TER-PRIBS-T06",2024-07-30,0.686304956089946,0.963086824686153,1.06300606021695
"TER-PRIBS-T06",2024-07-31,0.48482403800357,0.589767824619589,0.588229965875272
"TER-PRIBS-T06",2024-08-01,1.70875304140819,2.28802411434541,2.40461136092747
"TER-PRIBS-T06",2024-08-02,1.34864397811659,1.66974353667288,1.91284275132703
"TER-PRIBS-T06",2024-08-03,1.88997642037281,2.42486739514926,2.66179355464248
"TER-PRIBS-T06",2024-08-04,2.04201786390857,2.47450770978736,2.57038597451259
"TER-PRIBS-T06",2024-08-05,1.80265002189811,2.15173926953476,2.21807054813902
"TER-PRIBS-T06",2024-08-06,0.571040240720161,0.63381465310669,0.729490093902206
"TER-PRIBS-T06",2024-08-07,0.9469631093315,1.23064729050333,1.42171946314456
"TER-PRIBS-T06",2024-08-08,1.7769661492702,2.23444705088046,2.39980373593644
"TER-PRIBS-T06",2024-08-09,1.71892703304344,2.11864993244091,2.32338068901481
"TER-PRIBS-T06",2024-08-10,1.39616451835693,1.66322107605276,1.69558249578132
"TER-PRIBS-T06",2024-08-11,0.9469631093315,1.19612144941019,1.193088489982
"TER-PRIBS-T06",2024-08-12,2.23028804924581,2.80527453511975,2.88918209678895
"TER-PRIBS-T06",2024-08-13,1.18241186821131,1.35667966379132,1.42807638938295
"TER-PRIBS-T06",2024-08-14,1.75697368271102,2.24728096577407,2.33126202060078
"TER-PRIBS-T06",2024-08-15,1.46192621594579,1.8819316317727,2.03234711174265
"TER-PRIBS-T06",2024-08-16,1.54403949788031,2.07458307318271,2.08503553648512
"TER-PRIBS-T06",2024-08-17,1.25956485469721,1.55674665406017,1.70835542580271
"TER-PRIBS-T06",2024-08-18,1.61163680412362,1.98625257088879,2.22102926916616
"TER-PRIBS-T06",2024-08-19,1.9716055033575,2.40771706171538,2.52666934342713
"TER-PRIBS-T06",2024-08-20,0.61642670615246,0.807572853087248,0.806450444131925
"TER-PRIBS-T06",2024-08-21,1.33089677732124,1.98910073629528,2.18526024052985
"TER-PRIBS-T06",2024-08-22,2.51724127234328,3.13458674436855,3.32535276542095
"TER-PRIBS-T06",2024-08-23,0.653862548158295,0.816496580927726,0.868114732282431
"TER-PRIBS-T06",2024-08-24,1.15136182756378,1.37376426684842,1.4957669740236
"TER-PRIBS-T06",2024-08-25,2.2793973269075,2.79070662705001,3.05623619999255
"TER-PRIBS-T06",2024-08-26,1.2465532188945,1.72563262921587,1.87650905457023
"TER-PRIBS-T06",2024-08-27,0.83378610888064,0.965904247062178,1.11295891039691
"TER-PRIBS-T06",2024-08-28,1.38247310428014,1.73192006208407,1.90489453471991
"TER-PRIBS-T06",2024-08-29,1.67894031451691,2.1109402740437,2.29681569109073
"TER-PRIBS-T06",2024-08-30,1.70623324433032,2.04733389728117,2.24566813272105
"TER-PRIBS-T06",2024-08-31,1.44697961284878,1.84928011845738,2.02866683574085
"TER-PRIBS-T06",2024-09-01,0.42933636014776,0.756314001962953,0.966841563388569
"TER-PRIBS-T06",2024-09-02,0.884651736929383,1.33903896967894,1.47626143554824
"TER-PRIBS-T06",2024-09-03,0.938073496085446,1.1818371844018,1.47441956154897
"TER-PRIBS-T06",2024-09-04,0.84457990586522,1.134920031659,1.29938670037116
"TER-PRIBS-T06",2024-09-05,0.672640804719661,0.749093655258023,0.884395724266829
"TER-PRIBS-T06",2024-09-06,0.495907161718278,0.734440041060564,0.829702233998107
"TER-PRIBS-T06",2024-09-07,0.416485467846762,0.569451808600904,0.561038762255892
"TER-PRIBS-T06",2024-09-08,0.414851116999053,0.524749767832802,0.74180303257026
"TER-PRIBS-T06",2024-09-09,0.855502225579229,1.08012344973464,1.21565125386128
"TER-PRIBS-T06",2024-09-10,0.595499425035315,0.664511916338994,0.850990471514632
"TER-PRIBS-T06",2024-09-11,0.607918758874329,1.09821165563825,1.36134524260572
"TER-PRIBS-T06",2024-09-12,1.65160769282977,2.46680865239609,2.69460007519064
"TER-PRIBS-T06",2024-09-13,1.55558251356903,2.2393063108077,2.43381596365205
"TER-PRIBS-T06",2024-09-14,1.12207752451178,1.43456300471354,1.52143501101875
"TER-PRIBS-T06",2024-09-15,1.46455711265621,1.94197997720987,2.18681407465323
"TER-PRIBS-T06",2024-09-16,0.361157559257308,0.487153816139944,0.61642670615246
"TER-PRIBS-T06",2024-09-17,0.489009646921826,0.722315118514615,0.892805381522402
"TER-PRIBS-T06",2024-09-18,0.780189497605494,1.21807046272944,1.42696597158376
"TER-PRIBS-T06",2024-09-19,0.758705514657047,0.958372715006831,0.98540067624983
"TER-PRIBS-T06",2024-09-20,0.793713981266533,1.08012344973464,1.09325169808344
"TER-PRIBS-T06",2024-09-21,1.69825144516779,2.37733485535647,2.52155562175876
"TER-PRIBS-T06",2024-09-22,1.15450441089786,1.41357292199487,1.48177332069148
"TER-PRIBS-T06",2024-09-23,1.89380664883942,2.48437143947425,2.6566842142966
"TER-PRIBS-T06",2024-09-24,0.765835245459757,0.920528754795741,1.00722031037067
"TER-PRIBS-T06",2024-09-25,1.14029458436425,NA,1.32902383267799
"TER-PRIBS-T06",2024-09-26,0.780189497605494,NA,1.31308216902397
"TER-PRIBS-T06",2024-09-27,1.40843730857071,NA,1.72248030635973
"TER-PRIBS-T06",2024-09-28,0.683328914796602,NA,0.920528754795741
"TER-PRIBS-T06",2024-09-29,0.527761886361314,NA,0.531183393096442
"TER-PRIBS-T06",2024-09-30,0.674321989058296,NA,1.16076405371884
"TER-PRIBS-T06",2024-10-01,0.453948059341275,NA,0.637022057270606
"TER-PRIBS-T06",2024-10-02,0.323449478616663,NA,0.384834803632619
"TER-PRIBS-T06",2024-10-03,0.61642670615246,NA,0.637022057270606
"TER-PRIBS-T06",2024-10-04,1.10581467116173,NA,1.15155849027383
"TER-PRIBS-T06",2024-10-05,0.90864407661692,NA,1.13890361720181
"TER-PRIBS-T06",2024-10-06,0.71443450831176,NA,0.890519714727777
"TER-PRIBS-T06",2024-10-07,1.72458249515896,NA,1.98351448448075
"TER-PRIBS-T06",2024-10-08,1.10253331475513,NA,1.5805658498769
"TER-PRIBS-T06",2024-10-09,1.44697961284878,NA,1.63839241640851
"TER-PRIBS-T06",2024-10-10,0.924456361986541,NA,0.974307632279888
"TER-PRIBS-T06",2024-10-11,0.481543412343077,NA,0.461860603852834
"TER-PRIBS-T06",2024-10-12,1.25108648434245,NA,1.52277397525376
"TER-PRIBS-T06",2024-10-13,0.667232549687378,NA,0.838120308890026
"TER-PRIBS-T06",2024-10-14,0.287889622568457,NA,0.41702882811415
"TER-PRIBS-T06",2024-10-15,0.793713981266533,NA,0.800531978921119
"TER-PRIBS-T06",2024-10-16,0.641273642104501,NA,0.653862548158294
"TER-PRIBS-T06",2024-10-17,1.36715482621413,NA,1.6061476099436
"TER-PRIBS-T06",2024-10-18,0.92641392132415,NA,1.0179547554081
"TER-PRIBS-T06",2024-10-19,0.569451808600904,NA,0.69025305168635
"TER-PRIBS-T06",2024-10-20,0.756314001962953,NA,0.793713981266534
"TER-PRIBS-T06",2024-10-21,0.770551750371122,NA,0.989070710093681
"TER-PRIBS-T06",2024-10-22,1.3666578295932,NA,1.51561916366723
"TER-PRIBS-T06",2024-10-23,1.13890361720181,NA,1.33717742961092
"TER-PRIBS-T06",2024-10-24,0.537961126767579,NA,0.481543412343077
"TER-PRIBS-T06",2024-10-25,0.550032937090187,NA,0.477292332867911
"TER-PRIBS-T06",2024-10-26,0.48482403800357,NA,0.481543412343077
"TER-PRIBS-T06",2024-10-27,0.508977377704051,NA,0.477292332867911
"TER-PRIBS-T06",2024-10-28,0.520851448960313,NA,0.487153816139944
"TER-PRIBS-T06",2024-10-29,0.576957914221314,NA,0.550032937090187
"TER-PRIBS-T06",2024-10-30,0.429336360147761,NA,0.510310363079829
"TER-PRIBS-T06",2024-10-31,0.561038762255892,NA,0.499546896146173
"TER-PRIBS-T06",2024-11-01,0.751508145500515,NA,0.875388112682647
"TER-PRIBS-T06",2024-11-02,0.477292332867911,NA,0.453948059341275
"TER-PRIBS-T06",2024-11-03,0.358640751178386,NA,0.42933636014776
"TER-PRIBS-T06",2024-11-04,0.78683690739605,NA,0.919790461329983
"TER-PRIBS-T06",2024-11-05,1.07318265663062,NA,1.22899010031272
"TER-PRIBS-T06",2024-11-06,0.820922069065183,NA,0.798265783351363
"TER-PRIBS-T06",2024-11-07,1.08263634211833,NA,1.22178296893859
"TER-PRIBS-T06",2024-11-08,0.947680234091097,NA,0.872018730685681
"TER-PRIBS-T06",2024-11-09,0.345126525843175,NA,0.370443330172869
"TER-PRIBS-T06",2024-11-10,0.487153816139944,NA,0.537961126767579
"TER-PRIBS-T06",2024-11-11,0.659036956585082,NA,0.659036956585082
"TER-PRIBS-T06",2024-11-12,0.207425558499527,NA,0.221162934232346
"TER-PRIBS-T06",2024-11-13,0.706786460997433,NA,0.707106781186548
"TER-PRIBS-T06",2024-11-14,0.453948059341275,NA,0.508977377704052
"TER-PRIBS-T06",2024-11-15,0.240771706171538,NA,0.240771706171538
"TER-PRIBS-T06",2024-11-16,0.398707149803396,NA,0.240771706171538
"TER-PRIBS-T06",2024-11-17,0.24726767752342,NA,0.24726767752342
"TER-PRIBS-T06",2024-11-18,0.19034674690672,NA,0.19034674690672
"TER-PRIBS-T06",2024-11-19,0.28232985128664,NA,0.384834803632619
"TER-PRIBS-T06",2024-11-20,0.541318171059166,NA,0.506747943519132
"TER-PRIBS-T06",2024-11-21,0.529902917003931,NA,0.630949939446036
"TER-PRIBS-T06",2024-11-22,0.51604684654214,NA,0.545070132437435
"TER-PRIBS-T06",2024-11-23,0.931532942621143,NA,1.10314931255796
"TER-PRIBS-T06",2024-11-24,0.503610155185335,NA,0.69025305168635
"TER-PRIBS-T06",2024-11-25,1.42044466399725,NA,1.66145016978141
"TER-PRIBS-T06",2024-11-26,0.90864407661692,NA,1.02062072615966
"TER-PRIBS-T06",2024-11-27,1.35667966379132,NA,1.52500296982367
"TER-PRIBS-T06",2024-11-28,0.481543412343077,NA,0.551266657377563
"TER-PRIBS-T06",2024-11-29,0.691564074808125,NA,0.865763883197535
"TER-PRIBS-T06",2024-11-30,0.339836917410076,NA,0.232152810743768
"TER-PRIBS-T06",2024-12-01,1.17953564923918,NA,1.28519298725629
"TER-PRIBS-T06",2024-12-02,0.337831962346088,NA,0.275016468545094
"TER-PRIBS-T06",2024-12-03,0.508977377704051,NA,0.541318171059166
"TER-PRIBS-T06",2024-12-04,0.772899209732936,NA,0.735980072193987
"TER-PRIBS-T06",2024-12-05,0.361157559257308,NA,0.387765804114519
"TER-PRIBS-T06",2024-12-06,0.414851116999053,NA,0.408248290463863
"TER-PRIBS-T06",2024-12-07,0.370443330172869,NA,0.384834803632619
"TER-PRIBS-T06",2024-12-08,0.42933636014776,NA,0.403225222065963
"TER-PRIBS-T06",2024-12-09,0.303959379437164,NA,0.232152810743768
"TER-PRIBS-T06",2024-12-10,0.360530004379623,NA,0.39699961669021
"TER-PRIBS-T06",2024-12-11,0.412112795872367,NA,0.318511028635303
"TER-PRIBS-T06",2024-12-12,0.550032937090187,NA,0.465766471310572
"TER-PRIBS-T06",2024-12-13,0.547970564109455,NA,0.458415671128542
"TER-PRIBS-T06",2024-12-14,0.326931274079147,NA,0.22421360157322
"TER-PRIBS-T06",2024-12-15,1.07149326926815,NA,1.10253331475513
"TER-PRIBS-T06",2024-12-16,0.607546145441299,NA,0.659036956585082
"TER-PRIBS-T06",2024-12-17,0.642684586917151,NA,0.806450444131925
"TER-PRIBS-T06",2024-12-18,0.408248290463863,NA,0.345126525843175
"TER-PRIBS-T06",2024-12-19,0.387765804114519,NA,0.318511028635303
"TER-PRIBS-T06",2024-12-20,0.569451808600904,NA,0.940243570046875
"TER-PRIBS-T06",2024-12-21,0.437694056341324,NA,0.508977377704051
"TER-PRIBS-T06",2024-12-22,0.472044581534967,NA,0.458415671128542
"TER-PRIBS-T06",2024-12-23,0.41702882811415,NA,0.477292332867911
"TER-PRIBS-T06",2024-12-24,0.318511028635303,NA,0.255376959227625
"TER-PRIBS-T06",2024-12-25,0.721060008759246,NA,0.805045232323598
"TER-PRIBS-T06",2024-12-26,0.375301810914046,NA,0.510310363079829
"TER-PRIBS-T06",2024-12-27,0.62227667549858,NA,0.624093545570845
"TER-PRIBS-T06",2024-12-28,0.287889622568457,NA,0.370443330172869
"TER-PRIBS-T06",2024-12-29,0.375301810914046,NA,0.339836917410076
"TER-PRIBS-T06",2024-12-30,0.42933636014776,NA,0.387765804114519
"TER-PRIBS-T06",2024-12-31,0.458415671128542,NA,0.472044581534967
"TER-PRIBS-T06",2025-01-01,0.389513818102456,NA,0.412112795872367
"TER-PRIBS-T06",2025-01-02,0.28232985128664,NA,0.268348410774533
"TER-PRIBS-T06",2025-01-03,0.520851448960313,NA,0.601929265428846
"TER-PRIBS-T06",2025-01-04,0.56465970257328,NA,0.604556970379784
"TER-PRIBS-T06",2025-01-05,0.488546350136693,NA,0.664511916338994
"TER-PRIBS-T06",2025-01-06,0.707106781186548,NA,0.670280062599836
"TER-PRIBS-T06",2025-01-07,1.57984933238695,NA,1.80866974096546
"TER-PRIBS-T06",2025-01-08,0.997959875467685,NA,1.14128709441755
"TER-PRIBS-T06",2025-01-09,0.375301810914046,NA,0.339836917410076
"TER-PRIBS-T06",2025-01-10,0.488546350136693,NA,0.63381465310669
"TER-PRIBS-T06",2025-01-11,0.232152810743768,NA,0.275016468545094
"TER-PRIBS-T06",2025-01-12,0.527761886361314,NA,0.63381465310669
"TER-PRIBS-T06",2025-01-13,0.390094748802747,NA,0.412112795872367
"TER-PRIBS-T06",2025-01-14,0.291796037560882,NA,0.207425558499527
"TER-PRIBS-T06",2025-01-15,0.51604684654214,NA,0.510310363079829
"TER-PRIBS-T06",2025-01-16,0,NA,0.102062072615966
"TER-PRIBS-T06",2025-01-17,0.761386987626881,NA,0.761386987626881
"TER-PRIBS-T06",2025-01-18,0.547970564109455,NA,0.56465970257328
"TER-PRIBS-T06",2025-01-19,0.806450444131926,NA,0.98333026282989
"TER-PRIBS-T06",2025-01-20,0.291796037560882,NA,0.368604890387243
"TER-PRIBS-T06",2025-01-21,0.674321989058296,NA,0.707106781186548
"TER-PRIBS-T06",2025-01-22,0.675328690771916,NA,0.604556970379784
"TER-PRIBS-T06",2025-01-23,1.79975843789732,NA,1.9222901121741
"TER-PRIBS-T06",2025-01-24,1.23285341230492,NA,1.40586246673077
"TER-PRIBS-T06",2025-01-25,1.78307258015117,NA,1.85319446096327
"TER-PRIBS-T06",2025-01-26,1.65708295297594,NA,1.81928079435134
"TER-PRIBS-T06",2025-01-27,0.825049405635281,NA,0.83378610888064
"TER-PRIBS-T06",2025-01-28,1.27528769132779,NA,1.34981882842299
"TER-PRIBS-T06",2025-01-29,0.576957914221314,NA,0.561038762255892
"TER-PRIBS-T06",2025-01-30,0.545070132437435,NA,0.545070132437435
"TER-PRIBS-T06",2025-01-31,0.63381465310669,NA,0.691236552140071
"TER-PRIBS-T06",2025-02-01,1.29362287585198,NA,1.27688479613812
"TER-PRIBS-T06",2025-02-02,1.12207752451178,NA,0.932261936818499
"TER-PRIBS-T06",2025-02-03,0.97034843584999,NA,1.01416596703678
"TER-PRIBS-T06",2025-02-04,0.7058246282166,NA,0.41702882811415
"TER-PRIBS-T06",2025-02-05,0.520851448960313,NA,0.42349477692996
"TER-PRIBS-T06",2025-02-06,0.390094748802747,NA,0.255376959227625
"TER-PRIBS-T06",2025-02-07,1.11316235778192,NA,1.28748153215966
"TER-PRIBS-T06",2025-02-08,0.240771706171538,NA,0.368604890387243
"TER-PRIBS-T06",2025-02-09,0.458415671128542,NA,0.42933636014776
"TER-PRIBS-T06",2025-02-10,0.707106781186548,NA,0.529902917003931
"TER-PRIBS-T06",2025-02-11,0.959081308608263,NA,0.983330262829891
"TER-PRIBS-T06",2025-02-12,NA,NA,NA
"TER-PRIBS-T06",2025-02-13,NA,NA,NA
"TER-PRIBS-T06",2025-02-14,NA,NA,NA
"TER-PRIBS-T06",2025-02-15,NA,NA,NA
"TER-PRIBS-T06",2025-02-16,NA,NA,NA
"TER-PRIBS-T06",2025-02-17,NA,NA,NA
"TER-PRIBS-T06",2025-02-18,NA,NA,NA
"TER-PRIBS-T06",2025-02-19,NA,NA,NA
"TER-PRIBS-T06",2025-02-20,NA,NA,NA
"TER-PRIBS-T06",2025-02-21,NA,NA,NA
"TER-PRIBS-T06",2025-02-22,NA,NA,NA
"TER-PRIBS-T06",2025-02-23,NA,NA,NA
"TER-PRIBS-T06",2025-02-24,NA,NA,NA
"TER-PRIBS-T06",2025-02-25,NA,NA,NA
"TER-PRIBS-T06",2025-02-26,NA,NA,NA
"TER-PRIBS-T06",2025-02-27,NA,NA,NA
"TER-PRIBS-T06",2025-02-28,NA,NA,NA
"TER-PRIBS-T06",2025-03-01,NA,NA,NA
"TER-PRIBS-T06",2025-03-02,NA,NA,NA
"TER-PRIBS-T06",2025-03-03,NA,NA,NA
"TER-PRIBS-T06",2025-03-04,NA,NA,NA
"TER-PRIBS-T06",2025-03-05,NA,NA,NA
"TER-PRIBS-T06",2025-03-06,NA,NA,NA
"TER-PRIBS-T06",2025-03-07,NA,NA,NA
"TER-PRIBS-T06",2025-03-08,NA,NA,NA
"TER-PRIBS-T06",2025-03-09,NA,NA,NA
"TER-PRIBS-T06",2025-03-10,NA,NA,NA
"TER-PRIBS-T06",2025-03-11,NA,NA,NA
"TER-PRIBS-T06",2025-03-12,NA,NA,NA
"TER-PRIBS-T06",2025-03-13,NA,NA,NA
"TER-PRIBS-T06",2025-03-14,NA,NA,NA
"TER-PRIBS-T06",2025-03-15,NA,NA,NA
"TER-PRIBS-T06",2025-03-16,NA,NA,NA
"TER-PRIBS-T06",2025-03-17,NA,NA,NA
"TER-PRIBS-T06",2025-03-18,NA,NA,NA
"TER-PRIBS-T06",2025-03-19,NA,NA,NA
"TER-PRIBS-T06",2025-03-20,NA,NA,NA
"TER-PRIBS-T06",2025-03-21,NA,NA,NA
"TER-PRIBS-T06",2025-03-22,NA,NA,NA
"TER-PRIBS-T06",2025-03-23,NA,NA,NA
"TER-PRIBS-T06",2025-03-24,NA,NA,NA
"TER-PRIBS-T06",2025-03-25,NA,NA,NA
"TER-PRIBS-T06",2025-03-26,NA,NA,NA
"TER-PRIBS-T06",2025-03-27,NA,NA,NA
"TER-PRIBS-T06",2025-03-28,NA,NA,NA
"TER-PRIBS-T06",2025-03-29,NA,NA,NA
"TER-PRIBS-T06",2025-03-30,NA,NA,NA
"TER-PRIBS-T06",2025-03-31,NA,NA,NA
"TER-PRIBS-T06",2025-04-01,NA,NA,NA
"TER-PRIBS-T06",2025-04-02,NA,NA,NA
"TER-PRIBS-T06",2025-04-03,NA,NA,NA
"TER-PRIBS-T06",2025-04-04,NA,NA,NA
"TER-PRIBS-T06",2025-04-05,NA,NA,NA
"TER-PRIBS-T06",2025-04-06,NA,NA,NA
"TER-PRIBS-T06",2025-04-07,NA,NA,NA
"TER-PRIBS-T06",2025-04-08,NA,NA,NA
"TER-PRIBS-T06",2025-04-09,NA,NA,NA
"TER-PRIBS-T06",2025-04-10,NA,NA,NA
"TER-PRIBS-T06",2025-04-11,NA,NA,NA
"TER-PRIBS-T06",2025-04-12,NA,NA,NA
"TER-PRIBS-T06",2025-04-13,NA,NA,NA
"TER-PRIBS-T06",2025-04-14,NA,NA,NA
"TER-PRIBS-T06",2025-04-15,NA,NA,NA
"TER-PRIBS-T06",2025-04-16,NA,NA,NA
"TER-PRIBS-T06",2025-04-17,NA,NA,NA
"TER-PRIBS-T06",2025-04-18,NA,NA,NA
"TER-PRIBS-T06",2025-04-19,NA,NA,NA
"TER-PRIBS-T06",2025-04-20,NA,NA,NA
"TER-PRIBS-T06",2025-04-21,NA,NA,NA
"TER-PRIBS-T06",2025-04-22,NA,NA,NA
"TER-PRIBS-T06",2025-04-23,NA,NA,NA
"TER-PRIBS-T06",2025-04-24,NA,NA,NA
"TER-PRIBS-T06",2025-04-25,NA,NA,NA
"TER-PRIBS-T06",2025-04-26,NA,NA,NA
"TER-PRIBS-T06",2025-04-27,NA,NA,NA
"TER-PRIBS-T06",2025-04-28,NA,NA,NA
"TER-PRIBS-T06",2025-04-29,NA,NA,NA
"TER-PRIBS-T06",2025-04-30,NA,NA,NA
"TER-PRIBS-T06",2025-05-01,NA,NA,NA
"TER-PRIBS-T06",2025-05-02,NA,NA,NA
"TER-PRIBS-T06",2025-05-03,NA,NA,NA
"TER-PRIBS-T06",2025-05-04,NA,NA,NA
"TER-PRIBS-T06",2025-05-05,NA,NA,NA
"TER-PRIBS-T06",2025-05-06,NA,NA,NA
"TER-PRIBS-T06",2025-05-07,NA,NA,NA
"TER-PRIBS-T06",2025-05-08,NA,NA,NA
"TER-PRIBS-T06",2025-05-09,NA,NA,NA
"TER-PRIBS-T06",2025-05-10,NA,NA,NA
"TER-PRIBS-T06",2025-05-11,NA,NA,NA
"TER-PRIBS-T06",2025-05-12,NA,NA,NA
"TER-PRIBS-T06",2025-05-13,NA,NA,NA
"TER-PRIBS-T06",2025-05-14,NA,NA,NA
"TER-PRIBS-T06",2025-05-15,NA,NA,NA
"TER-PRIBS-T06",2025-05-16,NA,NA,NA
"TER-PRIBS-T06",2025-05-17,NA,NA,NA
"TER-PRIBS-T06",2025-05-18,NA,NA,NA
"TER-PRIBS-T06",2025-05-19,NA,NA,NA
"TER-PRIBS-T06",2025-05-20,NA,NA,NA
"TER-PRIBS-T06",2025-05-21,NA,NA,NA
"TER-PRIBS-T06",2025-05-22,NA,NA,NA
"TER-PRIBS-T06",2025-05-23,NA,NA,NA
"TER-PRIBS-T06",2025-05-24,NA,NA,NA
"TER-PRIBS-T06",2025-05-25,NA,NA,NA
"TER-PRIBS-T06",2025-05-26,NA,NA,NA
"TER-PRIBS-T06",2025-05-27,NA,NA,NA
"TER-PRIBS-T06",2025-05-28,NA,NA,NA
"TER-PRIBS-T06",2025-05-29,NA,NA,NA
"TER-PRIBS-T06",2025-05-30,NA,NA,NA
"TER-PRIBS-T06",2025-05-31,NA,NA,NA
"TER-PRIBS-T06",2025-06-01,NA,NA,NA
"TER-PRIBS-T06",2025-06-02,NA,NA,NA
"TER-PRIBS-T06",2025-06-03,NA,NA,NA
"TER-PRIBS-T06",2025-06-04,NA,NA,NA
"TER-PRIBS-T06",2025-06-05,NA,NA,NA
"TER-PRIBS-T06",2025-06-06,NA,NA,NA
"TER-PRIBS-T06",2025-06-07,NA,NA,NA
"TER-PRIBS-T06",2025-06-08,NA,NA,NA
"TER-PRIBS-T06",2025-06-09,NA,NA,NA
"TER-PRIBS-T06",2025-06-10,NA,NA,NA
"TER-PRIBS-T06",2025-06-11,NA,NA,NA
"TER-PRIBS-T06",2025-06-12,NA,NA,NA
"TER-PRIBS-T09",2023-08-09,NA,NA,NA
"TER-PRIBS-T09",2023-08-10,NA,NA,NA
"TER-PRIBS-T09",2023-08-11,NA,NA,NA
"TER-PRIBS-T09",2023-08-12,NA,NA,NA
"TER-PRIBS-T09",2023-08-13,NA,NA,NA
"TER-PRIBS-T09",2023-08-14,NA,NA,NA
"TER-PRIBS-T09",2023-08-15,NA,NA,NA
"TER-PRIBS-T09",2023-08-16,NA,NA,NA
"TER-PRIBS-T09",2023-08-17,NA,NA,NA
"TER-PRIBS-T09",2023-08-18,NA,NA,NA
"TER-PRIBS-T09",2023-08-19,NA,NA,NA
"TER-PRIBS-T09",2023-08-20,NA,NA,NA
"TER-PRIBS-T09",2023-08-21,NA,NA,NA
"TER-PRIBS-T09",2023-08-22,NA,NA,NA
"TER-PRIBS-T09",2023-08-23,NA,NA,NA
"TER-PRIBS-T09",2023-08-24,NA,NA,NA
"TER-PRIBS-T09",2023-08-25,NA,NA,NA
"TER-PRIBS-T09",2023-08-26,NA,NA,NA
"TER-PRIBS-T09",2023-08-27,NA,NA,NA
"TER-PRIBS-T09",2023-08-28,NA,NA,NA
"TER-PRIBS-T09",2023-08-29,NA,NA,NA
"TER-PRIBS-T09",2023-08-30,NA,NA,NA
"TER-PRIBS-T09",2023-08-31,NA,NA,NA
"TER-PRIBS-T09",2023-09-01,NA,NA,NA
"TER-PRIBS-T09",2023-09-02,NA,NA,NA
"TER-PRIBS-T09",2023-09-03,NA,NA,NA
"TER-PRIBS-T09",2023-09-04,NA,NA,NA
"TER-PRIBS-T09",2023-09-05,NA,NA,NA
"TER-PRIBS-T09",2023-09-06,NA,NA,NA
"TER-PRIBS-T09",2023-09-07,NA,NA,NA
"TER-PRIBS-T09",2023-09-08,NA,NA,NA
"TER-PRIBS-T09",2023-09-09,NA,NA,NA
"TER-PRIBS-T09",2023-09-10,NA,NA,NA
"TER-PRIBS-T09",2023-09-11,NA,NA,NA
"TER-PRIBS-T09",2023-09-12,NA,NA,NA
"TER-PRIBS-T09",2023-09-13,NA,NA,NA
"TER-PRIBS-T09",2023-09-14,NA,NA,NA
"TER-PRIBS-T09",2023-09-15,NA,NA,NA
"TER-PRIBS-T09",2023-09-16,NA,NA,NA
"TER-PRIBS-T09",2023-09-17,NA,NA,NA
"TER-PRIBS-T09",2023-09-18,NA,NA,NA
"TER-PRIBS-T09",2023-09-19,NA,NA,NA
"TER-PRIBS-T09",2023-09-20,NA,NA,NA
"TER-PRIBS-T09",2023-09-21,NA,NA,NA
"TER-PRIBS-T09",2023-09-22,NA,NA,NA
"TER-PRIBS-T09",2023-09-23,NA,NA,NA
"TER-PRIBS-T09",2023-09-24,NA,NA,NA
"TER-PRIBS-T09",2023-09-25,NA,NA,NA
"TER-PRIBS-T09",2023-09-26,NA,NA,NA
"TER-PRIBS-T09",2023-09-27,NA,NA,NA
"TER-PRIBS-T09",2023-09-28,NA,NA,NA
"TER-PRIBS-T09",2023-09-29,NA,NA,NA
"TER-PRIBS-T09",2023-09-30,NA,NA,NA
"TER-PRIBS-T09",2023-10-01,NA,NA,NA
"TER-PRIBS-T09",2023-10-02,NA,NA,NA
"TER-PRIBS-T09",2023-10-03,NA,NA,NA
"TER-PRIBS-T09",2023-10-04,NA,NA,NA
"TER-PRIBS-T09",2023-10-05,NA,NA,NA
"TER-PRIBS-T09",2023-10-06,NA,NA,NA
"TER-PRIBS-T09",2023-10-07,NA,NA,NA
"TER-PRIBS-T09",2023-10-08,NA,NA,NA
"TER-PRIBS-T09",2023-10-09,NA,NA,NA
"TER-PRIBS-T09",2023-10-10,NA,NA,NA
"TER-PRIBS-T09",2023-10-11,NA,NA,NA
"TER-PRIBS-T09",2023-10-12,NA,NA,NA
"TER-PRIBS-T09",2023-10-13,NA,NA,NA
"TER-PRIBS-T09",2023-10-14,NA,NA,NA
"TER-PRIBS-T09",2023-10-15,NA,NA,NA
"TER-PRIBS-T09",2023-10-16,NA,NA,NA
"TER-PRIBS-T09",2023-10-17,NA,NA,NA
"TER-PRIBS-T09",2023-10-18,NA,NA,NA
"TER-PRIBS-T09",2023-10-19,NA,NA,NA
"TER-PRIBS-T09",2023-10-20,NA,NA,NA
"TER-PRIBS-T09",2023-10-21,NA,NA,NA
"TER-PRIBS-T09",2023-10-22,NA,NA,NA
"TER-PRIBS-T09",2023-10-23,NA,NA,NA
"TER-PRIBS-T09",2023-10-24,NA,NA,NA
"TER-PRIBS-T09",2023-10-25,NA,NA,NA
"TER-PRIBS-T09",2023-10-26,NA,NA,NA
"TER-PRIBS-T09",2023-10-27,NA,NA,NA
"TER-PRIBS-T09",2023-10-28,NA,NA,NA
"TER-PRIBS-T09",2023-10-29,NA,NA,NA
"TER-PRIBS-T09",2023-10-30,NA,NA,NA
"TER-PRIBS-T09",2023-10-31,NA,NA,NA
"TER-PRIBS-T09",2023-11-01,NA,NA,NA
"TER-PRIBS-T09",2023-11-02,NA,NA,NA
"TER-PRIBS-T09",2023-11-03,NA,NA,NA
"TER-PRIBS-T09",2023-11-04,NA,NA,NA
"TER-PRIBS-T09",2023-11-05,NA,NA,NA
"TER-PRIBS-T09",2023-11-06,NA,NA,NA
"TER-PRIBS-T09",2023-11-07,NA,NA,NA
"TER-PRIBS-T09",2023-11-08,NA,NA,NA
"TER-PRIBS-T09",2023-11-09,NA,NA,NA
"TER-PRIBS-T09",2023-11-10,NA,NA,NA
"TER-PRIBS-T09",2023-11-11,NA,NA,NA
"TER-PRIBS-T09",2023-11-12,NA,NA,NA
"TER-PRIBS-T09",2023-11-13,NA,NA,NA
"TER-PRIBS-T09",2023-11-14,NA,NA,NA
"TER-PRIBS-T09",2023-11-15,NA,NA,NA
"TER-PRIBS-T09",2023-11-16,NA,NA,NA
"TER-PRIBS-T09",2023-11-17,NA,NA,NA
"TER-PRIBS-T09",2023-11-18,NA,NA,NA
"TER-PRIBS-T09",2023-11-19,NA,NA,NA
"TER-PRIBS-T09",2023-11-20,NA,NA,NA
"TER-PRIBS-T09",2023-11-21,NA,NA,NA
"TER-PRIBS-T09",2023-11-22,NA,NA,NA
"TER-PRIBS-T09",2023-11-23,NA,NA,NA
"TER-PRIBS-T09",2023-11-24,NA,NA,NA
"TER-PRIBS-T09",2023-11-25,NA,NA,NA
"TER-PRIBS-T09",2023-11-26,NA,NA,NA
"TER-PRIBS-T09",2023-11-27,NA,NA,NA
"TER-PRIBS-T09",2023-11-28,NA,NA,NA
"TER-PRIBS-T09",2023-11-29,NA,NA,NA
"TER-PRIBS-T09",2023-11-30,NA,NA,NA
"TER-PRIBS-T09",2023-12-01,NA,NA,NA
"TER-PRIBS-T09",2023-12-02,NA,NA,NA
"TER-PRIBS-T09",2023-12-03,NA,NA,NA
"TER-PRIBS-T09",2023-12-04,NA,NA,NA
"TER-PRIBS-T09",2023-12-05,NA,NA,NA
"TER-PRIBS-T09",2023-12-06,NA,NA,NA
"TER-PRIBS-T09",2023-12-07,NA,NA,NA
"TER-PRIBS-T09",2023-12-08,NA,NA,NA
"TER-PRIBS-T09",2023-12-09,NA,NA,NA
"TER-PRIBS-T09",2023-12-10,NA,NA,NA
"TER-PRIBS-T09",2023-12-11,NA,NA,NA
"TER-PRIBS-T09",2023-12-12,NA,NA,NA
"TER-PRIBS-T09",2023-12-13,NA,NA,NA
"TER-PRIBS-T09",2023-12-14,NA,NA,NA
"TER-PRIBS-T09",2023-12-15,NA,NA,NA
"TER-PRIBS-T09",2023-12-16,NA,NA,NA
"TER-PRIBS-T09",2023-12-17,NA,NA,NA
"TER-PRIBS-T09",2023-12-18,NA,NA,NA
"TER-PRIBS-T09",2023-12-19,NA,NA,NA
"TER-PRIBS-T09",2023-12-20,NA,NA,NA
"TER-PRIBS-T09",2023-12-21,NA,NA,NA
"TER-PRIBS-T09",2023-12-22,NA,NA,NA
"TER-PRIBS-T09",2023-12-23,NA,NA,NA
"TER-PRIBS-T09",2023-12-24,NA,NA,NA
"TER-PRIBS-T09",2023-12-25,NA,NA,NA
"TER-PRIBS-T09",2023-12-26,NA,NA,NA
"TER-PRIBS-T09",2023-12-27,NA,NA,NA
"TER-PRIBS-T09",2023-12-28,NA,NA,NA
"TER-PRIBS-T09",2023-12-29,NA,NA,NA
"TER-PRIBS-T09",2023-12-30,NA,NA,NA
"TER-PRIBS-T09",2023-12-31,NA,NA,NA
"TER-PRIBS-T09",2024-01-01,NA,NA,NA
"TER-PRIBS-T09",2024-01-02,NA,NA,NA
"TER-PRIBS-T09",2024-01-03,NA,NA,NA
"TER-PRIBS-T09",2024-01-04,NA,NA,NA
"TER-PRIBS-T09",2024-01-05,NA,NA,NA
"TER-PRIBS-T09",2024-01-06,NA,NA,NA
"TER-PRIBS-T09",2024-01-07,NA,NA,NA
"TER-PRIBS-T09",2024-01-08,NA,NA,NA
"TER-PRIBS-T09",2024-01-09,NA,NA,NA
"TER-PRIBS-T09",2024-01-10,NA,NA,NA
"TER-PRIBS-T09",2024-01-11,NA,NA,NA
"TER-PRIBS-T09",2024-01-12,NA,NA,NA
"TER-PRIBS-T09",2024-01-13,NA,NA,NA
"TER-PRIBS-T09",2024-01-14,NA,NA,NA
"TER-PRIBS-T09",2024-01-15,NA,NA,NA
"TER-PRIBS-T09",2024-01-16,NA,NA,NA
"TER-PRIBS-T09",2024-01-17,NA,NA,NA
"TER-PRIBS-T09",2024-01-18,NA,NA,NA
"TER-PRIBS-T09",2024-01-19,NA,NA,NA
"TER-PRIBS-T09",2024-01-20,NA,NA,NA
"TER-PRIBS-T09",2024-01-21,NA,NA,NA
"TER-PRIBS-T09",2024-01-22,NA,NA,NA
"TER-PRIBS-T09",2024-01-23,NA,NA,NA
"TER-PRIBS-T09",2024-01-24,NA,NA,NA
"TER-PRIBS-T09",2024-01-25,NA,NA,NA
"TER-PRIBS-T09",2024-01-26,NA,NA,NA
"TER-PRIBS-T09",2024-01-27,NA,NA,NA
"TER-PRIBS-T09",2024-01-28,NA,NA,NA
"TER-PRIBS-T09",2024-01-29,NA,NA,NA
"TER-PRIBS-T09",2024-01-30,NA,NA,NA
"TER-PRIBS-T09",2024-01-31,NA,NA,NA
"TER-PRIBS-T09",2024-02-01,NA,NA,NA
"TER-PRIBS-T09",2024-02-02,NA,NA,NA
"TER-PRIBS-T09",2024-02-03,NA,NA,NA
"TER-PRIBS-T09",2024-02-04,NA,NA,NA
"TER-PRIBS-T09",2024-02-05,NA,NA,NA
"TER-PRIBS-T09",2024-02-06,NA,NA,NA
"TER-PRIBS-T09",2024-02-07,NA,NA,NA
"TER-PRIBS-T09",2024-02-08,NA,NA,NA
"TER-PRIBS-T09",2024-02-09,NA,NA,NA
"TER-PRIBS-T09",2024-02-10,NA,NA,NA
"TER-PRIBS-T09",2024-02-11,NA,NA,NA
"TER-PRIBS-T09",2024-02-12,NA,NA,NA
"TER-PRIBS-T09",2024-02-13,NA,NA,NA
"TER-PRIBS-T09",2024-02-14,NA,NA,NA
"TER-PRIBS-T09",2024-02-15,NA,NA,NA
"TER-PRIBS-T09",2024-02-16,NA,NA,NA
"TER-PRIBS-T09",2024-02-17,NA,NA,NA
"TER-PRIBS-T09",2024-02-18,NA,NA,NA
"TER-PRIBS-T09",2024-02-19,NA,NA,NA
"TER-PRIBS-T09",2024-02-20,NA,NA,NA
"TER-PRIBS-T09",2024-02-21,NA,NA,NA
"TER-PRIBS-T09",2024-02-22,NA,NA,NA
"TER-PRIBS-T09",2024-02-23,NA,NA,NA
"TER-PRIBS-T09",2024-02-24,NA,NA,NA
"TER-PRIBS-T09",2024-02-25,NA,NA,NA
"TER-PRIBS-T09",2024-02-26,NA,NA,NA
"TER-PRIBS-T09",2024-02-27,NA,NA,NA
"TER-PRIBS-T09",2024-02-28,NA,NA,NA
"TER-PRIBS-T09",2024-02-29,NA,NA,NA
"TER-PRIBS-T09",2024-03-01,NA,NA,NA
"TER-PRIBS-T09",2024-03-02,NA,NA,NA
"TER-PRIBS-T09",2024-03-03,NA,NA,NA
"TER-PRIBS-T09",2024-03-04,NA,NA,NA
"TER-PRIBS-T09",2024-03-05,NA,NA,NA
"TER-PRIBS-T09",2024-03-06,NA,NA,NA
"TER-PRIBS-T09",2024-03-07,NA,NA,NA
"TER-PRIBS-T09",2024-03-08,NA,NA,NA
"TER-PRIBS-T09",2024-03-09,NA,NA,NA
"TER-PRIBS-T09",2024-03-10,NA,NA,NA
"TER-PRIBS-T09",2024-03-11,NA,NA,NA
"TER-PRIBS-T09",2024-03-12,NA,NA,NA
"TER-PRIBS-T09",2024-03-13,NA,NA,NA
"TER-PRIBS-T09",2024-03-14,NA,NA,NA
"TER-PRIBS-T09",2024-03-15,NA,NA,NA
"TER-PRIBS-T09",2024-03-16,NA,NA,NA
"TER-PRIBS-T09",2024-03-17,NA,NA,NA
"TER-PRIBS-T09",2024-03-18,NA,NA,NA
"TER-PRIBS-T09",2024-03-19,NA,NA,NA
"TER-PRIBS-T09",2024-03-20,NA,NA,NA
"TER-PRIBS-T09",2024-03-21,NA,NA,NA
"TER-PRIBS-T09",2024-03-22,NA,NA,NA
"TER-PRIBS-T09",2024-03-23,NA,NA,NA
"TER-PRIBS-T09",2024-03-24,NA,NA,NA
"TER-PRIBS-T09",2024-03-25,NA,NA,NA
"TER-PRIBS-T09",2024-03-26,0.996370223957142,1.05788105136664,1.22307968384872
"TER-PRIBS-T09",2024-03-27,2.28851891855403,2.36214100868842,2.67020259232478
"TER-PRIBS-T09",2024-03-28,1.9388290205726,2.17851415259196,2.50615185123513
"TER-PRIBS-T09",2024-03-29,1.94477654168839,1.9222901121741,1.97630895900648
"TER-PRIBS-T09",2024-03-30,1.18795281221855,1.14445734245347,1.29379791446665
"TER-PRIBS-T09",2024-03-31,2.03724380446734,1.99171745129602,2.19343139950805
"TER-PRIBS-T09",2024-04-01,1.59809102604834,1.79963261146043,2.02955963667998
"TER-PRIBS-T09",2024-04-02,1.12268279877562,1.02659384740813,0.992499041725526
"TER-PRIBS-T09",2024-04-03,1.13711273069949,1.14840784554536,1.06321906614239
"TER-PRIBS-T09",2024-04-04,1.73152776639507,1.9388290205726,1.97630895900648
"TER-PRIBS-T09",2024-04-05,1.62186151770387,1.74961175817603,1.79661013328281
"TER-PRIBS-T09",2024-04-06,2.13907317732962,1.99455781304158,2.03134406136729
"TER-PRIBS-T09",2024-04-07,1.58671454379112,1.85612480058921,1.99626009022524
"TER-PRIBS-T09",2024-04-08,1.75077622536529,1.80866974096546,1.96608472107251
"TER-PRIBS-T09",2024-04-09,0.465766471310571,0.42933636014776,0.42933636014776
"TER-PRIBS-T09",2024-04-10,0.291796037560882,0.294114982937636,0.28232985128664
"TER-PRIBS-T09",2024-04-11,0.735980072193987,0.729490093902206,0.647948266856035
"TER-PRIBS-T09",2024-04-12,1.61458479429574,1.73505523447142,1.86889101426177
"TER-PRIBS-T09",2024-04-13,0.488546350136693,0.499546896146173,0.472044581534967
"TER-PRIBS-T09",2024-04-14,0.403225222065963,0.517361617708795,0.508977377704051
"TER-PRIBS-T09",2024-04-15,0.589767824619589,0.642332141271278,0.583592075121765
"TER-PRIBS-T09",2024-04-16,0.19034674690672,0.19034674690672,0.168915981173044
"TER-PRIBS-T09",2024-04-17,0.434057366141216,0.449939609474331,0.42933636014776
"TER-PRIBS-T09",2024-04-18,0.936140318356268,0.974307632279888,0.859463516521722
"TER-PRIBS-T09",2024-04-19,1.57064903966389,1.78307258015117,1.95592281493187
"TER-PRIBS-T09",2024-04-20,2.9185035623549,3.06444961604451,2.87913219111472
"TER-PRIBS-T09",2024-04-21,1.27528769132779,1.4161337446049,1.36317377968592
"TER-PRIBS-T09",2024-04-22,0.918558653543692,0.966841563388569,1.04061541156309
"TER-PRIBS-T09",2024-04-23,0.434057366141216,0.453948059341275,0.481543412343077
"TER-PRIBS-T09",2024-04-24,1.0494995356656,1.12931940514656,1.22751516416738
"TER-PRIBS-T09",2024-04-25,1.56023386392711,1.44823105491002,1.65160769282978
"TER-PRIBS-T09",2024-04-26,1.08597782025553,1.22011373905546,1.27528769132779
"TER-PRIBS-T09",2024-04-27,1.41789162726446,1.29938670037116,1.49864068843852
"TER-PRIBS-T09",2024-04-28,1.8295827908039,1.84437550799525,2.1314373934786
"TER-PRIBS-T09",2024-04-29,2.25291678895849,2.35291986350109,2.40470553200432
"TER-PRIBS-T09",2024-04-30,2.1049243505977,2.21152694970587,2.34665580736947
"TER-PRIBS-T09",2024-05-01,1.24218571973713,1.17934365189938,1.17876747224514
"TER-PRIBS-T09",2024-05-02,0.629872312802192,0.58008932345666,0.594357526717057
"TER-PRIBS-T09",2024-05-03,1.26243811729526,1.3855818115585,1.61290088826385
"TER-PRIBS-T09",2024-05-04,1.78953783200409,2.12771565606015,2.3100873626745
"TER-PRIBS-T09",2024-05-05,2.49773448073086,2.64266828265939,2.63855197442444
"TER-PRIBS-T09",2024-05-06,0.465766471310571,0.41702882811415,0.556581178890961
"TER-PRIBS-T09",2024-05-07,0.938073496085446,0.911878138311493,1.05273109274078
"TER-PRIBS-T09",2024-05-08,1.42696597158376,1.38296441736949,1.45073070044629
"TER-PRIBS-T09",2024-05-09,2.21490340679888,2.29681569109073,2.4212225921174
"TER-PRIBS-T09",2024-05-10,3.10322121094484,3.01077473298047,2.84749763013478
"TER-PRIBS-T09",2024-05-11,2.0602342627457,2.12633163732379,2.24728096577407
"TER-PRIBS-T09",2024-05-12,3.38555114002715,3.26813502195658,3.27595544200024
"TER-PRIBS-T09",2024-05-13,1.03712779249763,0.958372715006831,0.920528754795741
"TER-PRIBS-T09",2024-05-14,1.34864397811659,1.17645993175054,1.25379857615377
"TER-PRIBS-T09",2024-05-15,1.31256469819835,1.33514369850296,1.44823105491002
"TER-PRIBS-T09",2024-05-16,0.586301969977929,0.58008932345666,0.551677284367371
"TER-PRIBS-T09",2024-05-17,1.03187426208508,1.22011373905546,1.46146144841983
"TER-PRIBS-T09",2024-05-18,1.65051046122365,1.7769661492702,1.94663868602087
"TER-PRIBS-T09",2024-05-19,2.41372884900557,2.39413534662747,2.36367436880361
"TER-PRIBS-T09",2024-05-20,1.39616451835693,1.40843730857071,1.5667514623984
"TER-PRIBS-T09",2024-05-21,1.91627280137129,NA,NA
"TER-PRIBS-T09",2024-05-22,1.45151095688976,1.31721461722306,1.193088489982
"TER-PRIBS-T09",2024-05-23,0.384834803632619,0.329002665070039,0.326931274079147
"TER-PRIBS-T09",2024-05-24,1.05980583400786,1.68096224168511,1.74247866100506
"TER-PRIBS-T09",2024-05-25,1.30980140103182,2.21807054813902,2.37504767305319
"TER-PRIBS-T09",2024-05-26,1.53933921453048,2.46928596732047,2.54488688852026
"TER-PRIBS-T09",2024-05-27,1.90108664578514,2.13494051778797,2.16527268423666
"TER-PRIBS-T09",2024-05-28,1.6239545131775,1.51427387295655,1.47441956154897
"TER-PRIBS-T09",2024-05-29,0.254488688852026,0.268348410774533,0.268348410774533
"TER-PRIBS-T09",2024-05-30,0.561038762255892,1.09821165563825,1.11965315540385
"TER-PRIBS-T09",2024-05-31,0.793999233380421,1.16718415024353,1.06300606021695
"TER-PRIBS-T09",2024-06-01,1.23944821757828,1.64831380683324,1.62130292925344
"TER-PRIBS-T09",2024-06-02,0.90864407661692,1.32902383267799,1.38296441736949
"TER-PRIBS-T09",2024-06-03,0.816496580927726,0.858672720295521,0.896601877945966
"TER-PRIBS-T09",2024-06-04,1.26816511291834,1.78103942945555,1.92793630750528
"TER-PRIBS-T09",2024-06-05,0.719488042623545,1.07254944820301,0.977092700273386
"TER-PRIBS-T09",2024-06-06,0.896854406292881,1.39031327926218,1.41020478521096
"TER-PRIBS-T09",2024-06-07,0.989070710093681,1.32424438394346,1.29781728688785
"TER-PRIBS-T09",2024-06-08,1.24818709114169,1.69277557001357,1.85905052125533
"TER-PRIBS-T09",2024-06-09,0.85311662216516,1.31601066028016,1.39875721236047
"TER-PRIBS-T09",2024-06-10,0.999773525079193,1.66689310056034,1.81179709008823
"TER-PRIBS-T09",2024-06-11,1.62353612993903,2.7338955324973,2.76420900969434
"TER-PRIBS-T09",2024-06-12,2.33087344454665,3.38468149765672,3.56207885891111
"TER-PRIBS-T09",2024-06-13,0.920774721067277,1.35116026361458,1.50542497249982
"TER-PRIBS-T09",2024-06-14,0.806450444131925,1.51023081065421,1.63507190818249
"TER-PRIBS-T09",2024-06-15,1.48406389760479,2.32338068901481,2.42832022814842
"TER-PRIBS-T09",2024-06-16,1.79925507935359,2.34433869418296,2.49990941864886
"TER-PRIBS-T09",2024-06-17,0.545070132437434,1.04170289792063,1.16017864691332
"TER-PRIBS-T09",2024-06-18,1.01951075223023,1.565016090115,1.67894031451691
"TER-PRIBS-T09",2024-06-19,0.902643059439125,1.68915981173044,1.76917548142008
"TER-PRIBS-T09",2024-06-20,1.48848235130448,2.60634329325951,2.53159384406432
"TER-PRIBS-T09",2024-06-21,1.93543894583205,2.79330203019367,2.7662562992325
"TER-PRIBS-T09",2024-06-22,1.22899010031272,2.06319981539861,2.04201786390857
"TER-PRIBS-T09",2024-06-23,1.0451752505431,1.32270446489353,1.22899010031272
"TER-PRIBS-T09",2024-06-24,0.806450444131925,1.02062072615966,1.16076405371884
"TER-PRIBS-T09",2024-06-25,0.977787727771069,2.12601212043391,2.26254553961696
"TER-PRIBS-T09",2024-06-26,NA,NA,NA
"TER-PRIBS-T09",2024-06-27,1.16718415024353,1.22307968384872,1.35116026361458
"TER-PRIBS-T09",2024-06-28,1.24945640354029,1.32953489742777,1.48039727335487
"TER-PRIBS-T09",2024-06-29,0.545070132437435,0.938073496085446,1.07823493715894
"TER-PRIBS-T09",2024-06-30,0.629872312802192,0.56465970257328,0.650738153889517
"TER-PRIBS-T09",2024-07-01,1.3006060460249,1.57640551503288,1.59936581634495
"TER-PRIBS-T09",2024-07-02,1.82064947003909,2.1382261034711,2.10578482047547
"TER-PRIBS-T09",2024-07-03,0.884651736929383,1.13232318580052,1.15391582844263
"TER-PRIBS-T09",2024-07-04,1.38835738622448,1.85221665086434,1.80866974096546
"TER-PRIBS-T09",2024-07-05,2.92098541542087,3.38795821543968,3.37986096532498
"TER-PRIBS-T09",2024-07-06,2.06319981539861,2.29681569109073,2.33582294718151
"TER-PRIBS-T09",2024-07-07,2.78965155478269,2.99728137687704,2.98789829677719
"TER-PRIBS-T09",2024-07-08,1.51979689718582,1.69558249578132,1.67461871065833
"TER-PRIBS-T09",2024-07-09,1.58113883008419,1.61962600800219,1.54506577881641
"TER-PRIBS-T09",2024-07-10,1.19479547701021,1.31049277157405,1.39729941393171
"TER-PRIBS-T09",2024-07-11,0.955296069137807,1.14840784554536,1.18852453896003
"TER-PRIBS-T09",2024-07-12,1.56023386392711,2.06944647083518,2.18028052974974
"TER-PRIBS-T09",2024-07-13,1.04235484514075,1.35116026361458,1.46687457353816
"TER-PRIBS-T09",2024-07-14,2.05351854284228,2.68845828887385,2.56932856508511
"TER-PRIBS-T09",2024-07-15,1.43692884053234,1.64129235046964,1.64184413813037
"TER-PRIBS-T09",2024-07-16,1.51785866520445,1.86197164473498,1.75851963433674
"TER-PRIBS-T09",2024-07-17,0.570643547208776,0.683328914796602,0.746974574194299
"TER-PRIBS-T09",2024-07-18,1.193088489982,1.61388338030274,1.68419227619307
"TER-PRIBS-T09",2024-07-19,NA,3.55233899266956,3.49060592306621
"TER-PRIBS-T09",2024-07-20,1.86889101426177,2.27850303641591,2.20085210770738
"TER-PRIBS-T09",2024-07-21,1.06300606021695,1.21565125386128,1.3349740810598
"TER-PRIBS-T09",2024-07-22,1.11234834497998,1.45151095688976,1.44321877578647
"TER-PRIBS-T09",2024-07-23,1.58970875101179,1.9109476744518,1.99818758458469
"TER-PRIBS-T09",2024-07-24,1.83514403336316,2.20670913746948,2.27422546139897
"TER-PRIBS-T09",2024-07-25,2.50615185123513,2.90894422802142,2.95428637254659
"TER-PRIBS-T09",2024-07-26,1.3790290114761,1.44651004294745,1.39031327926218
"TER-PRIBS-T09",2024-07-27,0.607546145441299,0.878229031565262,1.0475558163677
"TER-PRIBS-T09",2024-07-28,2.04821856142413,2.39555370138761,2.49455929714179
"TER-PRIBS-T09",2024-07-29,0.688610762774367,1.08597782025553,1.27404411454121
"TER-PRIBS-T09",2024-07-30,0.740886660345738,1.206113653404,1.26189987889207
"TER-PRIBS-T09",2024-07-31,0.813996670576818,1.10006587418037,1.28519298725629
"TER-PRIBS-T09",2024-08-01,1.91284275132703,2.41363502998507,2.4133535510403
"TER-PRIBS-T09",2024-08-02,1.77224474869454,2.09543586140816,2.09284062557519
"TER-PRIBS-T09",2024-08-03,2.30537729943574,2.84876975735751,2.90543905235621
"TER-PRIBS-T09",2024-08-04,1.83551418377537,2.25502659131466,2.36826849241675
"TER-PRIBS-T09",2024-08-05,2.08861648958819,2.53239875972582,2.53954235292874
"TER-PRIBS-T09",2024-08-06,0.545070132437434,0.793999233380421,0.920528754795741
"TER-PRIBS-T09",2024-08-07,1.4407060970132,1.94942856733209,2.08242733923381
"TER-PRIBS-T09",2024-08-08,2.0107275703881,2.46634961730542,2.7610122067454
"TER-PRIBS-T09",2024-08-09,2.38873791793485,2.83098794656975,3.05712520069977
"TER-PRIBS-T09",2024-08-10,1.61163680412362,1.72995769404584,1.73987755691126
"TER-PRIBS-T09",2024-08-11,1.11965315540385,1.48177332069148,1.60148821186846
"TER-PRIBS-T09",2024-08-12,3.02098637793224,3.46560480532138,3.69978456090371
"TER-PRIBS-T09",2024-08-13,2.1328180990132,2.26494633138579,2.57918086086329
"TER-PRIBS-T09",2024-08-14,2.10234082786825,2.43576908069972,2.51373041110421
"TER-PRIBS-T09",2024-08-15,2.36357856293977,2.60216952404797,2.75238697460423
"TER-PRIBS-T09",2024-08-16,1.72523890385138,2.02330175702983,2.17153855829109
"TER-PRIBS-T09",2024-08-17,2.02296596717489,2.45973001346295,2.52774459817901
"TER-PRIBS-T09",2024-08-18,2.34974173727328,2.66077247146905,2.58890819693822
"TER-PRIBS-T09",2024-08-19,2.3297073275165,2.81808021300965,3.05475395721659
"TER-PRIBS-T09",2024-08-20,0.919790461329983,1.22474487139159,1.20385853085769
"TER-PRIBS-T09",2024-08-21,1.79358256174538,2.29799849900936,2.40837533186388
"TER-PRIBS-T09",2024-08-22,3.04911486324726,3.70076372846377,3.65247583293099
"TER-PRIBS-T09",2024-08-23,1.50843041564422,1.65817583550397,1.89536046818219
"TER-PRIBS-T09",2024-08-24,1.4889386843645,1.90999943091273,2.07981587117009
"TER-PRIBS-T09",2024-08-25,3.12307911978,3.60699551797152,3.44522353663609
"TER-PRIBS-T09",2024-08-26,1.30477800877157,1.87614699217089,2.00802285771389
"TER-PRIBS-T09",2024-08-27,0.936140318356268,1.65667293615587,1.7956015099706
"TER-PRIBS-T09",2024-08-28,2.11779468972469,2.58198889747161,2.71260810911255
"TER-PRIBS-T09",2024-08-29,2.63717844389179,3.1622060498091,3.03929578037079
"TER-PRIBS-T09",2024-08-30,1.88817832613987,2.20999049115929,2.39867112968948
"TER-PRIBS-T09",2024-08-31,1.86197164473498,2.30537729943574,2.18598550056849
"TER-PRIBS-T09",2024-09-01,0.588229965875272,1.21416011407421,1.2128538629009
"TER-PRIBS-T09",2024-09-02,1.22899010031272,1.85917232636742,2.01792241415898
"TER-PRIBS-T09",2024-09-03,1.25325662731663,1.42553702060011,1.61290088826385
"TER-PRIBS-T09",2024-09-04,1.20517453183093,1.37458821238333,1.35383914656897
"TER-PRIBS-T09",2024-09-05,0.992499041725526,0.949589919119171,1.0494995356656
"TER-PRIBS-T09",2024-09-06,0.892805381522402,0.859726953621095,1.02128613146309
"TER-PRIBS-T09",2024-09-07,0.9006338347785,0.896601877945966,0.868114732282431
"TER-PRIBS-T09",2024-09-08,0.575779245136914,1.18699932236895,1.44963763588088
"TER-PRIBS-T09",2024-09-09,1.33514369850296,1.76109320462102,1.80979620920163
"TER-PRIBS-T09",2024-09-10,0.766130877682874,1.26243811729526,1.21583751774866
"TER-PRIBS-T09",2024-09-11,0.656282349099174,1.34258565160069,1.6100904646472
"TER-PRIBS-T09",2024-09-12,1.67624061778005,1.76109320462102,1.8157922373651
"TER-PRIBS-T09",2024-09-13,1.7161582897164,2.13111864209074,2.07981587117009
"TER-PRIBS-T09",2024-09-14,1.50361882311222,1.92052227196184,1.97951465285548
"TER-PRIBS-T09",2024-09-15,1.7856107630448,2.16181871231783,2.28733120862961
"TER-PRIBS-T09",2024-09-16,0.902643059439125,1.02128613146309,0.996370223957142
"TER-PRIBS-T09",2024-09-17,0.710939366337732,0.834057656228299,1.08347267777192
"TER-PRIBS-T09",2024-09-18,1.39875721236047,1.80265002189812,1.84437550799525
"TER-PRIBS-T09",2024-09-19,1.94861526455978,2.04832911757682,2.00712047687618
"TER-PRIBS-T09",2024-09-20,1.17009073102926,1.76109320462102,1.95418540054677
"TER-PRIBS-T09",2024-09-21,2.20136650577627,2.79362628604596,2.87038855118651
"TER-PRIBS-T09",2024-09-22,1.36466803310538,1.51068057414579,1.48528409423238
"TER-PRIBS-T09",2024-09-23,2.13653094823212,2.68778436311559,2.73960485884529
"TER-PRIBS-T09",2024-09-24,1.28941482064933,1.36184417802383,1.42426563838901
"TER-PRIBS-T09",2024-09-25,1.16543672227332,1.8266098716443,1.76725448246626
"TER-PRIBS-T09",2024-09-26,1.16543672227332,1.66104123097968,NA
"TER-PRIBS-T09",2024-09-27,1.26189987889207,1.49500981529423,NA
"TER-PRIBS-T09",2024-09-28,1.00339098972478,1.24163870214594,NA
"TER-PRIBS-T09",2024-09-29,0.545070132437435,0.607546145441299,NA
"TER-PRIBS-T09",2024-09-30,0.699054744803212,0.846722153836252,NA
"TER-PRIBS-T09",2024-10-01,0.551677284367371,0.686304956089946,NA
"TER-PRIBS-T09",2024-10-02,0.323449478616663,0.323449478616663,NA
"TER-PRIBS-T09",2024-10-03,0.547970564109455,0.588229965875272,NA
"TER-PRIBS-T09",2024-10-04,1.09014026487487,1.16329741234356,NA
"TER-PRIBS-T09",2024-10-05,1.0475558163677,1.42553702060011,NA
"TER-PRIBS-T09",2024-10-06,1.43692884053234,1.53167049091951,NA
"TER-PRIBS-T09",2024-10-07,2.39110671120045,2.60147324481307,NA
"TER-PRIBS-T09",2024-10-08,1.15077163777999,1.35065738154383,NA
"TER-PRIBS-T09",2024-10-09,2.16150444118798,2.32182071859034,NA
"TER-PRIBS-T09",2024-10-10,1.18852453896003,1.35132784938435,NA
"TER-PRIBS-T09",2024-10-11,0.561038762255892,0.58008932345666,NA
"TER-PRIBS-T09",2024-10-12,2.08991713309126,2.15142352604172,NA
"TER-PRIBS-T09",2024-10-13,1.10314931255796,1.36715482621413,NA
"TER-PRIBS-T09",2024-10-14,0.49453535504684,0.550032937090187,NA
"TER-PRIBS-T09",2024-10-15,0.63381465310669,0.880546602310508,NA
"TER-PRIBS-T09",2024-10-16,1.00879286450602,1.134920031659,NA
"TER-PRIBS-T09",2024-10-17,2.741835706872,2.87346367268857,NA
"TER-PRIBS-T09",2024-10-18,1.61290088826385,1.68701348327559,NA
"TER-PRIBS-T09",2024-10-19,0.963086824686154,1.03909101859632,NA
"TER-PRIBS-T09",2024-10-20,1.24218571973713,1.36732045161012,NA
"TER-PRIBS-T09",2024-10-21,2.38190263128608,2.69586035311146,NA
"TER-PRIBS-T09",2024-10-22,2.19022862945295,1.99046640809111,NA
"TER-PRIBS-T09",2024-10-23,1.59468660316654,1.52856260034989,NA
"TER-PRIBS-T09",2024-10-24,0.908893259146386,0.850191794218529,NA
"TER-PRIBS-T09",2024-10-25,1.09594112821891,1.03011713137285,NA
"TER-PRIBS-T09",2024-10-26,0.907896118682551,1.16388125047936,NA
"TER-PRIBS-T09",2024-10-27,0.963086824686153,1.00519484015123,NA
"TER-PRIBS-T09",2024-10-28,1.11965315540385,1.28095723944063,NA
"TER-PRIBS-T09",2024-10-29,1.05980583400786,1.21862805967452,NA
"TER-PRIBS-T09",2024-10-30,0.766130877682874,0.764947663266077,NA
"TER-PRIBS-T09",2024-10-31,0.78683690739605,0.789422830805584,NA
"TER-PRIBS-T09",2024-11-01,1.04257207028537,1.05208557540298,NA
"TER-PRIBS-T09",2024-11-02,0.92641392132415,1.12751329565733,NA
"TER-PRIBS-T09",2024-11-03,0.704218654285356,0.637022057270606,NA
"TER-PRIBS-T09",2024-11-04,1.81666500465288,2.08416650006663,NA
"TER-PRIBS-T09",2024-11-05,1.72103356206064,1.70198094302926,NA
"TER-PRIBS-T09",2024-11-06,1.40634560866612,1.47426596817791,NA
"TER-PRIBS-T09",2024-11-07,2.8206504286387,2.97079687255306,NA
"TER-PRIBS-T09",2024-11-08,1.05616718867553,1.27954220753735,NA
"TER-PRIBS-T09",2024-11-09,0.630949939446036,0.691236552140071,NA
"TER-PRIBS-T09",2024-11-10,0.561038762255892,0.570643547208776,NA
"TER-PRIBS-T09",2024-11-11,0.589383736122568,0.545070132437435,NA
"TER-PRIBS-T09",2024-11-12,0.312046772785422,0.403225222065963,NA
"TER-PRIBS-T09",2024-11-13,1.1355184604017,1.17028424640824,NA
"TER-PRIBS-T09",2024-11-14,0.545070132437435,0.588229965875272,NA
"TER-PRIBS-T09",2024-11-15,0.561038762255892,0.556581178890961,NA
"TER-PRIBS-T09",2024-11-16,0.763466066556077,0.721060008759246,NA
"TER-PRIBS-T09",2024-11-17,0.458415671128542,0.412112795872367,NA
"TER-PRIBS-T09",2024-11-18,0.221162934232346,0.318511028635303,NA
"TER-PRIBS-T09",2024-11-19,0.71189428868398,0.719488042623545,NA
"TER-PRIBS-T09",2024-11-20,1.06300606021695,1.11783142801107,NA
"TER-PRIBS-T09",2024-11-21,0.691564074808125,0.737209780774486,NA
"TER-PRIBS-T09",2024-11-22,0.42933636014776,0.425095897109265,NA
"TER-PRIBS-T09",2024-11-23,1.34309155590236,1.50301629100103,NA
"TER-PRIBS-T09",2024-11-24,0.737209780774486,0.619724108789139,NA
"TER-PRIBS-T09",2024-11-25,1.76109320462102,1.76302091695566,NA
"TER-PRIBS-T09",2024-11-26,1.84154944213455,2.01342864972569,NA
"TER-PRIBS-T09",2024-11-27,1.66594187138705,1.49984902621873,NA
"TER-PRIBS-T09",2024-11-28,1.14208048144032,1.32697760539407,NA
"TER-PRIBS-T09",2024-11-29,1.32953489742777,1.30980140103182,NA
"TER-PRIBS-T09",2024-11-30,0.71443450831176,1.10335456873474,NA
"TER-PRIBS-T09",2024-12-01,1.84695205245236,1.84633891561228,NA
"TER-PRIBS-T09",2024-12-02,1.25325662731663,1.48360606514052,NA
"TER-PRIBS-T09",2024-12-03,1.36317377968592,1.62729770665572,NA
"TER-PRIBS-T09",2024-12-04,1.34056012519967,1.44463023702923,NA
"TER-PRIBS-T09",2024-12-05,0.675328690771916,0.813996670576818,NA
"TER-PRIBS-T09",2024-12-06,0.78683690739605,0.963086824686153,NA
"TER-PRIBS-T09",2024-12-07,0.779899194526567,1.06810647843526,NA
"TER-PRIBS-T09",2024-12-08,0.670280062599836,0.656282349099174,NA
"TER-PRIBS-T09",2024-12-09,0.63381465310669,0.726067430094119,NA
"TER-PRIBS-T09",2024-12-10,0.510753918455249,0.434057366141216,NA
"TER-PRIBS-T09",2024-12-11,0.735980072193987,0.751809411556112,NA
"TER-PRIBS-T09",2024-12-12,1.27404411454121,1.45898018780441,NA
"TER-PRIBS-T09",2024-12-13,0.550032937090187,0.641273642104501,NA
"TER-PRIBS-T09",2024-12-14,0.783664746420693,0.902643059439125,NA
"TER-PRIBS-T09",2024-12-15,1.08263634211833,1.08012344973464,NA
"TER-PRIBS-T09",2024-12-16,1.57194608455685,1.68271261335097,NA
"TER-PRIBS-T09",2024-12-17,1.34309155590236,1.53167049091951,NA
"TER-PRIBS-T09",2024-12-18,1.00722031037067,1.07823493715894,NA
"TER-PRIBS-T09",2024-12-19,1.15783405984836,1.28519298725629,NA
"TER-PRIBS-T09",2024-12-20,2.05318769481626,2.39413534662747,NA
"TER-PRIBS-T09",2024-12-21,0.850990471514632,0.729490093902206,NA
"TER-PRIBS-T09",2024-12-22,0.977092700273386,0.9006338347785,NA
"TER-PRIBS-T09",2024-12-23,0.806450444131926,0.675328690771916,NA
"TER-PRIBS-T09",2024-12-24,0.764947663266077,0.749093655258023,NA
"TER-PRIBS-T09",2024-12-25,1.76109320462102,1.73987755691126,NA
"TER-PRIBS-T09",2024-12-26,1.26673579140142,1.38688865628339,NA
"TER-PRIBS-T09",2024-12-27,0.797414299606792,0.806450444131925,NA
"TER-PRIBS-T09",2024-12-28,0.547970564109455,0.650738153889517,NA
"TER-PRIBS-T09",2024-12-29,0.825049405635281,0.765835245459757,NA
"TER-PRIBS-T09",2024-12-30,0.477292332867911,0.508977377704051,NA
"TER-PRIBS-T09",2024-12-31,0.42933636014776,0.414851116999053,NA
"TER-PRIBS-T09",2025-01-01,0.541318171059166,0.545070132437435,NA
"TER-PRIBS-T09",2025-01-02,0.323449478616663,0.440273301155254,NA
"TER-PRIBS-T09",2025-01-03,0.750603621828092,0.831610538026378,NA
"TER-PRIBS-T09",2025-01-04,0.569451808600904,0.764947663266077,NA
"TER-PRIBS-T09",2025-01-05,1.1818371844018,1.2509054691517,NA
"TER-PRIBS-T09",2025-01-06,0.670280062599837,0.653862548158295,NA
"TER-PRIBS-T09",2025-01-07,1.66594187138705,1.6239545131775,NA
"TER-PRIBS-T09",2025-01-08,1.30616570180805,1.20517453183093,NA
"TER-PRIBS-T09",2025-01-09,0.425095897109265,0.403225222065963,NA
"TER-PRIBS-T09",2025-01-10,0.722001545624425,0.763466066556077,NA
"TER-PRIBS-T09",2025-01-11,0.329002665070039,0.28232985128664,NA
"TER-PRIBS-T09",2025-01-12,0.890519714727776,0.806450444131926,NA
"TER-PRIBS-T09",2025-01-13,0.337831962346088,0.291796037560882,NA
"TER-PRIBS-T09",2025-01-14,0.312046772785422,0.306186217847897,NA
"TER-PRIBS-T09",2025-01-15,0.291796037560882,0.294114982937636,NA
"TER-PRIBS-T09",2025-01-16,0,0.207425558499527,NA
"TER-PRIBS-T09",2025-01-17,1.12268279877562,1.16076405371884,NA
"TER-PRIBS-T09",2025-01-18,1.20517453183093,1.30772509631659,NA
"TER-PRIBS-T09",2025-01-19,1.23193467500443,1.1466318034808,NA
"TER-PRIBS-T09",2025-01-20,0.588229965875271,0.569451808600904,NA
"TER-PRIBS-T09",2025-01-21,0.624093545570845,0.653862548158294,NA
"TER-PRIBS-T09",2025-01-22,1.50707870792605,1.59355017928933,NA
"TER-PRIBS-T09",2025-01-23,1.90916933147164,1.83366268451417,NA
"TER-PRIBS-T09",2025-01-24,1.69384542353799,1.53447696796576,NA
"TER-PRIBS-T09",2025-01-25,2.62616433804794,2.50325874568054,NA
"TER-PRIBS-T09",2025-01-26,1.82524566541889,1.85136064338747,NA
"TER-PRIBS-T09",2025-01-27,1.30980140103182,1.42886901662352,NA
"TER-PRIBS-T09",2025-01-28,2.48683125888045,2.4582565696686,NA
"TER-PRIBS-T09",2025-01-29,1.15077163777999,1.21117232704397,NA
"TER-PRIBS-T09",2025-01-30,0.588229965875272,0.58008932345666,NA
"TER-PRIBS-T09",2025-01-31,0.659036956585082,0.624093545570845,NA
"TER-PRIBS-T09",2025-02-01,2.28851891855403,NA,NA
"TER-PRIBS-T09",2025-02-02,2.1135132849824,NA,NA
"TER-PRIBS-T09",2025-02-03,1.71259189957583,NA,NA
"TER-PRIBS-T09",2025-02-04,1.36134524260572,NA,NA
"TER-PRIBS-T09",2025-02-05,0.488546350136693,NA,NA
"TER-PRIBS-T09",2025-02-06,0.448427203146441,NA,NA
"TER-PRIBS-T09",2025-02-07,1.56718500521786,NA,NA
"TER-PRIBS-T09",2025-02-08,0.571040240720161,NA,NA
"TER-PRIBS-T09",2025-02-09,0.545070132437435,NA,NA
"TER-PRIBS-T09",2025-02-10,1.37508234272547,NA,NA
"TER-PRIBS-T09",2025-02-11,1.79774415809676,NA,NA
"TER-PRIBS-T09",2025-02-12,NA,NA,NA
"TER-PRIBS-T09",2025-02-13,NA,NA,NA
"TER-PRIBS-T09",2025-02-14,NA,NA,NA
"TER-PRIBS-T09",2025-02-15,NA,NA,NA
"TER-PRIBS-T09",2025-02-16,NA,NA,NA
"TER-PRIBS-T09",2025-02-17,NA,NA,NA
"TER-PRIBS-T09",2025-02-18,NA,NA,NA
"TER-PRIBS-T09",2025-02-19,NA,NA,NA
"TER-PRIBS-T09",2025-02-20,NA,NA,NA
"TER-PRIBS-T09",2025-02-21,NA,NA,NA
"TER-PRIBS-T09",2025-02-22,NA,NA,NA
"TER-PRIBS-T09",2025-02-23,NA,NA,NA
"TER-PRIBS-T09",2025-02-24,NA,NA,NA
"TER-PRIBS-T09",2025-02-25,NA,NA,NA
"TER-PRIBS-T09",2025-02-26,NA,NA,NA
"TER-PRIBS-T09",2025-02-27,NA,NA,NA
"TER-PRIBS-T09",2025-02-28,NA,NA,NA
"TER-PRIBS-T09",2025-03-01,NA,NA,NA
"TER-PRIBS-T09",2025-03-02,NA,NA,NA
"TER-PRIBS-T09",2025-03-03,NA,NA,NA
"TER-PRIBS-T09",2025-03-04,NA,NA,NA
"TER-PRIBS-T09",2025-03-05,NA,NA,NA
"TER-PRIBS-T09",2025-03-06,NA,NA,NA
"TER-PRIBS-T09",2025-03-07,NA,NA,NA
"TER-PRIBS-T09",2025-03-08,NA,NA,NA
"TER-PRIBS-T09",2025-03-09,NA,NA,NA
"TER-PRIBS-T09",2025-03-10,NA,NA,NA
"TER-PRIBS-T09",2025-03-11,NA,NA,NA
"TER-PRIBS-T09",2025-03-12,NA,NA,NA
"TER-PRIBS-T09",2025-03-13,NA,NA,NA
"TER-PRIBS-T09",2025-03-14,NA,NA,NA
"TER-PRIBS-T09",2025-03-15,NA,NA,NA
"TER-PRIBS-T09",2025-03-16,NA,NA,NA
"TER-PRIBS-T09",2025-03-17,NA,NA,NA
"TER-PRIBS-T09",2025-03-18,NA,NA,NA
"TER-PRIBS-T09",2025-03-19,NA,NA,NA
"TER-PRIBS-T09",2025-03-20,NA,NA,NA
"TER-PRIBS-T09",2025-03-21,NA,NA,NA
"TER-PRIBS-T09",2025-03-22,NA,NA,NA
"TER-PRIBS-T09",2025-03-23,NA,NA,NA
"TER-PRIBS-T09",2025-03-24,NA,NA,NA
"TER-PRIBS-T09",2025-03-25,NA,NA,NA
"TER-PRIBS-T09",2025-03-26,NA,NA,NA
"TER-PRIBS-T09",2025-03-27,NA,NA,NA
"TER-PRIBS-T09",2025-03-28,NA,NA,NA
"TER-PRIBS-T09",2025-03-29,NA,NA,NA
"TER-PRIBS-T09",2025-03-30,NA,NA,NA
"TER-PRIBS-T09",2025-03-31,NA,NA,NA
"TER-PRIBS-T09",2025-04-01,NA,NA,NA
"TER-PRIBS-T09",2025-04-02,NA,NA,NA
"TER-PRIBS-T09",2025-04-03,NA,NA,NA
"TER-PRIBS-T09",2025-04-04,NA,NA,NA
"TER-PRIBS-T09",2025-04-05,NA,NA,NA
"TER-PRIBS-T09",2025-04-06,NA,NA,NA
"TER-PRIBS-T09",2025-04-07,NA,NA,NA
"TER-PRIBS-T09",2025-04-08,NA,NA,NA
"TER-PRIBS-T09",2025-04-09,NA,NA,NA
"TER-PRIBS-T09",2025-04-10,NA,NA,NA
"TER-PRIBS-T09",2025-04-11,NA,NA,NA
"TER-PRIBS-T09",2025-04-12,NA,NA,NA
"TER-PRIBS-T09",2025-04-13,NA,NA,NA
"TER-PRIBS-T09",2025-04-14,NA,NA,NA
"TER-PRIBS-T09",2025-04-15,NA,NA,NA
"TER-PRIBS-T09",2025-04-16,NA,NA,NA
"TER-PRIBS-T09",2025-04-17,NA,NA,NA
"TER-PRIBS-T09",2025-04-18,NA,NA,NA
"TER-PRIBS-T09",2025-04-19,NA,NA,NA
"TER-PRIBS-T09",2025-04-20,NA,NA,NA
"TER-PRIBS-T09",2025-04-21,NA,NA,NA
"TER-PRIBS-T09",2025-04-22,NA,NA,NA
"TER-PRIBS-T09",2025-04-23,NA,NA,NA
"TER-PRIBS-T09",2025-04-24,NA,NA,NA
"TER-PRIBS-T09",2025-04-25,NA,NA,NA
"TER-PRIBS-T09",2025-04-26,NA,NA,NA
"TER-PRIBS-T09",2025-04-27,NA,NA,NA
"TER-PRIBS-T09",2025-04-28,NA,NA,NA
"TER-PRIBS-T09",2025-04-29,NA,NA,NA
"TER-PRIBS-T09",2025-04-30,NA,NA,NA
"TER-PRIBS-T09",2025-05-01,NA,NA,NA
"TER-PRIBS-T09",2025-05-02,NA,NA,NA
"TER-PRIBS-T09",2025-05-03,NA,NA,NA
"TER-PRIBS-T09",2025-05-04,NA,NA,NA
"TER-PRIBS-T09",2025-05-05,NA,NA,NA
"TER-PRIBS-T09",2025-05-06,NA,NA,NA
"TER-PRIBS-T09",2025-05-07,NA,NA,NA
"TER-PRIBS-T09",2025-05-08,NA,NA,NA
"TER-PRIBS-T09",2025-05-09,NA,NA,NA
"TER-PRIBS-T09",2025-05-10,NA,NA,NA
"TER-PRIBS-T09",2025-05-11,NA,NA,NA
"TER-PRIBS-T09",2025-05-12,NA,NA,NA
"TER-PRIBS-T09",2025-05-13,NA,NA,NA
"TER-PRIBS-T09",2025-05-14,NA,NA,NA
"TER-PRIBS-T09",2025-05-15,NA,NA,NA
"TER-PRIBS-T09",2025-05-16,NA,NA,NA
"TER-PRIBS-T09",2025-05-17,NA,NA,NA
"TER-PRIBS-T09",2025-05-18,NA,NA,NA
"TER-PRIBS-T09",2025-05-19,NA,NA,NA
"TER-PRIBS-T09",2025-05-20,NA,NA,NA
"TER-PRIBS-T09",2025-05-21,NA,NA,NA
"TER-PRIBS-T09",2025-05-22,NA,NA,NA
"TER-PRIBS-T09",2025-05-23,NA,NA,NA
"TER-PRIBS-T09",2025-05-24,NA,NA,NA
"TER-PRIBS-T09",2025-05-25,NA,NA,NA
"TER-PRIBS-T09",2025-05-26,NA,NA,NA
"TER-PRIBS-T09",2025-05-27,NA,NA,NA
"TER-PRIBS-T09",2025-05-28,NA,NA,NA
"TER-PRIBS-T09",2025-05-29,NA,NA,NA
"TER-PRIBS-T09",2025-05-30,NA,NA,NA
"TER-PRIBS-T09",2025-05-31,NA,NA,NA
"TER-PRIBS-T09",2025-06-01,NA,NA,NA
"TER-PRIBS-T09",2025-06-02,NA,NA,NA
"TER-PRIBS-T09",2025-06-03,NA,NA,NA
"TER-PRIBS-T09",2025-06-04,NA,NA,NA
"TER-PRIBS-T09",2025-06-05,NA,NA,NA
"TER-PRIBS-T09",2025-06-06,NA,NA,NA
"TER-PRIBS-T09",2025-06-07,NA,NA,NA
"TER-PRIBS-T09",2025-06-08,NA,NA,NA
"TER-PRIBS-T09",2025-06-09,NA,NA,NA
"TER-PRIBS-T09",2025-06-10,NA,NA,NA
"TER-PRIBS-T09",2025-06-11,NA,NA,NA
"TER-PRIBS-T09",2025-06-12,NA,NA,NA
"TER-PRIBS-T15",2023-08-09,NA,NA,NA
"TER-PRIBS-T15",2023-08-10,NA,NA,NA
"TER-PRIBS-T15",2023-08-11,NA,NA,NA
"TER-PRIBS-T15",2023-08-12,NA,NA,NA
"TER-PRIBS-T15",2023-08-13,NA,NA,NA
"TER-PRIBS-T15",2023-08-14,NA,NA,NA
"TER-PRIBS-T15",2023-08-15,NA,NA,NA
"TER-PRIBS-T15",2023-08-16,NA,NA,NA
"TER-PRIBS-T15",2023-08-17,NA,NA,NA
"TER-PRIBS-T15",2023-08-18,NA,NA,NA
"TER-PRIBS-T15",2023-08-19,NA,NA,NA
"TER-PRIBS-T15",2023-08-20,NA,NA,NA
"TER-PRIBS-T15",2023-08-21,NA,NA,NA
"TER-PRIBS-T15",2023-08-22,NA,NA,NA
"TER-PRIBS-T15",2023-08-23,NA,NA,NA
"TER-PRIBS-T15",2023-08-24,NA,NA,NA
"TER-PRIBS-T15",2023-08-25,NA,NA,NA
"TER-PRIBS-T15",2023-08-26,NA,NA,NA
"TER-PRIBS-T15",2023-08-27,NA,NA,NA
"TER-PRIBS-T15",2023-08-28,NA,NA,NA
"TER-PRIBS-T15",2023-08-29,NA,NA,NA
"TER-PRIBS-T15",2023-08-30,NA,NA,NA
"TER-PRIBS-T15",2023-08-31,NA,NA,NA
"TER-PRIBS-T15",2023-09-01,NA,NA,NA
"TER-PRIBS-T15",2023-09-02,NA,NA,NA
"TER-PRIBS-T15",2023-09-03,NA,NA,NA
"TER-PRIBS-T15",2023-09-04,NA,NA,NA
"TER-PRIBS-T15",2023-09-05,NA,NA,NA
"TER-PRIBS-T15",2023-09-06,NA,NA,NA
"TER-PRIBS-T15",2023-09-07,NA,NA,NA
"TER-PRIBS-T15",2023-09-08,NA,NA,NA
"TER-PRIBS-T15",2023-09-09,NA,NA,NA
"TER-PRIBS-T15",2023-09-10,NA,NA,NA
"TER-PRIBS-T15",2023-09-11,NA,NA,NA
"TER-PRIBS-T15",2023-09-12,NA,NA,NA
"TER-PRIBS-T15",2023-09-13,NA,NA,NA
"TER-PRIBS-T15",2023-09-14,NA,NA,NA
"TER-PRIBS-T15",2023-09-15,NA,NA,NA
"TER-PRIBS-T15",2023-09-16,NA,NA,NA
"TER-PRIBS-T15",2023-09-17,NA,NA,NA
"TER-PRIBS-T15",2023-09-18,NA,NA,NA
"TER-PRIBS-T15",2023-09-19,NA,NA,NA
"TER-PRIBS-T15",2023-09-20,NA,NA,NA
"TER-PRIBS-T15",2023-09-21,NA,NA,NA
"TER-PRIBS-T15",2023-09-22,NA,NA,NA
"TER-PRIBS-T15",2023-09-23,NA,NA,NA
"TER-PRIBS-T15",2023-09-24,NA,NA,NA
"TER-PRIBS-T15",2023-09-25,NA,NA,NA
"TER-PRIBS-T15",2023-09-26,NA,NA,NA
"TER-PRIBS-T15",2023-09-27,NA,NA,NA
"TER-PRIBS-T15",2023-09-28,NA,NA,NA
"TER-PRIBS-T15",2023-09-29,NA,NA,NA
"TER-PRIBS-T15",2023-09-30,NA,NA,NA
"TER-PRIBS-T15",2023-10-01,NA,NA,NA
"TER-PRIBS-T15",2023-10-02,NA,NA,NA
"TER-PRIBS-T15",2023-10-03,NA,NA,NA
"TER-PRIBS-T15",2023-10-04,NA,NA,NA
"TER-PRIBS-T15",2023-10-05,NA,NA,NA
"TER-PRIBS-T15",2023-10-06,NA,NA,NA
"TER-PRIBS-T15",2023-10-07,NA,NA,NA
"TER-PRIBS-T15",2023-10-08,NA,NA,NA
"TER-PRIBS-T15",2023-10-09,NA,NA,NA
"TER-PRIBS-T15",2023-10-10,NA,NA,NA
"TER-PRIBS-T15",2023-10-11,NA,NA,NA
"TER-PRIBS-T15",2023-10-12,NA,NA,NA
"TER-PRIBS-T15",2023-10-13,NA,NA,NA
"TER-PRIBS-T15",2023-10-14,NA,NA,NA
"TER-PRIBS-T15",2023-10-15,NA,NA,NA
"TER-PRIBS-T15",2023-10-16,NA,NA,NA
"TER-PRIBS-T15",2023-10-17,NA,NA,NA
"TER-PRIBS-T15",2023-10-18,NA,NA,NA
"TER-PRIBS-T15",2023-10-19,NA,NA,NA
"TER-PRIBS-T15",2023-10-20,NA,NA,NA
"TER-PRIBS-T15",2023-10-21,NA,NA,NA
"TER-PRIBS-T15",2023-10-22,NA,NA,NA
"TER-PRIBS-T15",2023-10-23,NA,NA,NA
"TER-PRIBS-T15",2023-10-24,NA,NA,NA
"TER-PRIBS-T15",2023-10-25,NA,NA,NA
"TER-PRIBS-T15",2023-10-26,NA,NA,NA
"TER-PRIBS-T15",2023-10-27,NA,NA,NA
"TER-PRIBS-T15",2023-10-28,NA,NA,NA
"TER-PRIBS-T15",2023-10-29,NA,NA,NA
"TER-PRIBS-T15",2023-10-30,NA,NA,NA
"TER-PRIBS-T15",2023-10-31,NA,NA,NA
"TER-PRIBS-T15",2023-11-01,NA,NA,NA
"TER-PRIBS-T15",2023-11-02,NA,NA,NA
"TER-PRIBS-T15",2023-11-03,NA,NA,NA
"TER-PRIBS-T15",2023-11-04,NA,NA,NA
"TER-PRIBS-T15",2023-11-05,NA,NA,NA
"TER-PRIBS-T15",2023-11-06,NA,NA,NA
"TER-PRIBS-T15",2023-11-07,NA,NA,NA
"TER-PRIBS-T15",2023-11-08,NA,NA,NA
"TER-PRIBS-T15",2023-11-09,NA,NA,NA
"TER-PRIBS-T15",2023-11-10,NA,NA,NA
"TER-PRIBS-T15",2023-11-11,NA,NA,NA
"TER-PRIBS-T15",2023-11-12,NA,NA,NA
"TER-PRIBS-T15",2023-11-13,NA,NA,NA
"TER-PRIBS-T15",2023-11-14,NA,NA,NA
"TER-PRIBS-T15",2023-11-15,NA,NA,NA
"TER-PRIBS-T15",2023-11-16,NA,NA,NA
"TER-PRIBS-T15",2023-11-17,NA,NA,NA
"TER-PRIBS-T15",2023-11-18,NA,NA,NA
"TER-PRIBS-T15",2023-11-19,NA,NA,NA
"TER-PRIBS-T15",2023-11-20,NA,NA,NA
"TER-PRIBS-T15",2023-11-21,NA,NA,NA
"TER-PRIBS-T15",2023-11-22,NA,NA,NA
"TER-PRIBS-T15",2023-11-23,NA,NA,NA
"TER-PRIBS-T15",2023-11-24,NA,NA,NA
"TER-PRIBS-T15",2023-11-25,NA,NA,NA
"TER-PRIBS-T15",2023-11-26,NA,NA,NA
"TER-PRIBS-T15",2023-11-27,NA,NA,NA
"TER-PRIBS-T15",2023-11-28,NA,NA,NA
"TER-PRIBS-T15",2023-11-29,NA,NA,NA
"TER-PRIBS-T15",2023-11-30,NA,NA,NA
"TER-PRIBS-T15",2023-12-01,NA,NA,NA
"TER-PRIBS-T15",2023-12-02,NA,NA,NA
"TER-PRIBS-T15",2023-12-03,NA,NA,NA
"TER-PRIBS-T15",2023-12-04,NA,NA,NA
"TER-PRIBS-T15",2023-12-05,NA,NA,NA
"TER-PRIBS-T15",2023-12-06,NA,NA,NA
"TER-PRIBS-T15",2023-12-07,NA,NA,NA
"TER-PRIBS-T15",2023-12-08,NA,NA,NA
"TER-PRIBS-T15",2023-12-09,NA,NA,NA
"TER-PRIBS-T15",2023-12-10,NA,NA,NA
"TER-PRIBS-T15",2023-12-11,NA,NA,NA
"TER-PRIBS-T15",2023-12-12,NA,NA,NA
"TER-PRIBS-T15",2023-12-13,NA,NA,NA
"TER-PRIBS-T15",2023-12-14,NA,NA,NA
"TER-PRIBS-T15",2023-12-15,NA,NA,NA
"TER-PRIBS-T15",2023-12-16,NA,NA,NA
"TER-PRIBS-T15",2023-12-17,NA,NA,NA
"TER-PRIBS-T15",2023-12-18,NA,NA,NA
"TER-PRIBS-T15",2023-12-19,NA,NA,NA
"TER-PRIBS-T15",2023-12-20,NA,NA,NA
"TER-PRIBS-T15",2023-12-21,NA,NA,NA
"TER-PRIBS-T15",2023-12-22,NA,NA,NA
"TER-PRIBS-T15",2023-12-23,NA,NA,NA
"TER-PRIBS-T15",2023-12-24,NA,NA,NA
"TER-PRIBS-T15",2023-12-25,NA,NA,NA
"TER-PRIBS-T15",2023-12-26,NA,NA,NA
"TER-PRIBS-T15",2023-12-27,NA,NA,NA
"TER-PRIBS-T15",2023-12-28,NA,NA,NA
"TER-PRIBS-T15",2023-12-29,NA,NA,NA
"TER-PRIBS-T15",2023-12-30,NA,NA,NA
"TER-PRIBS-T15",2023-12-31,NA,NA,NA
"TER-PRIBS-T15",2024-01-01,NA,NA,NA
"TER-PRIBS-T15",2024-01-02,NA,NA,NA
"TER-PRIBS-T15",2024-01-03,NA,NA,NA
"TER-PRIBS-T15",2024-01-04,NA,NA,NA
"TER-PRIBS-T15",2024-01-05,NA,NA,NA
"TER-PRIBS-T15",2024-01-06,NA,NA,NA
"TER-PRIBS-T15",2024-01-07,NA,NA,NA
"TER-PRIBS-T15",2024-01-08,NA,NA,NA
"TER-PRIBS-T15",2024-01-09,NA,NA,NA
"TER-PRIBS-T15",2024-01-10,NA,NA,NA
"TER-PRIBS-T15",2024-01-11,NA,NA,NA
"TER-PRIBS-T15",2024-01-12,NA,NA,NA
"TER-PRIBS-T15",2024-01-13,NA,NA,NA
"TER-PRIBS-T15",2024-01-14,NA,NA,NA
"TER-PRIBS-T15",2024-01-15,NA,NA,NA
"TER-PRIBS-T15",2024-01-16,NA,NA,NA
"TER-PRIBS-T15",2024-01-17,NA,NA,NA
"TER-PRIBS-T15",2024-01-18,NA,NA,NA
"TER-PRIBS-T15",2024-01-19,NA,NA,NA
"TER-PRIBS-T15",2024-01-20,NA,NA,NA
"TER-PRIBS-T15",2024-01-21,NA,NA,NA
"TER-PRIBS-T15",2024-01-22,NA,NA,NA
"TER-PRIBS-T15",2024-01-23,NA,NA,NA
"TER-PRIBS-T15",2024-01-24,NA,NA,NA
"TER-PRIBS-T15",2024-01-25,NA,NA,NA
"TER-PRIBS-T15",2024-01-26,NA,NA,NA
"TER-PRIBS-T15",2024-01-27,NA,NA,NA
"TER-PRIBS-T15",2024-01-28,NA,NA,NA
"TER-PRIBS-T15",2024-01-29,NA,NA,NA
"TER-PRIBS-T15",2024-01-30,NA,NA,NA
"TER-PRIBS-T15",2024-01-31,NA,NA,NA
"TER-PRIBS-T15",2024-02-01,NA,NA,NA
"TER-PRIBS-T15",2024-02-02,NA,NA,NA
"TER-PRIBS-T15",2024-02-03,NA,NA,NA
"TER-PRIBS-T15",2024-02-04,NA,NA,NA
"TER-PRIBS-T15",2024-02-05,NA,NA,NA
"TER-PRIBS-T15",2024-02-06,NA,NA,NA
"TER-PRIBS-T15",2024-02-07,NA,NA,NA
"TER-PRIBS-T15",2024-02-08,NA,NA,NA
"TER-PRIBS-T15",2024-02-09,NA,NA,NA
"TER-PRIBS-T15",2024-02-10,NA,NA,NA
"TER-PRIBS-T15",2024-02-11,NA,NA,NA
"TER-PRIBS-T15",2024-02-12,NA,NA,NA
"TER-PRIBS-T15",2024-02-13,NA,NA,NA
"TER-PRIBS-T15",2024-02-14,NA,NA,NA
"TER-PRIBS-T15",2024-02-15,NA,NA,NA
"TER-PRIBS-T15",2024-02-16,NA,NA,NA
"TER-PRIBS-T15",2024-02-17,NA,NA,NA
"TER-PRIBS-T15",2024-02-18,NA,NA,NA
"TER-PRIBS-T15",2024-02-19,NA,NA,NA
"TER-PRIBS-T15",2024-02-20,NA,NA,NA
"TER-PRIBS-T15",2024-02-21,NA,NA,NA
"TER-PRIBS-T15",2024-02-22,NA,NA,NA
"TER-PRIBS-T15",2024-02-23,NA,NA,NA
"TER-PRIBS-T15",2024-02-24,NA,NA,NA
"TER-PRIBS-T15",2024-02-25,NA,NA,NA
"TER-PRIBS-T15",2024-02-26,NA,NA,NA
"TER-PRIBS-T15",2024-02-27,NA,NA,NA
"TER-PRIBS-T15",2024-02-28,NA,NA,NA
"TER-PRIBS-T15",2024-02-29,NA,NA,NA
"TER-PRIBS-T15",2024-03-01,NA,NA,NA
"TER-PRIBS-T15",2024-03-02,NA,NA,NA
"TER-PRIBS-T15",2024-03-03,NA,NA,NA
"TER-PRIBS-T15",2024-03-04,NA,NA,NA
"TER-PRIBS-T15",2024-03-05,NA,NA,NA
"TER-PRIBS-T15",2024-03-06,NA,NA,NA
"TER-PRIBS-T15",2024-03-07,NA,NA,NA
"TER-PRIBS-T15",2024-03-08,NA,NA,NA
"TER-PRIBS-T15",2024-03-09,NA,NA,NA
"TER-PRIBS-T15",2024-03-10,NA,NA,NA
"TER-PRIBS-T15",2024-03-11,NA,NA,NA
"TER-PRIBS-T15",2024-03-12,NA,NA,NA
"TER-PRIBS-T15",2024-03-13,NA,NA,NA
"TER-PRIBS-T15",2024-03-14,NA,NA,NA
"TER-PRIBS-T15",2024-03-15,NA,NA,NA
"TER-PRIBS-T15",2024-03-16,NA,NA,NA
"TER-PRIBS-T15",2024-03-17,NA,NA,NA
"TER-PRIBS-T15",2024-03-18,NA,NA,NA
"TER-PRIBS-T15",2024-03-19,NA,NA,NA
"TER-PRIBS-T15",2024-03-20,NA,NA,NA
"TER-PRIBS-T15",2024-03-21,NA,NA,NA
"TER-PRIBS-T15",2024-03-22,NA,NA,NA
"TER-PRIBS-T15",2024-03-23,NA,NA,NA
"TER-PRIBS-T15",2024-03-24,NA,NA,NA
"TER-PRIBS-T15",2024-03-25,NA,NA,NA
"TER-PRIBS-T15",2024-03-26,NA,NA,NA
"TER-PRIBS-T15",2024-03-27,NA,NA,NA
"TER-PRIBS-T15",2024-03-28,NA,NA,NA
"TER-PRIBS-T15",2024-03-29,NA,NA,NA
"TER-PRIBS-T15",2024-03-30,NA,NA,NA
"TER-PRIBS-T15",2024-03-31,NA,NA,NA
"TER-PRIBS-T15",2024-04-01,NA,NA,NA
"TER-PRIBS-T15",2024-04-02,NA,NA,NA
"TER-PRIBS-T15",2024-04-03,NA,NA,NA
"TER-PRIBS-T15",2024-04-04,NA,NA,NA
"TER-PRIBS-T15",2024-04-05,NA,NA,NA
"TER-PRIBS-T15",2024-04-06,NA,NA,NA
"TER-PRIBS-T15",2024-04-07,NA,NA,NA
"TER-PRIBS-T15",2024-04-08,NA,NA,NA
"TER-PRIBS-T15",2024-04-09,0.503610155185335,NA,0.58008932345666
"TER-PRIBS-T15",2024-04-10,0.254488688852026,NA,0.303959379437164
"TER-PRIBS-T15",2024-04-11,0.612372435695794,NA,0.736902546011914
"TER-PRIBS-T15",2024-04-12,0.907896118682551,NA,1.00519484015123
"TER-PRIBS-T15",2024-04-13,0.440273301155254,NA,0.416485467846762
"TER-PRIBS-T15",2024-04-14,0.240771706171538,NA,0.375301810914046
"TER-PRIBS-T15",2024-04-15,0.653862548158295,NA,0.758705514657047
"TER-PRIBS-T15",2024-04-16,0.232152810743768,NA,0.254488688852026
"TER-PRIBS-T15",2024-04-17,0.370443330172869,NA,0.368604890387243
"TER-PRIBS-T15",2024-04-18,0.670280062599836,NA,1.00271370919555
"TER-PRIBS-T15",2024-04-19,0.550032937090187,NA,NA
"TER-PRIBS-T15",2024-04-20,1.68096224168511,NA,NA
"TER-PRIBS-T15",2024-04-21,0.8198179366636,NA,NA
"TER-PRIBS-T15",2024-04-22,0.477292332867911,NA,NA
"TER-PRIBS-T15",2024-04-23,0.232152810743768,NA,NA
"TER-PRIBS-T15",2024-04-24,0.481543412343077,NA,NA
"TER-PRIBS-T15",2024-04-25,0.829702233998107,NA,NA
"TER-PRIBS-T15",2024-04-26,0.838120308890026,NA,NA
"TER-PRIBS-T15",2024-04-27,0.710939366337732,NA,NA
"TER-PRIBS-T15",2024-04-28,0.83378610888064,NA,NA
"TER-PRIBS-T15",2024-04-29,1.4866556183381,NA,NA
"TER-PRIBS-T15",2024-04-30,1.28466428254256,NA,NA
"TER-PRIBS-T15",2024-05-01,0.732278556328103,NA,NA
"TER-PRIBS-T15",2024-05-02,0.414851116999053,NA,NA
"TER-PRIBS-T15",2024-05-03,0.94384927254057,NA,NA
"TER-PRIBS-T15",2024-05-04,0.589383736122568,NA,NA
"TER-PRIBS-T15",2024-05-05,1.09263012026493,NA,NA
"TER-PRIBS-T15",2024-05-06,0.551266657377563,NA,NA
"TER-PRIBS-T15",2024-05-07,0.674321989058296,NA,NA
"TER-PRIBS-T15",2024-05-08,0.529902917003931,NA,NA
"TER-PRIBS-T15",2024-05-09,0.686304956089946,NA,NA
"TER-PRIBS-T15",2024-05-10,1.77083866154356,NA,NA
"TER-PRIBS-T15",2024-05-11,1.23780281026561,NA,NA
"TER-PRIBS-T15",2024-05-12,1.43314162856859,NA,NA
"TER-PRIBS-T15",2024-05-13,0.859726953621095,NA,NA
"TER-PRIBS-T15",2024-05-14,0.624093545570845,NA,NA
"TER-PRIBS-T15",2024-05-15,0.838120308890026,NA,NA
"TER-PRIBS-T15",2024-05-16,0.355469683168866,NA,NA
"TER-PRIBS-T15",2024-05-17,0.42349477692996,NA,NA
"TER-PRIBS-T15",2024-05-18,0.696458432231305,NA,NA
"TER-PRIBS-T15",2024-05-19,1.41405342948888,NA,NA
"TER-PRIBS-T15",2024-05-20,0.872278375988647,NA,NA
"TER-PRIBS-T15",2024-05-21,0.722001545624424,NA,NA
"TER-PRIBS-T15",2024-05-22,1.07318265663062,NA,NA
"TER-PRIBS-T15",2024-05-23,0.42933636014776,NA,NA
"TER-PRIBS-T15",2024-05-24,0.691564074808125,NA,NA
"TER-PRIBS-T15",2024-05-25,0.928611242975073,NA,NA
"TER-PRIBS-T15",2024-05-26,1.31031996313767,NA,NA
"TER-PRIBS-T15",2024-05-27,1.3349740810598,NA,NA
"TER-PRIBS-T15",2024-05-28,1.34056012519967,NA,NA
"TER-PRIBS-T15",2024-05-29,0.370443330172869,NA,0.287889622568457
"TER-PRIBS-T15",2024-05-30,0.510310363079829,NA,0.722001545624425
"TER-PRIBS-T15",2024-05-31,0.588229965875272,NA,1.27617521853615
"TER-PRIBS-T15",2024-06-01,1.14128709441755,NA,1.90108664578514
"TER-PRIBS-T15",2024-06-02,0.503610155185335,NA,0.944089163069933
"TER-PRIBS-T15",2024-06-03,0.398707149803396,NA,0.637022057270606
"TER-PRIBS-T15",2024-06-04,1.20009057629178,NA,1.50361882311222
"TER-PRIBS-T15",2024-06-05,0.434057366141216,NA,0.414851116999054
"TER-PRIBS-T15",2024-06-06,0.824225591744734,NA,0.862881925521276
"TER-PRIBS-T15",2024-06-07,0.78683690739605,NA,1.0451752505431
"TER-PRIBS-T15",2024-06-08,0.871239330502528,NA,1.29099444873581
"TER-PRIBS-T15",2024-06-09,0.744241175652242,NA,0.987007995210118
"TER-PRIBS-T15",2024-06-10,0.598533836656866,NA,0.949589919119171
"TER-PRIBS-T15",2024-06-11,1.32680694400755,NA,1.57640551503288
"TER-PRIBS-T15",2024-06-12,2.33436830048706,NA,2.64951458501966
"TER-PRIBS-T15",2024-06-13,0.756314001962953,NA,1.14029458436425
"TER-PRIBS-T15",2024-06-14,0.896854406292881,NA,1.30199818562175
"TER-PRIBS-T15",2024-06-15,1.70623324433032,NA,2.08242733923381
"TER-PRIBS-T15",2024-06-16,1.36980242942264,NA,1.81766193983816
"TER-PRIBS-T15",2024-06-17,0.487153816139944,NA,0.857353105684051
"TER-PRIBS-T15",2024-06-18,0.944089163069933,NA,1.08660320344601
"TER-PRIBS-T15",2024-06-19,0.912622832709443,NA,1.25956485469721
"TER-PRIBS-T15",2024-06-20,1.40586246673077,NA,1.87070764724189
"TER-PRIBS-T15",2024-06-21,1.83711730708738,NA,2.03490821642534
"TER-PRIBS-T15",2024-06-22,1.59426053914242,NA,1.5809956045003
"TER-PRIBS-T15",2024-06-23,1.3805061033727,NA,1.39096463243882
"TER-PRIBS-T15",2024-06-24,0.863668867705371,NA,1.20686442450278
"TER-PRIBS-T15",2024-06-25,0.810930758851934,NA,1.25108648434245
"TER-PRIBS-T15",2024-06-26,NA,NA,NA
"TER-PRIBS-T15",2024-06-27,0.765835245459757,NA,1.12207752451178
"TER-PRIBS-T15",2024-06-28,0.899879218948661,NA,1.29099444873581
"TER-PRIBS-T15",2024-06-29,0.329002665070039,NA,0.499546896146173
"TER-PRIBS-T15",2024-06-30,0.465766471310571,NA,0.527761886361314
"TER-PRIBS-T15",2024-07-01,0.658005330140078,NA,1.35065738154383
"TER-PRIBS-T15",2024-07-02,1.60487820658485,NA,2.08861648958819
"TER-PRIBS-T15",2024-07-03,0.595499425035315,NA,0.859463516521722
"TER-PRIBS-T15",2024-07-04,0.719488042623545,NA,1.00271370919555
"TER-PRIBS-T15",2024-07-05,2.12132034355964,NA,2.42038070427427
"TER-PRIBS-T15",2024-07-06,0.947680234091097,NA,1.33717742961092
"TER-PRIBS-T15",2024-07-07,1.65160769282978,NA,2.09457114008323
"TER-PRIBS-T15",2024-07-08,0.943129234847053,NA,1.01349588703826
"TER-PRIBS-T15",2024-07-09,1.22178296893859,NA,1.66145016978141
"TER-PRIBS-T15",2024-07-10,0.8198179366636,NA,1.20911394075957
"TER-PRIBS-T15",2024-07-11,0.777572868107801,NA,0.955296069137807
"TER-PRIBS-T15",2024-07-12,1.42187873267546,NA,1.76302091695566
"TER-PRIBS-T15",2024-07-13,1.12931940514656,NA,1.23193467500443
"TER-PRIBS-T15",2024-07-14,1.64170620860199,NA,2.20824787912321
"TER-PRIBS-T15",2024-07-15,1.25524262912435,NA,1.4161337446049
"TER-PRIBS-T15",2024-07-16,1.60487820658485,NA,1.94442719108978
"TER-PRIBS-T15",2024-07-17,0.659036956585082,NA,0.624093545570845
"TER-PRIBS-T15",2024-07-18,0.943129234847053,NA,1.29781728688785
"TER-PRIBS-T15",2024-07-19,NA,NA,2.47706874454816
"TER-PRIBS-T15",2024-07-20,NA,1.89284981833811,2.09457114008323
"TER-PRIBS-T15",2024-07-21,NA,0.996370223957142,1.26762930621338
"TER-PRIBS-T15",2024-07-22,NA,1.01349588703826,1.23944821757828
"TER-PRIBS-T15",2024-07-23,NA,1.27901116696352,1.41789162726446
"TER-PRIBS-T15",2024-07-24,NA,1.67772598857907,1.61051234084064
"TER-PRIBS-T15",2024-07-25,NA,2.21643645966,2.12121359166145
"TER-PRIBS-T15",2024-07-26,NA,1.30477800877157,1.4866556183381
"TER-PRIBS-T15",2024-07-27,NA,0.625181133172909,0.735980072193987
"TER-PRIBS-T15",2024-07-28,NA,2.22265998103721,2.22957720044712
"TER-PRIBS-T15",2024-07-29,NA,0.832970935693524,1.10335456873474
"TER-PRIBS-T15",2024-07-30,NA,1.20216441278318,1.18394299461281
"TER-PRIBS-T15",2024-07-31,NA,0.465766471310571,0.595499425035315
"TER-PRIBS-T15",2024-08-01,NA,1.88517769123662,2.10836412304951
"TER-PRIBS-T15",2024-08-02,NA,1.03011713137285,1.06130047378307
"TER-PRIBS-T15",2024-08-03,NA,1.95186644233043,1.864523873637
"TER-PRIBS-T15",2024-08-04,NA,2.35436304811277,2.36941563149706
"TER-PRIBS-T15",2024-08-05,NA,1.81167209977453,2.05715435929612
"TER-PRIBS-T15",2024-08-06,NA,0.607546145441299,0.637022057270606
"TER-PRIBS-T15",2024-08-07,NA,0.736902546011914,1.00271370919555
"TER-PRIBS-T15",2024-08-08,NA,1.55281418207652,1.65708295297594
"TER-PRIBS-T15",2024-08-09,NA,1.47626143554824,1.55281418207652
"TER-PRIBS-T15",2024-08-10,NA,1.49500981529423,1.62172188862886
"TER-PRIBS-T15",2024-08-11,NA,1.1210680078661,1.16718415024353
"TER-PRIBS-T15",2024-08-12,NA,2.33436830048706,2.42570772580179
"TER-PRIBS-T15",2024-08-13,NA,1.35333725993576,1.59936581634495
"TER-PRIBS-T15",2024-08-14,NA,1.4939491483886,1.67988418337849
"TER-PRIBS-T15",2024-08-15,NA,1.30199818562175,1.49818731051605
"TER-PRIBS-T15",2024-08-16,NA,1.27404411454121,1.26548381078634
"TER-PRIBS-T15",2024-08-17,NA,1.16017864691332,1.15391582844263
"TER-PRIBS-T15",2024-08-18,NA,1.32697760539407,1.42426563838901
"TER-PRIBS-T15",2024-08-19,NA,1.98727838068018,1.94756909051228
"TER-PRIBS-T15",2024-08-20,NA,0.722001545624425,0.735980072193987
"TER-PRIBS-T15",2024-08-21,NA,1.52693213311215,1.51561916366723
"TER-PRIBS-T15",2024-08-22,NA,2.26824327095483,2.4486575736602
"TER-PRIBS-T15",2024-08-23,NA,1.02128613146309,1.11234834497998
"TER-PRIBS-T15",2024-08-24,NA,1.33717742961092,1.32424438394346
"TER-PRIBS-T15",2024-08-25,NA,2.41222730680799,2.78575244174113
"TER-PRIBS-T15",2024-08-26,NA,1.4161337446049,1.71734544059104
"TER-PRIBS-T15",2024-08-27,NA,0.931532942621143,0.975933221165215
"TER-PRIBS-T15",2024-08-28,NA,1.50120724365618,1.58571521832364
"TER-PRIBS-T15",2024-08-29,NA,1.74455675197729,1.71193064162633
"TER-PRIBS-T15",2024-08-30,NA,1.42886901662352,1.72523890385138
"TER-PRIBS-T15",2024-08-31,NA,1.68540194320077,1.91485421551268
"TER-PRIBS-T15",2024-09-01,NA,0.750603621828092,0.896854406292881
"TER-PRIBS-T15",2024-09-02,NA,1.18566314838966,1.22178296893859
"TER-PRIBS-T15",2024-09-03,NA,0.827242231843205,0.98333026282989
"TER-PRIBS-T15",2024-09-04,NA,0.659036956585082,0.659036956585082
"TER-PRIBS-T15",2024-09-05,NA,0.625543242171224,0.827242231843206
"TER-PRIBS-T15",2024-09-06,NA,0.541318171059166,0.695482316219408
"TER-PRIBS-T15",2024-09-07,NA,0.576957914221314,0.751508145500515
"TER-PRIBS-T15",2024-09-08,NA,0.448427203146441,0.683328914796602
"TER-PRIBS-T15",2024-09-09,NA,0.780189497605494,1.03712779249763
"TER-PRIBS-T15",2024-09-10,NA,0.722001545624424,0.806450444131925
"TER-PRIBS-T15",2024-09-11,NA,0.779027636204913,0.977092700273386
"TER-PRIBS-T15",2024-09-12,NA,1.48772148515483,1.70198094302926
"TER-PRIBS-T15",2024-09-13,NA,1.801267669557,1.91485421551268
"TER-PRIBS-T15",2024-09-14,NA,1.67448348081915,1.52515145363395
"TER-PRIBS-T15",2024-09-15,NA,1.59936581634495,1.7161582897164
"TER-PRIBS-T15",2024-09-16,NA,0.524749767832802,0.63381465310669
"TER-PRIBS-T15",2024-09-17,NA,0.729490093902206,0.904898104600814
"TER-PRIBS-T15",2024-09-18,NA,0.642332141271278,0.78683690739605
"TER-PRIBS-T15",2024-09-19,NA,0.878229031565262,1.03011713137285
"TER-PRIBS-T15",2024-09-20,NA,0.653862548158295,0.878229031565262
"TER-PRIBS-T15",2024-09-21,NA,1.45151095688976,1.39729941393171
"TER-PRIBS-T15",2024-09-22,NA,1.07001286732071,1.16543672227332
"TER-PRIBS-T15",2024-09-23,NA,1.94104689368347,1.95869947240214
"TER-PRIBS-T15",2024-09-24,NA,0.878229031565262,1.03472323541759
"TER-PRIBS-T15",2024-09-25,NA,1.20009057629178,1.393404495097
"TER-PRIBS-T15",2024-09-26,NA,NA,NA
"TER-PRIBS-T15",2024-09-27,NA,NA,1.63174464292369
"TER-PRIBS-T15",2024-09-28,NA,NA,0.977092700273386
"TER-PRIBS-T15",2024-09-29,NA,NA,0.458415671128542
"TER-PRIBS-T15",2024-09-30,NA,NA,0.670280062599837
"TER-PRIBS-T15",2024-10-01,NA,NA,0.545070132437435
"TER-PRIBS-T15",2024-10-02,NA,NA,0.240771706171538
"TER-PRIBS-T15",2024-10-03,NA,NA,0.499546896146173
"TER-PRIBS-T15",2024-10-04,NA,NA,1.12931940514656
"TER-PRIBS-T15",2024-10-05,NA,NA,1.19479547701021
"TER-PRIBS-T15",2024-10-06,NA,NA,0.972213595544888
"TER-PRIBS-T15",2024-10-07,NA,NA,1.93543894583205
"TER-PRIBS-T15",2024-10-08,NA,1.17009073102926,1.34174205387266
"TER-PRIBS-T15",2024-10-09,NA,2.11576210273327,2.23596670401177
"TER-PRIBS-T15",2024-10-10,NA,1.03121568893295,1.11783142801107
"TER-PRIBS-T15",2024-10-11,NA,0.440273301155254,0.510310363079829
"TER-PRIBS-T15",2024-10-12,NA,1.62841057921298,1.71510235465891
"TER-PRIBS-T15",2024-10-13,NA,1.44463023702923,1.48528409423238
"TER-PRIBS-T15",2024-10-14,NA,0.416485467846762,0.529902917003931
"TER-PRIBS-T15",2024-10-15,NA,0.8030738049718,0.746974574194299
"TER-PRIBS-T15",2024-10-16,NA,0.751508145500515,0.978019293843651
"TER-PRIBS-T15",2024-10-17,NA,1.66594187138705,1.66104123097968
"TER-PRIBS-T15",2024-10-18,NA,1.32270446489353,1.50346821272239
"TER-PRIBS-T15",2024-10-19,NA,0.906648150919207,0.985400676249831
"TER-PRIBS-T15",2024-10-20,NA,0.732278556328103,0.672640804719661
"TER-PRIBS-T15",2024-10-21,NA,1.25902538796334,0.949589919119171
"TER-PRIBS-T15",2024-10-22,NA,1.17009073102926,1.20216441278318
"TER-PRIBS-T15",2024-10-23,NA,1.54403949788031,1.65009881127056
"TER-PRIBS-T15",2024-10-24,NA,0.318511028635303,0.390094748802747
"TER-PRIBS-T15",2024-10-25,NA,0.58008932345666,0.641273642104501
"TER-PRIBS-T15",2024-10-26,NA,0.707106781186548,0.751508145500515
"TER-PRIBS-T15",2024-10-27,NA,0.637022057270606,0.613480803002159
"TER-PRIBS-T15",2024-10-28,NA,0.575779245136914,0.588229965875272
"TER-PRIBS-T15",2024-10-29,NA,0.855502225579229,0.884395724266829
"TER-PRIBS-T15",2024-10-30,NA,0.465766471310572,0.495907161718278
"TER-PRIBS-T15",2024-10-31,NA,0.916831342257085,0.977092700273385
"TER-PRIBS-T15",2024-11-01,NA,1.05100883213101,1.24163870214594
"TER-PRIBS-T15",2024-11-02,NA,0.642332141271278,0.625181133172909
"TER-PRIBS-T15",2024-11-03,NA,0.481543412343077,0.508977377704052
"TER-PRIBS-T15",2024-11-04,NA,1.21117232704397,1.45571711497824
"TER-PRIBS-T15",2024-11-05,NA,1.15607249910566,1.25108648434245
"TER-PRIBS-T15",2024-11-06,NA,0.911878138311493,0.972213595544888
"TER-PRIBS-T15",2024-11-07,NA,1.72458249515896,1.93824494795185
"TER-PRIBS-T15",2024-11-08,NA,1.17953564923918,1.19612144941019
"TER-PRIBS-T15",2024-11-09,NA,0.536696821549066,0.56465970257328
"TER-PRIBS-T15",2024-11-10,NA,0.642684586917151,0.736902546011914
"TER-PRIBS-T15",2024-11-11,NA,0.458415671128542,0.586301969977929
"TER-PRIBS-T15",2024-11-12,NA,0.265804766535597,0.318511028635303
"TER-PRIBS-T15",2024-11-13,NA,0.755415232778002,0.775531608229039
"TER-PRIBS-T15",2024-11-14,NA,0.326931274079147,0.329002665070039
"TER-PRIBS-T15",2024-11-15,NA,0.449939609474331,0.499546896146173
"TER-PRIBS-T15",2024-11-16,NA,0.461860603852834,0.541318171059166
"TER-PRIBS-T15",2024-11-17,NA,0.318511028635303,0.294114982937636
"TER-PRIBS-T15",2024-11-18,NA,0.275016468545094,0.291796037560882
"TER-PRIBS-T15",2024-11-19,NA,0.499546896146173,0.576957914221314
"TER-PRIBS-T15",2024-11-20,NA,0.936140318356268,0.954584665735822
"TER-PRIBS-T15",2024-11-21,NA,0.871239330502528,0.919790461329983
"TER-PRIBS-T15",2024-11-22,NA,0.448427203146441,0.442325868464691
"TER-PRIBS-T15",2024-11-23,NA,1.65489502272255,1.60148821186846
"TER-PRIBS-T15",2024-11-24,NA,0.361157559257308,0.607918758874329
"TER-PRIBS-T15",2024-11-25,NA,1.39875721236047,1.42886901662352
"TER-PRIBS-T15",2024-11-26,NA,1.17009073102926,1.20667677552015
"TER-PRIBS-T15",2024-11-27,NA,1.33089677732124,1.31876094679157
"TER-PRIBS-T15",2024-11-28,NA,0.653862548158294,0.701964118163034
"TER-PRIBS-T15",2024-11-29,NA,1.20009057629178,1.27688479613812
"TER-PRIBS-T15",2024-11-30,NA,0.536696821549066,0.550032937090187
"TER-PRIBS-T15",2024-12-01,NA,1.32697760539407,1.33361636488746
"TER-PRIBS-T15",2024-12-02,NA,0.583592075121765,0.722001545624424
"TER-PRIBS-T15",2024-12-03,NA,0.732278556328103,0.820922069065183
"TER-PRIBS-T15",2024-12-04,NA,0.869938778455628,0.965904247062178
"TER-PRIBS-T15",2024-12-05,NA,0.569451808600904,0.639505583481761
"TER-PRIBS-T15",2024-12-06,NA,0.601929265428846,0.736902546011914
"TER-PRIBS-T15",2024-12-07,NA,0.642332141271278,0.735980072193987
"TER-PRIBS-T15",2024-12-08,NA,0.58008932345666,0.656282349099174
"TER-PRIBS-T15",2024-12-09,NA,0.531609533071195,0.524749767832802
"TER-PRIBS-T15",2024-12-10,NA,0.62227667549858,0.624093545570845
"TER-PRIBS-T15",2024-12-11,NA,0.758705514657047,0.803073804971799
"TER-PRIBS-T15",2024-12-12,NA,0.744241175652243,0.84698955385992
"TER-PRIBS-T15",2024-12-13,NA,0.7058246282166,0.7058246282166
"TER-PRIBS-T15",2024-12-14,NA,0.58008932345666,0.647948266856035
"TER-PRIBS-T15",2024-12-15,NA,1.11560083246263,1.20009057629178
"TER-PRIBS-T15",2024-12-16,NA,1.33089677732124,1.26387229908951
"TER-PRIBS-T15",2024-12-17,NA,0.629872312802192,0.586301969977929
"TER-PRIBS-T15",2024-12-18,NA,0.882344948812907,0.997959875467685
"TER-PRIBS-T15",2024-12-19,NA,0.477292332867911,0.47348155466575
"TER-PRIBS-T15",2024-12-20,NA,1.17953564923918,1.16854145430737
"TER-PRIBS-T15",2024-12-21,NA,0.561038762255892,0.62227667549858
"TER-PRIBS-T15",2024-12-22,NA,0.466252404120157,0.487153816139944
"TER-PRIBS-T15",2024-12-23,NA,0.601929265428846,0.69025305168635
"TER-PRIBS-T15",2024-12-24,NA,0.487153816139944,0.551677284367371
"TER-PRIBS-T15",2024-12-25,NA,1.40392823632607,1.47303664466358
"TER-PRIBS-T15",2024-12-26,NA,0.746974574194299,0.869938778455628
"TER-PRIBS-T15",2024-12-27,NA,0.686304956089946,0.751508145500515
"TER-PRIBS-T15",2024-12-28,NA,0.458415671128542,0.425095897109265
"TER-PRIBS-T15",2024-12-29,NA,0.489009646921826,0.557800416231313
"TER-PRIBS-T15",2024-12-30,NA,0.440273301155254,0.531183393096442
"TER-PRIBS-T15",2024-12-31,NA,0.380693493813441,0.458415671128542
"TER-PRIBS-T15",2025-01-01,NA,0.699054744803212,0.688610762774367
"TER-PRIBS-T15",2025-01-02,NA,0.449939609474331,0.453948059341275
"TER-PRIBS-T15",2025-01-03,NA,0.619724108789139,0.71443450831176
"TER-PRIBS-T15",2025-01-04,NA,0.550032937090187,0.586301969977929
"TER-PRIBS-T15",2025-01-05,NA,0.907896118682551,0.972213595544888
"TER-PRIBS-T15",2025-01-06,NA,0.464305621487537,0.517361617708795
"TER-PRIBS-T15",2025-01-07,NA,1.70344386889993,1.66757221776128
"TER-PRIBS-T15",2025-01-08,NA,0.96096833710978,1.0494995356656
"TER-PRIBS-T15",2025-01-09,NA,0.375301810914046,0.414851116999053
"TER-PRIBS-T15",2025-01-10,NA,0.659380473395787,0.71189428868398
"TER-PRIBS-T15",2025-01-11,NA,0.268348410774533,0.251805077592667
"TER-PRIBS-T15",2025-01-12,NA,0.750603621828092,0.803073804971799
"TER-PRIBS-T15",2025-01-13,NA,0.380693493813441,0.437694056341324
"TER-PRIBS-T15",2025-01-14,NA,0.42933636014776,0.561038762255892
"TER-PRIBS-T15",2025-01-15,NA,0.61642670615246,0.607546145441299
"TER-PRIBS-T15",2025-01-16,NA,0.24726767752342,0.232152810743768
"TER-PRIBS-T15",2025-01-17,NA,1.24163870214594,1.23340432619805
"TER-PRIBS-T15",2025-01-18,NA,NA,0.751809411556112
"TER-PRIBS-T15",2025-01-19,NA,NA,0.919790461329983
"TER-PRIBS-T15",2025-01-20,NA,NA,0.551266657377564
"TER-PRIBS-T15",2025-01-21,NA,NA,0.667232549687378
"TER-PRIBS-T15",2025-01-22,NA,NA,1.05273109274078
"TER-PRIBS-T15",2025-01-23,NA,NA,1.89917983823834
"TER-PRIBS-T15",2025-01-24,NA,NA,1.70025040781508
"TER-PRIBS-T15",2025-01-25,NA,NA,2.35099423926208
"TER-PRIBS-T15",2025-01-26,NA,NA,2.04124145231931
"TER-PRIBS-T15",2025-01-27,NA,NA,1.03537957752952
"TER-PRIBS-T15",2025-01-28,NA,NA,1.60826105567113
"TER-PRIBS-T15",2025-01-29,NA,NA,0.764947663266077
"TER-PRIBS-T15",2025-01-30,NA,NA,0.84457990586522
"TER-PRIBS-T15",2025-01-31,NA,NA,0.983330262829891
"TER-PRIBS-T15",2025-02-01,NA,NA,1.81329630183841
"TER-PRIBS-T15",2025-02-02,NA,NA,1.69277557001357
"TER-PRIBS-T15",2025-02-03,NA,NA,1.85221665086434
"TER-PRIBS-T15",2025-02-04,NA,NA,1.4161337446049
"TER-PRIBS-T15",2025-02-05,NA,NA,0.506747943519132
"TER-PRIBS-T15",2025-02-06,NA,NA,0.595499425035315
"TER-PRIBS-T15",2025-02-07,NA,NA,1.56718500521786
"TER-PRIBS-T15",2025-02-08,NA,NA,0.569451808600904
"TER-PRIBS-T15",2025-02-09,NA,NA,0.441813620616566
"TER-PRIBS-T15",2025-02-10,NA,NA,1.07318265663062
"TER-PRIBS-T15",2025-02-11,NA,NA,1.35065738154383
"TER-PRIBS-T15",2025-02-12,NA,NA,NA
"TER-PRIBS-T15",2025-02-13,NA,NA,NA
"TER-PRIBS-T15",2025-02-14,NA,NA,NA
"TER-PRIBS-T15",2025-02-15,NA,NA,NA
"TER-PRIBS-T15",2025-02-16,NA,NA,NA
"TER-PRIBS-T15",2025-02-17,NA,NA,NA
"TER-PRIBS-T15",2025-02-18,NA,NA,NA
"TER-PRIBS-T15",2025-02-19,NA,NA,NA
"TER-PRIBS-T15",2025-02-20,NA,NA,NA
"TER-PRIBS-T15",2025-02-21,NA,NA,NA
"TER-PRIBS-T15",2025-02-22,NA,NA,NA
"TER-PRIBS-T15",2025-02-23,NA,NA,NA
"TER-PRIBS-T15",2025-02-24,NA,NA,NA
"TER-PRIBS-T15",2025-02-25,NA,NA,NA
"TER-PRIBS-T15",2025-02-26,NA,NA,NA
"TER-PRIBS-T15",2025-02-27,NA,NA,NA
"TER-PRIBS-T15",2025-02-28,NA,NA,NA
"TER-PRIBS-T15",2025-03-01,NA,NA,NA
"TER-PRIBS-T15",2025-03-02,NA,NA,NA
"TER-PRIBS-T15",2025-03-03,NA,NA,NA
"TER-PRIBS-T15",2025-03-04,NA,NA,NA
"TER-PRIBS-T15",2025-03-05,NA,NA,NA
"TER-PRIBS-T15",2025-03-06,NA,NA,NA
"TER-PRIBS-T15",2025-03-07,NA,NA,NA
"TER-PRIBS-T15",2025-03-08,NA,NA,NA
"TER-PRIBS-T15",2025-03-09,NA,NA,NA
"TER-PRIBS-T15",2025-03-10,NA,NA,NA
"TER-PRIBS-T15",2025-03-11,NA,NA,NA
"TER-PRIBS-T15",2025-03-12,NA,NA,NA
"TER-PRIBS-T15",2025-03-13,NA,NA,NA
"TER-PRIBS-T15",2025-03-14,NA,NA,NA
"TER-PRIBS-T15",2025-03-15,NA,NA,NA
"TER-PRIBS-T15",2025-03-16,NA,NA,NA
"TER-PRIBS-T15",2025-03-17,NA,NA,NA
"TER-PRIBS-T15",2025-03-18,NA,NA,NA
"TER-PRIBS-T15",2025-03-19,NA,NA,NA
"TER-PRIBS-T15",2025-03-20,NA,NA,NA
"TER-PRIBS-T15",2025-03-21,NA,NA,NA
"TER-PRIBS-T15",2025-03-22,NA,NA,NA
"TER-PRIBS-T15",2025-03-23,NA,NA,NA
"TER-PRIBS-T15",2025-03-24,NA,NA,NA
"TER-PRIBS-T15",2025-03-25,NA,NA,NA
"TER-PRIBS-T15",2025-03-26,NA,NA,NA
"TER-PRIBS-T15",2025-03-27,NA,NA,NA
"TER-PRIBS-T15",2025-03-28,NA,NA,NA
"TER-PRIBS-T15",2025-03-29,NA,NA,NA
"TER-PRIBS-T15",2025-03-30,NA,NA,NA
"TER-PRIBS-T15",2025-03-31,NA,NA,NA
"TER-PRIBS-T15",2025-04-01,NA,NA,NA
"TER-PRIBS-T15",2025-04-02,NA,NA,NA
"TER-PRIBS-T15",2025-04-03,NA,NA,NA
"TER-PRIBS-T15",2025-04-04,NA,NA,NA
"TER-PRIBS-T15",2025-04-05,NA,NA,NA
"TER-PRIBS-T15",2025-04-06,NA,NA,NA
"TER-PRIBS-T15",2025-04-07,NA,NA,NA
"TER-PRIBS-T15",2025-04-08,NA,NA,NA
"TER-PRIBS-T15",2025-04-09,NA,NA,NA
"TER-PRIBS-T15",2025-04-10,NA,NA,NA
"TER-PRIBS-T15",2025-04-11,NA,NA,NA
"TER-PRIBS-T15",2025-04-12,NA,NA,NA
"TER-PRIBS-T15",2025-04-13,NA,NA,NA
"TER-PRIBS-T15",2025-04-14,NA,NA,NA
"TER-PRIBS-T15",2025-04-15,NA,NA,NA
"TER-PRIBS-T15",2025-04-16,NA,NA,NA
"TER-PRIBS-T15",2025-04-17,NA,NA,NA
"TER-PRIBS-T15",2025-04-18,NA,NA,NA
"TER-PRIBS-T15",2025-04-19,NA,NA,NA
"TER-PRIBS-T15",2025-04-20,NA,NA,NA
"TER-PRIBS-T15",2025-04-21,NA,NA,NA
"TER-PRIBS-T15",2025-04-22,NA,NA,NA
"TER-PRIBS-T15",2025-04-23,NA,NA,NA
"TER-PRIBS-T15",2025-04-24,NA,NA,NA
"TER-PRIBS-T15",2025-04-25,NA,NA,NA
"TER-PRIBS-T15",2025-04-26,NA,NA,NA
"TER-PRIBS-T15",2025-04-27,NA,NA,NA
"TER-PRIBS-T15",2025-04-28,NA,NA,NA
"TER-PRIBS-T15",2025-04-29,NA,NA,NA
"TER-PRIBS-T15",2025-04-30,NA,NA,NA
"TER-PRIBS-T15",2025-05-01,NA,NA,NA
"TER-PRIBS-T15",2025-05-02,NA,NA,NA
"TER-PRIBS-T15",2025-05-03,NA,NA,NA
"TER-PRIBS-T15",2025-05-04,NA,NA,NA
"TER-PRIBS-T15",2025-05-05,NA,NA,NA
"TER-PRIBS-T15",2025-05-06,NA,NA,NA
"TER-PRIBS-T15",2025-05-07,NA,NA,NA
"TER-PRIBS-T15",2025-05-08,NA,NA,NA
"TER-PRIBS-T15",2025-05-09,NA,NA,NA
"TER-PRIBS-T15",2025-05-10,NA,NA,NA
"TER-PRIBS-T15",2025-05-11,NA,NA,NA
"TER-PRIBS-T15",2025-05-12,NA,NA,NA
"TER-PRIBS-T15",2025-05-13,NA,NA,NA
"TER-PRIBS-T15",2025-05-14,NA,NA,NA
"TER-PRIBS-T15",2025-05-15,NA,NA,NA
"TER-PRIBS-T15",2025-05-16,NA,NA,NA
"TER-PRIBS-T15",2025-05-17,NA,NA,NA
"TER-PRIBS-T15",2025-05-18,NA,NA,NA
"TER-PRIBS-T15",2025-05-19,NA,NA,NA
"TER-PRIBS-T15",2025-05-20,NA,NA,NA
"TER-PRIBS-T15",2025-05-21,NA,NA,NA
"TER-PRIBS-T15",2025-05-22,NA,NA,NA
"TER-PRIBS-T15",2025-05-23,NA,NA,NA
"TER-PRIBS-T15",2025-05-24,NA,NA,NA
"TER-PRIBS-T15",2025-05-25,NA,NA,NA
"TER-PRIBS-T15",2025-05-26,NA,NA,NA
"TER-PRIBS-T15",2025-05-27,NA,NA,NA
"TER-PRIBS-T15",2025-05-28,NA,NA,NA
"TER-PRIBS-T15",2025-05-29,NA,NA,NA
"TER-PRIBS-T15",2025-05-30,NA,NA,NA
"TER-PRIBS-T15",2025-05-31,NA,NA,NA
"TER-PRIBS-T15",2025-06-01,NA,NA,NA
"TER-PRIBS-T15",2025-06-02,NA,NA,NA
"TER-PRIBS-T15",2025-06-03,NA,NA,NA
"TER-PRIBS-T15",2025-06-04,NA,NA,NA
"TER-PRIBS-T15",2025-06-05,NA,NA,NA
"TER-PRIBS-T15",2025-06-06,NA,NA,NA
"TER-PRIBS-T15",2025-06-07,NA,NA,NA
"TER-PRIBS-T15",2025-06-08,NA,NA,NA
"TER-PRIBS-T15",2025-06-09,NA,NA,NA
"TER-PRIBS-T15",2025-06-10,NA,NA,NA
"TER-PRIBS-T15",2025-06-11,NA,NA,NA
"TER-PRIBS-T15",2025-06-12,NA,NA,NA
"TER-PRIBS-T27",2023-08-09,NA,NA,NA
"TER-PRIBS-T27",2023-08-10,NA,NA,NA
"TER-PRIBS-T27",2023-08-11,NA,NA,NA
"TER-PRIBS-T27",2023-08-12,NA,NA,NA
"TER-PRIBS-T27",2023-08-13,NA,NA,NA
"TER-PRIBS-T27",2023-08-14,NA,NA,NA
"TER-PRIBS-T27",2023-08-15,NA,NA,NA
"TER-PRIBS-T27",2023-08-16,NA,NA,NA
"TER-PRIBS-T27",2023-08-17,NA,NA,NA
"TER-PRIBS-T27",2023-08-18,NA,NA,NA
"TER-PRIBS-T27",2023-08-19,NA,NA,NA
"TER-PRIBS-T27",2023-08-20,NA,NA,NA
"TER-PRIBS-T27",2023-08-21,NA,NA,NA
"TER-PRIBS-T27",2023-08-22,NA,NA,NA
"TER-PRIBS-T27",2023-08-23,NA,NA,NA
"TER-PRIBS-T27",2023-08-24,NA,NA,NA
"TER-PRIBS-T27",2023-08-25,NA,NA,NA
"TER-PRIBS-T27",2023-08-26,NA,NA,NA
"TER-PRIBS-T27",2023-08-27,NA,NA,NA
"TER-PRIBS-T27",2023-08-28,NA,NA,NA
"TER-PRIBS-T27",2023-08-29,NA,NA,NA
"TER-PRIBS-T27",2023-08-30,NA,NA,NA
"TER-PRIBS-T27",2023-08-31,NA,NA,NA
"TER-PRIBS-T27",2023-09-01,NA,NA,NA
"TER-PRIBS-T27",2023-09-02,NA,NA,NA
"TER-PRIBS-T27",2023-09-03,NA,NA,NA
"TER-PRIBS-T27",2023-09-04,NA,NA,NA
"TER-PRIBS-T27",2023-09-05,NA,NA,NA
"TER-PRIBS-T27",2023-09-06,NA,NA,NA
"TER-PRIBS-T27",2023-09-07,NA,NA,NA
"TER-PRIBS-T27",2023-09-08,NA,NA,NA
"TER-PRIBS-T27",2023-09-09,NA,NA,NA
"TER-PRIBS-T27",2023-09-10,NA,NA,NA
"TER-PRIBS-T27",2023-09-11,NA,NA,NA
"TER-PRIBS-T27",2023-09-12,NA,NA,NA
"TER-PRIBS-T27",2023-09-13,NA,NA,NA
"TER-PRIBS-T27",2023-09-14,NA,NA,NA
"TER-PRIBS-T27",2023-09-15,NA,NA,NA
"TER-PRIBS-T27",2023-09-16,NA,NA,NA
"TER-PRIBS-T27",2023-09-17,NA,NA,NA
"TER-PRIBS-T27",2023-09-18,NA,NA,NA
"TER-PRIBS-T27",2023-09-19,NA,NA,NA
"TER-PRIBS-T27",2023-09-20,NA,NA,NA
"TER-PRIBS-T27",2023-09-21,NA,NA,NA
"TER-PRIBS-T27",2023-09-22,NA,NA,NA
"TER-PRIBS-T27",2023-09-23,NA,NA,NA
"TER-PRIBS-T27",2023-09-24,NA,NA,NA
"TER-PRIBS-T27",2023-09-25,NA,NA,NA
"TER-PRIBS-T27",2023-09-26,NA,NA,NA
"TER-PRIBS-T27",2023-09-27,NA,NA,NA
"TER-PRIBS-T27",2023-09-28,NA,NA,NA
"TER-PRIBS-T27",2023-09-29,NA,NA,NA
"TER-PRIBS-T27",2023-09-30,NA,NA,NA
"TER-PRIBS-T27",2023-10-01,NA,NA,NA
"TER-PRIBS-T27",2023-10-02,NA,NA,NA
"TER-PRIBS-T27",2023-10-03,NA,NA,NA
"TER-PRIBS-T27",2023-10-04,NA,NA,NA
"TER-PRIBS-T27",2023-10-05,NA,NA,NA
"TER-PRIBS-T27",2023-10-06,NA,NA,NA
"TER-PRIBS-T27",2023-10-07,NA,NA,NA
"TER-PRIBS-T27",2023-10-08,NA,NA,NA
"TER-PRIBS-T27",2023-10-09,NA,NA,NA
"TER-PRIBS-T27",2023-10-10,NA,NA,NA
"TER-PRIBS-T27",2023-10-11,NA,NA,NA
"TER-PRIBS-T27",2023-10-12,NA,NA,NA
"TER-PRIBS-T27",2023-10-13,NA,NA,NA
"TER-PRIBS-T27",2023-10-14,NA,NA,NA
"TER-PRIBS-T27",2023-10-15,NA,NA,NA
"TER-PRIBS-T27",2023-10-16,NA,NA,NA
"TER-PRIBS-T27",2023-10-17,NA,NA,NA
"TER-PRIBS-T27",2023-10-18,NA,NA,NA
"TER-PRIBS-T27",2023-10-19,NA,NA,NA
"TER-PRIBS-T27",2023-10-20,NA,NA,NA
"TER-PRIBS-T27",2023-10-21,NA,NA,NA
"TER-PRIBS-T27",2023-10-22,NA,NA,NA
"TER-PRIBS-T27",2023-10-23,NA,NA,NA
"TER-PRIBS-T27",2023-10-24,NA,NA,NA
"TER-PRIBS-T27",2023-10-25,NA,NA,NA
"TER-PRIBS-T27",2023-10-26,NA,NA,NA
"TER-PRIBS-T27",2023-10-27,NA,NA,NA
"TER-PRIBS-T27",2023-10-28,NA,NA,NA
"TER-PRIBS-T27",2023-10-29,NA,NA,NA
"TER-PRIBS-T27",2023-10-30,NA,NA,NA
"TER-PRIBS-T27",2023-10-31,NA,NA,NA
"TER-PRIBS-T27",2023-11-01,NA,NA,NA
"TER-PRIBS-T27",2023-11-02,NA,NA,NA
"TER-PRIBS-T27",2023-11-03,NA,NA,NA
"TER-PRIBS-T27",2023-11-04,NA,NA,NA
"TER-PRIBS-T27",2023-11-05,NA,NA,NA
"TER-PRIBS-T27",2023-11-06,NA,NA,NA
"TER-PRIBS-T27",2023-11-07,NA,NA,NA
"TER-PRIBS-T27",2023-11-08,NA,NA,NA
"TER-PRIBS-T27",2023-11-09,NA,NA,NA
"TER-PRIBS-T27",2023-11-10,NA,NA,NA
"TER-PRIBS-T27",2023-11-11,NA,NA,NA
"TER-PRIBS-T27",2023-11-12,NA,NA,NA
"TER-PRIBS-T27",2023-11-13,NA,NA,NA
"TER-PRIBS-T27",2023-11-14,NA,NA,NA
"TER-PRIBS-T27",2023-11-15,NA,NA,NA
"TER-PRIBS-T27",2023-11-16,NA,NA,NA
"TER-PRIBS-T27",2023-11-17,NA,NA,NA
"TER-PRIBS-T27",2023-11-18,NA,NA,NA
"TER-PRIBS-T27",2023-11-19,NA,NA,NA
"TER-PRIBS-T27",2023-11-20,NA,NA,NA
"TER-PRIBS-T27",2023-11-21,NA,NA,NA
"TER-PRIBS-T27",2023-11-22,NA,NA,NA
"TER-PRIBS-T27",2023-11-23,NA,NA,NA
"TER-PRIBS-T27",2023-11-24,NA,NA,NA
"TER-PRIBS-T27",2023-11-25,NA,NA,NA
"TER-PRIBS-T27",2023-11-26,NA,NA,NA
"TER-PRIBS-T27",2023-11-27,NA,NA,NA
"TER-PRIBS-T27",2023-11-28,NA,NA,NA
"TER-PRIBS-T27",2023-11-29,NA,NA,NA
"TER-PRIBS-T27",2023-11-30,NA,NA,NA
"TER-PRIBS-T27",2023-12-01,NA,NA,NA
"TER-PRIBS-T27",2023-12-02,NA,NA,NA
"TER-PRIBS-T27",2023-12-03,NA,NA,NA
"TER-PRIBS-T27",2023-12-04,NA,NA,NA
"TER-PRIBS-T27",2023-12-05,NA,NA,NA
"TER-PRIBS-T27",2023-12-06,NA,NA,NA
"TER-PRIBS-T27",2023-12-07,NA,NA,NA
"TER-PRIBS-T27",2023-12-08,NA,NA,NA
"TER-PRIBS-T27",2023-12-09,NA,NA,NA
"TER-PRIBS-T27",2023-12-10,NA,NA,NA
"TER-PRIBS-T27",2023-12-11,NA,NA,NA
"TER-PRIBS-T27",2023-12-12,NA,NA,NA
"TER-PRIBS-T27",2023-12-13,NA,NA,NA
"TER-PRIBS-T27",2023-12-14,NA,NA,NA
"TER-PRIBS-T27",2023-12-15,NA,NA,NA
"TER-PRIBS-T27",2023-12-16,NA,NA,NA
"TER-PRIBS-T27",2023-12-17,NA,NA,NA
"TER-PRIBS-T27",2023-12-18,NA,NA,NA
"TER-PRIBS-T27",2023-12-19,NA,NA,NA
"TER-PRIBS-T27",2023-12-20,NA,NA,NA
"TER-PRIBS-T27",2023-12-21,NA,NA,NA
"TER-PRIBS-T27",2023-12-22,NA,NA,NA
"TER-PRIBS-T27",2023-12-23,NA,NA,NA
"TER-PRIBS-T27",2023-12-24,NA,NA,NA
"TER-PRIBS-T27",2023-12-25,NA,NA,NA
"TER-PRIBS-T27",2023-12-26,NA,NA,NA
"TER-PRIBS-T27",2023-12-27,NA,NA,NA
"TER-PRIBS-T27",2023-12-28,NA,NA,NA
"TER-PRIBS-T27",2023-12-29,NA,NA,NA
"TER-PRIBS-T27",2023-12-30,NA,NA,NA
"TER-PRIBS-T27",2023-12-31,NA,NA,NA
"TER-PRIBS-T27",2024-01-01,NA,NA,NA
"TER-PRIBS-T27",2024-01-02,NA,NA,NA
"TER-PRIBS-T27",2024-01-03,NA,NA,NA
"TER-PRIBS-T27",2024-01-04,NA,NA,NA
"TER-PRIBS-T27",2024-01-05,NA,NA,NA
"TER-PRIBS-T27",2024-01-06,NA,NA,NA
"TER-PRIBS-T27",2024-01-07,NA,NA,NA
"TER-PRIBS-T27",2024-01-08,NA,NA,NA
"TER-PRIBS-T27",2024-01-09,NA,NA,NA
"TER-PRIBS-T27",2024-01-10,NA,NA,NA
"TER-PRIBS-T27",2024-01-11,NA,NA,NA
"TER-PRIBS-T27",2024-01-12,NA,NA,NA
"TER-PRIBS-T27",2024-01-13,NA,NA,NA
"TER-PRIBS-T27",2024-01-14,NA,NA,NA
"TER-PRIBS-T27",2024-01-15,NA,NA,NA
"TER-PRIBS-T27",2024-01-16,NA,NA,NA
"TER-PRIBS-T27",2024-01-17,NA,NA,NA
"TER-PRIBS-T27",2024-01-18,NA,NA,NA
"TER-PRIBS-T27",2024-01-19,NA,NA,NA
"TER-PRIBS-T27",2024-01-20,NA,NA,NA
"TER-PRIBS-T27",2024-01-21,NA,NA,NA
"TER-PRIBS-T27",2024-01-22,NA,NA,NA
"TER-PRIBS-T27",2024-01-23,NA,NA,NA
"TER-PRIBS-T27",2024-01-24,NA,NA,NA
"TER-PRIBS-T27",2024-01-25,NA,NA,NA
"TER-PRIBS-T27",2024-01-26,NA,NA,NA
"TER-PRIBS-T27",2024-01-27,NA,NA,NA
"TER-PRIBS-T27",2024-01-28,NA,NA,NA
"TER-PRIBS-T27",2024-01-29,NA,NA,NA
"TER-PRIBS-T27",2024-01-30,NA,NA,NA
"TER-PRIBS-T27",2024-01-31,NA,NA,NA
"TER-PRIBS-T27",2024-02-01,NA,NA,NA
"TER-PRIBS-T27",2024-02-02,NA,NA,NA
"TER-PRIBS-T27",2024-02-03,NA,NA,NA
"TER-PRIBS-T27",2024-02-04,NA,NA,NA
"TER-PRIBS-T27",2024-02-05,NA,NA,NA
"TER-PRIBS-T27",2024-02-06,NA,NA,NA
"TER-PRIBS-T27",2024-02-07,NA,NA,NA
"TER-PRIBS-T27",2024-02-08,NA,NA,NA
"TER-PRIBS-T27",2024-02-09,NA,NA,NA
"TER-PRIBS-T27",2024-02-10,NA,NA,NA
"TER-PRIBS-T27",2024-02-11,NA,NA,NA
"TER-PRIBS-T27",2024-02-12,NA,NA,NA
"TER-PRIBS-T27",2024-02-13,NA,NA,NA
"TER-PRIBS-T27",2024-02-14,NA,NA,NA
"TER-PRIBS-T27",2024-02-15,NA,NA,NA
"TER-PRIBS-T27",2024-02-16,NA,NA,NA
"TER-PRIBS-T27",2024-02-17,NA,NA,NA
"TER-PRIBS-T27",2024-02-18,NA,NA,NA
"TER-PRIBS-T27",2024-02-19,NA,NA,NA
"TER-PRIBS-T27",2024-02-20,NA,NA,NA
"TER-PRIBS-T27",2024-02-21,NA,NA,NA
"TER-PRIBS-T27",2024-02-22,NA,NA,NA
"TER-PRIBS-T27",2024-02-23,NA,NA,NA
"TER-PRIBS-T27",2024-02-24,NA,NA,NA
"TER-PRIBS-T27",2024-02-25,NA,NA,NA
"TER-PRIBS-T27",2024-02-26,NA,NA,NA
"TER-PRIBS-T27",2024-02-27,NA,NA,NA
"TER-PRIBS-T27",2024-02-28,NA,NA,NA
"TER-PRIBS-T27",2024-02-29,NA,NA,NA
"TER-PRIBS-T27",2024-03-01,NA,NA,NA
"TER-PRIBS-T27",2024-03-02,NA,NA,NA
"TER-PRIBS-T27",2024-03-03,NA,NA,NA
"TER-PRIBS-T27",2024-03-04,NA,NA,NA
"TER-PRIBS-T27",2024-03-05,NA,NA,NA
"TER-PRIBS-T27",2024-03-06,NA,NA,NA
"TER-PRIBS-T27",2024-03-07,NA,NA,NA
"TER-PRIBS-T27",2024-03-08,NA,NA,NA
"TER-PRIBS-T27",2024-03-09,NA,NA,NA
"TER-PRIBS-T27",2024-03-10,NA,NA,NA
"TER-PRIBS-T27",2024-03-11,NA,NA,NA
"TER-PRIBS-T27",2024-03-12,NA,NA,NA
"TER-PRIBS-T27",2024-03-13,NA,NA,NA
"TER-PRIBS-T27",2024-03-14,NA,NA,NA
"TER-PRIBS-T27",2024-03-15,NA,NA,NA
"TER-PRIBS-T27",2024-03-16,NA,NA,NA
"TER-PRIBS-T27",2024-03-17,NA,NA,NA
"TER-PRIBS-T27",2024-03-18,NA,NA,NA
"TER-PRIBS-T27",2024-03-19,NA,NA,NA
"TER-PRIBS-T27",2024-03-20,NA,NA,NA
"TER-PRIBS-T27",2024-03-21,NA,NA,NA
"TER-PRIBS-T27",2024-03-22,NA,NA,NA
"TER-PRIBS-T27",2024-03-23,NA,NA,NA
"TER-PRIBS-T27",2024-03-24,NA,NA,NA
"TER-PRIBS-T27",2024-03-25,NA,NA,NA
"TER-PRIBS-T27",2024-03-26,NA,NA,NA
"TER-PRIBS-T27",2024-03-27,NA,NA,NA
"TER-PRIBS-T27",2024-03-28,NA,NA,NA
"TER-PRIBS-T27",2024-03-29,NA,NA,NA
"TER-PRIBS-T27",2024-03-30,NA,NA,NA
"TER-PRIBS-T27",2024-03-31,NA,NA,NA
"TER-PRIBS-T27",2024-04-01,NA,NA,NA
"TER-PRIBS-T27",2024-04-02,NA,NA,NA
"TER-PRIBS-T27",2024-04-03,NA,NA,NA
"TER-PRIBS-T27",2024-04-04,NA,NA,NA
"TER-PRIBS-T27",2024-04-05,NA,NA,NA
"TER-PRIBS-T27",2024-04-06,NA,NA,NA
"TER-PRIBS-T27",2024-04-07,NA,NA,NA
"TER-PRIBS-T27",2024-04-08,NA,NA,NA
"TER-PRIBS-T27",2024-04-09,NA,NA,NA
"TER-PRIBS-T27",2024-04-10,NA,NA,NA
"TER-PRIBS-T27",2024-04-11,NA,NA,NA
"TER-PRIBS-T27",2024-04-12,NA,NA,NA
"TER-PRIBS-T27",2024-04-13,NA,NA,NA
"TER-PRIBS-T27",2024-04-14,NA,NA,NA
"TER-PRIBS-T27",2024-04-15,NA,NA,NA
"TER-PRIBS-T27",2024-04-16,NA,NA,NA
"TER-PRIBS-T27",2024-04-17,NA,NA,NA
"TER-PRIBS-T27",2024-04-18,NA,NA,NA
"TER-PRIBS-T27",2024-04-19,0.58008932345666,1.01951075223023,1.15607249910566
"TER-PRIBS-T27",2024-04-20,1.56371329704723,2.49201623741424,2.62504313284094
"TER-PRIBS-T27",2024-04-21,0.653862548158295,1.06236678619288,1.15077163777999
"TER-PRIBS-T27",2024-04-22,0.545070132437435,0.79285760916182,0.842700971600384
"TER-PRIBS-T27",2024-04-23,0.306186217847897,0.541318171059166,0.56465970257328
"TER-PRIBS-T27",2024-04-24,0.561038762255892,0.938073496085446,1.00519484015123
"TER-PRIBS-T27",2024-04-25,0.704218654285356,0.966607319517563,1.10150588622635
"TER-PRIBS-T27",2024-04-26,0.954584665735822,1.03011713137285,1.04170289792063
"TER-PRIBS-T27",2024-04-27,1.10006587418037,1.22011373905546,1.30893667432436
"TER-PRIBS-T27",2024-04-28,1.193088489982,1.65817583550397,1.86889101426177
"TER-PRIBS-T27",2024-04-29,1.41932827549626,2.08991713309126,2.19146896667146
"TER-PRIBS-T27",2024-04-30,1.47441956154897,2.0152273579792,2.21285768418007
"TER-PRIBS-T27",2024-05-01,0.980793822237442,1.34864397811659,1.42696597158376
"TER-PRIBS-T27",2024-05-02,0.529902917003931,0.607918758874329,0.619724108789139
"TER-PRIBS-T27",2024-05-03,0.914605720071991,1.54623783722795,1.69558249578132
"TER-PRIBS-T27",2024-05-04,0.595499425035315,1.46641137435597,1.70623324433032
"TER-PRIBS-T27",2024-05-05,1.08326365439238,1.79925507935359,1.94302916057392
"TER-PRIBS-T27",2024-05-06,0.607918758874329,0.583592075121765,0.683328914796602
"TER-PRIBS-T27",2024-05-07,0.695482316219408,1.17876747224514,1.47057491468818
"TER-PRIBS-T27",2024-05-08,0.537961126767579,0.919790461329983,0.98815447950324
"TER-PRIBS-T27",2024-05-09,0.6412736421045,1.64831380683324,2.08514414057075
"TER-PRIBS-T27",2024-05-10,1.4939491483886,2.46827699100969,2.53525861242676
"TER-PRIBS-T27",2024-05-11,1.11316235778192,1.59936581634495,1.70623324433032
"TER-PRIBS-T27",2024-05-12,1.12931940514656,1.5166646759025,1.69183889321049
"TER-PRIBS-T27",2024-05-13,0.872278375988647,0.751508145500515,0.791428263111808
"TER-PRIBS-T27",2024-05-14,0.964731321010742,1.17645993175054,1.2006565233057
"TER-PRIBS-T27",2024-05-15,0.772899209732936,1.10150588622635,1.13172306747246
"TER-PRIBS-T27",2024-05-16,0.375301810914046,0.529902917003931,0.465766471310572
"TER-PRIBS-T27",2024-05-17,0.477292332867911,1.03537957752952,1.23944821757828
"TER-PRIBS-T27",2024-05-18,0.816496580927726,1.56255434688094,1.79358256174538
"TER-PRIBS-T27",2024-05-19,1.59809102604834,2.37657270582807,2.55660553939359
"TER-PRIBS-T27",2024-05-20,0.791428263111808,1.03121568893295,1.02062072615966
"TER-PRIBS-T27",2024-05-21,0.797414299606792,1.14208048144032,1.13252315457662
"TER-PRIBS-T27",2024-05-22,1.00722031037067,1.37112431385997,1.41357292199487
"TER-PRIBS-T27",2024-05-23,0.453948059341275,0.416485467846762,0.414851116999053
"TER-PRIBS-T27",2024-05-24,0.896601877945965,1.00339098972478,1.03187426208508
"TER-PRIBS-T27",2024-05-25,0.868114732282431,1.78142082196418,2.02151023326334
"TER-PRIBS-T27",2024-05-26,1.20517453183093,2.07075915505905,2.25050316435095
"TER-PRIBS-T27",2024-05-27,1.46888008212113,1.99455781304158,2.09899907133121
"TER-PRIBS-T27",2024-05-28,1.206113653404,1.4939491483886,1.48162048965392
"TER-PRIBS-T27",2024-05-29,0.323449478616663,0.370443330172869,0.350982059081517
"TER-PRIBS-T27",2024-05-30,0.337831962346088,1.00271370919555,1.4142135623731
"TER-PRIBS-T27",2024-05-31,0.659380473395787,1.34258565160069,1.51262800392591
"TER-PRIBS-T27",2024-06-01,1.01595068635316,2.2112197434048,2.43827793234535
"TER-PRIBS-T27",2024-06-02,0.764947663266077,1.16017864691332,1.19763504881284
"TER-PRIBS-T27",2024-06-03,0.735980072193987,1.0215078369105,1.03712779249763
"TER-PRIBS-T27",2024-06-04,1.17876747224514,1.77083866154356,2.00361991246423
"TER-PRIBS-T27",2024-06-05,0.545070132437435,0.607546145441299,0.6412736421045
"TER-PRIBS-T27",2024-06-06,0.683328914796602,1.26243811729526,1.40392823632607
"TER-PRIBS-T27",2024-06-07,1.03712779249763,1.54623783722795,1.60487820658485
"TER-PRIBS-T27",2024-06-08,1.04582503316759,1.55558251356903,1.69985080334222
"TER-PRIBS-T27",2024-06-09,1.24218571973713,1.91378958605959,1.97080135249966
"TER-PRIBS-T27",2024-06-10,1.09325169808344,1.66757221776128,1.72523890385138
"TER-PRIBS-T27",2024-06-11,1.33242722834704,2.07720111995772,2.23444705088046
"TER-PRIBS-T27",2024-06-12,1.87650905457023,2.84749763013478,3.08036970771885
"TER-PRIBS-T27",2024-06-13,0.588229965875272,0.664511916338994,0.680672621302858
"TER-PRIBS-T27",2024-06-14,0.872018730685681,1.39096463243882,1.54814053962642
"TER-PRIBS-T27",2024-06-15,1.6239545131775,2.60712513111192,2.7967858104555
"TER-PRIBS-T27",2024-06-16,0.90864407661692,1.14840784554536,1.11295891039691
"TER-PRIBS-T27",2024-06-17,0.571040240720161,0.994322651975647,0.999773525079193
"TER-PRIBS-T27",2024-06-18,0.949589919119171,1.36715482621413,1.44321877578647
"TER-PRIBS-T27",2024-06-19,0.803073804971799,1.35065738154383,1.39810948960642
"TER-PRIBS-T27",2024-06-20,1.19612144941019,1.88805839230507,1.87361059632643
"TER-PRIBS-T27",2024-06-21,1.51023081065421,2.22133511882942,2.30537729943574
"TER-PRIBS-T27",2024-06-22,1.20967566619789,1.86646608653196,1.0475558163677
"TER-PRIBS-T27",2024-06-23,1.04170289792063,1.34578650028443,0.527761886361314
"TER-PRIBS-T27",2024-06-24,0.829702233998107,1.07318265663062,0.458415671128542
"TER-PRIBS-T27",2024-06-25,0.7058246282166,1.8528278426483,0.541318171059166
"TER-PRIBS-T27",2024-06-26,NA,NA,NA
"TER-PRIBS-T27",2024-06-27,0.79285760916182,0.880546602310508,0.951733734533601
"TER-PRIBS-T27",2024-06-28,1.3855818115585,1.48039727335487,1.57295415782174
"TER-PRIBS-T27",2024-06-29,0.47348155466575,0.675663924692176,0.872018730685681
"TER-PRIBS-T27",2024-06-30,0.448427203146441,0.508977377704052,0.510310363079829
"TER-PRIBS-T27",2024-07-01,1.56371329704723,1.54814053962642,1.59426053914242
"TER-PRIBS-T27",2024-07-02,1.85612480058921,1.85025948043174,1.95418540054677
"TER-PRIBS-T27",2024-07-03,1.00722031037067,1.37112431385997,1.25974462560438
"TER-PRIBS-T27",2024-07-04,1.49091451363132,1.56949521101254,1.60162960490381
"TER-PRIBS-T27",2024-07-05,2.2393063108077,2.86912600942709,2.75937138398995
"TER-PRIBS-T27",2024-07-06,1.25379857615377,1.32270446489353,1.46641137435598
"TER-PRIBS-T27",2024-07-07,1.60148821186846,1.97263892991751,1.90489453471991
"TER-PRIBS-T27",2024-07-08,0.936140318356268,0.931532942621143,1.03187426208508
"TER-PRIBS-T27",2024-07-09,1.18795281221855,1.3254408618497,1.54974869398001
"TER-PRIBS-T27",2024-07-10,1.0494995356656,0.977787727771069,1.11965315540385
"TER-PRIBS-T27",2024-07-11,1.05273109274078,1.16854145430737,1.23944821757828
"TER-PRIBS-T27",2024-07-12,1.37260991217989,1.55674665406017,1.66104123097968
"TER-PRIBS-T27",2024-07-13,1.03909101859632,1.40069858347152,1.48116190192367
"TER-PRIBS-T27",2024-07-14,2.05880488056345,2.32035729382664,2.42682771403806
"TER-PRIBS-T27",2024-07-15,1.36466803310538,1.48909076430815,1.59936581634495
"TER-PRIBS-T27",2024-07-16,1.45711646953739,1.73987755691126,1.86197164473498
"TER-PRIBS-T27",2024-07-17,0.551266657377563,0.510310363079829,0.529902917003931
"TER-PRIBS-T27",2024-07-18,1.09594112821891,1.39470400994703,1.60826105567113
"TER-PRIBS-T27",2024-07-19,2.26464637160105,2.48172669552962,2.97992984549267
"TER-PRIBS-T27",2024-07-20,1.92793630750528,1.92758390482618,1.99716737812129
"TER-PRIBS-T27",2024-07-21,1.06300606021695,1.16388125047936,1.28941482064933
"TER-PRIBS-T27",2024-07-22,0.977092700273386,1.42696597158376,1.62060442293984
"TER-PRIBS-T27",2024-07-23,1.66035944248854,1.70875304140819,1.83847270419171
"TER-PRIBS-T27",2024-07-24,1.87940304275093,2.10417115080596,2.44356593787719
"TER-PRIBS-T27",2024-07-25,2.70458212904575,3.01257930318374,3.2055206002833
"TER-PRIBS-T27",2024-07-26,1.18394299461281,1.19099885007063,1.26189987889207
"TER-PRIBS-T27",2024-07-27,0.977092700273386,1.03187426208508,1.57755428947212
"TER-PRIBS-T27",2024-07-28,2.05263616293568,2.20414218090013,2.39101200452802
"TER-PRIBS-T27",2024-07-29,0.659036956585082,0.974307632279888,1.47196014438797
"TER-PRIBS-T27",2024-07-30,0.8198179366636,1.0179547554081,1.48039727335487
"TER-PRIBS-T27",2024-07-31,0.508977377704051,0.820646175234818,1.10253331475513
"TER-PRIBS-T27",2024-08-01,1.73505523447142,2.18691762434075,2.38646166433956
"TER-PRIBS-T27",2024-08-02,1.45711646953739,1.69384542353799,1.81728815323384
"TER-PRIBS-T27",2024-08-03,2.06933704289597,2.53230933728685,2.90146140089259
"TER-PRIBS-T27",2024-08-04,2.1917789413023,2.55580824732636,2.62616433804794
"TER-PRIBS-T27",2024-08-05,1.84695205245236,2.06670903416133,2.00712047687618
"TER-PRIBS-T27",2024-08-06,0.613480803002159,0.779027636204913,1.00519484015123
"TER-PRIBS-T27",2024-08-07,1.17953564923918,1.40586246673077,1.56732949284139
"TER-PRIBS-T27",2024-08-08,2.11265596285607,2.25050316435095,2.40583529740938
"TER-PRIBS-T27",2024-08-09,2.24697864775753,2.51373041110421,2.68247128109753
"TER-PRIBS-T27",2024-08-10,1.53211396064581,1.78142082196418,1.78915816978872
"TER-PRIBS-T27",2024-08-11,1.04582503316759,1.28519298725629,1.34174205387266
"TER-PRIBS-T27",2024-08-12,2.55084171956256,2.74843499605434,2.91353351383365
"TER-PRIBS-T27",2024-08-13,1.33089677732124,1.30772509631659,1.4212415474619
"TER-PRIBS-T27",2024-08-14,1.8528278426483,1.94489297794305,2.23028804924581
"TER-PRIBS-T27",2024-08-15,1.85722248595015,1.79168773159171,1.92699642381383
"TER-PRIBS-T27",2024-08-16,1.87554339951873,1.83366268451417,2.11008190650835
"TER-PRIBS-T27",2024-08-17,1.46316487426242,1.6681153124566,1.82375627662299
"TER-PRIBS-T27",2024-08-18,1.74442694381818,2.02654485713271,2.16433123854574
"TER-PRIBS-T27",2024-08-19,2.24808694839328,2.45383092976759,2.50325874568054
"TER-PRIBS-T27",2024-08-20,0.679673834820151,0.740886660345738,0.80729239714787
"TER-PRIBS-T27",2024-08-21,1.42187873267546,1.98807586680537,2.11008190650835
"TER-PRIBS-T27",2024-08-22,2.33349507720979,2.7580580229522,2.88353333477413
"TER-PRIBS-T27",2024-08-23,0.583592075121765,0.924456361986541,0.959081308608263
"TER-PRIBS-T27",2024-08-24,1.18852453896003,1.4142135623731,1.51741102931409
"TER-PRIBS-T27",2024-08-25,2.31566811969671,2.39252686141842,2.4091274203612
"TER-PRIBS-T27",2024-08-26,1.39616451835693,1.86197164473498,1.99455781304158
"TER-PRIBS-T27",2024-08-27,0.751809411556112,1.17645993175054,1.29099444873581
"TER-PRIBS-T27",2024-08-28,1.25686520555211,1.72366310303192,1.85319446096327
"TER-PRIBS-T27",2024-08-29,1.64845118348947,2.04257226292618,2.16694535554385
"TER-PRIBS-T27",2024-08-30,1.67123468199976,2.00361991246423,2.04257226292618
"TER-PRIBS-T27",2024-08-31,1.68540194320077,1.87361059632643,2.01982923657609
"TER-PRIBS-T27",2024-09-01,0.575779245136914,1.14188218636435,1.36980242942264
"TER-PRIBS-T27",2024-09-02,1.134920031659,1.63728632857516,1.69277557001357
"TER-PRIBS-T27",2024-09-03,1.1695099927698,1.31807391317016,1.3254408618497
"TER-PRIBS-T27",2024-09-04,1.01058707288588,1.07149326926815,1.03537957752952
"TER-PRIBS-T27",2024-09-05,0.964731321010742,0.789422830805584,0.858672720295521
"TER-PRIBS-T27",2024-09-06,0.789422830805584,0.775531608229039,0.8198179366636
"TER-PRIBS-T27",2024-09-07,0.683328914796602,0.588229965875272,0.545070132437435
"TER-PRIBS-T27",2024-09-08,0.408248290463863,0.675663924692176,0.770551750371122
"TER-PRIBS-T27",2024-09-09,0.846722153836252,1.12751329565733,1.26243811729526
"TER-PRIBS-T27",2024-09-10,0.607546145441299,0.840279025431261,0.966841563388569
"TER-PRIBS-T27",2024-09-11,0.62227667549858,1.41932827549626,1.50587617136279
"TER-PRIBS-T27",2024-09-12,1.69277557001357,2.50072453269164,2.71060384202594
"TER-PRIBS-T27",2024-09-13,1.6061476099436,2.15173926953476,2.3978213239208
"TER-PRIBS-T27",2024-09-14,1.23064729050333,1.52693213311215,1.60487820658485
"TER-PRIBS-T27",2024-09-15,1.39080182274288,1.71298853181944,1.88769854508114
"TER-PRIBS-T27",2024-09-16,0.360530004379623,0.536696821549066,0.541318171059166
"TER-PRIBS-T27",2024-09-17,0.62227667549858,0.892805381522402,0.951733734533601
"TER-PRIBS-T27",2024-09-18,0.899879218948661,1.11295891039691,1.24818709114169
"TER-PRIBS-T27",2024-09-19,1.1080649669647,1.18566314838966,1.24163870214595
"TER-PRIBS-T27",2024-09-20,0.806450444131925,0.938073496085446,1.06300606021695
"TER-PRIBS-T27",2024-09-21,1.69277557001357,2.2057853772375,2.31947879577675
"TER-PRIBS-T27",2024-09-22,1.0664090495066,1.23340432619805,1.36134524260572
"TER-PRIBS-T27",2024-09-23,1.82325954332312,2.3850379026551,2.55934986649548
"TER-PRIBS-T27",2024-09-24,1.06130047378307,1.05273109274078,1.03011713137285
"TER-PRIBS-T27",2024-09-25,1.0494995356656,1.25956485469721,1.35116026361458
"TER-PRIBS-T27",2024-09-26,NA,NA,NA
"TER-PRIBS-T27",2024-09-27,1.66757221776128,1.74455675197729,1.77339435440397
"TER-PRIBS-T27",2024-09-28,0.83378610888064,0.820646175234818,0.994322651975647
"TER-PRIBS-T27",2024-09-29,0.434057366141216,0.531183393096442,0.56465970257328
"TER-PRIBS-T27",2024-09-30,0.686304956089946,1.00519484015123,1.02659384740813
"TER-PRIBS-T27",2024-10-01,0.588229965875272,0.674321989058296,0.701964118163034
"TER-PRIBS-T27",2024-10-02,0.38069349381344,0.350982059081517,0.360530004379623
"TER-PRIBS-T27",2024-10-03,0.858672720295521,0.876163822283402,0.92641392132415
"TER-PRIBS-T27",2024-10-04,1.22011373905546,1.29379791446665,1.34309155590236
"TER-PRIBS-T27",2024-10-05,0.974307632279888,1.16854145430737,1.30616570180805
"TER-PRIBS-T27",2024-10-06,0.840279025431261,0.850191794218529,0.989070710093681
"TER-PRIBS-T27",2024-10-07,1.76725448246626,2.01252869274712,2.01881996670605
"TER-PRIBS-T27",2024-10-08,1.08012344973464,1.23358790948792,1.38296441736949
"TER-PRIBS-T27",2024-10-09,1.89536046818219,2.18650339616687,2.48035761797437
"TER-PRIBS-T27",2024-10-10,0.931532942621143,0.983330262829891,1.10335456873474
"TER-PRIBS-T27",2024-10-11,0.42349477692996,0.461860603852834,0.508977377704052
"TER-PRIBS-T27",2024-10-12,1.61500549646841,1.83958092265997,1.93321463903513
"TER-PRIBS-T27",2024-10-13,1.10806496696471,1.31031996313767,1.33242722834704
"TER-PRIBS-T27",2024-10-14,0.453948059341275,0.449939609474331,0.545070132437435
"TER-PRIBS-T27",2024-10-15,1.10335456873474,0.895843865795853,0.966841563388569
"TER-PRIBS-T27",2024-10-16,0.675328690771916,0.793999233380421,0.8030738049718
"TER-PRIBS-T27",2024-10-17,1.30147630777903,2.14002573464142,2.25502659131466
"TER-PRIBS-T27",2024-10-18,1.03187426208508,1.3432601483283,1.40891956755029
"TER-PRIBS-T27",2024-10-19,0.706786460997433,1.16095912372336,1.26548381078634
"TER-PRIBS-T27",2024-10-20,0.726067430094119,0.8030738049718,0.936140318356268
"TER-PRIBS-T27",2024-10-21,0.896601877945965,1.52500296982367,1.74130864498556
"TER-PRIBS-T27",2024-10-22,1.2767074387102,1.82064947003909,1.73152776639507
"TER-PRIBS-T27",2024-10-23,1.24818709114169,1.59127489677348,1.56718500521786
"TER-PRIBS-T27",2024-10-24,0.601929265428846,0.601929265428846,0.667232549687378
"TER-PRIBS-T27",2024-10-25,0.658005330140078,0.765835245459757,0.902643059439125
"TER-PRIBS-T27",2024-10-26,0.588229965875272,0.857353105684051,0.954584665735822
"TER-PRIBS-T27",2024-10-27,0.489009646921826,0.88771812996067,0.876163822283402
"TER-PRIBS-T27",2024-10-28,0.570643547208776,0.916831342257085,0.944089163069933
"TER-PRIBS-T27",2024-10-29,0.717281502356772,0.9006338347785,0.966607319517563
"TER-PRIBS-T27",2024-10-30,0.598533836656867,0.902643059439125,1.13232318580052
"TER-PRIBS-T27",2024-10-31,0.598533836656866,1.22011373905546,1.28800908044328
"TER-PRIBS-T27",2024-11-01,0.772899209732936,1.18852453896003,1.22455996237394
"TER-PRIBS-T27",2024-11-02,0.495907161718278,0.9006338347785,1.07254944820301
"TER-PRIBS-T27",2024-11-03,0.48482403800357,0.487153816139944,0.624093545570845
"TER-PRIBS-T27",2024-11-04,0.829702233998107,1.60162960490381,1.75271528479819
"TER-PRIBS-T27",2024-11-05,1.09594112821891,1.53919209939519,1.47932612939184
"TER-PRIBS-T27",2024-11-06,0.820646175234819,0.974307632279887,1.16095912372336
"TER-PRIBS-T27",2024-11-07,1.193088489982,2.05263616293568,2.21398306553884
"TER-PRIBS-T27",2024-11-08,0.878229031565262,1.22899010031272,1.48848235130448
"TER-PRIBS-T27",2024-11-09,0.408248290463863,0.499546896146173,0.625543242171224
"TER-PRIBS-T27",2024-11-10,0.541318171059166,0.744241175652242,0.8030738049718
"TER-PRIBS-T27",2024-11-11,0.619724108789139,0.670280062599837,0.7058246282166
"TER-PRIBS-T27",2024-11-12,0.251805077592667,0.306186217847897,0.306186217847897
"TER-PRIBS-T27",2024-11-13,0.717281502356773,1.1355184604017,1.24236800541127
"TER-PRIBS-T27",2024-11-14,0.589383736122568,0.390094748802747,0.458415671128542
"TER-PRIBS-T27",2024-11-15,0.22421360157322,0.624093545570845,0.764947663266077
"TER-PRIBS-T27",2024-11-16,0.39699961669021,0.487153816139944,0.556581178890961
"TER-PRIBS-T27",2024-11-17,0.361157559257308,0.398707149803396,0.380693493813441
"TER-PRIBS-T27",2024-11-18,0.232152810743768,0.207425558499527,0.221162934232346
"TER-PRIBS-T27",2024-11-19,0.358640751178386,0.683328914796602,0.884395724266829
"TER-PRIBS-T27",2024-11-20,0.412112795872367,0.918558653543692,1.10006587418037
"TER-PRIBS-T27",2024-11-21,0.683328914796602,1.17009073102926,1.21117232704397
"TER-PRIBS-T27",2024-11-22,0.529902917003931,0.499546896146173,0.42933636014776
"TER-PRIBS-T27",2024-11-23,0.987007995210118,1.4161337446049,1.55979838905313
"TER-PRIBS-T27",2024-11-24,0.656282349099174,0.434057366141216,0.531183393096442
"TER-PRIBS-T27",2024-11-25,1.42187873267546,1.56906230651913,1.48116190192367
"TER-PRIBS-T27",2024-11-26,0.895843865795853,1.3349740810598,1.37508234272547
"TER-PRIBS-T27",2024-11-27,1.22307968384872,1.44823105491002,1.32629482808857
"TER-PRIBS-T27",2024-11-28,0.589383736122568,0.624093545570845,0.629872312802192
"TER-PRIBS-T27",2024-11-29,0.625543242171224,1.13232318580052,1.05208557540298
"TER-PRIBS-T27",2024-11-30,0.360530004379623,0.506747943519132,0.642684586917151
"TER-PRIBS-T27",2024-12-01,1.11132999051861,1.43187699860373,1.4866556183381
"TER-PRIBS-T27",2024-12-02,0.389513818102456,0.503610155185335,0.672640804719661
"TER-PRIBS-T27",2024-12-03,0.569451808600904,0.798265783351363,1.00519484015123
"TER-PRIBS-T27",2024-12-04,0.680672621302858,0.932261936818499,0.960968337109781
"TER-PRIBS-T27",2024-12-05,0.408248290463863,0.625543242171224,0.736902546011914
"TER-PRIBS-T27",2024-12-06,0.541318171059166,0.740886660345738,0.858672720295521
"TER-PRIBS-T27",2024-12-07,0.434057366141216,0.896854406292881,1.14029458436425
"TER-PRIBS-T27",2024-12-08,0.47348155466575,0.883627241233132,0.943129234847054
"TER-PRIBS-T27",2024-12-09,0.294114982937636,0.74180303257026,0.816496580927726
"TER-PRIBS-T27",2024-12-10,0.440273301155254,0.766130877682874,0.797414299606792
"TER-PRIBS-T27",2024-12-11,0.389513818102457,0.541318171059166,0.659036956585082
"TER-PRIBS-T27",2024-12-12,0.589383736122568,0.824225591744734,1.00722031037067
"TER-PRIBS-T27",2024-12-13,0.583592075121765,0.61642670615246,0.650738153889517
"TER-PRIBS-T27",2024-12-14,0.240771706171538,0.642684586917151,0.637022057270606
"TER-PRIBS-T27",2024-12-15,1.02416455878841,1.05208557540298,0.959081308608263
"TER-PRIBS-T27",2024-12-16,0.506747943519132,0.951733734533601,0.977787727771069
"TER-PRIBS-T27",2024-12-17,0.71443450831176,0.943129234847053,0.994322651975647
"TER-PRIBS-T27",2024-12-18,0.434057366141216,0.940243570046875,1.01595068635316
"TER-PRIBS-T27",2024-12-19,0.403225222065963,0.557800416231313,0.770551750371122
"TER-PRIBS-T27",2024-12-20,0.61642670615246,1.08263634211833,1.34713195075821
"TER-PRIBS-T27",2024-12-21,0.499546896146173,0.895843865795853,1.00339098972478
"TER-PRIBS-T27",2024-12-22,0.414851116999053,0.811768064969513,0.997959875467685
"TER-PRIBS-T27",2024-12-23,0.412112795872367,0.79285760916182,0.94384927254057
"TER-PRIBS-T27",2024-12-24,0.24726767752342,0.659380473395787,0.79285760916182
"TER-PRIBS-T27",2024-12-25,0.658005330140078,1.28466428254256,1.55805527240983
"TER-PRIBS-T27",2024-12-26,0.448427203146441,0.858672720295521,0.90864407661692
"TER-PRIBS-T27",2024-12-27,0.630949939446036,1.17318314667923,1.3006060460249
"TER-PRIBS-T27",2024-12-28,0.408248290463863,0.656282349099174,0.695482316219408
"TER-PRIBS-T27",2024-12-29,0.329690236697893,0.779027636204913,0.999093792292346
"TER-PRIBS-T27",2024-12-30,0.358640751178386,0.735980072193987,0.758705514657047
"TER-PRIBS-T27",2024-12-31,0.499546896146173,0.499546896146173,0.441813620616566
"TER-PRIBS-T27",2025-01-01,0.390094748802747,0.520851448960313,0.499546896146173
"TER-PRIBS-T27",2025-01-02,0.221162934232346,0.465766471310571,0.517361617708795
"TER-PRIBS-T27",2025-01-03,0.47348155466575,0.800531978921119,0.789422830805584
"TER-PRIBS-T27",2025-01-04,0.465766471310572,0.637022057270606,0.531183393096442
"TER-PRIBS-T27",2025-01-05,0.441813620616566,0.784531153259565,0.816496580927726
"TER-PRIBS-T27",2025-01-06,0.551266657377564,0.570643547208776,0.561038762255892
"TER-PRIBS-T27",2025-01-07,1.56023386392711,1.63299316185545,1.36980242942264
"TER-PRIBS-T27",2025-01-08,1.03209369308428,0.974307632279887,0.800531978921119
"TER-PRIBS-T27",2025-01-09,0.329002665070039,0.39699961669021,0.38069349381344
"TER-PRIBS-T27",2025-01-10,0.441813620616566,0.71443450831176,0.736902546011914
"TER-PRIBS-T27",2025-01-11,0.294114982937636,0.287889622568457,0.294114982937636
"TER-PRIBS-T27",2025-01-12,0.51604684654214,0.797414299606792,0.827242231843205
"TER-PRIBS-T27",2025-01-13,0.416485467846762,0.510310363079829,0.472044581534967
"TER-PRIBS-T27",2025-01-14,0.251805077592667,0.508977377704051,0.595499425035315
"TER-PRIBS-T27",2025-01-15,0.403225222065963,0.508977377704052,0.499546896146173
"TER-PRIBS-T27",2025-01-16,0.221162934232346,0,0.102062072615966
"TER-PRIBS-T27",2025-01-17,0.695482316219408,1.30772509631659,1.27244344426013
"TER-PRIBS-T27",2025-01-18,0.550032937090187,0.619724108789139,0.7058246282166
"TER-PRIBS-T27",2025-01-19,0.772899209732936,1.01058707288588,0.955296069137807
"TER-PRIBS-T27",2025-01-20,0.306186217847897,0.589767824619589,0.667232549687378
"TER-PRIBS-T27",2025-01-21,0.751508145500515,0.465766471310571,0.472044581534967
"TER-PRIBS-T27",2025-01-22,0.667232549687378,0.865763883197535,1.14978731492621
"TER-PRIBS-T27",2025-01-23,1.49984902621873,1.9438448005681,1.9670059275052
"TER-PRIBS-T27",2025-01-24,0.997959875467685,1.76725448246626,1.66757221776128
"TER-PRIBS-T27",2025-01-25,1.52143501101875,2.22143705935947,2.27213348633177
"TER-PRIBS-T27",2025-01-26,1.33514369850296,2.00361991246423,2.05847488218334
"TER-PRIBS-T27",2025-01-27,0.691236552140071,0.899879218948661,0.880546602310508
"TER-PRIBS-T27",2025-01-28,0.931532942621143,1.79257223491588,1.7568447920031
"TER-PRIBS-T27",2025-01-29,0.440273301155254,0.912622832709443,1.0179547554081
"TER-PRIBS-T27",2025-01-30,0.350982059081517,0.625543242171224,0.642332141271278
"TER-PRIBS-T27",2025-01-31,0.695482316219408,0.842700971600384,0.855502225579229
"TER-PRIBS-T27",2025-02-01,0.964731321010742,2.0265448571327,1.96608472107251
"TER-PRIBS-T27",2025-02-02,0.896601877945965,1.71945390724219,1.8266098716443
"TER-PRIBS-T27",2025-02-03,0.904898104600814,1.69825144516779,1.76302091695566
"TER-PRIBS-T27",2025-02-04,0.508977377704052,1.36732045161012,1.41277171299665
"TER-PRIBS-T27",2025-02-05,0.464305621487536,0.487153816139944,0.625181133172909
"TER-PRIBS-T27",2025-02-06,0.240771706171539,0.47348155466575,0.510310363079829
"TER-PRIBS-T27",2025-02-07,1.08159001313887,1.68915981173044,1.59468660316654
"TER-PRIBS-T27",2025-02-08,0.303959379437164,0.489009646921826,0.47348155466575
"TER-PRIBS-T27",2025-02-09,0.448427203146441,0.458415671128542,0.465766471310572
"TER-PRIBS-T27",2025-02-10,0.487153816139944,0.88771812996067,1.03909101859632
"TER-PRIBS-T27",2025-02-11,0.763466066556077,1.22307968384872,1.31807391317016
"TER-PRIBS-T27",2025-02-12,NA,NA,NA
"TER-PRIBS-T27",2025-02-13,NA,NA,NA
"TER-PRIBS-T27",2025-02-14,NA,NA,NA
"TER-PRIBS-T27",2025-02-15,NA,NA,NA
"TER-PRIBS-T27",2025-02-16,NA,NA,NA
"TER-PRIBS-T27",2025-02-17,NA,NA,NA
"TER-PRIBS-T27",2025-02-18,NA,NA,NA
"TER-PRIBS-T27",2025-02-19,NA,NA,NA
"TER-PRIBS-T27",2025-02-20,NA,NA,NA
"TER-PRIBS-T27",2025-02-21,NA,NA,NA
"TER-PRIBS-T27",2025-02-22,NA,NA,NA
"TER-PRIBS-T27",2025-02-23,NA,NA,NA
"TER-PRIBS-T27",2025-02-24,NA,NA,NA
"TER-PRIBS-T27",2025-02-25,NA,NA,NA
"TER-PRIBS-T27",2025-02-26,NA,NA,NA
"TER-PRIBS-T27",2025-02-27,NA,NA,NA
"TER-PRIBS-T27",2025-02-28,NA,NA,NA
"TER-PRIBS-T27",2025-03-01,NA,NA,NA
"TER-PRIBS-T27",2025-03-02,NA,NA,NA
"TER-PRIBS-T27",2025-03-03,NA,NA,NA
"TER-PRIBS-T27",2025-03-04,NA,NA,NA
"TER-PRIBS-T27",2025-03-05,NA,NA,NA
"TER-PRIBS-T27",2025-03-06,NA,NA,NA
"TER-PRIBS-T27",2025-03-07,NA,NA,NA
"TER-PRIBS-T27",2025-03-08,NA,NA,NA
"TER-PRIBS-T27",2025-03-09,NA,NA,NA
"TER-PRIBS-T27",2025-03-10,NA,NA,NA
"TER-PRIBS-T27",2025-03-11,NA,NA,NA
"TER-PRIBS-T27",2025-03-12,NA,NA,NA
"TER-PRIBS-T27",2025-03-13,NA,NA,NA
"TER-PRIBS-T27",2025-03-14,NA,NA,NA
"TER-PRIBS-T27",2025-03-15,NA,NA,NA
"TER-PRIBS-T27",2025-03-16,NA,NA,NA
"TER-PRIBS-T27",2025-03-17,NA,NA,NA
"TER-PRIBS-T27",2025-03-18,NA,NA,NA
"TER-PRIBS-T27",2025-03-19,NA,NA,NA
"TER-PRIBS-T27",2025-03-20,NA,NA,NA
"TER-PRIBS-T27",2025-03-21,NA,NA,NA
"TER-PRIBS-T27",2025-03-22,NA,NA,NA
"TER-PRIBS-T27",2025-03-23,NA,NA,NA
"TER-PRIBS-T27",2025-03-24,NA,NA,NA
"TER-PRIBS-T27",2025-03-25,NA,NA,NA
"TER-PRIBS-T27",2025-03-26,NA,NA,NA
"TER-PRIBS-T27",2025-03-27,NA,NA,NA
"TER-PRIBS-T27",2025-03-28,NA,NA,NA
"TER-PRIBS-T27",2025-03-29,NA,NA,NA
"TER-PRIBS-T27",2025-03-30,NA,NA,NA
"TER-PRIBS-T27",2025-03-31,NA,NA,NA
"TER-PRIBS-T27",2025-04-01,NA,NA,NA
"TER-PRIBS-T27",2025-04-02,NA,NA,NA
"TER-PRIBS-T27",2025-04-03,NA,NA,NA
"TER-PRIBS-T27",2025-04-04,NA,NA,NA
"TER-PRIBS-T27",2025-04-05,NA,NA,NA
"TER-PRIBS-T27",2025-04-06,NA,NA,NA
"TER-PRIBS-T27",2025-04-07,NA,NA,NA
"TER-PRIBS-T27",2025-04-08,NA,NA,NA
"TER-PRIBS-T27",2025-04-09,NA,NA,NA
"TER-PRIBS-T27",2025-04-10,NA,NA,NA
"TER-PRIBS-T27",2025-04-11,NA,NA,NA
"TER-PRIBS-T27",2025-04-12,NA,NA,NA
"TER-PRIBS-T27",2025-04-13,NA,NA,NA
"TER-PRIBS-T27",2025-04-14,NA,NA,NA
"TER-PRIBS-T27",2025-04-15,NA,NA,NA
"TER-PRIBS-T27",2025-04-16,NA,NA,NA
"TER-PRIBS-T27",2025-04-17,NA,NA,NA
"TER-PRIBS-T27",2025-04-18,NA,NA,NA
"TER-PRIBS-T27",2025-04-19,NA,NA,NA
"TER-PRIBS-T27",2025-04-20,NA,NA,NA
"TER-PRIBS-T27",2025-04-21,NA,NA,NA
"TER-PRIBS-T27",2025-04-22,NA,NA,NA
"TER-PRIBS-T27",2025-04-23,NA,NA,NA
"TER-PRIBS-T27",2025-04-24,NA,NA,NA
"TER-PRIBS-T27",2025-04-25,NA,NA,NA
"TER-PRIBS-T27",2025-04-26,NA,NA,NA
"TER-PRIBS-T27",2025-04-27,NA,NA,NA
"TER-PRIBS-T27",2025-04-28,NA,NA,NA
"TER-PRIBS-T27",2025-04-29,NA,NA,NA
"TER-PRIBS-T27",2025-04-30,NA,NA,NA
"TER-PRIBS-T27",2025-05-01,NA,NA,NA
"TER-PRIBS-T27",2025-05-02,NA,NA,NA
"TER-PRIBS-T27",2025-05-03,NA,NA,NA
"TER-PRIBS-T27",2025-05-04,NA,NA,NA
"TER-PRIBS-T27",2025-05-05,NA,NA,NA
"TER-PRIBS-T27",2025-05-06,NA,NA,NA
"TER-PRIBS-T27",2025-05-07,NA,NA,NA
"TER-PRIBS-T27",2025-05-08,NA,NA,NA
"TER-PRIBS-T27",2025-05-09,NA,NA,NA
"TER-PRIBS-T27",2025-05-10,NA,NA,NA
"TER-PRIBS-T27",2025-05-11,NA,NA,NA
"TER-PRIBS-T27",2025-05-12,NA,NA,NA
"TER-PRIBS-T27",2025-05-13,NA,NA,NA
"TER-PRIBS-T27",2025-05-14,NA,NA,NA
"TER-PRIBS-T27",2025-05-15,NA,NA,NA
"TER-PRIBS-T27",2025-05-16,NA,NA,NA
"TER-PRIBS-T27",2025-05-17,NA,NA,NA
"TER-PRIBS-T27",2025-05-18,NA,NA,NA
"TER-PRIBS-T27",2025-05-19,NA,NA,NA
"TER-PRIBS-T27",2025-05-20,NA,NA,NA
"TER-PRIBS-T27",2025-05-21,NA,NA,NA
"TER-PRIBS-T27",2025-05-22,NA,NA,NA
"TER-PRIBS-T27",2025-05-23,NA,NA,NA
"TER-PRIBS-T27",2025-05-24,NA,NA,NA
"TER-PRIBS-T27",2025-05-25,NA,NA,NA
"TER-PRIBS-T27",2025-05-26,NA,NA,NA
"TER-PRIBS-T27",2025-05-27,NA,NA,NA
"TER-PRIBS-T27",2025-05-28,NA,NA,NA
"TER-PRIBS-T27",2025-05-29,NA,NA,NA
"TER-PRIBS-T27",2025-05-30,NA,NA,NA
"TER-PRIBS-T27",2025-05-31,NA,NA,NA
"TER-PRIBS-T27",2025-06-01,NA,NA,NA
"TER-PRIBS-T27",2025-06-02,NA,NA,NA
"TER-PRIBS-T27",2025-06-03,NA,NA,NA
"TER-PRIBS-T27",2025-06-04,NA,NA,NA
"TER-PRIBS-T27",2025-06-05,NA,NA,NA
"TER-PRIBS-T27",2025-06-06,NA,NA,NA
"TER-PRIBS-T27",2025-06-07,NA,NA,NA
"TER-PRIBS-T27",2025-06-08,NA,NA,NA
"TER-PRIBS-T27",2025-06-09,NA,NA,NA
"TER-PRIBS-T27",2025-06-10,NA,NA,NA
"TER-PRIBS-T27",2025-06-11,NA,NA,NA
"TER-PRIBS-T27",2025-06-12,NA,NA,NA
"TER-PRIBS-T28",2023-08-09,NA,NA,NA
"TER-PRIBS-T28",2023-08-10,NA,NA,NA
"TER-PRIBS-T28",2023-08-11,NA,NA,NA
"TER-PRIBS-T28",2023-08-12,NA,NA,NA
"TER-PRIBS-T28",2023-08-13,NA,NA,NA
"TER-PRIBS-T28",2023-08-14,NA,NA,NA
"TER-PRIBS-T28",2023-08-15,NA,NA,NA
"TER-PRIBS-T28",2023-08-16,NA,NA,NA
"TER-PRIBS-T28",2023-08-17,NA,NA,NA
"TER-PRIBS-T28",2023-08-18,NA,NA,NA
"TER-PRIBS-T28",2023-08-19,NA,NA,NA
"TER-PRIBS-T28",2023-08-20,NA,NA,NA
"TER-PRIBS-T28",2023-08-21,NA,NA,NA
"TER-PRIBS-T28",2023-08-22,NA,NA,NA
"TER-PRIBS-T28",2023-08-23,NA,NA,NA
"TER-PRIBS-T28",2023-08-24,NA,NA,NA
"TER-PRIBS-T28",2023-08-25,NA,NA,NA
"TER-PRIBS-T28",2023-08-26,NA,NA,NA
"TER-PRIBS-T28",2023-08-27,NA,NA,NA
"TER-PRIBS-T28",2023-08-28,NA,NA,NA
"TER-PRIBS-T28",2023-08-29,NA,NA,NA
"TER-PRIBS-T28",2023-08-30,NA,NA,NA
"TER-PRIBS-T28",2023-08-31,NA,NA,NA
"TER-PRIBS-T28",2023-09-01,NA,NA,NA
"TER-PRIBS-T28",2023-09-02,NA,NA,NA
"TER-PRIBS-T28",2023-09-03,NA,NA,NA
"TER-PRIBS-T28",2023-09-04,NA,NA,NA
"TER-PRIBS-T28",2023-09-05,NA,NA,NA
"TER-PRIBS-T28",2023-09-06,NA,NA,NA
"TER-PRIBS-T28",2023-09-07,NA,NA,NA
"TER-PRIBS-T28",2023-09-08,NA,NA,NA
"TER-PRIBS-T28",2023-09-09,NA,NA,NA
"TER-PRIBS-T28",2023-09-10,NA,NA,NA
"TER-PRIBS-T28",2023-09-11,NA,NA,NA
"TER-PRIBS-T28",2023-09-12,NA,NA,NA
"TER-PRIBS-T28",2023-09-13,NA,NA,NA
"TER-PRIBS-T28",2023-09-14,NA,NA,NA
"TER-PRIBS-T28",2023-09-15,NA,NA,NA
"TER-PRIBS-T28",2023-09-16,NA,NA,NA
"TER-PRIBS-T28",2023-09-17,NA,NA,NA
"TER-PRIBS-T28",2023-09-18,NA,NA,NA
"TER-PRIBS-T28",2023-09-19,NA,NA,NA
"TER-PRIBS-T28",2023-09-20,NA,NA,NA
"TER-PRIBS-T28",2023-09-21,NA,NA,NA
"TER-PRIBS-T28",2023-09-22,NA,NA,NA
"TER-PRIBS-T28",2023-09-23,NA,NA,NA
"TER-PRIBS-T28",2023-09-24,NA,NA,NA
"TER-PRIBS-T28",2023-09-25,NA,NA,NA
"TER-PRIBS-T28",2023-09-26,NA,NA,NA
"TER-PRIBS-T28",2023-09-27,NA,NA,NA
"TER-PRIBS-T28",2023-09-28,NA,NA,NA
"TER-PRIBS-T28",2023-09-29,NA,NA,NA
"TER-PRIBS-T28",2023-09-30,NA,NA,NA
"TER-PRIBS-T28",2023-10-01,NA,NA,NA
"TER-PRIBS-T28",2023-10-02,NA,NA,NA
"TER-PRIBS-T28",2023-10-03,NA,NA,NA
"TER-PRIBS-T28",2023-10-04,NA,NA,NA
"TER-PRIBS-T28",2023-10-05,NA,NA,NA
"TER-PRIBS-T28",2023-10-06,NA,NA,NA
"TER-PRIBS-T28",2023-10-07,NA,NA,NA
"TER-PRIBS-T28",2023-10-08,NA,NA,NA
"TER-PRIBS-T28",2023-10-09,NA,NA,NA
"TER-PRIBS-T28",2023-10-10,NA,NA,NA
"TER-PRIBS-T28",2023-10-11,NA,NA,NA
"TER-PRIBS-T28",2023-10-12,NA,NA,NA
"TER-PRIBS-T28",2023-10-13,NA,NA,NA
"TER-PRIBS-T28",2023-10-14,NA,NA,NA
"TER-PRIBS-T28",2023-10-15,NA,NA,NA
"TER-PRIBS-T28",2023-10-16,NA,NA,NA
"TER-PRIBS-T28",2023-10-17,NA,NA,NA
"TER-PRIBS-T28",2023-10-18,NA,NA,NA
"TER-PRIBS-T28",2023-10-19,NA,NA,NA
"TER-PRIBS-T28",2023-10-20,NA,NA,NA
"TER-PRIBS-T28",2023-10-21,NA,NA,NA
"TER-PRIBS-T28",2023-10-22,NA,NA,NA
"TER-PRIBS-T28",2023-10-23,NA,NA,NA
"TER-PRIBS-T28",2023-10-24,NA,NA,NA
"TER-PRIBS-T28",2023-10-25,NA,NA,NA
"TER-PRIBS-T28",2023-10-26,NA,NA,NA
"TER-PRIBS-T28",2023-10-27,NA,NA,NA
"TER-PRIBS-T28",2023-10-28,NA,NA,NA
"TER-PRIBS-T28",2023-10-29,NA,NA,NA
"TER-PRIBS-T28",2023-10-30,NA,NA,NA
"TER-PRIBS-T28",2023-10-31,NA,NA,NA
"TER-PRIBS-T28",2023-11-01,NA,NA,NA
"TER-PRIBS-T28",2023-11-02,NA,NA,NA
"TER-PRIBS-T28",2023-11-03,NA,NA,NA
"TER-PRIBS-T28",2023-11-04,NA,NA,NA
"TER-PRIBS-T28",2023-11-05,NA,NA,NA
"TER-PRIBS-T28",2023-11-06,NA,NA,NA
"TER-PRIBS-T28",2023-11-07,NA,NA,NA
"TER-PRIBS-T28",2023-11-08,NA,NA,NA
"TER-PRIBS-T28",2023-11-09,NA,NA,NA
"TER-PRIBS-T28",2023-11-10,NA,NA,NA
"TER-PRIBS-T28",2023-11-11,NA,NA,NA
"TER-PRIBS-T28",2023-11-12,NA,NA,NA
"TER-PRIBS-T28",2023-11-13,NA,NA,NA
"TER-PRIBS-T28",2023-11-14,NA,NA,NA
"TER-PRIBS-T28",2023-11-15,NA,NA,NA
"TER-PRIBS-T28",2023-11-16,NA,NA,NA
"TER-PRIBS-T28",2023-11-17,NA,NA,NA
"TER-PRIBS-T28",2023-11-18,NA,NA,NA
"TER-PRIBS-T28",2023-11-19,NA,NA,NA
"TER-PRIBS-T28",2023-11-20,NA,NA,NA
"TER-PRIBS-T28",2023-11-21,NA,NA,NA
"TER-PRIBS-T28",2023-11-22,NA,NA,NA
"TER-PRIBS-T28",2023-11-23,NA,NA,NA
"TER-PRIBS-T28",2023-11-24,NA,NA,NA
"TER-PRIBS-T28",2023-11-25,NA,NA,NA
"TER-PRIBS-T28",2023-11-26,NA,NA,NA
"TER-PRIBS-T28",2023-11-27,NA,NA,NA
"TER-PRIBS-T28",2023-11-28,NA,NA,NA
"TER-PRIBS-T28",2023-11-29,NA,NA,NA
"TER-PRIBS-T28",2023-11-30,NA,NA,NA
"TER-PRIBS-T28",2023-12-01,NA,NA,NA
"TER-PRIBS-T28",2023-12-02,NA,NA,NA
"TER-PRIBS-T28",2023-12-03,NA,NA,NA
"TER-PRIBS-T28",2023-12-04,NA,NA,NA
"TER-PRIBS-T28",2023-12-05,NA,NA,NA
"TER-PRIBS-T28",2023-12-06,NA,NA,NA
"TER-PRIBS-T28",2023-12-07,NA,NA,NA
"TER-PRIBS-T28",2023-12-08,NA,NA,NA
"TER-PRIBS-T28",2023-12-09,NA,NA,NA
"TER-PRIBS-T28",2023-12-10,NA,NA,NA
"TER-PRIBS-T28",2023-12-11,NA,NA,NA
"TER-PRIBS-T28",2023-12-12,NA,NA,NA
"TER-PRIBS-T28",2023-12-13,NA,NA,NA
"TER-PRIBS-T28",2023-12-14,NA,NA,NA
"TER-PRIBS-T28",2023-12-15,NA,NA,NA
"TER-PRIBS-T28",2023-12-16,NA,NA,NA
"TER-PRIBS-T28",2023-12-17,NA,NA,NA
"TER-PRIBS-T28",2023-12-18,NA,NA,NA
"TER-PRIBS-T28",2023-12-19,NA,NA,NA
"TER-PRIBS-T28",2023-12-20,NA,NA,NA
"TER-PRIBS-T28",2023-12-21,NA,NA,NA
"TER-PRIBS-T28",2023-12-22,NA,NA,NA
"TER-PRIBS-T28",2023-12-23,NA,NA,NA
"TER-PRIBS-T28",2023-12-24,NA,NA,NA
"TER-PRIBS-T28",2023-12-25,NA,NA,NA
"TER-PRIBS-T28",2023-12-26,NA,NA,NA
"TER-PRIBS-T28",2023-12-27,NA,NA,NA
"TER-PRIBS-T28",2023-12-28,NA,NA,NA
"TER-PRIBS-T28",2023-12-29,NA,NA,NA
"TER-PRIBS-T28",2023-12-30,NA,NA,NA
"TER-PRIBS-T28",2023-12-31,NA,NA,NA
"TER-PRIBS-T28",2024-01-01,NA,NA,NA
"TER-PRIBS-T28",2024-01-02,NA,NA,NA
"TER-PRIBS-T28",2024-01-03,NA,NA,NA
"TER-PRIBS-T28",2024-01-04,NA,NA,NA
"TER-PRIBS-T28",2024-01-05,NA,NA,NA
"TER-PRIBS-T28",2024-01-06,NA,NA,NA
"TER-PRIBS-T28",2024-01-07,NA,NA,NA
"TER-PRIBS-T28",2024-01-08,NA,NA,NA
"TER-PRIBS-T28",2024-01-09,NA,NA,NA
"TER-PRIBS-T28",2024-01-10,NA,NA,NA
"TER-PRIBS-T28",2024-01-11,NA,NA,NA
"TER-PRIBS-T28",2024-01-12,NA,NA,NA
"TER-PRIBS-T28",2024-01-13,NA,NA,NA
"TER-PRIBS-T28",2024-01-14,NA,NA,NA
"TER-PRIBS-T28",2024-01-15,NA,NA,NA
"TER-PRIBS-T28",2024-01-16,NA,NA,NA
"TER-PRIBS-T28",2024-01-17,NA,NA,NA
"TER-PRIBS-T28",2024-01-18,NA,NA,NA
"TER-PRIBS-T28",2024-01-19,NA,NA,NA
"TER-PRIBS-T28",2024-01-20,NA,NA,NA
"TER-PRIBS-T28",2024-01-21,NA,NA,NA
"TER-PRIBS-T28",2024-01-22,NA,NA,NA
"TER-PRIBS-T28",2024-01-23,NA,NA,NA
"TER-PRIBS-T28",2024-01-24,NA,NA,NA
"TER-PRIBS-T28",2024-01-25,NA,NA,NA
"TER-PRIBS-T28",2024-01-26,NA,NA,NA
"TER-PRIBS-T28",2024-01-27,NA,NA,NA
"TER-PRIBS-T28",2024-01-28,NA,NA,NA
"TER-PRIBS-T28",2024-01-29,NA,NA,NA
"TER-PRIBS-T28",2024-01-30,NA,NA,NA
"TER-PRIBS-T28",2024-01-31,NA,NA,NA
"TER-PRIBS-T28",2024-02-01,NA,NA,NA
"TER-PRIBS-T28",2024-02-02,NA,NA,NA
"TER-PRIBS-T28",2024-02-03,NA,NA,NA
"TER-PRIBS-T28",2024-02-04,NA,NA,NA
"TER-PRIBS-T28",2024-02-05,NA,NA,NA
"TER-PRIBS-T28",2024-02-06,NA,NA,NA
"TER-PRIBS-T28",2024-02-07,NA,NA,NA
"TER-PRIBS-T28",2024-02-08,NA,NA,NA
"TER-PRIBS-T28",2024-02-09,NA,NA,NA
"TER-PRIBS-T28",2024-02-10,NA,NA,NA
"TER-PRIBS-T28",2024-02-11,NA,NA,NA
"TER-PRIBS-T28",2024-02-12,NA,NA,NA
"TER-PRIBS-T28",2024-02-13,NA,NA,NA
"TER-PRIBS-T28",2024-02-14,NA,NA,NA
"TER-PRIBS-T28",2024-02-15,NA,NA,NA
"TER-PRIBS-T28",2024-02-16,NA,NA,NA
"TER-PRIBS-T28",2024-02-17,NA,NA,NA
"TER-PRIBS-T28",2024-02-18,NA,NA,NA
"TER-PRIBS-T28",2024-02-19,NA,NA,NA
"TER-PRIBS-T28",2024-02-20,NA,NA,NA
"TER-PRIBS-T28",2024-02-21,NA,NA,NA
"TER-PRIBS-T28",2024-02-22,NA,NA,NA
"TER-PRIBS-T28",2024-02-23,NA,NA,NA
"TER-PRIBS-T28",2024-02-24,NA,NA,NA
"TER-PRIBS-T28",2024-02-25,NA,NA,NA
"TER-PRIBS-T28",2024-02-26,NA,NA,NA
"TER-PRIBS-T28",2024-02-27,NA,NA,NA
"TER-PRIBS-T28",2024-02-28,NA,NA,NA
"TER-PRIBS-T28",2024-02-29,NA,NA,NA
"TER-PRIBS-T28",2024-03-01,NA,NA,NA
"TER-PRIBS-T28",2024-03-02,NA,NA,NA
"TER-PRIBS-T28",2024-03-03,NA,NA,NA
"TER-PRIBS-T28",2024-03-04,NA,NA,NA
"TER-PRIBS-T28",2024-03-05,NA,NA,NA
"TER-PRIBS-T28",2024-03-06,NA,NA,NA
"TER-PRIBS-T28",2024-03-07,NA,NA,NA
"TER-PRIBS-T28",2024-03-08,NA,NA,NA
"TER-PRIBS-T28",2024-03-09,NA,NA,NA
"TER-PRIBS-T28",2024-03-10,NA,NA,NA
"TER-PRIBS-T28",2024-03-11,NA,NA,NA
"TER-PRIBS-T28",2024-03-12,NA,NA,NA
"TER-PRIBS-T28",2024-03-13,NA,NA,NA
"TER-PRIBS-T28",2024-03-14,NA,NA,NA
"TER-PRIBS-T28",2024-03-15,NA,NA,NA
"TER-PRIBS-T28",2024-03-16,NA,NA,NA
"TER-PRIBS-T28",2024-03-17,NA,NA,NA
"TER-PRIBS-T28",2024-03-18,NA,NA,NA
"TER-PRIBS-T28",2024-03-19,NA,NA,NA
"TER-PRIBS-T28",2024-03-20,NA,NA,NA
"TER-PRIBS-T28",2024-03-21,NA,NA,NA
"TER-PRIBS-T28",2024-03-22,NA,NA,NA
"TER-PRIBS-T28",2024-03-23,NA,NA,NA
"TER-PRIBS-T28",2024-03-24,NA,NA,NA
"TER-PRIBS-T28",2024-03-25,NA,NA,NA
"TER-PRIBS-T28",2024-03-26,NA,NA,NA
"TER-PRIBS-T28",2024-03-27,NA,NA,NA
"TER-PRIBS-T28",2024-03-28,NA,NA,NA
"TER-PRIBS-T28",2024-03-29,NA,NA,NA
"TER-PRIBS-T28",2024-03-30,NA,NA,NA
"TER-PRIBS-T28",2024-03-31,NA,NA,NA
"TER-PRIBS-T28",2024-04-01,NA,NA,NA
"TER-PRIBS-T28",2024-04-02,NA,NA,NA
"TER-PRIBS-T28",2024-04-03,NA,NA,NA
"TER-PRIBS-T28",2024-04-04,NA,NA,NA
"TER-PRIBS-T28",2024-04-05,NA,NA,NA
"TER-PRIBS-T28",2024-04-06,NA,NA,NA
"TER-PRIBS-T28",2024-04-07,NA,NA,NA
"TER-PRIBS-T28",2024-04-08,NA,NA,NA
"TER-PRIBS-T28",2024-04-09,NA,NA,NA
"TER-PRIBS-T28",2024-04-10,NA,NA,NA
"TER-PRIBS-T28",2024-04-11,NA,NA,NA
"TER-PRIBS-T28",2024-04-12,NA,NA,NA
"TER-PRIBS-T28",2024-04-13,NA,NA,NA
"TER-PRIBS-T28",2024-04-14,NA,NA,NA
"TER-PRIBS-T28",2024-04-15,NA,NA,NA
"TER-PRIBS-T28",2024-04-16,NA,NA,NA
"TER-PRIBS-T28",2024-04-17,NA,NA,NA
"TER-PRIBS-T28",2024-04-18,NA,NA,NA
"TER-PRIBS-T28",2024-04-19,NA,NA,NA
"TER-PRIBS-T28",2024-04-20,NA,NA,NA
"TER-PRIBS-T28",2024-04-21,0.983330262829891,1.19763504881284,1.282547284209
"TER-PRIBS-T28",2024-04-22,0.624093545570845,0.751508145500515,0.71443450831176
"TER-PRIBS-T28",2024-04-23,0.389513818102457,0.384834803632619,0.380693493813441
"TER-PRIBS-T28",2024-04-24,0.527761886361314,0.598533836656866,0.653862548158294
"TER-PRIBS-T28",2024-04-25,1.10150588622635,1.00722031037067,1.05980583400786
"TER-PRIBS-T28",2024-04-26,0.906648150919207,1.00879286450602,0.999773525079193
"TER-PRIBS-T28",2024-04-27,1.0179547554081,1.11132999051861,1.07254944820301
"TER-PRIBS-T28",2024-04-28,1.4212415474619,1.36134524260572,1.26548381078634
"TER-PRIBS-T28",2024-04-29,1.85807579290348,1.95777435747397,1.95000929020455
"TER-PRIBS-T28",2024-04-30,1.71734544059104,1.92240791038558,1.88961693840658
"TER-PRIBS-T28",2024-05-01,1.24163870214595,1.32680694400755,1.28519298725629
"TER-PRIBS-T28",2024-05-02,0.510310363079829,0.586301969977929,0.58008932345666
"TER-PRIBS-T28",2024-05-03,0.999093792292346,1.29222171337652,1.32680694400755
"TER-PRIBS-T28",2024-05-04,0.722001545624424,0.779027636204913,0.974307632279888
"TER-PRIBS-T28",2024-05-05,0.907896118682551,1.18566314838966,1.29309761784459
"TER-PRIBS-T28",2024-05-06,0.477292332867911,0.464305621487536,0.387765804114519
"TER-PRIBS-T28",2024-05-07,0.813996670576818,1.07823493715894,1.44212001751849
"TER-PRIBS-T28",2024-05-08,0.458415671128542,0.675663924692176,0.717281502356772
"TER-PRIBS-T28",2024-05-09,0.98333026282989,0.850990471514632,1.00991461828804
"TER-PRIBS-T28",2024-05-10,1.81129707708296,2.08861648958819,2.26494633138579
"TER-PRIBS-T28",2024-05-11,1.50120724365618,1.6239545131775,1.71932220382909
"TER-PRIBS-T28",2024-05-12,1.07592225353516,1.11783142801107,1.17318314667923
"TER-PRIBS-T28",2024-05-13,0.954584665735822,1.13711273069949,1.04235484514075
"TER-PRIBS-T28",2024-05-14,1.10581467116173,0.919790461329983,0.884395724266829
"TER-PRIBS-T28",2024-05-15,0.9006338347785,0.977092700273386,1.10990272455338
"TER-PRIBS-T28",2024-05-16,0.441813620616566,0.412112795872367,0.440273301155254
"TER-PRIBS-T28",2024-05-17,0.503610155185335,0.653862548158295,0.806450444131925
"TER-PRIBS-T28",2024-05-18,0.992499041725526,1.25956485469721,1.3349740810598
"TER-PRIBS-T28",2024-05-19,2.52514528208818,2.6508817236994,2.65361388801511
"TER-PRIBS-T28",2024-05-20,0.894579084894362,0.965904247062178,0.98884173203526
"TER-PRIBS-T28",2024-05-21,0.972213595544888,1.23064729050333,1.25108648434245
"TER-PRIBS-T28",2024-05-22,1.35116026361458,1.76109320462102,1.88048714009375
"TER-PRIBS-T28",2024-05-23,0.41702882811415,0.38069349381344,0.390094748802747
"TER-PRIBS-T28",2024-05-24,0.862881925521276,1.08263634211833,1.11783142801107
"TER-PRIBS-T28",2024-05-25,1.17472630176479,1.3006060460249,1.56211951889231
"TER-PRIBS-T28",2024-05-26,1.33717742961092,1.76879144853366,1.9222901121741
"TER-PRIBS-T28",2024-05-27,1.54403949788031,1.87807718506016,1.8157922373651
"TER-PRIBS-T28",2024-05-28,1.47932612939184,1.42553702060011,1.40069858347152
"TER-PRIBS-T28",2024-05-29,0.329002665070039,0.477292332867911,0.537961126767579
"TER-PRIBS-T28",2024-05-30,0.764947663266077,0.510310363079829,0.679673834820151
"TER-PRIBS-T28",2024-05-31,0.586301969977929,0.888483074635102,0.977092700273386
"TER-PRIBS-T28",2024-06-01,1.31807391317016,1.76302091695566,2.07196171835264
"TER-PRIBS-T28",2024-06-02,0.793999233380421,1.25108648434245,1.53875066959804
"TER-PRIBS-T28",2024-06-03,0.650738153889517,0.902643059439125,0.999773525079193
"TER-PRIBS-T28",2024-06-04,1.05980583400786,1.28095723944063,1.45960089839952
"TER-PRIBS-T28",2024-06-05,0.416485467846762,0.717281502356772,0.531183393096442
"TER-PRIBS-T28",2024-06-06,0.777572868107801,0.97034843584999,1.08660320344601
"TER-PRIBS-T28",2024-06-07,0.904898104600814,1.27617521853615,1.33903896967894
"TER-PRIBS-T28",2024-06-08,0.758705514657047,1.03909101859632,1.0475558163677
"TER-PRIBS-T28",2024-06-09,1.17472630176479,1.65489502272255,1.78142082196418
"TER-PRIBS-T28",2024-06-10,0.755415232778002,0.940243570046875,0.884395724266829
"TER-PRIBS-T28",2024-06-11,1.14840784554536,1.51561916366723,1.51741102931409
"TER-PRIBS-T28",2024-06-12,1.70463987441608,1.97263892991751,2.54915444918449
"TER-PRIBS-T28",2024-06-13,0.551266657377563,0.434057366141216,0.531183393096442
"TER-PRIBS-T28",2024-06-14,0.746974574194298,0.7058246282166,1.00722031037067
"TER-PRIBS-T28",2024-06-15,1.48177332069148,1.36715482621413,2.51436092667008
"TER-PRIBS-T28",2024-06-16,0.746974574194299,0.751809411556112,0.837309355329163
"TER-PRIBS-T28",2024-06-17,0.598533836656866,0.466252404120157,0.701964118163034
"TER-PRIBS-T28",2024-06-18,0.80729239714787,0.607918758874329,1.13232318580052
"TER-PRIBS-T28",2024-06-19,0.855502225579229,0.746974574194299,1.28466428254256
"TER-PRIBS-T28",2024-06-20,1.47794780359285,1.1466318034808,2.00169764906213
"TER-PRIBS-T28",2024-06-21,1.7568447920031,1.72103356206064,2.17601800264292
"TER-PRIBS-T28",2024-06-22,1.2767074387102,1.64170620860199,1.70463987441608
"TER-PRIBS-T28",2024-06-23,1.30772509631659,1.23064729050333,1.16329741234356
"TER-PRIBS-T28",2024-06-24,0.974307632279888,1.14128709441755,1.25379857615377
"TER-PRIBS-T28",2024-06-25,1.2767074387102,1.4364559850902,1.47057491468818
"TER-PRIBS-T28",2024-06-26,2.04556342119841,2.44717746316688,2.51625152541045
"TER-PRIBS-T28",2024-06-27,0.71443450831176,0.775531608229039,0.80729239714787
"TER-PRIBS-T28",2024-06-28,1.12268279877562,1.20385853085769,1.29589653371207
"TER-PRIBS-T28",2024-06-29,0.389513818102457,0.416485467846762,0.441813620616566
"TER-PRIBS-T28",2024-06-30,0.466252404120157,0.453948059341275,0.416485467846762
"TER-PRIBS-T28",2024-07-01,1.23578878172748,1.33242722834704,1.41405342948888
"TER-PRIBS-T28",2024-07-02,1.57194608455685,1.63465637039574,1.66035944248854
"TER-PRIBS-T28",2024-07-03,0.707106781186548,0.764947663266077,0.818435676471731
"TER-PRIBS-T28",2024-07-04,1.14445734245347,1.10581467116173,1.19156911529367
"TER-PRIBS-T28",2024-07-05,1.72523890385138,2.02296596717489,2.09802788696737
"TER-PRIBS-T28",2024-07-06,0.780189497605494,0.859463516521722,0.876163822283402
"TER-PRIBS-T28",2024-07-07,1.08326365439238,1.1080649669647,1.09159337070015
"TER-PRIBS-T28",2024-07-08,0.41702882811415,0.425095897109265,0.466252404120157
"TER-PRIBS-T28",2024-07-09,0.294883912309794,0.425095897109265,0.425095897109265
"TER-PRIBS-T28",2024-07-10,0.58008932345666,0.737209780774486,0.779899194526567
"TER-PRIBS-T28",2024-07-11,0.980793822237442,1.05980583400786,1.2150922908826
"TER-PRIBS-T28",2024-07-12,1.28095723944063,1.3349740810598,1.40247581290983
"TER-PRIBS-T28",2024-07-13,1.11295891039691,1.23340432619805,1.27048433078988
"TER-PRIBS-T28",2024-07-14,1.7523276445668,1.83255088704876,1.94861526455978
"TER-PRIBS-T28",2024-07-15,1.44823105491002,1.38688865628339,1.18871505343411
"TER-PRIBS-T28",2024-07-16,1.02062072615966,1.206113653404,1.20911394075957
"TER-PRIBS-T28",2024-07-17,0.557800416231313,0.625181133172909,0.606426931450447
"TER-PRIBS-T28",2024-07-18,0.842700971600385,1.11620961877395,1.13711273069949
"TER-PRIBS-T28",2024-07-19,1.83958092265997,2.22265998103721,2.25863881029312
"TER-PRIBS-T28",2024-07-20,1.30425724323146,1.56023386392711,1.50120724365618
"TER-PRIBS-T28",2024-07-21,0.94384927254057,1.05552377272263,1.07001286732071
"TER-PRIBS-T28",2024-07-22,0.97034843584999,1.17645993175054,1.09594112821891
"TER-PRIBS-T28",2024-07-23,1.30199818562175,1.32081990346576,1.40505686098773
"TER-PRIBS-T28",2024-07-24,1.2450990880771,1.55805527240983,1.50707870792605
"TER-PRIBS-T28",2024-07-25,1.93368312677714,2.38342327792172,2.43827793234535
"TER-PRIBS-T28",2024-07-26,1.25812576270523,1.36930639376292,1.43692884053234
"TER-PRIBS-T28",2024-07-27,0.825049405635281,0.78683690739605,0.744241175652243
"TER-PRIBS-T28",2024-07-28,2.0763288044883,2.18349789179616,2.16181871231783
"TER-PRIBS-T28",2024-07-29,0.729490093902206,0.863668867705371,0.840279025431261
"TER-PRIBS-T28",2024-07-30,0.97034843584999,1.16718415024353,1.02062072615966
"TER-PRIBS-T28",2024-07-31,0.440273301155254,0.551266657377563,0.545070132437435
"TER-PRIBS-T28",2024-08-01,1.5667514623984,1.93180849412436,1.91248756745035
"TER-PRIBS-T28",2024-08-02,1.03121568893295,1.15783405984836,1.22455996237394
"TER-PRIBS-T28",2024-08-03,1.41020478521096,1.73152776639507,1.8528278426483
"TER-PRIBS-T28",2024-08-04,1.64831380683324,1.99591975093537,2.01342864972569
"TER-PRIBS-T28",2024-08-05,1.24818709114169,1.36980242942264,1.36184417802383
"TER-PRIBS-T28",2024-08-06,0.510310363079829,0.601929265428846,0.710939366337732
"TER-PRIBS-T28",2024-08-07,0.972213595544888,1.02128613146309,1.08012344973464
"TER-PRIBS-T28",2024-08-08,1.71932220382909,1.84731983687453,1.76302091695566
"TER-PRIBS-T28",2024-08-09,1.46316487426242,1.67340124869394,1.70198094302926
"TER-PRIBS-T28",2024-08-10,1.49500981529423,1.76917548142008,1.78713194244581
"TER-PRIBS-T28",2024-08-11,1.11132999051861,1.09263012026493,1.18795281221855
"TER-PRIBS-T28",2024-08-12,1.80378024947769,2.16318002627774,2.08644694865822
"TER-PRIBS-T28",2024-08-13,1.10990272455338,1.2465532188945,1.20517453183093
"TER-PRIBS-T28",2024-08-14,1.42934438198736,1.81179709008823,1.75025878003838
"TER-PRIBS-T28",2024-08-15,1.17260393995586,1.35116026361458,1.39031327926218
"TER-PRIBS-T28",2024-08-16,1.19706767331373,1.25325662731663,1.2767074387102
"TER-PRIBS-T28",2024-08-17,1.0451752505431,1.11783142801107,1.03712779249763
"TER-PRIBS-T28",2024-08-18,1.15607249910566,1.41789162726446,1.4407060970132
"TER-PRIBS-T28",2024-08-19,1.70344386889993,1.87614699217089,1.89093470484071
"TER-PRIBS-T28",2024-08-20,0.42349477692996,0.529902917003931,0.503610155185335
"TER-PRIBS-T28",2024-08-21,1.0664090495066,1.36930639376292,1.4212415474619
"TER-PRIBS-T28",2024-08-22,1.96608472107251,2.32035729382664,2.26494633138579
"TER-PRIBS-T28",2024-08-23,0.551266657377563,0.61642670615246,0.625543242171224
"TER-PRIBS-T28",2024-08-24,1.30980140103182,1.39470400994703,1.43944811284229
"TER-PRIBS-T28",2024-08-25,2.02598607231575,2.5608535714665,2.6566842142966
"TER-PRIBS-T28",2024-08-26,1.0179547554081,1.21565125386128,1.25902538796334
"TER-PRIBS-T28",2024-08-27,0.722315118514615,0.824225591744734,0.859463516521722
"TER-PRIBS-T28",2024-08-28,1.10335456873474,1.28519298725629,1.35333725993576
"TER-PRIBS-T28",2024-08-29,1.2465532188945,1.35918107270731,1.39031327926218
"TER-PRIBS-T28",2024-08-30,1.49864068843852,1.72563262921587,1.76879144853366
"TER-PRIBS-T28",2024-08-31,1.24218571973713,1.43187699860373,1.41357292199487
"TER-PRIBS-T28",2024-09-01,0.508977377704052,0.674321989058296,0.902643059439125
"TER-PRIBS-T28",2024-09-02,0.992499041725526,1.14505078679848,1.22011373905546
"TER-PRIBS-T28",2024-09-03,0.991814323436556,1.12751329565733,1.05552377272263
"TER-PRIBS-T28",2024-09-04,0.943849272540569,0.88771812996067,0.845919446605247
"TER-PRIBS-T28",2024-09-05,0.717281502356773,0.659380473395787,0.642332141271278
"TER-PRIBS-T28",2024-09-06,0.726067430094119,0.675328690771916,0.688610762774367
"TER-PRIBS-T28",2024-09-07,0.717281502356773,0.570643547208776,0.510310363079829
"TER-PRIBS-T28",2024-09-08,0.268348410774533,0.387765804114519,0.465766471310571
"TER-PRIBS-T28",2024-09-09,0.977092700273386,0.978019293843651,0.920774721067277
"TER-PRIBS-T28",2024-09-10,0.642684586917151,0.800531978921119,0.932504808240314
"TER-PRIBS-T28",2024-09-11,0.510310363079829,0.906648150919207,1.14208048144032
"TER-PRIBS-T28",2024-09-12,1.42171946314456,1.81965417163477,1.86197164473498
"TER-PRIBS-T28",2024-09-13,1.49984902621873,1.90715187147473,2.01881996670605
"TER-PRIBS-T28",2024-09-14,0.960968337109781,1.02062072615966,1.09014026487487
"TER-PRIBS-T28",2024-09-15,1.34713195075821,1.67624061778005,1.73087374266394
"TER-PRIBS-T28",2024-09-16,0.488546350136693,0.576957914221314,0.583592075121765
"TER-PRIBS-T28",2024-09-17,0.637022057270606,0.750603621828092,0.721060008759246
"TER-PRIBS-T28",2024-09-18,0.701964118163034,0.865763883197535,0.904898104600814
"TER-PRIBS-T28",2024-09-19,0.84457990586522,0.79285760916182,0.719488042623545
"TER-PRIBS-T28",2024-09-20,0.641273642104501,0.695482316219408,0.707106781186548
"TER-PRIBS-T28",2024-09-21,1.30616570180805,1.63728632857516,1.93262886965555
"TER-PRIBS-T28",2024-09-22,0.868114732282431,1.0179547554081,1.0215078369105
"TER-PRIBS-T28",2024-09-23,1.52500296982367,1.91568185159273,2.20167508692945
"TER-PRIBS-T28",2024-09-24,0.653862548158295,0.791428263111808,0.829702233998107
"TER-PRIBS-T28",2024-09-25,0.940243570046875,1.04235484514075,1.0475558163677
"TER-PRIBS-T28",2024-09-26,0.688610762774367,0.999093792292346,1.13172306747246
"TER-PRIBS-T28",2024-09-27,1.77224474869454,2.00135823445197,2.15646987431788
"TER-PRIBS-T28",2024-09-28,0.625181133172909,0.744241175652242,0.855502225579229
"TER-PRIBS-T28",2024-09-29,0.557800416231313,0.487153816139944,0.567460015829501
"TER-PRIBS-T28",2024-09-30,0.408248290463863,0.487153816139944,0.737209780774486
"TER-PRIBS-T28",2024-10-01,0.345126525843175,0.472044581534967,0.503610155185335
"TER-PRIBS-T28",2024-10-02,0.232152810743768,0.19034674690672,0.19034674690672
"TER-PRIBS-T28",2024-10-03,0.442325868464691,0.481543412343077,0.520851448960313
"TER-PRIBS-T28",2024-10-04,0.896854406292881,0.855502225579229,0.907896118682551
"TER-PRIBS-T28",2024-10-05,1.09159337070015,1.10006587418037,1.16718415024353
"TER-PRIBS-T28",2024-10-06,0.816496580927726,0.991814323436556,1.08263634211833
"TER-PRIBS-T28",2024-10-07,2.00531449700142,2.19807227795867,2.28535032040091
"TER-PRIBS-T28",2024-10-08,1.10990272455338,1.24072647022341,1.23358790948792
"TER-PRIBS-T28",2024-10-09,1.91378958605959,2.30900882179571,2.49637418228338
"TER-PRIBS-T28",2024-10-10,1.04235484514075,1.04257207028537,1.14978731492621
"TER-PRIBS-T28",2024-10-11,0.642332141271278,0.61642670615246,0.846722153836252
"TER-PRIBS-T28",2024-10-12,1.79320375589193,2.03368374267421,2.12121359166145
"TER-PRIBS-T28",2024-10-13,1.00879286450602,1.13232318580052,1.15077163777999
"TER-PRIBS-T28",2024-10-14,0.345126525843175,0.42933636014776,0.38069349381344
"TER-PRIBS-T28",2024-10-15,0.994322651975648,0.883627241233132,0.888483074635102
"TER-PRIBS-T28",2024-10-16,0.58008932345666,0.827242231843205,0.914605720071991
"TER-PRIBS-T28",2024-10-17,1.29309761784459,1.55979838905313,1.68055805086252
"TER-PRIBS-T28",2024-10-18,1.22696160600432,1.33514369850296,1.34258565160069
"TER-PRIBS-T28",2024-10-19,0.667232549687378,0.755415232778002,0.858672720295521
"TER-PRIBS-T28",2024-10-20,0.932261936818499,0.90864407661692,0.884651736929383
"TER-PRIBS-T28",2024-10-21,0.923721207705668,1.15783405984836,1.32680694400755
"TER-PRIBS-T28",2024-10-22,1.46641137435598,1.47932612939184,1.49137010249257
"TER-PRIBS-T28",2024-10-23,1.55325161506761,1.75890590993379,1.85722248595015
"TER-PRIBS-T28",2024-10-24,0.758705514657047,0.642332141271278,0.691236552140071
"TER-PRIBS-T28",2024-10-25,0.765835245459757,0.772899209732936,0.816496580927726
"TER-PRIBS-T28",2024-10-26,0.672640804719661,0.793713981266534,0.779899194526567
"TER-PRIBS-T28",2024-10-27,0.695482316219408,0.656282349099174,0.722001545624424
"TER-PRIBS-T28",2024-10-28,0.619724108789139,0.607546145441299,0.604556970379784
"TER-PRIBS-T28",2024-10-29,0.793713981266534,0.868114732282431,0.911878138311493
"TER-PRIBS-T28",2024-10-30,0.61642670615246,0.78683690739605,0.829702233998107
"TER-PRIBS-T28",2024-10-31,0.895843865795853,0.931532942621143,0.975933221165215
"TER-PRIBS-T28",2024-11-01,1.09325169808344,1.11295891039691,1.14029458436425
"TER-PRIBS-T28",2024-11-02,0.517361617708795,0.61642670615246,0.765835245459757
"TER-PRIBS-T28",2024-11-03,0.398707149803396,0.416485467846762,0.437694056341324
"TER-PRIBS-T28",2024-11-04,1.09014026487487,1.32697760539407,1.50301629100103
"TER-PRIBS-T28",2024-11-05,1.35784756140003,1.42171946314456,1.51023081065421
"TER-PRIBS-T28",2024-11-06,1.16950999276979,1.14840784554536,1.18795281221855
"TER-PRIBS-T28",2024-11-07,1.5667514623984,1.864523873637,1.94302916057392
"TER-PRIBS-T28",2024-11-08,0.83378610888064,0.928611242975073,0.902643059439125
"TER-PRIBS-T28",2024-11-09,0.561038762255892,0.625543242171224,0.701964118163034
"TER-PRIBS-T28",2024-11-10,0.625181133172909,0.735980072193987,0.758705514657047
"TER-PRIBS-T28",2024-11-11,0.656282349099174,0.537961126767579,0.588229965875272
"TER-PRIBS-T28",2024-11-12,0.360530004379623,0.414851116999053,0.41702882811415
"TER-PRIBS-T28",2024-11-13,1.11295891039691,1.09821165563825,1.06321906614239
"TER-PRIBS-T28",2024-11-14,0.477292332867911,0.412112795872367,0.387765804114519
"TER-PRIBS-T28",2024-11-15,0.487153816139944,0.570643547208776,0.770551750371122
"TER-PRIBS-T28",2024-11-16,0.390094748802747,0.481543412343077,0.472044581534967
"TER-PRIBS-T28",2024-11-17,0.350982059081517,0.329002665070039,0.318511028635303
"TER-PRIBS-T28",2024-11-18,0.294114982937636,0.207425558499527,0.306186217847897
"TER-PRIBS-T28",2024-11-19,0.48482403800357,0.477292332867911,0.625543242171224
"TER-PRIBS-T28",2024-11-20,0.61642670615246,0.878229031565262,0.978019293843651
"TER-PRIBS-T28",2024-11-21,1.19612144941019,1.34864397811659,1.45944574549997
"TER-PRIBS-T28",2024-11-22,0.510753918455249,0.481543412343077,0.510310363079829
"TER-PRIBS-T28",2024-11-23,1.12530189186106,1.25974462560438,1.2767074387102
"TER-PRIBS-T28",2024-11-24,0.686304956089946,0.551266657377563,0.735980072193987
"TER-PRIBS-T28",2024-11-25,1.75993556370846,1.75697368271102,1.70663135436747
"TER-PRIBS-T28",2024-11-26,1.15136182756378,1.21807046272944,1.32270446489353
"TER-PRIBS-T28",2024-11-27,1.61458479429574,1.71734544059104,1.75890590993379
"TER-PRIBS-T28",2024-11-28,0.508977377704051,0.537961126767579,0.510310363079829
"TER-PRIBS-T28",2024-11-29,0.977092700273386,1.12931940514656,1.17953564923918
"TER-PRIBS-T28",2024-11-30,0.508977377704051,0.601929265428846,0.695482316219408
"TER-PRIBS-T28",2024-12-01,1.40392823632607,1.40392823632607,1.38247310428014
"TER-PRIBS-T28",2024-12-02,0.370443330172869,0.448427203146441,0.442325868464691
"TER-PRIBS-T28",2024-12-03,0.583592075121765,0.779027636204913,0.869938778455628
"TER-PRIBS-T28",2024-12-04,0.846722153836252,1.00879286450602,1.13172306747246
"TER-PRIBS-T28",2024-12-05,0.670280062599836,0.71443450831176,0.80729239714787
"TER-PRIBS-T28",2024-12-06,0.466252404120157,0.629872312802192,0.71443450831176
"TER-PRIBS-T28",2024-12-07,0.624093545570845,0.842700971600384,0.878229031565262
"TER-PRIBS-T28",2024-12-08,0.520851448960313,0.746974574194298,0.834057656228299
"TER-PRIBS-T28",2024-12-09,0.466252404120157,0.557800416231313,0.72700248190474
"TER-PRIBS-T28",2024-12-10,0.750603621828092,0.85311662216516,0.880546602310508
"TER-PRIBS-T28",2024-12-11,0.729490093902206,0.78683690739605,0.920528754795741
"TER-PRIBS-T28",2024-12-12,0.699054744803212,0.807572853087248,0.829702233998107
"TER-PRIBS-T28",2024-12-13,0.807572853087248,0.721060008759246,0.74180303257026
"TER-PRIBS-T28",2024-12-14,0.758705514657047,0.816496580927726,0.865763883197535
"TER-PRIBS-T28",2024-12-15,1.29362287585198,1.21862805967452,1.24236800541127
"TER-PRIBS-T28",2024-12-16,0.911878138311493,1.03187426208508,1.06577181667437
"TER-PRIBS-T28",2024-12-17,0.872278375988647,0.963086824686153,1.15077163777999
"TER-PRIBS-T28",2024-12-18,0.751508145500515,0.914605720071991,0.965904247062178
"TER-PRIBS-T28",2024-12-19,0.487153816139944,0.499546896146173,0.589767824619589
"TER-PRIBS-T28",2024-12-20,0.964731321010742,0.92641392132415,0.963086824686153
"TER-PRIBS-T28",2024-12-21,0.954584665735822,0.949589919119171,1.08159001313887
"TER-PRIBS-T28",2024-12-22,0.487153816139944,0.556581178890961,0.78683690739605
"TER-PRIBS-T28",2024-12-23,0.601929265428846,0.722001545624425,0.98884173203526
"TER-PRIBS-T28",2024-12-24,0.434057366141216,0.487153816139944,0.529902917003931
"TER-PRIBS-T28",2024-12-25,0.79285760916182,0.966841563388569,1.17009073102926
"TER-PRIBS-T28",2024-12-26,0.805045232323598,0.919790461329983,0.996370223957142
"TER-PRIBS-T28",2024-12-27,0.83378610888064,0.783664746420693,0.831610538026378
"TER-PRIBS-T28",2024-12-28,0.449939609474331,0.541318171059166,0.62227667549858
"TER-PRIBS-T28",2024-12-29,0.624093545570845,0.69025305168635,0.770551750371122
"TER-PRIBS-T28",2024-12-30,0.487153816139944,0.510310363079829,0.763466066556077
"TER-PRIBS-T28",2024-12-31,0.398707149803396,0.265804766535597,0.318511028635303
"TER-PRIBS-T28",2025-01-01,0.653862548158294,0.695482316219408,0.642684586917151
"TER-PRIBS-T28",2025-01-02,0.350982059081517,0.326931274079147,0.275016468545094
"TER-PRIBS-T28",2025-01-03,0.589383736122568,0.683328914796602,0.683328914796602
"TER-PRIBS-T28",2025-01-04,0.619724108789139,0.664511916338994,0.625181133172909
"TER-PRIBS-T28",2025-01-05,0.510310363079829,0.667232549687378,0.770551750371122
"TER-PRIBS-T28",2025-01-06,0.589383736122568,0.589383736122568,0.598533836656866
"TER-PRIBS-T28",2025-01-07,1.92699642381383,1.89667424414574,1.88625846969411
"TER-PRIBS-T28",2025-01-08,1.17934365189938,1.05294617724455,0.924456361986541
"TER-PRIBS-T28",2025-01-09,0.42933636014776,0.441813620616566,0.408248290463863
"TER-PRIBS-T28",2025-01-10,0.770551750371122,0.72700248190474,0.772899209732936
"TER-PRIBS-T28",2025-01-11,0.360530004379623,0.329690236697893,0.326931274079147
"TER-PRIBS-T28",2025-01-12,0.895843865795853,0.791428263111808,0.827242231843205
"TER-PRIBS-T28",2025-01-13,0.499546896146173,0.387765804114519,0.360530004379623
"TER-PRIBS-T28",2025-01-14,0.312046772785422,0.350982059081517,0.350982059081517
"TER-PRIBS-T28",2025-01-15,0.51604684654214,0.440273301155254,0.49453535504684
"TER-PRIBS-T28",2025-01-16,0.19034674690672,0.102062072615966,0.102062072615966
"TER-PRIBS-T28",2025-01-17,1.11234834497998,1.2465532188945,1.31446109528373
"TER-PRIBS-T28",2025-01-18,0.749093655258023,0.775531608229039,0.766130877682874
"TER-PRIBS-T28",2025-01-19,1.12207752451178,1.16388125047936,1.21565125386128
"TER-PRIBS-T28",2025-01-20,0.414851116999054,0.408248290463863,0.481543412343077
"TER-PRIBS-T28",2025-01-21,0.920774721067277,0.876163822283402,0.793713981266534
"TER-PRIBS-T28",2025-01-22,0.74180303257026,0.878229031565262,1.06300606021695
"TER-PRIBS-T28",2025-01-23,2.32620546901128,2.33087344454665,2.28644002130266
"TER-PRIBS-T28",2025-01-24,1.61163680412362,1.6239545131775,1.7523276445668
"TER-PRIBS-T28",2025-01-25,2.45383092976759,2.47121105087587,2.47807414119823
"TER-PRIBS-T28",2025-01-26,1.95418540054677,2.0107275703881,2.22378040178483
"TER-PRIBS-T28",2025-01-27,1.14188218636435,1.10006587418037,1.0179547554081
"TER-PRIBS-T28",2025-01-28,1.62172188862886,1.69918458705038,1.750646878372
"TER-PRIBS-T28",2025-01-29,0.954584665735822,0.963086824686154,1.01081112500545
"TER-PRIBS-T28",2025-01-30,0.940243570046875,0.975933221165215,1.18566314838966
"TER-PRIBS-T28",2025-01-31,0.878229031565262,0.772899209732936,0.84698955385992
"TER-PRIBS-T28",2025-02-01,1.9222901121741,1.94104689368347,1.9752774525349
"TER-PRIBS-T28",2025-02-02,1.58671454379112,1.64170620860199,1.59355017928933
"TER-PRIBS-T28",2025-02-03,1.54271899063244,1.62799334115364,1.65009881127056
"TER-PRIBS-T28",2025-02-04,1.28466428254256,1.41357292199487,1.4889386843645
"TER-PRIBS-T28",2025-02-05,0.481543412343077,0.425095897109265,0.387765804114519
"TER-PRIBS-T28",2025-02-06,0.412112795872367,0.434057366141216,0.531183393096442
"TER-PRIBS-T28",2025-02-07,1.55674665406017,1.62506967520638,1.54271899063244
"TER-PRIBS-T28",2025-02-08,0.440273301155254,0.408248290463863,0.41702882811415
"TER-PRIBS-T28",2025-02-09,0.48482403800357,0.42933636014776,0.49453535504684
"TER-PRIBS-T28",2025-02-10,1.10581467116173,1.20517453183093,1.26243811729526
"TER-PRIBS-T28",2025-02-11,0.978019293843651,1.09345881217037,1.13711273069949
"TER-PRIBS-T28",2025-02-12,NA,NA,NA
"TER-PRIBS-T28",2025-02-13,NA,NA,NA
"TER-PRIBS-T28",2025-02-14,NA,NA,NA
"TER-PRIBS-T28",2025-02-15,NA,NA,NA
"TER-PRIBS-T28",2025-02-16,NA,NA,NA
"TER-PRIBS-T28",2025-02-17,NA,NA,NA
"TER-PRIBS-T28",2025-02-18,NA,NA,NA
"TER-PRIBS-T28",2025-02-19,NA,NA,NA
"TER-PRIBS-T28",2025-02-20,NA,NA,NA
"TER-PRIBS-T28",2025-02-21,NA,NA,NA
"TER-PRIBS-T28",2025-02-22,NA,NA,NA
"TER-PRIBS-T28",2025-02-23,NA,NA,NA
"TER-PRIBS-T28",2025-02-24,NA,NA,NA
"TER-PRIBS-T28",2025-02-25,NA,NA,NA
"TER-PRIBS-T28",2025-02-26,NA,NA,NA
"TER-PRIBS-T28",2025-02-27,NA,NA,NA
"TER-PRIBS-T28",2025-02-28,NA,NA,NA
"TER-PRIBS-T28",2025-03-01,NA,NA,NA
"TER-PRIBS-T28",2025-03-02,NA,NA,NA
"TER-PRIBS-T28",2025-03-03,NA,NA,NA
"TER-PRIBS-T28",2025-03-04,NA,NA,NA
"TER-PRIBS-T28",2025-03-05,NA,NA,NA
"TER-PRIBS-T28",2025-03-06,NA,NA,NA
"TER-PRIBS-T28",2025-03-07,NA,NA,NA
"TER-PRIBS-T28",2025-03-08,NA,NA,NA
"TER-PRIBS-T28",2025-03-09,NA,NA,NA
"TER-PRIBS-T28",2025-03-10,NA,NA,NA
"TER-PRIBS-T28",2025-03-11,NA,NA,NA
"TER-PRIBS-T28",2025-03-12,NA,NA,NA
"TER-PRIBS-T28",2025-03-13,NA,NA,NA
"TER-PRIBS-T28",2025-03-14,NA,NA,NA
"TER-PRIBS-T28",2025-03-15,NA,NA,NA
"TER-PRIBS-T28",2025-03-16,NA,NA,NA
"TER-PRIBS-T28",2025-03-17,NA,NA,NA
"TER-PRIBS-T28",2025-03-18,NA,NA,NA
"TER-PRIBS-T28",2025-03-19,NA,NA,NA
"TER-PRIBS-T28",2025-03-20,NA,NA,NA
"TER-PRIBS-T28",2025-03-21,NA,NA,NA
"TER-PRIBS-T28",2025-03-22,NA,NA,NA
"TER-PRIBS-T28",2025-03-23,NA,NA,NA
"TER-PRIBS-T28",2025-03-24,NA,NA,NA
"TER-PRIBS-T28",2025-03-25,NA,NA,NA
"TER-PRIBS-T28",2025-03-26,NA,NA,NA
"TER-PRIBS-T28",2025-03-27,NA,NA,NA
"TER-PRIBS-T28",2025-03-28,NA,NA,NA
"TER-PRIBS-T28",2025-03-29,NA,NA,NA
"TER-PRIBS-T28",2025-03-30,NA,NA,NA
"TER-PRIBS-T28",2025-03-31,NA,NA,NA
"TER-PRIBS-T28",2025-04-01,NA,NA,NA
"TER-PRIBS-T28",2025-04-02,NA,NA,NA
"TER-PRIBS-T28",2025-04-03,NA,NA,NA
"TER-PRIBS-T28",2025-04-04,NA,NA,NA
"TER-PRIBS-T28",2025-04-05,NA,NA,NA
"TER-PRIBS-T28",2025-04-06,NA,NA,NA
"TER-PRIBS-T28",2025-04-07,NA,NA,NA
"TER-PRIBS-T28",2025-04-08,NA,NA,NA
"TER-PRIBS-T28",2025-04-09,NA,NA,NA
"TER-PRIBS-T28",2025-04-10,NA,NA,NA
"TER-PRIBS-T28",2025-04-11,NA,NA,NA
"TER-PRIBS-T28",2025-04-12,NA,NA,NA
"TER-PRIBS-T28",2025-04-13,NA,NA,NA
"TER-PRIBS-T28",2025-04-14,NA,NA,NA
"TER-PRIBS-T28",2025-04-15,NA,NA,NA
"TER-PRIBS-T28",2025-04-16,NA,NA,NA
"TER-PRIBS-T28",2025-04-17,NA,NA,NA
"TER-PRIBS-T28",2025-04-18,NA,NA,NA
"TER-PRIBS-T28",2025-04-19,NA,NA,NA
"TER-PRIBS-T28",2025-04-20,NA,NA,NA
"TER-PRIBS-T28",2025-04-21,NA,NA,NA
"TER-PRIBS-T28",2025-04-22,NA,NA,NA
"TER-PRIBS-T28",2025-04-23,NA,NA,NA
"TER-PRIBS-T28",2025-04-24,NA,NA,NA
"TER-PRIBS-T28",2025-04-25,NA,NA,NA
"TER-PRIBS-T28",2025-04-26,NA,NA,NA
"TER-PRIBS-T28",2025-04-27,NA,NA,NA
"TER-PRIBS-T28",2025-04-28,NA,NA,NA
"TER-PRIBS-T28",2025-04-29,NA,NA,NA
"TER-PRIBS-T28",2025-04-30,NA,NA,NA
"TER-PRIBS-T28",2025-05-01,NA,NA,NA
"TER-PRIBS-T28",2025-05-02,NA,NA,NA
"TER-PRIBS-T28",2025-05-03,NA,NA,NA
"TER-PRIBS-T28",2025-05-04,NA,NA,NA
"TER-PRIBS-T28",2025-05-05,NA,NA,NA
"TER-PRIBS-T28",2025-05-06,NA,NA,NA
"TER-PRIBS-T28",2025-05-07,NA,NA,NA
"TER-PRIBS-T28",2025-05-08,NA,NA,NA
"TER-PRIBS-T28",2025-05-09,NA,NA,NA
"TER-PRIBS-T28",2025-05-10,NA,NA,NA
"TER-PRIBS-T28",2025-05-11,NA,NA,NA
"TER-PRIBS-T28",2025-05-12,NA,NA,NA
"TER-PRIBS-T28",2025-05-13,NA,NA,NA
"TER-PRIBS-T28",2025-05-14,NA,NA,NA
"TER-PRIBS-T28",2025-05-15,NA,NA,NA
"TER-PRIBS-T28",2025-05-16,NA,NA,NA
"TER-PRIBS-T28",2025-05-17,NA,NA,NA
"TER-PRIBS-T28",2025-05-18,NA,NA,NA
"TER-PRIBS-T28",2025-05-19,NA,NA,NA
"TER-PRIBS-T28",2025-05-20,NA,NA,NA
"TER-PRIBS-T28",2025-05-21,NA,NA,NA
"TER-PRIBS-T28",2025-05-22,NA,NA,NA
"TER-PRIBS-T28",2025-05-23,NA,NA,NA
"TER-PRIBS-T28",2025-05-24,NA,NA,NA
"TER-PRIBS-T28",2025-05-25,NA,NA,NA
"TER-PRIBS-T28",2025-05-26,NA,NA,NA
"TER-PRIBS-T28",2025-05-27,NA,NA,NA
"TER-PRIBS-T28",2025-05-28,NA,NA,NA
"TER-PRIBS-T28",2025-05-29,NA,NA,NA
"TER-PRIBS-T28",2025-05-30,NA,NA,NA
"TER-PRIBS-T28",2025-05-31,NA,NA,NA
"TER-PRIBS-T28",2025-06-01,NA,NA,NA
"TER-PRIBS-T28",2025-06-02,NA,NA,NA
"TER-PRIBS-T28",2025-06-03,NA,NA,NA
"TER-PRIBS-T28",2025-06-04,NA,NA,NA
"TER-PRIBS-T28",2025-06-05,NA,NA,NA
"TER-PRIBS-T28",2025-06-06,NA,NA,NA
"TER-PRIBS-T28",2025-06-07,NA,NA,NA
"TER-PRIBS-T28",2025-06-08,NA,NA,NA
"TER-PRIBS-T28",2025-06-09,NA,NA,NA
"TER-PRIBS-T28",2025-06-10,NA,NA,NA
"TER-PRIBS-T28",2025-06-11,NA,NA,NA
"TER-PRIBS-T28",2025-06-12,NA,NA,NA
