"site_code","date","GRD","UND","CAN"
"TER-EXO-T01",2023-08-09,NA,NA,NA
"TER-EXO-T01",2023-08-10,NA,NA,NA
"TER-EXO-T01",2023-08-11,NA,NA,NA
"TER-EXO-T01",2023-08-12,NA,NA,NA
"TER-EXO-T01",2023-08-13,NA,NA,NA
"TER-EXO-T01",2023-08-14,NA,NA,NA
"TER-EXO-T01",2023-08-15,NA,NA,NA
"TER-EXO-T01",2023-08-16,NA,NA,NA
"TER-EXO-T01",2023-08-17,NA,NA,NA
"TER-EXO-T01",2023-08-18,NA,NA,NA
"TER-EXO-T01",2023-08-19,NA,NA,NA
"TER-EXO-T01",2023-08-20,NA,NA,NA
"TER-EXO-T01",2023-08-21,NA,NA,NA
"TER-EXO-T01",2023-08-22,NA,NA,NA
"TER-EXO-T01",2023-08-23,NA,NA,NA
"TER-EXO-T01",2023-08-24,NA,NA,NA
"TER-EXO-T01",2023-08-25,NA,NA,NA
"TER-EXO-T01",2023-08-26,NA,NA,NA
"TER-EXO-T01",2023-08-27,NA,NA,NA
"TER-EXO-T01",2023-08-28,NA,NA,NA
"TER-EXO-T01",2023-08-29,NA,NA,NA
"TER-EXO-T01",2023-08-30,NA,NA,NA
"TER-EXO-T01",2023-08-31,NA,NA,NA
"TER-EXO-T01",2023-09-01,NA,NA,NA
"TER-EXO-T01",2023-09-02,NA,NA,NA
"TER-EXO-T01",2023-09-03,NA,NA,NA
"TER-EXO-T01",2023-09-04,NA,NA,NA
"TER-EXO-T01",2023-09-05,NA,NA,NA
"TER-EXO-T01",2023-09-06,NA,NA,NA
"TER-EXO-T01",2023-09-07,NA,NA,NA
"TER-EXO-T01",2023-09-08,NA,NA,NA
"TER-EXO-T01",2023-09-09,NA,NA,NA
"TER-EXO-T01",2023-09-10,NA,NA,NA
"TER-EXO-T01",2023-09-11,NA,NA,NA
"TER-EXO-T01",2023-09-12,NA,NA,NA
"TER-EXO-T01",2023-09-13,NA,NA,NA
"TER-EXO-T01",2023-09-14,NA,NA,NA
"TER-EXO-T01",2023-09-15,NA,NA,NA
"TER-EXO-T01",2023-09-16,NA,NA,NA
"TER-EXO-T01",2023-09-17,NA,NA,NA
"TER-EXO-T01",2023-09-18,NA,NA,NA
"TER-EXO-T01",2023-09-19,NA,NA,NA
"TER-EXO-T01",2023-09-20,NA,NA,NA
"TER-EXO-T01",2023-09-21,NA,NA,NA
"TER-EXO-T01",2023-09-22,NA,NA,NA
"TER-EXO-T01",2023-09-23,NA,NA,NA
"TER-EXO-T01",2023-09-24,NA,NA,NA
"TER-EXO-T01",2023-09-25,NA,NA,NA
"TER-EXO-T01",2023-09-26,NA,NA,NA
"TER-EXO-T01",2023-09-27,NA,NA,NA
"TER-EXO-T01",2023-09-28,NA,NA,NA
"TER-EXO-T01",2023-09-29,NA,NA,NA
"TER-EXO-T01",2023-09-30,NA,NA,NA
"TER-EXO-T01",2023-10-01,NA,NA,NA
"TER-EXO-T01",2023-10-02,NA,NA,NA
"TER-EXO-T01",2023-10-03,NA,NA,NA
"TER-EXO-T01",2023-10-04,NA,NA,NA
"TER-EXO-T01",2023-10-05,NA,NA,NA
"TER-EXO-T01",2023-10-06,NA,NA,NA
"TER-EXO-T01",2023-10-07,NA,NA,NA
"TER-EXO-T01",2023-10-08,NA,NA,NA
"TER-EXO-T01",2023-10-09,NA,NA,NA
"TER-EXO-T01",2023-10-10,NA,NA,NA
"TER-EXO-T01",2023-10-11,NA,NA,NA
"TER-EXO-T01",2023-10-12,NA,NA,NA
"TER-EXO-T01",2023-10-13,NA,NA,NA
"TER-EXO-T01",2023-10-14,NA,NA,NA
"TER-EXO-T01",2023-10-15,NA,NA,NA
"TER-EXO-T01",2023-10-16,NA,NA,NA
"TER-EXO-T01",2023-10-17,NA,NA,NA
"TER-EXO-T01",2023-10-18,NA,NA,NA
"TER-EXO-T01",2023-10-19,NA,NA,NA
"TER-EXO-T01",2023-10-20,NA,NA,NA
"TER-EXO-T01",2023-10-21,NA,NA,NA
"TER-EXO-T01",2023-10-22,NA,NA,NA
"TER-EXO-T01",2023-10-23,NA,NA,NA
"TER-EXO-T01",2023-10-24,NA,NA,NA
"TER-EXO-T01",2023-10-25,NA,NA,NA
"TER-EXO-T01",2023-10-26,NA,NA,NA
"TER-EXO-T01",2023-10-27,NA,NA,NA
"TER-EXO-T01",2023-10-28,NA,NA,NA
"TER-EXO-T01",2023-10-29,NA,NA,NA
"TER-EXO-T01",2023-10-30,NA,NA,NA
"TER-EXO-T01",2023-10-31,NA,NA,NA
"TER-EXO-T01",2023-11-01,NA,NA,NA
"TER-EXO-T01",2023-11-02,NA,NA,NA
"TER-EXO-T01",2023-11-03,NA,NA,NA
"TER-EXO-T01",2023-11-04,NA,NA,NA
"TER-EXO-T01",2023-11-05,NA,NA,NA
"TER-EXO-T01",2023-11-06,NA,NA,NA
"TER-EXO-T01",2023-11-07,NA,NA,NA
"TER-EXO-T01",2023-11-08,NA,NA,NA
"TER-EXO-T01",2023-11-09,NA,NA,NA
"TER-EXO-T01",2023-11-10,NA,NA,NA
"TER-EXO-T01",2023-11-11,NA,NA,NA
"TER-EXO-T01",2023-11-12,NA,NA,NA
"TER-EXO-T01",2023-11-13,NA,NA,NA
"TER-EXO-T01",2023-11-14,NA,NA,NA
"TER-EXO-T01",2023-11-15,NA,NA,NA
"TER-EXO-T01",2023-11-16,NA,NA,NA
"TER-EXO-T01",2023-11-17,NA,NA,NA
"TER-EXO-T01",2023-11-18,NA,NA,NA
"TER-EXO-T01",2023-11-19,NA,NA,NA
"TER-EXO-T01",2023-11-20,NA,NA,NA
"TER-EXO-T01",2023-11-21,NA,NA,NA
"TER-EXO-T01",2023-11-22,NA,NA,NA
"TER-EXO-T01",2023-11-23,NA,NA,NA
"TER-EXO-T01",2023-11-24,NA,NA,NA
"TER-EXO-T01",2023-11-25,NA,NA,NA
"TER-EXO-T01",2023-11-26,NA,NA,NA
"TER-EXO-T01",2023-11-27,NA,NA,NA
"TER-EXO-T01",2023-11-28,NA,NA,NA
"TER-EXO-T01",2023-11-29,NA,NA,NA
"TER-EXO-T01",2023-11-30,NA,NA,NA
"TER-EXO-T01",2023-12-01,NA,NA,NA
"TER-EXO-T01",2023-12-02,NA,NA,NA
"TER-EXO-T01",2023-12-03,NA,NA,NA
"TER-EXO-T01",2023-12-04,NA,NA,NA
"TER-EXO-T01",2023-12-05,NA,NA,NA
"TER-EXO-T01",2023-12-06,NA,NA,NA
"TER-EXO-T01",2023-12-07,NA,NA,NA
"TER-EXO-T01",2023-12-08,NA,NA,NA
"TER-EXO-T01",2023-12-09,NA,NA,NA
"TER-EXO-T01",2023-12-10,NA,NA,NA
"TER-EXO-T01",2023-12-11,NA,NA,NA
"TER-EXO-T01",2023-12-12,NA,NA,NA
"TER-EXO-T01",2023-12-13,NA,NA,NA
"TER-EXO-T01",2023-12-14,NA,NA,NA
"TER-EXO-T01",2023-12-15,NA,NA,NA
"TER-EXO-T01",2023-12-16,NA,NA,NA
"TER-EXO-T01",2023-12-17,NA,NA,NA
"TER-EXO-T01",2023-12-18,NA,NA,NA
"TER-EXO-T01",2023-12-19,NA,NA,NA
"TER-EXO-T01",2023-12-20,NA,NA,NA
"TER-EXO-T01",2023-12-21,NA,NA,NA
"TER-EXO-T01",2023-12-22,NA,NA,NA
"TER-EXO-T01",2023-12-23,NA,NA,NA
"TER-EXO-T01",2023-12-24,NA,NA,NA
"TER-EXO-T01",2023-12-25,NA,NA,NA
"TER-EXO-T01",2023-12-26,NA,NA,NA
"TER-EXO-T01",2023-12-27,NA,NA,NA
"TER-EXO-T01",2023-12-28,NA,NA,NA
"TER-EXO-T01",2023-12-29,NA,NA,NA
"TER-EXO-T01",2023-12-30,NA,NA,NA
"TER-EXO-T01",2023-12-31,NA,NA,NA
"TER-EXO-T01",2024-01-01,NA,NA,NA
"TER-EXO-T01",2024-01-02,NA,NA,NA
"TER-EXO-T01",2024-01-03,NA,NA,NA
"TER-EXO-T01",2024-01-04,NA,NA,NA
"TER-EXO-T01",2024-01-05,NA,NA,NA
"TER-EXO-T01",2024-01-06,NA,NA,NA
"TER-EXO-T01",2024-01-07,NA,NA,NA
"TER-EXO-T01",2024-01-08,NA,NA,NA
"TER-EXO-T01",2024-01-09,NA,NA,NA
"TER-EXO-T01",2024-01-10,NA,NA,NA
"TER-EXO-T01",2024-01-11,NA,NA,NA
"TER-EXO-T01",2024-01-12,NA,NA,NA
"TER-EXO-T01",2024-01-13,NA,NA,NA
"TER-EXO-T01",2024-01-14,NA,NA,NA
"TER-EXO-T01",2024-01-15,NA,NA,NA
"TER-EXO-T01",2024-01-16,NA,NA,NA
"TER-EXO-T01",2024-01-17,NA,NA,NA
"TER-EXO-T01",2024-01-18,NA,NA,NA
"TER-EXO-T01",2024-01-19,NA,NA,NA
"TER-EXO-T01",2024-01-20,NA,NA,NA
"TER-EXO-T01",2024-01-21,NA,NA,NA
"TER-EXO-T01",2024-01-22,NA,NA,NA
"TER-EXO-T01",2024-01-23,NA,NA,NA
"TER-EXO-T01",2024-01-24,NA,NA,NA
"TER-EXO-T01",2024-01-25,NA,NA,NA
"TER-EXO-T01",2024-01-26,NA,NA,NA
"TER-EXO-T01",2024-01-27,NA,NA,NA
"TER-EXO-T01",2024-01-28,NA,NA,NA
"TER-EXO-T01",2024-01-29,NA,NA,NA
"TER-EXO-T01",2024-01-30,NA,NA,NA
"TER-EXO-T01",2024-01-31,NA,NA,NA
"TER-EXO-T01",2024-02-01,NA,NA,NA
"TER-EXO-T01",2024-02-02,NA,NA,NA
"TER-EXO-T01",2024-02-03,NA,NA,NA
"TER-EXO-T01",2024-02-04,NA,NA,NA
"TER-EXO-T01",2024-02-05,NA,NA,NA
"TER-EXO-T01",2024-02-06,NA,NA,NA
"TER-EXO-T01",2024-02-07,NA,NA,NA
"TER-EXO-T01",2024-02-08,NA,NA,NA
"TER-EXO-T01",2024-02-09,NA,NA,NA
"TER-EXO-T01",2024-02-10,NA,NA,NA
"TER-EXO-T01",2024-02-11,NA,NA,NA
"TER-EXO-T01",2024-02-12,NA,NA,NA
"TER-EXO-T01",2024-02-13,NA,NA,NA
"TER-EXO-T01",2024-02-14,NA,NA,NA
"TER-EXO-T01",2024-02-15,NA,NA,NA
"TER-EXO-T01",2024-02-16,NA,NA,NA
"TER-EXO-T01",2024-02-17,NA,NA,NA
"TER-EXO-T01",2024-02-18,NA,NA,NA
"TER-EXO-T01",2024-02-19,NA,NA,NA
"TER-EXO-T01",2024-02-20,NA,NA,NA
"TER-EXO-T01",2024-02-21,NA,NA,NA
"TER-EXO-T01",2024-02-22,NA,NA,NA
"TER-EXO-T01",2024-02-23,NA,NA,NA
"TER-EXO-T01",2024-02-24,NA,NA,NA
"TER-EXO-T01",2024-02-25,NA,NA,NA
"TER-EXO-T01",2024-02-26,NA,NA,NA
"TER-EXO-T01",2024-02-27,NA,NA,NA
"TER-EXO-T01",2024-02-28,NA,NA,NA
"TER-EXO-T01",2024-02-29,NA,NA,NA
"TER-EXO-T01",2024-03-01,NA,NA,NA
"TER-EXO-T01",2024-03-02,NA,NA,NA
"TER-EXO-T01",2024-03-03,NA,NA,NA
"TER-EXO-T01",2024-03-04,NA,NA,NA
"TER-EXO-T01",2024-03-05,NA,NA,NA
"TER-EXO-T01",2024-03-06,NA,NA,NA
"TER-EXO-T01",2024-03-07,NA,NA,NA
"TER-EXO-T01",2024-03-08,NA,NA,NA
"TER-EXO-T01",2024-03-09,NA,NA,NA
"TER-EXO-T01",2024-03-10,NA,NA,NA
"TER-EXO-T01",2024-03-11,NA,NA,NA
"TER-EXO-T01",2024-03-12,NA,NA,NA
"TER-EXO-T01",2024-03-13,0.018004385162949,0.0416638339006678,0.00732362991573662
"TER-EXO-T01",2024-03-14,0.00751816201975014,0.0203803741528564,0.00240749411090903
"TER-EXO-T01",2024-03-15,0.00883392845140405,0.0231476835571946,0.0139902415877485
"TER-EXO-T01",2024-03-16,0.0480722617987962,0.0591316156600416,0.063864187376978
"TER-EXO-T01",2024-03-17,0.0524149902335086,0.0927467039930981,0.0861148896528051
"TER-EXO-T01",2024-03-18,0.0115289294267032,0.00660973023043251,0
"TER-EXO-T01",2024-03-19,0.0684732722676292,0.143643951301076,0.137570507137816
"TER-EXO-T01",2024-03-20,0.0719220463929427,0.146008199825579,0.133138076977329
"TER-EXO-T01",2024-03-21,0.0612315524744132,0.11565681595455,0.120715868269812
"TER-EXO-T01",2024-03-22,0.0652704381413592,0.103334848574131,0.100276837671586
"TER-EXO-T01",2024-03-23,0.0385470415230182,0.0736389540293421,0.0657846227671302
"TER-EXO-T01",2024-03-24,0.0585844842829439,0.091509195444531,0.100320100477637
"TER-EXO-T01",2024-03-25,0.0417172075051692,0.0700195042813652,0.0779489402316279
"TER-EXO-T01",2024-03-26,0.0232782150189423,0.0387994568847663,0.0425233874842689
"TER-EXO-T01",2024-03-27,0.0582001927028856,0.114417357035194,0.114715867924036
"TER-EXO-T01",2024-03-28,0.0114588089543095,0.0768511661244362,0.0524348622641917
"TER-EXO-T01",2024-03-29,0.00826215073478471,0.0139212171755918,0
"TER-EXO-T01",2024-03-30,0.0111752908665173,0.0133881586492437,0
"TER-EXO-T01",2024-03-31,0.0050657435342199,0.0893889395635682,0.106756924705591
"TER-EXO-T01",2024-04-01,0.0121963433276657,0.0667948219337754,0.0360892087404882
"TER-EXO-T01",2024-04-02,0.00580600467822386,0.0122715362695435,0.00401942704662742
"TER-EXO-T01",2024-04-03,0.00825989845766198,0.0109743594260905,0.00176323504819399
"TER-EXO-T01",2024-04-04,0.00752370129889313,0.0332452658779155,0.0153315047658594
"TER-EXO-T01",2024-04-05,0.00544030370072315,0.0277296350563192,0.00248857390285011
"TER-EXO-T01",2024-04-06,0.0089445247366971,0.0857048133197697,0.0679361147561326
"TER-EXO-T01",2024-04-07,0.00671175922464484,0.036523511649044,0.00877400281413296
"TER-EXO-T01",2024-04-08,0.0106845749814678,0.00577563252107577,0
"TER-EXO-T01",2024-04-09,0.00114049018618958,0.0010056374463698,0
"TER-EXO-T01",2024-04-10,0.00107778554850618,0.00416673412972664,0
"TER-EXO-T01",2024-04-11,0.00497404793998655,0.00538501124789141,0
"TER-EXO-T01",2024-04-12,0.00808945826279005,0.0674052475483942,0.0568112804743913
"TER-EXO-T01",2024-04-13,0.00185950840983736,0.00852326276858388,0.00208059868304089
"TER-EXO-T01",2024-04-14,0.00230653846304693,0.0202602886191114,0.00507130085033314
"TER-EXO-T01",2024-04-15,0.0064832519712045,0.00833227665951939,0.00408337519577445
"TER-EXO-T01",2024-04-16,0.00662626847830609,0.0177594914304696,0.00988135260897815
"TER-EXO-T01",2024-04-17,0.00173127173405635,0.0045549199715261,0
"TER-EXO-T01",2024-04-18,0.00161324661923319,0.00664777786657452,0
"TER-EXO-T01",2024-04-19,0.00785986722591041,0.0785468967419326,0.0212932288391285
"TER-EXO-T01",2024-04-20,0.0147732635067026,0.0394801546699098,0.0179404028951057
"TER-EXO-T01",2024-04-21,0.00546825588373852,0.0103445525811469,0
"TER-EXO-T01",2024-04-22,0.0135908185677652,0.0435957143728915,0.00772042925413174
"TER-EXO-T01",2024-04-23,0.0122812566691753,0.040014686070876,0.0240186552900676
"TER-EXO-T01",2024-04-24,0.0527079034611303,0.115583697031212,0.114350408137859
"TER-EXO-T01",2024-04-25,0.0650160019414689,0.201921424077478,0.212951111785043
"TER-EXO-T01",2024-04-26,0.0534746045067946,0.102019234321841,0.0899269690786066
"TER-EXO-T01",2024-04-27,0.0693483655569491,0.117330496272775,0.130930849928916
"TER-EXO-T01",2024-04-28,0.115019651390215,0.174157984432302,0.191208389084468
"TER-EXO-T01",2024-04-29,0.0699326174564159,0.143597646123005,0.1633364503523
"TER-EXO-T01",2024-04-30,0.0547096201853588,0.112341306596934,0.0997085991495926
"TER-EXO-T01",2024-05-01,0.0105557490732954,0.0149849896659239,0.0127098012253952
"TER-EXO-T01",2024-05-02,0.00543473729829788,0.00605646661328769,0.00285269347051316
"TER-EXO-T01",2024-05-03,0.00621939853927634,0.00851825900502708,0.00522184609917087
"TER-EXO-T01",2024-05-04,0.0207774123676526,0.0643580840249566,0.0230510616707445
"TER-EXO-T01",2024-05-05,0.0606889265575084,0.175487587249882,0.192122756977421
"TER-EXO-T01",2024-05-06,0.00146647636796854,0.00473088434611998,0
"TER-EXO-T01",2024-05-07,0.00609627392375606,0.0068599214907232,0
"TER-EXO-T01",2024-05-08,0.0103385919136796,0.0680515245171875,0
"TER-EXO-T01",2024-05-09,0.0582524759078598,0.209796963145484,0.213898989601527
"TER-EXO-T01",2024-05-10,0.0232458398777922,0.0811846574086138,0.0716836460247524
"TER-EXO-T01",2024-05-11,0.035128724989032,0.148195088162557,0.13919354494491
"TER-EXO-T01",2024-05-12,0.13825064145199,0.264690994082055,0.275823413401091
"TER-EXO-T01",2024-05-13,0.0595941465677378,0.103799398558858,0.123932137144201
"TER-EXO-T01",2024-05-14,0.112852941115071,0.120861814502084,0.156976387775877
"TER-EXO-T01",2024-05-15,0.0678609237196407,0.0906923138631566,0.112012155314489
"TER-EXO-T01",2024-05-16,0.0937965803372525,0.135023851349348,0.146744502809381
"TER-EXO-T01",2024-05-17,0.15329365533645,0.173402212886376,0.19734196218389
"TER-EXO-T01",2024-05-18,0.117534324376204,0.116221124861292,0.149284253535641
"TER-EXO-T01",2024-05-19,0.14329845431427,0.147371982324859,0.182820679228841
"TER-EXO-T01",2024-05-20,0.0107081681647401,0.0934991496672994,0.0952315980932132
"TER-EXO-T01",2024-05-21,0.00590996028755826,0.0228302980981394,0.00265281482629768
"TER-EXO-T01",2024-05-22,0.00326668197493891,0.01794742176459,0
"TER-EXO-T01",2024-05-23,0.00717342499783108,0.00644310734983889,0
"TER-EXO-T01",2024-05-24,0.012373035175033,0.0831858179774984,0.133733540317773
"TER-EXO-T01",2024-05-25,0.113186570836901,0.169997909906097,0.225017802697065
"TER-EXO-T01",2024-05-26,0.22240371470196,0.159463464454091,0.180392590811751
"TER-EXO-T01",2024-05-27,0.0131192174020676,0.0578793399872619,0.0525202542613419
"TER-EXO-T01",2024-05-28,0.00852914142073426,0.0332991687523006,0.0118545213344062
"TER-EXO-T01",2024-05-29,0.00640148410716554,0.00532357735889422,0
"TER-EXO-T01",2024-05-30,0.00996250259066204,0.0661739529905594,0.0760762542239963
"TER-EXO-T01",2024-05-31,0.00775743592809025,0.00695018386855391,0
"TER-EXO-T01",2024-06-01,0.0119696790539668,0.0322391756690555,0.0151747106955568
"TER-EXO-T01",2024-06-02,0.0152633575970127,0.0264917288047096,0.0134056227672048
"TER-EXO-T01",2024-06-03,0.0126999056122694,0.0658270928670821,0.0490484272583254
"TER-EXO-T01",2024-06-04,0.00823644377577074,0.0369010016263747,0.0195893156334049
"TER-EXO-T01",2024-06-05,0.00533672472998172,0.0344477099651152,0.0120663314474235
"TER-EXO-T01",2024-06-06,0.0693878020051552,0.113375237701836,0.134913022089901
"TER-EXO-T01",2024-06-07,0.179810356236508,0.130098491556023,0.158786036753632
"TER-EXO-T01",2024-06-08,0.118138514805977,0.13577273954458,0.177533857668111
"TER-EXO-T01",2024-06-09,0.00670292514507874,0.0955262853236654,0.0751139193516555
"TER-EXO-T01",2024-06-10,0.00421371766307367,0.0925224459686316,0.112277989667024
"TER-EXO-T01",2024-06-11,0.00672791158068768,0.102254848293204,0.117950312680335
"TER-EXO-T01",2024-06-12,0.0243767154285893,0.153461671990664,0.156256364345723
"TER-EXO-T01",2024-06-13,0.00602040577433169,0.136258478249918,0.134505113552573
"TER-EXO-T01",2024-06-14,0.0399630897938552,0.159868496993181,0.18990879648147
"TER-EXO-T01",2024-06-15,0.0511340785064315,0.126242158883721,0.139537322184656
"TER-EXO-T01",2024-06-16,0.190786553293804,0.094117071783677,0.0891868058986357
"TER-EXO-T01",2024-06-17,0.0678068616275893,0.132979369932605,0.170513757068378
"TER-EXO-T01",2024-06-18,0.316885569913815,0.152152169687635,0.184060452784341
"TER-EXO-T01",2024-06-19,0.0566869262263913,0.125710661136297,0.167527976485912
"TER-EXO-T01",2024-06-20,0.38142212295481,0.199948552973442,0.235545980456132
"TER-EXO-T01",2024-06-21,0.0937866826814812,0.147235756102737,0.159475688316189
"TER-EXO-T01",2024-06-22,0.00645769379507994,0.0291935763200514,0.0346890615918264
"TER-EXO-T01",2024-06-23,0.00498641601190203,0.0302276755234426,0.0179821818782245
"TER-EXO-T01",2024-06-24,0.00852452111269316,0.0164515152400004,0.011721383964208
"TER-EXO-T01",2024-06-25,0.109609687062265,0.176182064729369,0.221694321769639
"TER-EXO-T01",2024-06-26,0.12717609456129,0.172116016715295,0.184144267501219
"TER-EXO-T01",2024-06-27,0.109473115268362,0.11896413150552,0.130100538207106
"TER-EXO-T01",2024-06-28,0.24741362314734,0.202955883189841,0.255480696283729
"TER-EXO-T01",2024-06-29,0.127121367728722,0.137811414249808,0.162670374049419
"TER-EXO-T01",2024-06-30,0.0630342215938731,0.0592102770484241,0.0705077164067071
"TER-EXO-T01",2024-07-01,0.344781199346111,0.273065182129012,0.337666537176419
"TER-EXO-T01",2024-07-02,0.2856670714253,0.21533290508615,0.269182416346678
"TER-EXO-T01",2024-07-03,0.296492829611061,0.204370436634033,0.256481717186418
"TER-EXO-T01",2024-07-04,0.294192369488585,0.189252703990755,0.241427314403827
"TER-EXO-T01",2024-07-05,0.127736125230335,0.151976349352644,0.164587198857743
"TER-EXO-T01",2024-07-06,0.290830903334315,0.219221073404035,0.258089799765527
"TER-EXO-T01",2024-07-07,0.289129798376736,0.157369314192629,0.167303356846048
"TER-EXO-T01",2024-07-08,0.00894063330295751,0.0169120787332533,0.00356686654544506
"TER-EXO-T01",2024-07-09,0.0064574715284267,0.0392131593919905,0.0383171112395926
"TER-EXO-T01",2024-07-10,0.220705491899972,0.166892160971527,0.216532826828977
"TER-EXO-T01",2024-07-11,0.0719686200109331,0.0918395643497354,0.10726542846855
"TER-EXO-T01",2024-07-12,0.0100863575340748,0.0137278250750527,0.0399124365717749
"TER-EXO-T01",2024-07-13,0.0426587081422359,0.106506333610172,0.160772890794565
"TER-EXO-T01",2024-07-14,0.0911804541056664,0.169949775186295,0.192983559912041
"TER-EXO-T01",2024-07-15,0.00600541586446367,0.011794379954225,0
"TER-EXO-T01",2024-07-16,0.00605555322448142,0.00745426384381004,0.0158028405188224
"TER-EXO-T01",2024-07-17,NA,NA,NA
"TER-EXO-T01",2024-07-18,0.0291554648942392,0.107590782681436,0.124332338602907
"TER-EXO-T01",2024-07-19,0.150707446943695,0.262963751491903,0.325439668733245
"TER-EXO-T01",2024-07-20,0.0559624441532641,0.142706762084179,0.156349609537861
"TER-EXO-T01",2024-07-21,0.159243875911187,0.224637138261596,0.288776000888931
"TER-EXO-T01",2024-07-22,0.0797000176046481,0.0976288869890635,0.125265590261108
"TER-EXO-T01",2024-07-23,0.0888998798188637,0.121426884074588,0.162940612572828
"TER-EXO-T01",2024-07-24,0.0925403314464018,0.133731814137906,0.15231287744467
"TER-EXO-T01",2024-07-25,0.0867221727561448,0.129144754511487,0.129418705184628
"TER-EXO-T01",2024-07-26,0.0168868451710311,0.0533334312170022,0.0503710039102928
"TER-EXO-T01",2024-07-27,0.106705924929927,0.119939703418199,0.14549174262055
"TER-EXO-T01",2024-07-28,0.0349950448710652,0.0884563868963184,0.0796045365659159
"TER-EXO-T01",2024-07-29,0.00982984313165775,0.067444070613837,0.0376803441721423
"TER-EXO-T01",2024-07-30,0.00477406306142885,0.0720523987107058,0.107678360361151
"TER-EXO-T01",2024-07-31,0.104596186325064,0.167392155890548,0.200943122086871
"TER-EXO-T01",2024-08-01,0.0314195145553835,0.118440373165171,0.129807772615945
"TER-EXO-T01",2024-08-02,0.0986993469553367,0.16267717714084,0.166074149161723
"TER-EXO-T01",2024-08-03,0.0877137322340095,0.152288584306751,0.158824953514639
"TER-EXO-T01",2024-08-04,0.168330982539107,0.228939721812125,0.249052883134005
"TER-EXO-T01",2024-08-05,0.120399251473398,0.160613459671523,0.175959326236978
"TER-EXO-T01",2024-08-06,0.0758929762961207,0.149102639082596,0.155397039713946
"TER-EXO-T01",2024-08-07,0.142328609238815,0.185495776963536,0.23218425463872
"TER-EXO-T01",2024-08-08,0.160485421371542,0.202957843058009,0.253058037059208
"TER-EXO-T01",2024-08-09,0.104063069387076,0.156672174155722,0.167823885436576
"TER-EXO-T01",2024-08-10,0.0321979989519999,0.0901659207062783,0.0718090582872538
"TER-EXO-T01",2024-08-11,0.0922681541189563,0.176384407287046,0.2237388777585
"TER-EXO-T01",2024-08-12,0.205559396795476,0.270952129387195,0.356689791157326
"TER-EXO-T01",2024-08-13,0.158743145063634,0.226119640230342,0.267687403103623
"TER-EXO-T01",2024-08-14,0.0529022658954898,0.120299800026199,0.123061710988202
"TER-EXO-T01",2024-08-15,0.0570893480118676,0.128233702708235,0.121689484367596
"TER-EXO-T01",2024-08-16,0.0787165134322101,0.137763556302664,0.143475039913098
"TER-EXO-T01",2024-08-17,0.0981441094460619,0.137201978479956,0.147039764907381
"TER-EXO-T01",2024-08-18,0.104200150107422,0.163808061974395,0.166724021812629
"TER-EXO-T01",2024-08-19,0.157838927617361,0.223799246486674,0.249039655186256
"TER-EXO-T01",2024-08-20,0.0387792265457299,0.0812062036484253,0.0991288324273968
"TER-EXO-T01",2024-08-21,0.0681830638997648,0.205811733997259,0.228158832976955
"TER-EXO-T01",2024-08-22,0.173952099492141,0.240369173667238,0.283996087782295
"TER-EXO-T01",2024-08-23,0.14299781317822,0.247006575661242,0.320645293264694
"TER-EXO-T01",2024-08-24,0.122791471013181,0.232256547666117,0.302597385140144
"TER-EXO-T01",2024-08-25,0.165813357621275,0.221453548911247,0.27363666336407
"TER-EXO-T01",2024-08-26,0,0.0696624935943212,0.0638415121591413
"TER-EXO-T01",2024-08-27,0.138168723392112,0.206765120531808,0.259939779839916
"TER-EXO-T01",2024-08-28,0.17067853169241,0.235291325736413,0.283215215174768
"TER-EXO-T01",2024-08-29,0.182697383374247,0.189542750488352,0.225751961526783
"TER-EXO-T01",2024-08-30,0.130082435650893,0.170775954336557,0.19539738614395
"TER-EXO-T01",2024-08-31,0.0525578020672089,0.10891736212234,0.106423790222419
"TER-EXO-T01",2024-09-01,0.197227892099657,0.174608408499846,0.220054495071545
"TER-EXO-T01",2024-09-02,0.205270904344623,0.213076468270125,0.259558735508069
"TER-EXO-T01",2024-09-03,0.214043821210443,0.211413284421037,0.244145431642487
"TER-EXO-T01",2024-09-04,0.198693583454612,0.1969850602024,0.2205034653934
"TER-EXO-T01",2024-09-05,0.184906111113003,0.209737768259535,0.235114738920403
"TER-EXO-T01",2024-09-06,0.143493624764423,0.13760136535961,0.159707854130339
"TER-EXO-T01",2024-09-07,0.160519923818777,0.114911492679647,0.183141164202252
"TER-EXO-T01",2024-09-08,0.212250182045523,0.221765921837877,0.281230049128495
"TER-EXO-T01",2024-09-09,0.117370851150388,0.146017236484385,0.177159443832043
"TER-EXO-T01",2024-09-10,NA,NA,NA
"TER-EXO-T01",2024-09-11,NA,NA,NA
"TER-EXO-T01",2024-09-12,0.105005206460261,0.186649879508862,0.204538702832679
"TER-EXO-T01",2024-09-13,0.0858817228300895,0.15703832036539,0.158343776864889
"TER-EXO-T01",2024-09-14,0.0553324164175731,0.135689607051634,0.143218213953487
"TER-EXO-T01",2024-09-15,0.159281027976509,0.199664368307643,0.231423621409224
"TER-EXO-T01",2024-09-16,0.00954480810469105,0.0496386553086192,0.0398175348205682
"TER-EXO-T01",2024-09-17,0,0.135313914137236,0.159845176938029
"TER-EXO-T01",2024-09-18,0.147170602934296,0.19331674414158,0.256377101364648
"TER-EXO-T01",2024-09-19,0.106569869098624,0.148903738175127,0.171093119629821
"TER-EXO-T01",2024-09-20,0,0.103815795575877,0.115725877997032
"TER-EXO-T01",2024-09-21,0.0667547584278403,0.186179853266471,0.216009257208291
"TER-EXO-T01",2024-09-22,0.00738591823907123,0.0840440740081325,0.0809250371066757
"TER-EXO-T01",2024-09-23,0.0326525697050904,0.115375441677311,0.126357911189897
"TER-EXO-T01",2024-09-24,0,0.0170649892481218,0.0221490616820339
"TER-EXO-T01",2024-09-25,0,0.0150964784070313,0.0126530164458713
"TER-EXO-T01",2024-09-26,0.0556640295349829,0.17732353381461,0.202803370619039
"TER-EXO-T01",2024-09-27,0,0.0178845327039815,0.0210106255760351
"TER-EXO-T01",2024-09-28,0,0.00685509898850618,0
"TER-EXO-T01",2024-09-29,0,0.00776419458952426,0
"TER-EXO-T01",2024-09-30,0,0.00396330400220363,0
"TER-EXO-T01",2024-10-01,0,0.00286525566765603,0
"TER-EXO-T01",2024-10-02,0,0.0063981615900998,0
"TER-EXO-T01",2024-10-03,0,0.00500968697428158,0
"TER-EXO-T01",2024-10-04,0,0.00915899727399605,0
"TER-EXO-T01",2024-10-05,0,0.0406258760071409,0.0989286136787183
"TER-EXO-T01",2024-10-06,0,0.118695469779369,0.118833006710037
"TER-EXO-T01",2024-10-07,0,0.0821467951004897,0.0812018120401763
"TER-EXO-T01",2024-10-08,0,0.0883812378120575,0.0863123916047772
"TER-EXO-T01",2024-10-09,0,0.0330165364553365,0.0284852833511533
"TER-EXO-T01",2024-10-10,0,0.0150533540696474,0.00741930609578456
"TER-EXO-T01",2024-10-11,0.00168535142098083,0.123359258918281,0.123045966639197
"TER-EXO-T01",2024-10-12,0,0.142061525624009,0.158174396192563
"TER-EXO-T01",2024-10-13,0,0.0173616614342077,0
"TER-EXO-T01",2024-10-14,0,0.0159709737765809,0
"TER-EXO-T01",2024-10-15,0,0.0985115956428399,0.0959531188887244
"TER-EXO-T01",2024-10-16,0,0.14585859221038,0.164087894118473
"TER-EXO-T01",2024-10-17,0,0.102342834532871,0.0929914162892568
"TER-EXO-T01",2024-10-18,0,0.0470545718056365,0.0306371463426767
"TER-EXO-T01",2024-10-19,0,0.0071990572352376,0
"TER-EXO-T01",2024-10-20,0,0.0514915076678495,0.0596297406876787
"TER-EXO-T01",2024-10-21,0,0.143712977176326,0.152493333208466
"TER-EXO-T01",2024-10-22,0,0.0590836149712349,0.0617149860435644
"TER-EXO-T01",2024-10-23,0,0.0156977396661506,0
"TER-EXO-T01",2024-10-24,0,0.125091209794631,0.12496222803234
"TER-EXO-T01",2024-10-25,0.00279127424107112,0.121294092679174,0.128382916785897
"TER-EXO-T01",2024-10-26,0,0.0591373586597828,0.0754278296517897
"TER-EXO-T01",2024-10-27,0,0.0432167387728294,0.044239618154839
"TER-EXO-T01",2024-10-28,0.0108053575014413,0.116489557585753,0.122137085730336
"TER-EXO-T01",2024-10-29,0,0.0782085973093903,0.0414863404627137
"TER-EXO-T01",2024-10-30,0,0.0167211523048507,0
"TER-EXO-T01",2024-10-31,0,0.0058054455713035,0
"TER-EXO-T01",2024-11-01,0,0.0101458476585905,0
"TER-EXO-T01",2024-11-02,0,0.0150614070940761,0
"TER-EXO-T01",2024-11-03,0,0.00536422617962564,0
"TER-EXO-T01",2024-11-04,0,0.0166550558429666,0
"TER-EXO-T01",2024-11-05,0,0.0118327903680898,0
"TER-EXO-T01",2024-11-06,0,0.0109806847128334,0
"TER-EXO-T01",2024-11-07,0,0.0957576447042967,0.0853067172448156
"TER-EXO-T01",2024-11-08,0,0.0134860027883858,0
"TER-EXO-T01",2024-11-09,0,0.00207195266027022,0
"TER-EXO-T01",2024-11-10,0,0.00711621920108646,0
"TER-EXO-T01",2024-11-11,0,0.00427608020979374,0
"TER-EXO-T01",2024-11-12,0,0.00548528393028494,0
"TER-EXO-T01",2024-11-13,0,0.00669303561642793,0
"TER-EXO-T01",2024-11-14,0,0.0226589917493924,0.0034912413000846
"TER-EXO-T01",2024-11-15,0,0.0521618464970653,0.0607149747320806
"TER-EXO-T01",2024-11-16,0.00509616590880593,0.0409903759081956,0.0412356802586883
"TER-EXO-T01",2024-11-17,0,0.0616220553072369,0.0379993637154063
"TER-EXO-T01",2024-11-18,0,0.0460740302588153,0.00459533090882343
"TER-EXO-T01",2024-11-19,0,0.0169503872814345,0.00718985777050179
"TER-EXO-T01",2024-11-20,0,0.0055299930280421,0
"TER-EXO-T01",2024-11-21,0,0.0034261054154578,0
"TER-EXO-T01",2024-11-22,0,0.00244518851061381,0
"TER-EXO-T01",2024-11-23,0,0.0099702255790385,0
"TER-EXO-T01",2024-11-24,0,0.0750147613944414,0.0689188173945596
"TER-EXO-T01",2024-11-25,0,0.0625726787477267,0.0530441333437683
"TER-EXO-T01",2024-11-26,0,0.00798690337124272,0
"TER-EXO-T01",2024-11-27,0,0.00840318107730666,0
"TER-EXO-T01",2024-11-28,0,0.0459325700693537,0.0237955627669646
"TER-EXO-T01",2024-11-29,0,0.0579421938481361,0.0257513702975341
"TER-EXO-T01",2024-11-30,0,0.0609544143284791,0.0549250581634967
"TER-EXO-T01",2024-12-01,0,0.00985166950454366,0
"TER-EXO-T01",2024-12-02,0,0.0557135169161571,0.033288353822924
"TER-EXO-T01",2024-12-03,0,0.0574393838416813,0.0306585265433194
"TER-EXO-T01",2024-12-04,0,0.0550399167718071,0.0439761301584721
"TER-EXO-T01",2024-12-05,0,0.0532248192413869,0.0335255259851023
"TER-EXO-T01",2024-12-06,0,0.00594872962514036,0
"TER-EXO-T01",2024-12-07,0,0.0224631521924156,0.00577591077243711
"TER-EXO-T01",2024-12-08,0,0.0614633028152532,0.0310273877545882
"TER-EXO-T01",2024-12-09,0,0.0559343676321349,0.0350173079877031
"TER-EXO-T01",2024-12-10,0,0.0718864955972032,0.0679261237389797
"TER-EXO-T01",2024-12-11,0,0.00743851937484274,0
"TER-EXO-T01",2024-12-12,0,0.00614262039884514,0
"TER-EXO-T01",2024-12-13,0,0.00252283233534925,0.003759952289223
"TER-EXO-T01",2024-12-14,0,0.071053529715322,0.059813307887649
"TER-EXO-T01",2024-12-15,0,0.0632650128097816,0.0473074520393554
"TER-EXO-T01",2024-12-16,0,0.00923863894713372,0
"TER-EXO-T01",2024-12-17,0,0.0147071351851671,0.0355462340589778
"TER-EXO-T01",2024-12-18,0,0.0413256819881774,0.0229799473430075
"TER-EXO-T01",2024-12-19,0,0.0150636679781738,0.011323011868875
"TER-EXO-T01",2024-12-20,0,0.0711818057082971,0.0718642398935136
"TER-EXO-T01",2024-12-21,0,0.0562045981737305,0.0276978545449784
"TER-EXO-T01",2024-12-22,0,0.0471785923850534,0.0390115249153629
"TER-EXO-T01",2024-12-23,0,0.0315864178028168,0.0126840830818924
"TER-EXO-T01",2024-12-24,0,0.0525181188489977,0.055672074799915
"TER-EXO-T01",2024-12-25,0,0.0205708998418486,0
"TER-EXO-T01",2024-12-26,0,0.022183910400076,0
"TER-EXO-T01",2024-12-27,0,0.00769498311337374,0
"TER-EXO-T01",2024-12-28,0,0.0215353984454301,0
"TER-EXO-T01",2024-12-29,0,0.0351917678545006,0.0228323193658822
"TER-EXO-T01",2024-12-30,0,0.0181492867712394,0.00233105699235433
"TER-EXO-T01",2024-12-31,0,0.00369794063372011,0
"TER-EXO-T01",2025-01-01,0,0.00524087608171739,0
"TER-EXO-T01",2025-01-02,0,0.00292675207925341,0
"TER-EXO-T01",2025-01-03,0,0.00483728416927922,0
"TER-EXO-T01",2025-01-04,0,0.00180673202282684,0
"TER-EXO-T01",2025-01-05,0,0.0304059469720101,0.0393527379715806
"TER-EXO-T01",2025-01-06,0,0.0020900882074882,0
"TER-EXO-T01",2025-01-07,0,0.00943408883126345,0
"TER-EXO-T01",2025-01-08,0,0.0172941651998128,0
"TER-EXO-T01",2025-01-09,0,0.00173275695698077,0
"TER-EXO-T01",2025-01-10,0,0.00582006677966902,0
"TER-EXO-T01",2025-01-11,0,0.00454049080642944,0
"TER-EXO-T01",2025-01-12,0,0.00244806792788533,0
"TER-EXO-T01",2025-01-13,0,0.00152845417558537,0
"TER-EXO-T01",2025-01-14,0,0.00109387189777517,0
"TER-EXO-T01",2025-01-15,0,0.00158716607591895,0
"TER-EXO-T01",2025-01-16,0,2.12644035069951e-17,0
"TER-EXO-T01",2025-01-17,0,0.00629653553964192,0
"TER-EXO-T01",2025-01-18,0,0.00769858688936526,0.0125400598917206
"TER-EXO-T01",2025-01-19,0,0.00574162358712179,0.00620779355816891
"TER-EXO-T01",2025-01-20,0,0.00454211746957786,0.00444662804207278
"TER-EXO-T01",2025-01-21,0,0.0314183820995518,NA
"TER-EXO-T01",2025-01-22,0,0.0757335332049137,NA
"TER-EXO-T01",2025-01-23,0,0.0120397922827852,NA
"TER-EXO-T01",2025-01-24,0,0.00977668261265033,NA
"TER-EXO-T01",2025-01-25,0,0.0218832506098626,NA
"TER-EXO-T01",2025-01-26,0,0.0631206721224689,NA
"TER-EXO-T01",2025-01-27,0,0.0458845069418079,NA
"TER-EXO-T01",2025-01-28,0,0.0396536266126623,NA
"TER-EXO-T01",2025-01-29,0,0.0488522365323299,NA
"TER-EXO-T01",2025-01-30,0,0.00821728975219424,NA
"TER-EXO-T01",2025-01-31,0,0.0037551721567048,NA
"TER-EXO-T01",2025-02-01,0,0.0274527554218616,NA
"TER-EXO-T01",2025-02-02,0,0.0151921360648586,NA
"TER-EXO-T01",2025-02-03,0,0.00765602143732999,NA
"TER-EXO-T01",2025-02-04,0,0.0122464984751146,NA
"TER-EXO-T01",2025-02-05,0,0.00527341455453715,NA
"TER-EXO-T01",2025-02-06,0,0.00461671495807475,NA
"TER-EXO-T01",2025-02-07,0,0.00456437543820276,NA
"TER-EXO-T01",2025-02-08,0,0.00203437731723522,NA
"TER-EXO-T01",2025-02-09,0,0.00126415906630798,NA
"TER-EXO-T01",2025-02-10,0,0.00617491238038959,NA
"TER-EXO-T01",2025-02-11,0,0.00515546674742952,NA
"TER-EXO-T01",2025-02-12,NA,NA,NA
"TER-EXO-T01",2025-02-13,NA,NA,NA
"TER-EXO-T01",2025-02-14,NA,NA,NA
"TER-EXO-T01",2025-02-15,NA,NA,NA
"TER-EXO-T01",2025-02-16,NA,NA,NA
"TER-EXO-T01",2025-02-17,NA,NA,NA
"TER-EXO-T01",2025-02-18,NA,NA,NA
"TER-EXO-T01",2025-02-19,NA,NA,NA
"TER-EXO-T01",2025-02-20,NA,NA,NA
"TER-EXO-T01",2025-02-21,NA,NA,NA
"TER-EXO-T01",2025-02-22,NA,NA,NA
"TER-EXO-T01",2025-02-23,NA,NA,NA
"TER-EXO-T01",2025-02-24,NA,NA,NA
"TER-EXO-T01",2025-02-25,NA,NA,NA
"TER-EXO-T01",2025-02-26,NA,NA,NA
"TER-EXO-T01",2025-02-27,NA,NA,NA
"TER-EXO-T01",2025-02-28,NA,NA,NA
"TER-EXO-T01",2025-03-01,NA,NA,NA
"TER-EXO-T01",2025-03-02,NA,NA,NA
"TER-EXO-T01",2025-03-03,NA,NA,NA
"TER-EXO-T01",2025-03-04,NA,NA,NA
"TER-EXO-T01",2025-03-05,NA,NA,NA
"TER-EXO-T01",2025-03-06,NA,NA,NA
"TER-EXO-T01",2025-03-07,NA,NA,NA
"TER-EXO-T01",2025-03-08,NA,NA,NA
"TER-EXO-T01",2025-03-09,NA,NA,NA
"TER-EXO-T01",2025-03-10,NA,NA,NA
"TER-EXO-T01",2025-03-11,NA,NA,NA
"TER-EXO-T01",2025-03-12,NA,NA,NA
"TER-EXO-T01",2025-03-13,NA,NA,NA
"TER-EXO-T01",2025-03-14,NA,NA,NA
"TER-EXO-T01",2025-03-15,NA,NA,NA
"TER-EXO-T01",2025-03-16,NA,NA,NA
"TER-EXO-T01",2025-03-17,NA,NA,NA
"TER-EXO-T01",2025-03-18,NA,NA,NA
"TER-EXO-T01",2025-03-19,NA,NA,NA
"TER-EXO-T01",2025-03-20,NA,NA,NA
"TER-EXO-T01",2025-03-21,NA,NA,NA
"TER-EXO-T01",2025-03-22,NA,NA,NA
"TER-EXO-T01",2025-03-23,NA,NA,NA
"TER-EXO-T01",2025-03-24,NA,NA,NA
"TER-EXO-T01",2025-03-25,NA,NA,NA
"TER-EXO-T01",2025-03-26,NA,NA,NA
"TER-EXO-T01",2025-03-27,NA,NA,NA
"TER-EXO-T01",2025-03-28,NA,NA,NA
"TER-EXO-T01",2025-03-29,NA,NA,NA
"TER-EXO-T01",2025-03-30,NA,NA,NA
"TER-EXO-T01",2025-03-31,NA,NA,NA
"TER-EXO-T01",2025-04-01,NA,NA,NA
"TER-EXO-T01",2025-04-02,NA,NA,NA
"TER-EXO-T01",2025-04-03,NA,NA,NA
"TER-EXO-T01",2025-04-04,NA,NA,NA
"TER-EXO-T01",2025-04-05,NA,NA,NA
"TER-EXO-T01",2025-04-06,NA,NA,NA
"TER-EXO-T01",2025-04-07,NA,NA,NA
"TER-EXO-T01",2025-04-08,NA,NA,NA
"TER-EXO-T01",2025-04-09,NA,NA,NA
"TER-EXO-T01",2025-04-10,NA,NA,NA
"TER-EXO-T01",2025-04-11,NA,NA,NA
"TER-EXO-T01",2025-04-12,NA,NA,NA
"TER-EXO-T01",2025-04-13,NA,NA,NA
"TER-EXO-T01",2025-04-14,NA,NA,NA
"TER-EXO-T01",2025-04-15,NA,NA,NA
"TER-EXO-T01",2025-04-16,NA,NA,NA
"TER-EXO-T01",2025-04-17,NA,NA,NA
"TER-EXO-T01",2025-04-18,NA,NA,NA
"TER-EXO-T01",2025-04-19,NA,NA,NA
"TER-EXO-T01",2025-04-20,NA,NA,NA
"TER-EXO-T01",2025-04-21,NA,NA,NA
"TER-EXO-T01",2025-04-22,NA,NA,NA
"TER-EXO-T01",2025-04-23,NA,NA,NA
"TER-EXO-T01",2025-04-24,NA,NA,NA
"TER-EXO-T01",2025-04-25,NA,NA,NA
"TER-EXO-T01",2025-04-26,NA,NA,NA
"TER-EXO-T01",2025-04-27,NA,NA,NA
"TER-EXO-T01",2025-04-28,NA,NA,NA
"TER-EXO-T01",2025-04-29,NA,NA,NA
"TER-EXO-T01",2025-04-30,NA,NA,NA
"TER-EXO-T01",2025-05-01,NA,NA,NA
"TER-EXO-T01",2025-05-02,NA,NA,NA
"TER-EXO-T01",2025-05-03,NA,NA,NA
"TER-EXO-T01",2025-05-04,NA,NA,NA
"TER-EXO-T01",2025-05-05,NA,NA,NA
"TER-EXO-T01",2025-05-06,NA,NA,NA
"TER-EXO-T01",2025-05-07,NA,NA,NA
"TER-EXO-T01",2025-05-08,NA,NA,NA
"TER-EXO-T01",2025-05-09,NA,NA,NA
"TER-EXO-T01",2025-05-10,NA,NA,NA
"TER-EXO-T01",2025-05-11,NA,NA,NA
"TER-EXO-T01",2025-05-12,NA,NA,NA
"TER-EXO-T01",2025-05-13,NA,NA,NA
"TER-EXO-T01",2025-05-14,NA,NA,NA
"TER-EXO-T01",2025-05-15,NA,NA,NA
"TER-EXO-T01",2025-05-16,NA,NA,NA
"TER-EXO-T01",2025-05-17,NA,NA,NA
"TER-EXO-T01",2025-05-18,NA,NA,NA
"TER-EXO-T01",2025-05-19,NA,NA,NA
"TER-EXO-T01",2025-05-20,NA,NA,NA
"TER-EXO-T01",2025-05-21,NA,NA,NA
"TER-EXO-T01",2025-05-22,NA,NA,NA
"TER-EXO-T01",2025-05-23,NA,NA,NA
"TER-EXO-T01",2025-05-24,NA,NA,NA
"TER-EXO-T01",2025-05-25,NA,NA,NA
"TER-EXO-T01",2025-05-26,NA,NA,NA
"TER-EXO-T01",2025-05-27,NA,NA,NA
"TER-EXO-T01",2025-05-28,NA,NA,NA
"TER-EXO-T01",2025-05-29,NA,NA,NA
"TER-EXO-T01",2025-05-30,NA,NA,NA
"TER-EXO-T01",2025-05-31,NA,NA,NA
"TER-EXO-T01",2025-06-01,NA,NA,NA
"TER-EXO-T01",2025-06-02,NA,NA,NA
"TER-EXO-T01",2025-06-03,NA,NA,NA
"TER-EXO-T01",2025-06-04,NA,NA,NA
"TER-EXO-T01",2025-06-05,NA,NA,NA
"TER-EXO-T01",2025-06-06,NA,NA,NA
"TER-EXO-T01",2025-06-07,NA,NA,NA
"TER-EXO-T01",2025-06-08,NA,NA,NA
"TER-EXO-T01",2025-06-09,NA,NA,NA
"TER-EXO-T01",2025-06-10,NA,NA,NA
"TER-EXO-T01",2025-06-11,NA,NA,NA
"TER-EXO-T01",2025-06-12,NA,NA,NA
"TER-EXO-T02",2023-08-09,NA,NA,NA
"TER-EXO-T02",2023-08-10,NA,NA,NA
"TER-EXO-T02",2023-08-11,NA,NA,NA
"TER-EXO-T02",2023-08-12,NA,NA,NA
"TER-EXO-T02",2023-08-13,NA,NA,NA
"TER-EXO-T02",2023-08-14,NA,NA,NA
"TER-EXO-T02",2023-08-15,NA,NA,NA
"TER-EXO-T02",2023-08-16,NA,NA,NA
"TER-EXO-T02",2023-08-17,NA,NA,NA
"TER-EXO-T02",2023-08-18,NA,NA,NA
"TER-EXO-T02",2023-08-19,NA,NA,NA
"TER-EXO-T02",2023-08-20,NA,NA,NA
"TER-EXO-T02",2023-08-21,NA,NA,NA
"TER-EXO-T02",2023-08-22,NA,NA,NA
"TER-EXO-T02",2023-08-23,NA,NA,NA
"TER-EXO-T02",2023-08-24,NA,NA,NA
"TER-EXO-T02",2023-08-25,NA,NA,NA
"TER-EXO-T02",2023-08-26,NA,NA,NA
"TER-EXO-T02",2023-08-27,NA,NA,NA
"TER-EXO-T02",2023-08-28,NA,NA,NA
"TER-EXO-T02",2023-08-29,NA,NA,NA
"TER-EXO-T02",2023-08-30,NA,NA,NA
"TER-EXO-T02",2023-08-31,NA,NA,NA
"TER-EXO-T02",2023-09-01,NA,NA,NA
"TER-EXO-T02",2023-09-02,NA,NA,NA
"TER-EXO-T02",2023-09-03,NA,NA,NA
"TER-EXO-T02",2023-09-04,NA,NA,NA
"TER-EXO-T02",2023-09-05,NA,NA,NA
"TER-EXO-T02",2023-09-06,NA,NA,NA
"TER-EXO-T02",2023-09-07,NA,NA,NA
"TER-EXO-T02",2023-09-08,NA,NA,NA
"TER-EXO-T02",2023-09-09,NA,NA,NA
"TER-EXO-T02",2023-09-10,NA,NA,NA
"TER-EXO-T02",2023-09-11,NA,NA,NA
"TER-EXO-T02",2023-09-12,NA,NA,NA
"TER-EXO-T02",2023-09-13,NA,NA,NA
"TER-EXO-T02",2023-09-14,NA,NA,NA
"TER-EXO-T02",2023-09-15,NA,NA,NA
"TER-EXO-T02",2023-09-16,NA,NA,NA
"TER-EXO-T02",2023-09-17,NA,NA,NA
"TER-EXO-T02",2023-09-18,NA,NA,NA
"TER-EXO-T02",2023-09-19,NA,NA,NA
"TER-EXO-T02",2023-09-20,NA,NA,NA
"TER-EXO-T02",2023-09-21,NA,NA,NA
"TER-EXO-T02",2023-09-22,NA,NA,NA
"TER-EXO-T02",2023-09-23,NA,NA,NA
"TER-EXO-T02",2023-09-24,NA,NA,NA
"TER-EXO-T02",2023-09-25,NA,NA,NA
"TER-EXO-T02",2023-09-26,NA,NA,NA
"TER-EXO-T02",2023-09-27,NA,NA,NA
"TER-EXO-T02",2023-09-28,NA,NA,NA
"TER-EXO-T02",2023-09-29,NA,NA,NA
"TER-EXO-T02",2023-09-30,NA,NA,NA
"TER-EXO-T02",2023-10-01,NA,NA,NA
"TER-EXO-T02",2023-10-02,NA,NA,NA
"TER-EXO-T02",2023-10-03,NA,NA,NA
"TER-EXO-T02",2023-10-04,NA,NA,NA
"TER-EXO-T02",2023-10-05,NA,NA,NA
"TER-EXO-T02",2023-10-06,NA,NA,NA
"TER-EXO-T02",2023-10-07,NA,NA,NA
"TER-EXO-T02",2023-10-08,NA,NA,NA
"TER-EXO-T02",2023-10-09,NA,NA,NA
"TER-EXO-T02",2023-10-10,NA,NA,NA
"TER-EXO-T02",2023-10-11,NA,NA,NA
"TER-EXO-T02",2023-10-12,NA,NA,NA
"TER-EXO-T02",2023-10-13,NA,NA,NA
"TER-EXO-T02",2023-10-14,NA,NA,NA
"TER-EXO-T02",2023-10-15,NA,NA,NA
"TER-EXO-T02",2023-10-16,NA,NA,NA
"TER-EXO-T02",2023-10-17,NA,NA,NA
"TER-EXO-T02",2023-10-18,NA,NA,NA
"TER-EXO-T02",2023-10-19,NA,NA,NA
"TER-EXO-T02",2023-10-20,NA,NA,NA
"TER-EXO-T02",2023-10-21,NA,NA,NA
"TER-EXO-T02",2023-10-22,NA,NA,NA
"TER-EXO-T02",2023-10-23,NA,NA,NA
"TER-EXO-T02",2023-10-24,NA,NA,NA
"TER-EXO-T02",2023-10-25,NA,NA,NA
"TER-EXO-T02",2023-10-26,NA,NA,NA
"TER-EXO-T02",2023-10-27,NA,NA,NA
"TER-EXO-T02",2023-10-28,NA,NA,NA
"TER-EXO-T02",2023-10-29,NA,NA,NA
"TER-EXO-T02",2023-10-30,NA,NA,NA
"TER-EXO-T02",2023-10-31,NA,NA,NA
"TER-EXO-T02",2023-11-01,NA,NA,NA
"TER-EXO-T02",2023-11-02,NA,NA,NA
"TER-EXO-T02",2023-11-03,NA,NA,NA
"TER-EXO-T02",2023-11-04,NA,NA,NA
"TER-EXO-T02",2023-11-05,NA,NA,NA
"TER-EXO-T02",2023-11-06,NA,NA,NA
"TER-EXO-T02",2023-11-07,NA,NA,NA
"TER-EXO-T02",2023-11-08,NA,NA,NA
"TER-EXO-T02",2023-11-09,NA,NA,NA
"TER-EXO-T02",2023-11-10,NA,NA,NA
"TER-EXO-T02",2023-11-11,NA,NA,NA
"TER-EXO-T02",2023-11-12,NA,NA,NA
"TER-EXO-T02",2023-11-13,NA,NA,NA
"TER-EXO-T02",2023-11-14,NA,NA,NA
"TER-EXO-T02",2023-11-15,NA,NA,NA
"TER-EXO-T02",2023-11-16,NA,NA,NA
"TER-EXO-T02",2023-11-17,NA,NA,NA
"TER-EXO-T02",2023-11-18,NA,NA,NA
"TER-EXO-T02",2023-11-19,NA,NA,NA
"TER-EXO-T02",2023-11-20,NA,NA,NA
"TER-EXO-T02",2023-11-21,NA,NA,NA
"TER-EXO-T02",2023-11-22,NA,NA,NA
"TER-EXO-T02",2023-11-23,NA,NA,NA
"TER-EXO-T02",2023-11-24,NA,NA,NA
"TER-EXO-T02",2023-11-25,NA,NA,NA
"TER-EXO-T02",2023-11-26,NA,NA,NA
"TER-EXO-T02",2023-11-27,NA,NA,NA
"TER-EXO-T02",2023-11-28,NA,NA,NA
"TER-EXO-T02",2023-11-29,NA,NA,NA
"TER-EXO-T02",2023-11-30,NA,NA,NA
"TER-EXO-T02",2023-12-01,NA,NA,NA
"TER-EXO-T02",2023-12-02,NA,NA,NA
"TER-EXO-T02",2023-12-03,NA,NA,NA
"TER-EXO-T02",2023-12-04,NA,NA,NA
"TER-EXO-T02",2023-12-05,NA,NA,NA
"TER-EXO-T02",2023-12-06,NA,NA,NA
"TER-EXO-T02",2023-12-07,NA,NA,NA
"TER-EXO-T02",2023-12-08,NA,NA,NA
"TER-EXO-T02",2023-12-09,NA,NA,NA
"TER-EXO-T02",2023-12-10,NA,NA,NA
"TER-EXO-T02",2023-12-11,NA,NA,NA
"TER-EXO-T02",2023-12-12,NA,NA,NA
"TER-EXO-T02",2023-12-13,NA,NA,NA
"TER-EXO-T02",2023-12-14,NA,NA,NA
"TER-EXO-T02",2023-12-15,NA,NA,NA
"TER-EXO-T02",2023-12-16,NA,NA,NA
"TER-EXO-T02",2023-12-17,NA,NA,NA
"TER-EXO-T02",2023-12-18,NA,NA,NA
"TER-EXO-T02",2023-12-19,NA,NA,NA
"TER-EXO-T02",2023-12-20,NA,NA,NA
"TER-EXO-T02",2023-12-21,NA,NA,NA
"TER-EXO-T02",2023-12-22,NA,NA,NA
"TER-EXO-T02",2023-12-23,NA,NA,NA
"TER-EXO-T02",2023-12-24,NA,NA,NA
"TER-EXO-T02",2023-12-25,NA,NA,NA
"TER-EXO-T02",2023-12-26,NA,NA,NA
"TER-EXO-T02",2023-12-27,NA,NA,NA
"TER-EXO-T02",2023-12-28,NA,NA,NA
"TER-EXO-T02",2023-12-29,NA,NA,NA
"TER-EXO-T02",2023-12-30,NA,NA,NA
"TER-EXO-T02",2023-12-31,NA,NA,NA
"TER-EXO-T02",2024-01-01,NA,NA,NA
"TER-EXO-T02",2024-01-02,NA,NA,NA
"TER-EXO-T02",2024-01-03,NA,NA,NA
"TER-EXO-T02",2024-01-04,NA,NA,NA
"TER-EXO-T02",2024-01-05,NA,NA,NA
"TER-EXO-T02",2024-01-06,NA,NA,NA
"TER-EXO-T02",2024-01-07,NA,NA,NA
"TER-EXO-T02",2024-01-08,NA,NA,NA
"TER-EXO-T02",2024-01-09,NA,NA,NA
"TER-EXO-T02",2024-01-10,NA,NA,NA
"TER-EXO-T02",2024-01-11,NA,NA,NA
"TER-EXO-T02",2024-01-12,NA,NA,NA
"TER-EXO-T02",2024-01-13,NA,NA,NA
"TER-EXO-T02",2024-01-14,NA,NA,NA
"TER-EXO-T02",2024-01-15,NA,NA,NA
"TER-EXO-T02",2024-01-16,NA,NA,NA
"TER-EXO-T02",2024-01-17,NA,NA,NA
"TER-EXO-T02",2024-01-18,NA,NA,NA
"TER-EXO-T02",2024-01-19,NA,NA,NA
"TER-EXO-T02",2024-01-20,NA,NA,NA
"TER-EXO-T02",2024-01-21,NA,NA,NA
"TER-EXO-T02",2024-01-22,NA,NA,NA
"TER-EXO-T02",2024-01-23,NA,NA,NA
"TER-EXO-T02",2024-01-24,NA,NA,NA
"TER-EXO-T02",2024-01-25,NA,NA,NA
"TER-EXO-T02",2024-01-26,NA,NA,NA
"TER-EXO-T02",2024-01-27,NA,NA,NA
"TER-EXO-T02",2024-01-28,NA,NA,NA
"TER-EXO-T02",2024-01-29,NA,NA,NA
"TER-EXO-T02",2024-01-30,NA,NA,NA
"TER-EXO-T02",2024-01-31,NA,NA,NA
"TER-EXO-T02",2024-02-01,NA,NA,NA
"TER-EXO-T02",2024-02-02,NA,NA,NA
"TER-EXO-T02",2024-02-03,NA,NA,NA
"TER-EXO-T02",2024-02-04,NA,NA,NA
"TER-EXO-T02",2024-02-05,NA,NA,NA
"TER-EXO-T02",2024-02-06,NA,NA,NA
"TER-EXO-T02",2024-02-07,NA,NA,NA
"TER-EXO-T02",2024-02-08,NA,NA,NA
"TER-EXO-T02",2024-02-09,NA,NA,NA
"TER-EXO-T02",2024-02-10,NA,NA,NA
"TER-EXO-T02",2024-02-11,NA,NA,NA
"TER-EXO-T02",2024-02-12,NA,NA,NA
"TER-EXO-T02",2024-02-13,NA,NA,NA
"TER-EXO-T02",2024-02-14,NA,NA,NA
"TER-EXO-T02",2024-02-15,NA,NA,NA
"TER-EXO-T02",2024-02-16,NA,NA,NA
"TER-EXO-T02",2024-02-17,NA,NA,NA
"TER-EXO-T02",2024-02-18,NA,NA,NA
"TER-EXO-T02",2024-02-19,NA,NA,NA
"TER-EXO-T02",2024-02-20,NA,NA,NA
"TER-EXO-T02",2024-02-21,NA,NA,NA
"TER-EXO-T02",2024-02-22,NA,NA,NA
"TER-EXO-T02",2024-02-23,NA,NA,NA
"TER-EXO-T02",2024-02-24,NA,NA,NA
"TER-EXO-T02",2024-02-25,NA,NA,NA
"TER-EXO-T02",2024-02-26,NA,NA,NA
"TER-EXO-T02",2024-02-27,NA,NA,NA
"TER-EXO-T02",2024-02-28,NA,NA,NA
"TER-EXO-T02",2024-02-29,NA,NA,NA
"TER-EXO-T02",2024-03-01,NA,NA,NA
"TER-EXO-T02",2024-03-02,NA,NA,NA
"TER-EXO-T02",2024-03-03,NA,NA,NA
"TER-EXO-T02",2024-03-04,NA,NA,NA
"TER-EXO-T02",2024-03-05,NA,NA,NA
"TER-EXO-T02",2024-03-06,NA,NA,NA
"TER-EXO-T02",2024-03-07,NA,NA,NA
"TER-EXO-T02",2024-03-08,NA,NA,NA
"TER-EXO-T02",2024-03-09,NA,NA,NA
"TER-EXO-T02",2024-03-10,NA,NA,NA
"TER-EXO-T02",2024-03-11,NA,NA,NA
"TER-EXO-T02",2024-03-12,NA,NA,NA
"TER-EXO-T02",2024-03-13,NA,NA,NA
"TER-EXO-T02",2024-03-14,NA,NA,NA
"TER-EXO-T02",2024-03-15,NA,NA,NA
"TER-EXO-T02",2024-03-16,NA,NA,NA
"TER-EXO-T02",2024-03-17,NA,NA,NA
"TER-EXO-T02",2024-03-18,NA,NA,NA
"TER-EXO-T02",2024-03-19,NA,NA,NA
"TER-EXO-T02",2024-03-20,NA,NA,NA
"TER-EXO-T02",2024-03-21,0.138260131871322,0.175550575976174,0.196766852753482
"TER-EXO-T02",2024-03-22,0.135813163893525,0.142058569042071,0.167719811760997
"TER-EXO-T02",2024-03-23,0.114434390663309,0.133196633200188,0.153273282271725
"TER-EXO-T02",2024-03-24,0.116003089186766,0.126938381419815,0.143410844627715
"TER-EXO-T02",2024-03-25,0.100641084619845,0.0971022489581294,0.122837522357723
"TER-EXO-T02",2024-03-26,0.0575527110456217,0.0771016875882339,0.081986080437508
"TER-EXO-T02",2024-03-27,NA,0.182463510698499,0.217577941481133
"TER-EXO-T02",2024-03-28,NA,NA,0.148119638166815
"TER-EXO-T02",2024-03-29,NA,NA,NA
"TER-EXO-T02",2024-03-30,NA,NA,NA
"TER-EXO-T02",2024-03-31,NA,NA,NA
"TER-EXO-T02",2024-04-01,NA,NA,NA
"TER-EXO-T02",2024-04-02,NA,NA,NA
"TER-EXO-T02",2024-04-03,NA,NA,NA
"TER-EXO-T02",2024-04-04,NA,NA,NA
"TER-EXO-T02",2024-04-05,NA,NA,NA
"TER-EXO-T02",2024-04-06,NA,NA,NA
"TER-EXO-T02",2024-04-07,NA,NA,NA
"TER-EXO-T02",2024-04-08,NA,NA,NA
"TER-EXO-T02",2024-04-09,NA,NA,NA
"TER-EXO-T02",2024-04-10,NA,NA,NA
"TER-EXO-T02",2024-04-11,NA,NA,NA
"TER-EXO-T02",2024-04-12,NA,NA,NA
"TER-EXO-T02",2024-04-13,NA,NA,NA
"TER-EXO-T02",2024-04-14,NA,NA,NA
"TER-EXO-T02",2024-04-15,NA,NA,NA
"TER-EXO-T02",2024-04-16,NA,NA,NA
"TER-EXO-T02",2024-04-17,NA,NA,NA
"TER-EXO-T02",2024-04-18,NA,NA,NA
"TER-EXO-T02",2024-04-19,NA,NA,NA
"TER-EXO-T02",2024-04-20,NA,NA,NA
"TER-EXO-T02",2024-04-21,NA,NA,NA
"TER-EXO-T02",2024-04-22,NA,NA,NA
"TER-EXO-T02",2024-04-23,0.0824152915037745,NA,0.0840313993117218
"TER-EXO-T02",2024-04-24,0.117971091563134,NA,0.171298971062913
"TER-EXO-T02",2024-04-25,0.179291854512573,NA,0.303092738818477
"TER-EXO-T02",2024-04-26,0.112671558996928,NA,0.167762084805058
"TER-EXO-T02",2024-04-27,0.121834900217305,NA,0.171865736871908
"TER-EXO-T02",2024-04-28,0.222969828152518,NA,0.271589903208525
"TER-EXO-T02",2024-04-29,0.207398144818138,NA,0.239343273935361
"TER-EXO-T02",2024-04-30,0.173174316609609,NA,0.200822211091857
"TER-EXO-T02",2024-05-01,0.0471894550485957,NA,0.0356425356195557
"TER-EXO-T02",2024-05-02,0.0124187692400069,NA,0
"TER-EXO-T02",2024-05-03,0.019962934463516,NA,0
"TER-EXO-T02",2024-05-04,0.13695381849997,NA,0.139999318007726
"TER-EXO-T02",2024-05-05,0.241615420130414,NA,0.345874527957705
"TER-EXO-T02",2024-05-06,0.00938890339541464,NA,0
"TER-EXO-T02",2024-05-07,0.0119898353005523,NA,0
"TER-EXO-T02",2024-05-08,0.172815748258726,NA,0.227552979285871
"TER-EXO-T02",2024-05-09,0.278556604318836,NA,0.440873488957266
"TER-EXO-T02",2024-05-10,0.136583101627379,NA,0.134363714988659
"TER-EXO-T02",2024-05-11,0.271132795283475,NA,0.333009018438025
"TER-EXO-T02",2024-05-12,0.365831381041614,NA,0.409459844591185
"TER-EXO-T02",2024-05-13,0.154318634288833,NA,0.232094892898981
"TER-EXO-T02",2024-05-14,0.164351083157432,NA,0.216821108541364
"TER-EXO-T02",2024-05-15,0.166113874196242,NA,0.190666314526884
"TER-EXO-T02",2024-05-16,0.154729060698543,NA,0.19324265858687
"TER-EXO-T02",2024-05-17,0.2285314724621,NA,NA
"TER-EXO-T02",2024-05-18,0.14012691018715,0.154026361594099,0.167107341077671
"TER-EXO-T02",2024-05-19,0.221853001331838,0.225113403122672,0.243163964249455
"TER-EXO-T02",2024-05-20,0.0938401078890187,0.125307614788929,0.169398568017482
"TER-EXO-T02",2024-05-21,0.0370802202099746,0.0269287235932875,0.0452337637147007
"TER-EXO-T02",2024-05-22,0.0193395693391129,0.0061244769150617,0.00816596922008225
"TER-EXO-T02",2024-05-23,0.00393964201409929,0,0
"TER-EXO-T02",2024-05-24,0.136393345369691,0.205742336165241,0.233992912652423
"TER-EXO-T02",2024-05-25,0.226166790322744,0.285325390001673,0.313816568721748
"TER-EXO-T02",2024-05-26,0.21310403327943,0.218670499205243,0.245354464720312
"TER-EXO-T02",2024-05-27,0.0688726004331839,0.0662713081535389,0.0848780765109247
"TER-EXO-T02",2024-05-28,0.0500167001731571,0.0271104838211725,0.03097992174006
"TER-EXO-T02",2024-05-29,0.00395313117586877,0,0
"TER-EXO-T02",2024-05-30,0.146621908033804,0.166586577880401,0.17073047704121
"TER-EXO-T02",2024-05-31,0.0345641271157585,0.0294992803529369,0.0353809562119878
"TER-EXO-T02",2024-06-01,0.0822550889324185,0.0719230232973438,0.10730110220263
"TER-EXO-T02",2024-06-02,0.0552854189743252,0.0398071582510829,0.0619263302605887
"TER-EXO-T02",2024-06-03,0.111494244061669,0.133116756216033,0.163212735731373
"TER-EXO-T02",2024-06-04,0.0460197826508118,0.0535763052049413,0.0905982140605261
"TER-EXO-T02",2024-06-05,0.0248957730885567,0.0690659258380298,0.0939897673971642
"TER-EXO-T02",2024-06-06,0.162701325114361,0.178801052197489,0.196703964701654
"TER-EXO-T02",2024-06-07,0.201049509073811,0.194099189368299,0.240065792789159
"TER-EXO-T02",2024-06-08,0.233507686647302,0.211169577027512,0.252728686740886
"TER-EXO-T02",2024-06-09,0.122769248778896,0.139229362960857,0.189456979257256
"TER-EXO-T02",2024-06-10,0.138358996353292,0.138300305189079,0.154803265305262
"TER-EXO-T02",2024-06-11,0.137782342146821,0.134347485609102,0.16570162489607
"TER-EXO-T02",2024-06-12,0.214414881205944,0.211691987599667,0.261499828279175
"TER-EXO-T02",2024-06-13,0.127637254735546,0.123820745530996,0.181925829496887
"TER-EXO-T02",2024-06-14,0.197241727869642,0.16871105827842,0.215956848436164
"TER-EXO-T02",2024-06-15,0.176922722184618,0.166651195540753,0.200809278802721
"TER-EXO-T02",2024-06-16,0.10565424638269,0.0798914359356398,0.130627528646206
"TER-EXO-T02",2024-06-17,0.16601560788497,0.143578856448282,0.172301226814369
"TER-EXO-T02",2024-06-18,0.189956512642116,0.198798721658199,0.219354629692441
"TER-EXO-T02",2024-06-19,0.142844703577905,0.177999022479971,0.190026945015807
"TER-EXO-T02",2024-06-20,0.231809240931681,0.228875041342299,0.266466008049588
"TER-EXO-T02",2024-06-21,0.21868655118619,0.173998835079232,0.236069378455854
"TER-EXO-T02",2024-06-22,0.0445478730417258,0.0486035422256039,0.0775719312167892
"TER-EXO-T02",2024-06-23,0.0421609273981312,0.033675204114455,0.0461352442741198
"TER-EXO-T02",2024-06-24,0.0253922720570648,0.040522671983535,0.0473099746872102
"TER-EXO-T02",2024-06-25,0.225220290898645,0.247866449741275,0.296431325479909
"TER-EXO-T02",2024-06-26,0.242759791880673,0.225399284370029,0.285875403659117
"TER-EXO-T02",2024-06-27,0.185341744559909,0.144757574704151,0.203120375544052
"TER-EXO-T02",2024-06-28,0.254044004831212,0.217939908887286,0.271090473501979
"TER-EXO-T02",2024-06-29,0.191636599671814,0.163348081812973,0.223289378946035
"TER-EXO-T02",2024-06-30,0.10056721563451,0.0653076337066388,0.0754532130575964
"TER-EXO-T02",2024-07-01,0.301390173131632,0.28249888326827,0.329977491242864
"TER-EXO-T02",2024-07-02,0.300154055266322,0.250908322349908,0.293025586994482
"TER-EXO-T02",2024-07-03,0.276687795652931,0.257218642890267,0.331755585622877
"TER-EXO-T02",2024-07-04,0.25136376644649,0.232313581359211,0.267386009088154
"TER-EXO-T02",2024-07-05,0.269811797172446,0.236592435924484,0.28048125503091
"TER-EXO-T02",2024-07-06,0.301744766114379,0.263206087095151,0.339225672541595
"TER-EXO-T02",2024-07-07,0.171602171008628,0.137695426599785,0.18552754960155
"TER-EXO-T02",2024-07-08,0.0414702753636521,0.0400173609520289,0.042270251613003
"TER-EXO-T02",2024-07-09,0.09633177827067,0.0763438830714727,0.105273139001239
"TER-EXO-T02",2024-07-10,0.257889314510705,0.223497881239985,0.272132690814016
"TER-EXO-T02",2024-07-11,0.117489708171553,0.0882690678536818,0.122011901888325
"TER-EXO-T02",2024-07-12,0.0567839072226341,0.0824298169916645,0.120755553674744
"TER-EXO-T02",2024-07-13,0.148904334160623,0.17720349079677,0.233641336965657
"TER-EXO-T02",2024-07-14,0.195123324119257,0.189684496385042,0.216802583711615
"TER-EXO-T02",2024-07-15,0.0218214171269373,0.0347539894287028,0.0202352903519172
"TER-EXO-T02",2024-07-16,0.0268465559069345,0.0751876183340013,0.0835601612196888
"TER-EXO-T02",2024-07-17,NA,NA,NA
"TER-EXO-T02",2024-07-18,0.104966495123798,0.0978165954274288,0.156698889628537
"TER-EXO-T02",2024-07-19,0.33019302862238,0.352015067070867,0.414012624178876
"TER-EXO-T02",2024-07-20,0.259057049264863,0.252600799168823,0.314955603299158
"TER-EXO-T02",2024-07-21,0.286652360307485,0.292443334787037,0.346929863051482
"TER-EXO-T02",2024-07-22,0.131824712865913,0.130509337617143,0.141599112558599
"TER-EXO-T02",2024-07-23,0.117352811482531,0.103807649068297,0.13400517723721
"TER-EXO-T02",2024-07-24,0.19516695599604,0.179246588183355,0.201353975135465
"TER-EXO-T02",2024-07-25,0.157089664930958,0.127512417893598,0.158509527784888
"TER-EXO-T02",2024-07-26,0.0696907394691038,0.0590701676384623,0.0732981374205161
"TER-EXO-T02",2024-07-27,0.143541134592571,0.127644331164213,0.153068136751079
"TER-EXO-T02",2024-07-28,0.182293331367087,0.139471481454719,0.194226053080785
"TER-EXO-T02",2024-07-29,0.0980403203486303,0.136369969643569,0.174031615773405
"TER-EXO-T02",2024-07-30,0.094541111804661,0.130225441265846,0.197524729743422
"TER-EXO-T02",2024-07-31,0.221860777997916,0.205956656406657,0.278376853768589
"TER-EXO-T02",2024-08-01,0.22520837072958,0.26619090129603,0.293163383186474
"TER-EXO-T02",2024-08-02,0.214277012921492,0.209754310191641,0.225789474480412
"TER-EXO-T02",2024-08-03,0.203552788371638,0.210359139346891,0.223064838570749
"TER-EXO-T02",2024-08-04,0.297694980794419,0.269178106726035,0.31386373028127
"TER-EXO-T02",2024-08-05,0.233687444629232,0.211823157191681,0.244431031861274
"TER-EXO-T02",2024-08-06,0.184221982194891,0.210008782708896,0.240790461791079
"TER-EXO-T02",2024-08-07,0.228817100182255,0.227729116966059,0.25610141893782
"TER-EXO-T02",2024-08-08,0.203579496883625,0.209019055034099,0.226112845292778
"TER-EXO-T02",2024-08-09,0.201410331706127,0.174753405452507,0.179817565193648
"TER-EXO-T02",2024-08-10,0.122986838506542,0.0911081688377674,0.105085980969046
"TER-EXO-T02",2024-08-11,0.204522158606767,0.251989845411664,0.288392846117637
"TER-EXO-T02",2024-08-12,0.338022599912956,0.382704548776042,0.412756955320009
"TER-EXO-T02",2024-08-13,0.282386959513871,0.365681941645387,0.371443445439429
"TER-EXO-T02",2024-08-14,0.214300219322998,0.217480311732615,0.221421098317499
"TER-EXO-T02",2024-08-15,0.130546679358245,0.127937191980519,0.144037204289907
"TER-EXO-T02",2024-08-16,0.150700817963679,0.176677310510524,0.194362726073695
"TER-EXO-T02",2024-08-17,0.153104667869553,0.170088175259771,0.169797520974411
"TER-EXO-T02",2024-08-18,0.214369363791586,0.221965398062997,0.238439163612412
"TER-EXO-T02",2024-08-19,0.378071668250941,0.446245700983549,0.510856875199215
"TER-EXO-T02",2024-08-20,0.106063089596026,0.136784532257355,0.155269003206515
"TER-EXO-T02",2024-08-21,0.223702045597726,0.280893996930946,0.301760408220384
"TER-EXO-T02",2024-08-22,0.343026034114622,0.339559550085352,0.358556998217701
"TER-EXO-T02",2024-08-23,0.279993681808428,0.375529638879475,0.417660541640179
"TER-EXO-T02",2024-08-24,0.243954106457009,0.356892219449574,0.395261034280437
"TER-EXO-T02",2024-08-25,0.270601233504367,0.292950835472341,0.311380558843248
"TER-EXO-T02",2024-08-26,0.0617602292006558,0.0722806815187407,0.123227652831504
"TER-EXO-T02",2024-08-27,0.234633509302017,0.272618718346232,0.285366310457931
"TER-EXO-T02",2024-08-28,0.228366288697617,0.28635615340941,0.300004855924432
"TER-EXO-T02",2024-08-29,0.260080676614476,0.293566562192977,0.293729600211643
"TER-EXO-T02",2024-08-30,0.222363674686958,0.251658788741428,0.254588394782523
"TER-EXO-T02",2024-08-31,0.112119735993678,0.118625823341728,0.128156349056531
"TER-EXO-T02",2024-09-01,0.259168776731525,0.267128716598055,0.280175351801566
"TER-EXO-T02",2024-09-02,0.262497320533577,0.29173495750404,0.307360476101289
"TER-EXO-T02",2024-09-03,0.293833249738608,0.31598667414633,0.316059325894409
"TER-EXO-T02",2024-09-04,0.250334263137556,0.252320046601409,0.260590780279277
"TER-EXO-T02",2024-09-05,0.241717964639713,0.231865557130373,0.242099620433523
"TER-EXO-T02",2024-09-06,0.187962725949412,0.192843295529243,0.201720375045723
"TER-EXO-T02",2024-09-07,0.159034358662858,0.167462700307689,0.165706274216624
"TER-EXO-T02",2024-09-08,0.241369880495793,0.269970059302362,0.296466833234054
"TER-EXO-T02",2024-09-09,0.16748393985723,0.180840043698611,0.196902952119863
"TER-EXO-T02",2024-09-10,0.153542065566135,0.23887590007657,0.274256577663581
"TER-EXO-T02",2024-09-11,0.198821925743815,0.29813789944567,0.323665359297873
"TER-EXO-T02",2024-09-12,0.300229614081493,0.313069477013188,0.339157343330248
"TER-EXO-T02",2024-09-13,0.212683412091879,0.215014586026639,0.235679710357288
"TER-EXO-T02",2024-09-14,0.140116180156379,0.163621785584267,0.170262287876063
"TER-EXO-T02",2024-09-15,0.277296821802648,0.282084629589349,0.292173846339277
"TER-EXO-T02",2024-09-16,0.0701973856048164,0.0608558809244812,0.0692315289729284
"TER-EXO-T02",2024-09-17,0.159312856205706,0.217137054880836,0.277327590013515
"TER-EXO-T02",2024-09-18,0.259359863089428,0.272589396693508,0.303629372587975
"TER-EXO-T02",2024-09-19,0.21571642848649,0.215947182453241,0.227335037390635
"TER-EXO-T02",2024-09-20,0.133740159419172,0.199857842991756,0.233084419550414
"TER-EXO-T02",2024-09-21,0.253228067829991,0.266653912935689,0.276702431531306
"TER-EXO-T02",2024-09-22,0.104122839341281,0.110731120776782,0.115964547646388
"TER-EXO-T02",2024-09-23,0.154277675608894,0.14683663854425,0.169193543398378
"TER-EXO-T02",2024-09-24,0.0462472293647303,0.0222873102345591,0.0155979033314545
"TER-EXO-T02",2024-09-25,0.088739310531296,0.105328418310446,0.12630928582244
"TER-EXO-T02",2024-09-26,0.2057287082254,0.257206579319067,0.262947119055998
"TER-EXO-T02",2024-09-27,0.0220544364801814,0.0233156738315521,0.0360719649948965
"TER-EXO-T02",2024-09-28,0.0100052433559246,0.00523610864832344,0
"TER-EXO-T02",2024-09-29,0.00551376428331392,0,0
"TER-EXO-T02",2024-09-30,0.00417182702124187,0,0
"TER-EXO-T02",2024-10-01,0.00452728043327028,0,0
"TER-EXO-T02",2024-10-02,0.00464834660942947,0,0
"TER-EXO-T02",2024-10-03,0.00329301132492955,0,0
"TER-EXO-T02",2024-10-04,0.00768314848508684,0,0
"TER-EXO-T02",2024-10-05,0.0166417014046179,0.110225070165516,0.161289747716143
"TER-EXO-T02",2024-10-06,0.0603263171357605,0.149927682701945,0.1694424327202
"TER-EXO-T02",2024-10-07,0.0685269147033169,0.115632911255274,0.110413900989699
"TER-EXO-T02",2024-10-08,0.0733597388536629,0.145044744821706,NA
"TER-EXO-T02",2024-10-09,0.0134166609905358,0.0542439905586894,NA
"TER-EXO-T02",2024-10-10,0.0142486326298616,0.0554053867455753,NA
"TER-EXO-T02",2024-10-11,0.0694877452370815,0.126100635625154,NA
"TER-EXO-T02",2024-10-12,0.0997205614169807,0.202200919540637,NA
"TER-EXO-T02",2024-10-13,0.0155477239064909,0,NA
"TER-EXO-T02",2024-10-14,0.0167929058965612,0.0708135004452491,NA
"TER-EXO-T02",2024-10-15,0.0350580280364046,0.102691838398894,NA
"TER-EXO-T02",2024-10-16,0.0545528239223348,0.198314633303921,NA
"TER-EXO-T02",2024-10-17,0.100195550071995,0.106807445230315,NA
"TER-EXO-T02",2024-10-18,0.0500239918742431,0.0709611919722329,NA
"TER-EXO-T02",2024-10-19,0.004684386857583,0.0238723329045835,NA
"TER-EXO-T02",2024-10-20,0.0666580225553529,0.111730288695822,NA
"TER-EXO-T02",2024-10-21,0.0872723038253642,0.164724758599442,NA
"TER-EXO-T02",2024-10-22,0.0441029621416489,0.0653234467291892,NA
"TER-EXO-T02",2024-10-23,0.015571057461852,0.0263983724407357,NA
"TER-EXO-T02",2024-10-24,0.077943182533854,0.127900218416447,NA
"TER-EXO-T02",2024-10-25,0.0874561592351358,0.16415044505423,NA
"TER-EXO-T02",2024-10-26,0.0356570424455519,0.0725554729927675,NA
"TER-EXO-T02",2024-10-27,0.0288843612362845,0.0390880309683201,NA
"TER-EXO-T02",2024-10-28,0.0579470188210342,0.110685004816965,NA
"TER-EXO-T02",2024-10-29,0.0536732217676344,0.0949051941522668,NA
"TER-EXO-T02",2024-10-30,0.00962141508216725,0.0278023254755257,NA
"TER-EXO-T02",2024-10-31,0.00605519145414618,0.0142203692372119,NA
"TER-EXO-T02",2024-11-01,0.0101080569768978,0.00421371766307367,NA
"TER-EXO-T02",2024-11-02,0.0119518663338972,0.0262535865909703,NA
"TER-EXO-T02",2024-11-03,0.00533889007400029,0.0291482539667592,NA
"TER-EXO-T02",2024-11-04,0.0129232460199711,0.0431933175092767,NA
"TER-EXO-T02",2024-11-05,0.00998448550707518,0.0177662649085054,NA
"TER-EXO-T02",2024-11-06,0.0423493867533181,0.100644669548014,NA
"TER-EXO-T02",2024-11-07,0.0857553937841463,0.137585229016962,NA
"TER-EXO-T02",2024-11-08,0.00720606514216314,0.00934343279206262,NA
"TER-EXO-T02",2024-11-09,0.00288262751781079,0.00217405255125912,NA
"TER-EXO-T02",2024-11-10,0.00641919672795692,0.0133264739432957,NA
"TER-EXO-T02",2024-11-11,0.00919587947792309,0.00989759372406254,NA
"TER-EXO-T02",2024-11-12,0.00245215518612545,0,NA
"TER-EXO-T02",2024-11-13,0.00675962912748518,0,NA
"TER-EXO-T02",2024-11-14,0.0177172236874655,0.0574026349283593,NA
"TER-EXO-T02",2024-11-15,0.0207322789042731,0.0699916776553757,NA
"TER-EXO-T02",2024-11-16,0.0313568021507863,0.0562480962821695,NA
"TER-EXO-T02",2024-11-17,0.0159618297545316,0.0401264573286155,NA
"TER-EXO-T02",2024-11-18,0.0157500327640732,0.0262387659412104,NA
"TER-EXO-T02",2024-11-19,0.0140307452036335,0.0895145462471522,NA
"TER-EXO-T02",2024-11-20,0.00348281622150576,0.0184358603295561,NA
"TER-EXO-T02",2024-11-21,0.00285576801491751,0.0026933093255261,NA
"TER-EXO-T02",2024-11-22,0.00298856373519476,0,NA
"TER-EXO-T02",2024-11-23,0.0102177953133126,0.00593091695954563,NA
"TER-EXO-T02",2024-11-24,0.00330666814195323,0.080927345352077,NA
"TER-EXO-T02",2024-11-25,0.0107295018939737,0.0871851402639305,NA
"TER-EXO-T02",2024-11-26,0.011697240842726,0.00408298461004115,NA
"TER-EXO-T02",2024-11-27,0.0112544840219772,0.0873156791348717,NA
"TER-EXO-T02",2024-11-28,0.0462023050770728,0.0939156108516734,NA
"TER-EXO-T02",2024-11-29,0.0334569151422726,0.0555677469506829,NA
"TER-EXO-T02",2024-11-30,0.00844217191799197,0.109200852737837,NA
"TER-EXO-T02",2024-12-01,0.00968767728042245,0.0213845402889685,NA
"TER-EXO-T02",2024-12-02,0.00907902366658871,0.0960600436123524,NA
"TER-EXO-T02",2024-12-03,0.0174485034388408,0.0980143849435521,NA
"TER-EXO-T02",2024-12-04,0.0190393968703668,0.0718163980752352,NA
"TER-EXO-T02",2024-12-05,0.0398939265708623,0.0637220746312464,NA
"TER-EXO-T02",2024-12-06,0.00371509290555223,0,NA
"TER-EXO-T02",2024-12-07,0.00821360262195338,0.0372769114713818,NA
"TER-EXO-T02",2024-12-08,0.0222712301119951,0.05266025485295,NA
"TER-EXO-T02",2024-12-09,0.0104734783786874,0.0523789977337682,NA
"TER-EXO-T02",2024-12-10,0.0216686216183829,0.0906703216015015,NA
"TER-EXO-T02",2024-12-11,0.00403856113915569,0,NA
"TER-EXO-T02",2024-12-12,0.00721155438363263,0.0292010491927076,NA
"TER-EXO-T02",2024-12-13,0.00373797477868602,0.0265564312772614,NA
"TER-EXO-T02",2024-12-14,0.0406984684516931,0.0978386415886847,NA
"TER-EXO-T02",2024-12-15,0.0241479030530392,0.0689002784073072,NA
"TER-EXO-T02",2024-12-16,0.00763191450686051,0.00553997336644487,NA
"TER-EXO-T02",2024-12-17,0.0509333971229257,0.111750591371632,NA
"TER-EXO-T02",2024-12-18,0.0383178489010992,0.0568052438584424,NA
"TER-EXO-T02",2024-12-19,0.0132549629421119,0.0609770597610452,NA
"TER-EXO-T02",2024-12-20,0.0345379046448956,0.11461339861745,NA
"TER-EXO-T02",2024-12-21,0.0172465735166048,0.0524559518906517,NA
"TER-EXO-T02",2024-12-22,0.00493906767167036,0.0763390387932122,NA
"TER-EXO-T02",2024-12-23,0.00246824893370876,0.0459854560902347,NA
"TER-EXO-T02",2024-12-24,0.00491265321017314,0.0816061207495011,NA
"TER-EXO-T02",2024-12-25,0.00766095963627198,0.0434951907774614,NA
"TER-EXO-T02",2024-12-26,0.00701607829046825,0.0396886787096865,NA
"TER-EXO-T02",2024-12-27,0.00573264861761003,0,NA
"TER-EXO-T02",2024-12-28,0.00652284835454315,0.00815385533015588,NA
"TER-EXO-T02",2024-12-29,0.0119804079757853,0.0457705169781133,NA
"TER-EXO-T02",2024-12-30,0.00979500367058991,0.0127307706564741,NA
"TER-EXO-T02",2024-12-31,0.00257980885399723,0,NA
"TER-EXO-T02",2025-01-01,0.00251725433819448,0,NA
"TER-EXO-T02",2025-01-02,0.00175607699866264,0,NA
"TER-EXO-T02",2025-01-03,0.00272800039294928,0,NA
"TER-EXO-T02",2025-01-04,0.0038437524325409,0.0155652813293795,NA
"TER-EXO-T02",2025-01-05,0.0122503390772237,0.078426790546221,NA
"TER-EXO-T02",2025-01-06,0.00282509984515689,0,NA
"TER-EXO-T02",2025-01-07,0.0165007537475619,0.0962857048247309,NA
"TER-EXO-T02",2025-01-08,0.00515793174392898,0.0334831512206547,NA
"TER-EXO-T02",2025-01-09,0.00208431402446446,0,NA
"TER-EXO-T02",2025-01-10,0.00314708320897441,0,NA
"TER-EXO-T02",2025-01-11,0.00141662796271731,0,NA
"TER-EXO-T02",2025-01-12,0.00450613487348805,0,NA
"TER-EXO-T02",2025-01-13,0.00321285517819643,0,NA
"TER-EXO-T02",2025-01-14,0.00655037562783037,0,NA
"TER-EXO-T02",2025-01-15,NA,0,NA
"TER-EXO-T02",2025-01-16,NA,0,NA
"TER-EXO-T02",2025-01-17,NA,0,NA
"TER-EXO-T02",2025-01-18,NA,0.0575050493945154,NA
"TER-EXO-T02",2025-01-19,NA,0.0177466115315114,NA
"TER-EXO-T02",2025-01-20,NA,0.0112430591214292,NA
"TER-EXO-T02",2025-01-21,NA,0.0529142620520785,NA
"TER-EXO-T02",2025-01-22,NA,0.111169248081884,NA
"TER-EXO-T02",2025-01-23,NA,0.00226759411647118,NA
"TER-EXO-T02",2025-01-24,NA,0.0503534052272306,NA
"TER-EXO-T02",2025-01-25,NA,0.0382966837373806,NA
"TER-EXO-T02",2025-01-26,NA,0.083442964798596,NA
"TER-EXO-T02",2025-01-27,NA,0.0954787457377474,NA
"TER-EXO-T02",2025-01-28,NA,0.0417264154910342,NA
"TER-EXO-T02",2025-01-29,NA,0.096018676400102,NA
"TER-EXO-T02",2025-01-30,NA,0.00295880673408707,NA
"TER-EXO-T02",2025-01-31,NA,0,NA
"TER-EXO-T02",2025-02-01,NA,0.0666506919756315,NA
"TER-EXO-T02",2025-02-02,NA,0,NA
"TER-EXO-T02",2025-02-03,NA,0,NA
"TER-EXO-T02",2025-02-04,NA,0.0337263025295027,NA
"TER-EXO-T02",2025-02-05,NA,0,NA
"TER-EXO-T02",2025-02-06,NA,0,NA
"TER-EXO-T02",2025-02-07,NA,0,NA
"TER-EXO-T02",2025-02-08,NA,0,NA
"TER-EXO-T02",2025-02-09,NA,0,NA
"TER-EXO-T02",2025-02-10,NA,0.00605973204336734,NA
"TER-EXO-T02",2025-02-11,NA,0,NA
"TER-EXO-T02",2025-02-12,NA,NA,NA
"TER-EXO-T02",2025-02-13,NA,NA,NA
"TER-EXO-T02",2025-02-14,NA,NA,NA
"TER-EXO-T02",2025-02-15,NA,NA,NA
"TER-EXO-T02",2025-02-16,NA,NA,NA
"TER-EXO-T02",2025-02-17,NA,NA,NA
"TER-EXO-T02",2025-02-18,NA,NA,NA
"TER-EXO-T02",2025-02-19,NA,NA,NA
"TER-EXO-T02",2025-02-20,NA,NA,NA
"TER-EXO-T02",2025-02-21,NA,NA,NA
"TER-EXO-T02",2025-02-22,NA,NA,NA
"TER-EXO-T02",2025-02-23,NA,NA,NA
"TER-EXO-T02",2025-02-24,NA,NA,NA
"TER-EXO-T02",2025-02-25,NA,NA,NA
"TER-EXO-T02",2025-02-26,NA,NA,NA
"TER-EXO-T02",2025-02-27,NA,NA,NA
"TER-EXO-T02",2025-02-28,NA,NA,NA
"TER-EXO-T02",2025-03-01,NA,NA,NA
"TER-EXO-T02",2025-03-02,NA,NA,NA
"TER-EXO-T02",2025-03-03,NA,NA,NA
"TER-EXO-T02",2025-03-04,NA,NA,NA
"TER-EXO-T02",2025-03-05,NA,NA,NA
"TER-EXO-T02",2025-03-06,NA,NA,NA
"TER-EXO-T02",2025-03-07,NA,NA,NA
"TER-EXO-T02",2025-03-08,NA,NA,NA
"TER-EXO-T02",2025-03-09,NA,NA,NA
"TER-EXO-T02",2025-03-10,NA,NA,NA
"TER-EXO-T02",2025-03-11,NA,NA,NA
"TER-EXO-T02",2025-03-12,NA,NA,NA
"TER-EXO-T02",2025-03-13,NA,NA,NA
"TER-EXO-T02",2025-03-14,NA,NA,NA
"TER-EXO-T02",2025-03-15,NA,NA,NA
"TER-EXO-T02",2025-03-16,NA,NA,NA
"TER-EXO-T02",2025-03-17,NA,NA,NA
"TER-EXO-T02",2025-03-18,NA,NA,NA
"TER-EXO-T02",2025-03-19,NA,NA,NA
"TER-EXO-T02",2025-03-20,NA,NA,NA
"TER-EXO-T02",2025-03-21,NA,NA,NA
"TER-EXO-T02",2025-03-22,NA,NA,NA
"TER-EXO-T02",2025-03-23,NA,NA,NA
"TER-EXO-T02",2025-03-24,NA,NA,NA
"TER-EXO-T02",2025-03-25,NA,NA,NA
"TER-EXO-T02",2025-03-26,NA,NA,NA
"TER-EXO-T02",2025-03-27,NA,NA,NA
"TER-EXO-T02",2025-03-28,NA,NA,NA
"TER-EXO-T02",2025-03-29,NA,NA,NA
"TER-EXO-T02",2025-03-30,NA,NA,NA
"TER-EXO-T02",2025-03-31,NA,NA,NA
"TER-EXO-T02",2025-04-01,NA,NA,NA
"TER-EXO-T02",2025-04-02,NA,NA,NA
"TER-EXO-T02",2025-04-03,NA,NA,NA
"TER-EXO-T02",2025-04-04,NA,NA,NA
"TER-EXO-T02",2025-04-05,NA,NA,NA
"TER-EXO-T02",2025-04-06,NA,NA,NA
"TER-EXO-T02",2025-04-07,NA,NA,NA
"TER-EXO-T02",2025-04-08,NA,NA,NA
"TER-EXO-T02",2025-04-09,NA,NA,NA
"TER-EXO-T02",2025-04-10,NA,NA,NA
"TER-EXO-T02",2025-04-11,NA,NA,NA
"TER-EXO-T02",2025-04-12,NA,NA,NA
"TER-EXO-T02",2025-04-13,NA,NA,NA
"TER-EXO-T02",2025-04-14,NA,NA,NA
"TER-EXO-T02",2025-04-15,NA,NA,NA
"TER-EXO-T02",2025-04-16,NA,NA,NA
"TER-EXO-T02",2025-04-17,NA,NA,NA
"TER-EXO-T02",2025-04-18,NA,NA,NA
"TER-EXO-T02",2025-04-19,NA,NA,NA
"TER-EXO-T02",2025-04-20,NA,NA,NA
"TER-EXO-T02",2025-04-21,NA,NA,NA
"TER-EXO-T02",2025-04-22,NA,NA,NA
"TER-EXO-T02",2025-04-23,NA,NA,NA
"TER-EXO-T02",2025-04-24,NA,NA,NA
"TER-EXO-T02",2025-04-25,NA,NA,NA
"TER-EXO-T02",2025-04-26,NA,NA,NA
"TER-EXO-T02",2025-04-27,NA,NA,NA
"TER-EXO-T02",2025-04-28,NA,NA,NA
"TER-EXO-T02",2025-04-29,NA,NA,NA
"TER-EXO-T02",2025-04-30,NA,NA,NA
"TER-EXO-T02",2025-05-01,NA,NA,NA
"TER-EXO-T02",2025-05-02,NA,NA,NA
"TER-EXO-T02",2025-05-03,NA,NA,NA
"TER-EXO-T02",2025-05-04,NA,NA,NA
"TER-EXO-T02",2025-05-05,NA,NA,NA
"TER-EXO-T02",2025-05-06,NA,NA,NA
"TER-EXO-T02",2025-05-07,NA,NA,NA
"TER-EXO-T02",2025-05-08,NA,NA,NA
"TER-EXO-T02",2025-05-09,NA,NA,NA
"TER-EXO-T02",2025-05-10,NA,NA,NA
"TER-EXO-T02",2025-05-11,NA,NA,NA
"TER-EXO-T02",2025-05-12,NA,NA,NA
"TER-EXO-T02",2025-05-13,NA,NA,NA
"TER-EXO-T02",2025-05-14,NA,NA,NA
"TER-EXO-T02",2025-05-15,NA,NA,NA
"TER-EXO-T02",2025-05-16,NA,NA,NA
"TER-EXO-T02",2025-05-17,NA,NA,NA
"TER-EXO-T02",2025-05-18,NA,NA,NA
"TER-EXO-T02",2025-05-19,NA,NA,NA
"TER-EXO-T02",2025-05-20,NA,NA,NA
"TER-EXO-T02",2025-05-21,NA,NA,NA
"TER-EXO-T02",2025-05-22,NA,NA,NA
"TER-EXO-T02",2025-05-23,NA,NA,NA
"TER-EXO-T02",2025-05-24,NA,NA,NA
"TER-EXO-T02",2025-05-25,NA,NA,NA
"TER-EXO-T02",2025-05-26,NA,NA,NA
"TER-EXO-T02",2025-05-27,NA,NA,NA
"TER-EXO-T02",2025-05-28,NA,NA,NA
"TER-EXO-T02",2025-05-29,NA,NA,NA
"TER-EXO-T02",2025-05-30,NA,NA,NA
"TER-EXO-T02",2025-05-31,NA,NA,NA
"TER-EXO-T02",2025-06-01,NA,NA,NA
"TER-EXO-T02",2025-06-02,NA,NA,NA
"TER-EXO-T02",2025-06-03,NA,NA,NA
"TER-EXO-T02",2025-06-04,NA,NA,NA
"TER-EXO-T02",2025-06-05,NA,NA,NA
"TER-EXO-T02",2025-06-06,NA,NA,NA
"TER-EXO-T02",2025-06-07,NA,NA,NA
"TER-EXO-T02",2025-06-08,NA,NA,NA
"TER-EXO-T02",2025-06-09,NA,NA,NA
"TER-EXO-T02",2025-06-10,NA,NA,NA
"TER-EXO-T02",2025-06-11,NA,NA,NA
"TER-EXO-T02",2025-06-12,NA,NA,NA
"TER-EXO-T04",2023-08-09,NA,NA,NA
"TER-EXO-T04",2023-08-10,NA,NA,NA
"TER-EXO-T04",2023-08-11,NA,NA,NA
"TER-EXO-T04",2023-08-12,NA,NA,NA
"TER-EXO-T04",2023-08-13,NA,NA,NA
"TER-EXO-T04",2023-08-14,NA,NA,NA
"TER-EXO-T04",2023-08-15,NA,NA,NA
"TER-EXO-T04",2023-08-16,NA,NA,NA
"TER-EXO-T04",2023-08-17,NA,NA,NA
"TER-EXO-T04",2023-08-18,NA,NA,NA
"TER-EXO-T04",2023-08-19,NA,NA,NA
"TER-EXO-T04",2023-08-20,NA,NA,NA
"TER-EXO-T04",2023-08-21,NA,NA,NA
"TER-EXO-T04",2023-08-22,NA,NA,NA
"TER-EXO-T04",2023-08-23,NA,NA,NA
"TER-EXO-T04",2023-08-24,NA,NA,NA
"TER-EXO-T04",2023-08-25,NA,NA,NA
"TER-EXO-T04",2023-08-26,NA,NA,NA
"TER-EXO-T04",2023-08-27,NA,NA,NA
"TER-EXO-T04",2023-08-28,NA,NA,NA
"TER-EXO-T04",2023-08-29,NA,NA,NA
"TER-EXO-T04",2023-08-30,NA,NA,NA
"TER-EXO-T04",2023-08-31,NA,NA,NA
"TER-EXO-T04",2023-09-01,NA,NA,NA
"TER-EXO-T04",2023-09-02,NA,NA,NA
"TER-EXO-T04",2023-09-03,NA,NA,NA
"TER-EXO-T04",2023-09-04,NA,NA,NA
"TER-EXO-T04",2023-09-05,NA,NA,NA
"TER-EXO-T04",2023-09-06,NA,NA,NA
"TER-EXO-T04",2023-09-07,NA,NA,NA
"TER-EXO-T04",2023-09-08,NA,NA,NA
"TER-EXO-T04",2023-09-09,NA,NA,NA
"TER-EXO-T04",2023-09-10,NA,NA,NA
"TER-EXO-T04",2023-09-11,NA,NA,NA
"TER-EXO-T04",2023-09-12,NA,NA,NA
"TER-EXO-T04",2023-09-13,NA,NA,NA
"TER-EXO-T04",2023-09-14,NA,NA,NA
"TER-EXO-T04",2023-09-15,NA,NA,NA
"TER-EXO-T04",2023-09-16,NA,NA,NA
"TER-EXO-T04",2023-09-17,NA,NA,NA
"TER-EXO-T04",2023-09-18,NA,NA,NA
"TER-EXO-T04",2023-09-19,NA,NA,NA
"TER-EXO-T04",2023-09-20,NA,NA,NA
"TER-EXO-T04",2023-09-21,NA,NA,NA
"TER-EXO-T04",2023-09-22,NA,NA,NA
"TER-EXO-T04",2023-09-23,NA,NA,NA
"TER-EXO-T04",2023-09-24,NA,NA,NA
"TER-EXO-T04",2023-09-25,NA,NA,NA
"TER-EXO-T04",2023-09-26,NA,NA,NA
"TER-EXO-T04",2023-09-27,NA,NA,NA
"TER-EXO-T04",2023-09-28,NA,NA,NA
"TER-EXO-T04",2023-09-29,NA,NA,NA
"TER-EXO-T04",2023-09-30,NA,NA,NA
"TER-EXO-T04",2023-10-01,NA,NA,NA
"TER-EXO-T04",2023-10-02,NA,NA,NA
"TER-EXO-T04",2023-10-03,NA,NA,NA
"TER-EXO-T04",2023-10-04,NA,NA,NA
"TER-EXO-T04",2023-10-05,NA,NA,NA
"TER-EXO-T04",2023-10-06,NA,NA,NA
"TER-EXO-T04",2023-10-07,NA,NA,NA
"TER-EXO-T04",2023-10-08,NA,NA,NA
"TER-EXO-T04",2023-10-09,NA,NA,NA
"TER-EXO-T04",2023-10-10,NA,NA,NA
"TER-EXO-T04",2023-10-11,NA,NA,NA
"TER-EXO-T04",2023-10-12,NA,NA,NA
"TER-EXO-T04",2023-10-13,NA,NA,NA
"TER-EXO-T04",2023-10-14,NA,NA,NA
"TER-EXO-T04",2023-10-15,NA,NA,NA
"TER-EXO-T04",2023-10-16,NA,NA,NA
"TER-EXO-T04",2023-10-17,NA,NA,NA
"TER-EXO-T04",2023-10-18,NA,NA,NA
"TER-EXO-T04",2023-10-19,NA,NA,NA
"TER-EXO-T04",2023-10-20,NA,NA,NA
"TER-EXO-T04",2023-10-21,NA,NA,NA
"TER-EXO-T04",2023-10-22,NA,NA,NA
"TER-EXO-T04",2023-10-23,NA,NA,NA
"TER-EXO-T04",2023-10-24,NA,NA,NA
"TER-EXO-T04",2023-10-25,NA,NA,NA
"TER-EXO-T04",2023-10-26,NA,NA,NA
"TER-EXO-T04",2023-10-27,NA,NA,NA
"TER-EXO-T04",2023-10-28,NA,NA,NA
"TER-EXO-T04",2023-10-29,NA,NA,NA
"TER-EXO-T04",2023-10-30,NA,NA,NA
"TER-EXO-T04",2023-10-31,NA,NA,NA
"TER-EXO-T04",2023-11-01,NA,NA,NA
"TER-EXO-T04",2023-11-02,NA,NA,NA
"TER-EXO-T04",2023-11-03,NA,NA,NA
"TER-EXO-T04",2023-11-04,NA,NA,NA
"TER-EXO-T04",2023-11-05,NA,NA,NA
"TER-EXO-T04",2023-11-06,NA,NA,NA
"TER-EXO-T04",2023-11-07,NA,NA,NA
"TER-EXO-T04",2023-11-08,NA,NA,NA
"TER-EXO-T04",2023-11-09,NA,NA,NA
"TER-EXO-T04",2023-11-10,NA,NA,NA
"TER-EXO-T04",2023-11-11,NA,NA,NA
"TER-EXO-T04",2023-11-12,NA,NA,NA
"TER-EXO-T04",2023-11-13,NA,NA,NA
"TER-EXO-T04",2023-11-14,NA,NA,NA
"TER-EXO-T04",2023-11-15,NA,NA,NA
"TER-EXO-T04",2023-11-16,NA,NA,NA
"TER-EXO-T04",2023-11-17,NA,NA,NA
"TER-EXO-T04",2023-11-18,NA,NA,NA
"TER-EXO-T04",2023-11-19,NA,NA,NA
"TER-EXO-T04",2023-11-20,NA,NA,NA
"TER-EXO-T04",2023-11-21,NA,NA,NA
"TER-EXO-T04",2023-11-22,NA,NA,NA
"TER-EXO-T04",2023-11-23,NA,NA,NA
"TER-EXO-T04",2023-11-24,NA,NA,NA
"TER-EXO-T04",2023-11-25,NA,NA,NA
"TER-EXO-T04",2023-11-26,NA,NA,NA
"TER-EXO-T04",2023-11-27,NA,NA,NA
"TER-EXO-T04",2023-11-28,NA,NA,NA
"TER-EXO-T04",2023-11-29,NA,NA,NA
"TER-EXO-T04",2023-11-30,NA,NA,NA
"TER-EXO-T04",2023-12-01,NA,NA,NA
"TER-EXO-T04",2023-12-02,NA,NA,NA
"TER-EXO-T04",2023-12-03,NA,NA,NA
"TER-EXO-T04",2023-12-04,NA,NA,NA
"TER-EXO-T04",2023-12-05,NA,NA,NA
"TER-EXO-T04",2023-12-06,NA,NA,NA
"TER-EXO-T04",2023-12-07,NA,NA,NA
"TER-EXO-T04",2023-12-08,NA,NA,NA
"TER-EXO-T04",2023-12-09,NA,NA,NA
"TER-EXO-T04",2023-12-10,NA,NA,NA
"TER-EXO-T04",2023-12-11,NA,NA,NA
"TER-EXO-T04",2023-12-12,NA,NA,NA
"TER-EXO-T04",2023-12-13,NA,NA,NA
"TER-EXO-T04",2023-12-14,NA,NA,NA
"TER-EXO-T04",2023-12-15,NA,NA,NA
"TER-EXO-T04",2023-12-16,NA,NA,NA
"TER-EXO-T04",2023-12-17,NA,NA,NA
"TER-EXO-T04",2023-12-18,NA,NA,NA
"TER-EXO-T04",2023-12-19,NA,NA,NA
"TER-EXO-T04",2023-12-20,NA,NA,NA
"TER-EXO-T04",2023-12-21,NA,NA,NA
"TER-EXO-T04",2023-12-22,NA,NA,NA
"TER-EXO-T04",2023-12-23,NA,NA,NA
"TER-EXO-T04",2023-12-24,NA,NA,NA
"TER-EXO-T04",2023-12-25,NA,NA,NA
"TER-EXO-T04",2023-12-26,NA,NA,NA
"TER-EXO-T04",2023-12-27,NA,NA,NA
"TER-EXO-T04",2023-12-28,NA,NA,NA
"TER-EXO-T04",2023-12-29,NA,NA,NA
"TER-EXO-T04",2023-12-30,NA,NA,NA
"TER-EXO-T04",2023-12-31,NA,NA,NA
"TER-EXO-T04",2024-01-01,NA,NA,NA
"TER-EXO-T04",2024-01-02,NA,NA,NA
"TER-EXO-T04",2024-01-03,NA,NA,NA
"TER-EXO-T04",2024-01-04,NA,NA,NA
"TER-EXO-T04",2024-01-05,NA,NA,NA
"TER-EXO-T04",2024-01-06,NA,NA,NA
"TER-EXO-T04",2024-01-07,NA,NA,NA
"TER-EXO-T04",2024-01-08,NA,NA,NA
"TER-EXO-T04",2024-01-09,NA,NA,NA
"TER-EXO-T04",2024-01-10,NA,NA,NA
"TER-EXO-T04",2024-01-11,NA,NA,NA
"TER-EXO-T04",2024-01-12,NA,NA,NA
"TER-EXO-T04",2024-01-13,NA,NA,NA
"TER-EXO-T04",2024-01-14,NA,NA,NA
"TER-EXO-T04",2024-01-15,NA,NA,NA
"TER-EXO-T04",2024-01-16,NA,NA,NA
"TER-EXO-T04",2024-01-17,NA,NA,NA
"TER-EXO-T04",2024-01-18,NA,NA,NA
"TER-EXO-T04",2024-01-19,NA,NA,NA
"TER-EXO-T04",2024-01-20,NA,NA,NA
"TER-EXO-T04",2024-01-21,NA,NA,NA
"TER-EXO-T04",2024-01-22,NA,NA,NA
"TER-EXO-T04",2024-01-23,NA,NA,NA
"TER-EXO-T04",2024-01-24,NA,NA,NA
"TER-EXO-T04",2024-01-25,NA,NA,NA
"TER-EXO-T04",2024-01-26,NA,NA,NA
"TER-EXO-T04",2024-01-27,NA,NA,NA
"TER-EXO-T04",2024-01-28,NA,NA,NA
"TER-EXO-T04",2024-01-29,NA,NA,NA
"TER-EXO-T04",2024-01-30,NA,NA,NA
"TER-EXO-T04",2024-01-31,NA,NA,NA
"TER-EXO-T04",2024-02-01,NA,NA,NA
"TER-EXO-T04",2024-02-02,NA,NA,NA
"TER-EXO-T04",2024-02-03,NA,NA,NA
"TER-EXO-T04",2024-02-04,NA,NA,NA
"TER-EXO-T04",2024-02-05,NA,NA,NA
"TER-EXO-T04",2024-02-06,NA,NA,NA
"TER-EXO-T04",2024-02-07,NA,NA,NA
"TER-EXO-T04",2024-02-08,NA,NA,NA
"TER-EXO-T04",2024-02-09,NA,NA,NA
"TER-EXO-T04",2024-02-10,NA,NA,NA
"TER-EXO-T04",2024-02-11,NA,NA,NA
"TER-EXO-T04",2024-02-12,NA,NA,NA
"TER-EXO-T04",2024-02-13,NA,NA,NA
"TER-EXO-T04",2024-02-14,NA,NA,NA
"TER-EXO-T04",2024-02-15,NA,NA,NA
"TER-EXO-T04",2024-02-16,NA,NA,NA
"TER-EXO-T04",2024-02-17,NA,NA,NA
"TER-EXO-T04",2024-02-18,NA,NA,NA
"TER-EXO-T04",2024-02-19,NA,NA,NA
"TER-EXO-T04",2024-02-20,NA,NA,NA
"TER-EXO-T04",2024-02-21,NA,NA,NA
"TER-EXO-T04",2024-02-22,NA,NA,NA
"TER-EXO-T04",2024-02-23,NA,NA,NA
"TER-EXO-T04",2024-02-24,NA,NA,NA
"TER-EXO-T04",2024-02-25,NA,NA,NA
"TER-EXO-T04",2024-02-26,NA,NA,NA
"TER-EXO-T04",2024-02-27,NA,NA,NA
"TER-EXO-T04",2024-02-28,NA,NA,NA
"TER-EXO-T04",2024-02-29,NA,NA,NA
"TER-EXO-T04",2024-03-01,NA,NA,NA
"TER-EXO-T04",2024-03-02,NA,NA,NA
"TER-EXO-T04",2024-03-03,NA,NA,NA
"TER-EXO-T04",2024-03-04,NA,NA,NA
"TER-EXO-T04",2024-03-05,NA,NA,NA
"TER-EXO-T04",2024-03-06,NA,NA,NA
"TER-EXO-T04",2024-03-07,NA,NA,NA
"TER-EXO-T04",2024-03-08,NA,NA,NA
"TER-EXO-T04",2024-03-09,NA,NA,NA
"TER-EXO-T04",2024-03-10,NA,NA,NA
"TER-EXO-T04",2024-03-11,NA,NA,NA
"TER-EXO-T04",2024-03-12,NA,NA,NA
"TER-EXO-T04",2024-03-13,NA,NA,NA
"TER-EXO-T04",2024-03-14,NA,NA,NA
"TER-EXO-T04",2024-03-15,NA,NA,NA
"TER-EXO-T04",2024-03-16,NA,NA,NA
"TER-EXO-T04",2024-03-17,NA,NA,NA
"TER-EXO-T04",2024-03-18,NA,NA,NA
"TER-EXO-T04",2024-03-19,NA,NA,NA
"TER-EXO-T04",2024-03-20,NA,NA,NA
"TER-EXO-T04",2024-03-21,0.10578035400604,0.116289616809366,0.1368094834977
"TER-EXO-T04",2024-03-22,0.0204214542782433,0.0281369897356343,0.0259474171661999
"TER-EXO-T04",2024-03-23,0.0501129428350755,0.0827202155654314,0.0924367956336445
"TER-EXO-T04",2024-03-24,0.0624037332269258,0.0833089728022766,0.198543878308638
"TER-EXO-T04",2024-03-25,0.0480803059080084,0.0557549067649123,0.0659452524915215
"TER-EXO-T04",2024-03-26,0.0546751792854605,0.0785837088252927,0.0811629114746418
"TER-EXO-T04",2024-03-27,0.0826665074823317,0.132449309891075,0.137449342960656
"TER-EXO-T04",2024-03-28,0.0849139883205669,0.115259597778262,0.118126280083468
"TER-EXO-T04",2024-03-29,0.0021458832651283,0.0244421222000555,0.024806299455896
"TER-EXO-T04",2024-03-30,0.00846597245366,0.0304833260985666,0.0348015922174558
"TER-EXO-T04",2024-03-31,0.0356304180885224,0.0548771625952045,0.0816196018636931
"TER-EXO-T04",2024-04-01,0.0360499340972933,0.0849815838848977,0.115284131097793
"TER-EXO-T04",2024-04-02,0.0316080021999585,0.0771014810533154,0.0750168811219679
"TER-EXO-T04",2024-04-03,NA,0.0940283893754434,0.103661668011303
"TER-EXO-T04",2024-04-04,NA,0.118087684259843,0.128624072932399
"TER-EXO-T04",2024-04-05,NA,0.0646776920863589,0.0832979719834941
"TER-EXO-T04",2024-04-06,NA,0.106404144258795,0.123290114543111
"TER-EXO-T04",2024-04-07,NA,0,0.0183800470170034
"TER-EXO-T04",2024-04-08,NA,0.0984263002158411,0.128459700327552
"TER-EXO-T04",2024-04-09,NA,0.0267132423429719,0.0494740318028671
"TER-EXO-T04",2024-04-10,NA,0,0
"TER-EXO-T04",2024-04-11,NA,0,NA
"TER-EXO-T04",2024-04-12,NA,0.0816886675598431,NA
"TER-EXO-T04",2024-04-13,NA,0,NA
"TER-EXO-T04",2024-04-14,NA,0,NA
"TER-EXO-T04",2024-04-15,NA,0,NA
"TER-EXO-T04",2024-04-16,NA,0.0872908220226994,NA
"TER-EXO-T04",2024-04-17,NA,0.0173999768545226,NA
"TER-EXO-T04",2024-04-18,NA,0.0629253252681679,NA
"TER-EXO-T04",2024-04-19,NA,0,NA
"TER-EXO-T04",2024-04-20,NA,0.0866789990617585,NA
"TER-EXO-T04",2024-04-21,NA,0.00539239332787636,NA
"TER-EXO-T04",2024-04-22,NA,0.0384259451270485,NA
"TER-EXO-T04",2024-04-23,NA,0.0190604352579234,NA
"TER-EXO-T04",2024-04-24,NA,0.0679500376898496,NA
"TER-EXO-T04",2024-04-25,NA,0.108688617058152,NA
"TER-EXO-T04",2024-04-26,NA,0.102297942015479,NA
"TER-EXO-T04",2024-04-27,NA,0.100530423808738,NA
"TER-EXO-T04",2024-04-28,NA,0.172399452650553,NA
"TER-EXO-T04",2024-04-29,NA,0.121453967305674,NA
"TER-EXO-T04",2024-04-30,NA,0.160831980465173,NA
"TER-EXO-T04",2024-05-01,NA,0.105477057236913,NA
"TER-EXO-T04",2024-05-02,NA,0,NA
"TER-EXO-T04",2024-05-03,NA,0.00412937371867912,NA
"TER-EXO-T04",2024-05-04,NA,0.0571837804552772,NA
"TER-EXO-T04",2024-05-05,NA,0.262047396665505,NA
"TER-EXO-T04",2024-05-06,NA,0.001855937101668,NA
"TER-EXO-T04",2024-05-07,NA,0.063004447782169,NA
"TER-EXO-T04",2024-05-08,NA,0.0102469564325846,NA
"TER-EXO-T04",2024-05-09,NA,0.108295725406002,NA
"TER-EXO-T04",2024-05-10,NA,0.12869189983434,NA
"TER-EXO-T04",2024-05-11,NA,0.110743034346734,NA
"TER-EXO-T04",2024-05-12,NA,0.0443995621041698,NA
"TER-EXO-T04",2024-05-13,NA,0.112203030448789,NA
"TER-EXO-T04",2024-05-14,NA,0.106276481817573,0.155997262450244
"TER-EXO-T04",2024-05-15,NA,0.0974461337003178,0.116420691882107
"TER-EXO-T04",2024-05-16,NA,0.0296540570681604,0.0262482982098088
"TER-EXO-T04",2024-05-17,0.0816939889958694,0.137497043489308,0.168803770114606
"TER-EXO-T04",2024-05-18,0.13510350058058,0.147699691685477,0.182695707061114
"TER-EXO-T04",2024-05-19,0.153550933884298,0.166616600020155,0.286843328303685
"TER-EXO-T04",2024-05-20,0.0371967452683238,0.0566255624115005,0.0817710203300637
"TER-EXO-T04",2024-05-21,0.0574699470625132,0.12483622415046,0.127509505562495
"TER-EXO-T04",2024-05-22,NA,0.120724310904194,0.231775550457517
"TER-EXO-T04",2024-05-23,NA,0,0
"TER-EXO-T04",2024-05-24,NA,0.0729421416734773,0.0767255116666017
"TER-EXO-T04",2024-05-25,NA,0.164565154822708,0.171291898141237
"TER-EXO-T04",2024-05-26,NA,0.184526758726517,0.182931336718716
"TER-EXO-T04",2024-05-27,NA,0.10761270286225,0.119826714316844
"TER-EXO-T04",2024-05-28,NA,0.087651039507691,0.0971227632412635
"TER-EXO-T04",2024-05-29,NA,0,0
"TER-EXO-T04",2024-05-30,NA,0.118864821676023,0.0901407940901259
"TER-EXO-T04",2024-05-31,NA,0.111242504652605,0.121125853771664
"TER-EXO-T04",2024-06-01,NA,0.218000456615163,0.245546004397807
"TER-EXO-T04",2024-06-02,NA,0.153050569717568,0.187160263462756
"TER-EXO-T04",2024-06-03,NA,0.0231346302465057,0.0602661166310915
"TER-EXO-T04",2024-06-04,NA,NA,0.11223866430876
"TER-EXO-T04",2024-06-05,0.0549229506864421,0.0519727378047718,0.0767509286564621
"TER-EXO-T04",2024-06-06,0.12385697168597,0.127540109715603,0.158998504916498
"TER-EXO-T04",2024-06-07,0.0612211695575288,0.070080263310578,0.0746770520619931
"TER-EXO-T04",2024-06-08,0.0533066128885064,0.0679353419272473,0.0660769912411348
"TER-EXO-T04",2024-06-09,0.0410631108521576,0.0638330116160555,0.0557545557335739
"TER-EXO-T04",2024-06-10,0.0938682679919861,0.101452820671036,0.0950464591689678
"TER-EXO-T04",2024-06-11,0.139076307055139,0.141286073388474,0.146429065776059
"TER-EXO-T04",2024-06-12,0.143142011113956,0.167785443926698,0.17144482754847
"TER-EXO-T04",2024-06-13,0,0,0
"TER-EXO-T04",2024-06-14,0.105238497828858,0.126187580054921,0.182153150943696
"TER-EXO-T04",2024-06-15,0.123454522650632,0.154103120249959,0.160570672272523
"TER-EXO-T04",2024-06-16,0.00434514478151939,0.0103125553289387,0.0347588728036061
"TER-EXO-T04",2024-06-17,0.111713159556975,0.138057682472072,0.162079935122731
"TER-EXO-T04",2024-06-18,0.099328678458728,0.100778552069637,0.107590903266264
"TER-EXO-T04",2024-06-19,0.132771549790998,0.146436729812833,0.156424708492932
"TER-EXO-T04",2024-06-20,0.227104180204445,0.231180715982233,0.255489447602605
"TER-EXO-T04",2024-06-21,0.21592647546969,0.220518850578765,0.242201336913594
"TER-EXO-T04",2024-06-22,0.141646745516667,0.140528900802738,0.139855503000583
"TER-EXO-T04",2024-06-23,0.128880357244926,0.120345990059496,0.13185007771832
"TER-EXO-T04",2024-06-24,0,0,0
"TER-EXO-T04",2024-06-25,0.112104179549632,0.143429501948729,0.170901826696245
"TER-EXO-T04",2024-06-26,0.144409733592661,0.171083168875443,0.159382114652589
"TER-EXO-T04",2024-06-27,0.0441541905407182,0.0572773794943711,0.0768943946008258
"TER-EXO-T04",2024-06-28,0.192389220773799,0.206250926306648,0.211025597145471
"TER-EXO-T04",2024-06-29,0.095554944713177,0.122014813682967,0.138285296111303
"TER-EXO-T04",2024-06-30,0.0419092684776746,0.0512550409737409,0.0480591406782017
"TER-EXO-T04",2024-07-01,0.177526108568985,0.183692876072385,0.201835600644444
"TER-EXO-T04",2024-07-02,0.10295225299146,0.0944859814377864,0.10239124260881
"TER-EXO-T04",2024-07-03,0.204500032254394,0.213818597375301,0.212249073462538
"TER-EXO-T04",2024-07-04,0.116829577368919,0.120504237899558,0.121666645321024
"TER-EXO-T04",2024-07-05,0.0940764923383229,0.104831702766113,0.107080073284793
"TER-EXO-T04",2024-07-06,0.043386181662998,0.0388414150380594,0.062563597392995
"TER-EXO-T04",2024-07-07,0,0,0.00646035083167727
"TER-EXO-T04",2024-07-08,0,0,0
"TER-EXO-T04",2024-07-09,0,0,0
"TER-EXO-T04",2024-07-10,0.0625939902369402,0.094952862133659,0.124992464504317
"TER-EXO-T04",2024-07-11,0.0770495697473774,0.112180512365949,0.117562619270503
"TER-EXO-T04",2024-07-12,0.111245445733698,0.137171215700165,0.136391237415676
"TER-EXO-T04",2024-07-13,0.0938051396084348,0.119654941249606,0.153461213878098
"TER-EXO-T04",2024-07-14,0.146009664501058,0.176783473847754,0.167339924395399
"TER-EXO-T04",2024-07-15,0.0742633619637188,0.0950181325360126,0.0857558646074651
"TER-EXO-T04",2024-07-16,0.0736635017364946,0.102597045015898,0.132927728611051
"TER-EXO-T04",2024-07-17,0,0,0
"TER-EXO-T04",2024-07-18,NA,NA,NA
"TER-EXO-T04",2024-07-19,0.113387208842112,0.172003526872717,0.145354629321663
"TER-EXO-T04",2024-07-20,0.0639548699977219,0.116956071484638,0.130405219758347
"TER-EXO-T04",2024-07-21,0.151601219532766,0.2285861843746,0.238650362286573
"TER-EXO-T04",2024-07-22,0.172914946617564,0.210375835367296,0.184212436742306
"TER-EXO-T04",2024-07-23,0.111534373584353,0.137884671615333,0.125521807058976
"TER-EXO-T04",2024-07-24,0.138986877732257,0.179840374492943,0.182738477292666
"TER-EXO-T04",2024-07-25,0.154398956701284,0.163863687533035,0.14720635095104
"TER-EXO-T04",2024-07-26,0.098965535494243,0.104701828660967,0.112045568538414
"TER-EXO-T04",2024-07-27,0.165650943506519,0.186739135490254,0.19101930503996
"TER-EXO-T04",2024-07-28,0.0801989823210918,0.129482124601598,0.131705018730957
"TER-EXO-T04",2024-07-29,0.00374709885032401,0.131349662907516,0.188382542053363
"TER-EXO-T04",2024-07-30,0,0.0239746300603191,0.0937871879558006
"TER-EXO-T04",2024-07-31,0.0734686537652675,0.126002483970249,0.132576066324456
"TER-EXO-T04",2024-08-01,0.0648010623609776,0.129828547770345,0.123070301432836
"TER-EXO-T04",2024-08-02,0.140605542560526,0.153020090329339,0.134658506950843
"TER-EXO-T04",2024-08-03,0.170069692503335,0.218860964936312,0.192927143728704
"TER-EXO-T04",2024-08-04,0.127345255772926,0.164428539612528,0.153284903592586
"TER-EXO-T04",2024-08-05,0.106068732942135,0.146158454934006,0.108607478734011
"TER-EXO-T04",2024-08-06,0.118165588969137,0.135832371425688,0.135085578672301
"TER-EXO-T04",2024-08-07,0.176868596506574,0.195876052469206,0.18381270276631
"TER-EXO-T04",2024-08-08,0.0939433408864011,0.124660209328376,0.126537960520182
"TER-EXO-T04",2024-08-09,0.0632700915947176,0.0695097900351778,0.0832094688191296
"TER-EXO-T04",2024-08-10,0.0849594045923033,0.105026659837485,0.0912594058336722
"TER-EXO-T04",2024-08-11,0.182963294531815,0.224294378161412,0.226313893229954
"TER-EXO-T04",2024-08-12,0.113160393853291,0.168988307998065,0.159346446038532
"TER-EXO-T04",2024-08-13,0.0229190057671901,0.0334220619395051,0.0779698173987084
"TER-EXO-T04",2024-08-14,0.151192810324699,0.204062959572234,0.182733466389763
"TER-EXO-T04",2024-08-15,0.172138000444502,0.188792569328929,0.172939948942483
"TER-EXO-T04",2024-08-16,0.116741293256653,0.142670734535353,0.12742514223112
"TER-EXO-T04",2024-08-17,0.072718727340946,0.0884173789183739,0.0798938786947945
"TER-EXO-T04",2024-08-18,0.138141332091088,0.175331886889953,0.149439882804736
"TER-EXO-T04",2024-08-19,0.123538254604828,0.146502493669529,0.13360909140491
"TER-EXO-T04",2024-08-20,0,0.0215506005104484,0.064873357057087
"TER-EXO-T04",2024-08-21,0.104114049576531,0.185205013129405,0.162122831989156
"TER-EXO-T04",2024-08-22,0.169783879235692,0.276036627234673,0.252684238384083
"TER-EXO-T04",2024-08-23,0,0.0259233565271134,0.0749575482549128
"TER-EXO-T04",2024-08-24,0.158835971510949,0.246612618051096,0.258161847463911
"TER-EXO-T04",2024-08-25,0.154761557895409,0.191561406571673,0.187590871343263
"TER-EXO-T04",2024-08-26,0.0851640807788784,0.106174420592125,0.102015894594189
"TER-EXO-T04",2024-08-27,0.153249988305285,0.186923335480901,0.164077164587785
"TER-EXO-T04",2024-08-28,0.107855898205151,0.105393647023575,0.0921764418813118
"TER-EXO-T04",2024-08-29,0.0939461022592407,0.109173026050516,0.115404353718382
"TER-EXO-T04",2024-08-30,0.140080844432217,0.169915383677843,0.15253013069701
"TER-EXO-T04",2024-08-31,0.0901217712970274,0.105857761746342,0.121673737683666
"TER-EXO-T04",2024-09-01,0.138676837452176,0.20129988759656,0.197015427877394
"TER-EXO-T04",2024-09-02,0.207903379714894,0.202170091965518,0.205955976311061
"TER-EXO-T04",2024-09-03,0.170891984113884,0.174455343393443,0.186040161925262
"TER-EXO-T04",2024-09-04,0.144738413736389,0.136006582045727,0.148696712821947
"TER-EXO-T04",2024-09-05,0.0846151897933164,0.0967336871860103,0.106312691923154
"TER-EXO-T04",2024-09-06,0.103088655698287,0.112732240217133,0.116978685975143
"TER-EXO-T04",2024-09-07,0.189346776645878,0.203127790100739,0.17700160445608
"TER-EXO-T04",2024-09-08,0.111326011373131,0.155236914712814,0.161696620667065
"TER-EXO-T04",2024-09-09,0.059931579790198,0.0904431444846856,0.0800963016053946
"TER-EXO-T04",2024-09-10,0.0626641620238647,0.131909858673966,0.142851508379234
"TER-EXO-T04",2024-09-11,0.180548894069444,0.223217676042643,0.223118671126471
"TER-EXO-T04",2024-09-12,0.232820517921636,0.305862185941891,0.282111949818148
"TER-EXO-T04",2024-09-13,0.132871575446844,0.155069647407572,0.143579862388204
"TER-EXO-T04",2024-09-14,0.0846461097288547,0.0977224151297205,0.0878428137202651
"TER-EXO-T04",2024-09-15,0.217619270786699,0.231969106051923,0.224230206313127
"TER-EXO-T04",2024-09-16,0.110804997501338,0.132360925630599,0.102225179739801
"TER-EXO-T04",2024-09-17,0.018679843991746,0.0848403561665192,0.0737168961876548
"TER-EXO-T04",2024-09-18,0.172638796847913,0.203040754138489,0.177918042286228
"TER-EXO-T04",2024-09-19,0.0935862358600756,0.127511236919807,0.103932619186367
"TER-EXO-T04",2024-09-20,0.001855937101668,0.0809535297693944,0.0922058399807118
"TER-EXO-T04",2024-09-21,0.153615207782863,0.206959507300536,0.16977003529417
"TER-EXO-T04",2024-09-22,0.0566114951174026,0.0756685489262644,0.082020901084146
"TER-EXO-T04",2024-09-23,0.0683026058784041,0.136057845416177,0.10959695300473
"TER-EXO-T04",2024-09-24,0.0123091213053466,0.0305670216265552,0.0636838560225522
"TER-EXO-T04",2024-09-25,0,0,0.00871647655006495
"TER-EXO-T04",2024-09-26,0.0381147086724569,0.141810463168904,0.119414000908843
"TER-EXO-T04",2024-09-27,0.0772064587429267,0.11182503605641,0.082679541516272
"TER-EXO-T04",2024-09-28,0,0.00738591823907123,0.0428643769265667
"TER-EXO-T04",2024-09-29,0,0,0.0110120141188151
"TER-EXO-T04",2024-09-30,0,0,0.0480029822773968
"TER-EXO-T04",2024-10-01,0,0,0.0261893675384394
"TER-EXO-T04",2024-10-02,0,0.00269928991717811,0.0308639549002688
"TER-EXO-T04",2024-10-03,0,0.0057514351226571,0.0492258615705595
"TER-EXO-T04",2024-10-04,0,0,0.00521734654759797
"TER-EXO-T04",2024-10-05,0.00507981778619145,0.0660286098205361,0.0718261110106047
"TER-EXO-T04",2024-10-06,0.0508363456825879,0.0962633009308447,0.0935546607982206
"TER-EXO-T04",2024-10-07,0.0621458691034075,0.106498417050916,0.0972377234227453
"TER-EXO-T04",2024-10-08,0.0348615706838566,0.0830095202565486,0.108686963719942
"TER-EXO-T04",2024-10-09,0.0822630079137319,0.122224946557566,0.122769723608756
"TER-EXO-T04",2024-10-10,0.0035949288852509,0.0242786156522632,0.0368784050696444
"TER-EXO-T04",2024-10-11,0.0926884909927543,0.106484739954221,0.0919946264530525
"TER-EXO-T04",2024-10-12,0.124525595000513,0.151648137100408,0.132782725901231
"TER-EXO-T04",2024-10-13,0,0,0.0164465767584239
"TER-EXO-T04",2024-10-14,0,0,0.0219693320486759
"TER-EXO-T04",2024-10-15,0.0945363576601705,0.138298456099034,0.120252920823829
"TER-EXO-T04",2024-10-16,0.0872808957608458,0.0944970086422101,0.0870720245814065
"TER-EXO-T04",2024-10-17,0.0568226802581179,0.0758861347664469,0.0666763051780235
"TER-EXO-T04",2024-10-18,0.0809208886024913,0.118400449119386,0.11866296171322
"TER-EXO-T04",2024-10-19,0.0105561273473691,0.0228831147460124,0.0474782875869141
"TER-EXO-T04",2024-10-20,0.0438390296968803,0.0814962420595396,0.0714600867717483
"TER-EXO-T04",2024-10-21,0.0645880944964308,0.0964600063760685,0.074520330863831
"TER-EXO-T04",2024-10-22,0.0838301900426201,0.1036326537143,0.0837194245038257
"TER-EXO-T04",2024-10-23,0,0.00978980932649948,0.0186601729477511
"TER-EXO-T04",2024-10-24,0.091551614329023,0.0961628126056506,0.0787872501168782
"TER-EXO-T04",2024-10-25,0.0791493946525904,0.0912310534528275,0.0879160000998402
"TER-EXO-T04",2024-10-26,0.0433938358107617,0.0437767551317447,0.0338737143695888
"TER-EXO-T04",2024-10-27,0.025694255973638,0.0226247222745611,0.0193996761415349
"TER-EXO-T04",2024-10-28,0.0686170581604461,0.0737842817354035,0.0623398827421561
"TER-EXO-T04",2024-10-29,0.0500780922297998,0.0925550422650018,0.0953162535042349
"TER-EXO-T04",2024-10-30,0.0574730304700798,0.0858982265787412,0.0943384374685475
"TER-EXO-T04",2024-10-31,0.0537982013299943,0.0812020197351884,0.0713403654220444
"TER-EXO-T04",2024-11-01,0.0147480118207579,0.017392420410073,0.0317094988911677
"TER-EXO-T04",2024-11-02,0.0229992735782522,0.069036941233622,0.0439591409218891
"TER-EXO-T04",2024-11-03,0.0179814892165415,0.0469437936828428,0.0380598317950866
"TER-EXO-T04",2024-11-04,0.0137787437145444,0.0550246558919696,0.0608918662506205
"TER-EXO-T04",2024-11-05,0.0259982711583193,0.0539973716384379,0.0676503165860797
"TER-EXO-T04",2024-11-06,0.0396488742046525,0.0975798432831132,0.0786741908127676
"TER-EXO-T04",2024-11-07,0.0486163270168326,0.0752090946467031,0.0585338102898983
"TER-EXO-T04",2024-11-08,0.0201555908716665,0.0353757343928994,0.0411353335239922
"TER-EXO-T04",2024-11-09,0.0308856830528384,0.0701013001955742,0.020420608824322
"TER-EXO-T04",2024-11-10,0.0274583188784723,0.0427418575363107,0.0531043353450546
"TER-EXO-T04",2024-11-11,0.0325748737958308,0.0483624712540102,0.0293724987566949
"TER-EXO-T04",2024-11-12,0.0241860689296797,0.0372199821111176,0.0383336367971779
"TER-EXO-T04",2024-11-13,0.0283490045755305,0.0498157898904679,0.0494240952217549
"TER-EXO-T04",2024-11-14,0.0322771730419263,0.0595359687779565,0.0601055904818088
"TER-EXO-T04",2024-11-15,0.0408501537093606,0.059845359345587,0.0601789007409027
"TER-EXO-T04",2024-11-16,0.0202783482621095,0.0266121757821987,0.0251366769306844
"TER-EXO-T04",2024-11-17,0.0343521661616677,0.0415921311646832,0.0508596532871021
"TER-EXO-T04",2024-11-18,0.0131175429447057,0.0238451816641339,0.0302331660942643
"TER-EXO-T04",2024-11-19,0.0528300440983113,0.0978215840386133,0.0969904225811831
"TER-EXO-T04",2024-11-20,0.0434719362725688,0.0578199315005889,0.0543554345845816
"TER-EXO-T04",2024-11-21,0.0496067141001324,0.0698747346935861,0.0642109131679695
"TER-EXO-T04",2024-11-22,0.025446111717631,0.0360941714703432,0.0463734192215068
"TER-EXO-T04",2024-11-23,0,0.0293582211936657,0.0142812871662998
"TER-EXO-T04",2024-11-24,0.0116893032160454,0.0464899509600858,0.0643154244868055
"TER-EXO-T04",2024-11-25,0.0860625727921332,0.109973686729046,0.10322199046602
"TER-EXO-T04",2024-11-26,0.0161755153577956,0.0287761122006665,0.016749765603476
"TER-EXO-T04",2024-11-27,0.0431442908772669,0.0991180137526388,0.0372323876519506
"TER-EXO-T04",2024-11-28,0.0289619087807868,0.0379101263928852,0.026375658992835
"TER-EXO-T04",2024-11-29,0.0511706701617316,0.050871969784913,0.0640063010563008
"TER-EXO-T04",2024-11-30,0.0675623731568398,0.0477567450930793,0.0467533217499862
"TER-EXO-T04",2024-12-01,0.04385121018853,0.0453884147006198,0.0591655356492996
"TER-EXO-T04",2024-12-02,0.00518491761480305,0.0463493299588483,0.0724322851915129
"TER-EXO-T04",2024-12-03,0.0568129364772533,0.0504496838105419,0.0648693070965862
"TER-EXO-T04",2024-12-04,0.0534933474358564,0.0542772804006239,0.0625614923567404
"TER-EXO-T04",2024-12-05,0.0591652489045627,0.0480844568073855,0.0653940962838664
"TER-EXO-T04",2024-12-06,0.0277123110482443,0.0237180302779775,0.027830949015432
"TER-EXO-T04",2024-12-07,0.0688179169798592,0.0523073060770255,0.0646089828126951
"TER-EXO-T04",2024-12-08,0.0383546927934218,0.038527248796619,0.0463376716941959
"TER-EXO-T04",2024-12-09,0.0899090826217695,0.0887728679516983,0.0957991724390226
"TER-EXO-T04",2024-12-10,0.0663556537922955,0.0678092701308252,0.0739464097970626
"TER-EXO-T04",2024-12-11,0.034370278871258,0.0366722723362431,0.040617172998055
"TER-EXO-T04",2024-12-12,0.0510733196245052,0.0439032508352903,0.0551715982353242
"TER-EXO-T04",2024-12-13,0.0398878668547899,0.0441646153433009,0.037648797462589
"TER-EXO-T04",2024-12-14,0.0591931408131363,0.062365754189555,0.0723939788767978
"TER-EXO-T04",2024-12-15,0.0598427358359598,0.0558388298536235,0.0615653505495144
"TER-EXO-T04",2024-12-16,0.00168535142098083,0.0327584060948782,0.041719203789344
"TER-EXO-T04",2024-12-17,0.065254642047757,0.102062964094607,0.109578764424122
"TER-EXO-T04",2024-12-18,0.0520926941314122,0.0681482654810249,0.0790749917675448
"TER-EXO-T04",2024-12-19,0.00275333243421476,0.0279112530587892,0.0357918447156907
"TER-EXO-T04",2024-12-20,0.0323842721465929,0.0369702243014862,0.0426302335135371
"TER-EXO-T04",2024-12-21,0.0381035296378505,0.0427587877224095,0.04232792242334
"TER-EXO-T04",2024-12-22,0.0297774820130073,0.0299058917894026,0.0368340039713516
"TER-EXO-T04",2024-12-23,0.0398513887878015,0.0354579404528319,0.0463405587140925
"TER-EXO-T04",2024-12-24,0.044890447369467,0.0471262937782329,0.05105678861313
"TER-EXO-T04",2024-12-25,0.042115329431506,0.0414774783525904,0.0573733945173456
"TER-EXO-T04",2024-12-26,0.0313883973031318,0.0287176863938857,0.0361065441673795
"TER-EXO-T04",2024-12-27,0.0319023777846913,0.0324134443330907,0.0409933040359985
"TER-EXO-T04",2024-12-28,0.0614155638056539,0.101870697644198,0.106559661695351
"TER-EXO-T04",2024-12-29,0.0315717580604357,0.0452087967373606,0.0498005131631695
"TER-EXO-T04",2024-12-30,0.0333672052159389,0.050781564517771,0.0465271662262559
"TER-EXO-T04",2024-12-31,0.046235604803079,0.0344394627275448,0.0411702369152681
"TER-EXO-T04",2025-01-01,0.0195540571745643,0.0190029971724107,0.0218528027293606
"TER-EXO-T04",2025-01-02,0.0226352737960224,0.026936021918557,0.0140253678629854
"TER-EXO-T04",2025-01-03,0.00406576980813291,0.00879227917155212,0.00562141709654622
"TER-EXO-T04",2025-01-04,0.0181997840888248,0.0292148102066882,0.0365418251620119
"TER-EXO-T04",2025-01-05,0.0277978631140923,0.0420433276877799,0.0423909683530448
"TER-EXO-T04",2025-01-06,0.00506896001653414,0.00505908348884612,0.00815402855987253
"TER-EXO-T04",2025-01-07,0.0413104213605819,0.107241489609517,0.112994478038879
"TER-EXO-T04",2025-01-08,0.0400478247427007,0.0723761673367487,0.0875704869912433
"TER-EXO-T04",2025-01-09,0.00191607253879479,0.00653281680548198,0.00599355115428453
"TER-EXO-T04",2025-01-10,0.00481544460236928,0.00741369889410083,0.016888114641228
"TER-EXO-T04",2025-01-11,0.0215869515387426,0.0283409493076301,0.0306707975142181
"TER-EXO-T04",2025-01-12,0.0340632033191798,0.0490489878348673,0.0612770515544189
"TER-EXO-T04",2025-01-13,0.034502080630548,0.0467973780681697,0.0571184905026416
"TER-EXO-T04",2025-01-14,0.0204767208156736,0.0263894782643045,0.0292315309233119
"TER-EXO-T04",2025-01-15,0.0217833369556744,0.0292653129609169,0.0333014321473429
"TER-EXO-T04",2025-01-16,0.00582540832528232,0.0120321975297145,0.00897395297862086
"TER-EXO-T04",2025-01-17,0,0.00157942877147918,0.00157942877147918
"TER-EXO-T04",2025-01-18,0.00650931371504964,0.0729028416758416,0.104069618704028
"TER-EXO-T04",2025-01-19,0.0123019711285065,0.0519899837376534,0.0815552525402562
"TER-EXO-T04",2025-01-20,0,0.0189003814233338,0.0283196599641914
"TER-EXO-T04",2025-01-21,0.00862360897233853,0.0801136678759554,0.103021203452461
"TER-EXO-T04",2025-01-22,0.00746051470678281,0.0625487639620775,0.0877125619026706
"TER-EXO-T04",2025-01-23,0.00652481612224114,0.0421712669598326,0.0488585972510305
"TER-EXO-T04",2025-01-24,0.00775287732303231,0.0471803583938918,0.0744464456136126
"TER-EXO-T04",2025-01-25,0.00839621492605412,0.0609008085750709,0.0828320926206805
"TER-EXO-T04",2025-01-26,0.0325764254184404,0.0964362745490887,0.112445990579662
"TER-EXO-T04",2025-01-27,0.0313430678258549,0.0805589992158556,0.0758925704804949
"TER-EXO-T04",2025-01-28,0.0217363874874626,0.0374366638130712,0.0495134609929037
"TER-EXO-T04",2025-01-29,0.0116778610847217,0.0658327244148777,0.0917137262496091
"TER-EXO-T04",2025-01-30,0.0273942946421799,0.0407478974239483,0.0632435285333546
"TER-EXO-T04",2025-01-31,0.0213354970989263,0.0314625387594154,0.0380893166983227
"TER-EXO-T04",2025-02-01,0.00921165320574962,0.0206433610710336,0.07622164169487
"TER-EXO-T04",2025-02-02,0.00921729262828884,0.0555372543678804,0.0822540035631829
"TER-EXO-T04",2025-02-03,0.00756240117096557,0.0058861228969123,0.00318932192139751
"TER-EXO-T04",2025-02-04,0.00804371396958972,0.0390576710677642,NA
"TER-EXO-T04",2025-02-05,0.00194745465087464,0.00437076599694933,NA
"TER-EXO-T04",2025-02-06,0.00186339949632809,0.00730884851732954,NA
"TER-EXO-T04",2025-02-07,0.00840716235122634,0.00203906677320781,NA
"TER-EXO-T04",2025-02-08,0.00121930894106729,0.00267961803108496,NA
"TER-EXO-T04",2025-02-09,0.0014384911468481,0,NA
"TER-EXO-T04",2025-02-10,0.00211132939785048,0,NA
"TER-EXO-T04",2025-02-11,0.00733144810445019,0.00278931028539417,NA
"TER-EXO-T04",2025-02-12,NA,NA,NA
"TER-EXO-T04",2025-02-13,NA,NA,NA
"TER-EXO-T04",2025-02-14,NA,NA,NA
"TER-EXO-T04",2025-02-15,NA,NA,NA
"TER-EXO-T04",2025-02-16,NA,NA,NA
"TER-EXO-T04",2025-02-17,NA,NA,NA
"TER-EXO-T04",2025-02-18,NA,NA,NA
"TER-EXO-T04",2025-02-19,NA,NA,NA
"TER-EXO-T04",2025-02-20,NA,NA,NA
"TER-EXO-T04",2025-02-21,NA,NA,NA
"TER-EXO-T04",2025-02-22,NA,NA,NA
"TER-EXO-T04",2025-02-23,NA,NA,NA
"TER-EXO-T04",2025-02-24,NA,NA,NA
"TER-EXO-T04",2025-02-25,NA,NA,NA
"TER-EXO-T04",2025-02-26,NA,NA,NA
"TER-EXO-T04",2025-02-27,NA,NA,NA
"TER-EXO-T04",2025-02-28,NA,NA,NA
"TER-EXO-T04",2025-03-01,NA,NA,NA
"TER-EXO-T04",2025-03-02,NA,NA,NA
"TER-EXO-T04",2025-03-03,NA,NA,NA
"TER-EXO-T04",2025-03-04,NA,NA,NA
"TER-EXO-T04",2025-03-05,NA,NA,NA
"TER-EXO-T04",2025-03-06,NA,NA,NA
"TER-EXO-T04",2025-03-07,NA,NA,NA
"TER-EXO-T04",2025-03-08,NA,NA,NA
"TER-EXO-T04",2025-03-09,NA,NA,NA
"TER-EXO-T04",2025-03-10,NA,NA,NA
"TER-EXO-T04",2025-03-11,NA,NA,NA
"TER-EXO-T04",2025-03-12,NA,NA,NA
"TER-EXO-T04",2025-03-13,NA,NA,NA
"TER-EXO-T04",2025-03-14,NA,NA,NA
"TER-EXO-T04",2025-03-15,NA,NA,NA
"TER-EXO-T04",2025-03-16,NA,NA,NA
"TER-EXO-T04",2025-03-17,NA,NA,NA
"TER-EXO-T04",2025-03-18,NA,NA,NA
"TER-EXO-T04",2025-03-19,NA,NA,NA
"TER-EXO-T04",2025-03-20,NA,NA,NA
"TER-EXO-T04",2025-03-21,NA,NA,NA
"TER-EXO-T04",2025-03-22,NA,NA,NA
"TER-EXO-T04",2025-03-23,NA,NA,NA
"TER-EXO-T04",2025-03-24,NA,NA,NA
"TER-EXO-T04",2025-03-25,NA,NA,NA
"TER-EXO-T04",2025-03-26,NA,NA,NA
"TER-EXO-T04",2025-03-27,NA,NA,NA
"TER-EXO-T04",2025-03-28,NA,NA,NA
"TER-EXO-T04",2025-03-29,NA,NA,NA
"TER-EXO-T04",2025-03-30,NA,NA,NA
"TER-EXO-T04",2025-03-31,NA,NA,NA
"TER-EXO-T04",2025-04-01,NA,NA,NA
"TER-EXO-T04",2025-04-02,NA,NA,NA
"TER-EXO-T04",2025-04-03,NA,NA,NA
"TER-EXO-T04",2025-04-04,NA,NA,NA
"TER-EXO-T04",2025-04-05,NA,NA,NA
"TER-EXO-T04",2025-04-06,NA,NA,NA
"TER-EXO-T04",2025-04-07,NA,NA,NA
"TER-EXO-T04",2025-04-08,NA,NA,NA
"TER-EXO-T04",2025-04-09,NA,NA,NA
"TER-EXO-T04",2025-04-10,NA,NA,NA
"TER-EXO-T04",2025-04-11,NA,NA,NA
"TER-EXO-T04",2025-04-12,NA,NA,NA
"TER-EXO-T04",2025-04-13,NA,NA,NA
"TER-EXO-T04",2025-04-14,NA,NA,NA
"TER-EXO-T04",2025-04-15,NA,NA,NA
"TER-EXO-T04",2025-04-16,NA,NA,NA
"TER-EXO-T04",2025-04-17,NA,NA,NA
"TER-EXO-T04",2025-04-18,NA,NA,NA
"TER-EXO-T04",2025-04-19,NA,NA,NA
"TER-EXO-T04",2025-04-20,NA,NA,NA
"TER-EXO-T04",2025-04-21,NA,NA,NA
"TER-EXO-T04",2025-04-22,NA,NA,NA
"TER-EXO-T04",2025-04-23,NA,NA,NA
"TER-EXO-T04",2025-04-24,NA,NA,NA
"TER-EXO-T04",2025-04-25,NA,NA,NA
"TER-EXO-T04",2025-04-26,NA,NA,NA
"TER-EXO-T04",2025-04-27,NA,NA,NA
"TER-EXO-T04",2025-04-28,NA,NA,NA
"TER-EXO-T04",2025-04-29,NA,NA,NA
"TER-EXO-T04",2025-04-30,NA,NA,NA
"TER-EXO-T04",2025-05-01,NA,NA,NA
"TER-EXO-T04",2025-05-02,NA,NA,NA
"TER-EXO-T04",2025-05-03,NA,NA,NA
"TER-EXO-T04",2025-05-04,NA,NA,NA
"TER-EXO-T04",2025-05-05,NA,NA,NA
"TER-EXO-T04",2025-05-06,NA,NA,NA
"TER-EXO-T04",2025-05-07,NA,NA,NA
"TER-EXO-T04",2025-05-08,NA,NA,NA
"TER-EXO-T04",2025-05-09,NA,NA,NA
"TER-EXO-T04",2025-05-10,NA,NA,NA
"TER-EXO-T04",2025-05-11,NA,NA,NA
"TER-EXO-T04",2025-05-12,NA,NA,NA
"TER-EXO-T04",2025-05-13,NA,NA,NA
"TER-EXO-T04",2025-05-14,NA,NA,NA
"TER-EXO-T04",2025-05-15,NA,NA,NA
"TER-EXO-T04",2025-05-16,NA,NA,NA
"TER-EXO-T04",2025-05-17,NA,NA,NA
"TER-EXO-T04",2025-05-18,NA,NA,NA
"TER-EXO-T04",2025-05-19,NA,NA,NA
"TER-EXO-T04",2025-05-20,NA,NA,NA
"TER-EXO-T04",2025-05-21,NA,NA,NA
"TER-EXO-T04",2025-05-22,NA,NA,NA
"TER-EXO-T04",2025-05-23,NA,NA,NA
"TER-EXO-T04",2025-05-24,NA,NA,NA
"TER-EXO-T04",2025-05-25,NA,NA,NA
"TER-EXO-T04",2025-05-26,NA,NA,NA
"TER-EXO-T04",2025-05-27,NA,NA,NA
"TER-EXO-T04",2025-05-28,NA,NA,NA
"TER-EXO-T04",2025-05-29,NA,NA,NA
"TER-EXO-T04",2025-05-30,NA,NA,NA
"TER-EXO-T04",2025-05-31,NA,NA,NA
"TER-EXO-T04",2025-06-01,NA,NA,NA
"TER-EXO-T04",2025-06-02,NA,NA,NA
"TER-EXO-T04",2025-06-03,NA,NA,NA
"TER-EXO-T04",2025-06-04,NA,NA,NA
"TER-EXO-T04",2025-06-05,NA,NA,NA
"TER-EXO-T04",2025-06-06,NA,NA,NA
"TER-EXO-T04",2025-06-07,NA,NA,NA
"TER-EXO-T04",2025-06-08,NA,NA,NA
"TER-EXO-T04",2025-06-09,NA,NA,NA
"TER-EXO-T04",2025-06-10,NA,NA,NA
"TER-EXO-T04",2025-06-11,NA,NA,NA
"TER-EXO-T04",2025-06-12,NA,NA,NA
"TER-EXO-T09",2023-08-09,NA,NA,NA
"TER-EXO-T09",2023-08-10,NA,NA,NA
"TER-EXO-T09",2023-08-11,NA,NA,NA
"TER-EXO-T09",2023-08-12,NA,NA,NA
"TER-EXO-T09",2023-08-13,NA,NA,NA
"TER-EXO-T09",2023-08-14,NA,NA,NA
"TER-EXO-T09",2023-08-15,NA,NA,NA
"TER-EXO-T09",2023-08-16,NA,NA,NA
"TER-EXO-T09",2023-08-17,NA,NA,NA
"TER-EXO-T09",2023-08-18,NA,NA,NA
"TER-EXO-T09",2023-08-19,NA,NA,NA
"TER-EXO-T09",2023-08-20,NA,NA,NA
"TER-EXO-T09",2023-08-21,NA,NA,NA
"TER-EXO-T09",2023-08-22,NA,NA,NA
"TER-EXO-T09",2023-08-23,NA,NA,NA
"TER-EXO-T09",2023-08-24,NA,NA,NA
"TER-EXO-T09",2023-08-25,NA,NA,NA
"TER-EXO-T09",2023-08-26,NA,NA,NA
"TER-EXO-T09",2023-08-27,NA,NA,NA
"TER-EXO-T09",2023-08-28,NA,NA,NA
"TER-EXO-T09",2023-08-29,NA,NA,NA
"TER-EXO-T09",2023-08-30,NA,NA,NA
"TER-EXO-T09",2023-08-31,NA,NA,NA
"TER-EXO-T09",2023-09-01,NA,NA,NA
"TER-EXO-T09",2023-09-02,NA,NA,NA
"TER-EXO-T09",2023-09-03,NA,NA,NA
"TER-EXO-T09",2023-09-04,NA,NA,NA
"TER-EXO-T09",2023-09-05,NA,NA,NA
"TER-EXO-T09",2023-09-06,NA,NA,NA
"TER-EXO-T09",2023-09-07,NA,NA,NA
"TER-EXO-T09",2023-09-08,NA,NA,NA
"TER-EXO-T09",2023-09-09,NA,NA,NA
"TER-EXO-T09",2023-09-10,NA,NA,NA
"TER-EXO-T09",2023-09-11,NA,NA,NA
"TER-EXO-T09",2023-09-12,NA,NA,NA
"TER-EXO-T09",2023-09-13,NA,NA,NA
"TER-EXO-T09",2023-09-14,NA,NA,NA
"TER-EXO-T09",2023-09-15,NA,NA,NA
"TER-EXO-T09",2023-09-16,NA,NA,NA
"TER-EXO-T09",2023-09-17,NA,NA,NA
"TER-EXO-T09",2023-09-18,NA,NA,NA
"TER-EXO-T09",2023-09-19,NA,NA,NA
"TER-EXO-T09",2023-09-20,NA,NA,NA
"TER-EXO-T09",2023-09-21,NA,NA,NA
"TER-EXO-T09",2023-09-22,NA,NA,NA
"TER-EXO-T09",2023-09-23,NA,NA,NA
"TER-EXO-T09",2023-09-24,NA,NA,NA
"TER-EXO-T09",2023-09-25,NA,NA,NA
"TER-EXO-T09",2023-09-26,NA,NA,NA
"TER-EXO-T09",2023-09-27,NA,NA,NA
"TER-EXO-T09",2023-09-28,NA,NA,NA
"TER-EXO-T09",2023-09-29,NA,NA,NA
"TER-EXO-T09",2023-09-30,NA,NA,NA
"TER-EXO-T09",2023-10-01,NA,NA,NA
"TER-EXO-T09",2023-10-02,NA,NA,NA
"TER-EXO-T09",2023-10-03,NA,NA,NA
"TER-EXO-T09",2023-10-04,NA,NA,NA
"TER-EXO-T09",2023-10-05,NA,NA,NA
"TER-EXO-T09",2023-10-06,NA,NA,NA
"TER-EXO-T09",2023-10-07,NA,NA,NA
"TER-EXO-T09",2023-10-08,NA,NA,NA
"TER-EXO-T09",2023-10-09,NA,NA,NA
"TER-EXO-T09",2023-10-10,NA,NA,NA
"TER-EXO-T09",2023-10-11,NA,NA,NA
"TER-EXO-T09",2023-10-12,NA,NA,NA
"TER-EXO-T09",2023-10-13,NA,NA,NA
"TER-EXO-T09",2023-10-14,NA,NA,NA
"TER-EXO-T09",2023-10-15,NA,NA,NA
"TER-EXO-T09",2023-10-16,NA,NA,NA
"TER-EXO-T09",2023-10-17,NA,NA,NA
"TER-EXO-T09",2023-10-18,NA,NA,NA
"TER-EXO-T09",2023-10-19,NA,NA,NA
"TER-EXO-T09",2023-10-20,NA,NA,NA
"TER-EXO-T09",2023-10-21,NA,NA,NA
"TER-EXO-T09",2023-10-22,NA,NA,NA
"TER-EXO-T09",2023-10-23,NA,NA,NA
"TER-EXO-T09",2023-10-24,NA,NA,NA
"TER-EXO-T09",2023-10-25,NA,NA,NA
"TER-EXO-T09",2023-10-26,NA,NA,NA
"TER-EXO-T09",2023-10-27,NA,NA,NA
"TER-EXO-T09",2023-10-28,NA,NA,NA
"TER-EXO-T09",2023-10-29,NA,NA,NA
"TER-EXO-T09",2023-10-30,NA,NA,NA
"TER-EXO-T09",2023-10-31,NA,NA,NA
"TER-EXO-T09",2023-11-01,NA,NA,NA
"TER-EXO-T09",2023-11-02,NA,NA,NA
"TER-EXO-T09",2023-11-03,NA,NA,NA
"TER-EXO-T09",2023-11-04,NA,NA,NA
"TER-EXO-T09",2023-11-05,NA,NA,NA
"TER-EXO-T09",2023-11-06,NA,NA,NA
"TER-EXO-T09",2023-11-07,NA,NA,NA
"TER-EXO-T09",2023-11-08,NA,NA,NA
"TER-EXO-T09",2023-11-09,NA,NA,NA
"TER-EXO-T09",2023-11-10,NA,NA,NA
"TER-EXO-T09",2023-11-11,NA,NA,NA
"TER-EXO-T09",2023-11-12,NA,NA,NA
"TER-EXO-T09",2023-11-13,NA,NA,NA
"TER-EXO-T09",2023-11-14,NA,NA,NA
"TER-EXO-T09",2023-11-15,NA,NA,NA
"TER-EXO-T09",2023-11-16,NA,NA,NA
"TER-EXO-T09",2023-11-17,NA,NA,NA
"TER-EXO-T09",2023-11-18,NA,NA,NA
"TER-EXO-T09",2023-11-19,NA,NA,NA
"TER-EXO-T09",2023-11-20,NA,NA,NA
"TER-EXO-T09",2023-11-21,NA,NA,NA
"TER-EXO-T09",2023-11-22,NA,NA,NA
"TER-EXO-T09",2023-11-23,NA,NA,NA
"TER-EXO-T09",2023-11-24,NA,NA,NA
"TER-EXO-T09",2023-11-25,NA,NA,NA
"TER-EXO-T09",2023-11-26,NA,NA,NA
"TER-EXO-T09",2023-11-27,NA,NA,NA
"TER-EXO-T09",2023-11-28,NA,NA,NA
"TER-EXO-T09",2023-11-29,NA,NA,NA
"TER-EXO-T09",2023-11-30,NA,NA,NA
"TER-EXO-T09",2023-12-01,NA,NA,NA
"TER-EXO-T09",2023-12-02,NA,NA,NA
"TER-EXO-T09",2023-12-03,NA,NA,NA
"TER-EXO-T09",2023-12-04,NA,NA,NA
"TER-EXO-T09",2023-12-05,NA,NA,NA
"TER-EXO-T09",2023-12-06,NA,NA,NA
"TER-EXO-T09",2023-12-07,NA,NA,NA
"TER-EXO-T09",2023-12-08,NA,NA,NA
"TER-EXO-T09",2023-12-09,NA,NA,NA
"TER-EXO-T09",2023-12-10,NA,NA,NA
"TER-EXO-T09",2023-12-11,NA,NA,NA
"TER-EXO-T09",2023-12-12,NA,NA,NA
"TER-EXO-T09",2023-12-13,NA,NA,NA
"TER-EXO-T09",2023-12-14,NA,NA,NA
"TER-EXO-T09",2023-12-15,NA,NA,NA
"TER-EXO-T09",2023-12-16,NA,NA,NA
"TER-EXO-T09",2023-12-17,NA,NA,NA
"TER-EXO-T09",2023-12-18,NA,NA,NA
"TER-EXO-T09",2023-12-19,NA,NA,NA
"TER-EXO-T09",2023-12-20,NA,NA,NA
"TER-EXO-T09",2023-12-21,NA,NA,NA
"TER-EXO-T09",2023-12-22,NA,NA,NA
"TER-EXO-T09",2023-12-23,NA,NA,NA
"TER-EXO-T09",2023-12-24,NA,NA,NA
"TER-EXO-T09",2023-12-25,NA,NA,NA
"TER-EXO-T09",2023-12-26,NA,NA,NA
"TER-EXO-T09",2023-12-27,NA,NA,NA
"TER-EXO-T09",2023-12-28,NA,NA,NA
"TER-EXO-T09",2023-12-29,NA,NA,NA
"TER-EXO-T09",2023-12-30,NA,NA,NA
"TER-EXO-T09",2023-12-31,NA,NA,NA
"TER-EXO-T09",2024-01-01,NA,NA,NA
"TER-EXO-T09",2024-01-02,NA,NA,NA
"TER-EXO-T09",2024-01-03,NA,NA,NA
"TER-EXO-T09",2024-01-04,NA,NA,NA
"TER-EXO-T09",2024-01-05,NA,NA,NA
"TER-EXO-T09",2024-01-06,NA,NA,NA
"TER-EXO-T09",2024-01-07,NA,NA,NA
"TER-EXO-T09",2024-01-08,NA,NA,NA
"TER-EXO-T09",2024-01-09,NA,NA,NA
"TER-EXO-T09",2024-01-10,NA,NA,NA
"TER-EXO-T09",2024-01-11,NA,NA,NA
"TER-EXO-T09",2024-01-12,NA,NA,NA
"TER-EXO-T09",2024-01-13,NA,NA,NA
"TER-EXO-T09",2024-01-14,NA,NA,NA
"TER-EXO-T09",2024-01-15,NA,NA,NA
"TER-EXO-T09",2024-01-16,NA,NA,NA
"TER-EXO-T09",2024-01-17,NA,NA,NA
"TER-EXO-T09",2024-01-18,NA,NA,NA
"TER-EXO-T09",2024-01-19,NA,NA,NA
"TER-EXO-T09",2024-01-20,NA,NA,NA
"TER-EXO-T09",2024-01-21,NA,NA,NA
"TER-EXO-T09",2024-01-22,NA,NA,NA
"TER-EXO-T09",2024-01-23,NA,NA,NA
"TER-EXO-T09",2024-01-24,NA,NA,NA
"TER-EXO-T09",2024-01-25,NA,NA,NA
"TER-EXO-T09",2024-01-26,NA,NA,NA
"TER-EXO-T09",2024-01-27,NA,NA,NA
"TER-EXO-T09",2024-01-28,NA,NA,NA
"TER-EXO-T09",2024-01-29,NA,NA,NA
"TER-EXO-T09",2024-01-30,NA,NA,NA
"TER-EXO-T09",2024-01-31,NA,NA,NA
"TER-EXO-T09",2024-02-01,NA,NA,NA
"TER-EXO-T09",2024-02-02,NA,NA,NA
"TER-EXO-T09",2024-02-03,NA,NA,NA
"TER-EXO-T09",2024-02-04,NA,NA,NA
"TER-EXO-T09",2024-02-05,NA,NA,NA
"TER-EXO-T09",2024-02-06,NA,NA,NA
"TER-EXO-T09",2024-02-07,NA,NA,NA
"TER-EXO-T09",2024-02-08,NA,NA,NA
"TER-EXO-T09",2024-02-09,NA,NA,NA
"TER-EXO-T09",2024-02-10,NA,NA,NA
"TER-EXO-T09",2024-02-11,NA,NA,NA
"TER-EXO-T09",2024-02-12,NA,NA,NA
"TER-EXO-T09",2024-02-13,NA,NA,NA
"TER-EXO-T09",2024-02-14,NA,NA,NA
"TER-EXO-T09",2024-02-15,NA,NA,NA
"TER-EXO-T09",2024-02-16,NA,NA,NA
"TER-EXO-T09",2024-02-17,NA,NA,NA
"TER-EXO-T09",2024-02-18,NA,NA,NA
"TER-EXO-T09",2024-02-19,NA,NA,NA
"TER-EXO-T09",2024-02-20,NA,NA,NA
"TER-EXO-T09",2024-02-21,NA,NA,NA
"TER-EXO-T09",2024-02-22,NA,NA,NA
"TER-EXO-T09",2024-02-23,NA,NA,NA
"TER-EXO-T09",2024-02-24,NA,NA,NA
"TER-EXO-T09",2024-02-25,NA,NA,NA
"TER-EXO-T09",2024-02-26,NA,NA,NA
"TER-EXO-T09",2024-02-27,NA,NA,NA
"TER-EXO-T09",2024-02-28,NA,NA,NA
"TER-EXO-T09",2024-02-29,NA,NA,NA
"TER-EXO-T09",2024-03-01,NA,NA,NA
"TER-EXO-T09",2024-03-02,NA,NA,NA
"TER-EXO-T09",2024-03-03,NA,NA,NA
"TER-EXO-T09",2024-03-04,NA,NA,NA
"TER-EXO-T09",2024-03-05,NA,NA,NA
"TER-EXO-T09",2024-03-06,NA,NA,NA
"TER-EXO-T09",2024-03-07,NA,NA,NA
"TER-EXO-T09",2024-03-08,NA,NA,NA
"TER-EXO-T09",2024-03-09,NA,NA,NA
"TER-EXO-T09",2024-03-10,NA,NA,NA
"TER-EXO-T09",2024-03-11,NA,NA,NA
"TER-EXO-T09",2024-03-12,NA,NA,NA
"TER-EXO-T09",2024-03-13,NA,NA,NA
"TER-EXO-T09",2024-03-14,NA,NA,NA
"TER-EXO-T09",2024-03-15,NA,NA,NA
"TER-EXO-T09",2024-03-16,NA,NA,NA
"TER-EXO-T09",2024-03-17,NA,NA,NA
"TER-EXO-T09",2024-03-18,NA,NA,NA
"TER-EXO-T09",2024-03-19,NA,NA,NA
"TER-EXO-T09",2024-03-20,NA,NA,NA
"TER-EXO-T09",2024-03-21,NA,NA,NA
"TER-EXO-T09",2024-03-22,0.00987691431208314,NA,0.0163956261942539
"TER-EXO-T09",2024-03-23,0.0114346317336348,NA,0.00133980901554246
"TER-EXO-T09",2024-03-24,0.00916828663434841,NA,0.0794674618156107
"TER-EXO-T09",2024-03-25,0.00805922683041545,NA,0.0544581848165121
"TER-EXO-T09",2024-03-26,0.0110143921289946,NA,0.0503635805447947
"TER-EXO-T09",2024-03-27,0.0603197658392837,NA,0.13558456236429
"TER-EXO-T09",2024-03-28,0.00525392551757347,NA,0.0796857343762857
"TER-EXO-T09",2024-03-29,0.0116326293993307,NA,0
"TER-EXO-T09",2024-03-30,0.00928629151444317,NA,0.0416494366517286
"TER-EXO-T09",2024-03-31,0.00482347721406421,NA,0.0582407250748165
"TER-EXO-T09",2024-04-01,0.0118580847084309,NA,0.206487957674612
"TER-EXO-T09",2024-04-02,0.00648057771156296,NA,0.0968584806695796
"TER-EXO-T09",2024-04-03,0.00727124990038599,NA,0.0667040313318281
"TER-EXO-T09",2024-04-04,0.0054828856367881,NA,0.105057027310405
"TER-EXO-T09",2024-04-05,0.00468098246234914,NA,0.047598023175013
"TER-EXO-T09",2024-04-06,0.00551152120626687,NA,0.113074474577818
"TER-EXO-T09",2024-04-07,0.00313842783168725,NA,0.040216768071756
"TER-EXO-T09",2024-04-08,0.00510220848301017,NA,0.00163163488774991
"TER-EXO-T09",2024-04-09,0.00508701098899273,NA,0.0209387009615474
"TER-EXO-T09",2024-04-10,0.00235075915588856,NA,0
"TER-EXO-T09",2024-04-11,0.00361145121423602,NA,0
"TER-EXO-T09",2024-04-12,0.00685376141682561,NA,0.0494025400960329
"TER-EXO-T09",2024-04-13,0.00210197046929301,NA,0
"TER-EXO-T09",2024-04-14,0.00134740404381334,NA,0
"TER-EXO-T09",2024-04-15,0.00399663562944205,NA,0
"TER-EXO-T09",2024-04-16,0.0028360054455189,NA,0
"TER-EXO-T09",2024-04-17,0.00342965655070327,NA,0
"TER-EXO-T09",2024-04-18,0.00366935995604248,NA,0.0191241053850312
"TER-EXO-T09",2024-04-19,0.00520746874281117,NA,0.0620881841209666
"TER-EXO-T09",2024-04-20,0.00795391748638494,NA,0.104300408040222
"TER-EXO-T09",2024-04-21,0.00460087291385452,NA,0.0146976967673408
"TER-EXO-T09",2024-04-22,0.00240161345632418,NA,0.0206565347218803
"TER-EXO-T09",2024-04-23,0.00203456612297517,NA,0.00370758496997344
"TER-EXO-T09",2024-04-24,0.00410338225649455,NA,0.0510938228132918
"TER-EXO-T09",2024-04-25,0.00497536689010068,NA,0.094637091580638
"TER-EXO-T09",2024-04-26,0.00516644458396525,NA,0.0969170221849058
"TER-EXO-T09",2024-04-27,0.00425502171749781,NA,0.0746911235330856
"TER-EXO-T09",2024-04-28,0.00561973429616388,NA,0.143872940115649
"TER-EXO-T09",2024-04-29,0.00598940230170733,NA,0.190290322783563
"TER-EXO-T09",2024-04-30,0.00521003325642577,NA,0.156045052034739
"TER-EXO-T09",2024-05-01,0.00404238672931695,NA,0.0682372868358898
"TER-EXO-T09",2024-05-02,0.00446711931164277,NA,0
"TER-EXO-T09",2024-05-03,0.00498675604128989,NA,0.0910703471589996
"TER-EXO-T09",2024-05-04,0.00518816618211888,NA,0.189968197555746
"TER-EXO-T09",2024-05-05,0.00482328504727751,NA,0.133217567581069
"TER-EXO-T09",2024-05-06,0.00451002670423265,NA,0
"TER-EXO-T09",2024-05-07,0.0041507493861454,NA,0.0121737006908522
"TER-EXO-T09",2024-05-08,0.00486495987456619,NA,0.0155394029434326
"TER-EXO-T09",2024-05-09,0.00635310816977594,NA,0.187549218774821
"TER-EXO-T09",2024-05-10,0.0063553345660281,NA,0.223208217053242
"TER-EXO-T09",2024-05-11,0.00413793614382716,NA,0.101893702421751
"TER-EXO-T09",2024-05-12,0.00545431135608031,NA,0.146822295796551
"TER-EXO-T09",2024-05-13,0.00645313142443329,NA,0.0935346284979743
"TER-EXO-T09",2024-05-14,0.0055268261683944,NA,0.0822032195287814
"TER-EXO-T09",2024-05-15,0.0028364773669119,NA,0.0717327052745145
"TER-EXO-T09",2024-05-16,0.00186058720876564,NA,0.0142202293109411
"TER-EXO-T09",2024-05-17,0.00421967026466387,NA,0.135092240763909
"TER-EXO-T09",2024-05-18,0.00619015321921388,NA,0.16486872782063
"TER-EXO-T09",2024-05-19,0.00420833187731775,NA,0.183821111253579
"TER-EXO-T09",2024-05-20,0.0049928342016281,NA,0.115224665777314
"TER-EXO-T09",2024-05-21,0.0043405598439321,NA,0.08293571479866
"TER-EXO-T09",2024-05-22,0.00579354453649372,NA,0.0771695855446349
"TER-EXO-T09",2024-05-23,0.00598250804130839,NA,0
"TER-EXO-T09",2024-05-24,0.00681928105666441,NA,0.036200098304519
"TER-EXO-T09",2024-05-25,0.00536734303763785,NA,0.199478618640066
"TER-EXO-T09",2024-05-26,0.00460211518617188,NA,0.156073030550858
"TER-EXO-T09",2024-05-27,NA,NA,0.14604596787113
"TER-EXO-T09",2024-05-28,NA,0.13846537784466,0.127058805978325
"TER-EXO-T09",2024-05-29,NA,0,0
"TER-EXO-T09",2024-05-30,NA,0.133490777810615,0.17278038000163
"TER-EXO-T09",2024-05-31,NA,0.069940923550065,0.0429111443877965
"TER-EXO-T09",2024-06-01,NA,0.120035950050396,0.152105678105275
"TER-EXO-T09",2024-06-02,NA,0.0718700283735833,0.0699532747474048
"TER-EXO-T09",2024-06-03,NA,0.0209416938992729,0.019160725387948
"TER-EXO-T09",2024-06-04,NA,0.0551967428189425,0.0672931074721121
"TER-EXO-T09",2024-06-05,NA,0.00510689519937128,0.00157942877147918
"TER-EXO-T09",2024-06-06,NA,0.116830914037144,0.097542557533305
"TER-EXO-T09",2024-06-07,NA,0.126465762879115,0.123850936781893
"TER-EXO-T09",2024-06-08,NA,0.0556295044886373,0.0623852352562505
"TER-EXO-T09",2024-06-09,NA,0.181438620847882,0.187736057209358
"TER-EXO-T09",2024-06-10,NA,0.116855833483507,0.102639220191634
"TER-EXO-T09",2024-06-11,NA,0.147915308688376,0.142285044169687
"TER-EXO-T09",2024-06-12,NA,0.271697482352913,0.272248806418135
"TER-EXO-T09",2024-06-13,NA,0.0296040052443927,0.0109790235503728
"TER-EXO-T09",2024-06-14,NA,0.136340006642182,0.125698841889797
"TER-EXO-T09",2024-06-15,NA,0.269039070106422,0.265774400905576
"TER-EXO-T09",2024-06-16,NA,0.0850850858329406,0.0881030206955482
"TER-EXO-T09",2024-06-17,NA,0.118977330401479,0.112984650166513
"TER-EXO-T09",2024-06-18,NA,0.120475863362403,0.105050480703705
"TER-EXO-T09",2024-06-19,NA,0.151907349920511,0.140881193828535
"TER-EXO-T09",2024-06-20,NA,0.212773238195234,0.214747357224716
"TER-EXO-T09",2024-06-21,NA,0.201892575327293,0.193679964575275
"TER-EXO-T09",2024-06-22,NA,0.159261733426525,0.170908634494374
"TER-EXO-T09",2024-06-23,NA,0.120716652063603,0.116501045583492
"TER-EXO-T09",2024-06-24,NA,0.00210685883153681,0
"TER-EXO-T09",2024-06-25,NA,0.173303150608353,0.191562487101095
"TER-EXO-T09",2024-06-26,NA,0.208192718539252,0.226939767810542
"TER-EXO-T09",2024-06-27,NA,0.0819600502766617,0.0701883200684364
"TER-EXO-T09",2024-06-28,NA,0.13939626947608,0.142818193686548
"TER-EXO-T09",2024-06-29,NA,0.11586427274033,0.103860082622514
"TER-EXO-T09",2024-06-30,NA,0.0585500546010252,0.054618903938763
"TER-EXO-T09",2024-07-01,NA,0.175344436362263,0.178503465369982
"TER-EXO-T09",2024-07-02,NA,0.171962532638783,0.170075427491624
"TER-EXO-T09",2024-07-03,NA,0.178429031426112,0.170667871121186
"TER-EXO-T09",2024-07-04,NA,0.168814302207128,0.163817762202429
"TER-EXO-T09",2024-07-05,NA,0.122934926687338,0.120529087396499
"TER-EXO-T09",2024-07-06,NA,0.0816209201523525,0.0741317138601476
"TER-EXO-T09",2024-07-07,NA,0.135799125739587,0.135683898434217
"TER-EXO-T09",2024-07-08,NA,0.0306981129771796,0.0189655843922091
"TER-EXO-T09",2024-07-09,NA,0.105896228648015,0.106087722252274
"TER-EXO-T09",2024-07-10,NA,0.130512638717541,0.133760959499329
"TER-EXO-T09",2024-07-11,NA,0.154508215782303,0.163572361301938
"TER-EXO-T09",2024-07-12,NA,0.0588151438865079,0.0553146590686169
"TER-EXO-T09",2024-07-13,NA,0.112384968735832,0.111775823033768
"TER-EXO-T09",2024-07-14,NA,0.23858697648519,0.220292514542137
"TER-EXO-T09",2024-07-15,NA,0.0481996981220231,0.0571846013662913
"TER-EXO-T09",2024-07-16,NA,0.187473903228481,0.194383354477948
"TER-EXO-T09",2024-07-17,NA,0.0144082665708536,0.0167092207150008
"TER-EXO-T09",2024-07-18,NA,0.100814704198995,0.095190624823295
"TER-EXO-T09",2024-07-19,NA,0.22417438137122,0.221028650886548
"TER-EXO-T09",2024-07-20,NA,NA,NA
"TER-EXO-T09",2024-07-21,NA,0.228088832989487,0.21694191334583
"TER-EXO-T09",2024-07-22,NA,0.22902576471629,0.230103737537089
"TER-EXO-T09",2024-07-23,NA,0.168077198431339,0.162234186683804
"TER-EXO-T09",2024-07-24,NA,0.145031665761781,0.142299492381918
"TER-EXO-T09",2024-07-25,NA,0.174029142639408,0.183775408506927
"TER-EXO-T09",2024-07-26,NA,0.132208962561047,0.136764376575886
"TER-EXO-T09",2024-07-27,NA,0.143014043963631,0.142212576144169
"TER-EXO-T09",2024-07-28,NA,0.146932298420694,0.145347009298785
"TER-EXO-T09",2024-07-29,NA,0.0882400622116936,0.0936621812680063
"TER-EXO-T09",2024-07-30,NA,0.0709924279301335,0.090503671647103
"TER-EXO-T09",2024-07-31,NA,0.0940280709511362,0.0820475068688753
"TER-EXO-T09",2024-08-01,NA,0.179256997573263,0.186040071653514
"TER-EXO-T09",2024-08-02,NA,0.135931136233358,0.124739270007169
"TER-EXO-T09",2024-08-03,NA,0.188552759252153,0.18683942784766
"TER-EXO-T09",2024-08-04,NA,0.300031472359813,0.290288715446585
"TER-EXO-T09",2024-08-05,NA,0.304663127891566,0.288336397961485
"TER-EXO-T09",2024-08-06,NA,0.084373323635764,0.0688753746266821
"TER-EXO-T09",2024-08-07,NA,0.164908993860636,0.163062007061333
"TER-EXO-T09",2024-08-08,NA,0.238344404891669,0.222871200345273
"TER-EXO-T09",2024-08-09,NA,0.125700407041586,0.135709858328525
"TER-EXO-T09",2024-08-10,NA,0.131862970122181,0.14384601849376
"TER-EXO-T09",2024-08-11,NA,0.194200582507903,0.183437563887419
"TER-EXO-T09",2024-08-12,NA,0.244377040757101,0.233311636451001
"TER-EXO-T09",2024-08-13,NA,0.121039335249126,0.120732249325889
"TER-EXO-T09",2024-08-14,NA,0.222180075549777,0.227694807487662
"TER-EXO-T09",2024-08-15,NA,0.157816740791955,0.16750693844793
"TER-EXO-T09",2024-08-16,NA,0.144478292575796,0.143618261804361
"TER-EXO-T09",2024-08-17,NA,0.105924157505924,0.104346421509999
"TER-EXO-T09",2024-08-18,NA,0.124120560679092,0.129808614919177
"TER-EXO-T09",2024-08-19,NA,0.266186637181868,0.278699918252667
"TER-EXO-T09",2024-08-20,NA,0.0397543463359363,0.0259374693201072
"TER-EXO-T09",2024-08-21,NA,0.16755798836053,0.171121979134008
"TER-EXO-T09",2024-08-22,NA,0.291256517094502,0.33068861121032
"TER-EXO-T09",2024-08-23,NA,0.137246916477474,0.13041561612753
"TER-EXO-T09",2024-08-24,NA,0.191577624511448,0.219688850104972
"TER-EXO-T09",2024-08-25,NA,0.20655166806856,0.231455710129054
"TER-EXO-T09",2024-08-26,NA,0.18846481997467,0.207814966628771
"TER-EXO-T09",2024-08-27,NA,0.144460294517095,0.152092268484218
"TER-EXO-T09",2024-08-28,NA,0.17563812970837,0.180854011312409
"TER-EXO-T09",2024-08-29,NA,0.154290442358834,0.171358974638606
"TER-EXO-T09",2024-08-30,NA,0.289955543224412,0.305369089561523
"TER-EXO-T09",2024-08-31,NA,0.202174661594736,0.19724316548873
"TER-EXO-T09",2024-09-01,NA,0.144758486141375,0.152987732762742
"TER-EXO-T09",2024-09-02,NA,0.196473163990433,0.210065572362696
"TER-EXO-T09",2024-09-03,NA,0.201208330454431,NA
"TER-EXO-T09",2024-09-04,NA,0.13698109628106,0.139131343095821
"TER-EXO-T09",2024-09-05,NA,0.112888540202567,0.116034709809154
"TER-EXO-T09",2024-09-06,NA,0.0839537689620137,0.080087520531691
"TER-EXO-T09",2024-09-07,NA,0.175340194082501,0.168948643082239
"TER-EXO-T09",2024-09-08,NA,0.10437654628367,NA
"TER-EXO-T09",2024-09-09,NA,0.0750022403725935,0.0782548911134365
"TER-EXO-T09",2024-09-10,NA,0.0546942954268161,0
"TER-EXO-T09",2024-09-11,NA,0.15532833624005,0.163694188106235
"TER-EXO-T09",2024-09-12,NA,0.233551752943915,0.260916785807111
"TER-EXO-T09",2024-09-13,NA,0.19855013661367,0.221350140662616
"TER-EXO-T09",2024-09-14,NA,0.0596683994228566,0.0744376196255203
"TER-EXO-T09",2024-09-15,NA,0.230281623918667,0.248589853235578
"TER-EXO-T09",2024-09-16,NA,0.0524981465240193,0.0468430514780088
"TER-EXO-T09",2024-09-17,NA,0.100084607250485,NA
"TER-EXO-T09",2024-09-18,NA,0.17940466378379,0.188958419207473
"TER-EXO-T09",2024-09-19,NA,0.124700257915486,0.13506580659994
"TER-EXO-T09",2024-09-20,NA,0.0779709444050675,NA
"TER-EXO-T09",2024-09-21,NA,0.132387203306094,0.157359284486389
"TER-EXO-T09",2024-09-22,NA,0.11144499443985,0.13387348187315
"TER-EXO-T09",2024-09-23,NA,0.177779052642692,0.217731359726321
"TER-EXO-T09",2024-09-24,NA,0.0740119697304369,0.0868580468542527
"TER-EXO-T09",2024-09-25,NA,0.0593028743797147,0.029773936680651
"TER-EXO-T09",2024-09-26,NA,0.123580852594036,0.147251348811278
"TER-EXO-T09",2024-09-27,NA,0.0701743113568733,0.0505709333675466
"TER-EXO-T09",2024-09-28,NA,0.0825586231331964,NA
"TER-EXO-T09",2024-09-29,NA,0.0481079027684249,0.0127061631394599
"TER-EXO-T09",2024-09-30,NA,0.135135024357511,0.153161634345252
"TER-EXO-T09",2024-10-01,NA,0.0808546085932527,0.0703416783457589
"TER-EXO-T09",2024-10-02,NA,0.0454946040631657,NA
"TER-EXO-T09",2024-10-03,NA,0.0588462003846408,NA
"TER-EXO-T09",2024-10-04,NA,0.0619800424087761,NA
"TER-EXO-T09",2024-10-05,NA,0.088070446084337,NA
"TER-EXO-T09",2024-10-06,NA,0.0908730789249085,NA
"TER-EXO-T09",2024-10-07,NA,0.107635948261247,NA
"TER-EXO-T09",2024-10-08,NA,0.131733148453262,NA
"TER-EXO-T09",2024-10-09,NA,0.0976588305319619,NA
"TER-EXO-T09",2024-10-10,NA,0.0448691381791144,NA
"TER-EXO-T09",2024-10-11,NA,0.0959100729372789,NA
"TER-EXO-T09",2024-10-12,NA,0.125688696445555,NA
"TER-EXO-T09",2024-10-13,NA,0.0123072732255296,NA
"TER-EXO-T09",2024-10-14,NA,0.0115770405120706,NA
"TER-EXO-T09",2024-10-15,NA,0.130601833096053,NA
"TER-EXO-T09",2024-10-16,NA,0.0979044746358567,NA
"TER-EXO-T09",2024-10-17,NA,0.109523692622838,NA
"TER-EXO-T09",2024-10-18,NA,0.122263710004746,NA
"TER-EXO-T09",2024-10-19,NA,0.0840777699588965,NA
"TER-EXO-T09",2024-10-20,NA,0.0792274697896398,NA
"TER-EXO-T09",2024-10-21,NA,0.0905568090107899,NA
"TER-EXO-T09",2024-10-22,NA,0.0768842197887179,NA
"TER-EXO-T09",2024-10-23,NA,0.0352591292212849,NA
"TER-EXO-T09",2024-10-24,NA,0.0843121756753543,NA
"TER-EXO-T09",2024-10-25,NA,0.0699254920264608,NA
"TER-EXO-T09",2024-10-26,NA,0.0615606291151702,NA
"TER-EXO-T09",2024-10-27,NA,0.0409597560700171,NA
"TER-EXO-T09",2024-10-28,NA,0.0853362401626373,NA
"TER-EXO-T09",2024-10-29,NA,0.0597459885829266,NA
"TER-EXO-T09",2024-10-30,NA,0.0430476085461199,NA
"TER-EXO-T09",2024-10-31,NA,0.0605325603880414,NA
"TER-EXO-T09",2024-11-01,NA,0.0135716792367594,NA
"TER-EXO-T09",2024-11-02,NA,0.0777434910442077,NA
"TER-EXO-T09",2024-11-03,NA,0.0269384955000814,NA
"TER-EXO-T09",2024-11-04,NA,0.1120364682374,NA
"TER-EXO-T09",2024-11-05,NA,0.0605419747778726,NA
"TER-EXO-T09",2024-11-06,NA,0.0794113284520052,NA
"TER-EXO-T09",2024-11-07,NA,0.0905020617472051,NA
"TER-EXO-T09",2024-11-08,NA,0.060526328690156,NA
"TER-EXO-T09",2024-11-09,NA,0.0413301313095974,NA
"TER-EXO-T09",2024-11-10,NA,0.0383969527653667,NA
"TER-EXO-T09",2024-11-11,NA,0.0255225588758806,NA
"TER-EXO-T09",2024-11-12,NA,0.0168530036587328,NA
"TER-EXO-T09",2024-11-13,NA,0.0236077796776498,NA
"TER-EXO-T09",2024-11-14,NA,0.0757719790705094,NA
"TER-EXO-T09",2024-11-15,NA,0.0711220166611519,NA
"TER-EXO-T09",2024-11-16,NA,0.0253402681167805,NA
"TER-EXO-T09",2024-11-17,NA,0.0582870640575777,NA
"TER-EXO-T09",2024-11-18,NA,0.0391803819558598,NA
"TER-EXO-T09",2024-11-19,NA,0.0625400212425628,NA
"TER-EXO-T09",2024-11-20,NA,0.0716602064394875,NA
"TER-EXO-T09",2024-11-21,NA,0.0258180623297921,NA
"TER-EXO-T09",2024-11-22,NA,0.0399295128939411,NA
"TER-EXO-T09",2024-11-23,NA,0.0531369466558009,NA
"TER-EXO-T09",2024-11-24,NA,0.066995703407415,NA
"TER-EXO-T09",2024-11-25,NA,0.0975456382933841,NA
"TER-EXO-T09",2024-11-26,NA,0.053336749465938,NA
"TER-EXO-T09",2024-11-27,NA,0.0915793694108002,NA
"TER-EXO-T09",2024-11-28,NA,0.0380882272771173,NA
"TER-EXO-T09",2024-11-29,NA,0.0644688212542611,NA
"TER-EXO-T09",2024-11-30,NA,0.0729081463780783,NA
"TER-EXO-T09",2024-12-01,NA,0.0480850907630717,NA
"TER-EXO-T09",2024-12-02,NA,0.0919759168184825,NA
"TER-EXO-T09",2024-12-03,NA,0.0465268225734557,NA
"TER-EXO-T09",2024-12-04,NA,0.0554381005334568,NA
"TER-EXO-T09",2024-12-05,NA,0.0622648147776318,NA
"TER-EXO-T09",2024-12-06,NA,0.0482172868433985,NA
"TER-EXO-T09",2024-12-07,NA,0.0383115359914906,NA
"TER-EXO-T09",2024-12-08,NA,0.07236308012902,NA
"TER-EXO-T09",2024-12-09,NA,0.0888790008131222,NA
"TER-EXO-T09",2024-12-10,NA,0.0792795710890159,NA
"TER-EXO-T09",2024-12-11,NA,0.019694501348136,NA
"TER-EXO-T09",2024-12-12,NA,0.0226958637345069,NA
"TER-EXO-T09",2024-12-13,NA,0.0356982008314133,NA
"TER-EXO-T09",2024-12-14,NA,0.0621702501548091,NA
"TER-EXO-T09",2024-12-15,NA,0.0581254521316133,NA
"TER-EXO-T09",2024-12-16,NA,0.0161166912572463,NA
"TER-EXO-T09",2024-12-17,NA,0.100820085538126,NA
"TER-EXO-T09",2024-12-18,NA,0.090298449557262,NA
"TER-EXO-T09",2024-12-19,NA,0.0163877521260964,NA
"TER-EXO-T09",2024-12-20,NA,0.0406092949517441,NA
"TER-EXO-T09",2024-12-21,NA,0.04619771973035,NA
"TER-EXO-T09",2024-12-22,NA,0.0551711180639585,NA
"TER-EXO-T09",2024-12-23,NA,0.0768104763859303,NA
"TER-EXO-T09",2024-12-24,NA,0.0643114626702732,NA
"TER-EXO-T09",2024-12-25,NA,0.0512716164289493,NA
"TER-EXO-T09",2024-12-26,NA,0.0666200237792695,NA
"TER-EXO-T09",2024-12-27,NA,0.0377232650274875,NA
"TER-EXO-T09",2024-12-28,NA,0.0435651231377279,NA
"TER-EXO-T09",2024-12-29,NA,0.0514889962489365,NA
"TER-EXO-T09",2024-12-30,NA,0.0273137439845205,NA
"TER-EXO-T09",2024-12-31,NA,0.0479851495819709,NA
"TER-EXO-T09",2025-01-01,NA,0.0159692916616873,NA
"TER-EXO-T09",2025-01-02,NA,0.0256356291829451,NA
"TER-EXO-T09",2025-01-03,NA,0.00920520709390204,NA
"TER-EXO-T09",2025-01-04,NA,0.0301032183774269,NA
"TER-EXO-T09",2025-01-05,NA,0.0853390762840756,NA
"TER-EXO-T09",2025-01-06,NA,0.0243908886583865,NA
"TER-EXO-T09",2025-01-07,NA,0.129047718939786,NA
"TER-EXO-T09",2025-01-08,NA,0.097000845626926,NA
"TER-EXO-T09",2025-01-09,NA,0.0186001945538674,NA
"TER-EXO-T09",2025-01-10,NA,0.0144132666574351,NA
"TER-EXO-T09",2025-01-11,NA,0.00485981221956727,NA
"TER-EXO-T09",2025-01-12,NA,0.0408916459772149,NA
"TER-EXO-T09",2025-01-13,NA,0.0335961361699905,NA
"TER-EXO-T09",2025-01-14,NA,0.0236188040802952,NA
"TER-EXO-T09",2025-01-15,NA,0.0231632327147654,NA
"TER-EXO-T09",2025-01-16,NA,0.00449756694050972,NA
"TER-EXO-T09",2025-01-17,NA,0,NA
"TER-EXO-T09",2025-01-18,NA,0.0239131313687292,NA
"TER-EXO-T09",2025-01-19,NA,0.0517268569668139,NA
"TER-EXO-T09",2025-01-20,NA,0.0318124486476388,NA
"TER-EXO-T09",2025-01-21,NA,0.0810466542454511,NA
"TER-EXO-T09",2025-01-22,NA,0.0928541530732081,NA
"TER-EXO-T09",2025-01-23,NA,0.0436902345772948,NA
"TER-EXO-T09",2025-01-24,NA,0.0465602001056279,NA
"TER-EXO-T09",2025-01-25,NA,0.064098125652581,NA
"TER-EXO-T09",2025-01-26,NA,0.0809521238963896,NA
"TER-EXO-T09",2025-01-27,NA,0.0692260883170777,NA
"TER-EXO-T09",2025-01-28,NA,0.057743287997578,NA
"TER-EXO-T09",2025-01-29,NA,0.0592829185294104,NA
"TER-EXO-T09",2025-01-30,NA,0.0369643442470186,NA
"TER-EXO-T09",2025-01-31,NA,0.0326869910119261,NA
"TER-EXO-T09",2025-02-01,NA,0.0227734453062007,NA
"TER-EXO-T09",2025-02-02,NA,0.0331789306570773,NA
"TER-EXO-T09",2025-02-03,NA,0.0225403603286144,NA
"TER-EXO-T09",2025-02-04,NA,0.0186085748467019,NA
"TER-EXO-T09",2025-02-05,NA,0.0166704869041564,NA
"TER-EXO-T09",2025-02-06,NA,0.0544170505047069,NA
"TER-EXO-T09",2025-02-07,NA,0.0179130679748278,NA
"TER-EXO-T09",2025-02-08,NA,0.0152374415762369,NA
"TER-EXO-T09",2025-02-09,NA,0,NA
"TER-EXO-T09",2025-02-10,NA,0,NA
"TER-EXO-T09",2025-02-11,NA,0.0269514534676192,NA
"TER-EXO-T09",2025-02-12,NA,NA,NA
"TER-EXO-T09",2025-02-13,NA,NA,NA
"TER-EXO-T09",2025-02-14,NA,NA,NA
"TER-EXO-T09",2025-02-15,NA,NA,NA
"TER-EXO-T09",2025-02-16,NA,NA,NA
"TER-EXO-T09",2025-02-17,NA,NA,NA
"TER-EXO-T09",2025-02-18,NA,NA,NA
"TER-EXO-T09",2025-02-19,NA,NA,NA
"TER-EXO-T09",2025-02-20,NA,NA,NA
"TER-EXO-T09",2025-02-21,NA,NA,NA
"TER-EXO-T09",2025-02-22,NA,NA,NA
"TER-EXO-T09",2025-02-23,NA,NA,NA
"TER-EXO-T09",2025-02-24,NA,NA,NA
"TER-EXO-T09",2025-02-25,NA,NA,NA
"TER-EXO-T09",2025-02-26,NA,NA,NA
"TER-EXO-T09",2025-02-27,NA,NA,NA
"TER-EXO-T09",2025-02-28,NA,NA,NA
"TER-EXO-T09",2025-03-01,NA,NA,NA
"TER-EXO-T09",2025-03-02,NA,NA,NA
"TER-EXO-T09",2025-03-03,NA,NA,NA
"TER-EXO-T09",2025-03-04,NA,NA,NA
"TER-EXO-T09",2025-03-05,NA,NA,NA
"TER-EXO-T09",2025-03-06,NA,NA,NA
"TER-EXO-T09",2025-03-07,NA,NA,NA
"TER-EXO-T09",2025-03-08,NA,NA,NA
"TER-EXO-T09",2025-03-09,NA,NA,NA
"TER-EXO-T09",2025-03-10,NA,NA,NA
"TER-EXO-T09",2025-03-11,NA,NA,NA
"TER-EXO-T09",2025-03-12,NA,NA,NA
"TER-EXO-T09",2025-03-13,NA,NA,NA
"TER-EXO-T09",2025-03-14,NA,NA,NA
"TER-EXO-T09",2025-03-15,NA,NA,NA
"TER-EXO-T09",2025-03-16,NA,NA,NA
"TER-EXO-T09",2025-03-17,NA,NA,NA
"TER-EXO-T09",2025-03-18,NA,NA,NA
"TER-EXO-T09",2025-03-19,NA,NA,NA
"TER-EXO-T09",2025-03-20,NA,NA,NA
"TER-EXO-T09",2025-03-21,NA,NA,NA
"TER-EXO-T09",2025-03-22,NA,NA,NA
"TER-EXO-T09",2025-03-23,NA,NA,NA
"TER-EXO-T09",2025-03-24,NA,NA,NA
"TER-EXO-T09",2025-03-25,NA,NA,NA
"TER-EXO-T09",2025-03-26,NA,NA,NA
"TER-EXO-T09",2025-03-27,NA,NA,NA
"TER-EXO-T09",2025-03-28,NA,NA,NA
"TER-EXO-T09",2025-03-29,NA,NA,NA
"TER-EXO-T09",2025-03-30,NA,NA,NA
"TER-EXO-T09",2025-03-31,NA,NA,NA
"TER-EXO-T09",2025-04-01,NA,NA,NA
"TER-EXO-T09",2025-04-02,NA,NA,NA
"TER-EXO-T09",2025-04-03,NA,NA,NA
"TER-EXO-T09",2025-04-04,NA,NA,NA
"TER-EXO-T09",2025-04-05,NA,NA,NA
"TER-EXO-T09",2025-04-06,NA,NA,NA
"TER-EXO-T09",2025-04-07,NA,NA,NA
"TER-EXO-T09",2025-04-08,NA,NA,NA
"TER-EXO-T09",2025-04-09,NA,NA,NA
"TER-EXO-T09",2025-04-10,NA,NA,NA
"TER-EXO-T09",2025-04-11,NA,NA,NA
"TER-EXO-T09",2025-04-12,NA,NA,NA
"TER-EXO-T09",2025-04-13,NA,NA,NA
"TER-EXO-T09",2025-04-14,NA,NA,NA
"TER-EXO-T09",2025-04-15,NA,NA,NA
"TER-EXO-T09",2025-04-16,NA,NA,NA
"TER-EXO-T09",2025-04-17,NA,NA,NA
"TER-EXO-T09",2025-04-18,NA,NA,NA
"TER-EXO-T09",2025-04-19,NA,NA,NA
"TER-EXO-T09",2025-04-20,NA,NA,NA
"TER-EXO-T09",2025-04-21,NA,NA,NA
"TER-EXO-T09",2025-04-22,NA,NA,NA
"TER-EXO-T09",2025-04-23,NA,NA,NA
"TER-EXO-T09",2025-04-24,NA,NA,NA
"TER-EXO-T09",2025-04-25,NA,NA,NA
"TER-EXO-T09",2025-04-26,NA,NA,NA
"TER-EXO-T09",2025-04-27,NA,NA,NA
"TER-EXO-T09",2025-04-28,NA,NA,NA
"TER-EXO-T09",2025-04-29,NA,NA,NA
"TER-EXO-T09",2025-04-30,NA,NA,NA
"TER-EXO-T09",2025-05-01,NA,NA,NA
"TER-EXO-T09",2025-05-02,NA,NA,NA
"TER-EXO-T09",2025-05-03,NA,NA,NA
"TER-EXO-T09",2025-05-04,NA,NA,NA
"TER-EXO-T09",2025-05-05,NA,NA,NA
"TER-EXO-T09",2025-05-06,NA,NA,NA
"TER-EXO-T09",2025-05-07,NA,NA,NA
"TER-EXO-T09",2025-05-08,NA,NA,NA
"TER-EXO-T09",2025-05-09,NA,NA,NA
"TER-EXO-T09",2025-05-10,NA,NA,NA
"TER-EXO-T09",2025-05-11,NA,NA,NA
"TER-EXO-T09",2025-05-12,NA,NA,NA
"TER-EXO-T09",2025-05-13,NA,NA,NA
"TER-EXO-T09",2025-05-14,NA,NA,NA
"TER-EXO-T09",2025-05-15,NA,NA,NA
"TER-EXO-T09",2025-05-16,NA,NA,NA
"TER-EXO-T09",2025-05-17,NA,NA,NA
"TER-EXO-T09",2025-05-18,NA,NA,NA
"TER-EXO-T09",2025-05-19,NA,NA,NA
"TER-EXO-T09",2025-05-20,NA,NA,NA
"TER-EXO-T09",2025-05-21,NA,NA,NA
"TER-EXO-T09",2025-05-22,NA,NA,NA
"TER-EXO-T09",2025-05-23,NA,NA,NA
"TER-EXO-T09",2025-05-24,NA,NA,NA
"TER-EXO-T09",2025-05-25,NA,NA,NA
"TER-EXO-T09",2025-05-26,NA,NA,NA
"TER-EXO-T09",2025-05-27,NA,NA,NA
"TER-EXO-T09",2025-05-28,NA,NA,NA
"TER-EXO-T09",2025-05-29,NA,NA,NA
"TER-EXO-T09",2025-05-30,NA,NA,NA
"TER-EXO-T09",2025-05-31,NA,NA,NA
"TER-EXO-T09",2025-06-01,NA,NA,NA
"TER-EXO-T09",2025-06-02,NA,NA,NA
"TER-EXO-T09",2025-06-03,NA,NA,NA
"TER-EXO-T09",2025-06-04,NA,NA,NA
"TER-EXO-T09",2025-06-05,NA,NA,NA
"TER-EXO-T09",2025-06-06,NA,NA,NA
"TER-EXO-T09",2025-06-07,NA,NA,NA
"TER-EXO-T09",2025-06-08,NA,NA,NA
"TER-EXO-T09",2025-06-09,NA,NA,NA
"TER-EXO-T09",2025-06-10,NA,NA,NA
"TER-EXO-T09",2025-06-11,NA,NA,NA
"TER-EXO-T09",2025-06-12,NA,NA,NA
"TER-EXO-T10",2023-08-09,NA,NA,NA
"TER-EXO-T10",2023-08-10,NA,NA,NA
"TER-EXO-T10",2023-08-11,NA,NA,NA
"TER-EXO-T10",2023-08-12,NA,NA,NA
"TER-EXO-T10",2023-08-13,NA,NA,NA
"TER-EXO-T10",2023-08-14,NA,NA,NA
"TER-EXO-T10",2023-08-15,NA,NA,NA
"TER-EXO-T10",2023-08-16,NA,NA,NA
"TER-EXO-T10",2023-08-17,NA,NA,NA
"TER-EXO-T10",2023-08-18,NA,NA,NA
"TER-EXO-T10",2023-08-19,NA,NA,NA
"TER-EXO-T10",2023-08-20,NA,NA,NA
"TER-EXO-T10",2023-08-21,NA,NA,NA
"TER-EXO-T10",2023-08-22,NA,NA,NA
"TER-EXO-T10",2023-08-23,NA,NA,NA
"TER-EXO-T10",2023-08-24,NA,NA,NA
"TER-EXO-T10",2023-08-25,NA,NA,NA
"TER-EXO-T10",2023-08-26,NA,NA,NA
"TER-EXO-T10",2023-08-27,NA,NA,NA
"TER-EXO-T10",2023-08-28,NA,NA,NA
"TER-EXO-T10",2023-08-29,NA,NA,NA
"TER-EXO-T10",2023-08-30,NA,NA,NA
"TER-EXO-T10",2023-08-31,NA,NA,NA
"TER-EXO-T10",2023-09-01,NA,NA,NA
"TER-EXO-T10",2023-09-02,NA,NA,NA
"TER-EXO-T10",2023-09-03,NA,NA,NA
"TER-EXO-T10",2023-09-04,NA,NA,NA
"TER-EXO-T10",2023-09-05,NA,NA,NA
"TER-EXO-T10",2023-09-06,NA,NA,NA
"TER-EXO-T10",2023-09-07,NA,NA,NA
"TER-EXO-T10",2023-09-08,NA,NA,NA
"TER-EXO-T10",2023-09-09,NA,NA,NA
"TER-EXO-T10",2023-09-10,NA,NA,NA
"TER-EXO-T10",2023-09-11,NA,NA,NA
"TER-EXO-T10",2023-09-12,NA,NA,NA
"TER-EXO-T10",2023-09-13,NA,NA,NA
"TER-EXO-T10",2023-09-14,NA,NA,NA
"TER-EXO-T10",2023-09-15,NA,NA,NA
"TER-EXO-T10",2023-09-16,NA,NA,NA
"TER-EXO-T10",2023-09-17,NA,NA,NA
"TER-EXO-T10",2023-09-18,NA,NA,NA
"TER-EXO-T10",2023-09-19,NA,NA,NA
"TER-EXO-T10",2023-09-20,NA,NA,NA
"TER-EXO-T10",2023-09-21,NA,NA,NA
"TER-EXO-T10",2023-09-22,NA,NA,NA
"TER-EXO-T10",2023-09-23,NA,NA,NA
"TER-EXO-T10",2023-09-24,NA,NA,NA
"TER-EXO-T10",2023-09-25,NA,NA,NA
"TER-EXO-T10",2023-09-26,NA,NA,NA
"TER-EXO-T10",2023-09-27,NA,NA,NA
"TER-EXO-T10",2023-09-28,NA,NA,NA
"TER-EXO-T10",2023-09-29,NA,NA,NA
"TER-EXO-T10",2023-09-30,NA,NA,NA
"TER-EXO-T10",2023-10-01,NA,NA,NA
"TER-EXO-T10",2023-10-02,NA,NA,NA
"TER-EXO-T10",2023-10-03,NA,NA,NA
"TER-EXO-T10",2023-10-04,NA,NA,NA
"TER-EXO-T10",2023-10-05,NA,NA,NA
"TER-EXO-T10",2023-10-06,NA,NA,NA
"TER-EXO-T10",2023-10-07,NA,NA,NA
"TER-EXO-T10",2023-10-08,NA,NA,NA
"TER-EXO-T10",2023-10-09,NA,NA,NA
"TER-EXO-T10",2023-10-10,NA,NA,NA
"TER-EXO-T10",2023-10-11,NA,NA,NA
"TER-EXO-T10",2023-10-12,NA,NA,NA
"TER-EXO-T10",2023-10-13,NA,NA,NA
"TER-EXO-T10",2023-10-14,NA,NA,NA
"TER-EXO-T10",2023-10-15,NA,NA,NA
"TER-EXO-T10",2023-10-16,NA,NA,NA
"TER-EXO-T10",2023-10-17,NA,NA,NA
"TER-EXO-T10",2023-10-18,NA,NA,NA
"TER-EXO-T10",2023-10-19,NA,NA,NA
"TER-EXO-T10",2023-10-20,NA,NA,NA
"TER-EXO-T10",2023-10-21,NA,NA,NA
"TER-EXO-T10",2023-10-22,NA,NA,NA
"TER-EXO-T10",2023-10-23,NA,NA,NA
"TER-EXO-T10",2023-10-24,NA,NA,NA
"TER-EXO-T10",2023-10-25,NA,NA,NA
"TER-EXO-T10",2023-10-26,NA,NA,NA
"TER-EXO-T10",2023-10-27,NA,NA,NA
"TER-EXO-T10",2023-10-28,NA,NA,NA
"TER-EXO-T10",2023-10-29,NA,NA,NA
"TER-EXO-T10",2023-10-30,NA,NA,NA
"TER-EXO-T10",2023-10-31,NA,NA,NA
"TER-EXO-T10",2023-11-01,NA,NA,NA
"TER-EXO-T10",2023-11-02,NA,NA,NA
"TER-EXO-T10",2023-11-03,NA,NA,NA
"TER-EXO-T10",2023-11-04,NA,NA,NA
"TER-EXO-T10",2023-11-05,NA,NA,NA
"TER-EXO-T10",2023-11-06,NA,NA,NA
"TER-EXO-T10",2023-11-07,NA,NA,NA
"TER-EXO-T10",2023-11-08,NA,NA,NA
"TER-EXO-T10",2023-11-09,NA,NA,NA
"TER-EXO-T10",2023-11-10,NA,NA,NA
"TER-EXO-T10",2023-11-11,NA,NA,NA
"TER-EXO-T10",2023-11-12,NA,NA,NA
"TER-EXO-T10",2023-11-13,NA,NA,NA
"TER-EXO-T10",2023-11-14,NA,NA,NA
"TER-EXO-T10",2023-11-15,NA,NA,NA
"TER-EXO-T10",2023-11-16,NA,NA,NA
"TER-EXO-T10",2023-11-17,NA,NA,NA
"TER-EXO-T10",2023-11-18,NA,NA,NA
"TER-EXO-T10",2023-11-19,NA,NA,NA
"TER-EXO-T10",2023-11-20,NA,NA,NA
"TER-EXO-T10",2023-11-21,NA,NA,NA
"TER-EXO-T10",2023-11-22,NA,NA,NA
"TER-EXO-T10",2023-11-23,NA,NA,NA
"TER-EXO-T10",2023-11-24,NA,NA,NA
"TER-EXO-T10",2023-11-25,NA,NA,NA
"TER-EXO-T10",2023-11-26,NA,NA,NA
"TER-EXO-T10",2023-11-27,NA,NA,NA
"TER-EXO-T10",2023-11-28,NA,NA,NA
"TER-EXO-T10",2023-11-29,NA,NA,NA
"TER-EXO-T10",2023-11-30,NA,NA,NA
"TER-EXO-T10",2023-12-01,NA,NA,NA
"TER-EXO-T10",2023-12-02,NA,NA,NA
"TER-EXO-T10",2023-12-03,NA,NA,NA
"TER-EXO-T10",2023-12-04,NA,NA,NA
"TER-EXO-T10",2023-12-05,NA,NA,NA
"TER-EXO-T10",2023-12-06,NA,NA,NA
"TER-EXO-T10",2023-12-07,NA,NA,NA
"TER-EXO-T10",2023-12-08,NA,NA,NA
"TER-EXO-T10",2023-12-09,NA,NA,NA
"TER-EXO-T10",2023-12-10,NA,NA,NA
"TER-EXO-T10",2023-12-11,NA,NA,NA
"TER-EXO-T10",2023-12-12,NA,NA,NA
"TER-EXO-T10",2023-12-13,NA,NA,NA
"TER-EXO-T10",2023-12-14,NA,NA,NA
"TER-EXO-T10",2023-12-15,NA,NA,NA
"TER-EXO-T10",2023-12-16,NA,NA,NA
"TER-EXO-T10",2023-12-17,NA,NA,NA
"TER-EXO-T10",2023-12-18,NA,NA,NA
"TER-EXO-T10",2023-12-19,NA,NA,NA
"TER-EXO-T10",2023-12-20,NA,NA,NA
"TER-EXO-T10",2023-12-21,NA,NA,NA
"TER-EXO-T10",2023-12-22,NA,NA,NA
"TER-EXO-T10",2023-12-23,NA,NA,NA
"TER-EXO-T10",2023-12-24,NA,NA,NA
"TER-EXO-T10",2023-12-25,NA,NA,NA
"TER-EXO-T10",2023-12-26,NA,NA,NA
"TER-EXO-T10",2023-12-27,NA,NA,NA
"TER-EXO-T10",2023-12-28,NA,NA,NA
"TER-EXO-T10",2023-12-29,NA,NA,NA
"TER-EXO-T10",2023-12-30,NA,NA,NA
"TER-EXO-T10",2023-12-31,NA,NA,NA
"TER-EXO-T10",2024-01-01,NA,NA,NA
"TER-EXO-T10",2024-01-02,NA,NA,NA
"TER-EXO-T10",2024-01-03,NA,NA,NA
"TER-EXO-T10",2024-01-04,NA,NA,NA
"TER-EXO-T10",2024-01-05,NA,NA,NA
"TER-EXO-T10",2024-01-06,NA,NA,NA
"TER-EXO-T10",2024-01-07,NA,NA,NA
"TER-EXO-T10",2024-01-08,NA,NA,NA
"TER-EXO-T10",2024-01-09,NA,NA,NA
"TER-EXO-T10",2024-01-10,NA,NA,NA
"TER-EXO-T10",2024-01-11,NA,NA,NA
"TER-EXO-T10",2024-01-12,NA,NA,NA
"TER-EXO-T10",2024-01-13,NA,NA,NA
"TER-EXO-T10",2024-01-14,NA,NA,NA
"TER-EXO-T10",2024-01-15,NA,NA,NA
"TER-EXO-T10",2024-01-16,NA,NA,NA
"TER-EXO-T10",2024-01-17,NA,NA,NA
"TER-EXO-T10",2024-01-18,NA,NA,NA
"TER-EXO-T10",2024-01-19,NA,NA,NA
"TER-EXO-T10",2024-01-20,NA,NA,NA
"TER-EXO-T10",2024-01-21,NA,NA,NA
"TER-EXO-T10",2024-01-22,NA,NA,NA
"TER-EXO-T10",2024-01-23,NA,NA,NA
"TER-EXO-T10",2024-01-24,NA,NA,NA
"TER-EXO-T10",2024-01-25,NA,NA,NA
"TER-EXO-T10",2024-01-26,NA,NA,NA
"TER-EXO-T10",2024-01-27,NA,NA,NA
"TER-EXO-T10",2024-01-28,NA,NA,NA
"TER-EXO-T10",2024-01-29,NA,NA,NA
"TER-EXO-T10",2024-01-30,NA,NA,NA
"TER-EXO-T10",2024-01-31,NA,NA,NA
"TER-EXO-T10",2024-02-01,NA,NA,NA
"TER-EXO-T10",2024-02-02,NA,NA,NA
"TER-EXO-T10",2024-02-03,NA,NA,NA
"TER-EXO-T10",2024-02-04,NA,NA,NA
"TER-EXO-T10",2024-02-05,NA,NA,NA
"TER-EXO-T10",2024-02-06,NA,NA,NA
"TER-EXO-T10",2024-02-07,NA,NA,NA
"TER-EXO-T10",2024-02-08,NA,NA,NA
"TER-EXO-T10",2024-02-09,NA,NA,NA
"TER-EXO-T10",2024-02-10,NA,NA,NA
"TER-EXO-T10",2024-02-11,NA,NA,NA
"TER-EXO-T10",2024-02-12,NA,NA,NA
"TER-EXO-T10",2024-02-13,NA,NA,NA
"TER-EXO-T10",2024-02-14,NA,NA,NA
"TER-EXO-T10",2024-02-15,NA,NA,NA
"TER-EXO-T10",2024-02-16,NA,NA,NA
"TER-EXO-T10",2024-02-17,NA,NA,NA
"TER-EXO-T10",2024-02-18,NA,NA,NA
"TER-EXO-T10",2024-02-19,NA,NA,NA
"TER-EXO-T10",2024-02-20,NA,NA,NA
"TER-EXO-T10",2024-02-21,NA,NA,NA
"TER-EXO-T10",2024-02-22,NA,NA,NA
"TER-EXO-T10",2024-02-23,NA,NA,NA
"TER-EXO-T10",2024-02-24,NA,NA,NA
"TER-EXO-T10",2024-02-25,NA,NA,NA
"TER-EXO-T10",2024-02-26,NA,NA,NA
"TER-EXO-T10",2024-02-27,NA,NA,NA
"TER-EXO-T10",2024-02-28,NA,NA,NA
"TER-EXO-T10",2024-02-29,NA,NA,NA
"TER-EXO-T10",2024-03-01,NA,NA,NA
"TER-EXO-T10",2024-03-02,NA,NA,NA
"TER-EXO-T10",2024-03-03,NA,NA,NA
"TER-EXO-T10",2024-03-04,NA,NA,NA
"TER-EXO-T10",2024-03-05,NA,NA,NA
"TER-EXO-T10",2024-03-06,NA,NA,NA
"TER-EXO-T10",2024-03-07,NA,NA,NA
"TER-EXO-T10",2024-03-08,NA,NA,NA
"TER-EXO-T10",2024-03-09,NA,NA,NA
"TER-EXO-T10",2024-03-10,NA,NA,NA
"TER-EXO-T10",2024-03-11,NA,NA,NA
"TER-EXO-T10",2024-03-12,NA,NA,NA
"TER-EXO-T10",2024-03-13,NA,NA,NA
"TER-EXO-T10",2024-03-14,NA,NA,NA
"TER-EXO-T10",2024-03-15,NA,NA,NA
"TER-EXO-T10",2024-03-16,NA,NA,NA
"TER-EXO-T10",2024-03-17,NA,NA,NA
"TER-EXO-T10",2024-03-18,NA,NA,NA
"TER-EXO-T10",2024-03-19,NA,NA,NA
"TER-EXO-T10",2024-03-20,NA,NA,NA
"TER-EXO-T10",2024-03-21,NA,NA,NA
"TER-EXO-T10",2024-03-22,0.00845769870400817,0.0268344577821936,0.0232785513636534
"TER-EXO-T10",2024-03-23,0.00288509509983083,0.062463662630692,0.0736073178226983
"TER-EXO-T10",2024-03-24,0.0120107444220266,0.0835018112891012,0.0974990828769075
"TER-EXO-T10",2024-03-25,0.00695937927893812,0.0508326428494082,0.0557822281942933
"TER-EXO-T10",2024-03-26,0,0.0302252780300727,0.0368039820915211
"TER-EXO-T10",2024-03-27,0.00666854876945621,0.103332509606804,0.139853347052987
"TER-EXO-T10",2024-03-28,0,0.051654850034046,0.0768272076311663
"TER-EXO-T10",2024-03-29,0,0,0.00682251959723378
"TER-EXO-T10",2024-03-30,0,0.00638270395727598,0.0230731392184797
"TER-EXO-T10",2024-03-31,0,0.114152016340859,0.119690563580606
"TER-EXO-T10",2024-04-01,0.0033796957449828,0.171095117149478,0.222449962800668
"TER-EXO-T10",2024-04-02,0,0.0628259476827751,0.0730538305623469
"TER-EXO-T10",2024-04-03,0,0.0394572673203702,0
"TER-EXO-T10",2024-04-04,0,0.0873912674755812,0.123742887864206
"TER-EXO-T10",2024-04-05,0,0.021200380899546,0.0204689401400088
"TER-EXO-T10",2024-04-06,0,0.108195469889072,0.131738992504909
"TER-EXO-T10",2024-04-07,0,0.027348749391477,0.0716650626692673
"TER-EXO-T10",2024-04-08,0,0.0137335070009647,0.0195552844732612
"TER-EXO-T10",2024-04-09,0,0.00648244939231382,0.0138265826417209
"TER-EXO-T10",2024-04-10,0,0,0
"TER-EXO-T10",2024-04-11,0,0,0
"TER-EXO-T10",2024-04-12,0,0.0377423844056322,0.0549979734275156
"TER-EXO-T10",2024-04-13,0,0,0
"TER-EXO-T10",2024-04-14,0,0,0
"TER-EXO-T10",2024-04-15,0,0,0
"TER-EXO-T10",2024-04-16,0,0,0
"TER-EXO-T10",2024-04-17,0,0,0
"TER-EXO-T10",2024-04-18,0,0.00544724654146153,0.0381969390686532
"TER-EXO-T10",2024-04-19,0,0.0393589025035721,0.0570984960128309
"TER-EXO-T10",2024-04-20,0.0134122187411902,0.110217723060014,0.149513218539415
"TER-EXO-T10",2024-04-21,0.00819004579708609,0,0.0974961694242144
"TER-EXO-T10",2024-04-22,0.00346974546180558,0.00163163488774991,0.0254866336456101
"TER-EXO-T10",2024-04-23,0,0,0.0261221982902424
"TER-EXO-T10",2024-04-24,0.0136477671697884,0.0454920626912867,0.0826329818113186
"TER-EXO-T10",2024-04-25,0.0235182101274062,0.110118590225977,0.186118950257119
"TER-EXO-T10",2024-04-26,0.0151757868589435,0.0798091074421969,0.111224798115414
"TER-EXO-T10",2024-04-27,0.0334911839688099,0.112239124394383,0.116622314723726
"TER-EXO-T10",2024-04-28,0.0742567415347886,0.216625735543364,0.270822699056139
"TER-EXO-T10",2024-04-29,0.0576350378040433,0.229705506823901,0.273215111334194
"TER-EXO-T10",2024-04-30,0.0435966805676834,0.221672806728991,0.268695853453448
"TER-EXO-T10",2024-05-01,0.00749903304595664,0.0676181008388219,0.0951816809726438
"TER-EXO-T10",2024-05-02,0,0,0.0296009757097836
"TER-EXO-T10",2024-05-03,0.001855937101668,0.0629630592203896,0.145238053685011
"TER-EXO-T10",2024-05-04,0.00440080921920554,0.148117088048418,0.273647883489703
"TER-EXO-T10",2024-05-05,0.0217432719254985,0.182028973948585,0.24510124337437
"TER-EXO-T10",2024-05-06,0,0,0.011972460192954
"TER-EXO-T10",2024-05-07,0,0.0239759327406813,0.0453944341294535
"TER-EXO-T10",2024-05-08,0,0.025150674980812,0.0181559947168762
"TER-EXO-T10",2024-05-09,0.00403062409891066,0.133823792616278,0.0531174867782256
"TER-EXO-T10",2024-05-10,0.0389420844612803,0.250600461343755,0.299859735618018
"TER-EXO-T10",2024-05-11,0.0327323221458509,0.106210998511984,0.132122546717195
"TER-EXO-T10",2024-05-12,0.0486284516919292,0.189861558481576,0.219110728485099
"TER-EXO-T10",2024-05-13,0.0145510636342331,0.0701544329366754,0.0694125582780675
"TER-EXO-T10",2024-05-14,0.0384057224716835,0.137652852282564,0.155074297873965
"TER-EXO-T10",2024-05-15,0.023380339521861,0.082278512061573,0.088001791940142
"TER-EXO-T10",2024-05-16,0.00152869679052884,0.00822207133855862,0
"TER-EXO-T10",2024-05-17,0.0212407267109749,0.113128338104695,0.130895698343672
"TER-EXO-T10",2024-05-18,0.0367479144848388,0.180360119175434,0.193926035060166
"TER-EXO-T10",2024-05-19,0.0342548768611587,0.19601264357689,0.224388844396123
"TER-EXO-T10",2024-05-20,0.0297615270364761,0.117427899759747,0.147966912058513
"TER-EXO-T10",2024-05-21,0.0132394806177515,0.0846996331275343,0.101397110083606
"TER-EXO-T10",2024-05-22,0.0122810593491832,0.0702841155379925,0.0779830181708502
"TER-EXO-T10",2024-05-23,0,0,0
"TER-EXO-T10",2024-05-24,0,0.0351539399295983,0.0362458533153655
"TER-EXO-T10",2024-05-25,0.0235863112062816,0.199943894491734,0.222955456132528
"TER-EXO-T10",2024-05-26,0.0286622328122304,0.166568399646157,0.172949375119461
"TER-EXO-T10",2024-05-27,0.049185659946295,0.171783791850534,0.189560472276847
"TER-EXO-T10",2024-05-28,0.0588925878410135,0.175667048558994,0.17979399013595
"TER-EXO-T10",2024-05-29,0.00191607253879479,0,0
"TER-EXO-T10",2024-05-30,0.0171294851542444,0.159666249961557,0.153363383095591
"TER-EXO-T10",2024-05-31,0.0123540569316494,0.0665278007466344,0.0693795625827469
"TER-EXO-T10",2024-06-01,0.0416482347625502,0.152337611641182,0.180881305162352
"TER-EXO-T10",2024-06-02,0.0191467426589211,0.0769070182566648,0.0899719962794333
"TER-EXO-T10",2024-06-03,0,0.0449888476664735,0.0656826946021391
"TER-EXO-T10",2024-06-04,0.00260894797434061,0.0648650169332389,0.0757445163204007
"TER-EXO-T10",2024-06-05,0.00147940336704356,0.0106602519643488,0.0033707028419617
"TER-EXO-T10",2024-06-06,0.0323742260417215,0.101116267254953,0.14705958950542
"TER-EXO-T10",2024-06-07,0.0426798533196464,0.137644319810559,0.159398153670999
"TER-EXO-T10",2024-06-08,0.0319271458534992,0.0983615139672393,0.126182328895251
"TER-EXO-T10",2024-06-09,0.0700758106087497,0.179614461561281,0.217817274115742
"TER-EXO-T10",2024-06-10,0.0483866225049872,0.125821126536909,0.16102839684111
"TER-EXO-T10",2024-06-11,0.0468035661766147,0.151336289100997,0.187101714572095
"TER-EXO-T10",2024-06-12,0.0928273348447359,0.303126218386449,0.366537014291604
"TER-EXO-T10",2024-06-13,0.00859153562713711,0.0344556343796433,0.029357564653275
"TER-EXO-T10",2024-06-14,0.0349038851307545,0.116656067053855,0.15380782986656
"TER-EXO-T10",2024-06-15,0.0714123526401207,0.238243105593071,0.283052944536723
"TER-EXO-T10",2024-06-16,0.0290277735475562,0.0746438681578246,0.111264345370278
"TER-EXO-T10",2024-06-17,0.053784213160024,0.124951009247622,0.143812296895571
"TER-EXO-T10",2024-06-18,0.0398616529180025,0.137841371102747,0.165153380458348
"TER-EXO-T10",2024-06-19,0.0296206794745327,0.157779268441425,0.177124521552523
"TER-EXO-T10",2024-06-20,0.0806367899271103,0.269878844021011,0.300553653074338
"TER-EXO-T10",2024-06-21,0.074935846488823,0.28334274270828,0.322592803189443
"TER-EXO-T10",2024-06-22,0.0408018422054855,0.164110354431021,0.219939354972137
"TER-EXO-T10",2024-06-23,0.0596002197927614,0.131449773664492,0.144307196841896
"TER-EXO-T10",2024-06-24,0.00717412220747451,0.0110557137910715,0
"TER-EXO-T10",2024-06-25,0.0278006392112831,0.200546163904694,0.258925880543891
"TER-EXO-T10",2024-06-26,0.069613216123607,0.227729092529817,0.300533701258701
"TER-EXO-T10",2024-06-27,0.0205043793100105,0.0668559736587824,0.0692807057640289
"TER-EXO-T10",2024-06-28,0.064689100663621,0.179192698184645,0.225591617025789
"TER-EXO-T10",2024-06-29,0.00571387040757558,0.0946853046360068,0.119103182892997
"TER-EXO-T10",2024-06-30,0.00460269289556384,0.0462340867062936,0.057912270855697
"TER-EXO-T10",2024-07-01,0.0511903096759153,0.207664612115095,0.264677898561021
"TER-EXO-T10",2024-07-02,0.0600370538406869,0.175899350447649,0.221777925465132
"TER-EXO-T10",2024-07-03,0.0276626342654411,0.164476910785126,0.18726285269195
"TER-EXO-T10",2024-07-04,0.0618120989938776,0.208943397437003,0.258028867543164
"TER-EXO-T10",2024-07-05,0.0685064500786804,0.15122442354344,0.195699833523522
"TER-EXO-T10",2024-07-06,0.030184503559179,0.0892530395384623,0.0974421028457799
"TER-EXO-T10",2024-07-07,0.0635014506997822,0.140148766747922,0.168180209678985
"TER-EXO-T10",2024-07-08,0.0121295182174924,0.0325253996244894,0.031063901681617
"TER-EXO-T10",2024-07-09,0.019035562325664,0.123798734166916,0.130790484871041
"TER-EXO-T10",2024-07-10,0.0190346476410606,0.0998902334325342,0.135574773086079
"TER-EXO-T10",2024-07-11,0.0421774517161325,0.180338254734952,0.227658457742243
"TER-EXO-T10",2024-07-12,0.0114400327679999,0.048199441861288,0.0578281934929705
"TER-EXO-T10",2024-07-13,0.00689168947047306,0.0782868760365418,0.132742532953615
"TER-EXO-T10",2024-07-14,0.00596886304944892,0.234172254537945,0.27461267333189
"TER-EXO-T10",2024-07-15,0.0208035964808465,0.0486449973986075,0.0489422059264313
"TER-EXO-T10",2024-07-16,0.0159532365448963,0.193439143308083,0.234958341371065
"TER-EXO-T10",2024-07-17,0.00178452776883607,0.027233927357617,0.00925637850587548
"TER-EXO-T10",2024-07-18,0.00335596805413493,0.104730636853749,0.1188733153787
"TER-EXO-T10",2024-07-19,0.00818315408531228,0.205271568577603,0.264215838106415
"TER-EXO-T10",2024-07-20,NA,NA,NA
"TER-EXO-T10",2024-07-21,0.0869527019653719,0.209520855828786,0.269115419535401
"TER-EXO-T10",2024-07-22,0.020554376783189,0.258728872387755,0.289096115649687
"TER-EXO-T10",2024-07-23,0.0736795172508477,0.154912866126192,0.198722956307606
"TER-EXO-T10",2024-07-24,0.0632265581029383,0.149408291752206,0.186072128819149
"TER-EXO-T10",2024-07-25,0.0797334896249317,0.188722459887371,0.252574655442302
"TER-EXO-T10",2024-07-26,0.0805795785691692,0.145670349149576,0.173945583834438
"TER-EXO-T10",2024-07-27,0.0762629361045604,0.174072221211089,0.227864620850612
"TER-EXO-T10",2024-07-28,0.054274679355052,0.12719464566003,0.160241294395975
"TER-EXO-T10",2024-07-29,0.0112855385447312,0.146118489770421,0.164491262514034
"TER-EXO-T10",2024-07-30,0.00693799483241446,0.0769868226658915,0.0821703581152366
"TER-EXO-T10",2024-07-31,0.00655396825896611,0.0852719205243113,0.0991379582333546
"TER-EXO-T10",2024-08-01,0.0182023394382357,0.176073750765147,0.22275924313185
"TER-EXO-T10",2024-08-02,0.0376796354823995,0.153314502057624,0.185103843776779
"TER-EXO-T10",2024-08-03,0.0826338678485976,0.220820363491354,0.276062665487067
"TER-EXO-T10",2024-08-04,0.115550013277076,0.267504061288399,0.350037613482065
"TER-EXO-T10",2024-08-05,0.126476733734511,0.27833388409738,0.358181667775384
"TER-EXO-T10",2024-08-06,0.0207938023332182,0.100279971127853,0.112773617305445
"TER-EXO-T10",2024-08-07,0.0906808154512901,0.193723301628691,0.251963241587259
"TER-EXO-T10",2024-08-08,0.0849545634388173,0.242599545170063,0.289748514158995
"TER-EXO-T10",2024-08-09,0.0461021542354222,0.145040454568305,0.171377405928988
"TER-EXO-T10",2024-08-10,0.0646130441142917,0.153812503423119,0.169236359188574
"TER-EXO-T10",2024-08-11,0.0419855568311142,0.160363646099264,0.196394031176062
"TER-EXO-T10",2024-08-12,0.0819700532404889,0.231584880495889,0.299709299316712
"TER-EXO-T10",2024-08-13,0.0573862713071919,0.176132655245536,0.206278556474828
"TER-EXO-T10",2024-08-14,0.085036350734814,0.260100999655984,0.294750340630828
"TER-EXO-T10",2024-08-15,0.0753435469972493,0.240381451004173,0.275652316780187
"TER-EXO-T10",2024-08-16,0.0773562905412873,0.201308210712692,0.232703239940385
"TER-EXO-T10",2024-08-17,0.0431895593301148,0.151103192839921,0.158869485706643
"TER-EXO-T10",2024-08-18,0.0562693347992266,0.201599409588992,0.226561995444248
"TER-EXO-T10",2024-08-19,0.0947577505526817,0.278827627892551,0.332082517768175
"TER-EXO-T10",2024-08-20,0.0109179115234827,0.0694469224963962,0.0680035948748608
"TER-EXO-T10",2024-08-21,0.0351087110443309,0.205413741449668,0.205426505093452
"TER-EXO-T10",2024-08-22,0.0815955927846134,0.347091606178922,0.426086354957808
"TER-EXO-T10",2024-08-23,0.00736565602225073,0.12334112180537,0.153996119636494
"TER-EXO-T10",2024-08-24,0.00757370253800512,0.243114627077115,0.270417721782387
"TER-EXO-T10",2024-08-25,0.0925498232469546,0.277799024210403,0.308380728944925
"TER-EXO-T10",2024-08-26,0.0267270564981798,0.243297664034119,0.262996687834851
"TER-EXO-T10",2024-08-27,0.0444343691170552,0.169821051268823,0.174197856919989
"TER-EXO-T10",2024-08-28,0.0517608813623916,0.211268537243573,0.236063619053644
"TER-EXO-T10",2024-08-29,0.0536292250754371,0.21220732406782,0.218446938303421
"TER-EXO-T10",2024-08-30,0.10899543152049,0.324300063660352,0.371276480340036
"TER-EXO-T10",2024-08-31,0.0986191638562194,0.271582122090862,0.281836504982765
"TER-EXO-T10",2024-09-01,0.00721890916268318,0.143658582058578,0.151185467712335
"TER-EXO-T10",2024-09-02,0.0210838812876289,0.18976906958971,0.22405627560475
"TER-EXO-T10",2024-09-03,0.0704518465879617,0.205230870361823,0.234840142262935
"TER-EXO-T10",2024-09-04,0.0619873052509583,0.184470412256529,0.177176277544829
"TER-EXO-T10",2024-09-05,0.0487164607500219,0.129052123090423,0.138679298084556
"TER-EXO-T10",2024-09-06,0.0533940648289464,0.110244460261637,0.128089122283184
"TER-EXO-T10",2024-09-07,0.0423751358528037,0.140516016681161,0.132457577581293
"TER-EXO-T10",2024-09-08,0.00650416807020624,0.123361316323521,0.136856995294033
"TER-EXO-T10",2024-09-09,0.0112432056584354,0.0770792241156787,0.0806291516759505
"TER-EXO-T10",2024-09-10,0.00391751450435908,0.0941973346482979,0.112106749907437
"TER-EXO-T10",2024-09-11,0.00704889257457537,0.187719978332912,0.220269388041752
"TER-EXO-T10",2024-09-12,0.0845560688650636,0.309724995002469,0.33365481775267
"TER-EXO-T10",2024-09-13,0.0765825057232974,0.285459652168482,0.28972957473869
"TER-EXO-T10",2024-09-14,0.0167012489759106,0.109089513523296,0.119768815652401
"TER-EXO-T10",2024-09-15,0.101835398675669,0.310189478169162,0.332516433255646
"TER-EXO-T10",2024-09-16,0.0193419206572094,0.0718825744587812,0.0751804257646416
"TER-EXO-T10",2024-09-17,0.00514063210225615,0.111026060437746,0.122922821719311
"TER-EXO-T10",2024-09-18,0.036488821266915,0.204391566851875,0.211183910065692
"TER-EXO-T10",2024-09-19,0.0210252778790924,0.104143488768837,0.103517221695959
"TER-EXO-T10",2024-09-20,0.00665773054145298,0.0932848192013716,0.121003759963071
"TER-EXO-T10",2024-09-21,0.0227321745148876,0.170543848409325,0.179947972437563
"TER-EXO-T10",2024-09-22,0.0309696115080919,0.173456556313566,0.160161881233195
"TER-EXO-T10",2024-09-23,0.0436635800451374,0.262183041326633,0.247393722712635
"TER-EXO-T10",2024-09-24,0.0372742414488064,0.121877648784611,0.124261598506881
"TER-EXO-T10",2024-09-25,0.0146867954206409,0.0523824915356242,0.0775057285919321
"TER-EXO-T10",2024-09-26,0.00330942254470722,0.190356797785173,0.181762231759095
"TER-EXO-T10",2024-09-27,0.0119976328493193,0.0730429253208376,0.0749686103264415
"TER-EXO-T10",2024-09-28,0.00684701707846652,0.0711190730912756,0.0807726086553417
"TER-EXO-T10",2024-09-29,0.00556352652130433,0.0443687749549854,0.0320801206800955
"TER-EXO-T10",2024-09-30,0.00911260953763339,0.143717249762201,0.150224933358364
"TER-EXO-T10",2024-10-01,0.0396951432112148,0.0995542299207758,0.101812403660832
"TER-EXO-T10",2024-10-02,0.0212887750099214,0.0336580152710621,0.0408374414561938
"TER-EXO-T10",2024-10-03,0.0355629919098663,0.0617880509272959,0.064182376273258
"TER-EXO-T10",2024-10-04,0.0317836952846948,0.0622463044928511,0.0476793066125871
"TER-EXO-T10",2024-10-05,0.00465739460092477,0.0223670812589947,0.0602129466847265
"TER-EXO-T10",2024-10-06,0.0366525688668618,0.11225000335341,0.107843767033148
"TER-EXO-T10",2024-10-07,0.0630636071963062,0.131941935421344,0.126811011876537
"TER-EXO-T10",2024-10-08,0.0525888852291216,0.132669518507872,0.13026376433326
"TER-EXO-T10",2024-10-09,0.0128422020261323,0.0755387199734461,0.0803175064800105
"TER-EXO-T10",2024-10-10,0.00630503130842668,0.0324308597023175,0.0349897262208499
"TER-EXO-T10",2024-10-11,0.0607902029236743,0.11781586592731,0.121929993809445
"TER-EXO-T10",2024-10-12,0.0910502523125583,0.195189441983107,0.192654564693509
"TER-EXO-T10",2024-10-13,0.00891287372727436,0.0122110749145995,0
"TER-EXO-T10",2024-10-14,0.00201398093956581,0.00584522350671941,0
"TER-EXO-T10",2024-10-15,0.00347501321327352,0.0980243406430728,0.0987414941837578
"TER-EXO-T10",2024-10-16,0.0546290955857682,0.123628854466473,0.130510169271037
"TER-EXO-T10",2024-10-17,0.0657447078859966,0.139899107706366,0.13948184035982
"TER-EXO-T10",2024-10-18,0.0562810863682568,0.136031273899484,0.119679167227135
"TER-EXO-T10",2024-10-19,0.0145452348384191,0.0749326640581012,0.0664580458349353
"TER-EXO-T10",2024-10-20,0.00672748189345856,0.0499079263008882,0.0477021759137979
"TER-EXO-T10",2024-10-21,0.0477303830778444,0.151338398044024,0.143260803860087
"TER-EXO-T10",2024-10-22,0.0411065148700758,0.0879256979986784,0.0796276855821395
"TER-EXO-T10",2024-10-23,0.00780448147825178,0.00627261044866191,0
"TER-EXO-T10",2024-10-24,0.0655711933430303,0.11212144280273,0.112402504518691
"TER-EXO-T10",2024-10-25,0.0494196357715776,0.117152557854848,0.104831756197043
"TER-EXO-T10",2024-10-26,0.0290171305987225,0.0902364394881807,0.0790237957966694
"TER-EXO-T10",2024-10-27,0.0241599597280942,0.0624872723167834,0.0560745691129265
"TER-EXO-T10",2024-10-28,0.0571016301189604,0.10958547596611,0.100759667886326
"TER-EXO-T10",2024-10-29,0.00571501558416147,0.0759764528079984,0.0853393826659556
"TER-EXO-T10",2024-10-30,0.00256963801180936,0.0418697482148541,0.0408795444984587
"TER-EXO-T10",2024-10-31,0.00466534904155359,0.069908288594367,0.0636455344180842
"TER-EXO-T10",2024-11-01,0.00400361746759886,0.00664064479316926,0
"TER-EXO-T10",2024-11-02,NA,0.0290510678991599,0.034732813345857
"TER-EXO-T10",2024-11-03,NA,0.0209623089426716,0.00559387759545421
"TER-EXO-T10",2024-11-04,NA,0.0496347523365112,0.100618527352298
"TER-EXO-T10",2024-11-05,NA,0.0383858551425171,0.0352945321651441
"TER-EXO-T10",2024-11-06,NA,0.0573671554944208,0.053978567606612
"TER-EXO-T10",2024-11-07,NA,0.106891138977538,0.112930244446542
"TER-EXO-T10",2024-11-08,NA,0.0194602627747444,0.0336298272232927
"TER-EXO-T10",2024-11-09,NA,0.0701447432879188,0.0680200671891446
"TER-EXO-T10",2024-11-10,NA,0.0541841851078625,0.0495536221451274
"TER-EXO-T10",2024-11-11,NA,0.0304672653364848,0.0285552710356522
"TER-EXO-T10",2024-11-12,NA,0.0150784885532435,0.00721148621427169
"TER-EXO-T10",2024-11-13,NA,0.0408042068610993,0.0364236411233396
"TER-EXO-T10",2024-11-14,NA,0.0563524537845233,0.0505610086327513
"TER-EXO-T10",2024-11-15,NA,0.0623278860213404,0.0569356343595479
"TER-EXO-T10",2024-11-16,NA,0.0348970501692723,0.0377628573317102
"TER-EXO-T10",2024-11-17,NA,0.0506124521393685,0.0428380417063117
"TER-EXO-T10",2024-11-18,NA,0.0134535467014022,0.00929071954016711
"TER-EXO-T10",2024-11-19,NA,0.0830644476230852,0.0850818499323958
"TER-EXO-T10",2024-11-20,NA,0.0853261664421419,0.0886603123234672
"TER-EXO-T10",2024-11-21,NA,0.0247480341478076,0.0224056105875582
"TER-EXO-T10",2024-11-22,NA,0.0325214698892419,0.0230870544172578
"TER-EXO-T10",2024-11-23,NA,0.00999031198941151,0.0156482481122402
"TER-EXO-T10",2024-11-24,NA,0.0761033558526353,0.0596466453493532
"TER-EXO-T10",2024-11-25,NA,0.104928632963431,0.0892116064530588
"TER-EXO-T10",2024-11-26,NA,0.0549507211039778,0.0435689706298667
"TER-EXO-T10",2024-11-27,NA,0.0746136405950211,0.0744206131215461
"TER-EXO-T10",2024-11-28,NA,0.0495212906469342,0.043008640467984
"TER-EXO-T10",2024-11-29,NA,0.0548150875256896,0.0534211586692924
"TER-EXO-T10",2024-11-30,NA,0.0431962348229272,0.0470489558428101
"TER-EXO-T10",2024-12-01,NA,0.0104537185762894,0.0357809113787084
"TER-EXO-T10",2024-12-02,NA,0.0326472881829005,0.0539316059755651
"TER-EXO-T10",2024-12-03,NA,0.0614903798736215,0.0664663922118919
"TER-EXO-T10",2024-12-04,NA,0.0795398951650151,0.0779618627393473
"TER-EXO-T10",2024-12-05,NA,0.0805452621260495,0.0748696446604033
"TER-EXO-T10",2024-12-06,NA,0.0549490035879108,0.0509148774075436
"TER-EXO-T10",2024-12-07,NA,0.0853656308784562,0.0736664997797037
"TER-EXO-T10",2024-12-08,NA,0.071005882339927,0.0675112928828641
"TER-EXO-T10",2024-12-09,NA,0.0891583571115215,0.0929559222469468
"TER-EXO-T10",2024-12-10,NA,0.0726852070478325,0.0711464275186468
"TER-EXO-T10",2024-12-11,NA,0.00773464115020255,0.0207593718452302
"TER-EXO-T10",2024-12-12,NA,0.0257668345077896,0.0360616449272065
"TER-EXO-T10",2024-12-13,NA,0.0123860971533302,0.0209412165413644
"TER-EXO-T10",2024-12-14,NA,0.0854917173439756,0.0666115265212222
"TER-EXO-T10",2024-12-15,NA,0.0532343545128546,0.0436247592989258
"TER-EXO-T10",2024-12-16,NA,0.00592801084342087,0.0174945876573197
"TER-EXO-T10",2024-12-17,NA,0.111809894138774,0.0824941796367257
"TER-EXO-T10",2024-12-18,NA,0.0776190295897593,0.0607080545694434
"TER-EXO-T10",2024-12-19,NA,0.00891770975310297,0.0245067917571987
"TER-EXO-T10",2024-12-20,NA,0.0763127138597167,0.0580647451980564
"TER-EXO-T10",2024-12-21,NA,0.047333438584273,0.0450303831360612
"TER-EXO-T10",2024-12-22,NA,0.057627864648442,0.0565482485048478
"TER-EXO-T10",2024-12-23,NA,0.0810588720103602,0.0758780106776656
"TER-EXO-T10",2024-12-24,NA,0.0834474697342011,0.0800080176027061
"TER-EXO-T10",2024-12-25,NA,0.0690806781608286,0.0721882612263124
"TER-EXO-T10",2024-12-26,NA,0.0760717013014006,0.0728938088846496
"TER-EXO-T10",2024-12-27,NA,0.0374692288632669,0.0351266323777397
"TER-EXO-T10",2024-12-28,NA,0.0851672494645628,0.0854727402254687
"TER-EXO-T10",2024-12-29,NA,0.0577986410850874,0.056477078751506
"TER-EXO-T10",2024-12-30,NA,0.0392663789791771,0.0369668862648753
"TER-EXO-T10",2024-12-31,NA,0.0463763440850614,0.0369467707009143
"TER-EXO-T10",2025-01-01,NA,0.00494873909052885,0
"TER-EXO-T10",2025-01-02,NA,0.0066111431505865,0.011714100401003
"TER-EXO-T10",2025-01-03,NA,0.005067155805971,0
"TER-EXO-T10",2025-01-04,NA,0.0141497547017986,0
"TER-EXO-T10",2025-01-05,NA,0.101120136623429,0.108465198307713
"TER-EXO-T10",2025-01-06,NA,0.0180279915496733,0
"TER-EXO-T10",2025-01-07,NA,0.105677853332341,0.0655518120297802
"TER-EXO-T10",2025-01-08,NA,0.075678556502934,0.0512677650877247
"TER-EXO-T10",2025-01-09,NA,0.00625049052582282,0
"TER-EXO-T10",2025-01-10,NA,0.00516231078380486,0
"TER-EXO-T10",2025-01-11,NA,0.00452101287116743,NA
"TER-EXO-T10",2025-01-12,NA,0.0184315741800779,NA
"TER-EXO-T10",2025-01-13,NA,0.0334939168190567,NA
"TER-EXO-T10",2025-01-14,NA,0.012948674959809,NA
"TER-EXO-T10",2025-01-15,NA,0.0226660220644983,NA
"TER-EXO-T10",2025-01-16,NA,0.00433783798729455,NA
"TER-EXO-T10",2025-01-17,NA,0.00302848765035232,NA
"TER-EXO-T10",2025-01-18,NA,0.032270963403416,NA
"TER-EXO-T10",2025-01-19,NA,0.0320838389640414,NA
"TER-EXO-T10",2025-01-20,NA,0.00891274591772797,NA
"TER-EXO-T10",2025-01-21,NA,0.0686667451880402,NA
"TER-EXO-T10",2025-01-22,NA,0.106663787590157,NA
"TER-EXO-T10",2025-01-23,NA,0.0349370495109841,NA
"TER-EXO-T10",2025-01-24,NA,0.0179717393045062,NA
"TER-EXO-T10",2025-01-25,NA,0.0291527802570583,NA
"TER-EXO-T10",2025-01-26,NA,0.0555788235662992,NA
"TER-EXO-T10",2025-01-27,NA,0.0628297551227439,NA
"TER-EXO-T10",2025-01-28,NA,0.0593551459302687,NA
"TER-EXO-T10",2025-01-29,NA,0.077649009328991,NA
"TER-EXO-T10",2025-01-30,NA,0.0332847246826236,NA
"TER-EXO-T10",2025-01-31,NA,0.0289835053087164,NA
"TER-EXO-T10",2025-02-01,NA,0.0142268223477416,NA
"TER-EXO-T10",2025-02-02,NA,0.0333028410475085,NA
"TER-EXO-T10",2025-02-03,NA,0.00632740211444311,NA
"TER-EXO-T10",2025-02-04,NA,0.0148712253227778,NA
"TER-EXO-T10",2025-02-05,NA,0.0144437982359089,NA
"TER-EXO-T10",2025-02-06,NA,0.0664580435412145,NA
"TER-EXO-T10",2025-02-07,NA,0.00949662256641338,NA
"TER-EXO-T10",2025-02-08,NA,0.00355749400528333,NA
"TER-EXO-T10",2025-02-09,NA,0.00478944148522271,NA
"TER-EXO-T10",2025-02-10,NA,0.00754649733014422,NA
"TER-EXO-T10",2025-02-11,NA,0.0314160569698572,NA
"TER-EXO-T10",2025-02-12,NA,NA,NA
"TER-EXO-T10",2025-02-13,NA,NA,NA
"TER-EXO-T10",2025-02-14,NA,NA,NA
"TER-EXO-T10",2025-02-15,NA,NA,NA
"TER-EXO-T10",2025-02-16,NA,NA,NA
"TER-EXO-T10",2025-02-17,NA,NA,NA
"TER-EXO-T10",2025-02-18,NA,NA,NA
"TER-EXO-T10",2025-02-19,NA,NA,NA
"TER-EXO-T10",2025-02-20,NA,NA,NA
"TER-EXO-T10",2025-02-21,NA,NA,NA
"TER-EXO-T10",2025-02-22,NA,NA,NA
"TER-EXO-T10",2025-02-23,NA,NA,NA
"TER-EXO-T10",2025-02-24,NA,NA,NA
"TER-EXO-T10",2025-02-25,NA,NA,NA
"TER-EXO-T10",2025-02-26,NA,NA,NA
"TER-EXO-T10",2025-02-27,NA,NA,NA
"TER-EXO-T10",2025-02-28,NA,NA,NA
"TER-EXO-T10",2025-03-01,NA,NA,NA
"TER-EXO-T10",2025-03-02,NA,NA,NA
"TER-EXO-T10",2025-03-03,NA,NA,NA
"TER-EXO-T10",2025-03-04,NA,NA,NA
"TER-EXO-T10",2025-03-05,NA,NA,NA
"TER-EXO-T10",2025-03-06,NA,NA,NA
"TER-EXO-T10",2025-03-07,NA,NA,NA
"TER-EXO-T10",2025-03-08,NA,NA,NA
"TER-EXO-T10",2025-03-09,NA,NA,NA
"TER-EXO-T10",2025-03-10,NA,NA,NA
"TER-EXO-T10",2025-03-11,NA,NA,NA
"TER-EXO-T10",2025-03-12,NA,NA,NA
"TER-EXO-T10",2025-03-13,NA,NA,NA
"TER-EXO-T10",2025-03-14,NA,NA,NA
"TER-EXO-T10",2025-03-15,NA,NA,NA
"TER-EXO-T10",2025-03-16,NA,NA,NA
"TER-EXO-T10",2025-03-17,NA,NA,NA
"TER-EXO-T10",2025-03-18,NA,NA,NA
"TER-EXO-T10",2025-03-19,NA,NA,NA
"TER-EXO-T10",2025-03-20,NA,NA,NA
"TER-EXO-T10",2025-03-21,NA,NA,NA
"TER-EXO-T10",2025-03-22,NA,NA,NA
"TER-EXO-T10",2025-03-23,NA,NA,NA
"TER-EXO-T10",2025-03-24,NA,NA,NA
"TER-EXO-T10",2025-03-25,NA,NA,NA
"TER-EXO-T10",2025-03-26,NA,NA,NA
"TER-EXO-T10",2025-03-27,NA,NA,NA
"TER-EXO-T10",2025-03-28,NA,NA,NA
"TER-EXO-T10",2025-03-29,NA,NA,NA
"TER-EXO-T10",2025-03-30,NA,NA,NA
"TER-EXO-T10",2025-03-31,NA,NA,NA
"TER-EXO-T10",2025-04-01,NA,NA,NA
"TER-EXO-T10",2025-04-02,NA,NA,NA
"TER-EXO-T10",2025-04-03,NA,NA,NA
"TER-EXO-T10",2025-04-04,NA,NA,NA
"TER-EXO-T10",2025-04-05,NA,NA,NA
"TER-EXO-T10",2025-04-06,NA,NA,NA
"TER-EXO-T10",2025-04-07,NA,NA,NA
"TER-EXO-T10",2025-04-08,NA,NA,NA
"TER-EXO-T10",2025-04-09,NA,NA,NA
"TER-EXO-T10",2025-04-10,NA,NA,NA
"TER-EXO-T10",2025-04-11,NA,NA,NA
"TER-EXO-T10",2025-04-12,NA,NA,NA
"TER-EXO-T10",2025-04-13,NA,NA,NA
"TER-EXO-T10",2025-04-14,NA,NA,NA
"TER-EXO-T10",2025-04-15,NA,NA,NA
"TER-EXO-T10",2025-04-16,NA,NA,NA
"TER-EXO-T10",2025-04-17,NA,NA,NA
"TER-EXO-T10",2025-04-18,NA,NA,NA
"TER-EXO-T10",2025-04-19,NA,NA,NA
"TER-EXO-T10",2025-04-20,NA,NA,NA
"TER-EXO-T10",2025-04-21,NA,NA,NA
"TER-EXO-T10",2025-04-22,NA,NA,NA
"TER-EXO-T10",2025-04-23,NA,NA,NA
"TER-EXO-T10",2025-04-24,NA,NA,NA
"TER-EXO-T10",2025-04-25,NA,NA,NA
"TER-EXO-T10",2025-04-26,NA,NA,NA
"TER-EXO-T10",2025-04-27,NA,NA,NA
"TER-EXO-T10",2025-04-28,NA,NA,NA
"TER-EXO-T10",2025-04-29,NA,NA,NA
"TER-EXO-T10",2025-04-30,NA,NA,NA
"TER-EXO-T10",2025-05-01,NA,NA,NA
"TER-EXO-T10",2025-05-02,NA,NA,NA
"TER-EXO-T10",2025-05-03,NA,NA,NA
"TER-EXO-T10",2025-05-04,NA,NA,NA
"TER-EXO-T10",2025-05-05,NA,NA,NA
"TER-EXO-T10",2025-05-06,NA,NA,NA
"TER-EXO-T10",2025-05-07,NA,NA,NA
"TER-EXO-T10",2025-05-08,NA,NA,NA
"TER-EXO-T10",2025-05-09,NA,NA,NA
"TER-EXO-T10",2025-05-10,NA,NA,NA
"TER-EXO-T10",2025-05-11,NA,NA,NA
"TER-EXO-T10",2025-05-12,NA,NA,NA
"TER-EXO-T10",2025-05-13,NA,NA,NA
"TER-EXO-T10",2025-05-14,NA,NA,NA
"TER-EXO-T10",2025-05-15,NA,NA,NA
"TER-EXO-T10",2025-05-16,NA,NA,NA
"TER-EXO-T10",2025-05-17,NA,NA,NA
"TER-EXO-T10",2025-05-18,NA,NA,NA
"TER-EXO-T10",2025-05-19,NA,NA,NA
"TER-EXO-T10",2025-05-20,NA,NA,NA
"TER-EXO-T10",2025-05-21,NA,NA,NA
"TER-EXO-T10",2025-05-22,NA,NA,NA
"TER-EXO-T10",2025-05-23,NA,NA,NA
"TER-EXO-T10",2025-05-24,NA,NA,NA
"TER-EXO-T10",2025-05-25,NA,NA,NA
"TER-EXO-T10",2025-05-26,NA,NA,NA
"TER-EXO-T10",2025-05-27,NA,NA,NA
"TER-EXO-T10",2025-05-28,NA,NA,NA
"TER-EXO-T10",2025-05-29,NA,NA,NA
"TER-EXO-T10",2025-05-30,NA,NA,NA
"TER-EXO-T10",2025-05-31,NA,NA,NA
"TER-EXO-T10",2025-06-01,NA,NA,NA
"TER-EXO-T10",2025-06-02,NA,NA,NA
"TER-EXO-T10",2025-06-03,NA,NA,NA
"TER-EXO-T10",2025-06-04,NA,NA,NA
"TER-EXO-T10",2025-06-05,NA,NA,NA
"TER-EXO-T10",2025-06-06,NA,NA,NA
"TER-EXO-T10",2025-06-07,NA,NA,NA
"TER-EXO-T10",2025-06-08,NA,NA,NA
"TER-EXO-T10",2025-06-09,NA,NA,NA
"TER-EXO-T10",2025-06-10,NA,NA,NA
"TER-EXO-T10",2025-06-11,NA,NA,NA
"TER-EXO-T10",2025-06-12,NA,NA,NA
"TER-NFBF-T-01",2023-08-09,NA,NA,NA
"TER-NFBF-T-01",2023-08-10,NA,NA,NA
"TER-NFBF-T-01",2023-08-11,NA,NA,NA
"TER-NFBF-T-01",2023-08-12,NA,NA,NA
"TER-NFBF-T-01",2023-08-13,NA,NA,NA
"TER-NFBF-T-01",2023-08-14,NA,NA,NA
"TER-NFBF-T-01",2023-08-15,NA,NA,NA
"TER-NFBF-T-01",2023-08-16,NA,NA,NA
"TER-NFBF-T-01",2023-08-17,NA,NA,NA
"TER-NFBF-T-01",2023-08-18,NA,NA,NA
"TER-NFBF-T-01",2023-08-19,NA,NA,NA
"TER-NFBF-T-01",2023-08-20,NA,NA,NA
"TER-NFBF-T-01",2023-08-21,NA,NA,NA
"TER-NFBF-T-01",2023-08-22,NA,NA,NA
"TER-NFBF-T-01",2023-08-23,NA,NA,NA
"TER-NFBF-T-01",2023-08-24,NA,NA,NA
"TER-NFBF-T-01",2023-08-25,NA,NA,NA
"TER-NFBF-T-01",2023-08-26,NA,NA,NA
"TER-NFBF-T-01",2023-08-27,NA,NA,NA
"TER-NFBF-T-01",2023-08-28,NA,NA,NA
"TER-NFBF-T-01",2023-08-29,NA,NA,NA
"TER-NFBF-T-01",2023-08-30,NA,NA,NA
"TER-NFBF-T-01",2023-08-31,NA,NA,NA
"TER-NFBF-T-01",2023-09-01,NA,NA,NA
"TER-NFBF-T-01",2023-09-02,NA,NA,NA
"TER-NFBF-T-01",2023-09-03,NA,NA,NA
"TER-NFBF-T-01",2023-09-04,NA,NA,NA
"TER-NFBF-T-01",2023-09-05,NA,NA,NA
"TER-NFBF-T-01",2023-09-06,NA,NA,NA
"TER-NFBF-T-01",2023-09-07,NA,NA,NA
"TER-NFBF-T-01",2023-09-08,NA,NA,NA
"TER-NFBF-T-01",2023-09-09,NA,NA,NA
"TER-NFBF-T-01",2023-09-10,NA,NA,NA
"TER-NFBF-T-01",2023-09-11,NA,NA,NA
"TER-NFBF-T-01",2023-09-12,NA,NA,NA
"TER-NFBF-T-01",2023-09-13,NA,NA,NA
"TER-NFBF-T-01",2023-09-14,NA,NA,NA
"TER-NFBF-T-01",2023-09-15,NA,NA,NA
"TER-NFBF-T-01",2023-09-16,NA,NA,NA
"TER-NFBF-T-01",2023-09-17,NA,NA,NA
"TER-NFBF-T-01",2023-09-18,NA,NA,NA
"TER-NFBF-T-01",2023-09-19,0.0263643186285899,0.0984091258208436,0.122760320390897
"TER-NFBF-T-01",2023-09-20,0,0.00217405255125912,0.00802391598358342
"TER-NFBF-T-01",2023-09-21,0,0.0512919335367925,0.241663459356961
"TER-NFBF-T-01",2023-09-22,0,0.126894898586587,0.25008023742313
"TER-NFBF-T-01",2023-09-23,NA,0.036318594226808,0.166107697893926
"TER-NFBF-T-01",2023-09-24,NA,0.111728988010665,0.276548553286175
"TER-NFBF-T-01",2023-09-25,NA,0.143870375306373,0.236876111267447
"TER-NFBF-T-01",2023-09-26,NA,0.0033707028419617,0.0234091474607626
"TER-NFBF-T-01",2023-09-27,NA,0,0.0212715831271252
"TER-NFBF-T-01",2023-09-28,NA,0,0
"TER-NFBF-T-01",2023-09-29,NA,0,0
"TER-NFBF-T-01",2023-09-30,NA,0,0.016740260793489
"TER-NFBF-T-01",2023-10-01,NA,0,0.120589925419655
"TER-NFBF-T-01",2023-10-02,NA,0.0110961829998141,0.0733719619250299
"TER-NFBF-T-01",2023-10-03,NA,0,0.0253737253045792
"TER-NFBF-T-01",2023-10-04,NA,0,0.0154069915281541
"TER-NFBF-T-01",2023-10-05,NA,0,0.0233333477643735
"TER-NFBF-T-01",2023-10-06,NA,0,0.0392193443390641
"TER-NFBF-T-01",2023-10-07,NA,0,0.0514139254565602
"TER-NFBF-T-01",2023-10-08,NA,0,0.0345422785481595
"TER-NFBF-T-01",2023-10-09,NA,0,0.00910466883572306
"TER-NFBF-T-01",2023-10-10,NA,0,0.00689298103841121
"TER-NFBF-T-01",2023-10-11,NA,0,0.0685378235205475
"TER-NFBF-T-01",2023-10-12,NA,0,0.0485214745958734
"TER-NFBF-T-01",2023-10-13,NA,0.00256957736841191,0.042170545283793
"TER-NFBF-T-01",2023-10-14,NA,0,0.0297800576113201
"TER-NFBF-T-01",2023-10-15,NA,0,0.00423670554668624
"TER-NFBF-T-01",2023-10-16,NA,0,0.00490755448065644
"TER-NFBF-T-01",2023-10-17,NA,0,0.0511126680118124
"TER-NFBF-T-01",2023-10-18,NA,0,0.0668797145523891
"TER-NFBF-T-01",2023-10-19,NA,0,0.048860651937576
"TER-NFBF-T-01",2023-10-20,NA,0,0.0139249033664971
"TER-NFBF-T-01",2023-10-21,NA,0,0.0290620731686204
"TER-NFBF-T-01",2023-10-22,NA,0,0.0124862259508397
"TER-NFBF-T-01",2023-10-23,NA,0.0316247059894611,0.0769760172882417
"TER-NFBF-T-01",2023-10-24,NA,0,0.0077265318253037
"TER-NFBF-T-01",2023-10-25,NA,0,0.00270532870628489
"TER-NFBF-T-01",2023-10-26,NA,0,0.0493497298709011
"TER-NFBF-T-01",2023-10-27,NA,0.010585473164093,0.0426627497125091
"TER-NFBF-T-01",2023-10-28,NA,0,0.020341867082102
"TER-NFBF-T-01",2023-10-29,NA,0.0153327319101992,0.0263303048116107
"TER-NFBF-T-01",2023-10-30,NA,0.0142032459373675,0.0474038085805943
"TER-NFBF-T-01",2023-10-31,NA,0,0.0131098242726515
"TER-NFBF-T-01",2023-11-01,NA,0.0178345313294665,0.0475127373944819
"TER-NFBF-T-01",2023-11-02,NA,0.0464183249939944,0.0892594132633687
"TER-NFBF-T-01",2023-11-03,NA,0.0296077453879119,0.0621444508460823
"TER-NFBF-T-01",2023-11-04,NA,0.0282144603599511,0.0552243610285642
"TER-NFBF-T-01",2023-11-05,NA,0,0.0101268610099646
"TER-NFBF-T-01",2023-11-06,NA,0.0256902916318131,0.0812557469819147
"TER-NFBF-T-01",2023-11-07,NA,0.00138499334161119,0.0154224384182974
"TER-NFBF-T-01",2023-11-08,NA,0,0.00627622132090766
"TER-NFBF-T-01",2023-11-09,NA,0,0.00571061436451034
"TER-NFBF-T-01",2023-11-10,NA,0,0.00254279637329804
"TER-NFBF-T-01",2023-11-11,NA,0,0.0418024999320088
"TER-NFBF-T-01",2023-11-12,NA,0,0.0169615809707256
"TER-NFBF-T-01",2023-11-13,NA,0,0.00826792590598888
"TER-NFBF-T-01",2023-11-14,NA,0,0.00494429728463297
"TER-NFBF-T-01",2023-11-15,NA,0,0.00436306950904039
"TER-NFBF-T-01",2023-11-16,NA,0,0.00454119327693918
"TER-NFBF-T-01",2023-11-17,NA,0,0.0133460412327911
"TER-NFBF-T-01",2023-11-18,NA,0,0.0305106519735268
"TER-NFBF-T-01",2023-11-19,NA,0,0.00570997068535141
"TER-NFBF-T-01",2023-11-20,NA,0,0.00675536911614426
"TER-NFBF-T-01",2023-11-21,NA,0,0.00527378885736305
"TER-NFBF-T-01",2023-11-22,NA,0,0.010760393713174
"TER-NFBF-T-01",2023-11-23,NA,0,0.0320124615445011
"TER-NFBF-T-01",2023-11-24,NA,0,0.00817570994455399
"TER-NFBF-T-01",2023-11-25,NA,0,0.00283781025255621
"TER-NFBF-T-01",2023-11-26,NA,0,0.00441463599592931
"TER-NFBF-T-01",2023-11-27,NA,0,0.00322763742482087
"TER-NFBF-T-01",2023-11-28,NA,0,0.0124603300551502
"TER-NFBF-T-01",2023-11-29,NA,0,0.00322868959213959
"TER-NFBF-T-01",2023-11-30,NA,0,0.0210625442341686
"TER-NFBF-T-01",2023-12-01,NA,0.00756888266448326,0.0420928706076944
"TER-NFBF-T-01",2023-12-02,NA,0,0.00935262655066783
"TER-NFBF-T-01",2023-12-03,NA,0.00591548841652362,0.0307966380143213
"TER-NFBF-T-01",2023-12-04,NA,0.0499190983440454,0.0660528881413392
"TER-NFBF-T-01",2023-12-05,NA,0,0.0095358192473976
"TER-NFBF-T-01",2023-12-06,NA,0,0.00349396183525881
"TER-NFBF-T-01",2023-12-07,NA,0,0.0305994417639581
"TER-NFBF-T-01",2023-12-08,NA,0,0.00444268171211675
"TER-NFBF-T-01",2023-12-09,NA,NA,NA
"TER-NFBF-T-01",2023-12-10,0,0,0.0131965574026762
"TER-NFBF-T-01",2023-12-11,0,0,0.0110904183944097
"TER-NFBF-T-01",2023-12-12,0,0,0.0173676456425807
"TER-NFBF-T-01",2023-12-13,0,0,0.00549557791992198
"TER-NFBF-T-01",2023-12-14,0,0,0.00262045990887743
"TER-NFBF-T-01",2023-12-15,0,0,0.000644356585037914
"TER-NFBF-T-01",2023-12-16,0,0,0.00437134389983567
"TER-NFBF-T-01",2023-12-17,0,0,0.00431308452951959
"TER-NFBF-T-01",2023-12-18,0,0,0.00375401132259339
"TER-NFBF-T-01",2023-12-19,0,0,0.00205616778812188
"TER-NFBF-T-01",2023-12-20,0,0,0.000351676857342237
"TER-NFBF-T-01",2023-12-21,0,0,0.00355095391359572
"TER-NFBF-T-01",2023-12-22,0,0,0.025726635558837
"TER-NFBF-T-01",2023-12-23,0,0,0.062618538335972
"TER-NFBF-T-01",2023-12-24,0,0.00810430438018348,0.0252855995150718
"TER-NFBF-T-01",2023-12-25,0,0,0.00955512642641783
"TER-NFBF-T-01",2023-12-26,0,0,0.00522163774676655
"TER-NFBF-T-01",2023-12-27,0,0,0.0184508853149929
"TER-NFBF-T-01",2023-12-28,0,0,0.0173334876308705
"TER-NFBF-T-01",2023-12-29,0,0,0.0165590776461921
"TER-NFBF-T-01",2023-12-30,0,0.0149664196321317,0.074225766048274
"TER-NFBF-T-01",2023-12-31,0,0.011871116555693,0.0570197392132798
"TER-NFBF-T-01",2024-01-01,0,0,0.00681053086416767
"TER-NFBF-T-01",2024-01-02,0,0,0.0196500157349541
"TER-NFBF-T-01",2024-01-03,0,0.0166217049648327,0.0372967183793464
"TER-NFBF-T-01",2024-01-04,0,0,0.0115267527453153
"TER-NFBF-T-01",2024-01-05,0,0,0.00811635975731849
"TER-NFBF-T-01",2024-01-06,0,0,0.00932297962856974
"TER-NFBF-T-01",2024-01-07,0,0,0.0270438415460507
"TER-NFBF-T-01",2024-01-08,0,0.00432222903751441,0.0308081698599957
"TER-NFBF-T-01",2024-01-09,0,0,0.00592711218257474
"TER-NFBF-T-01",2024-01-10,0,0,0.0030980918674945
"TER-NFBF-T-01",2024-01-11,0,0,0.0138844365250873
"TER-NFBF-T-01",2024-01-12,0,0,0.0132690015885747
"TER-NFBF-T-01",2024-01-13,0,0,0.00331404295549609
"TER-NFBF-T-01",2024-01-14,0,0,0.0121732468768424
"TER-NFBF-T-01",2024-01-15,0,0,0.00430009909227793
"TER-NFBF-T-01",2024-01-16,0,0,0.000391108088965312
"TER-NFBF-T-01",2024-01-17,0,0,0.0011309162165316
"TER-NFBF-T-01",2024-01-18,0,0,0.000172558134793591
"TER-NFBF-T-01",2024-01-19,0,0,0.00374733006546223
"TER-NFBF-T-01",2024-01-20,0,0,0.0394746910094886
"TER-NFBF-T-01",2024-01-21,0,0,0.00617737656673232
"TER-NFBF-T-01",2024-01-22,0,0,0.000360226203531536
"TER-NFBF-T-01",2024-01-23,0,0,0.00206284747338166
"TER-NFBF-T-01",2024-01-24,0,0,0.000315072970448592
"TER-NFBF-T-01",2024-01-25,0,0,0.00923595865926493
"TER-NFBF-T-01",2024-01-26,0,0,0.00629279755396655
"TER-NFBF-T-01",2024-01-27,0,0,0.00347706384631529
"TER-NFBF-T-01",2024-01-28,0,0,0.0168937711754854
"TER-NFBF-T-01",2024-01-29,0,0,0.0133017785820111
"TER-NFBF-T-01",2024-01-30,0,0,0.00258933691211507
"TER-NFBF-T-01",2024-01-31,0,0,0.0128821215329638
"TER-NFBF-T-01",2024-02-01,0,0,0.0156190843773017
"TER-NFBF-T-01",2024-02-02,0,0,0.022750389728837
"TER-NFBF-T-01",2024-02-03,0,0.0047382863144376,0.0665374282732224
"TER-NFBF-T-01",2024-02-04,0,0,0.0156140497988906
"TER-NFBF-T-01",2024-02-05,0,0,0.0127232390975298
"TER-NFBF-T-01",2024-02-06,0,0,0.00125993253936227
"TER-NFBF-T-01",2024-02-07,0,0,0.00163813767769594
"TER-NFBF-T-01",2024-02-08,0,0,0.0190352316362497
"TER-NFBF-T-01",2024-02-09,0,0,0.00703275635474212
"TER-NFBF-T-01",2024-02-10,0,0,0.00763527627587751
"TER-NFBF-T-01",2024-02-11,0,0,0.00298792291984168
"TER-NFBF-T-01",2024-02-12,0,0,0.0045308406890962
"TER-NFBF-T-01",2024-02-13,0,0,0.00196644589087426
"TER-NFBF-T-01",2024-02-14,0,0,0.0321508614682089
"TER-NFBF-T-01",2024-02-15,0,0,0.0118862407630578
"TER-NFBF-T-01",2024-02-16,0,0,0.00069519789314068
"TER-NFBF-T-01",2024-02-17,0,0,0.0170402705827742
"TER-NFBF-T-01",2024-02-18,0,0.0131437558680214,0.061540245530753
"TER-NFBF-T-01",2024-02-19,0,0.0153794036692376,0.0594449957378301
"TER-NFBF-T-01",2024-02-20,0.00761590625084859,0.0159393672249688,0.0406569792659307
"TER-NFBF-T-01",2024-02-21,0.00147940336704356,0.0017406153663903,0.039519543702232
"TER-NFBF-T-01",2024-02-22,0.00406519926648921,0.00585648038574354,0.0141333331604436
"TER-NFBF-T-01",2024-02-23,0.00500678709644085,0.0541076777708817,0.0995837449785573
"TER-NFBF-T-01",2024-02-24,0.0087006320969353,0.0164788730906552,0.0892822327977518
"TER-NFBF-T-01",2024-02-25,0.00535923606216992,0.0118352269363484,0.0191585482936291
"TER-NFBF-T-01",2024-02-26,0,0.0114463790309789,0.0468962363316347
"TER-NFBF-T-01",2024-02-27,0.00716785400149743,0.0770779850239013,0.149860288639701
"TER-NFBF-T-01",2024-02-28,0.0106059385535088,0.0771868321173584,0.0337911405779922
"TER-NFBF-T-01",2024-02-29,0,0.0185057624046405,0.126605370141079
"TER-NFBF-T-01",2024-03-01,0.0100438815883039,0.0660254152516547,0.0503108163732939
"TER-NFBF-T-01",2024-03-02,0.0118959434765099,0.0433620562942178,0.0228980831683554
"TER-NFBF-T-01",2024-03-03,0.0133410048421373,0.0172349177949104,0.0519324401302823
"TER-NFBF-T-01",2024-03-04,0.0128426062742465,0.0451680761367434,0.0519943764423716
"TER-NFBF-T-01",2024-03-05,0.00558664991460469,0.0235593135364958,0.00844267705116739
"TER-NFBF-T-01",2024-03-06,0,0,0.00398769312344896
"TER-NFBF-T-01",2024-03-07,0,0,0.018738549839171
"TER-NFBF-T-01",2024-03-08,0,0,0.00468501304652835
"TER-NFBF-T-01",2024-03-09,0,0,0.0284859356771161
"TER-NFBF-T-01",2024-03-10,0,0.00152869679052884,0.00801467545209378
"TER-NFBF-T-01",2024-03-11,0,0,0.0539114420037498
"TER-NFBF-T-01",2024-03-12,0,0,NA
"TER-NFBF-T-01",2024-03-13,NA,NA,NA
"TER-NFBF-T-01",2024-03-14,0.0124159733258737,0.00305739358105763,NA
"TER-NFBF-T-01",2024-03-15,0.0118525406459058,0.0109075176780612,NA
"TER-NFBF-T-01",2024-03-16,0.0152142328722652,0.0248903705667187,NA
"TER-NFBF-T-01",2024-03-17,0.025773813462131,0.0493509188059245,NA
"TER-NFBF-T-01",2024-03-18,0,0,NA
"TER-NFBF-T-01",2024-03-19,0.00129592777951808,0.0052183146601472,NA
"TER-NFBF-T-01",2024-03-20,0.0196822892039134,0.0863517260392213,NA
"TER-NFBF-T-01",2024-03-21,0.0159234957343515,0.0357290472558486,NA
"TER-NFBF-T-01",2024-03-22,0,0,NA
"TER-NFBF-T-01",2024-03-23,0,0,NA
"TER-NFBF-T-01",2024-03-24,0.00267961803108496,0,NA
"TER-NFBF-T-01",2024-03-25,0.00267235430999272,0,NA
"TER-NFBF-T-01",2024-03-26,0,0,NA
"TER-NFBF-T-01",2024-03-27,0.011239358549669,0.0151416958796494,NA
"TER-NFBF-T-01",2024-03-28,0,0,NA
"TER-NFBF-T-01",2024-03-29,0,0,NA
"TER-NFBF-T-01",2024-03-30,0,0,NA
"TER-NFBF-T-01",2024-03-31,0.00273322178578517,0.0326988214025723,NA
"TER-NFBF-T-01",2024-04-01,0.00133980901554246,0.0262687089054008,NA
"TER-NFBF-T-01",2024-04-02,0.00279432511300161,0,NA
"TER-NFBF-T-01",2024-04-03,0,0,NA
"TER-NFBF-T-01",2024-04-04,0,0.0269069701524932,NA
"TER-NFBF-T-01",2024-04-05,0,0,NA
"TER-NFBF-T-01",2024-04-06,0.00933962125766037,0.0252359241281879,NA
"TER-NFBF-T-01",2024-04-07,0,0,NA
"TER-NFBF-T-01",2024-04-08,0,0,NA
"TER-NFBF-T-01",2024-04-09,0,0,NA
"TER-NFBF-T-01",2024-04-10,0,0,NA
"TER-NFBF-T-01",2024-04-11,0,0,NA
"TER-NFBF-T-01",2024-04-12,0,0,NA
"TER-NFBF-T-01",2024-04-13,0,0,NA
"TER-NFBF-T-01",2024-04-14,0,0,NA
"TER-NFBF-T-01",2024-04-15,0,0,NA
"TER-NFBF-T-01",2024-04-16,0,0,NA
"TER-NFBF-T-01",2024-04-17,0,0,NA
"TER-NFBF-T-01",2024-04-18,0,0,NA
"TER-NFBF-T-01",2024-04-19,0.00443821010113062,0.0279697514434806,NA
"TER-NFBF-T-01",2024-04-20,0,0.0147242930148879,NA
"TER-NFBF-T-01",2024-04-21,0.00368276317067929,NA,NA
"TER-NFBF-T-01",2024-04-22,0.00269244870694666,NA,NA
"TER-NFBF-T-01",2024-04-23,0,NA,NA
"TER-NFBF-T-01",2024-04-24,0,NA,NA
"TER-NFBF-T-01",2024-04-25,0.00770753398725645,NA,NA
"TER-NFBF-T-01",2024-04-26,0.00387016600215871,NA,NA
"TER-NFBF-T-01",2024-04-27,0.0183090759577686,NA,NA
"TER-NFBF-T-01",2024-04-28,0.0379454243077567,NA,NA
"TER-NFBF-T-01",2024-04-29,0.034742351696736,NA,NA
"TER-NFBF-T-01",2024-04-30,0.0287944462243039,NA,NA
"TER-NFBF-T-01",2024-05-01,0.0119334715337917,NA,NA
"TER-NFBF-T-01",2024-05-02,0,NA,NA
"TER-NFBF-T-01",2024-05-03,0.00762870066577758,NA,NA
"TER-NFBF-T-01",2024-05-04,0.00548583231328344,NA,NA
"TER-NFBF-T-01",2024-05-05,0.0752156372494823,NA,NA
"TER-NFBF-T-01",2024-05-06,0,NA,NA
"TER-NFBF-T-01",2024-05-07,0,NA,NA
"TER-NFBF-T-01",2024-05-08,0.0043691047882934,NA,NA
"TER-NFBF-T-01",2024-05-09,0.0310713755543045,NA,NA
"TER-NFBF-T-01",2024-05-10,0.0623662550652875,NA,NA
"TER-NFBF-T-01",2024-05-11,0.0245826139794707,NA,NA
"TER-NFBF-T-01",2024-05-12,0.0412695868848487,NA,NA
"TER-NFBF-T-01",2024-05-13,0.00965094746254365,NA,NA
"TER-NFBF-T-01",2024-05-14,0.0290475539344913,NA,NA
"TER-NFBF-T-01",2024-05-15,0.0182363050301253,NA,NA
"TER-NFBF-T-01",2024-05-16,0.00147940336704356,NA,NA
"TER-NFBF-T-01",2024-05-17,0.00751873188355716,NA,NA
"TER-NFBF-T-01",2024-05-18,0.0247576530991754,NA,NA
"TER-NFBF-T-01",2024-05-19,0.062645550183735,NA,NA
"TER-NFBF-T-01",2024-05-20,0.0187972677059086,NA,NA
"TER-NFBF-T-01",2024-05-21,0.0227556406056088,NA,NA
"TER-NFBF-T-01",2024-05-22,0.0133179096353514,NA,NA
"TER-NFBF-T-01",2024-05-23,0,NA,NA
"TER-NFBF-T-01",2024-05-24,0.00233345527042524,NA,NA
"TER-NFBF-T-01",2024-05-25,0.00866022182385172,NA,NA
"TER-NFBF-T-01",2024-05-26,0.0266246084067529,NA,NA
"TER-NFBF-T-01",2024-05-27,0.0479120245997838,NA,NA
"TER-NFBF-T-01",2024-05-28,0.0692014101757835,NA,NA
"TER-NFBF-T-01",2024-05-29,0,NA,NA
"TER-NFBF-T-01",2024-05-30,0.0345600570441814,NA,NA
"TER-NFBF-T-01",2024-05-31,0.0129850715172508,NA,NA
"TER-NFBF-T-01",2024-06-01,0.0121076881142973,NA,NA
"TER-NFBF-T-01",2024-06-02,0.00229423668737165,NA,NA
"TER-NFBF-T-01",2024-06-03,0,NA,NA
"TER-NFBF-T-01",2024-06-04,0,NA,NA
"TER-NFBF-T-01",2024-06-05,0,NA,NA
"TER-NFBF-T-01",2024-06-06,0,NA,NA
"TER-NFBF-T-01",2024-06-07,0,NA,NA
"TER-NFBF-T-01",2024-06-08,0.00530930147959124,NA,NA
"TER-NFBF-T-01",2024-06-09,0.0193258627155012,NA,NA
"TER-NFBF-T-01",2024-06-10,0.0247422715675471,NA,NA
"TER-NFBF-T-01",2024-06-11,0.024120256062367,NA,NA
"TER-NFBF-T-01",2024-06-12,NA,NA,NA
"TER-NFBF-T-01",2024-06-13,0.00842826729072825,0.00305739358105763,0
"TER-NFBF-T-01",2024-06-14,0.00168535142098083,0.0109195057536081,0.0226990653386729
"TER-NFBF-T-01",2024-06-15,0.0131207200021833,0.0248943076661675,0.237185756759907
"TER-NFBF-T-01",2024-06-16,0.00559194461913728,0.0494557686387721,0.0515680321589979
"TER-NFBF-T-01",2024-06-17,0.00282211601070217,0,0.0361607042957895
"TER-NFBF-T-01",2024-06-18,0.0161600931475786,0.0052183146601472,0.0951787909241628
"TER-NFBF-T-01",2024-06-19,0.0264318310501908,0.0863517260392213,0.141760528791629
"TER-NFBF-T-01",2024-06-20,0.0637522332373772,0.0357290472558486,0.25743645059634
"TER-NFBF-T-01",2024-06-21,0.0403866418607991,0,0.291279604965182
"TER-NFBF-T-01",2024-06-22,0.0425229347484777,0,0.125370974927349
"TER-NFBF-T-01",2024-06-23,0.0378893541771829,0,0.102424984880906
"TER-NFBF-T-01",2024-06-24,0,0,0
"TER-NFBF-T-01",2024-06-25,0.00890326003700585,0,0.105670645844421
"TER-NFBF-T-01",2024-06-26,0.0177208101906264,0.0151416958796494,0.287314165352169
"TER-NFBF-T-01",2024-06-27,0.00530870561340266,0,0.00965873468033386
"TER-NFBF-T-01",2024-06-28,0.0339527735585542,0,0.167607774602909
"TER-NFBF-T-01",2024-06-29,0.0171783718381501,0,0.0350897686587803
"TER-NFBF-T-01",2024-06-30,0.00827689924206647,0.0326988214025723,0
"TER-NFBF-T-01",2024-07-01,0.047646133547891,0.0262687089054008,0.216035729683563
"TER-NFBF-T-01",2024-07-02,0.0536860168908082,0,0.252067417143965
"TER-NFBF-T-01",2024-07-03,0.030590405339313,0,0.0909141882009032
"TER-NFBF-T-01",2024-07-04,0.0538622046137497,0.0269069701524932,0.248571210949733
"TER-NFBF-T-01",2024-07-05,0.0399664978325903,0,0.187105912641512
"TER-NFBF-T-01",2024-07-06,0.0154793509546106,0.0252359241281879,0.0541199353144198
"TER-NFBF-T-01",2024-07-07,0.0262720971999066,0,0.0882938182545841
"TER-NFBF-T-01",2024-07-08,0.00636165517633186,0,0
"TER-NFBF-T-01",2024-07-09,0.00568905708651254,0,0
"TER-NFBF-T-01",2024-07-10,0.00937770544099365,0,0.0720761104812933
"TER-NFBF-T-01",2024-07-11,0.00899699993807507,0,0.0639208109949781
"TER-NFBF-T-01",2024-07-12,0.00547140794036381,0,0.00761689384517741
"TER-NFBF-T-01",2024-07-13,0.00366610978047311,0,0.0387670826410575
"TER-NFBF-T-01",2024-07-14,0.0108922102347568,0,0.236429909727203
"TER-NFBF-T-01",2024-07-15,0.00609636319549014,0,0
"TER-NFBF-T-01",2024-07-16,0.011727274159627,0,0.158880104412358
"TER-NFBF-T-01",2024-07-17,0,0,0
"TER-NFBF-T-01",2024-07-18,0,0.00489499703149874,0.00979891379945433
"TER-NFBF-T-01",2024-07-19,0.0170352834527517,0.0142162899379676,0.257300466742446
"TER-NFBF-T-01",2024-07-20,0.0402281806262028,0.0133078835177533,0.259368313323738
"TER-NFBF-T-01",2024-07-21,0.0361642303652653,NA,0.267435376151041
"TER-NFBF-T-01",2024-07-22,0.0439633625251355,NA,0.218551171831691
"TER-NFBF-T-01",2024-07-23,0.0346826176112689,NA,0.160816695546312
"TER-NFBF-T-01",2024-07-24,0.0330291259347227,NA,0.105150388775571
"TER-NFBF-T-01",2024-07-25,0.0342660848674223,NA,0.164573765800181
"TER-NFBF-T-01",2024-07-26,0.0462587505019545,NA,0.140988429515956
"TER-NFBF-T-01",2024-07-27,0.0378953712294604,NA,0.0863013963517321
"TER-NFBF-T-01",2024-07-28,0.0232972072171446,NA,0.0798487761821432
"TER-NFBF-T-01",2024-07-29,0.0171661866170644,NA,0.139988455417415
"TER-NFBF-T-01",2024-07-30,0.0102254308706901,NA,0.0312803059967076
"TER-NFBF-T-01",2024-07-31,0.0026933093255261,NA,0
"TER-NFBF-T-01",2024-08-01,0.0111414917208289,NA,0.135500957898713
"TER-NFBF-T-01",2024-08-02,0.0156584427486056,NA,0.0949249571979195
"TER-NFBF-T-01",2024-08-03,0.029661293928424,NA,0.171933661098245
"TER-NFBF-T-01",2024-08-04,0.0549658755503911,NA,0.405851154471816
"TER-NFBF-T-01",2024-08-05,0.0391593313289002,NA,0.350694833963586
"TER-NFBF-T-01",2024-08-06,0.0157545488259905,NA,0.0190540234912756
"TER-NFBF-T-01",2024-08-07,0.0108315394719677,NA,0.125220077844602
"TER-NFBF-T-01",2024-08-08,0.0182164387968536,NA,0.3301980924377
"TER-NFBF-T-01",2024-08-09,0.0290477754646225,NA,0.178699682084183
"TER-NFBF-T-01",2024-08-10,0.0528826041408142,NA,0.177866430188084
"TER-NFBF-T-01",2024-08-11,0.00713319845308519,NA,0.0681754491103397
"TER-NFBF-T-01",2024-08-12,0.0166231810229237,NA,0.307686030859984
"TER-NFBF-T-01",2024-08-13,0.020827318019006,NA,0.103273837661602
"TER-NFBF-T-01",2024-08-14,0.0415307076900528,NA,0.236452079670581
"TER-NFBF-T-01",2024-08-15,0.0463297435032759,NA,0.251921256274201
"TER-NFBF-T-01",2024-08-16,0.0380690291436244,NA,0.215708176589829
"TER-NFBF-T-01",2024-08-17,0.0274850633943244,NA,0.115642820410796
"TER-NFBF-T-01",2024-08-18,0.0317305607340343,NA,NA
"TER-NFBF-T-01",2024-08-19,NA,NA,NA
"TER-NFBF-T-01",2024-08-20,0.0119367312558175,NA,NA
"TER-NFBF-T-01",2024-08-21,0.0655940608219613,NA,NA
"TER-NFBF-T-01",2024-08-22,0.0303765985201679,NA,NA
"TER-NFBF-T-01",2024-08-23,0.0220498068642643,NA,NA
"TER-NFBF-T-01",2024-08-24,0.0189290513736141,NA,NA
"TER-NFBF-T-01",2024-08-25,0.0131239777387924,NA,NA
"TER-NFBF-T-01",2024-08-26,0.0161382145256481,NA,NA
"TER-NFBF-T-01",2024-08-27,0.0136003120871752,NA,NA
"TER-NFBF-T-01",2024-08-28,0.0610520932137483,NA,NA
"TER-NFBF-T-01",2024-08-29,0.0259332808991005,NA,NA
"TER-NFBF-T-01",2024-08-30,0.0546674940808929,NA,NA
"TER-NFBF-T-01",2024-08-31,0.0491531774330926,NA,NA
"TER-NFBF-T-01",2024-09-01,0,NA,NA
"TER-NFBF-T-01",2024-09-02,0.00593226053937466,NA,NA
"TER-NFBF-T-01",2024-09-03,0.0288596449188813,NA,NA
"TER-NFBF-T-01",2024-09-04,0.0237265916402435,NA,NA
"TER-NFBF-T-01",2024-09-05,0.0163983490078128,NA,NA
"TER-NFBF-T-01",2024-09-06,0.0195462478559831,NA,NA
"TER-NFBF-T-01",2024-09-07,0.0181776873514659,NA,NA
"TER-NFBF-T-01",2024-09-08,0.00197791070259177,NA,NA
"TER-NFBF-T-01",2024-09-09,0,NA,NA
"TER-NFBF-T-01",2024-09-10,0,NA,NA
"TER-NFBF-T-01",2024-09-11,0.00191607253879479,NA,NA
"TER-NFBF-T-01",2024-09-12,NA,NA,NA
"TER-NFBF-T-01",2024-09-13,0.0392262295435425,NA,NA
"TER-NFBF-T-01",2024-09-14,0.020308411663252,NA,NA
"TER-NFBF-T-01",2024-09-15,0.0488676883783764,NA,NA
"TER-NFBF-T-01",2024-09-16,0.00987397349939051,NA,NA
"TER-NFBF-T-01",2024-09-17,0.0201781368939048,NA,NA
"TER-NFBF-T-01",2024-09-18,0.0279008132477492,NA,NA
"TER-NFBF-T-01",2024-09-19,0.0159644151707736,NA,NA
"TER-NFBF-T-01",2024-09-20,0.0158267073111961,NA,NA
"TER-NFBF-T-01",2024-09-21,0.0164441178362238,NA,NA
"TER-NFBF-T-01",2024-09-22,0.0233308324438586,NA,NA
"TER-NFBF-T-01",2024-09-23,0.0314386644223102,NA,NA
"TER-NFBF-T-01",2024-09-24,0.028467653437475,NA,NA
"TER-NFBF-T-01",2024-09-25,0.0107209571346952,NA,NA
"TER-NFBF-T-01",2024-09-26,0.0178620097320544,NA,NA
"TER-NFBF-T-01",2024-09-27,0.0106255496309631,NA,NA
"TER-NFBF-T-01",2024-09-28,0.0120937001379403,NA,NA
"TER-NFBF-T-01",2024-09-29,0,NA,NA
"TER-NFBF-T-01",2024-09-30,0.0116730584807125,NA,NA
"TER-NFBF-T-01",2024-10-01,0.0118978446564469,NA,NA
"TER-NFBF-T-01",2024-10-02,0.00818311864380751,NA,NA
"TER-NFBF-T-01",2024-10-03,0.0137160271633116,NA,NA
"TER-NFBF-T-01",2024-10-04,0.00682503840174999,NA,NA
"TER-NFBF-T-01",2024-10-05,0.00204149230502055,NA,NA
"TER-NFBF-T-01",2024-10-06,0.0189236272863154,NA,NA
"TER-NFBF-T-01",2024-10-07,0.0200379931913917,NA,NA
"TER-NFBF-T-01",2024-10-08,0.017991167513471,NA,NA
"TER-NFBF-T-01",2024-10-09,0.0124430040741393,NA,NA
"TER-NFBF-T-01",2024-10-10,0.00545192245418408,NA,NA
"TER-NFBF-T-01",2024-10-11,0.0153869110554523,NA,NA
"TER-NFBF-T-01",2024-10-12,0.0385968134917624,NA,NA
"TER-NFBF-T-01",2024-10-13,0.00822018425375939,NA,NA
"TER-NFBF-T-01",2024-10-14,0,NA,NA
"TER-NFBF-T-01",2024-10-15,0.0097488747184713,NA,NA
"TER-NFBF-T-01",2024-10-16,0.0169098988220288,NA,NA
"TER-NFBF-T-01",2024-10-17,0.0221211014957813,NA,NA
"TER-NFBF-T-01",2024-10-18,0.0224746330396878,NA,NA
"TER-NFBF-T-01",2024-10-19,0.00191607253879479,NA,NA
"TER-NFBF-T-01",2024-10-20,0.00859157964741243,NA,NA
"TER-NFBF-T-01",2024-10-21,0.0143294334662923,NA,NA
"TER-NFBF-T-01",2024-10-22,0.0168059842166483,NA,NA
"TER-NFBF-T-01",2024-10-23,0,NA,NA
"TER-NFBF-T-01",2024-10-24,0,NA,NA
"TER-NFBF-T-01",2024-10-25,0.002046204441595,NA,NA
"TER-NFBF-T-01",2024-10-26,0.017784708443013,NA,NA
"TER-NFBF-T-01",2024-10-27,0.00758666072559472,NA,NA
"TER-NFBF-T-01",2024-10-28,0.0193981888899591,NA,NA
"TER-NFBF-T-01",2024-10-29,0.00453329312477792,NA,NA
"TER-NFBF-T-01",2024-10-30,0.00422100378927285,NA,NA
"TER-NFBF-T-01",2024-10-31,0.00421972285385516,NA,NA
"TER-NFBF-T-01",2024-11-01,0,NA,NA
"TER-NFBF-T-01",2024-11-02,0,NA,NA
"TER-NFBF-T-01",2024-11-03,0,NA,NA
"TER-NFBF-T-01",2024-11-04,0,NA,NA
"TER-NFBF-T-01",2024-11-05,0,NA,NA
"TER-NFBF-T-01",2024-11-06,0,NA,NA
"TER-NFBF-T-01",2024-11-07,0,NA,NA
"TER-NFBF-T-01",2024-11-08,0,NA,NA
"TER-NFBF-T-01",2024-11-09,0,NA,NA
"TER-NFBF-T-01",2024-11-10,0,NA,NA
"TER-NFBF-T-01",2024-11-11,0,NA,NA
"TER-NFBF-T-01",2024-11-12,0,NA,NA
"TER-NFBF-T-01",2024-11-13,0,NA,NA
"TER-NFBF-T-01",2024-11-14,0,NA,NA
"TER-NFBF-T-01",2024-11-15,0,NA,NA
"TER-NFBF-T-01",2024-11-16,0,NA,NA
"TER-NFBF-T-01",2024-11-17,0.00157942877147918,NA,NA
"TER-NFBF-T-01",2024-11-18,0,NA,NA
"TER-NFBF-T-01",2024-11-19,0,NA,NA
"TER-NFBF-T-01",2024-11-20,0,NA,NA
"TER-NFBF-T-01",2024-11-21,0,NA,NA
"TER-NFBF-T-01",2024-11-22,0,NA,NA
"TER-NFBF-T-01",2024-11-23,0,NA,NA
"TER-NFBF-T-01",2024-11-24,0.00874778781655423,NA,NA
"TER-NFBF-T-01",2024-11-25,0.00734936871256324,NA,NA
"TER-NFBF-T-01",2024-11-26,0,NA,NA
"TER-NFBF-T-01",2024-11-27,0.00133980901554246,NA,NA
"TER-NFBF-T-01",2024-11-28,0,NA,NA
"TER-NFBF-T-01",2024-11-29,0.00784582491542221,NA,NA
"TER-NFBF-T-01",2024-11-30,0.00133980901554246,NA,NA
"TER-NFBF-T-01",2024-12-01,0,NA,NA
"TER-NFBF-T-01",2024-12-02,0.00308713477806605,NA,NA
"TER-NFBF-T-01",2024-12-03,0.00229390175766944,NA,NA
"TER-NFBF-T-01",2024-12-04,0.00530986011605245,NA,NA
"TER-NFBF-T-01",2024-12-05,0.00874026151087269,NA,NA
"TER-NFBF-T-01",2024-12-06,0.00152869679052884,NA,NA
"TER-NFBF-T-01",2024-12-07,0.00253186665096668,NA,NA
"TER-NFBF-T-01",2024-12-08,0.00480490034446497,NA,NA
"TER-NFBF-T-01",2024-12-09,0.00824828001198911,NA,NA
"TER-NFBF-T-01",2024-12-10,0.00552892910150043,NA,NA
"TER-NFBF-T-01",2024-12-11,0,NA,NA
"TER-NFBF-T-01",2024-12-12,0,NA,NA
"TER-NFBF-T-01",2024-12-13,0,NA,NA
"TER-NFBF-T-01",2024-12-14,0,NA,NA
"TER-NFBF-T-01",2024-12-15,0,NA,NA
"TER-NFBF-T-01",2024-12-16,0,NA,NA
"TER-NFBF-T-01",2024-12-17,0.00410349398349395,NA,NA
"TER-NFBF-T-01",2024-12-18,NA,NA,NA
"TER-NFBF-T-01",2024-12-19,NA,NA,NA
"TER-NFBF-T-01",2024-12-20,NA,NA,NA
"TER-NFBF-T-01",2024-12-21,NA,NA,NA
"TER-NFBF-T-01",2024-12-22,NA,NA,NA
"TER-NFBF-T-01",2024-12-23,NA,NA,NA
"TER-NFBF-T-01",2024-12-24,NA,NA,NA
"TER-NFBF-T-01",2024-12-25,NA,NA,NA
"TER-NFBF-T-01",2024-12-26,NA,NA,NA
"TER-NFBF-T-01",2024-12-27,NA,NA,NA
"TER-NFBF-T-01",2024-12-28,NA,NA,NA
"TER-NFBF-T-01",2024-12-29,NA,NA,NA
"TER-NFBF-T-01",2024-12-30,NA,NA,NA
"TER-NFBF-T-01",2024-12-31,NA,NA,NA
"TER-NFBF-T-01",2025-01-01,NA,NA,NA
"TER-NFBF-T-01",2025-01-02,NA,NA,NA
"TER-NFBF-T-01",2025-01-03,NA,NA,NA
"TER-NFBF-T-01",2025-01-04,NA,NA,NA
"TER-NFBF-T-01",2025-01-05,NA,NA,NA
"TER-NFBF-T-01",2025-01-06,NA,NA,NA
"TER-NFBF-T-01",2025-01-07,NA,NA,NA
"TER-NFBF-T-01",2025-01-08,NA,NA,NA
"TER-NFBF-T-01",2025-01-09,NA,NA,NA
"TER-NFBF-T-01",2025-01-10,NA,NA,NA
"TER-NFBF-T-01",2025-01-11,NA,NA,NA
"TER-NFBF-T-01",2025-01-12,NA,NA,NA
"TER-NFBF-T-01",2025-01-13,NA,NA,NA
"TER-NFBF-T-01",2025-01-14,NA,NA,NA
"TER-NFBF-T-01",2025-01-15,NA,NA,NA
"TER-NFBF-T-01",2025-01-16,NA,NA,NA
"TER-NFBF-T-01",2025-01-17,NA,NA,NA
"TER-NFBF-T-01",2025-01-18,NA,NA,NA
"TER-NFBF-T-01",2025-01-19,NA,NA,NA
"TER-NFBF-T-01",2025-01-20,NA,NA,NA
"TER-NFBF-T-01",2025-01-21,NA,NA,NA
"TER-NFBF-T-01",2025-01-22,NA,NA,NA
"TER-NFBF-T-01",2025-01-23,NA,NA,NA
"TER-NFBF-T-01",2025-01-24,NA,NA,NA
"TER-NFBF-T-01",2025-01-25,NA,NA,NA
"TER-NFBF-T-01",2025-01-26,NA,NA,NA
"TER-NFBF-T-01",2025-01-27,NA,NA,NA
"TER-NFBF-T-01",2025-01-28,NA,NA,NA
"TER-NFBF-T-01",2025-01-29,NA,NA,NA
"TER-NFBF-T-01",2025-01-30,NA,NA,NA
"TER-NFBF-T-01",2025-01-31,NA,NA,NA
"TER-NFBF-T-01",2025-02-01,NA,NA,NA
"TER-NFBF-T-01",2025-02-02,NA,NA,NA
"TER-NFBF-T-01",2025-02-03,NA,NA,NA
"TER-NFBF-T-01",2025-02-04,NA,NA,NA
"TER-NFBF-T-01",2025-02-05,NA,NA,NA
"TER-NFBF-T-01",2025-02-06,NA,NA,NA
"TER-NFBF-T-01",2025-02-07,NA,NA,NA
"TER-NFBF-T-01",2025-02-08,NA,NA,NA
"TER-NFBF-T-01",2025-02-09,NA,NA,NA
"TER-NFBF-T-01",2025-02-10,NA,NA,NA
"TER-NFBF-T-01",2025-02-11,NA,NA,NA
"TER-NFBF-T-01",2025-02-12,NA,NA,NA
"TER-NFBF-T-01",2025-02-13,NA,NA,NA
"TER-NFBF-T-01",2025-02-14,NA,NA,NA
"TER-NFBF-T-01",2025-02-15,NA,NA,NA
"TER-NFBF-T-01",2025-02-16,NA,NA,NA
"TER-NFBF-T-01",2025-02-17,NA,NA,NA
"TER-NFBF-T-01",2025-02-18,NA,NA,NA
"TER-NFBF-T-01",2025-02-19,NA,NA,NA
"TER-NFBF-T-01",2025-02-20,NA,NA,NA
"TER-NFBF-T-01",2025-02-21,NA,NA,NA
"TER-NFBF-T-01",2025-02-22,NA,NA,NA
"TER-NFBF-T-01",2025-02-23,NA,NA,NA
"TER-NFBF-T-01",2025-02-24,NA,NA,NA
"TER-NFBF-T-01",2025-02-25,NA,NA,NA
"TER-NFBF-T-01",2025-02-26,NA,NA,NA
"TER-NFBF-T-01",2025-02-27,NA,NA,NA
"TER-NFBF-T-01",2025-02-28,NA,NA,NA
"TER-NFBF-T-01",2025-03-01,NA,NA,NA
"TER-NFBF-T-01",2025-03-02,NA,NA,NA
"TER-NFBF-T-01",2025-03-03,NA,NA,NA
"TER-NFBF-T-01",2025-03-04,NA,NA,NA
"TER-NFBF-T-01",2025-03-05,NA,NA,NA
"TER-NFBF-T-01",2025-03-06,NA,NA,NA
"TER-NFBF-T-01",2025-03-07,NA,NA,NA
"TER-NFBF-T-01",2025-03-08,NA,NA,NA
"TER-NFBF-T-01",2025-03-09,NA,NA,NA
"TER-NFBF-T-01",2025-03-10,NA,NA,NA
"TER-NFBF-T-01",2025-03-11,NA,NA,NA
"TER-NFBF-T-01",2025-03-12,NA,NA,NA
"TER-NFBF-T-01",2025-03-13,NA,NA,NA
"TER-NFBF-T-01",2025-03-14,NA,NA,NA
"TER-NFBF-T-01",2025-03-15,NA,NA,NA
"TER-NFBF-T-01",2025-03-16,NA,NA,NA
"TER-NFBF-T-01",2025-03-17,NA,NA,NA
"TER-NFBF-T-01",2025-03-18,NA,NA,NA
"TER-NFBF-T-01",2025-03-19,NA,NA,NA
"TER-NFBF-T-01",2025-03-20,NA,NA,NA
"TER-NFBF-T-01",2025-03-21,NA,NA,NA
"TER-NFBF-T-01",2025-03-22,NA,NA,NA
"TER-NFBF-T-01",2025-03-23,NA,NA,NA
"TER-NFBF-T-01",2025-03-24,NA,NA,NA
"TER-NFBF-T-01",2025-03-25,NA,NA,NA
"TER-NFBF-T-01",2025-03-26,NA,NA,NA
"TER-NFBF-T-01",2025-03-27,NA,NA,NA
"TER-NFBF-T-01",2025-03-28,NA,NA,NA
"TER-NFBF-T-01",2025-03-29,NA,NA,NA
"TER-NFBF-T-01",2025-03-30,NA,NA,NA
"TER-NFBF-T-01",2025-03-31,NA,NA,NA
"TER-NFBF-T-01",2025-04-01,NA,NA,NA
"TER-NFBF-T-01",2025-04-02,NA,NA,NA
"TER-NFBF-T-01",2025-04-03,NA,NA,NA
"TER-NFBF-T-01",2025-04-04,NA,NA,NA
"TER-NFBF-T-01",2025-04-05,NA,NA,NA
"TER-NFBF-T-01",2025-04-06,NA,NA,NA
"TER-NFBF-T-01",2025-04-07,NA,NA,NA
"TER-NFBF-T-01",2025-04-08,NA,NA,NA
"TER-NFBF-T-01",2025-04-09,NA,NA,NA
"TER-NFBF-T-01",2025-04-10,NA,NA,NA
"TER-NFBF-T-01",2025-04-11,NA,NA,NA
"TER-NFBF-T-01",2025-04-12,NA,NA,NA
"TER-NFBF-T-01",2025-04-13,NA,NA,NA
"TER-NFBF-T-01",2025-04-14,NA,NA,NA
"TER-NFBF-T-01",2025-04-15,NA,NA,NA
"TER-NFBF-T-01",2025-04-16,NA,NA,NA
"TER-NFBF-T-01",2025-04-17,NA,NA,NA
"TER-NFBF-T-01",2025-04-18,NA,NA,NA
"TER-NFBF-T-01",2025-04-19,NA,NA,NA
"TER-NFBF-T-01",2025-04-20,NA,NA,NA
"TER-NFBF-T-01",2025-04-21,NA,NA,NA
"TER-NFBF-T-01",2025-04-22,NA,NA,NA
"TER-NFBF-T-01",2025-04-23,NA,NA,NA
"TER-NFBF-T-01",2025-04-24,NA,NA,NA
"TER-NFBF-T-01",2025-04-25,NA,NA,NA
"TER-NFBF-T-01",2025-04-26,NA,NA,NA
"TER-NFBF-T-01",2025-04-27,NA,NA,NA
"TER-NFBF-T-01",2025-04-28,NA,NA,NA
"TER-NFBF-T-01",2025-04-29,NA,NA,NA
"TER-NFBF-T-01",2025-04-30,NA,NA,NA
"TER-NFBF-T-01",2025-05-01,NA,NA,NA
"TER-NFBF-T-01",2025-05-02,NA,NA,NA
"TER-NFBF-T-01",2025-05-03,NA,NA,NA
"TER-NFBF-T-01",2025-05-04,NA,NA,NA
"TER-NFBF-T-01",2025-05-05,NA,NA,NA
"TER-NFBF-T-01",2025-05-06,NA,NA,NA
"TER-NFBF-T-01",2025-05-07,NA,NA,NA
"TER-NFBF-T-01",2025-05-08,NA,NA,NA
"TER-NFBF-T-01",2025-05-09,NA,NA,NA
"TER-NFBF-T-01",2025-05-10,NA,NA,NA
"TER-NFBF-T-01",2025-05-11,NA,NA,NA
"TER-NFBF-T-01",2025-05-12,NA,NA,NA
"TER-NFBF-T-01",2025-05-13,NA,NA,NA
"TER-NFBF-T-01",2025-05-14,NA,NA,NA
"TER-NFBF-T-01",2025-05-15,NA,NA,NA
"TER-NFBF-T-01",2025-05-16,NA,NA,NA
"TER-NFBF-T-01",2025-05-17,NA,NA,NA
"TER-NFBF-T-01",2025-05-18,NA,NA,NA
"TER-NFBF-T-01",2025-05-19,NA,NA,NA
"TER-NFBF-T-01",2025-05-20,NA,NA,NA
"TER-NFBF-T-01",2025-05-21,NA,NA,NA
"TER-NFBF-T-01",2025-05-22,NA,NA,NA
"TER-NFBF-T-01",2025-05-23,NA,NA,NA
"TER-NFBF-T-01",2025-05-24,NA,NA,NA
"TER-NFBF-T-01",2025-05-25,NA,NA,NA
"TER-NFBF-T-01",2025-05-26,NA,NA,NA
"TER-NFBF-T-01",2025-05-27,NA,NA,NA
"TER-NFBF-T-01",2025-05-28,NA,NA,NA
"TER-NFBF-T-01",2025-05-29,NA,NA,NA
"TER-NFBF-T-01",2025-05-30,NA,NA,NA
"TER-NFBF-T-01",2025-05-31,NA,NA,NA
"TER-NFBF-T-01",2025-06-01,NA,NA,NA
"TER-NFBF-T-01",2025-06-02,NA,NA,NA
"TER-NFBF-T-01",2025-06-03,NA,NA,NA
"TER-NFBF-T-01",2025-06-04,NA,NA,NA
"TER-NFBF-T-01",2025-06-05,NA,NA,NA
"TER-NFBF-T-01",2025-06-06,NA,NA,NA
"TER-NFBF-T-01",2025-06-07,NA,NA,NA
"TER-NFBF-T-01",2025-06-08,NA,NA,NA
"TER-NFBF-T-01",2025-06-09,NA,NA,NA
"TER-NFBF-T-01",2025-06-10,NA,NA,NA
"TER-NFBF-T-01",2025-06-11,NA,NA,NA
"TER-NFBF-T-01",2025-06-12,NA,NA,NA
"TER-NFBF-T-02",2023-08-09,NA,NA,NA
"TER-NFBF-T-02",2023-08-10,NA,NA,NA
"TER-NFBF-T-02",2023-08-11,0.0335728625937902,0.0874849177858522,0.187716886762801
"TER-NFBF-T-02",2023-08-12,0.00690232159384643,0.0243697270590801,0.0671364622006965
"TER-NFBF-T-02",2023-08-13,0.0305780942959418,0.0604423467229444,0.167264431762331
"TER-NFBF-T-02",2023-08-14,0.0739990519718108,0.244137323089504,0.407224456381916
"TER-NFBF-T-02",2023-08-15,0.100414202325549,0.216943585553102,0.340930553592186
"TER-NFBF-T-02",2023-08-16,0.276153093585626,0.278890720161253,0.421597878506949
"TER-NFBF-T-02",2023-08-17,0.0618819853084831,0.133555372694172,0.200905310448589
"TER-NFBF-T-02",2023-08-18,0.0228903423644738,0.059095785036466,0.146612898103806
"TER-NFBF-T-02",2023-08-19,0.0841199596544923,0.192223378610152,0.323018354386825
"TER-NFBF-T-02",2023-08-20,0.0270620227237835,0.0545236078981548,0.113668965663604
"TER-NFBF-T-02",2023-08-21,0.00617846887064609,0,0.0154758223810493
"TER-NFBF-T-02",2023-08-22,0.00968642990919401,0.00434810510251824,0.107451681543023
"TER-NFBF-T-02",2023-08-23,0.0123832828013578,0,0.0605818122530479
"TER-NFBF-T-02",2023-08-24,0.00526798727470074,0,0.0850114758648839
"TER-NFBF-T-02",2023-08-25,0.00367016046258426,0,0.0211462464842082
"TER-NFBF-T-02",2023-08-26,0.00638222789573299,0,0.076463432939777
"TER-NFBF-T-02",2023-08-27,0.00583823763617022,0.00765791728336885,0.0797200537540102
"TER-NFBF-T-02",2023-08-28,0.00372826917980121,0.0343735695351595,0.103890254926604
"TER-NFBF-T-02",2023-08-29,0.0105479300028501,0.0780926716293948,0.178876646785311
"TER-NFBF-T-02",2023-08-30,0.0173502044690132,0.179111819939319,0.247090233250282
"TER-NFBF-T-02",2023-08-31,0.0410893033702211,0.141325205676048,0.253781387411977
"TER-NFBF-T-02",2023-09-01,0.0741121281569433,0.214295449421479,0.35249002417584
"TER-NFBF-T-02",2023-09-02,0.0434466706724222,0.163422285496757,0.221775896891012
"TER-NFBF-T-02",2023-09-03,0.0723883092612392,0.176973855580589,0.278301076400571
"TER-NFBF-T-02",2023-09-04,0.015281346118466,0.0647979382740156,0.123272719315338
"TER-NFBF-T-02",2023-09-05,0.0518668517897283,0.0833713161376303,0.169868367173743
"TER-NFBF-T-02",2023-09-06,0.00575511895437155,0,0.010940636721854
"TER-NFBF-T-02",2023-09-07,0.00340660938531006,0,0.010173406652602
"TER-NFBF-T-02",2023-09-08,0.00627987233960592,0,0.0219066980639743
"TER-NFBF-T-02",2023-09-09,0.00647725025406131,0.045294609979096,0.127309202583174
"TER-NFBF-T-02",2023-09-10,0.00817334718825011,0.100546463272883,0.181625103464867
"TER-NFBF-T-02",2023-09-11,0.00951539059340127,0.143826932811609,0.200082446126688
"TER-NFBF-T-02",2023-09-12,0.047048224147812,0.132308289153651,0.202308921418972
"TER-NFBF-T-02",2023-09-13,0.0193780336165198,0,0.0310582817251178
"TER-NFBF-T-02",2023-09-14,0.00572945735701077,0,0.0107974000532218
"TER-NFBF-T-02",2023-09-15,0.00927021992303998,0.0272134371766336,0.068288719620749
"TER-NFBF-T-02",2023-09-16,0.00452671741128569,0.116620466848608,0.125817394173593
"TER-NFBF-T-02",2023-09-17,0.00380439565373714,0.0487320976697506,0.0892899060096981
"TER-NFBF-T-02",2023-09-18,0.0401398527826593,0.222076425649366,0.210794629660775
"TER-NFBF-T-02",2023-09-19,0.0300155643198364,0.0483822949700939,0.0889901710135959
"TER-NFBF-T-02",2023-09-20,0.010412914142199,0,0.0145097199875452
"TER-NFBF-T-02",2023-09-21,0.026476076971489,0.07758575090917,0.134668596192252
"TER-NFBF-T-02",2023-09-22,0.00838375072056557,0.082190901171723,0.125620899179279
"TER-NFBF-T-02",2023-09-23,0.00767948636861267,0.0189783452477659,0.100663994365481
"TER-NFBF-T-02",2023-09-24,0.0128577819139783,0.0618424082954506,0.130560310472021
"TER-NFBF-T-02",2023-09-25,0.00593285624764978,0.14330273047957,0.215560254781364
"TER-NFBF-T-02",2023-09-26,0.00368551573286546,0.00632057649461053,0.0274777006138103
"TER-NFBF-T-02",2023-09-27,0.00648385195414007,0,0.0332247904589122
"TER-NFBF-T-02",2023-09-28,0.00411766160581098,0,0.0150345763721653
"TER-NFBF-T-02",2023-09-29,0.00408442594739511,0,0.0075384622171446
"TER-NFBF-T-02",2023-09-30,0.00520538423876961,0,0.0148189955293209
"TER-NFBF-T-02",2023-10-01,0.00268657923139996,0.0241914718064629,0.118622323347417
"TER-NFBF-T-02",2023-10-02,0.00504963764792707,0.0285592551028957,0.0259144532934962
"TER-NFBF-T-02",2023-10-03,0.00408941244552988,0.0431471134281942,0.0866911453501113
"TER-NFBF-T-02",2023-10-04,0.00436924547615628,0,0.0101657673579866
"TER-NFBF-T-02",2023-10-05,0.00623386924300369,0,0.0249996362927783
"TER-NFBF-T-02",2023-10-06,0.00462348220010669,0,0.00679025444288906
"TER-NFBF-T-02",2023-10-07,0.00347115385376371,0,0.060295581161151
"TER-NFBF-T-02",2023-10-08,0.00249454700209056,0,0.0338766220186972
"TER-NFBF-T-02",2023-10-09,0.00371200162644671,0,0.0129138176248622
"TER-NFBF-T-02",2023-10-10,0.00285004506901678,0,0.010810959814232
"TER-NFBF-T-02",2023-10-11,0.00323337651101921,0,0.0379676253270317
"TER-NFBF-T-02",2023-10-12,0.00396859915616224,0,0.0187174710985195
"TER-NFBF-T-02",2023-10-13,0.00382869987784035,0,0.0222247883707788
"TER-NFBF-T-02",2023-10-14,0.00500808934428444,0,0.0294047656621346
"TER-NFBF-T-02",2023-10-15,0.0038206768898018,0,0.00852646292225487
"TER-NFBF-T-02",2023-10-16,0.000822508060280732,0,0.00755248257914972
"TER-NFBF-T-02",2023-10-17,0.0033193174147519,0,0.0543127897714214
"TER-NFBF-T-02",2023-10-18,0.0032163570453155,0,0.0666554947682736
"TER-NFBF-T-02",2023-10-19,0.0021126316276874,0,0.0438998082190797
"TER-NFBF-T-02",2023-10-20,0.0041187449957684,0,0.00829116029033606
"TER-NFBF-T-02",2023-10-21,0.00425303990474872,NA,0.0290380438047451
"TER-NFBF-T-02",2023-10-22,0.00472918242066799,NA,0.0185271579428696
"TER-NFBF-T-02",2023-10-23,0.00334268989485589,NA,0.0974705161079696
"TER-NFBF-T-02",2023-10-24,0.00259346366791181,NA,0.0272140389554606
"TER-NFBF-T-02",2023-10-25,0.000783615224501216,NA,0.00964789953222596
"TER-NFBF-T-02",2023-10-26,0.0028671282796021,NA,0.0235426132155227
"TER-NFBF-T-02",2023-10-27,0.00304568768522435,NA,0.0432091093130707
"TER-NFBF-T-02",2023-10-28,0.00639925834595973,NA,0.0115473251363793
"TER-NFBF-T-02",2023-10-29,0.0029519785997898,NA,0.0396146482200071
"TER-NFBF-T-02",2023-10-30,0.00314454849100393,NA,0.0654066868706137
"TER-NFBF-T-02",2023-10-31,0.00297252215831804,NA,0.0173159936185605
"TER-NFBF-T-02",2023-11-01,0,NA,0.0798897112204587
"TER-NFBF-T-02",2023-11-02,0,NA,0.0768053502346466
"TER-NFBF-T-02",2023-11-03,NA,NA,0.0904450125721944
"TER-NFBF-T-02",2023-11-04,NA,NA,0.0285087832371464
"TER-NFBF-T-02",2023-11-05,NA,NA,0.0228113858455582
"TER-NFBF-T-02",2023-11-06,NA,NA,0.0787635295898766
"TER-NFBF-T-02",2023-11-07,NA,NA,0.025452916408551
"TER-NFBF-T-02",2023-11-08,NA,NA,0.00690432296967171
"TER-NFBF-T-02",2023-11-09,NA,NA,0.0110291652758606
"TER-NFBF-T-02",2023-11-10,NA,NA,0.00418732742067145
"TER-NFBF-T-02",2023-11-11,NA,NA,0.0275817792085396
"TER-NFBF-T-02",2023-11-12,NA,NA,0.0180920540515103
"TER-NFBF-T-02",2023-11-13,NA,NA,0.00641459109274853
"TER-NFBF-T-02",2023-11-14,NA,NA,0.0052342671826864
"TER-NFBF-T-02",2023-11-15,NA,NA,0.00291006656224899
"TER-NFBF-T-02",2023-11-16,NA,NA,0.00383292852260506
"TER-NFBF-T-02",2023-11-17,NA,NA,0.00805843746905672
"TER-NFBF-T-02",2023-11-18,NA,NA,0.0408327871490753
"TER-NFBF-T-02",2023-11-19,NA,NA,0.00724866425325503
"TER-NFBF-T-02",2023-11-20,NA,NA,0.00998665161010421
"TER-NFBF-T-02",2023-11-21,NA,NA,0.015015341822354
"TER-NFBF-T-02",2023-11-22,NA,NA,0.0281453758758811
"TER-NFBF-T-02",2023-11-23,NA,NA,0.0364377658889355
"TER-NFBF-T-02",2023-11-24,NA,NA,0.0127822781323335
"TER-NFBF-T-02",2023-11-25,NA,NA,0.00494574218251593
"TER-NFBF-T-02",2023-11-26,NA,NA,0.00527250366155789
"TER-NFBF-T-02",2023-11-27,NA,NA,0.00653231645006352
"TER-NFBF-T-02",2023-11-28,NA,NA,0.00301250908320661
"TER-NFBF-T-02",2023-11-29,NA,NA,0.00304227379878811
"TER-NFBF-T-02",2023-11-30,NA,NA,0.0369629767188199
"TER-NFBF-T-02",2023-12-01,NA,NA,0.0444887205478812
"TER-NFBF-T-02",2023-12-02,NA,NA,0.0228826568237788
"TER-NFBF-T-02",2023-12-03,NA,NA,0.0366405166448798
"TER-NFBF-T-02",2023-12-04,NA,NA,0.052574989522662
"TER-NFBF-T-02",2023-12-05,NA,NA,0.0189878368762982
"TER-NFBF-T-02",2023-12-06,NA,NA,0.00312858757428474
"TER-NFBF-T-02",2023-12-07,NA,NA,0.0358884757522476
"TER-NFBF-T-02",2023-12-08,NA,NA,0.00401060149974361
"TER-NFBF-T-02",2023-12-09,NA,NA,0.00480536475185513
"TER-NFBF-T-02",2023-12-10,NA,NA,0.00579021947903345
"TER-NFBF-T-02",2023-12-11,NA,NA,NA
"TER-NFBF-T-02",2023-12-12,0,0,0.0232535751044485
"TER-NFBF-T-02",2023-12-13,0,0,0.0103894418132994
"TER-NFBF-T-02",2023-12-14,0,0,0.00861888638529304
"TER-NFBF-T-02",2023-12-15,0,0,0.00835847368303572
"TER-NFBF-T-02",2023-12-16,NA,0,0.00319374124497238
"TER-NFBF-T-02",2023-12-17,NA,0,0.00433378830815169
"TER-NFBF-T-02",2023-12-18,NA,0,0.00718650754614192
"TER-NFBF-T-02",2023-12-19,NA,0,0.00441820575933604
"TER-NFBF-T-02",2023-12-20,NA,0,0.017382538344109
"TER-NFBF-T-02",2023-12-21,NA,0,0.00533174613165402
"TER-NFBF-T-02",2023-12-22,NA,0,0.0324847904802425
"TER-NFBF-T-02",2023-12-23,NA,0.00846644756041868,0.0411141930885928
"TER-NFBF-T-02",2023-12-24,NA,0.0315413251253329,0.0345155912580454
"TER-NFBF-T-02",2023-12-25,NA,0,0.00791289773970916
"TER-NFBF-T-02",2023-12-26,NA,0,0.00774224496739531
"TER-NFBF-T-02",2023-12-27,NA,0,0.0111827340798898
"TER-NFBF-T-02",2023-12-28,NA,0,0.0233908906196687
"TER-NFBF-T-02",2023-12-29,NA,0,0.0220915123895669
"TER-NFBF-T-02",2023-12-30,NA,0,0.0301199624612852
"TER-NFBF-T-02",2023-12-31,NA,0.0042945408516496,0.0410968333798426
"TER-NFBF-T-02",2024-01-01,NA,0,0.00787255547260157
"TER-NFBF-T-02",2024-01-02,NA,0,0.011502683579388
"TER-NFBF-T-02",2024-01-03,NA,0,0.0341364984559067
"TER-NFBF-T-02",2024-01-04,NA,0,0.014931327238687
"TER-NFBF-T-02",2024-01-05,NA,0,0.0140474278110234
"TER-NFBF-T-02",2024-01-06,NA,0,0.0211346862582582
"TER-NFBF-T-02",2024-01-07,NA,0,0.0236230792878316
"TER-NFBF-T-02",2024-01-08,NA,0,0.0219112555533755
"TER-NFBF-T-02",2024-01-09,NA,0,NA
"TER-NFBF-T-02",2024-01-10,NA,0,NA
"TER-NFBF-T-02",2024-01-11,NA,0,NA
"TER-NFBF-T-02",2024-01-12,NA,0,NA
"TER-NFBF-T-02",2024-01-13,NA,0,NA
"TER-NFBF-T-02",2024-01-14,NA,0,NA
"TER-NFBF-T-02",2024-01-15,NA,0,NA
"TER-NFBF-T-02",2024-01-16,NA,0,NA
"TER-NFBF-T-02",2024-01-17,NA,0,NA
"TER-NFBF-T-02",2024-01-18,NA,0,NA
"TER-NFBF-T-02",2024-01-19,NA,0,NA
"TER-NFBF-T-02",2024-01-20,NA,0,NA
"TER-NFBF-T-02",2024-01-21,NA,0,NA
"TER-NFBF-T-02",2024-01-22,NA,0,NA
"TER-NFBF-T-02",2024-01-23,NA,0,NA
"TER-NFBF-T-02",2024-01-24,NA,0,NA
"TER-NFBF-T-02",2024-01-25,NA,0,NA
"TER-NFBF-T-02",2024-01-26,NA,0,NA
"TER-NFBF-T-02",2024-01-27,NA,0,NA
"TER-NFBF-T-02",2024-01-28,NA,0,NA
"TER-NFBF-T-02",2024-01-29,NA,0,NA
"TER-NFBF-T-02",2024-01-30,NA,0,NA
"TER-NFBF-T-02",2024-01-31,NA,0,NA
"TER-NFBF-T-02",2024-02-01,NA,0,NA
"TER-NFBF-T-02",2024-02-02,NA,0,NA
"TER-NFBF-T-02",2024-02-03,NA,0.0231305316541995,NA
"TER-NFBF-T-02",2024-02-04,NA,0,NA
"TER-NFBF-T-02",2024-02-05,NA,0,NA
"TER-NFBF-T-02",2024-02-06,NA,0,NA
"TER-NFBF-T-02",2024-02-07,NA,0,NA
"TER-NFBF-T-02",2024-02-08,NA,0,NA
"TER-NFBF-T-02",2024-02-09,NA,0,NA
"TER-NFBF-T-02",2024-02-10,NA,0,NA
"TER-NFBF-T-02",2024-02-11,NA,NA,NA
"TER-NFBF-T-02",2024-02-12,NA,NA,NA
"TER-NFBF-T-02",2024-02-13,NA,NA,NA
"TER-NFBF-T-02",2024-02-14,NA,NA,NA
"TER-NFBF-T-02",2024-02-15,NA,NA,NA
"TER-NFBF-T-02",2024-02-16,NA,NA,NA
"TER-NFBF-T-02",2024-02-17,NA,NA,NA
"TER-NFBF-T-02",2024-02-18,NA,NA,NA
"TER-NFBF-T-02",2024-02-19,NA,NA,NA
"TER-NFBF-T-02",2024-02-20,NA,NA,NA
"TER-NFBF-T-02",2024-02-21,NA,NA,NA
"TER-NFBF-T-02",2024-02-22,NA,NA,NA
"TER-NFBF-T-02",2024-02-23,NA,NA,NA
"TER-NFBF-T-02",2024-02-24,NA,NA,NA
"TER-NFBF-T-02",2024-02-25,NA,NA,NA
"TER-NFBF-T-02",2024-02-26,NA,NA,NA
"TER-NFBF-T-02",2024-02-27,NA,NA,NA
"TER-NFBF-T-02",2024-02-28,NA,NA,NA
"TER-NFBF-T-02",2024-02-29,NA,NA,NA
"TER-NFBF-T-02",2024-03-01,NA,NA,NA
"TER-NFBF-T-02",2024-03-02,NA,NA,NA
"TER-NFBF-T-02",2024-03-03,NA,NA,NA
"TER-NFBF-T-02",2024-03-04,NA,NA,NA
"TER-NFBF-T-02",2024-03-05,NA,NA,NA
"TER-NFBF-T-02",2024-03-06,NA,NA,NA
"TER-NFBF-T-02",2024-03-07,NA,NA,NA
"TER-NFBF-T-02",2024-03-08,NA,NA,NA
"TER-NFBF-T-02",2024-03-09,NA,NA,NA
"TER-NFBF-T-02",2024-03-10,NA,NA,NA
"TER-NFBF-T-02",2024-03-11,NA,NA,NA
"TER-NFBF-T-02",2024-03-12,NA,NA,NA
"TER-NFBF-T-02",2024-03-13,0.00509092089289772,NA,NA
"TER-NFBF-T-02",2024-03-14,0,NA,NA
"TER-NFBF-T-02",2024-03-15,0,NA,NA
"TER-NFBF-T-02",2024-03-16,0,NA,NA
"TER-NFBF-T-02",2024-03-17,0,NA,NA
"TER-NFBF-T-02",2024-03-18,0,NA,NA
"TER-NFBF-T-02",2024-03-19,0,NA,NA
"TER-NFBF-T-02",2024-03-20,0.0224015707533245,NA,NA
"TER-NFBF-T-02",2024-03-21,0.00893161642624178,NA,NA
"TER-NFBF-T-02",2024-03-22,0,NA,NA
"TER-NFBF-T-02",2024-03-23,0,NA,NA
"TER-NFBF-T-02",2024-03-24,0,NA,NA
"TER-NFBF-T-02",2024-03-25,0,NA,NA
"TER-NFBF-T-02",2024-03-26,0,NA,NA
"TER-NFBF-T-02",2024-03-27,0,NA,NA
"TER-NFBF-T-02",2024-03-28,0.0121103438471215,NA,NA
"TER-NFBF-T-02",2024-03-29,0.0042329825579698,NA,NA
"TER-NFBF-T-02",2024-03-30,0.00247559091929497,NA,NA
"TER-NFBF-T-02",2024-03-31,0.00641498453723442,NA,NA
"TER-NFBF-T-02",2024-04-01,0.0201623456624626,NA,NA
"TER-NFBF-T-02",2024-04-02,0.00609232402771256,NA,NA
"TER-NFBF-T-02",2024-04-03,0.0104945081418589,NA,NA
"TER-NFBF-T-02",2024-04-04,0.00801432134251192,NA,NA
"TER-NFBF-T-02",2024-04-05,0.00597475592816474,NA,NA
"TER-NFBF-T-02",2024-04-06,0.0100804763625683,NA,NA
"TER-NFBF-T-02",2024-04-07,0.00445389896145572,NA,NA
"TER-NFBF-T-02",2024-04-08,0.0100334892197348,NA,NA
"TER-NFBF-T-02",2024-04-09,0.00235497792040615,NA,NA
"TER-NFBF-T-02",2024-04-10,0.00556572283844847,NA,NA
"TER-NFBF-T-02",2024-04-11,0.0538387388351231,NA,NA
"TER-NFBF-T-02",2024-04-12,0.0107053336976385,NA,NA
"TER-NFBF-T-02",2024-04-13,0.00424564255529516,NA,NA
"TER-NFBF-T-02",2024-04-14,0.000416789593718479,NA,NA
"TER-NFBF-T-02",2024-04-15,0.00213521553360555,NA,NA
"TER-NFBF-T-02",2024-04-16,0.0148706950003453,NA,NA
"TER-NFBF-T-02",2024-04-17,0.0132644921302109,NA,NA
"TER-NFBF-T-02",2024-04-18,0.0176537147342742,NA,NA
"TER-NFBF-T-02",2024-04-19,0.00593486258214854,NA,NA
"TER-NFBF-T-02",2024-04-20,0.00691252678884122,NA,NA
"TER-NFBF-T-02",2024-04-21,0.00333800269020922,NA,NA
"TER-NFBF-T-02",2024-04-22,0.00502035671194687,NA,NA
"TER-NFBF-T-02",2024-04-23,0.00335939525173138,NA,NA
"TER-NFBF-T-02",2024-04-24,0.0142635143696467,NA,NA
"TER-NFBF-T-02",2024-04-25,0.010966440279978,NA,NA
"TER-NFBF-T-02",2024-04-26,0.00642593090543337,NA,NA
"TER-NFBF-T-02",2024-04-27,0.00761644760439852,NA,NA
"TER-NFBF-T-02",2024-04-28,0.0112726229908223,NA,NA
"TER-NFBF-T-02",2024-04-29,0.0449519895364025,NA,NA
"TER-NFBF-T-02",2024-04-30,0.0384114527233033,NA,NA
"TER-NFBF-T-02",2024-05-01,0,NA,NA
"TER-NFBF-T-02",2024-05-02,0,NA,NA
"TER-NFBF-T-02",2024-05-03,0,NA,NA
"TER-NFBF-T-02",2024-05-04,0.0238703153071441,NA,NA
"TER-NFBF-T-02",2024-05-05,0,NA,NA
"TER-NFBF-T-02",2024-05-06,0,NA,NA
"TER-NFBF-T-02",2024-05-07,0,NA,NA
"TER-NFBF-T-02",2024-05-08,0,NA,NA
"TER-NFBF-T-02",2024-05-09,0,NA,NA
"TER-NFBF-T-02",2024-05-10,0.0208595911795595,NA,NA
"TER-NFBF-T-02",2024-05-11,0.00792371534932263,NA,NA
"TER-NFBF-T-02",2024-05-12,0.102869420855572,NA,NA
"TER-NFBF-T-02",2024-05-13,0,NA,NA
"TER-NFBF-T-02",2024-05-14,0.014606609952074,NA,NA
"TER-NFBF-T-02",2024-05-15,0,NA,NA
"TER-NFBF-T-02",2024-05-16,0,NA,NA
"TER-NFBF-T-02",2024-05-17,0,NA,NA
"TER-NFBF-T-02",2024-05-18,0,NA,NA
"TER-NFBF-T-02",2024-05-19,0.00788842938596713,NA,NA
"TER-NFBF-T-02",2024-05-20,0,NA,NA
"TER-NFBF-T-02",2024-05-21,0,NA,NA
"TER-NFBF-T-02",2024-05-22,0,NA,NA
"TER-NFBF-T-02",2024-05-23,0,NA,NA
"TER-NFBF-T-02",2024-05-24,0,NA,NA
"TER-NFBF-T-02",2024-05-25,0.0705858583372573,NA,NA
"TER-NFBF-T-02",2024-05-26,0.00742374840667191,NA,NA
"TER-NFBF-T-02",2024-05-27,0.0127195437601213,NA,NA
"TER-NFBF-T-02",2024-05-28,0.0749652224391568,NA,NA
"TER-NFBF-T-02",2024-05-29,0,NA,NA
"TER-NFBF-T-02",2024-05-30,0.0217405255125912,NA,NA
"TER-NFBF-T-02",2024-05-31,0,NA,NA
"TER-NFBF-T-02",2024-06-01,0,NA,NA
"TER-NFBF-T-02",2024-06-02,0,NA,NA
"TER-NFBF-T-02",2024-06-03,0,NA,NA
"TER-NFBF-T-02",2024-06-04,0,NA,NA
"TER-NFBF-T-02",2024-06-05,0,NA,NA
"TER-NFBF-T-02",2024-06-06,0,NA,NA
"TER-NFBF-T-02",2024-06-07,0,NA,NA
"TER-NFBF-T-02",2024-06-08,0.0389580842605984,NA,NA
"TER-NFBF-T-02",2024-06-09,0,NA,NA
"TER-NFBF-T-02",2024-06-10,0,NA,NA
"TER-NFBF-T-02",2024-06-11,0,NA,NA
"TER-NFBF-T-02",2024-06-12,0.230831803398841,NA,NA
"TER-NFBF-T-02",2024-06-13,0,NA,NA
"TER-NFBF-T-02",2024-06-14,0,NA,NA
"TER-NFBF-T-02",2024-06-15,0.0647820834034897,NA,NA
"TER-NFBF-T-02",2024-06-16,0.0473062451735838,NA,NA
"TER-NFBF-T-02",2024-06-17,0,NA,NA
"TER-NFBF-T-02",2024-06-18,0.0455752656145458,0.135325019088932,0.150668948400688
"TER-NFBF-T-02",2024-06-19,0.0813619490036204,0.215314217351681,0.246047247977701
"TER-NFBF-T-02",2024-06-20,0.13326472787814,0.318194516429806,0.302520584158653
"TER-NFBF-T-02",2024-06-21,0.219396303463216,0.385383034142405,0.385622973852808
"TER-NFBF-T-02",2024-06-22,0,0.1196649553146,0.0910518238737138
"TER-NFBF-T-02",2024-06-23,0,0.110399664978683,0.0898631914725994
"TER-NFBF-T-02",2024-06-24,0,0.0146325567057017,0
"TER-NFBF-T-02",2024-06-25,0,0.238711953121418,0.188214076890041
"TER-NFBF-T-02",2024-06-26,0,0.345853921677038,0.384900387563534
"TER-NFBF-T-02",2024-06-27,0,0.0929941512587643,0.0768983374695426
"TER-NFBF-T-02",2024-06-28,0.120494182854047,0.27732736514136,0.269012933831573
"TER-NFBF-T-02",2024-06-29,0,0.0711068321636055,0.0477177019104561
"TER-NFBF-T-02",2024-06-30,0,0.0401875434345452,0.00972001128142931
"TER-NFBF-T-02",2024-07-01,0.15416518761135,0.330185289066026,0.332188811533973
"TER-NFBF-T-02",2024-07-02,0.0903987590350749,0.289094226051318,0.322061598853388
"TER-NFBF-T-02",2024-07-03,0.0450340903745883,0.185099348982471,0.183235631305236
"TER-NFBF-T-02",2024-07-04,0.277851363727579,0.335036543637803,0.378173245270621
"TER-NFBF-T-02",2024-07-05,0.236623366695143,0.31267825965127,0.352512172775788
"TER-NFBF-T-02",2024-07-06,0.0246576577289284,0.101950731135592,0.0906332734149815
"TER-NFBF-T-02",2024-07-07,0.0821792602715602,0.189011181035521,0.167292846286378
"TER-NFBF-T-02",2024-07-08,0,0.0264382391892049,0
"TER-NFBF-T-02",2024-07-09,0,0.0281930114541549,0
"TER-NFBF-T-02",2024-07-10,0,0.119282493101587,0.102536713049322
"TER-NFBF-T-02",2024-07-11,0.0747376556389545,0.182854239508547,0.201638064354578
"TER-NFBF-T-02",2024-07-12,0,0.0242669884223941,0
"TER-NFBF-T-02",2024-07-13,0,0.0213740619472743,0.0242614939277898
"TER-NFBF-T-02",2024-07-14,0,0.245859401777097,0.264550967069185
"TER-NFBF-T-02",2024-07-15,0,0.0215984502518417,0
"TER-NFBF-T-02",2024-07-16,0,0.113808378630008,0.102446740620635
"TER-NFBF-T-02",2024-07-17,0,0.0107221761195389,0
"TER-NFBF-T-02",2024-07-18,0,0.0946121223165194,0.0706150943910202
"TER-NFBF-T-02",2024-07-19,0,0.292868976400634,0.283461432657706
"TER-NFBF-T-02",2024-07-20,0.0423287278305101,0.261042052234113,0.288447052254124
"TER-NFBF-T-02",2024-07-21,0.0597009835720638,0.256193516103393,0.315117041987641
"TER-NFBF-T-02",2024-07-22,0.0460965310972674,0.248227868609244,0.27204200936191
"TER-NFBF-T-02",2024-07-23,0.11392011881657,0.289395809159151,0.29233096980835
"TER-NFBF-T-02",2024-07-24,0.0372111275824827,0.236887569757228,0.239958528393902
"TER-NFBF-T-02",2024-07-25,0.207661097722377,0.346115822818229,0.34113606894168
"TER-NFBF-T-02",2024-07-26,0.0560312212653728,0.136712982930445,0.134962694690147
"TER-NFBF-T-02",2024-07-27,0.0141631911378818,0.181766307544693,0.156377685502296
"TER-NFBF-T-02",2024-07-28,0.0248226879014386,0.171711201662922,0.152699396488986
"TER-NFBF-T-02",2024-07-29,0,0.171740887021153,0.151815509822613
"TER-NFBF-T-02",2024-07-30,0.00362443918552172,0.0575261241753552,0.0314532458660719
"TER-NFBF-T-02",2024-07-31,0,0.0531456794195714,0.0220931257832189
"TER-NFBF-T-02",2024-08-01,0.00304668255575726,0.216748062625993,0.189792862081683
"TER-NFBF-T-02",2024-08-02,0.0360358180281296,0.228712072974416,0.205579518388518
"TER-NFBF-T-02",2024-08-03,0.0239237612236047,0.202148885950879,0.209361484821666
"TER-NFBF-T-02",2024-08-04,0.237171282377984,0.413363764246066,0.443786433111272
"TER-NFBF-T-02",2024-08-05,0.184908345342939,0.363865074843043,0.402428537327478
"TER-NFBF-T-02",2024-08-06,0,0.0447300159735179,0.0626034972854236
"TER-NFBF-T-02",2024-08-07,0.0161014625429019,0.22986411248026,0.212332777839267
"TER-NFBF-T-02",2024-08-08,0.216811638288934,0.33049200208204,0.375659254495962
"TER-NFBF-T-02",2024-08-09,0.0349583206239255,0.195623094146498,0.276911464730126
"TER-NFBF-T-02",2024-08-10,0.0642894570145871,0.132995425158694,0.128462286109609
"TER-NFBF-T-02",2024-08-11,0,0.0492465756462625,0.0668843205325446
"TER-NFBF-T-02",2024-08-12,0.0991276959597715,0.275527819911769,0.315707400116238
"TER-NFBF-T-02",2024-08-13,0.0413851633169717,0.206746425004273,0.172818857059692
"TER-NFBF-T-02",2024-08-14,0.281232151619664,0.419031098741998,0.412558038443963
"TER-NFBF-T-02",2024-08-15,0.208158974172682,0.329250971449213,0.343310380100104
"TER-NFBF-T-02",2024-08-16,0.157593725144709,0.284848046499013,0.28667913923402
"TER-NFBF-T-02",2024-08-17,0.136670801924133,0.187726241654975,0.238125199408206
"TER-NFBF-T-02",2024-08-18,NA,NA,NA
"TER-NFBF-T-02",2024-08-19,0.194744999409913,0.430935746251728,0.407804181226016
"TER-NFBF-T-02",2024-08-20,0,0.0474195166257356,0
"TER-NFBF-T-02",2024-08-21,0.00278272030432848,0.174491631474964,0.146091759330057
"TER-NFBF-T-02",2024-08-22,0.0233322391524964,0.350259213483376,0.401909764367949
"TER-NFBF-T-02",2024-08-23,0,0.140761001213387,0.0591609794463008
"TER-NFBF-T-02",2024-08-24,0,0.123602644059412,0.190326968654651
"TER-NFBF-T-02",2024-08-25,0.0924144039497169,0.380558900768533,0.343492601337489
"TER-NFBF-T-02",2024-08-26,0,0.126218363112645,0.122486377354088
"TER-NFBF-T-02",2024-08-27,0,0.0843736045928831,0.0338341988511809
"TER-NFBF-T-02",2024-08-28,0.00507792923011825,0.210852512155862,0.270783759722164
"TER-NFBF-T-02",2024-08-29,0.0286756726702165,0.215263839552264,0.312957784006302
"TER-NFBF-T-02",2024-08-30,0.141670050838831,0.429009488163091,0.429109695550085
"TER-NFBF-T-02",2024-08-31,0.0877706601116393,0.214983626635016,0.270490231638293
"TER-NFBF-T-02",2024-09-01,0,0.0376357541801854,0.050009920316552
"TER-NFBF-T-02",2024-09-02,0,0.131249850660465,0.14778612147204
"TER-NFBF-T-02",2024-09-03,0.020659021927464,0.195967357633171,0.27998681178977
"TER-NFBF-T-02",2024-09-04,0.0844955842942752,0.259893471454095,0.162305663204615
"TER-NFBF-T-02",2024-09-05,0.0817950038943136,0.183276293471904,0.172641582260849
"TER-NFBF-T-02",2024-09-06,0.0914657396173109,0.15170996187909,0.163797200364536
"TER-NFBF-T-02",2024-09-07,0.0363311355526051,0.0851030192038381,0.06759424348268
"TER-NFBF-T-02",2024-09-08,0,0.0432928594192267,0.0526157921790532
"TER-NFBF-T-02",2024-09-09,0.0039558214051835,0.0167458172872726,0.0112015540997389
"TER-NFBF-T-02",2024-09-10,0.00217405255125912,0.027987267782253,0.0599159285050582
"TER-NFBF-T-02",2024-09-11,0.00434810510251824,0.0462046676219857,0.117516621886471
"TER-NFBF-T-02",2024-09-12,0.0537422874226936,0.316750478533596,0.329578607656842
"TER-NFBF-T-02",2024-09-13,0.109143738964771,0.259929006261197,0.242425110936653
"TER-NFBF-T-02",2024-09-14,0.0415826231485433,0.12761494201827,0.0917825913552362
"TER-NFBF-T-02",2024-09-15,0.15589477543803,0.297582150162592,0.318373407663901
"TER-NFBF-T-02",2024-09-16,0.00762659098626488,0.0324450904010502,0
"TER-NFBF-T-02",2024-09-17,0.0424598158695632,0.0654839901228191,0.0250743806215595
"TER-NFBF-T-02",2024-09-18,0.0869084906362634,0.180683297538536,0.11452502554841
"TER-NFBF-T-02",2024-09-19,0.0191516089568358,0.0521356598192981,0.0242855640065663
"TER-NFBF-T-02",2024-09-20,0.0133598023886125,0.032908553958046,0.0190962522457152
"TER-NFBF-T-02",2024-09-21,0.0225258974568785,0.0822854842076114,0.16266956795469
"TER-NFBF-T-02",2024-09-22,0.0273254675909393,0.115782000431451,0.087793928602976
"TER-NFBF-T-02",2024-09-23,0.0607633726338921,0.231143179392335,0.198362992881182
"TER-NFBF-T-02",2024-09-24,0.0490711149339606,0.0794826747366263,0.0181660263914257
"TER-NFBF-T-02",2024-09-25,0.023132743241498,0.0155830812866723,0
"TER-NFBF-T-02",2024-09-26,0.0191436281614244,0.0367989265928239,0.0448210660544583
"TER-NFBF-T-02",2024-09-27,0.0153480805741999,0.0201831716865504,0
"TER-NFBF-T-02",2024-09-28,0.0132984859906933,0.0260871452317853,0
"TER-NFBF-T-02",2024-09-29,0.0139934941024082,0.00703076783150694,0
"TER-NFBF-T-02",2024-09-30,0.00904354746468086,0.0138867348019929,0
"TER-NFBF-T-02",2024-10-01,0.007927200757072,0.0147545466873199,0
"TER-NFBF-T-02",2024-10-02,0.00341868571962504,0.0133691935097191,0
"TER-NFBF-T-02",2024-10-03,0.00822101057473066,0.0336657109571212,0
"TER-NFBF-T-02",2024-10-04,0.00745765157981437,0.00330157050415268,0
"TER-NFBF-T-02",2024-10-05,0.0339540439550616,0.01585442979544,0.00462818925293778
"TER-NFBF-T-02",2024-10-06,0.0212969604293651,0.0254392849737945,0.0894884781239465
"TER-NFBF-T-02",2024-10-07,0.0209469420612508,0.0749753145732909,0.0502755509127998
"TER-NFBF-T-02",2024-10-08,0.0375422324322449,0.0573888193605097,0.0105494802280564
"TER-NFBF-T-02",2024-10-09,0.0213782899192362,0.0244062090167466,0
"TER-NFBF-T-02",2024-10-10,0.00720446507820919,0.00652215765377736,0
"TER-NFBF-T-02",2024-10-11,0.00592581313809503,0.0196414044523061,0.0254708001728058
"TER-NFBF-T-02",2024-10-12,0.0288352613331802,0.123731956803333,0.120476529936758
"TER-NFBF-T-02",2024-10-13,0.00905039644941301,0,0
"TER-NFBF-T-02",2024-10-14,0.00472272707674827,0,0
"TER-NFBF-T-02",2024-10-15,0.00571936977106212,0.00236961180047462,0
"TER-NFBF-T-02",2024-10-16,0.0128386957882736,0.0288972756978274,0.0481842266830375
"TER-NFBF-T-02",2024-10-17,0.0211268190201828,0.0798069276061957,0.0502533722868914
"TER-NFBF-T-02",2024-10-18,0.0364617783890932,0.0817038106860404,0.0591459249908676
"TER-NFBF-T-02",2024-10-19,0.00331491260711762,0.00204149230502055,0
"TER-NFBF-T-02",2024-10-20,0.00179746444262547,0,0
"TER-NFBF-T-02",2024-10-21,0,0.0231061821594827,0.0680693272399677
"TER-NFBF-T-02",2024-10-22,0.00548409601025148,0.0555521564619547,0.0248331671335076
"TER-NFBF-T-02",2024-10-23,0.00338517357641014,0,0
"TER-NFBF-T-02",2024-10-24,0,0.040639858769836,0.0899125789399511
"TER-NFBF-T-02",2024-10-25,0,0.103899174672305,0.179383354093069
"TER-NFBF-T-02",2024-10-26,0.00886283696721832,0.0693536680117926,0.0881639579836961
"TER-NFBF-T-02",2024-10-27,NA,0.0497043564478273,0.0362897780571122
"TER-NFBF-T-02",2024-10-28,NA,0.0783742328030536,0.101184294497132
"TER-NFBF-T-02",2024-10-29,NA,0.0274192568964524,0
"TER-NFBF-T-02",2024-10-30,NA,0.0162888883223092,0
"TER-NFBF-T-02",2024-10-31,NA,0.0161082863546437,0
"TER-NFBF-T-02",2024-11-01,NA,0,0
"TER-NFBF-T-02",2024-11-02,NA,0.00907144412272567,0
"TER-NFBF-T-02",2024-11-03,NA,0,0
"TER-NFBF-T-02",2024-11-04,NA,0.00989691631067303,0
"TER-NFBF-T-02",2024-11-05,NA,0,0
"TER-NFBF-T-02",2024-11-06,NA,0,0
"TER-NFBF-T-02",2024-11-07,NA,0.0154944234780002,0
"TER-NFBF-T-02",2024-11-08,NA,0,0
"TER-NFBF-T-02",2024-11-09,NA,0.00692222616159204,0
"TER-NFBF-T-02",2024-11-10,NA,0,0
"TER-NFBF-T-02",2024-11-11,NA,0.0108248294381962,0
"TER-NFBF-T-02",2024-11-12,NA,0,0
"TER-NFBF-T-02",2024-11-13,NA,0,0
"TER-NFBF-T-02",2024-11-14,NA,0,0
"TER-NFBF-T-02",2024-11-15,NA,0.00584158839139796,0
"TER-NFBF-T-02",2024-11-16,NA,0.0110032098798351,0
"TER-NFBF-T-02",2024-11-17,NA,0.00774254608028001,0
"TER-NFBF-T-02",2024-11-18,NA,0,0
"TER-NFBF-T-02",2024-11-19,NA,0.00377985162389422,0
"TER-NFBF-T-02",2024-11-20,NA,0.00986210195931778,0
"TER-NFBF-T-02",2024-11-21,NA,0,0
"TER-NFBF-T-02",2024-11-22,NA,0,0
"TER-NFBF-T-02",2024-11-23,NA,0,0
"TER-NFBF-T-02",2024-11-24,NA,0,0
"TER-NFBF-T-02",2024-11-25,NA,0.022673175633521,0
"TER-NFBF-T-02",2024-11-26,NA,0,0
"TER-NFBF-T-02",2024-11-27,NA,0.00147940336704356,0
"TER-NFBF-T-02",2024-11-28,NA,0.00152869679052884,0
"TER-NFBF-T-02",2024-11-29,NA,0.01111827357713,0
"TER-NFBF-T-02",2024-11-30,NA,0,0
"TER-NFBF-T-02",2024-12-01,NA,0,0
"TER-NFBF-T-02",2024-12-02,NA,0.00507519670521735,0
"TER-NFBF-T-02",2024-12-03,NA,0.0107427585387945,0
"TER-NFBF-T-02",2024-12-04,NA,0.0405630285319311,0.00789746800258117
"TER-NFBF-T-02",2024-12-05,NA,0.0371844902707068,0.00522184609917087
"TER-NFBF-T-02",2024-12-06,NA,0.0144657799356142,0
"TER-NFBF-T-02",2024-12-07,NA,0.004814988221818,0
"TER-NFBF-T-02",2024-12-08,NA,0.00694433766282054,0
"TER-NFBF-T-02",2024-12-09,NA,0.026342233562686,0.00157942877147918
"TER-NFBF-T-02",2024-12-10,NA,0.0393183762962575,0.00907843392265456
"TER-NFBF-T-02",2024-12-11,NA,0,0
"TER-NFBF-T-02",2024-12-12,NA,0,0
"TER-NFBF-T-02",2024-12-13,NA,0,0
"TER-NFBF-T-02",2024-12-14,NA,0.0544846017673535,0.0221443008169829
"TER-NFBF-T-02",2024-12-15,NA,0.0300495985590186,0
"TER-NFBF-T-02",2024-12-16,NA,0,0
"TER-NFBF-T-02",2024-12-17,NA,0,0
"TER-NFBF-T-02",2024-12-18,NA,NA,NA
"TER-NFBF-T-02",2024-12-19,NA,NA,NA
"TER-NFBF-T-02",2024-12-20,NA,NA,NA
"TER-NFBF-T-02",2024-12-21,NA,NA,NA
"TER-NFBF-T-02",2024-12-22,NA,NA,NA
"TER-NFBF-T-02",2024-12-23,NA,NA,NA
"TER-NFBF-T-02",2024-12-24,NA,NA,NA
"TER-NFBF-T-02",2024-12-25,NA,NA,NA
"TER-NFBF-T-02",2024-12-26,NA,NA,NA
"TER-NFBF-T-02",2024-12-27,NA,NA,NA
"TER-NFBF-T-02",2024-12-28,NA,NA,NA
"TER-NFBF-T-02",2024-12-29,NA,NA,NA
"TER-NFBF-T-02",2024-12-30,NA,NA,NA
"TER-NFBF-T-02",2024-12-31,NA,NA,NA
"TER-NFBF-T-02",2025-01-01,NA,NA,NA
"TER-NFBF-T-02",2025-01-02,NA,NA,NA
"TER-NFBF-T-02",2025-01-03,NA,NA,NA
"TER-NFBF-T-02",2025-01-04,NA,NA,NA
"TER-NFBF-T-02",2025-01-05,NA,NA,NA
"TER-NFBF-T-02",2025-01-06,NA,NA,NA
"TER-NFBF-T-02",2025-01-07,NA,NA,NA
"TER-NFBF-T-02",2025-01-08,NA,NA,NA
"TER-NFBF-T-02",2025-01-09,NA,NA,NA
"TER-NFBF-T-02",2025-01-10,NA,NA,NA
"TER-NFBF-T-02",2025-01-11,NA,NA,NA
"TER-NFBF-T-02",2025-01-12,NA,NA,NA
"TER-NFBF-T-02",2025-01-13,NA,NA,NA
"TER-NFBF-T-02",2025-01-14,NA,NA,NA
"TER-NFBF-T-02",2025-01-15,NA,NA,NA
"TER-NFBF-T-02",2025-01-16,NA,NA,NA
"TER-NFBF-T-02",2025-01-17,NA,NA,NA
"TER-NFBF-T-02",2025-01-18,NA,NA,NA
"TER-NFBF-T-02",2025-01-19,NA,NA,NA
"TER-NFBF-T-02",2025-01-20,NA,NA,NA
"TER-NFBF-T-02",2025-01-21,NA,NA,NA
"TER-NFBF-T-02",2025-01-22,NA,NA,NA
"TER-NFBF-T-02",2025-01-23,NA,NA,NA
"TER-NFBF-T-02",2025-01-24,NA,NA,NA
"TER-NFBF-T-02",2025-01-25,NA,NA,NA
"TER-NFBF-T-02",2025-01-26,NA,NA,NA
"TER-NFBF-T-02",2025-01-27,NA,NA,NA
"TER-NFBF-T-02",2025-01-28,NA,NA,NA
"TER-NFBF-T-02",2025-01-29,NA,NA,NA
"TER-NFBF-T-02",2025-01-30,NA,NA,NA
"TER-NFBF-T-02",2025-01-31,NA,NA,NA
"TER-NFBF-T-02",2025-02-01,NA,NA,NA
"TER-NFBF-T-02",2025-02-02,NA,NA,NA
"TER-NFBF-T-02",2025-02-03,NA,NA,NA
"TER-NFBF-T-02",2025-02-04,NA,NA,NA
"TER-NFBF-T-02",2025-02-05,NA,NA,NA
"TER-NFBF-T-02",2025-02-06,NA,NA,NA
"TER-NFBF-T-02",2025-02-07,NA,NA,NA
"TER-NFBF-T-02",2025-02-08,NA,NA,NA
"TER-NFBF-T-02",2025-02-09,NA,NA,NA
"TER-NFBF-T-02",2025-02-10,NA,NA,NA
"TER-NFBF-T-02",2025-02-11,NA,NA,NA
"TER-NFBF-T-02",2025-02-12,NA,NA,NA
"TER-NFBF-T-02",2025-02-13,NA,NA,NA
"TER-NFBF-T-02",2025-02-14,NA,NA,NA
"TER-NFBF-T-02",2025-02-15,NA,NA,NA
"TER-NFBF-T-02",2025-02-16,NA,NA,NA
"TER-NFBF-T-02",2025-02-17,NA,NA,NA
"TER-NFBF-T-02",2025-02-18,NA,NA,NA
"TER-NFBF-T-02",2025-02-19,NA,NA,NA
"TER-NFBF-T-02",2025-02-20,NA,NA,NA
"TER-NFBF-T-02",2025-02-21,NA,NA,NA
"TER-NFBF-T-02",2025-02-22,NA,NA,NA
"TER-NFBF-T-02",2025-02-23,NA,NA,NA
"TER-NFBF-T-02",2025-02-24,NA,NA,NA
"TER-NFBF-T-02",2025-02-25,NA,NA,NA
"TER-NFBF-T-02",2025-02-26,NA,NA,NA
"TER-NFBF-T-02",2025-02-27,NA,NA,NA
"TER-NFBF-T-02",2025-02-28,NA,NA,NA
"TER-NFBF-T-02",2025-03-01,NA,NA,NA
"TER-NFBF-T-02",2025-03-02,NA,NA,NA
"TER-NFBF-T-02",2025-03-03,NA,NA,NA
"TER-NFBF-T-02",2025-03-04,NA,NA,NA
"TER-NFBF-T-02",2025-03-05,NA,NA,NA
"TER-NFBF-T-02",2025-03-06,NA,NA,NA
"TER-NFBF-T-02",2025-03-07,NA,NA,NA
"TER-NFBF-T-02",2025-03-08,NA,NA,NA
"TER-NFBF-T-02",2025-03-09,NA,NA,NA
"TER-NFBF-T-02",2025-03-10,NA,NA,NA
"TER-NFBF-T-02",2025-03-11,NA,NA,NA
"TER-NFBF-T-02",2025-03-12,NA,NA,NA
"TER-NFBF-T-02",2025-03-13,NA,NA,NA
"TER-NFBF-T-02",2025-03-14,NA,NA,NA
"TER-NFBF-T-02",2025-03-15,NA,NA,NA
"TER-NFBF-T-02",2025-03-16,NA,NA,NA
"TER-NFBF-T-02",2025-03-17,NA,NA,NA
"TER-NFBF-T-02",2025-03-18,NA,NA,NA
"TER-NFBF-T-02",2025-03-19,NA,NA,NA
"TER-NFBF-T-02",2025-03-20,NA,NA,NA
"TER-NFBF-T-02",2025-03-21,NA,NA,NA
"TER-NFBF-T-02",2025-03-22,NA,NA,NA
"TER-NFBF-T-02",2025-03-23,NA,NA,NA
"TER-NFBF-T-02",2025-03-24,NA,NA,NA
"TER-NFBF-T-02",2025-03-25,NA,NA,NA
"TER-NFBF-T-02",2025-03-26,NA,NA,NA
"TER-NFBF-T-02",2025-03-27,NA,NA,NA
"TER-NFBF-T-02",2025-03-28,NA,NA,NA
"TER-NFBF-T-02",2025-03-29,NA,NA,NA
"TER-NFBF-T-02",2025-03-30,NA,NA,NA
"TER-NFBF-T-02",2025-03-31,NA,NA,NA
"TER-NFBF-T-02",2025-04-01,NA,NA,NA
"TER-NFBF-T-02",2025-04-02,NA,NA,NA
"TER-NFBF-T-02",2025-04-03,NA,NA,NA
"TER-NFBF-T-02",2025-04-04,NA,NA,NA
"TER-NFBF-T-02",2025-04-05,NA,NA,NA
"TER-NFBF-T-02",2025-04-06,NA,NA,NA
"TER-NFBF-T-02",2025-04-07,NA,NA,NA
"TER-NFBF-T-02",2025-04-08,NA,NA,NA
"TER-NFBF-T-02",2025-04-09,NA,NA,NA
"TER-NFBF-T-02",2025-04-10,NA,NA,NA
"TER-NFBF-T-02",2025-04-11,NA,NA,NA
"TER-NFBF-T-02",2025-04-12,NA,NA,NA
"TER-NFBF-T-02",2025-04-13,NA,NA,NA
"TER-NFBF-T-02",2025-04-14,NA,NA,NA
"TER-NFBF-T-02",2025-04-15,NA,NA,NA
"TER-NFBF-T-02",2025-04-16,NA,NA,NA
"TER-NFBF-T-02",2025-04-17,NA,NA,NA
"TER-NFBF-T-02",2025-04-18,NA,NA,NA
"TER-NFBF-T-02",2025-04-19,NA,NA,NA
"TER-NFBF-T-02",2025-04-20,NA,NA,NA
"TER-NFBF-T-02",2025-04-21,NA,NA,NA
"TER-NFBF-T-02",2025-04-22,NA,NA,NA
"TER-NFBF-T-02",2025-04-23,NA,NA,NA
"TER-NFBF-T-02",2025-04-24,NA,NA,NA
"TER-NFBF-T-02",2025-04-25,NA,NA,NA
"TER-NFBF-T-02",2025-04-26,NA,NA,NA
"TER-NFBF-T-02",2025-04-27,NA,NA,NA
"TER-NFBF-T-02",2025-04-28,NA,NA,NA
"TER-NFBF-T-02",2025-04-29,NA,NA,NA
"TER-NFBF-T-02",2025-04-30,NA,NA,NA
"TER-NFBF-T-02",2025-05-01,NA,NA,NA
"TER-NFBF-T-02",2025-05-02,NA,NA,NA
"TER-NFBF-T-02",2025-05-03,NA,NA,NA
"TER-NFBF-T-02",2025-05-04,NA,NA,NA
"TER-NFBF-T-02",2025-05-05,NA,NA,NA
"TER-NFBF-T-02",2025-05-06,NA,NA,NA
"TER-NFBF-T-02",2025-05-07,NA,NA,NA
"TER-NFBF-T-02",2025-05-08,NA,NA,NA
"TER-NFBF-T-02",2025-05-09,NA,NA,NA
"TER-NFBF-T-02",2025-05-10,NA,NA,NA
"TER-NFBF-T-02",2025-05-11,NA,NA,NA
"TER-NFBF-T-02",2025-05-12,NA,NA,NA
"TER-NFBF-T-02",2025-05-13,NA,NA,NA
"TER-NFBF-T-02",2025-05-14,NA,NA,NA
"TER-NFBF-T-02",2025-05-15,NA,NA,NA
"TER-NFBF-T-02",2025-05-16,NA,NA,NA
"TER-NFBF-T-02",2025-05-17,NA,NA,NA
"TER-NFBF-T-02",2025-05-18,NA,NA,NA
"TER-NFBF-T-02",2025-05-19,NA,NA,NA
"TER-NFBF-T-02",2025-05-20,NA,NA,NA
"TER-NFBF-T-02",2025-05-21,NA,NA,NA
"TER-NFBF-T-02",2025-05-22,NA,NA,NA
"TER-NFBF-T-02",2025-05-23,NA,NA,NA
"TER-NFBF-T-02",2025-05-24,NA,NA,NA
"TER-NFBF-T-02",2025-05-25,NA,NA,NA
"TER-NFBF-T-02",2025-05-26,NA,NA,NA
"TER-NFBF-T-02",2025-05-27,NA,NA,NA
"TER-NFBF-T-02",2025-05-28,NA,NA,NA
"TER-NFBF-T-02",2025-05-29,NA,NA,NA
"TER-NFBF-T-02",2025-05-30,NA,NA,NA
"TER-NFBF-T-02",2025-05-31,NA,NA,NA
"TER-NFBF-T-02",2025-06-01,NA,NA,NA
"TER-NFBF-T-02",2025-06-02,NA,NA,NA
"TER-NFBF-T-02",2025-06-03,NA,NA,NA
"TER-NFBF-T-02",2025-06-04,NA,NA,NA
"TER-NFBF-T-02",2025-06-05,NA,NA,NA
"TER-NFBF-T-02",2025-06-06,NA,NA,NA
"TER-NFBF-T-02",2025-06-07,NA,NA,NA
"TER-NFBF-T-02",2025-06-08,NA,NA,NA
"TER-NFBF-T-02",2025-06-09,NA,NA,NA
"TER-NFBF-T-02",2025-06-10,NA,NA,NA
"TER-NFBF-T-02",2025-06-11,NA,NA,NA
"TER-NFBF-T-02",2025-06-12,NA,NA,NA
"TER-NFBF-TP41",2023-08-09,0.0118597224372901,0.0611324170180182,NA
"TER-NFBF-TP41",2023-08-10,0.00876490924577544,0.0312699313745302,NA
"TER-NFBF-TP41",2023-08-11,0.00740950932703509,0.0232633055875029,NA
"TER-NFBF-TP41",2023-08-12,0.00799683786978464,0.0238019782595088,NA
"TER-NFBF-TP41",2023-08-13,0.0122088477931854,0.144151735834184,NA
"TER-NFBF-TP41",2023-08-14,0.0335043102460387,0.243342648093685,NA
"TER-NFBF-TP41",2023-08-15,0.042316948111415,0.271903810052681,NA
"TER-NFBF-TP41",2023-08-16,0.0741247404824832,0.357338861500395,NA
"TER-NFBF-TP41",2023-08-17,0.0306951137951666,0.148676249922289,NA
"TER-NFBF-TP41",2023-08-18,0.0162336541791011,0.210823030206001,NA
"TER-NFBF-TP41",2023-08-19,0.0713805079856801,0.275752959949564,NA
"TER-NFBF-TP41",2023-08-20,0.0127673822656873,0.12147179579588,NA
"TER-NFBF-TP41",2023-08-21,0,NA,NA
"TER-NFBF-TP41",2023-08-22,0.00980949504979674,NA,NA
"TER-NFBF-TP41",2023-08-23,0.00717624250276226,NA,NA
"TER-NFBF-TP41",2023-08-24,0,NA,NA
"TER-NFBF-TP41",2023-08-25,0,NA,NA
"TER-NFBF-TP41",2023-08-26,0,NA,NA
"TER-NFBF-TP41",2023-08-27,0,NA,NA
"TER-NFBF-TP41",2023-08-28,0,NA,NA
"TER-NFBF-TP41",2023-08-29,0,NA,NA
"TER-NFBF-TP41",2023-08-30,0.0561178560362493,NA,NA
"TER-NFBF-TP41",2023-08-31,0.0251020035216756,NA,NA
"TER-NFBF-TP41",2023-09-01,0.0323161247702745,NA,NA
"TER-NFBF-TP41",2023-09-02,0.0238853845745464,NA,NA
"TER-NFBF-TP41",2023-09-03,0.0241661979112388,NA,NA
"TER-NFBF-TP41",2023-09-04,0.0183268225252104,NA,NA
"TER-NFBF-TP41",2023-09-05,0.0201058759420355,NA,NA
"TER-NFBF-TP41",2023-09-06,0,NA,NA
"TER-NFBF-TP41",2023-09-07,0,NA,NA
"TER-NFBF-TP41",2023-09-08,0,NA,NA
"TER-NFBF-TP41",2023-09-09,0.015198774950142,NA,NA
"TER-NFBF-TP41",2023-09-10,0.0122003810109715,NA,NA
"TER-NFBF-TP41",2023-09-11,0.0262518092461006,NA,NA
"TER-NFBF-TP41",2023-09-12,0.0339722608467182,NA,NA
"TER-NFBF-TP41",2023-09-13,0,NA,NA
"TER-NFBF-TP41",2023-09-14,0,NA,NA
"TER-NFBF-TP41",2023-09-15,0,NA,NA
"TER-NFBF-TP41",2023-09-16,0.0177946641992252,NA,NA
"TER-NFBF-TP41",2023-09-17,0.00252691425418925,NA,NA
"TER-NFBF-TP41",2023-09-18,0.0141721143618447,NA,NA
"TER-NFBF-TP41",2023-09-19,0.0026933093255261,NA,NA
"TER-NFBF-TP41",2023-09-20,0,NA,NA
"TER-NFBF-TP41",2023-09-21,0,NA,NA
"TER-NFBF-TP41",2023-09-22,0.0238382280306127,NA,NA
"TER-NFBF-TP41",2023-09-23,0.00829646189215945,NA,NA
"TER-NFBF-TP41",2023-09-24,0.0204181976600055,NA,NA
"TER-NFBF-TP41",2023-09-25,0.0331668685848603,NA,NA
"TER-NFBF-TP41",2023-09-26,0,NA,NA
"TER-NFBF-TP41",2023-09-27,0,NA,NA
"TER-NFBF-TP41",2023-09-28,0,NA,NA
"TER-NFBF-TP41",2023-09-29,0,NA,NA
"TER-NFBF-TP41",2023-09-30,0,NA,NA
"TER-NFBF-TP41",2023-10-01,0,NA,NA
"TER-NFBF-TP41",2023-10-02,0.00292716089997501,NA,NA
"TER-NFBF-TP41",2023-10-03,0,NA,NA
"TER-NFBF-TP41",2023-10-04,0,NA,NA
"TER-NFBF-TP41",2023-10-05,0,NA,NA
"TER-NFBF-TP41",2023-10-06,0,NA,NA
"TER-NFBF-TP41",2023-10-07,0.00600507706877488,NA,NA
"TER-NFBF-TP41",2023-10-08,0,NA,NA
"TER-NFBF-TP41",2023-10-09,0,NA,NA
"TER-NFBF-TP41",2023-10-10,0,NA,NA
"TER-NFBF-TP41",2023-10-11,0,NA,NA
"TER-NFBF-TP41",2023-10-12,0,NA,NA
"TER-NFBF-TP41",2023-10-13,0,NA,NA
"TER-NFBF-TP41",2023-10-14,0,NA,NA
"TER-NFBF-TP41",2023-10-15,0,NA,NA
"TER-NFBF-TP41",2023-10-16,0,NA,NA
"TER-NFBF-TP41",2023-10-17,0,NA,NA
"TER-NFBF-TP41",2023-10-18,0,NA,NA
"TER-NFBF-TP41",2023-10-19,0,NA,NA
"TER-NFBF-TP41",2023-10-20,0,NA,NA
"TER-NFBF-TP41",2023-10-21,0,NA,NA
"TER-NFBF-TP41",2023-10-22,0,NA,NA
"TER-NFBF-TP41",2023-10-23,0,NA,NA
"TER-NFBF-TP41",2023-10-24,0,NA,NA
"TER-NFBF-TP41",2023-10-25,0,NA,NA
"TER-NFBF-TP41",2023-10-26,0,NA,NA
"TER-NFBF-TP41",2023-10-27,0,NA,NA
"TER-NFBF-TP41",2023-10-28,0,NA,NA
"TER-NFBF-TP41",2023-10-29,0,NA,NA
"TER-NFBF-TP41",2023-10-30,0,NA,NA
"TER-NFBF-TP41",2023-10-31,0,NA,NA
"TER-NFBF-TP41",2023-11-01,0,NA,NA
"TER-NFBF-TP41",2023-11-02,0,NA,NA
"TER-NFBF-TP41",2023-11-03,0,NA,NA
"TER-NFBF-TP41",2023-11-04,0,NA,NA
"TER-NFBF-TP41",2023-11-05,0,NA,NA
"TER-NFBF-TP41",2023-11-06,0,NA,NA
"TER-NFBF-TP41",2023-11-07,0,NA,NA
"TER-NFBF-TP41",2023-11-08,0,NA,NA
"TER-NFBF-TP41",2023-11-09,0,NA,NA
"TER-NFBF-TP41",2023-11-10,0,NA,NA
"TER-NFBF-TP41",2023-11-11,0,NA,NA
"TER-NFBF-TP41",2023-11-12,0,NA,NA
"TER-NFBF-TP41",2023-11-13,0,NA,NA
"TER-NFBF-TP41",2023-11-14,0,NA,NA
"TER-NFBF-TP41",2023-11-15,0,NA,NA
"TER-NFBF-TP41",2023-11-16,0,NA,NA
"TER-NFBF-TP41",2023-11-17,0,NA,NA
"TER-NFBF-TP41",2023-11-18,0,NA,NA
"TER-NFBF-TP41",2023-11-19,0,NA,NA
"TER-NFBF-TP41",2023-11-20,0,NA,NA
"TER-NFBF-TP41",2023-11-21,0,NA,NA
"TER-NFBF-TP41",2023-11-22,0,NA,NA
"TER-NFBF-TP41",2023-11-23,0,NA,NA
"TER-NFBF-TP41",2023-11-24,0,NA,NA
"TER-NFBF-TP41",2023-11-25,0,NA,NA
"TER-NFBF-TP41",2023-11-26,0,NA,NA
"TER-NFBF-TP41",2023-11-27,0,NA,NA
"TER-NFBF-TP41",2023-11-28,0,NA,NA
"TER-NFBF-TP41",2023-11-29,0,NA,NA
"TER-NFBF-TP41",2023-11-30,0,NA,NA
"TER-NFBF-TP41",2023-12-01,0,NA,NA
"TER-NFBF-TP41",2023-12-02,0,NA,NA
"TER-NFBF-TP41",2023-12-03,0,NA,NA
"TER-NFBF-TP41",2023-12-04,0.0025918555590362,NA,NA
"TER-NFBF-TP41",2023-12-05,0,NA,NA
"TER-NFBF-TP41",2023-12-06,0,NA,NA
"TER-NFBF-TP41",2023-12-07,0,NA,NA
"TER-NFBF-TP41",2023-12-08,NA,NA,NA
"TER-NFBF-TP41",2023-12-09,0,0,0
"TER-NFBF-TP41",2023-12-10,0,0.0113020472290602,0.00741012956794093
"TER-NFBF-TP41",2023-12-11,0,0.00453328405031858,0.00528970514458198
"TER-NFBF-TP41",2023-12-12,0,0.00363583922602039,0.00484778563469389
"TER-NFBF-TP41",2023-12-13,0,0,0
"TER-NFBF-TP41",2023-12-14,0,0,0
"TER-NFBF-TP41",2023-12-15,0,0,0
"TER-NFBF-TP41",2023-12-16,0,0,0
"TER-NFBF-TP41",2023-12-17,0,0,0
"TER-NFBF-TP41",2023-12-18,0,0,0
"TER-NFBF-TP41",2023-12-19,0,0,0
"TER-NFBF-TP41",2023-12-20,0,0,0
"TER-NFBF-TP41",2023-12-21,0,0,0
"TER-NFBF-TP41",2023-12-22,0,0.00704969790428542,0
"TER-NFBF-TP41",2023-12-23,0,0.0249459639890668,0.00880885760744235
"TER-NFBF-TP41",2023-12-24,0,0.0543788570909513,0.0516391908470934
"TER-NFBF-TP41",2023-12-25,0,0.00836493009004524,0.0098382568998082
"TER-NFBF-TP41",2023-12-26,0,0,0
"TER-NFBF-TP41",2023-12-27,0,0.016028520614422,0.0204988707650837
"TER-NFBF-TP41",2023-12-28,0,0.0181873951780586,0.0196911756019293
"TER-NFBF-TP41",2023-12-29,0,0.0221945643183739,0
"TER-NFBF-TP41",2023-12-30,0,0.0351962989465203,0.0399198808031005
"TER-NFBF-TP41",2023-12-31,0,0.0450241608510887,0.0509387363471929
"TER-NFBF-TP41",2024-01-01,0,0.00500561353233,0.0052456590315706
"TER-NFBF-TP41",2024-01-02,0,0.0391715059380726,0.0273768671462828
"TER-NFBF-TP41",2024-01-03,0,0.0600969868295929,0.0570701397898311
"TER-NFBF-TP41",2024-01-04,0,0.0091233479111968,0
"TER-NFBF-TP41",2024-01-05,0,0.00860582373843621,0.00129592777951808
"TER-NFBF-TP41",2024-01-06,0,0.0221807234225006,0.00819094331391925
"TER-NFBF-TP41",2024-01-07,0,0.0528494311725427,0.0306842125804618
"TER-NFBF-TP41",2024-01-08,0,0.0401693233574219,0.0356714698296061
"TER-NFBF-TP41",2024-01-09,0,0.00589241596369468,0.00772532044825138
"TER-NFBF-TP41",2024-01-10,0,0,0
"TER-NFBF-TP41",2024-01-11,0,0.00430985738853766,0.00133980901554246
"TER-NFBF-TP41",2024-01-12,0,0,0
"TER-NFBF-TP41",2024-01-13,0,0,0
"TER-NFBF-TP41",2024-01-14,0,0.0293375438191575,0.0100251560578399
"TER-NFBF-TP41",2024-01-15,0,0.00733276570341967,0.00776120058965293
"TER-NFBF-TP41",2024-01-16,0,0,0
"TER-NFBF-TP41",2024-01-17,0,0,0
"TER-NFBF-TP41",2024-01-18,0,0.00105824655670748,0
"TER-NFBF-TP41",2024-01-19,0,0,0
"TER-NFBF-TP41",2024-01-20,0,0.034972782587188,0.0422212346515376
"TER-NFBF-TP41",2024-01-21,0,0.00692695606725557,0.010796082268114
"TER-NFBF-TP41",2024-01-22,0,0,0
"TER-NFBF-TP41",2024-01-23,0,0,0
"TER-NFBF-TP41",2024-01-24,0,0,0
"TER-NFBF-TP41",2024-01-25,0,0.0210261035832874,0
"TER-NFBF-TP41",2024-01-26,0,0.0119991986649519,0.0115103107810251
"TER-NFBF-TP41",2024-01-27,0,0.00143151361721652,0.00441204770723152
"TER-NFBF-TP41",2024-01-28,0,0.0464952080510277,0.0399491181358645
"TER-NFBF-TP41",2024-01-29,0,0.0132015688346938,0.021005549557361
"TER-NFBF-TP41",2024-01-30,0,0.0202819730722087,0.00848245777529078
"TER-NFBF-TP41",2024-01-31,0,0.0114882029001731,0
"TER-NFBF-TP41",2024-02-01,0,0.00242236934281933,0
"TER-NFBF-TP41",2024-02-02,0,0.0177872789193467,0.00387495896330182
"TER-NFBF-TP41",2024-02-03,0,0.0530213958372269,0.0337855989355947
"TER-NFBF-TP41",2024-02-04,0,0.0277732259621851,0.0284912050250176
"TER-NFBF-TP41",2024-02-05,0,0.00527378474571535,0.0110512910946841
"TER-NFBF-TP41",2024-02-06,0,0,0
"TER-NFBF-TP41",2024-02-07,0,0,0
"TER-NFBF-TP41",2024-02-08,0,0.0322973929431397,0.0359552424752046
"TER-NFBF-TP41",2024-02-09,0,0.0117856220608648,0
"TER-NFBF-TP41",2024-02-10,0,0,0
"TER-NFBF-TP41",2024-02-11,0,0.00295880673408707,0
"TER-NFBF-TP41",2024-02-12,0,0.00455492839655254,0
"TER-NFBF-TP41",2024-02-13,0,0,0
"TER-NFBF-TP41",2024-02-14,0,0.0517848107831381,0.0372469550305921
"TER-NFBF-TP41",2024-02-15,0,0.0124304470290445,0.0175537469736303
"TER-NFBF-TP41",2024-02-16,0,0,0
"TER-NFBF-TP41",2024-02-17,0,0.0402370337419732,0.0271890636209941
"TER-NFBF-TP41",2024-02-18,0,0.132197185289094,0.0870182213932758
"TER-NFBF-TP41",2024-02-19,0.0175218041193783,0.0967159952837712,0.0866889404325389
"TER-NFBF-TP41",2024-02-20,0.0144507367855339,0.0502512664952942,0.0452634415965971
"TER-NFBF-TP41",2024-02-21,0.00490208532159688,0.0521528318239721,0.0466537859952804
"TER-NFBF-TP41",2024-02-22,0.00309941760186134,0.0589302877144902,0.0500528112103822
"TER-NFBF-TP41",2024-02-23,0.0160487068957911,0.0915225825845998,0.0767979333673976
"TER-NFBF-TP41",2024-02-24,0.00480177925776634,0.0414631178791847,0.0408146799734235
"TER-NFBF-TP41",2024-02-25,0.00147940336704356,0.0377485111948408,0.0380305831534982
"TER-NFBF-TP41",2024-02-26,0.00267961803108496,0.0484601922310944,0.0470579747950355
"TER-NFBF-TP41",2024-02-27,0.0294361690480799,0.137390591265307,0.132658238734478
"TER-NFBF-TP41",2024-02-28,0.0200717249875107,0.118456763138706,0.113486490369865
"TER-NFBF-TP41",2024-02-29,0.00795597447547906,0.0665507375996633,0.0603462564547255
"TER-NFBF-TP41",2024-03-01,0.0197258850310096,0.096683646931027,0.078215458587181
"TER-NFBF-TP41",2024-03-02,0.0137475551409616,0.0721757246055748,0.0664183278272817
"TER-NFBF-TP41",2024-03-03,0.0055786786653747,0.0344264746005599,0.0386038787519316
"TER-NFBF-TP41",2024-03-04,0.00301620281560668,0.0674306974653443,0.0557919101761887
"TER-NFBF-TP41",2024-03-05,0,0.0449657026611127,0.0391439648695899
"TER-NFBF-TP41",2024-03-06,0,0.0119262787633679,0.00859442620695824
"TER-NFBF-TP41",2024-03-07,0,0.00694117765121074,0
"TER-NFBF-TP41",2024-03-08,0,0.0409599321759492,0.0332413050622853
"TER-NFBF-TP41",2024-03-09,0,0.00948932608266006,0.0115851143426357
"TER-NFBF-TP41",2024-03-10,0,0.0643447005390957,0.0537082424691793
"TER-NFBF-TP41",2024-03-11,0,0.00581662371826905,0.00932424632554247
"TER-NFBF-TP41",2024-03-12,NA,NA,0.0712940562024971
"TER-NFBF-TP41",2024-03-13,0,NA,0.0455224694158186
"TER-NFBF-TP41",2024-03-14,0,NA,0.0285845165089134
"TER-NFBF-TP41",2024-03-15,0,NA,0.0248882066070086
"TER-NFBF-TP41",2024-03-16,0,NA,0.0585708439280286
"TER-NFBF-TP41",2024-03-17,0,NA,0.0611174984013067
"TER-NFBF-TP41",2024-03-18,0,NA,0.00825765041211873
"TER-NFBF-TP41",2024-03-19,0,NA,0.0539562808410073
"TER-NFBF-TP41",2024-03-20,0,NA,0.139073680914066
"TER-NFBF-TP41",2024-03-21,NA,NA,0.0824545921440959
"TER-NFBF-TP41",2024-03-22,NA,NA,0.00907285977632594
"TER-NFBF-TP41",2024-03-23,NA,NA,0.016335865796076
"TER-NFBF-TP41",2024-03-24,NA,NA,0.0369404169255777
"TER-NFBF-TP41",2024-03-25,NA,NA,0.020630388989646
"TER-NFBF-TP41",2024-03-26,NA,NA,0.0178253062409546
"TER-NFBF-TP41",2024-03-27,NA,NA,0.0504639209226664
"TER-NFBF-TP41",2024-03-28,NA,NA,0.00687267575823249
"TER-NFBF-TP41",2024-03-29,NA,NA,0
"TER-NFBF-TP41",2024-03-30,NA,NA,0
"TER-NFBF-TP41",2024-03-31,NA,NA,0.0646760454632619
"TER-NFBF-TP41",2024-04-01,NA,NA,0.0421099177399489
"TER-NFBF-TP41",2024-04-02,NA,NA,0.0273375057802501
"TER-NFBF-TP41",2024-04-03,NA,NA,0.00254324844453861
"TER-NFBF-TP41",2024-04-04,NA,NA,0.0381726668412958
"TER-NFBF-TP41",2024-04-05,NA,NA,0.0114890635195272
"TER-NFBF-TP41",2024-04-06,NA,NA,0.0690558140622124
"TER-NFBF-TP41",2024-04-07,NA,NA,0.00601446242426528
"TER-NFBF-TP41",2024-04-08,NA,NA,0
"TER-NFBF-TP41",2024-04-09,NA,NA,0.00147940336704356
"TER-NFBF-TP41",2024-04-10,NA,NA,0
"TER-NFBF-TP41",2024-04-11,NA,NA,0
"TER-NFBF-TP41",2024-04-12,NA,NA,0.0139894944635937
"TER-NFBF-TP41",2024-04-13,NA,NA,0
"TER-NFBF-TP41",2024-04-14,NA,NA,0
"TER-NFBF-TP41",2024-04-15,NA,NA,0
"TER-NFBF-TP41",2024-04-16,NA,NA,0
"TER-NFBF-TP41",2024-04-17,NA,NA,0
"TER-NFBF-TP41",2024-04-18,NA,NA,0.00612976133753553
"TER-NFBF-TP41",2024-04-19,NA,NA,0.0151758314880989
"TER-NFBF-TP41",2024-04-20,NA,NA,0.0701862560982732
"TER-NFBF-TP41",2024-04-21,NA,NA,0.0460528148023728
"TER-NFBF-TP41",2024-04-22,NA,NA,0.0188655145269034
"TER-NFBF-TP41",2024-04-23,NA,NA,0.00851163524315999
"TER-NFBF-TP41",2024-04-24,NA,NA,0.0193960170921307
"TER-NFBF-TP41",2024-04-25,NA,NA,0.0846896020186349
"TER-NFBF-TP41",2024-04-26,NA,NA,0.0282142158612655
"TER-NFBF-TP41",2024-04-27,NA,NA,0.0828758979477177
"TER-NFBF-TP41",2024-04-28,NA,NA,0.161829126979209
"TER-NFBF-TP41",2024-04-29,NA,NA,0.164783063335413
"TER-NFBF-TP41",2024-04-30,NA,NA,0.166523219918126
"TER-NFBF-TP41",2024-05-01,NA,NA,0.024677013911187
"TER-NFBF-TP41",2024-05-02,NA,NA,0.0101842726652137
"TER-NFBF-TP41",2024-05-03,NA,NA,0.0355532743713441
"TER-NFBF-TP41",2024-05-04,NA,NA,0.105890087589545
"TER-NFBF-TP41",2024-05-05,NA,NA,0.232954892789681
"TER-NFBF-TP41",2024-05-06,NA,NA,0.0103932785568779
"TER-NFBF-TP41",2024-05-07,NA,NA,0.022655726816125
"TER-NFBF-TP41",2024-05-08,NA,NA,0.0499892651070453
"TER-NFBF-TP41",2024-05-09,NA,NA,0.187657162385997
"TER-NFBF-TP41",2024-05-10,NA,NA,0.182195450698352
"TER-NFBF-TP41",2024-05-11,NA,NA,0.14938573327138
"TER-NFBF-TP41",2024-05-12,NA,NA,0.234197668878653
"TER-NFBF-TP41",2024-05-13,NA,NA,0.0144378537664457
"TER-NFBF-TP41",2024-05-14,NA,NA,0.0956820452201193
"TER-NFBF-TP41",2024-05-15,NA,NA,0.0635939099029883
"TER-NFBF-TP41",2024-05-16,NA,NA,0.015832950818346
"TER-NFBF-TP41",2024-05-17,NA,NA,0.0561482883429161
"TER-NFBF-TP41",2024-05-18,NA,NA,0.153895388418018
"TER-NFBF-TP41",2024-05-19,NA,NA,0.165056654884557
"TER-NFBF-TP41",2024-05-20,NA,NA,0.0936083829003566
"TER-NFBF-TP41",2024-05-21,NA,NA,0.0761697553892754
"TER-NFBF-TP41",2024-05-22,NA,NA,0.0588048802257156
"TER-NFBF-TP41",2024-05-23,NA,NA,0.00721110852116184
"TER-NFBF-TP41",2024-05-24,NA,NA,0.0429177003957719
"TER-NFBF-TP41",2024-05-25,NA,NA,0.200907664447677
"TER-NFBF-TP41",2024-05-26,NA,NA,0.139210662348906
"TER-NFBF-TP41",2024-05-27,NA,NA,0.118591000174716
"TER-NFBF-TP41",2024-05-28,NA,NA,0.128238414283597
"TER-NFBF-TP41",2024-05-29,NA,NA,0.0096956470205185
"TER-NFBF-TP41",2024-05-30,NA,NA,0.139396948482211
"TER-NFBF-TP41",2024-05-31,NA,NA,0.024538076509796
"TER-NFBF-TP41",2024-06-01,NA,NA,0.0904545942126079
"TER-NFBF-TP41",2024-06-02,NA,NA,0.0265199820082798
"TER-NFBF-TP41",2024-06-03,NA,NA,0.0240710546693166
"TER-NFBF-TP41",2024-06-04,NA,NA,0.0361456829443605
"TER-NFBF-TP41",2024-06-05,NA,NA,0.0100636570688212
"TER-NFBF-TP41",2024-06-06,NA,NA,0.0508523385388548
"TER-NFBF-TP41",2024-06-07,NA,NA,0.0437460361882821
"TER-NFBF-TP41",2024-06-08,NA,NA,0.0742143388427279
"TER-NFBF-TP41",2024-06-09,NA,NA,0.0589367585879843
"TER-NFBF-TP41",2024-06-10,NA,NA,0.0819118894169735
"TER-NFBF-TP41",2024-06-11,NA,NA,0.156997630112652
"TER-NFBF-TP41",2024-06-12,NA,NA,0.360292574382755
"TER-NFBF-TP41",2024-06-13,NA,NA,0.0409494290833629
"TER-NFBF-TP41",2024-06-14,NA,NA,0.093652951949361
"TER-NFBF-TP41",2024-06-15,NA,NA,0.27339406936126
"TER-NFBF-TP41",2024-06-16,NA,NA,0.101542345779521
"TER-NFBF-TP41",2024-06-17,NA,NA,0.0595248920927417
"TER-NFBF-TP41",2024-06-18,NA,NA,0.121071999825619
"TER-NFBF-TP41",2024-06-19,NA,NA,0.163890953699469
"TER-NFBF-TP41",2024-06-20,NA,NA,0.229978554750452
"TER-NFBF-TP41",2024-06-21,NA,NA,0.301517715086659
"TER-NFBF-TP41",2024-06-22,NA,NA,0.104103552695464
"TER-NFBF-TP41",2024-06-23,NA,NA,0.0977141015450183
"TER-NFBF-TP41",2024-06-24,NA,NA,0.0345086181849096
"TER-NFBF-TP41",2024-06-25,NA,0.154213874556216,0.158625713056026
"TER-NFBF-TP41",2024-06-26,NA,0.315396429031984,0.311019907124065
"TER-NFBF-TP41",2024-06-27,NA,0.08240912262604,0.0861851389988857
"TER-NFBF-TP41",2024-06-28,NA,0.156361370611818,0.165380943979822
"TER-NFBF-TP41",2024-06-29,NA,0.0183980804119303,0.0382907693894515
"TER-NFBF-TP41",2024-06-30,NA,0.0172955787970419,0.0200544124093993
"TER-NFBF-TP41",2024-07-01,NA,0.240789063328949,0.250386224199924
"TER-NFBF-TP41",2024-07-02,NA,0.285516214283881,0.299254395662886
"TER-NFBF-TP41",2024-07-03,NA,0.152867835583118,0.124510402505605
"TER-NFBF-TP41",2024-07-04,NA,0.245627373976154,0.239617653921838
"TER-NFBF-TP41",2024-07-05,NA,0.377988619091014,0.37484922940402
"TER-NFBF-TP41",2024-07-06,NA,0.126393731830381,0.120584349056037
"TER-NFBF-TP41",2024-07-07,NA,0.181081740790316,0.182920246406898
"TER-NFBF-TP41",2024-07-08,NA,0.0146218679242279,0.0197477244412532
"TER-NFBF-TP41",2024-07-09,NA,0.0385199396427744,0.0437734864821337
"TER-NFBF-TP41",2024-07-10,NA,0.121579717184923,0.138827495523836
"TER-NFBF-TP41",2024-07-11,NA,0.0797695765463556,0.0880438567984767
"TER-NFBF-TP41",2024-07-12,NA,0.0177504803294652,0.0354380069966759
"TER-NFBF-TP41",2024-07-13,NA,0.0308391524073559,0.0229212876954384
"TER-NFBF-TP41",2024-07-14,NA,0.219471176787473,0.25410130930451
"TER-NFBF-TP41",2024-07-15,NA,0.0182070784938623,0.027154967831253
"TER-NFBF-TP41",2024-07-16,NA,0.141022581574762,0.121327424627344
"TER-NFBF-TP41",2024-07-17,NA,0.00839389133919839,0.0145772363400099
"TER-NFBF-TP41",2024-07-18,NA,0.0589476575157621,0.0691924306143338
"TER-NFBF-TP41",2024-07-19,NA,0.280820462193471,0.290848211068285
"TER-NFBF-TP41",2024-07-20,NA,0.27165494232868,0.276971164103393
"TER-NFBF-TP41",2024-07-21,NA,0.221188812333335,0.235938742477128
"TER-NFBF-TP41",2024-07-22,NA,0.161315863537746,0.157904725997185
"TER-NFBF-TP41",2024-07-23,NA,0.195596270758287,0.203356883046104
"TER-NFBF-TP41",2024-07-24,NA,0.181640595695834,0.142945390376434
"TER-NFBF-TP41",2024-07-25,NA,0.176786778614255,0.159439873652288
"TER-NFBF-TP41",2024-07-26,NA,0.0784669901432455,0.0831995438347574
"TER-NFBF-TP41",2024-07-27,NA,0.0419607143023301,0.0448733250734539
"TER-NFBF-TP41",2024-07-28,NA,0.108885794136936,0.113556640231257
"TER-NFBF-TP41",2024-07-29,NA,0.202722008062429,0.223372850299891
"TER-NFBF-TP41",2024-07-30,NA,0.075479557869604,0.0697003258151367
"TER-NFBF-TP41",2024-07-31,NA,0.0420837943701007,0.0468523889522147
"TER-NFBF-TP41",2024-08-01,NA,0.219893958348828,0.245963388596712
"TER-NFBF-TP41",2024-08-02,NA,0.093653658344802,0.0933821663241255
"TER-NFBF-TP41",2024-08-03,NA,0.181415821298488,0.181453350103125
"TER-NFBF-TP41",2024-08-04,NA,0.35954994966377,0.373070031607886
"TER-NFBF-TP41",2024-08-05,NA,0.279606844752562,0.286484466596543
"TER-NFBF-TP41",2024-08-06,NA,0.0251260953406426,0.03216303621946
"TER-NFBF-TP41",2024-08-07,NA,0.133815513958399,0.12584119630798
"TER-NFBF-TP41",2024-08-08,NA,0.266434554259377,0.29298038238785
"TER-NFBF-TP41",2024-08-09,NA,0.192454111988005,0.201322601473515
"TER-NFBF-TP41",2024-08-10,NA,0.118126846199539,0.138871417117168
"TER-NFBF-TP41",2024-08-11,NA,0.0534514919054688,0.0661603596094419
"TER-NFBF-TP41",2024-08-12,NA,0.23654057671867,0.279879887435928
"TER-NFBF-TP41",2024-08-13,NA,0.168736938030554,0.171520327453983
"TER-NFBF-TP41",2024-08-14,NA,0.240840635677008,0.242580449523243
"TER-NFBF-TP41",2024-08-15,NA,0.20592878117909,0.208949068790709
"TER-NFBF-TP41",2024-08-16,NA,NA,NA
"TER-NFBF-TP41",2024-08-17,NA,0.186949656863719,0.164832723776056
"TER-NFBF-TP41",2024-08-18,NA,0.199879895452638,0.170216317838499
"TER-NFBF-TP41",2024-08-19,NA,0.324971765717749,0.312707634120381
"TER-NFBF-TP41",2024-08-20,NA,0.0211554636179867,0.0228875291950227
"TER-NFBF-TP41",2024-08-21,NA,0.0828799342228794,0.13675362000916
"TER-NFBF-TP41",2024-08-22,NA,0.310140673142915,0.318281648814643
"TER-NFBF-TP41",2024-08-23,NA,0.0891466017947919,0.105220956432381
"TER-NFBF-TP41",2024-08-24,NA,0.121667744421911,0.10343361625154
"TER-NFBF-TP41",2024-08-25,NA,0.26943560163483,0.29514494823037
"TER-NFBF-TP41",2024-08-26,NA,0.0797477476531958,0.0720156787274546
"TER-NFBF-TP41",2024-08-27,NA,0.102174819251263,0.100670776710981
"TER-NFBF-TP41",2024-08-28,NA,0.180636637379426,0.180511095780869
"TER-NFBF-TP41",2024-08-29,NA,0.198493185937832,0.190236058804443
"TER-NFBF-TP41",2024-08-30,NA,0.281510912095207,0.295387849750369
"TER-NFBF-TP41",2024-08-31,NA,0.167302296471483,0.178793777459256
"TER-NFBF-TP41",2024-09-01,NA,0.0323232111880369,0.0413518390604313
"TER-NFBF-TP41",2024-09-02,NA,0.09067742711579,0.103117927047068
"TER-NFBF-TP41",2024-09-03,NA,0.173949656562414,0.181973647929923
"TER-NFBF-TP41",2024-09-04,NA,0.12772622698188,0.118646709727238
"TER-NFBF-TP41",2024-09-05,NA,0.125843811366333,0.120457196396899
"TER-NFBF-TP41",2024-09-06,NA,0.130724709647346,0.121287024220553
"TER-NFBF-TP41",2024-09-07,NA,0.0610186048681824,0.0785843469586577
"TER-NFBF-TP41",2024-09-08,NA,0.0424523975575528,0.035238400883608
"TER-NFBF-TP41",2024-09-09,NA,0.0314101804362564,0.0282774432260587
"TER-NFBF-TP41",2024-09-10,NA,0.0258599234004871,0.0262889630668956
"TER-NFBF-TP41",2024-09-11,NA,0.0668605580113445,0.0577201160641084
"TER-NFBF-TP41",2024-09-12,NA,0.16419058979511,0.171106506702862
"TER-NFBF-TP41",2024-09-13,NA,0.21286746716153,0.215928288614978
"TER-NFBF-TP41",2024-09-14,NA,0.0912242068247304,0.0885520377294102
"TER-NFBF-TP41",2024-09-15,NA,0.247729299567335,0.227141409831419
"TER-NFBF-TP41",2024-09-16,NA,0.0151635549916896,0.0181086847777137
"TER-NFBF-TP41",2024-09-17,NA,NA,NA
"TER-NFBF-TP41",2024-09-18,NA,0.0947482836433482,0.10914545152428
"TER-NFBF-TP41",2024-09-19,NA,0.0553032858882372,0.0636670946277105
"TER-NFBF-TP41",2024-09-20,NA,0.0406668948484889,0.0206772254383244
"TER-NFBF-TP41",2024-09-21,NA,0.0957126452552658,0.038754302583224
"TER-NFBF-TP41",2024-09-22,NA,0.0801151667132548,0.081755917163996
"TER-NFBF-TP41",2024-09-23,NA,0.171382967124352,0.169282969375563
"TER-NFBF-TP41",2024-09-24,NA,0.052100367921351,0.0560790409679848
"TER-NFBF-TP41",2024-09-25,NA,0.0141144910417278,0.0187112186495279
"TER-NFBF-TP41",2024-09-26,NA,0.0684133249078577,0.0419325204076526
"TER-NFBF-TP41",2024-09-27,NA,0.0101527958339417,0.0229166973170178
"TER-NFBF-TP41",2024-09-28,NA,0.0168734435642942,0.0221740779995258
"TER-NFBF-TP41",2024-09-29,NA,0.00516824766335501,0.0250352636240642
"TER-NFBF-TP41",2024-09-30,NA,0.016039015530352,0.0162064553554711
"TER-NFBF-TP41",2024-10-01,NA,0.00911984841753684,0.0128933666828197
"TER-NFBF-TP41",2024-10-02,NA,0.00443579678323628,0.00958783373172999
"TER-NFBF-TP41",2024-10-03,NA,0.00847792416909009,0.0169195862678962
"TER-NFBF-TP41",2024-10-04,NA,0.00852493537414104,0.0123435210704248
"TER-NFBF-TP41",2024-10-05,NA,0.0506100829939573,0.0230464991730361
"TER-NFBF-TP41",2024-10-06,NA,0.0815261398370556,0.0793210770044367
"TER-NFBF-TP41",2024-10-07,NA,0.0760670088314954,0.0703992782706126
"TER-NFBF-TP41",2024-10-08,NA,0.0496446308429363,0.0470129189447155
"TER-NFBF-TP41",2024-10-09,NA,0.0324510613595143,0.0221570626375781
"TER-NFBF-TP41",2024-10-10,NA,0.00881730086660405,0.0106286090860122
"TER-NFBF-TP41",2024-10-11,NA,0.0953755897416454,0.0833334470253723
"TER-NFBF-TP41",2024-10-12,NA,0.148529299071881,0.135852237732496
"TER-NFBF-TP41",2024-10-13,NA,0.014387144187787,0.0146429048903056
"TER-NFBF-TP41",2024-10-14,NA,0.00407648116983591,0.00370277108612658
"TER-NFBF-TP41",2024-10-15,NA,0.038252490641901,0.0387751343596124
"TER-NFBF-TP41",2024-10-16,NA,0.0803525676037692,0.0747218848282529
"TER-NFBF-TP41",2024-10-17,NA,0.0870962429086518,0.0835890987641336
"TER-NFBF-TP41",2024-10-18,NA,0.05394932819437,0.0567440862145825
"TER-NFBF-TP41",2024-10-19,NA,0.0107263000205034,0.0151074388813137
"TER-NFBF-TP41",2024-10-20,NA,0.0194224215458651,0.0115625613713812
"TER-NFBF-TP41",2024-10-21,NA,0.0775645497198016,0.0762639990878327
"TER-NFBF-TP41",2024-10-22,NA,0.0467925987883366,0.0513273427459401
"TER-NFBF-TP41",2024-10-23,NA,0.0141120048503823,0.00683861878228138
"TER-NFBF-TP41",2024-10-24,NA,0.0735081458352688,0.0727889957740462
"TER-NFBF-TP41",2024-10-25,NA,0.0878276236319293,0.0766690922974696
"TER-NFBF-TP41",2024-10-26,NA,0.0644354184193059,0.0651667482266644
"TER-NFBF-TP41",2024-10-27,NA,0.0301890561922089,0.0275416246194451
"TER-NFBF-TP41",2024-10-28,NA,0.0945272622331449,0.0787971042649076
"TER-NFBF-TP41",2024-10-29,NA,0.00793373479659621,0.0155013290298366
"TER-NFBF-TP41",2024-10-30,NA,0.00683166804743922,0.0145505351130968
"TER-NFBF-TP41",2024-10-31,NA,0.00416706071886584,0.0166928040030347
"TER-NFBF-TP41",2024-11-01,NA,0.00667752519807698,0.00878628929344289
"TER-NFBF-TP41",2024-11-02,NA,0.0272497162761626,0.0223692888596578
"TER-NFBF-TP41",2024-11-03,NA,0.00596148489351022,0.00225676014314285
"TER-NFBF-TP41",2024-11-04,NA,0.0358019862966304,0.0353803664105323
"TER-NFBF-TP41",2024-11-05,NA,0.0144724357364785,0.0195372344964
"TER-NFBF-TP41",2024-11-06,NA,0.00600609748442164,0.00937317587502833
"TER-NFBF-TP41",2024-11-07,NA,0.0149069608407894,0.0457571399470309
"TER-NFBF-TP41",2024-11-08,NA,0.00917077931205464,0.00692273980284694
"TER-NFBF-TP41",2024-11-09,NA,0.0217143969993428,0.0147740369520482
"TER-NFBF-TP41",2024-11-10,NA,0.0153005632015618,0.0183085059863723
"TER-NFBF-TP41",2024-11-11,NA,NA,0.00528764591432253
"TER-NFBF-TP41",2024-11-12,NA,NA,0
"TER-NFBF-TP41",2024-11-13,NA,NA,0.00168535142098083
"TER-NFBF-TP41",2024-11-14,NA,NA,0.00176323504819399
"TER-NFBF-TP41",2024-11-15,NA,NA,0.00393314523544451
"TER-NFBF-TP41",2024-11-16,NA,NA,0.0139069537561522
"TER-NFBF-TP41",2024-11-17,NA,NA,0.0156173214136258
"TER-NFBF-TP41",2024-11-18,NA,NA,0
"TER-NFBF-TP41",2024-11-19,NA,NA,0.00152869679052884
"TER-NFBF-TP41",2024-11-20,NA,NA,0.0130548098721145
"TER-NFBF-TP41",2024-11-21,NA,NA,0.00445627780877423
"TER-NFBF-TP41",2024-11-22,NA,NA,0
"TER-NFBF-TP41",2024-11-23,NA,NA,0
"TER-NFBF-TP41",2024-11-24,NA,NA,0.0343399340506239
"TER-NFBF-TP41",2024-11-25,NA,NA,0.053810596670497
"TER-NFBF-TP41",2024-11-26,NA,NA,0.0227451964919686
"TER-NFBF-TP41",2024-11-27,NA,NA,0.0166108892883258
"TER-NFBF-TP41",2024-11-28,NA,NA,0.0190799276925414
"TER-NFBF-TP41",2024-11-29,NA,NA,0.0256170314445578
"TER-NFBF-TP41",2024-11-30,NA,NA,0.00854861867025341
"TER-NFBF-TP41",2024-12-01,NA,NA,0.0144381752371933
"TER-NFBF-TP41",2024-12-02,NA,NA,0.0212873512999126
"TER-NFBF-TP41",2024-12-03,NA,NA,0.0189543068693132
"TER-NFBF-TP41",2024-12-04,NA,NA,0.0309020450102047
"TER-NFBF-TP41",2024-12-05,NA,NA,0.0349164894232408
"TER-NFBF-TP41",2024-12-06,NA,NA,0.0175835378571422
"TER-NFBF-TP41",2024-12-07,NA,NA,0.0151284311573739
"TER-NFBF-TP41",2024-12-08,NA,NA,0.0113860091939793
"TER-NFBF-TP41",2024-12-09,NA,NA,0.0148893339857683
"TER-NFBF-TP41",2024-12-10,NA,NA,0.0119007868334873
"TER-NFBF-TP41",2024-12-11,NA,NA,0.00571152908614955
"TER-NFBF-TP41",2024-12-12,NA,NA,0.0113522946918458
"TER-NFBF-TP41",2024-12-13,NA,NA,0
"TER-NFBF-TP41",2024-12-14,NA,NA,0.0292632150474927
"TER-NFBF-TP41",2024-12-15,NA,NA,NA
"TER-NFBF-TP41",2024-12-16,NA,NA,0.00320859558986764
"TER-NFBF-TP41",2024-12-17,NA,NA,0.0384617741568548
"TER-NFBF-TP41",2024-12-18,NA,NA,0.030460049582191
"TER-NFBF-TP41",2024-12-19,NA,NA,0.0057624067135329
"TER-NFBF-TP41",2024-12-20,NA,NA,0.0067544179516334
"TER-NFBF-TP41",2024-12-21,NA,NA,0.00228119288053298
"TER-NFBF-TP41",2024-12-22,NA,NA,0.00555299566485133
"TER-NFBF-TP41",2024-12-23,NA,NA,0.00550333519647486
"TER-NFBF-TP41",2024-12-24,NA,NA,0.0280400895775448
"TER-NFBF-TP41",2024-12-25,NA,NA,0.0241227142129589
"TER-NFBF-TP41",2024-12-26,NA,NA,0.0254674946610808
"TER-NFBF-TP41",2024-12-27,NA,NA,0.0076939502503638
"TER-NFBF-TP41",2024-12-28,NA,NA,0.0244101112765156
"TER-NFBF-TP41",2024-12-29,NA,NA,0.0319577476627947
"TER-NFBF-TP41",2024-12-30,NA,NA,0.0210395903459331
"TER-NFBF-TP41",2024-12-31,NA,NA,0.0122243630543751
"TER-NFBF-TP41",2025-01-01,NA,NA,0.00365859752825344
"TER-NFBF-TP41",2025-01-02,NA,NA,0.0039032746413525
"TER-NFBF-TP41",2025-01-03,NA,NA,0.00165701488410575
"TER-NFBF-TP41",2025-01-04,NA,NA,0.00282974545839638
"TER-NFBF-TP41",2025-01-05,NA,NA,0.0101382443066594
"TER-NFBF-TP41",2025-01-06,NA,NA,0.000617387234371768
"TER-NFBF-TP41",2025-01-07,NA,NA,0.0247196285434019
"TER-NFBF-TP41",2025-01-08,NA,NA,0.0217310928080427
"TER-NFBF-TP41",2025-01-09,NA,NA,0.000527751972587626
"TER-NFBF-TP41",2025-01-10,NA,NA,0.00496164604106596
"TER-NFBF-TP41",2025-01-11,NA,NA,0.00352816000750542
"TER-NFBF-TP41",2025-01-12,NA,NA,0.00488430035479811
"TER-NFBF-TP41",2025-01-13,NA,NA,0.00296074363577879
"TER-NFBF-TP41",2025-01-14,NA,NA,0.00347639240021363
"TER-NFBF-TP41",2025-01-15,NA,NA,0.00380727135935603
"TER-NFBF-TP41",2025-01-16,NA,NA,0.000443519368778693
"TER-NFBF-TP41",2025-01-17,NA,NA,0.0060099289980265
"TER-NFBF-TP41",2025-01-18,NA,NA,0.0049114233047796
"TER-NFBF-TP41",2025-01-19,NA,NA,0.00631814513185993
"TER-NFBF-TP41",2025-01-20,NA,NA,0.00228467259802383
"TER-NFBF-TP41",2025-01-21,NA,NA,0.00372908756834334
"TER-NFBF-TP41",2025-01-22,NA,NA,0.0227723428730002
"TER-NFBF-TP41",2025-01-23,NA,NA,0.00865081661104647
"TER-NFBF-TP41",2025-01-24,NA,NA,0.00489662627684104
"TER-NFBF-TP41",2025-01-25,NA,NA,0.00868742655285376
"TER-NFBF-TP41",2025-01-26,NA,NA,0.0193952344200718
"TER-NFBF-TP41",2025-01-27,NA,NA,0.0325689673452686
"TER-NFBF-TP41",2025-01-28,NA,NA,0.0172329220925535
"TER-NFBF-TP41",2025-01-29,NA,NA,0.0254921669682654
"TER-NFBF-TP41",2025-01-30,NA,NA,0.00704777107336258
"TER-NFBF-TP41",2025-01-31,NA,NA,0.00431204349230203
"TER-NFBF-TP41",2025-02-01,NA,NA,0.00676966630486875
"TER-NFBF-TP41",2025-02-02,NA,NA,0.00676738345500055
"TER-NFBF-TP41",2025-02-03,NA,NA,0.00947066968079402
"TER-NFBF-TP41",2025-02-04,NA,NA,0.00771642766571835
"TER-NFBF-TP41",2025-02-05,NA,NA,0.00617406706533945
"TER-NFBF-TP41",2025-02-06,NA,NA,0.00449287430807532
"TER-NFBF-TP41",2025-02-07,NA,NA,0.00906305276759336
"TER-NFBF-TP41",2025-02-08,NA,NA,0.0026452884826467
"TER-NFBF-TP41",2025-02-09,NA,NA,0.00336217774951894
"TER-NFBF-TP41",2025-02-10,NA,NA,0.0075129372653411
"TER-NFBF-TP41",2025-02-11,NA,NA,0.00555694966344519
"TER-NFBF-TP41",2025-02-12,NA,NA,0.00737582282755286
"TER-NFBF-TP41",2025-02-13,NA,NA,0.0327790761044377
"TER-NFBF-TP41",2025-02-14,NA,NA,0.00703929570894071
"TER-NFBF-TP41",2025-02-15,NA,NA,0.0114613565365393
"TER-NFBF-TP41",2025-02-16,NA,NA,0.0288867077288048
"TER-NFBF-TP41",2025-02-17,NA,NA,0.0191127874640165
"TER-NFBF-TP41",2025-02-18,NA,NA,0.0238758634860722
"TER-NFBF-TP41",2025-02-19,NA,NA,0.00686805810035456
"TER-NFBF-TP41",2025-02-20,NA,NA,0.0122159983230156
"TER-NFBF-TP41",2025-02-21,NA,NA,0.0277476524376904
"TER-NFBF-TP41",2025-02-22,NA,NA,0.00480142796067779
"TER-NFBF-TP41",2025-02-23,NA,NA,0.00603597885802119
"TER-NFBF-TP41",2025-02-24,NA,NA,0.0408994858252076
"TER-NFBF-TP41",2025-02-25,NA,NA,0.0294642823812614
"TER-NFBF-TP41",2025-02-26,NA,NA,0.0387720733332278
"TER-NFBF-TP41",2025-02-27,NA,NA,0.0937620481073818
"TER-NFBF-TP41",2025-02-28,NA,NA,0.0188003631978933
"TER-NFBF-TP41",2025-03-01,NA,NA,0.0619287670591884
"TER-NFBF-TP41",2025-03-02,NA,NA,0.0599633649187181
"TER-NFBF-TP41",2025-03-03,NA,NA,0.16955444574006
"TER-NFBF-TP41",2025-03-04,NA,NA,0.0363197750672735
"TER-NFBF-TP41",2025-03-05,NA,NA,0.0370531329631545
"TER-NFBF-TP41",2025-03-06,NA,NA,0.0187693486281189
"TER-NFBF-TP41",2025-03-07,NA,NA,0.035400838449854
"TER-NFBF-TP41",2025-03-08,NA,NA,0.0211910073379183
"TER-NFBF-TP41",2025-03-09,NA,NA,0.00562834370659455
"TER-NFBF-TP41",2025-03-10,NA,NA,0.0134375828884441
"TER-NFBF-TP41",2025-03-11,NA,NA,0.013049814729435
"TER-NFBF-TP41",2025-03-12,NA,NA,0.0246545506869511
"TER-NFBF-TP41",2025-03-13,NA,NA,0.0147070940749537
"TER-NFBF-TP41",2025-03-14,NA,NA,0.00339951000809383
"TER-NFBF-TP41",2025-03-15,NA,NA,0.008730541856281
"TER-NFBF-TP41",2025-03-16,NA,NA,0.0479890631648979
"TER-NFBF-TP41",2025-03-17,NA,NA,0.0483752485766317
"TER-NFBF-TP41",2025-03-18,NA,NA,0.0107435329684728
"TER-NFBF-TP41",2025-03-19,NA,NA,0.0543740502726556
"TER-NFBF-TP41",2025-03-20,NA,NA,0.0259037655993917
"TER-NFBF-TP41",2025-03-21,NA,NA,0.0620162137142481
"TER-NFBF-TP41",2025-03-22,NA,NA,0.109139398614011
"TER-NFBF-TP41",2025-03-23,NA,NA,0.117582119542469
"TER-NFBF-TP41",2025-03-24,NA,NA,0.126744748754776
"TER-NFBF-TP41",2025-03-25,NA,NA,0.0163897048252105
"TER-NFBF-TP41",2025-03-26,NA,NA,0.0663329666073931
"TER-NFBF-TP41",2025-03-27,NA,NA,0.0795346662573519
"TER-NFBF-TP41",2025-03-28,NA,NA,0.0667907819750905
"TER-NFBF-TP41",2025-03-29,NA,NA,0.0496413532984921
"TER-NFBF-TP41",2025-03-30,NA,NA,0.0519311662838482
"TER-NFBF-TP41",2025-03-31,NA,NA,0.0986190789433419
"TER-NFBF-TP41",2025-04-01,NA,NA,0.0381484020316105
"TER-NFBF-TP41",2025-04-02,NA,NA,0.0382605175239608
"TER-NFBF-TP41",2025-04-03,NA,NA,0.0320333508255914
"TER-NFBF-TP41",2025-04-04,NA,NA,0.00849768490242315
"TER-NFBF-TP41",2025-04-05,NA,NA,0.0478925227054899
"TER-NFBF-TP41",2025-04-06,NA,NA,0.00367108839353969
"TER-NFBF-TP41",2025-04-07,NA,NA,0.0113873991194455
"TER-NFBF-TP41",2025-04-08,NA,NA,0.0113522727516044
"TER-NFBF-TP41",2025-04-09,NA,NA,0.00729741551859253
"TER-NFBF-TP41",2025-04-10,NA,NA,0.00123399151423371
"TER-NFBF-TP41",2025-04-11,NA,NA,0.00144410793641706
"TER-NFBF-TP41",2025-04-12,NA,NA,0.00758631911779535
"TER-NFBF-TP41",2025-04-13,NA,NA,0.010092450643424
"TER-NFBF-TP41",2025-04-14,NA,NA,0.0975747314726934
"TER-NFBF-TP41",2025-04-15,NA,NA,0.121988046392847
"TER-NFBF-TP41",2025-04-16,NA,NA,0.0119665988902698
"TER-NFBF-TP41",2025-04-17,NA,NA,0.0198669983233037
"TER-NFBF-TP41",2025-04-18,NA,NA,0.0376275128068388
"TER-NFBF-TP41",2025-04-19,NA,NA,0.151361667369699
"TER-NFBF-TP41",2025-04-20,NA,NA,0.00857865233224629
"TER-NFBF-TP41",2025-04-21,NA,NA,0.21442599157655
"TER-NFBF-TP41",2025-04-22,NA,NA,0.120639907376432
"TER-NFBF-TP41",2025-04-23,NA,NA,0.00777099578858131
"TER-NFBF-TP41",2025-04-24,NA,NA,0.122775858467788
"TER-NFBF-TP41",2025-04-25,NA,NA,0.169923488495023
"TER-NFBF-TP41",2025-04-26,NA,NA,0.0711490095047121
"TER-NFBF-TP41",2025-04-27,NA,NA,0.0218483444696836
"TER-NFBF-TP41",2025-04-28,NA,NA,0.0557670604291949
"TER-NFBF-TP41",2025-04-29,NA,NA,0.054634700723739
"TER-NFBF-TP41",2025-04-30,NA,NA,0.002085274540712
"TER-NFBF-TP41",2025-05-01,NA,NA,0.00609192683647008
"TER-NFBF-TP41",2025-05-02,NA,NA,0.00531593147448141
"TER-NFBF-TP41",2025-05-03,NA,NA,0.00647157173177003
"TER-NFBF-TP41",2025-05-04,NA,NA,0.00806579723393369
"TER-NFBF-TP41",2025-05-05,NA,NA,0.039589118784361
"TER-NFBF-TP41",2025-05-06,NA,NA,0.00391028710559548
"TER-NFBF-TP41",2025-05-07,NA,NA,0.00555167683789252
"TER-NFBF-TP41",2025-05-08,NA,NA,0.00583148450791902
"TER-NFBF-TP41",2025-05-09,NA,NA,0.0272095979274473
"TER-NFBF-TP41",2025-05-10,NA,NA,0.189585486313401
"TER-NFBF-TP41",2025-05-11,NA,NA,0.0330973401695617
"TER-NFBF-TP41",2025-05-12,NA,NA,0.0321338527311207
"TER-NFBF-TP41",2025-05-13,NA,NA,0.0807328816260567
"TER-NFBF-TP41",2025-05-14,NA,NA,0.00473818393936538
"TER-NFBF-TP41",2025-05-15,NA,NA,0.00550784612230274
"TER-NFBF-TP41",2025-05-16,NA,NA,0.0515416068212669
"TER-NFBF-TP41",2025-05-17,NA,NA,0.118384841634346
"TER-NFBF-TP41",2025-05-18,NA,NA,0.0480769392782818
"TER-NFBF-TP41",2025-05-19,NA,NA,0.00502711721487475
"TER-NFBF-TP41",2025-05-20,NA,NA,0.0821711350006641
"TER-NFBF-TP41",2025-05-21,NA,NA,0.171521948567288
"TER-NFBF-TP41",2025-05-22,NA,NA,0.0564969850332833
"TER-NFBF-TP41",2025-05-23,NA,NA,0.0802703794268771
"TER-NFBF-TP41",2025-05-24,NA,NA,0.0825432614475084
"TER-NFBF-TP41",2025-05-25,NA,NA,0.0806234669552974
"TER-NFBF-TP41",2025-05-26,NA,NA,0.209167801690879
"TER-NFBF-TP41",2025-05-27,NA,NA,0.0807642108831293
"TER-NFBF-TP41",2025-05-28,NA,NA,0.0437794576510924
"TER-NFBF-TP41",2025-05-29,NA,NA,0.00906915823479323
"TER-NFBF-TP41",2025-05-30,NA,NA,0.0439144452742101
"TER-NFBF-TP41",2025-05-31,NA,NA,0.144307469506443
"TER-NFBF-TP41",2025-06-01,NA,NA,0.187960793953424
"TER-NFBF-TP41",2025-06-02,NA,NA,0.326565087460036
"TER-NFBF-TP41",2025-06-03,NA,NA,0.0298050141391834
"TER-NFBF-TP41",2025-06-04,NA,NA,0.0149413460953783
"TER-NFBF-TP41",2025-06-05,NA,NA,0.0799715886972375
"TER-NFBF-TP41",2025-06-06,NA,NA,0.0110255210114842
"TER-NFBF-TP41",2025-06-07,NA,NA,0.0172697448599715
"TER-NFBF-TP41",2025-06-08,NA,NA,0.0351279599629304
"TER-NFBF-TP41",2025-06-09,NA,NA,0.0429286772490029
"TER-NFBF-TP41",2025-06-10,NA,NA,0.0827994756768959
"TER-NFBF-TP41",2025-06-11,NA,NA,0.0849956221161471
"TER-NFBF-TP41",2025-06-12,NA,NA,0.0124663234162671
"TER-NFPG-T-33",2023-08-09,0.0189126035771425,NA,NA
"TER-NFPG-T-33",2023-08-10,0.00622109454316219,NA,NA
"TER-NFPG-T-33",2023-08-11,0.00972869158121365,NA,NA
"TER-NFPG-T-33",2023-08-12,0.00723794721103713,NA,NA
"TER-NFPG-T-33",2023-08-13,0.0252008525962343,NA,NA
"TER-NFPG-T-33",2023-08-14,0.0442227263806459,NA,NA
"TER-NFPG-T-33",2023-08-15,0.0150787765851784,NA,NA
"TER-NFPG-T-33",2023-08-16,0.0740305116782762,NA,NA
"TER-NFPG-T-33",2023-08-17,0.0715693057197311,NA,NA
"TER-NFPG-T-33",2023-08-18,0.0135085708597747,NA,NA
"TER-NFPG-T-33",2023-08-19,0.0417924854347094,NA,NA
"TER-NFPG-T-33",2023-08-20,0.0109237605049783,NA,NA
"TER-NFPG-T-33",2023-08-21,0.00620852532007538,NA,NA
"TER-NFPG-T-33",2023-08-22,0.00748135635198665,NA,NA
"TER-NFPG-T-33",2023-08-23,0.0254528066705406,NA,NA
"TER-NFPG-T-33",2023-08-24,0.00321959120575555,NA,NA
"TER-NFPG-T-33",2023-08-25,0.00812633515778395,NA,NA
"TER-NFPG-T-33",2023-08-26,0.00590021264244412,NA,NA
"TER-NFPG-T-33",2023-08-27,0.00790027942981894,NA,NA
"TER-NFPG-T-33",2023-08-28,0.00560208562783207,NA,NA
"TER-NFPG-T-33",2023-08-29,0.00501262603981223,NA,NA
"TER-NFPG-T-33",2023-08-30,0.0110633093775133,NA,NA
"TER-NFPG-T-33",2023-08-31,0.0107850223731441,NA,NA
"TER-NFPG-T-33",2023-09-01,0.0112881412717062,NA,NA
"TER-NFPG-T-33",2023-09-02,0.00603151312255711,NA,NA
"TER-NFPG-T-33",2023-09-03,0.00896135617000901,NA,NA
"TER-NFPG-T-33",2023-09-04,0.00722762708086281,NA,NA
"TER-NFPG-T-33",2023-09-05,0.00707171730801808,NA,NA
"TER-NFPG-T-33",2023-09-06,0.00261003258954271,NA,NA
"TER-NFPG-T-33",2023-09-07,0.00225620154356883,NA,NA
"TER-NFPG-T-33",2023-09-08,0.00214337429244685,NA,NA
"TER-NFPG-T-33",2023-09-09,0.0113134185787881,NA,NA
"TER-NFPG-T-33",2023-09-10,0.0100776610651063,NA,NA
"TER-NFPG-T-33",2023-09-11,0.00923665325073366,NA,NA
"TER-NFPG-T-33",2023-09-12,0.0054211439486465,NA,NA
"TER-NFPG-T-33",2023-09-13,0.00420205901443994,NA,NA
"TER-NFPG-T-33",2023-09-14,0.00522893881236603,NA,NA
"TER-NFPG-T-33",2023-09-15,0.00488465587508266,NA,NA
"TER-NFPG-T-33",2023-09-16,0.00357734416499226,NA,NA
"TER-NFPG-T-33",2023-09-17,0.00456573733301865,NA,NA
"TER-NFPG-T-33",2023-09-18,0.0137919445674149,NA,NA
"TER-NFPG-T-33",2023-09-19,0.00681294537054196,NA,NA
"TER-NFPG-T-33",2023-09-20,0.00813414111301401,NA,NA
"TER-NFPG-T-33",2023-09-21,0.0051302157318099,NA,NA
"TER-NFPG-T-33",2023-09-22,0.00721384475131962,NA,NA
"TER-NFPG-T-33",2023-09-23,0.00548361497208677,NA,NA
"TER-NFPG-T-33",2023-09-24,0.0102595015797216,NA,NA
"TER-NFPG-T-33",2023-09-25,0.010375391095935,NA,NA
"TER-NFPG-T-33",2023-09-26,0.00507565383443159,NA,NA
"TER-NFPG-T-33",2023-09-27,0.0106669901884006,NA,NA
"TER-NFPG-T-33",2023-09-28,0.00386072709660844,NA,NA
"TER-NFPG-T-33",2023-09-29,0.00330992798338239,NA,NA
"TER-NFPG-T-33",2023-09-30,NA,NA,NA
"TER-NFPG-T-33",2023-10-01,NA,NA,NA
"TER-NFPG-T-33",2023-10-02,NA,NA,NA
"TER-NFPG-T-33",2023-10-03,NA,NA,NA
"TER-NFPG-T-33",2023-10-04,NA,NA,NA
"TER-NFPG-T-33",2023-10-05,NA,NA,NA
"TER-NFPG-T-33",2023-10-06,NA,NA,NA
"TER-NFPG-T-33",2023-10-07,NA,NA,NA
"TER-NFPG-T-33",2023-10-08,NA,NA,NA
"TER-NFPG-T-33",2023-10-09,NA,NA,NA
"TER-NFPG-T-33",2023-10-10,NA,NA,NA
"TER-NFPG-T-33",2023-10-11,NA,NA,NA
"TER-NFPG-T-33",2023-10-12,NA,NA,NA
"TER-NFPG-T-33",2023-10-13,NA,NA,NA
"TER-NFPG-T-33",2023-10-14,NA,NA,NA
"TER-NFPG-T-33",2023-10-15,NA,NA,NA
"TER-NFPG-T-33",2023-10-16,NA,NA,NA
"TER-NFPG-T-33",2023-10-17,NA,NA,NA
"TER-NFPG-T-33",2023-10-18,NA,NA,NA
"TER-NFPG-T-33",2023-10-19,NA,NA,NA
"TER-NFPG-T-33",2023-10-20,NA,NA,NA
"TER-NFPG-T-33",2023-10-21,NA,NA,NA
"TER-NFPG-T-33",2023-10-22,NA,NA,NA
"TER-NFPG-T-33",2023-10-23,NA,NA,NA
"TER-NFPG-T-33",2023-10-24,NA,NA,NA
"TER-NFPG-T-33",2023-10-25,NA,NA,NA
"TER-NFPG-T-33",2023-10-26,NA,NA,NA
"TER-NFPG-T-33",2023-10-27,NA,NA,NA
"TER-NFPG-T-33",2023-10-28,NA,NA,NA
"TER-NFPG-T-33",2023-10-29,NA,NA,NA
"TER-NFPG-T-33",2023-10-30,NA,NA,NA
"TER-NFPG-T-33",2023-10-31,NA,NA,NA
"TER-NFPG-T-33",2023-11-01,NA,NA,NA
"TER-NFPG-T-33",2023-11-02,NA,NA,NA
"TER-NFPG-T-33",2023-11-03,NA,NA,NA
"TER-NFPG-T-33",2023-11-04,NA,NA,NA
"TER-NFPG-T-33",2023-11-05,NA,NA,NA
"TER-NFPG-T-33",2023-11-06,NA,NA,NA
"TER-NFPG-T-33",2023-11-07,NA,NA,NA
"TER-NFPG-T-33",2023-11-08,NA,NA,NA
"TER-NFPG-T-33",2023-11-09,NA,NA,NA
"TER-NFPG-T-33",2023-11-10,NA,NA,NA
"TER-NFPG-T-33",2023-11-11,NA,NA,NA
"TER-NFPG-T-33",2023-11-12,NA,NA,NA
"TER-NFPG-T-33",2023-11-13,NA,NA,NA
"TER-NFPG-T-33",2023-11-14,NA,NA,NA
"TER-NFPG-T-33",2023-11-15,NA,NA,NA
"TER-NFPG-T-33",2023-11-16,NA,NA,NA
"TER-NFPG-T-33",2023-11-17,NA,NA,NA
"TER-NFPG-T-33",2023-11-18,NA,NA,NA
"TER-NFPG-T-33",2023-11-19,NA,NA,NA
"TER-NFPG-T-33",2023-11-20,NA,NA,NA
"TER-NFPG-T-33",2023-11-21,NA,NA,NA
"TER-NFPG-T-33",2023-11-22,NA,NA,NA
"TER-NFPG-T-33",2023-11-23,NA,NA,NA
"TER-NFPG-T-33",2023-11-24,NA,NA,NA
"TER-NFPG-T-33",2023-11-25,NA,NA,NA
"TER-NFPG-T-33",2023-11-26,NA,NA,NA
"TER-NFPG-T-33",2023-11-27,NA,NA,NA
"TER-NFPG-T-33",2023-11-28,NA,NA,NA
"TER-NFPG-T-33",2023-11-29,NA,NA,NA
"TER-NFPG-T-33",2023-11-30,NA,NA,NA
"TER-NFPG-T-33",2023-12-01,NA,NA,NA
"TER-NFPG-T-33",2023-12-02,NA,NA,NA
"TER-NFPG-T-33",2023-12-03,NA,NA,NA
"TER-NFPG-T-33",2023-12-04,NA,NA,NA
"TER-NFPG-T-33",2023-12-05,NA,NA,NA
"TER-NFPG-T-33",2023-12-06,NA,NA,NA
"TER-NFPG-T-33",2023-12-07,NA,NA,NA
"TER-NFPG-T-33",2023-12-08,NA,NA,NA
"TER-NFPG-T-33",2023-12-09,NA,NA,NA
"TER-NFPG-T-33",2023-12-10,NA,NA,NA
"TER-NFPG-T-33",2023-12-11,NA,NA,NA
"TER-NFPG-T-33",2023-12-12,0,0.00855219093644725,NA
"TER-NFPG-T-33",2023-12-13,0,0.00401942704662742,NA
"TER-NFPG-T-33",2023-12-14,0,0,NA
"TER-NFPG-T-33",2023-12-15,0,0,NA
"TER-NFPG-T-33",2023-12-16,0,0,NA
"TER-NFPG-T-33",2023-12-17,0,0,NA
"TER-NFPG-T-33",2023-12-18,0,0,NA
"TER-NFPG-T-33",2023-12-19,0,0,NA
"TER-NFPG-T-33",2023-12-20,0,0,NA
"TER-NFPG-T-33",2023-12-21,0,0,NA
"TER-NFPG-T-33",2023-12-22,0,0.0215891957971635,NA
"TER-NFPG-T-33",2023-12-23,0,0.055794971484912,NA
"TER-NFPG-T-33",2023-12-24,0,0.0600782722367233,NA
"TER-NFPG-T-33",2023-12-25,0,0,NA
"TER-NFPG-T-33",2023-12-26,0,0,NA
"TER-NFPG-T-33",2023-12-27,0,0,NA
"TER-NFPG-T-33",2023-12-28,0,0,NA
"TER-NFPG-T-33",2023-12-29,0,0,NA
"TER-NFPG-T-33",2023-12-30,0,0.0439786615624723,NA
"TER-NFPG-T-33",2023-12-31,0,0.0703565918076627,NA
"TER-NFPG-T-33",2024-01-01,0,0,NA
"TER-NFPG-T-33",2024-01-02,0,0.0157217351813188,NA
"TER-NFPG-T-33",2024-01-03,0,0.0565430965268912,NA
"TER-NFPG-T-33",2024-01-04,0,0,NA
"TER-NFPG-T-33",2024-01-05,0,0,NA
"TER-NFPG-T-33",2024-01-06,0,0.00305739358105763,NA
"TER-NFPG-T-33",2024-01-07,0,0.0394697522149354,NA
"TER-NFPG-T-33",2024-01-08,0,0.0368969498088575,NA
"TER-NFPG-T-33",2024-01-09,0,0,NA
"TER-NFPG-T-33",2024-01-10,0,0,NA
"TER-NFPG-T-33",2024-01-11,0,0,NA
"TER-NFPG-T-33",2024-01-12,0,0,NA
"TER-NFPG-T-33",2024-01-13,0,0,NA
"TER-NFPG-T-33",2024-01-14,0,0.0127501640202141,NA
"TER-NFPG-T-33",2024-01-15,0,0,NA
"TER-NFPG-T-33",2024-01-16,0,0,NA
"TER-NFPG-T-33",2024-01-17,0,0,NA
"TER-NFPG-T-33",2024-01-18,0,0,NA
"TER-NFPG-T-33",2024-01-19,0,0,NA
"TER-NFPG-T-33",2024-01-20,0,0.00671659127299107,NA
"TER-NFPG-T-33",2024-01-21,0,0,NA
"TER-NFPG-T-33",2024-01-22,0,0,NA
"TER-NFPG-T-33",2024-01-23,0,0,NA
"TER-NFPG-T-33",2024-01-24,0,0,NA
"TER-NFPG-T-33",2024-01-25,0,0.0078224857995576,NA
"TER-NFPG-T-33",2024-01-26,0.00242230715337856,0,NA
"TER-NFPG-T-33",2024-01-27,0.00280600670269693,0,NA
"TER-NFPG-T-33",2024-01-28,0.00972436291828179,0.0461424219939586,NA
"TER-NFPG-T-33",2024-01-29,0,0.0156521410783815,NA
"TER-NFPG-T-33",2024-01-30,0,0.0348332251880158,NA
"TER-NFPG-T-33",2024-01-31,0,0.0232293771224163,NA
"TER-NFPG-T-33",2024-02-01,0,0,NA
"TER-NFPG-T-33",2024-02-02,0,0.0372260588196435,NA
"TER-NFPG-T-33",2024-02-03,0,0.0815528968560186,NA
"TER-NFPG-T-33",2024-02-04,0,0.0393429991929992,NA
"TER-NFPG-T-33",2024-02-05,0,0,NA
"TER-NFPG-T-33",2024-02-06,0.00273040950646507,0,NA
"TER-NFPG-T-33",2024-02-07,0.00329377495119203,0,NA
"TER-NFPG-T-33",2024-02-08,0.000366682683915814,0.0408898766491355,NA
"TER-NFPG-T-33",2024-02-09,0.00302195168682067,0.00250663485948199,NA
"TER-NFPG-T-33",2024-02-10,0.0161531763288128,0,NA
"TER-NFPG-T-33",2024-02-11,0.0023131032441343,0,NA
"TER-NFPG-T-33",2024-02-12,0.0010900400294584,0,NA
"TER-NFPG-T-33",2024-02-13,0.00474774126792506,0,NA
"TER-NFPG-T-33",2024-02-14,0.00121194640867345,0.094546218772134,NA
"TER-NFPG-T-33",2024-02-15,0.00163163488774991,0.0190739299340061,NA
"TER-NFPG-T-33",2024-02-16,0.0169982852008761,0,NA
"TER-NFPG-T-33",2024-02-17,0.00565394625819456,0.0244185496727784,NA
"TER-NFPG-T-33",2024-02-18,0.00817528041823477,0.168012014513621,NA
"TER-NFPG-T-33",2024-02-19,0.00519921219841835,0.116615071092573,NA
"TER-NFPG-T-33",2024-02-20,0.0199669051671529,0.0780267523422316,NA
"TER-NFPG-T-33",2024-02-21,0,0.0476169134729677,NA
"TER-NFPG-T-33",2024-02-22,0.00185421418970718,0.0759129038128025,NA
"TER-NFPG-T-33",2024-02-23,0.0132770776224789,0.211272918498782,NA
"TER-NFPG-T-33",2024-02-24,0.0133846938304737,0.0535591361409053,NA
"TER-NFPG-T-33",2024-02-25,0,0.0190386830391702,NA
"TER-NFPG-T-33",2024-02-26,0,0.15277778973044,NA
"TER-NFPG-T-33",2024-02-27,0.0126294701806793,0.273971579503057,NA
"TER-NFPG-T-33",2024-02-28,0.0258834051204727,0.179114034785504,NA
"TER-NFPG-T-33",2024-02-29,0.0118706750273005,0.152319364778406,NA
"TER-NFPG-T-33",2024-03-01,0.0345033145811326,0.297272762766137,NA
"TER-NFPG-T-33",2024-03-02,0.0558076628967074,0.323763610060289,NA
"TER-NFPG-T-33",2024-03-03,0.0228393588514041,0.0404729536097426,NA
"TER-NFPG-T-33",2024-03-04,0.00645931285630535,0.108167585905246,NA
"TER-NFPG-T-33",2024-03-05,0.00439661616510304,0.0556021256491971,NA
"TER-NFPG-T-33",2024-03-06,0.00202237216835258,0.0318918812410853,NA
"TER-NFPG-T-33",2024-03-07,0.000988058043118964,0.0480080045550937,NA
"TER-NFPG-T-33",2024-03-08,0.0111536305529767,0.170601633736094,NA
"TER-NFPG-T-33",2024-03-09,0.00572938570295023,0.0329947435370682,NA
"TER-NFPG-T-33",2024-03-10,0.0161068335011887,0.0717466738658014,NA
"TER-NFPG-T-33",2024-03-11,0.00141915210796512,0.00724481852352164,NA
"TER-NFPG-T-33",2024-03-12,0.0215471921210835,NA,NA
"TER-NFPG-T-33",2024-03-13,0.00748958193819065,NA,NA
"TER-NFPG-T-33",2024-03-14,0.0180666634424873,NA,NA
"TER-NFPG-T-33",2024-03-15,0.0103077378901471,NA,NA
"TER-NFPG-T-33",2024-03-16,0.0414053909001751,NA,NA
"TER-NFPG-T-33",2024-03-17,0.0613697036856895,NA,NA
"TER-NFPG-T-33",2024-03-18,0.00621491875457395,NA,NA
"TER-NFPG-T-33",2024-03-19,0.0935083657070936,NA,NA
"TER-NFPG-T-33",2024-03-20,0.114702121863568,NA,NA
"TER-NFPG-T-33",2024-03-21,0.0695171241691912,NA,NA
"TER-NFPG-T-33",2024-03-22,0.0389360024926575,NA,NA
"TER-NFPG-T-33",2024-03-23,0.0371441924677441,NA,NA
"TER-NFPG-T-33",2024-03-24,0.0448208409941166,NA,NA
"TER-NFPG-T-33",2024-03-25,0.0260958090790147,NA,NA
"TER-NFPG-T-33",2024-03-26,0.00993040437542182,NA,NA
"TER-NFPG-T-33",2024-03-27,0.0808593840359989,NA,NA
"TER-NFPG-T-33",2024-03-28,0.0126865303650254,NA,NA
"TER-NFPG-T-33",2024-03-29,0.0041579495699066,NA,NA
"TER-NFPG-T-33",2024-03-30,0.00889420507270199,NA,NA
"TER-NFPG-T-33",2024-03-31,0.0175896498168244,NA,NA
"TER-NFPG-T-33",2024-04-01,0.0462372064537637,NA,NA
"TER-NFPG-T-33",2024-04-02,0.00452148285100786,NA,NA
"TER-NFPG-T-33",2024-04-03,0.00179440097678847,NA,NA
"TER-NFPG-T-33",2024-04-04,0.00696842453348402,NA,NA
"TER-NFPG-T-33",2024-04-05,0.014005468273121,NA,NA
"TER-NFPG-T-33",2024-04-06,0.0221690444970352,NA,NA
"TER-NFPG-T-33",2024-04-07,0.032937029874241,NA,NA
"TER-NFPG-T-33",2024-04-08,0.0128044609699199,NA,NA
"TER-NFPG-T-33",2024-04-09,0.0140510308565614,NA,NA
"TER-NFPG-T-33",2024-04-10,0.0209297594174838,NA,NA
"TER-NFPG-T-33",2024-04-11,0.0118375846096358,NA,NA
"TER-NFPG-T-33",2024-04-12,0.0732562724752005,NA,NA
"TER-NFPG-T-33",2024-04-13,0.0104585002491434,NA,NA
"TER-NFPG-T-33",2024-04-14,0.0105833831160989,NA,NA
"TER-NFPG-T-33",2024-04-15,0.0176115385787139,NA,NA
"TER-NFPG-T-33",2024-04-16,0.00110715682037261,NA,NA
"TER-NFPG-T-33",2024-04-17,0.009631150851395,NA,NA
"TER-NFPG-T-33",2024-04-18,0.0201123337824397,NA,NA
"TER-NFPG-T-33",2024-04-19,0.0424158652641429,NA,NA
"TER-NFPG-T-33",2024-04-20,0.0808294630220997,NA,NA
"TER-NFPG-T-33",2024-04-21,0.0193363425933453,NA,NA
"TER-NFPG-T-33",2024-04-22,0.017007702593533,NA,NA
"TER-NFPG-T-33",2024-04-23,0.0116840707206981,NA,NA
"TER-NFPG-T-33",2024-04-24,0.04305682826487,NA,NA
"TER-NFPG-T-33",2024-04-25,0.10290237817677,NA,NA
"TER-NFPG-T-33",2024-04-26,0.0318622775910611,NA,NA
"TER-NFPG-T-33",2024-04-27,0.131663682888069,NA,NA
"TER-NFPG-T-33",2024-04-28,0.141544508941645,NA,NA
"TER-NFPG-T-33",2024-04-29,0.265193094768947,NA,NA
"TER-NFPG-T-33",2024-04-30,0.106205986351456,NA,NA
"TER-NFPG-T-33",2024-05-01,0.0252989112387643,NA,NA
"TER-NFPG-T-33",2024-05-02,0.0195269031382786,NA,NA
"TER-NFPG-T-33",2024-05-03,0.0209038429512833,NA,NA
"TER-NFPG-T-33",2024-05-04,0.0405682010070859,NA,NA
"TER-NFPG-T-33",2024-05-05,0.225133427036229,NA,NA
"TER-NFPG-T-33",2024-05-06,0.0224534369656662,NA,NA
"TER-NFPG-T-33",2024-05-07,0.0233018488187647,NA,NA
"TER-NFPG-T-33",2024-05-08,0.054932483208741,NA,NA
"TER-NFPG-T-33",2024-05-09,0.318393004518998,NA,NA
"TER-NFPG-T-33",2024-05-10,0.101817240674084,NA,NA
"TER-NFPG-T-33",2024-05-11,0.282098085151751,NA,NA
"TER-NFPG-T-33",2024-05-12,0.547438108617875,NA,NA
"TER-NFPG-T-33",2024-05-13,0.0450916135027305,NA,NA
"TER-NFPG-T-33",2024-05-14,0.135063336229035,NA,NA
"TER-NFPG-T-33",2024-05-15,0.0783735039667973,NA,NA
"TER-NFPG-T-33",2024-05-16,0.0233516863935483,NA,NA
"TER-NFPG-T-33",2024-05-17,0.0965280769125008,NA,NA
"TER-NFPG-T-33",2024-05-18,0.064744516918948,NA,NA
"TER-NFPG-T-33",2024-05-19,0.0943045882612051,NA,NA
"TER-NFPG-T-33",2024-05-20,0.05238600751349,NA,NA
"TER-NFPG-T-33",2024-05-21,0.0273695018782913,NA,NA
"TER-NFPG-T-33",2024-05-22,0.021099178425076,NA,NA
"TER-NFPG-T-33",2024-05-23,0.0204660155060543,NA,NA
"TER-NFPG-T-33",2024-05-24,0.0190892607664021,NA,NA
"TER-NFPG-T-33",2024-05-25,0.131843837951409,NA,NA
"TER-NFPG-T-33",2024-05-26,0.0811611680647248,NA,NA
"TER-NFPG-T-33",2024-05-27,0.0572103644588366,NA,NA
"TER-NFPG-T-33",2024-05-28,0.0625810347498305,NA,NA
"TER-NFPG-T-33",2024-05-29,0.0221590554640978,NA,NA
"TER-NFPG-T-33",2024-05-30,0.103714544014852,NA,NA
"TER-NFPG-T-33",2024-05-31,0.0135502344437526,NA,NA
"TER-NFPG-T-33",2024-06-01,0.051221605947207,NA,NA
"TER-NFPG-T-33",2024-06-02,0.0211164659170332,NA,NA
"TER-NFPG-T-33",2024-06-03,0.0121429821841725,NA,NA
"TER-NFPG-T-33",2024-06-04,0.0157135778088341,NA,NA
"TER-NFPG-T-33",2024-06-05,0.00765650900105991,NA,NA
"TER-NFPG-T-33",2024-06-06,0.0284479363508008,NA,NA
"TER-NFPG-T-33",2024-06-07,0.0840190821373795,NA,NA
"TER-NFPG-T-33",2024-06-08,0.0855873088640648,NA,NA
"TER-NFPG-T-33",2024-06-09,0.0189917010171069,NA,NA
"TER-NFPG-T-33",2024-06-10,0.0468434223363705,NA,NA
"TER-NFPG-T-33",2024-06-11,0.041357455195414,NA,NA
"TER-NFPG-T-33",2024-06-12,0.152419594351685,NA,NA
"TER-NFPG-T-33",2024-06-13,0.0284652044878223,NA,NA
"TER-NFPG-T-33",2024-06-14,0.0755866894344379,NA,NA
"TER-NFPG-T-33",2024-06-15,0.240984762372031,0.402524118208177,NA
"TER-NFPG-T-33",2024-06-16,0.0261327303215681,0.0779826945442812,NA
"TER-NFPG-T-33",2024-06-17,0.0724450167320738,0.0920278932174299,NA
"TER-NFPG-T-33",2024-06-18,0.0571505013999996,0.111680942700516,NA
"TER-NFPG-T-33",2024-06-19,0.0438341001733308,0.0938016712043465,NA
"TER-NFPG-T-33",2024-06-20,0.237136471561779,0.447793139372904,NA
"TER-NFPG-T-33",2024-06-21,0.263244427534367,0.353321861255719,NA
"TER-NFPG-T-33",2024-06-22,0.0329109460758462,0.0788318454459761,NA
"TER-NFPG-T-33",2024-06-23,0.0171117164004871,0.0264186958398083,NA
"TER-NFPG-T-33",2024-06-24,0.0113188525696213,0.0168457897146799,NA
"TER-NFPG-T-33",2024-06-25,0.0769194836051794,0.29690790286257,NA
"TER-NFPG-T-33",2024-06-26,0.233442906426138,0.470963243792668,NA
"TER-NFPG-T-33",2024-06-27,0.0406199781216753,0.0362400587135434,NA
"TER-NFPG-T-33",2024-06-28,0.125132071646034,0.322694112056135,NA
"TER-NFPG-T-33",2024-06-29,0.0645237395860484,0.120958011803996,NA
"TER-NFPG-T-33",2024-06-30,0.016423266118964,0.0152358413172028,NA
"TER-NFPG-T-33",2024-07-01,0.260726886617786,0.571154328362171,0.745715645171097
"TER-NFPG-T-33",2024-07-02,0.240268969509457,0.461308148148153,0.618647331136808
"TER-NFPG-T-33",2024-07-03,0.153239576587088,0.306211670861011,0.42091627726349
"TER-NFPG-T-33",2024-07-04,0.144889704298869,0.301017555955502,0.348631996598664
"TER-NFPG-T-33",2024-07-05,0.260739108515756,0.47498804026871,0.546594596390688
"TER-NFPG-T-33",2024-07-06,0.0751423473527441,0.0949193769518687,0.133177720375537
"TER-NFPG-T-33",2024-07-07,0.101585695086531,0.195183418427621,0.224919423518065
"TER-NFPG-T-33",2024-07-08,0.0252347923695006,0.0157827818914128,0
"TER-NFPG-T-33",2024-07-09,0.0173559756005822,0.0170076494901213,0
"TER-NFPG-T-33",2024-07-10,0.0498175959491975,0.0844959308689084,0.0673319218553275
"TER-NFPG-T-33",2024-07-11,0.0456985688466736,0.189312351538588,0.0914287804580934
"TER-NFPG-T-33",2024-07-12,0.0267426038942123,0.0107230811028485,0
"TER-NFPG-T-33",2024-07-13,0.0247685044447001,0.00217405255125912,0.00238703153071442
"TER-NFPG-T-33",2024-07-14,0.0961403400508557,0.25289364872298,0.144389301637063
"TER-NFPG-T-33",2024-07-15,0.0204873187329709,0.00238703153071442,0
"TER-NFPG-T-33",2024-07-16,0.0217130720474938,0,0.0266072894904701
"TER-NFPG-T-33",2024-07-17,0.0113133794875846,0,0
"TER-NFPG-T-33",2024-07-18,0.0303859082804107,0,0.0574724502506995
"TER-NFPG-T-33",2024-07-19,0.205351138914666,0.242693882120411,0.246062175431809
"TER-NFPG-T-33",2024-07-20,0.158121787906089,0.202894073540896,0.259230862578418
"TER-NFPG-T-33",2024-07-21,0.176210588059282,0.280780282885608,0.321693697405007
"TER-NFPG-T-33",2024-07-22,0.0832079434231287,0.163429276138868,0.21683440353054
"TER-NFPG-T-33",2024-07-23,0.0695869725145682,0.209096199172173,0.23787305176956
"TER-NFPG-T-33",2024-07-24,0.051288477964544,0.139136976056161,0.154658221539624
"TER-NFPG-T-33",2024-07-25,0.0525048907879119,0.1756809289452,0.151108587531457
"TER-NFPG-T-33",2024-07-26,0.022165311165204,0.0428749889764802,0.0295636549894111
"TER-NFPG-T-33",2024-07-27,0.0468130290732961,0.107248236679686,0.10936715830001
"TER-NFPG-T-33",2024-07-28,0.0393694282946107,0.0724939957064018,0.121587309745544
"TER-NFPG-T-33",2024-07-29,0.0505390319995434,0.0817016615734831,0.217865120408525
"TER-NFPG-T-33",2024-07-30,0.036507073775032,0.0215943193374248,0.0120718326133018
"TER-NFPG-T-33",2024-07-31,0.0301221349058711,0.0189703460839827,0.0310649429701437
"TER-NFPG-T-33",2024-08-01,0.0547778772317488,0.124515960818185,0.13813585343781
"TER-NFPG-T-33",2024-08-02,0.0242305500027287,0.0523150036420599,0.0715440064317519
"TER-NFPG-T-33",2024-08-03,0.0344861490067686,0.14303885359416,0.160184467125495
"TER-NFPG-T-33",2024-08-04,0.0637969412740188,0.244670859844947,0.31894692198495
"TER-NFPG-T-33",2024-08-05,0.126734614064243,0.341357794336541,0.473139941215557
"TER-NFPG-T-33",2024-08-06,0.0236117417610927,0,0.152391956595355
"TER-NFPG-T-33",2024-08-07,0.0450901549852415,0.1006822095381,0.256029253150705
"TER-NFPG-T-33",2024-08-08,0.0554909556182623,0.218279617972238,0.214791001721829
"TER-NFPG-T-33",2024-08-09,0.0268614703571359,0.084118831976117,0.074290064458343
"TER-NFPG-T-33",2024-08-10,0.039676558238667,0.0410374326364218,0.0278365296496971
"TER-NFPG-T-33",2024-08-11,0.0320164163237669,0,0.215934655459269
"TER-NFPG-T-33",2024-08-12,0.118805046680557,0.289196561652291,0.64426029387369
"TER-NFPG-T-33",2024-08-13,0.0674219328581425,0.185823296645064,0.49172042302195
"TER-NFPG-T-33",2024-08-14,0.0634043043229411,0.256977151729727,0.692208849428445
"TER-NFPG-T-33",2024-08-15,0.0416559865239468,0.131972008131622,0.21790581277949
"TER-NFPG-T-33",2024-08-16,0.0738500168581691,0.254950873546852,0.392348671168838
"TER-NFPG-T-33",2024-08-17,0.0461142382268237,0.156471834183482,0.138719030612404
"TER-NFPG-T-33",2024-08-18,0.0478588047196398,0.150552910796984,0.180301481270747
"TER-NFPG-T-33",2024-08-19,0.174647118596785,0.31084969619242,0.818697710804356
"TER-NFPG-T-33",2024-08-20,0.03296007329822,0.0698311503797561,0.0597949137984657
"TER-NFPG-T-33",2024-08-21,0.0310575560438972,0.0602328873429181,0.61948663321982
"TER-NFPG-T-33",2024-08-22,0.0660768049381933,0.293673002237242,0.272859742113918
"TER-NFPG-T-33",2024-08-23,NA,NA,NA
"TER-NFPG-T-33",2024-08-24,NA,0.109851531222496,0.0887999774385755
"TER-NFPG-T-33",2024-08-25,NA,0.273297106186722,0.295335876870156
"TER-NFPG-T-33",2024-08-26,NA,0,0
"TER-NFPG-T-33",2024-08-27,NA,0.0290560644968052,0.0731261544612724
"TER-NFPG-T-33",2024-08-28,NA,0.184068233283415,0.34745490799571
"TER-NFPG-T-33",2024-08-29,NA,0.20450926705926,0.170518334610425
"TER-NFPG-T-33",2024-08-30,NA,0.329831961417942,0.370310199753719
"TER-NFPG-T-33",2024-08-31,NA,0.0748952748560605,0.0407882656453882
"TER-NFPG-T-33",2024-09-01,NA,0,0.0404893487576716
"TER-NFPG-T-33",2024-09-02,NA,0.0620988032005944,0.169261519916519
"TER-NFPG-T-33",2024-09-03,NA,0.199407816788055,0.289252729094361
"TER-NFPG-T-33",2024-09-04,NA,0.145687790229141,0.174470686280231
"TER-NFPG-T-33",2024-09-05,NA,0.173740776228695,0.178184146552356
"TER-NFPG-T-33",2024-09-06,NA,0.141979251910653,0.155926278200821
"TER-NFPG-T-33",2024-09-07,NA,0.0276287311012088,0.0184117270794532
"TER-NFPG-T-33",2024-09-08,NA,0.00448623305437444,0.260450531800255
"TER-NFPG-T-33",2024-09-09,NA,0.00462818925293778,0
"TER-NFPG-T-33",2024-09-10,NA,0,0
"TER-NFPG-T-33",2024-09-11,NA,0.0617678826038481,0.229848624492578
"TER-NFPG-T-33",2024-09-12,NA,0.35660370572945,0.54798472959124
"TER-NFPG-T-33",2024-09-13,NA,0.300387470644978,0.513258148796309
"TER-NFPG-T-33",2024-09-14,NA,0.0984153850792913,0.0968146137401135
"TER-NFPG-T-33",2024-09-15,NA,0.305158512642593,0.667895105527404
"TER-NFPG-T-33",2024-09-16,NA,0,0
"TER-NFPG-T-33",2024-09-17,NA,0.0387764559811472,0.17987640655613
"TER-NFPG-T-33",2024-09-18,NA,0.186117273659854,0.520392329225665
"TER-NFPG-T-33",2024-09-19,NA,0.0251619363527312,0.0465330858291775
"TER-NFPG-T-33",2024-09-20,NA,0.0134586991631232,0.333721148102208
"TER-NFPG-T-33",2024-09-21,NA,0.207903211025713,0.452705678281059
"TER-NFPG-T-33",2024-09-22,NA,0.0624541213653899,0.0492253160229218
"TER-NFPG-T-33",2024-09-23,NA,0.113510189783583,0.0758331994812121
"TER-NFPG-T-33",2024-09-24,NA,0,0
"TER-NFPG-T-33",2024-09-25,NA,0,0.215804228345007
"TER-NFPG-T-33",2024-09-26,NA,0.0216465014638961,0.104661628913428
"TER-NFPG-T-33",2024-09-27,NA,0,0
"TER-NFPG-T-33",2024-09-28,NA,0,0.0233257090830415
"TER-NFPG-T-33",2024-09-29,NA,0,0
"TER-NFPG-T-33",2024-09-30,NA,0,0
"TER-NFPG-T-33",2024-10-01,NA,0,0
"TER-NFPG-T-33",2024-10-02,NA,0,0
"TER-NFPG-T-33",2024-10-03,NA,0,0
"TER-NFPG-T-33",2024-10-04,NA,0,0
"TER-NFPG-T-33",2024-10-05,NA,0,0
"TER-NFPG-T-33",2024-10-06,NA,0,0
"TER-NFPG-T-33",2024-10-07,NA,NA,0
"TER-NFPG-T-33",2024-10-08,NA,NA,0.00809786975153432
"TER-NFPG-T-33",2024-10-09,NA,NA,0.0604092061566864
"TER-NFPG-T-33",2024-10-10,NA,NA,0
"TER-NFPG-T-33",2024-10-11,NA,NA,0.0460424533048305
"TER-NFPG-T-33",2024-10-12,NA,NA,0.0138333093761018
"TER-NFPG-T-33",2024-10-13,NA,NA,0
"TER-NFPG-T-33",2024-10-14,NA,NA,0
"TER-NFPG-T-33",2024-10-15,NA,NA,0.0246197274635707
"TER-NFPG-T-33",2024-10-16,NA,NA,0.00462818925293778
"TER-NFPG-T-33",2024-10-17,NA,NA,0.0123098637317854
"TER-NFPG-T-33",2024-10-18,NA,NA,0
"TER-NFPG-T-33",2024-10-19,NA,NA,0
"TER-NFPG-T-33",2024-10-20,NA,NA,0.00668833350670682
"TER-NFPG-T-33",2024-10-21,NA,NA,0
"TER-NFPG-T-33",2024-10-22,NA,NA,0
"TER-NFPG-T-33",2024-10-23,NA,NA,0
"TER-NFPG-T-33",2024-10-24,NA,NA,0.0580124182687
"TER-NFPG-T-33",2024-10-25,NA,NA,0.0380165777924679
"TER-NFPG-T-33",2024-10-26,NA,NA,0
"TER-NFPG-T-33",2024-10-27,NA,NA,0
"TER-NFPG-T-33",2024-10-28,NA,NA,0.0161986623852821
"TER-NFPG-T-33",2024-10-29,NA,NA,0.103197289072624
"TER-NFPG-T-33",2024-10-30,NA,NA,0
"TER-NFPG-T-33",2024-10-31,NA,NA,0
"TER-NFPG-T-33",2024-11-01,NA,NA,0
"TER-NFPG-T-33",2024-11-02,NA,NA,0
"TER-NFPG-T-33",2024-11-03,NA,NA,0
"TER-NFPG-T-33",2024-11-04,NA,NA,0
"TER-NFPG-T-33",2024-11-05,NA,NA,0
"TER-NFPG-T-33",2024-11-06,NA,NA,0.042599943743854
"TER-NFPG-T-33",2024-11-07,NA,NA,0
"TER-NFPG-T-33",2024-11-08,NA,NA,0
"TER-NFPG-T-33",2024-11-09,NA,NA,0
"TER-NFPG-T-33",2024-11-10,NA,NA,0
"TER-NFPG-T-33",2024-11-11,NA,NA,0
"TER-NFPG-T-33",2024-11-12,NA,NA,0
"TER-NFPG-T-33",2024-11-13,NA,NA,0
"TER-NFPG-T-33",2024-11-14,NA,NA,0
"TER-NFPG-T-33",2024-11-15,NA,NA,0
"TER-NFPG-T-33",2024-11-16,NA,NA,0
"TER-NFPG-T-33",2024-11-17,NA,NA,0
"TER-NFPG-T-33",2024-11-18,NA,NA,0
"TER-NFPG-T-33",2024-11-19,NA,NA,0
"TER-NFPG-T-33",2024-11-20,NA,NA,0
"TER-NFPG-T-33",2024-11-21,NA,NA,0
"TER-NFPG-T-33",2024-11-22,NA,NA,0
"TER-NFPG-T-33",2024-11-23,NA,NA,0
"TER-NFPG-T-33",2024-11-24,NA,NA,0
"TER-NFPG-T-33",2024-11-25,NA,NA,0
"TER-NFPG-T-33",2024-11-26,NA,NA,0
"TER-NFPG-T-33",2024-11-27,NA,NA,0
"TER-NFPG-T-33",2024-11-28,NA,NA,0.00897246610874878
"TER-NFPG-T-33",2024-11-29,NA,NA,0
"TER-NFPG-T-33",2024-11-30,NA,NA,0.117320165908355
"TER-NFPG-T-33",2024-12-01,NA,NA,0.0343108203987573
"TER-NFPG-T-33",2024-12-02,NA,NA,0.09789716925867
"TER-NFPG-T-33",2024-12-03,NA,NA,0.07982186847141
"TER-NFPG-T-33",2024-12-04,NA,NA,0.0334044291009746
"TER-NFPG-T-33",2024-12-05,NA,NA,0.00694228387940663
"TER-NFPG-T-33",2024-12-06,NA,NA,0
"TER-NFPG-T-33",2024-12-07,NA,NA,0.037075276970378
"TER-NFPG-T-33",2024-12-08,NA,NA,0
"TER-NFPG-T-33",2024-12-09,NA,NA,0.0208268516382199
"TER-NFPG-T-33",2024-12-10,NA,NA,0
"TER-NFPG-T-33",2024-12-11,NA,NA,0
"TER-NFPG-T-33",2024-12-12,NA,NA,0.149965563386881
"TER-NFPG-T-33",2024-12-13,NA,NA,0
"TER-NFPG-T-33",2024-12-14,NA,NA,0.0624805549146595
"TER-NFPG-T-33",2024-12-15,NA,NA,NA
"TER-NFPG-T-33",2024-12-16,NA,NA,NA
"TER-NFPG-T-33",2024-12-17,NA,NA,NA
"TER-NFPG-T-33",2024-12-18,NA,NA,NA
"TER-NFPG-T-33",2024-12-19,NA,NA,NA
"TER-NFPG-T-33",2024-12-20,NA,NA,NA
"TER-NFPG-T-33",2024-12-21,NA,NA,NA
"TER-NFPG-T-33",2024-12-22,NA,NA,NA
"TER-NFPG-T-33",2024-12-23,NA,NA,NA
"TER-NFPG-T-33",2024-12-24,NA,NA,NA
"TER-NFPG-T-33",2024-12-25,NA,NA,NA
"TER-NFPG-T-33",2024-12-26,NA,NA,NA
"TER-NFPG-T-33",2024-12-27,NA,NA,NA
"TER-NFPG-T-33",2024-12-28,NA,NA,NA
"TER-NFPG-T-33",2024-12-29,NA,NA,NA
"TER-NFPG-T-33",2024-12-30,NA,NA,NA
"TER-NFPG-T-33",2024-12-31,NA,NA,NA
"TER-NFPG-T-33",2025-01-01,NA,NA,NA
"TER-NFPG-T-33",2025-01-02,NA,NA,NA
"TER-NFPG-T-33",2025-01-03,NA,NA,NA
"TER-NFPG-T-33",2025-01-04,NA,NA,NA
"TER-NFPG-T-33",2025-01-05,NA,NA,NA
"TER-NFPG-T-33",2025-01-06,NA,NA,NA
"TER-NFPG-T-33",2025-01-07,NA,NA,NA
"TER-NFPG-T-33",2025-01-08,NA,NA,NA
"TER-NFPG-T-33",2025-01-09,NA,NA,NA
"TER-NFPG-T-33",2025-01-10,NA,NA,NA
"TER-NFPG-T-33",2025-01-11,NA,NA,NA
"TER-NFPG-T-33",2025-01-12,NA,NA,NA
"TER-NFPG-T-33",2025-01-13,NA,NA,NA
"TER-NFPG-T-33",2025-01-14,NA,NA,NA
"TER-NFPG-T-33",2025-01-15,NA,NA,NA
"TER-NFPG-T-33",2025-01-16,NA,NA,NA
"TER-NFPG-T-33",2025-01-17,NA,NA,NA
"TER-NFPG-T-33",2025-01-18,NA,NA,NA
"TER-NFPG-T-33",2025-01-19,NA,NA,NA
"TER-NFPG-T-33",2025-01-20,NA,NA,NA
"TER-NFPG-T-33",2025-01-21,NA,NA,NA
"TER-NFPG-T-33",2025-01-22,NA,NA,NA
"TER-NFPG-T-33",2025-01-23,NA,NA,NA
"TER-NFPG-T-33",2025-01-24,NA,NA,NA
"TER-NFPG-T-33",2025-01-25,NA,NA,NA
"TER-NFPG-T-33",2025-01-26,NA,NA,NA
"TER-NFPG-T-33",2025-01-27,NA,NA,NA
"TER-NFPG-T-33",2025-01-28,NA,NA,NA
"TER-NFPG-T-33",2025-01-29,NA,NA,NA
"TER-NFPG-T-33",2025-01-30,NA,NA,NA
"TER-NFPG-T-33",2025-01-31,NA,NA,NA
"TER-NFPG-T-33",2025-02-01,NA,NA,NA
"TER-NFPG-T-33",2025-02-02,NA,NA,NA
"TER-NFPG-T-33",2025-02-03,NA,NA,NA
"TER-NFPG-T-33",2025-02-04,NA,NA,NA
"TER-NFPG-T-33",2025-02-05,NA,NA,NA
"TER-NFPG-T-33",2025-02-06,NA,NA,NA
"TER-NFPG-T-33",2025-02-07,NA,NA,NA
"TER-NFPG-T-33",2025-02-08,NA,NA,NA
"TER-NFPG-T-33",2025-02-09,NA,NA,NA
"TER-NFPG-T-33",2025-02-10,NA,NA,NA
"TER-NFPG-T-33",2025-02-11,NA,NA,NA
"TER-NFPG-T-33",2025-02-12,NA,NA,NA
"TER-NFPG-T-33",2025-02-13,NA,NA,NA
"TER-NFPG-T-33",2025-02-14,NA,NA,NA
"TER-NFPG-T-33",2025-02-15,NA,NA,NA
"TER-NFPG-T-33",2025-02-16,NA,NA,NA
"TER-NFPG-T-33",2025-02-17,NA,NA,NA
"TER-NFPG-T-33",2025-02-18,NA,NA,NA
"TER-NFPG-T-33",2025-02-19,NA,NA,NA
"TER-NFPG-T-33",2025-02-20,NA,NA,NA
"TER-NFPG-T-33",2025-02-21,NA,NA,NA
"TER-NFPG-T-33",2025-02-22,NA,NA,NA
"TER-NFPG-T-33",2025-02-23,NA,NA,NA
"TER-NFPG-T-33",2025-02-24,NA,NA,NA
"TER-NFPG-T-33",2025-02-25,NA,NA,NA
"TER-NFPG-T-33",2025-02-26,NA,NA,NA
"TER-NFPG-T-33",2025-02-27,NA,NA,NA
"TER-NFPG-T-33",2025-02-28,NA,NA,NA
"TER-NFPG-T-33",2025-03-01,NA,NA,NA
"TER-NFPG-T-33",2025-03-02,NA,NA,NA
"TER-NFPG-T-33",2025-03-03,NA,NA,NA
"TER-NFPG-T-33",2025-03-04,NA,NA,NA
"TER-NFPG-T-33",2025-03-05,NA,NA,NA
"TER-NFPG-T-33",2025-03-06,NA,NA,NA
"TER-NFPG-T-33",2025-03-07,NA,NA,NA
"TER-NFPG-T-33",2025-03-08,NA,NA,NA
"TER-NFPG-T-33",2025-03-09,NA,NA,NA
"TER-NFPG-T-33",2025-03-10,NA,NA,NA
"TER-NFPG-T-33",2025-03-11,NA,NA,NA
"TER-NFPG-T-33",2025-03-12,NA,NA,NA
"TER-NFPG-T-33",2025-03-13,NA,NA,NA
"TER-NFPG-T-33",2025-03-14,NA,NA,NA
"TER-NFPG-T-33",2025-03-15,NA,NA,NA
"TER-NFPG-T-33",2025-03-16,NA,NA,NA
"TER-NFPG-T-33",2025-03-17,NA,NA,NA
"TER-NFPG-T-33",2025-03-18,NA,NA,NA
"TER-NFPG-T-33",2025-03-19,NA,NA,NA
"TER-NFPG-T-33",2025-03-20,NA,NA,NA
"TER-NFPG-T-33",2025-03-21,NA,NA,NA
"TER-NFPG-T-33",2025-03-22,NA,NA,NA
"TER-NFPG-T-33",2025-03-23,NA,NA,NA
"TER-NFPG-T-33",2025-03-24,NA,NA,NA
"TER-NFPG-T-33",2025-03-25,NA,NA,NA
"TER-NFPG-T-33",2025-03-26,NA,NA,NA
"TER-NFPG-T-33",2025-03-27,NA,NA,NA
"TER-NFPG-T-33",2025-03-28,NA,NA,NA
"TER-NFPG-T-33",2025-03-29,NA,NA,NA
"TER-NFPG-T-33",2025-03-30,NA,NA,NA
"TER-NFPG-T-33",2025-03-31,NA,NA,NA
"TER-NFPG-T-33",2025-04-01,NA,NA,NA
"TER-NFPG-T-33",2025-04-02,NA,NA,NA
"TER-NFPG-T-33",2025-04-03,NA,NA,NA
"TER-NFPG-T-33",2025-04-04,NA,NA,NA
"TER-NFPG-T-33",2025-04-05,NA,NA,NA
"TER-NFPG-T-33",2025-04-06,NA,NA,NA
"TER-NFPG-T-33",2025-04-07,NA,NA,NA
"TER-NFPG-T-33",2025-04-08,NA,NA,NA
"TER-NFPG-T-33",2025-04-09,NA,NA,NA
"TER-NFPG-T-33",2025-04-10,NA,NA,NA
"TER-NFPG-T-33",2025-04-11,NA,NA,NA
"TER-NFPG-T-33",2025-04-12,NA,NA,NA
"TER-NFPG-T-33",2025-04-13,NA,NA,NA
"TER-NFPG-T-33",2025-04-14,NA,NA,NA
"TER-NFPG-T-33",2025-04-15,NA,NA,NA
"TER-NFPG-T-33",2025-04-16,NA,NA,NA
"TER-NFPG-T-33",2025-04-17,NA,NA,NA
"TER-NFPG-T-33",2025-04-18,NA,NA,NA
"TER-NFPG-T-33",2025-04-19,NA,NA,NA
"TER-NFPG-T-33",2025-04-20,NA,NA,NA
"TER-NFPG-T-33",2025-04-21,NA,NA,NA
"TER-NFPG-T-33",2025-04-22,NA,NA,NA
"TER-NFPG-T-33",2025-04-23,NA,NA,NA
"TER-NFPG-T-33",2025-04-24,NA,NA,NA
"TER-NFPG-T-33",2025-04-25,NA,NA,NA
"TER-NFPG-T-33",2025-04-26,NA,NA,NA
"TER-NFPG-T-33",2025-04-27,NA,NA,NA
"TER-NFPG-T-33",2025-04-28,NA,NA,NA
"TER-NFPG-T-33",2025-04-29,NA,NA,NA
"TER-NFPG-T-33",2025-04-30,NA,NA,NA
"TER-NFPG-T-33",2025-05-01,NA,NA,NA
"TER-NFPG-T-33",2025-05-02,NA,NA,NA
"TER-NFPG-T-33",2025-05-03,NA,NA,NA
"TER-NFPG-T-33",2025-05-04,NA,NA,NA
"TER-NFPG-T-33",2025-05-05,NA,NA,NA
"TER-NFPG-T-33",2025-05-06,NA,NA,NA
"TER-NFPG-T-33",2025-05-07,NA,NA,NA
"TER-NFPG-T-33",2025-05-08,NA,NA,NA
"TER-NFPG-T-33",2025-05-09,NA,NA,NA
"TER-NFPG-T-33",2025-05-10,NA,NA,NA
"TER-NFPG-T-33",2025-05-11,NA,NA,NA
"TER-NFPG-T-33",2025-05-12,NA,NA,NA
"TER-NFPG-T-33",2025-05-13,NA,NA,NA
"TER-NFPG-T-33",2025-05-14,NA,NA,NA
"TER-NFPG-T-33",2025-05-15,NA,NA,NA
"TER-NFPG-T-33",2025-05-16,NA,NA,NA
"TER-NFPG-T-33",2025-05-17,NA,NA,NA
"TER-NFPG-T-33",2025-05-18,NA,NA,NA
"TER-NFPG-T-33",2025-05-19,NA,NA,NA
"TER-NFPG-T-33",2025-05-20,NA,NA,NA
"TER-NFPG-T-33",2025-05-21,NA,NA,NA
"TER-NFPG-T-33",2025-05-22,NA,NA,NA
"TER-NFPG-T-33",2025-05-23,NA,NA,NA
"TER-NFPG-T-33",2025-05-24,NA,NA,NA
"TER-NFPG-T-33",2025-05-25,NA,NA,NA
"TER-NFPG-T-33",2025-05-26,NA,NA,NA
"TER-NFPG-T-33",2025-05-27,NA,NA,NA
"TER-NFPG-T-33",2025-05-28,NA,NA,NA
"TER-NFPG-T-33",2025-05-29,NA,NA,NA
"TER-NFPG-T-33",2025-05-30,NA,NA,NA
"TER-NFPG-T-33",2025-05-31,NA,NA,NA
"TER-NFPG-T-33",2025-06-01,NA,NA,NA
"TER-NFPG-T-33",2025-06-02,NA,NA,NA
"TER-NFPG-T-33",2025-06-03,NA,NA,NA
"TER-NFPG-T-33",2025-06-04,NA,NA,NA
"TER-NFPG-T-33",2025-06-05,NA,NA,NA
"TER-NFPG-T-33",2025-06-06,NA,NA,NA
"TER-NFPG-T-33",2025-06-07,NA,NA,NA
"TER-NFPG-T-33",2025-06-08,NA,NA,NA
"TER-NFPG-T-33",2025-06-09,NA,NA,NA
"TER-NFPG-T-33",2025-06-10,NA,NA,NA
"TER-NFPG-T-33",2025-06-11,NA,NA,NA
"TER-NFPG-T-33",2025-06-12,NA,NA,NA
"TER-NFSB-T-07",2023-08-09,NA,NA,NA
"TER-NFSB-T-07",2023-08-10,NA,NA,NA
"TER-NFSB-T-07",2023-08-11,NA,NA,NA
"TER-NFSB-T-07",2023-08-12,NA,NA,NA
"TER-NFSB-T-07",2023-08-13,NA,NA,NA
"TER-NFSB-T-07",2023-08-14,NA,NA,NA
"TER-NFSB-T-07",2023-08-15,NA,NA,NA
"TER-NFSB-T-07",2023-08-16,NA,NA,NA
"TER-NFSB-T-07",2023-08-17,NA,NA,NA
"TER-NFSB-T-07",2023-08-18,NA,NA,NA
"TER-NFSB-T-07",2023-08-19,NA,NA,NA
"TER-NFSB-T-07",2023-08-20,NA,NA,NA
"TER-NFSB-T-07",2023-08-21,NA,NA,NA
"TER-NFSB-T-07",2023-08-22,NA,NA,NA
"TER-NFSB-T-07",2023-08-23,NA,NA,NA
"TER-NFSB-T-07",2023-08-24,NA,NA,NA
"TER-NFSB-T-07",2023-08-25,NA,NA,NA
"TER-NFSB-T-07",2023-08-26,NA,NA,NA
"TER-NFSB-T-07",2023-08-27,NA,NA,NA
"TER-NFSB-T-07",2023-08-28,NA,NA,NA
"TER-NFSB-T-07",2023-08-29,NA,NA,NA
"TER-NFSB-T-07",2023-08-30,NA,NA,NA
"TER-NFSB-T-07",2023-08-31,NA,NA,NA
"TER-NFSB-T-07",2023-09-01,NA,NA,NA
"TER-NFSB-T-07",2023-09-02,NA,NA,NA
"TER-NFSB-T-07",2023-09-03,NA,NA,NA
"TER-NFSB-T-07",2023-09-04,NA,NA,NA
"TER-NFSB-T-07",2023-09-05,NA,NA,NA
"TER-NFSB-T-07",2023-09-06,NA,NA,NA
"TER-NFSB-T-07",2023-09-07,NA,NA,NA
"TER-NFSB-T-07",2023-09-08,NA,NA,NA
"TER-NFSB-T-07",2023-09-09,NA,NA,NA
"TER-NFSB-T-07",2023-09-10,NA,NA,NA
"TER-NFSB-T-07",2023-09-11,NA,NA,NA
"TER-NFSB-T-07",2023-09-12,NA,NA,NA
"TER-NFSB-T-07",2023-09-13,NA,NA,NA
"TER-NFSB-T-07",2023-09-14,NA,NA,NA
"TER-NFSB-T-07",2023-09-15,NA,NA,NA
"TER-NFSB-T-07",2023-09-16,NA,NA,NA
"TER-NFSB-T-07",2023-09-17,NA,NA,NA
"TER-NFSB-T-07",2023-09-18,NA,NA,NA
"TER-NFSB-T-07",2023-09-19,NA,NA,NA
"TER-NFSB-T-07",2023-09-20,NA,NA,NA
"TER-NFSB-T-07",2023-09-21,NA,NA,NA
"TER-NFSB-T-07",2023-09-22,NA,NA,NA
"TER-NFSB-T-07",2023-09-23,NA,NA,NA
"TER-NFSB-T-07",2023-09-24,NA,NA,NA
"TER-NFSB-T-07",2023-09-25,NA,NA,NA
"TER-NFSB-T-07",2023-09-26,NA,NA,NA
"TER-NFSB-T-07",2023-09-27,NA,NA,NA
"TER-NFSB-T-07",2023-09-28,NA,NA,NA
"TER-NFSB-T-07",2023-09-29,NA,NA,NA
"TER-NFSB-T-07",2023-09-30,NA,NA,NA
"TER-NFSB-T-07",2023-10-01,NA,NA,NA
"TER-NFSB-T-07",2023-10-02,NA,NA,NA
"TER-NFSB-T-07",2023-10-03,NA,NA,NA
"TER-NFSB-T-07",2023-10-04,NA,NA,NA
"TER-NFSB-T-07",2023-10-05,NA,NA,NA
"TER-NFSB-T-07",2023-10-06,NA,NA,NA
"TER-NFSB-T-07",2023-10-07,NA,NA,NA
"TER-NFSB-T-07",2023-10-08,NA,NA,NA
"TER-NFSB-T-07",2023-10-09,NA,NA,NA
"TER-NFSB-T-07",2023-10-10,NA,NA,NA
"TER-NFSB-T-07",2023-10-11,NA,NA,NA
"TER-NFSB-T-07",2023-10-12,NA,NA,NA
"TER-NFSB-T-07",2023-10-13,NA,NA,NA
"TER-NFSB-T-07",2023-10-14,NA,NA,NA
"TER-NFSB-T-07",2023-10-15,NA,NA,NA
"TER-NFSB-T-07",2023-10-16,NA,NA,NA
"TER-NFSB-T-07",2023-10-17,NA,NA,NA
"TER-NFSB-T-07",2023-10-18,NA,NA,NA
"TER-NFSB-T-07",2023-10-19,NA,NA,NA
"TER-NFSB-T-07",2023-10-20,NA,NA,NA
"TER-NFSB-T-07",2023-10-21,NA,NA,NA
"TER-NFSB-T-07",2023-10-22,NA,NA,NA
"TER-NFSB-T-07",2023-10-23,NA,NA,NA
"TER-NFSB-T-07",2023-10-24,NA,NA,NA
"TER-NFSB-T-07",2023-10-25,NA,NA,NA
"TER-NFSB-T-07",2023-10-26,NA,NA,NA
"TER-NFSB-T-07",2023-10-27,NA,NA,NA
"TER-NFSB-T-07",2023-10-28,NA,NA,NA
"TER-NFSB-T-07",2023-10-29,NA,NA,NA
"TER-NFSB-T-07",2023-10-30,NA,NA,NA
"TER-NFSB-T-07",2023-10-31,NA,NA,NA
"TER-NFSB-T-07",2023-11-01,NA,NA,NA
"TER-NFSB-T-07",2023-11-02,NA,NA,NA
"TER-NFSB-T-07",2023-11-03,NA,NA,NA
"TER-NFSB-T-07",2023-11-04,NA,NA,NA
"TER-NFSB-T-07",2023-11-05,NA,NA,NA
"TER-NFSB-T-07",2023-11-06,NA,NA,NA
"TER-NFSB-T-07",2023-11-07,NA,NA,NA
"TER-NFSB-T-07",2023-11-08,NA,NA,NA
"TER-NFSB-T-07",2023-11-09,NA,NA,NA
"TER-NFSB-T-07",2023-11-10,NA,NA,NA
"TER-NFSB-T-07",2023-11-11,NA,NA,NA
"TER-NFSB-T-07",2023-11-12,NA,NA,NA
"TER-NFSB-T-07",2023-11-13,NA,NA,NA
"TER-NFSB-T-07",2023-11-14,NA,NA,NA
"TER-NFSB-T-07",2023-11-15,NA,NA,NA
"TER-NFSB-T-07",2023-11-16,NA,NA,NA
"TER-NFSB-T-07",2023-11-17,NA,NA,NA
"TER-NFSB-T-07",2023-11-18,NA,NA,NA
"TER-NFSB-T-07",2023-11-19,NA,NA,NA
"TER-NFSB-T-07",2023-11-20,NA,NA,NA
"TER-NFSB-T-07",2023-11-21,NA,NA,NA
"TER-NFSB-T-07",2023-11-22,NA,NA,NA
"TER-NFSB-T-07",2023-11-23,NA,NA,NA
"TER-NFSB-T-07",2023-11-24,NA,NA,NA
"TER-NFSB-T-07",2023-11-25,NA,NA,NA
"TER-NFSB-T-07",2023-11-26,NA,NA,NA
"TER-NFSB-T-07",2023-11-27,NA,NA,NA
"TER-NFSB-T-07",2023-11-28,NA,NA,NA
"TER-NFSB-T-07",2023-11-29,NA,NA,NA
"TER-NFSB-T-07",2023-11-30,NA,NA,NA
"TER-NFSB-T-07",2023-12-01,NA,NA,NA
"TER-NFSB-T-07",2023-12-02,NA,NA,NA
"TER-NFSB-T-07",2023-12-03,NA,NA,NA
"TER-NFSB-T-07",2023-12-04,NA,NA,NA
"TER-NFSB-T-07",2023-12-05,NA,NA,NA
"TER-NFSB-T-07",2023-12-06,NA,NA,NA
"TER-NFSB-T-07",2023-12-07,NA,NA,NA
"TER-NFSB-T-07",2023-12-08,NA,NA,NA
"TER-NFSB-T-07",2023-12-09,NA,NA,NA
"TER-NFSB-T-07",2023-12-10,NA,NA,NA
"TER-NFSB-T-07",2023-12-11,NA,NA,NA
"TER-NFSB-T-07",2023-12-12,0,0.0276778084188518,0.0365211339385946
"TER-NFSB-T-07",2023-12-13,0,0.00306786234796098,0.00900370815482521
"TER-NFSB-T-07",2023-12-14,0,0,0
"TER-NFSB-T-07",2023-12-15,0,0,0
"TER-NFSB-T-07",2023-12-16,0,0,0
"TER-NFSB-T-07",2023-12-17,0,0,0
"TER-NFSB-T-07",2023-12-18,0,0,0
"TER-NFSB-T-07",2023-12-19,0,0,0
"TER-NFSB-T-07",2023-12-20,0,0,0
"TER-NFSB-T-07",2023-12-21,0,0,0
"TER-NFSB-T-07",2023-12-22,0,0.0179692044821475,0.0208148382164629
"TER-NFSB-T-07",2023-12-23,0,0.0406870445802919,0.0292494991599096
"TER-NFSB-T-07",2023-12-24,0,0.0415440239017353,0.0412395716525363
"TER-NFSB-T-07",2023-12-25,0,0,0
"TER-NFSB-T-07",2023-12-26,0,0,0
"TER-NFSB-T-07",2023-12-27,0,0.00105824655670748,0
"TER-NFSB-T-07",2023-12-28,0,0.00534988879295245,0.00363583922602039
"TER-NFSB-T-07",2023-12-29,0,0.00349538987439984,0
"TER-NFSB-T-07",2023-12-30,0,0.0137328464845992,0.0208690868910934
"TER-NFSB-T-07",2023-12-31,0,0.0288524004605994,0.0228838800751395
"TER-NFSB-T-07",2024-01-01,0,0.0035402624080714,0
"TER-NFSB-T-07",2024-01-02,0,0.0150164301107529,0
"TER-NFSB-T-07",2024-01-03,0,0.0510131539546636,0.036949266507079
"TER-NFSB-T-07",2024-01-04,0,0.00737965428445983,0
"TER-NFSB-T-07",2024-01-05,0,0.00566796541031248,0
"TER-NFSB-T-07",2024-01-06,0,0.0188538691640833,0
"TER-NFSB-T-07",2024-01-07,0,0.0291573564330615,0
"TER-NFSB-T-07",2024-01-08,0,0.0332175246452109,0.011801220185593
"TER-NFSB-T-07",2024-01-09,0,0.00463797106749744,0
"TER-NFSB-T-07",2024-01-10,0,0.00640719475707283,0
"TER-NFSB-T-07",2024-01-11,NA,0.00838730385417134,0
"TER-NFSB-T-07",2024-01-12,NA,0.0159143262413131,0
"TER-NFSB-T-07",2024-01-13,NA,0.00871123160022592,0
"TER-NFSB-T-07",2024-01-14,NA,0.0177917995705406,0
"TER-NFSB-T-07",2024-01-15,NA,0.0156681033212036,0
"TER-NFSB-T-07",2024-01-16,NA,0.0120405404808867,0
"TER-NFSB-T-07",2024-01-17,NA,0.0107087623507713,0
"TER-NFSB-T-07",2024-01-18,NA,0.00964228595607185,0
"TER-NFSB-T-07",2024-01-19,NA,0.0127758109264006,0
"TER-NFSB-T-07",2024-01-20,NA,0.0355407019601342,0.0105708484807953
"TER-NFSB-T-07",2024-01-21,NA,0.00522583964704365,0
"TER-NFSB-T-07",2024-01-22,NA,0.00499432353078372,0
"TER-NFSB-T-07",2024-01-23,NA,0.00429058747255444,0
"TER-NFSB-T-07",2024-01-24,NA,0.00295547796033564,0
"TER-NFSB-T-07",2024-01-25,NA,0.0129409454384809,0
"TER-NFSB-T-07",2024-01-26,NA,0.00496983646006216,0
"TER-NFSB-T-07",2024-01-27,NA,0.00969157385043135,0
"TER-NFSB-T-07",2024-01-28,NA,0.0310129062663491,0.0282874988053627
"TER-NFSB-T-07",2024-01-29,NA,0.0133386430930827,0.0180496320220055
"TER-NFSB-T-07",2024-01-30,NA,0.0113944502402621,0.00487882340337898
"TER-NFSB-T-07",2024-01-31,NA,0.0266046673467737,0.029428903220186
"TER-NFSB-T-07",2024-02-01,NA,0.00744672650022025,0
"TER-NFSB-T-07",2024-02-02,NA,0.00987693085977084,0.00700532969602783
"TER-NFSB-T-07",2024-02-03,NA,0.0199511117537621,0.0334691375083551
"TER-NFSB-T-07",2024-02-04,NA,0.0132841206629221,0.0176081574014915
"TER-NFSB-T-07",2024-02-05,NA,0.00700914655259958,0.00129592777951808
"TER-NFSB-T-07",2024-02-06,NA,0.00440524747684447,0
"TER-NFSB-T-07",2024-02-07,NA,0.00560797240276715,0
"TER-NFSB-T-07",2024-02-08,NA,0.012608572030919,0
"TER-NFSB-T-07",2024-02-09,NA,0.00818258293738421,0.00684985882615178
"TER-NFSB-T-07",2024-02-10,NA,0.013713909155103,0
"TER-NFSB-T-07",2024-02-11,NA,0.00741809366705666,0
"TER-NFSB-T-07",2024-02-12,NA,0.00339441234468881,0
"TER-NFSB-T-07",2024-02-13,NA,0.00490082624695582,0
"TER-NFSB-T-07",2024-02-14,NA,0.0165181349773318,0.0120870933358786
"TER-NFSB-T-07",2024-02-15,NA,0.00207425434476601,0.0107738786587851
"TER-NFSB-T-07",2024-02-16,NA,0.00308815807079715,0
"TER-NFSB-T-07",2024-02-17,NA,0.00871832440920557,0.0142182730543035
"TER-NFSB-T-07",2024-02-18,NA,0.0602989525821691,0.0601934488909215
"TER-NFSB-T-07",2024-02-19,NA,0.0310895727199411,0.0426454926494885
"TER-NFSB-T-07",2024-02-20,NA,0.02750469793178,0.029902020657375
"TER-NFSB-T-07",2024-02-21,NA,0.0357839868801023,0.0412457651655751
"TER-NFSB-T-07",2024-02-22,NA,0.0246852968664718,0.046435144898045
"TER-NFSB-T-07",2024-02-23,NA,0.0648465269463179,0.0735920056799066
"TER-NFSB-T-07",2024-02-24,NA,0.03909078391455,0.043172699614658
"TER-NFSB-T-07",2024-02-25,NA,0.0152601869394913,0.0176596442058757
"TER-NFSB-T-07",2024-02-26,NA,0.0364327020600762,0.0537022575639967
"TER-NFSB-T-07",2024-02-27,NA,0.0629616133360717,0.0651485725710286
"TER-NFSB-T-07",2024-02-28,NA,0.0855896709798931,0.0832064022069227
"TER-NFSB-T-07",2024-02-29,NA,0.0489328545708029,0.0548392524197642
"TER-NFSB-T-07",2024-03-01,NA,0.0644025748574039,0.0578307743101393
"TER-NFSB-T-07",2024-03-02,NA,0.0727179263329326,0.0668231522849607
"TER-NFSB-T-07",2024-03-03,NA,0.0289468201254718,0.0303445288858491
"TER-NFSB-T-07",2024-03-04,NA,0.0243769880032461,0.0354832386220515
"TER-NFSB-T-07",2024-03-05,NA,0.0219846068392672,0.0316750058252604
"TER-NFSB-T-07",2024-03-06,NA,0.0105276705651,0.00958329653270133
"TER-NFSB-T-07",2024-03-07,NA,0.0120165939025909,0.00956991625457708
"TER-NFSB-T-07",2024-03-08,NA,0.0223591051555177,0.0245297968945135
"TER-NFSB-T-07",2024-03-09,NA,0.00887928277065996,0.00582122442730165
"TER-NFSB-T-07",2024-03-10,NA,0.0190905317447783,0.0306943791991378
"TER-NFSB-T-07",2024-03-11,NA,0.00991154200232435,0.00572475867331037
"TER-NFSB-T-07",2024-03-12,NA,0.0495319096118409,0.0528821248255236
"TER-NFSB-T-07",2024-03-13,NA,0.0520592224929015,0.062163055838977
"TER-NFSB-T-07",2024-03-14,NA,0.00922148302295048,0.0125071386681731
"TER-NFSB-T-07",2024-03-15,NA,0.0111419218656683,0.00552043539112755
"TER-NFSB-T-07",2024-03-16,NA,0.0851554131417127,0.123716607447443
"TER-NFSB-T-07",2024-03-17,0.0180904043390029,0.0586904113818223,0.0685546138826305
"TER-NFSB-T-07",2024-03-18,0.00534878389534118,0.00728733289173325,0.00579937730203792
"TER-NFSB-T-07",2024-03-19,0.00955331773755001,0.0563479907262592,0.0940256981689861
"TER-NFSB-T-07",2024-03-20,0.0295325241700032,0.115966953188143,0.19384380385319
"TER-NFSB-T-07",2024-03-21,0.0262675918328495,0.0646517046342775,0.0827369238925848
"TER-NFSB-T-07",2024-03-22,0.00582639291842635,0.00986423300630309,0.0128728415010084
"TER-NFSB-T-07",2024-03-23,0.00645452281627191,0.0131101957322908,0.0208211426572142
"TER-NFSB-T-07",2024-03-24,0.0116615173577407,0.0331776120856996,0.0624141304011535
"TER-NFSB-T-07",2024-03-25,0.00611032002111971,0.0191493289222447,0.0278174966245393
"TER-NFSB-T-07",2024-03-26,0.00374793560545245,0.00602615568634693,0.0117403131836835
"TER-NFSB-T-07",2024-03-27,0.0140226775129841,0.0243300822234454,0.0469953420093498
"TER-NFSB-T-07",2024-03-28,0.00766552884560978,0.0165304891895729,0.0229874978269222
"TER-NFSB-T-07",2024-03-29,0.0109507183520765,0.00997532318057145,0.00458587657656192
"TER-NFSB-T-07",2024-03-30,0.00753918756349027,0.00677301312849532,0.00569398466135785
"TER-NFSB-T-07",2024-03-31,0.0270770497474972,0.0588700813547833,0.124163282057249
"TER-NFSB-T-07",2024-04-01,0.0107399414766111,0.0215789393806443,0.0449421972841508
"TER-NFSB-T-07",2024-04-02,0.00441895087088046,0.00856335224001307,0.0111797472190613
"TER-NFSB-T-07",2024-04-03,0.00794752931395227,0.0122722922067904,0.00704189142543603
"TER-NFSB-T-07",2024-04-04,0.0104706319852209,0.0213787922887982,0.0314191967241017
"TER-NFSB-T-07",2024-04-05,0.00561968657501517,0.0140078926476583,0.0141210585772753
"TER-NFSB-T-07",2024-04-06,0.0126233828859517,0.0420651966388318,0.0537468426492363
"TER-NFSB-T-07",2024-04-07,0.0143592055750685,0.0132914328417591,0.0198226802944429
"TER-NFSB-T-07",2024-04-08,0.0106094715473191,0.0194521329399065,0.00984082634249639
"TER-NFSB-T-07",2024-04-09,0.00403413476974773,0.00790312653931722,0.00622192548472847
"TER-NFSB-T-07",2024-04-10,0.000189231264671189,0.00388503866490596,0.0038832899609027
"TER-NFSB-T-07",2024-04-11,0.00920766992153463,0.0166847286360077,0.0125434510147361
"TER-NFSB-T-07",2024-04-12,0.0144889702145797,0.0322874625345674,0.0483435723397757
"TER-NFSB-T-07",2024-04-13,0.00138499334161119,0.00908850934529818,0.00594454640753056
"TER-NFSB-T-07",2024-04-14,0,0.00521150664657789,0.00457275077079595
"TER-NFSB-T-07",2024-04-15,0,0.0134467643878972,0.00706876060099995
"TER-NFSB-T-07",2024-04-16,0.00421934185642634,0.0106533761313526,0.00986492451894438
"TER-NFSB-T-07",2024-04-17,0.00830738926243428,0.0137058819853127,0.0128372948092236
"TER-NFSB-T-07",2024-04-18,0.0055276389256583,0.014640192944538,0.0147979697921627
"TER-NFSB-T-07",2024-04-19,0.0122207565915882,0.023260790463841,0.033053570420482
"TER-NFSB-T-07",2024-04-20,0.00976769471341888,0.0611819900074294,0.0654761280039772
"TER-NFSB-T-07",2024-04-21,0.00639157755826056,0.0172387666313434,0.0200687454695092
"TER-NFSB-T-07",2024-04-22,0,0.0104629913062996,0.0124001925252551
"TER-NFSB-T-07",2024-04-23,0,0.00654914796356418,0.0102788509310682
"TER-NFSB-T-07",2024-04-24,0,0.0154621686725034,0.0190071844660241
"TER-NFSB-T-07",2024-04-25,0.021781659562862,0.05704307814234,0.108081916915124
"TER-NFSB-T-07",2024-04-26,0.0088626728341269,0.0204508985374155,0.0276709841201811
"TER-NFSB-T-07",2024-04-27,0.0212367542447638,0.0686780107955502,0.079714904761549
"TER-NFSB-T-07",2024-04-28,0.0439565934377877,0.140404609478155,0.168877538783614
"TER-NFSB-T-07",2024-04-29,0.0498438397477228,0.157986881607709,0.178657992079175
"TER-NFSB-T-07",2024-04-30,0.0299550623361066,0.123219023598044,0.168015645026746
"TER-NFSB-T-07",2024-05-01,0.0107238252521906,0.0105728906644948,0.0155601338311609
"TER-NFSB-T-07",2024-05-02,0.00813274549705547,0.00980241457793349,0.00888985845622722
"TER-NFSB-T-07",2024-05-03,0.012245966752805,0.0247816403712141,0.0316168371997689
"TER-NFSB-T-07",2024-05-04,0.0243519608545563,0.0840536965779967,0.133279926139745
"TER-NFSB-T-07",2024-05-05,0.0619864437054336,0.229655214732034,0.304290417130549
"TER-NFSB-T-07",2024-05-06,0.00554281418657132,0.00775561596669679,0.0107145757651355
"TER-NFSB-T-07",2024-05-07,0.00908316516520746,0.0178710313044164,0.0173252163157988
"TER-NFSB-T-07",2024-05-08,0.00868235938318103,0.0303243048832493,0.0465924092117087
"TER-NFSB-T-07",2024-05-09,0.0239928772978431,0.135281052375467,0.211711492001504
"TER-NFSB-T-07",2024-05-10,0.0304076018493958,0.230858486371704,0.281955833424756
"TER-NFSB-T-07",2024-05-11,0.0793450227661571,0.24883253493124,0.302994783866661
"TER-NFSB-T-07",2024-05-12,0.0994608626352522,0.282696158614727,0.322082192146307
"TER-NFSB-T-07",2024-05-13,0.0123244484400946,0.0126299033192297,0.0177580024231285
"TER-NFSB-T-07",2024-05-14,0.037550275861226,0.105764415898173,0.118903664260564
"TER-NFSB-T-07",2024-05-15,0.0239330782706501,0.0676566654210321,0.0879047682098919
"TER-NFSB-T-07",2024-05-16,0.00932003988043078,0.0140432401609016,0.0201937788852408
"TER-NFSB-T-07",2024-05-17,0.0176855589774721,0.0532191388823497,0.080434524919041
"TER-NFSB-T-07",2024-05-18,0.0176591727108836,0.118238929531814,0.137413028612638
"TER-NFSB-T-07",2024-05-19,0.0343449711817549,0.143367694451089,0.176026252664963
"TER-NFSB-T-07",2024-05-20,0.0201593201304781,0.103174818776173,0.116416266755033
"TER-NFSB-T-07",2024-05-21,0.0119779253378122,0.0237644650441154,0.0386262468260899
"TER-NFSB-T-07",2024-05-22,0.0127430612873225,0.0267772226993645,0.0405386943058615
"TER-NFSB-T-07",2024-05-23,0.00590133635822894,0.00534288666963565,0.0033600214795663
"TER-NFSB-T-07",2024-05-24,0.00937420549610122,0.042167902831028,0.0582789272069096
"TER-NFSB-T-07",2024-05-25,0.0248662605897996,0.189789153213401,0.236482012498687
"TER-NFSB-T-07",2024-05-26,0.0322340523464513,0.249991116441628,0.259318677000628
"TER-NFSB-T-07",2024-05-27,0.0148217910182977,0.100571475325073,0.113413542312556
"TER-NFSB-T-07",2024-05-28,0.0121969107493225,0.0471315071941324,0.0684800832408218
"TER-NFSB-T-07",2024-05-29,0.0116162065230673,0.00815685530214887,0.00690905786828716
"TER-NFSB-T-07",2024-05-30,0.0130426419641158,0.0915134976234435,0.130508322405195
"TER-NFSB-T-07",2024-05-31,0,0.01536457330202,0.0208802356540712
"TER-NFSB-T-07",2024-06-01,0.00875942151851658,0.046992232317475,0.0686449314944065
"TER-NFSB-T-07",2024-06-02,0.0108178207608935,0.0428949352793327,0.0632407649951007
"TER-NFSB-T-07",2024-06-03,0,0.0250990402655803,0.0287641197251591
"TER-NFSB-T-07",2024-06-04,0.0134321450055856,0.0496522300488698,0.0610343440153481
"TER-NFSB-T-07",2024-06-05,0.00461079603851336,0.0178880546649969,0.0244014775324437
"TER-NFSB-T-07",2024-06-06,NA,0.0503936737330306,0.0743164410861955
"TER-NFSB-T-07",2024-06-07,NA,0.10076090086902,0.129806842846727
"TER-NFSB-T-07",2024-06-08,NA,0.14399476436688,0.16098517373888
"TER-NFSB-T-07",2024-06-09,NA,0.0910581598330992,0.11172444719489
"TER-NFSB-T-07",2024-06-10,NA,0.104050279390592,0.124237292446645
"TER-NFSB-T-07",2024-06-11,NA,0.098365638686357,0.138232284742998
"TER-NFSB-T-07",2024-06-12,NA,0.366205969225114,0.385709933665161
"TER-NFSB-T-07",2024-06-13,NA,0.0407260959942353,0.0568509833385308
"TER-NFSB-T-07",2024-06-14,NA,0.0714976066368784,0.0957987941213236
"TER-NFSB-T-07",2024-06-15,NA,0.234685721105168,0.27395540516145
"TER-NFSB-T-07",2024-06-16,NA,0.150377357666413,0.182565767791042
"TER-NFSB-T-07",2024-06-17,NA,NA,NA
"TER-NFSB-T-07",2024-06-18,0.0323854046868915,0.130010988263549,0.148606446183916
"TER-NFSB-T-07",2024-06-19,0.0300306429535349,0.120722858225766,0.157220618644948
"TER-NFSB-T-07",2024-06-20,0.0554480177514797,0.186170460403518,0.211003008430765
"TER-NFSB-T-07",2024-06-21,0.0735402342794503,0.26675613003839,0.268822864053951
"TER-NFSB-T-07",2024-06-22,0.0128739563843305,0.0300706322713162,0.0294258722172186
"TER-NFSB-T-07",2024-06-23,0.00700830519379976,0.0310489656324583,0.0424598339859781
"TER-NFSB-T-07",2024-06-24,0.00868442724851088,0.0148018780951388,0.0170061839012264
"TER-NFSB-T-07",2024-06-25,0.0196412626345938,0.0994583232292825,0.114646206944623
"TER-NFSB-T-07",2024-06-26,0.0601937616238589,0.264244769714296,0.27094835617128
"TER-NFSB-T-07",2024-06-27,0.0282130118705358,0.0964726580133996,0.118435077558345
"TER-NFSB-T-07",2024-06-28,0.043408193825233,0.140265906750546,0.162913132573287
"TER-NFSB-T-07",2024-06-29,0.00685426125009702,0.0327969389130226,0.0430606240692423
"TER-NFSB-T-07",2024-06-30,0.00663565585787711,0.0108336759642608,0.0218049739740009
"TER-NFSB-T-07",2024-07-01,0.0458175133075235,0.222886072607155,0.253700976065094
"TER-NFSB-T-07",2024-07-02,0.0757255700878099,0.225544000799607,0.251967873440579
"TER-NFSB-T-07",2024-07-03,0.0285175435237202,0.125039704798019,0.119430189234591
"TER-NFSB-T-07",2024-07-04,0.0832447512858591,0.197311340864985,0.215226077043867
"TER-NFSB-T-07",2024-07-05,0.0922008201455225,0.255728240229762,0.254309263317385
"TER-NFSB-T-07",2024-07-06,0.0523883132913221,0.126151544960013,0.152916150089342
"TER-NFSB-T-07",2024-07-07,0.0712155688728509,0.177815700284995,0.214098739930618
"TER-NFSB-T-07",2024-07-08,0.0132572941044313,0.0177760565433322,0.0184328549209494
"TER-NFSB-T-07",2024-07-09,0.00761035199898564,0.00839753036208994,0.0138191771758036
"TER-NFSB-T-07",2024-07-10,0.034992459772359,0.109116409509429,0.138232754530626
"TER-NFSB-T-07",2024-07-11,0.0215707949547415,0.107970994981758,0.119290384501099
"TER-NFSB-T-07",2024-07-12,0.0105330631954091,0.030716459955584,0.0428733448726424
"TER-NFSB-T-07",2024-07-13,0.00787319041320009,0.058297533101416,0.027838611622819
"TER-NFSB-T-07",2024-07-14,0.0310310820710284,0.16495651014126,0.197333311598744
"TER-NFSB-T-07",2024-07-15,0.00709098861809859,0.0112369418792195,0.0197188062763765
"TER-NFSB-T-07",2024-07-16,0.0110438055637288,0.0767969756683119,0.104455647948368
"TER-NFSB-T-07",2024-07-17,0.00541692879280044,0.0116578613936251,0.0141417053680568
"TER-NFSB-T-07",2024-07-18,0.0115991540989301,0.0439650439519768,0.0627386619433568
"TER-NFSB-T-07",2024-07-19,0.0388970790640727,0.267018910945742,0.251304592581169
"TER-NFSB-T-07",2024-07-20,0.0521812237782532,0.211708879898414,0.223948773341066
"TER-NFSB-T-07",2024-07-21,0.0840817170821939,0.277913302304028,0.275324301613025
"TER-NFSB-T-07",2024-07-22,0.0326618133125237,0.128241161813991,0.151763979808333
"TER-NFSB-T-07",2024-07-23,0.0356321519715914,0.142565418327,0.149899086040341
"TER-NFSB-T-07",2024-07-24,0.032557837084131,0.132579765706996,0.188901746463338
"TER-NFSB-T-07",2024-07-25,0.0497088121728777,0.14758465128808,0.23706430175621
"TER-NFSB-T-07",2024-07-26,0.0268946887896788,0.086429393418201,0.0918515461728471
"TER-NFSB-T-07",2024-07-27,0.00869443688545775,0.0573440107522531,0.0587496401711119
"TER-NFSB-T-07",2024-07-28,0.0296666308200381,0.177244608030419,0.190452166634855
"TER-NFSB-T-07",2024-07-29,0.0121976917350786,0.0793298698458694,0.0892264670905339
"TER-NFSB-T-07",2024-07-30,0.0185459327777541,0.0487261390214592,0.099570491247394
"TER-NFSB-T-07",2024-07-31,0.00941178379038997,0.0377704785060304,0.0479038577830039
"TER-NFSB-T-07",2024-08-01,0.0282162533649298,0.157540373027201,0.233259734802542
"TER-NFSB-T-07",2024-08-02,0.0141658380136143,0.0807974032903258,0.163171102919284
"TER-NFSB-T-07",2024-08-03,0.0427322212125671,0.176613110308966,0.327737163666247
"TER-NFSB-T-07",2024-08-04,0.106963820538033,0.299312713212356,0.386100862533975
"TER-NFSB-T-07",2024-08-05,0.122732745818212,0.308890949979728,0.421706748202229
"TER-NFSB-T-07",2024-08-06,0.0133620707784733,0.0266634675535464,0.0351511027750552
"TER-NFSB-T-07",2024-08-07,0.0177246568692431,0.0843294222666809,0.145364601495947
"TER-NFSB-T-07",2024-08-08,0.0313596411000742,0.1586889824969,0.311506027931109
"TER-NFSB-T-07",2024-08-09,0.0274561311553187,0.135839925118167,0.420912624611891
"TER-NFSB-T-07",2024-08-10,0.0179459788386928,0.0626494988745911,0.0686461191826768
"TER-NFSB-T-07",2024-08-11,0.0109486234104187,0.044009348581544,0.0679391512238159
"TER-NFSB-T-07",2024-08-12,0.0336009433216513,0.222584522295757,0.315520458622608
"TER-NFSB-T-07",2024-08-13,0.0601919387940214,0.177127541107404,0.226806342697433
"TER-NFSB-T-07",2024-08-14,0.0745470690916679,0.250195420839655,0.444384498390532
"TER-NFSB-T-07",2024-08-15,0.0595020268853835,0.175576852336758,0.313646486173207
"TER-NFSB-T-07",2024-08-16,NA,0.223868953410138,0.33155505632658
"TER-NFSB-T-07",2024-08-17,NA,0.139814107818947,0.291124218327922
"TER-NFSB-T-07",2024-08-18,NA,0.183145597906879,0.37440732522887
"TER-NFSB-T-07",2024-08-19,NA,0.352411385960568,0.541955962486775
"TER-NFSB-T-07",2024-08-20,NA,0.0520162598809489,0.239300927973864
"TER-NFSB-T-07",2024-08-21,NA,0.0905736377694355,0.137520811860236
"TER-NFSB-T-07",2024-08-22,NA,0.297550489213416,0.5624291177236
"TER-NFSB-T-07",2024-08-23,NA,0.134932352064071,0.188314450173311
"TER-NFSB-T-07",2024-08-24,NA,0.041753075596644,0.127584223026688
"TER-NFSB-T-07",2024-08-25,NA,0.177332697052997,0.376803939558854
"TER-NFSB-T-07",2024-08-26,NA,0.0124422839467206,0.0456411929363646
"TER-NFSB-T-07",2024-08-27,NA,0.0858694691248262,0.143523145908486
"TER-NFSB-T-07",2024-08-28,NA,0.187230438843564,0.417508000836352
"TER-NFSB-T-07",2024-08-29,NA,0.150791008040067,0.198594250760397
"TER-NFSB-T-07",2024-08-30,NA,0.217746057417778,0.424320829987463
"TER-NFSB-T-07",2024-08-31,NA,0.150812364929106,0.357690871043648
"TER-NFSB-T-07",2024-09-01,NA,0.0231092211579639,0.0855268532457088
"TER-NFSB-T-07",2024-09-02,NA,0.0579100373496407,0.105212481842938
"TER-NFSB-T-07",2024-09-03,NA,0.154860921582158,0.206259369348991
"TER-NFSB-T-07",2024-09-04,NA,0.124650469068327,0.160573261613813
"TER-NFSB-T-07",2024-09-05,NA,0.139319570086481,0.258890547515316
"TER-NFSB-T-07",2024-09-06,NA,0.11558681121986,0.149424719005677
"TER-NFSB-T-07",2024-09-07,NA,0.064261059292887,0.105555646196678
"TER-NFSB-T-07",2024-09-08,NA,0.0101557529099618,0.0255025796767745
"TER-NFSB-T-07",2024-09-09,NA,0.0222382203472314,0.0439879326680711
"TER-NFSB-T-07",2024-09-10,NA,0.0163852880753298,0.0540015232007148
"TER-NFSB-T-07",2024-09-11,NA,0.0526369159691781,0.115137658764461
"TER-NFSB-T-07",2024-09-12,NA,0.153021964278754,0.220170240567977
"TER-NFSB-T-07",2024-09-13,NA,0.135697663208172,0.177806686476271
"TER-NFSB-T-07",2024-09-14,NA,0.086217381114115,0.126647328353645
"TER-NFSB-T-07",2024-09-15,NA,0.178963295434094,0.207420157565028
"TER-NFSB-T-07",2024-09-16,NA,0.0148259552712337,0.0250726627433519
"TER-NFSB-T-07",2024-09-17,NA,NA,NA
"TER-NFSB-T-07",2024-09-18,NA,0.0947948298148981,0.13118654076281
"TER-NFSB-T-07",2024-09-19,NA,0.0403615404395536,0.0645636723469524
"TER-NFSB-T-07",2024-09-20,NA,0.0173327311603673,0.0208299618288027
"TER-NFSB-T-07",2024-09-21,NA,0.0823858603606913,0.170367768865911
"TER-NFSB-T-07",2024-09-22,NA,0.074467144750567,0.0922624288512058
"TER-NFSB-T-07",2024-09-23,NA,0.166097024520239,0.204232240504753
"TER-NFSB-T-07",2024-09-24,NA,0.0579528089301553,0.0716545127354437
"TER-NFSB-T-07",2024-09-25,NA,0.0171226157269617,0.0175575613872052
"TER-NFSB-T-07",2024-09-26,NA,0.026009089796276,0.0694290576308808
"TER-NFSB-T-07",2024-09-27,NA,0.0224097124306244,0.0178775409625178
"TER-NFSB-T-07",2024-09-28,NA,0.0147219176144775,0.0217692900890258
"TER-NFSB-T-07",2024-09-29,NA,0.0139437362047448,0.00460485541756253
"TER-NFSB-T-07",2024-09-30,NA,0.0140297368363713,0.0153325732514641
"TER-NFSB-T-07",2024-10-01,NA,0.0106177301937625,0.00742285941858241
"TER-NFSB-T-07",2024-10-02,NA,0.00813291588396143,0.00231409462646885
"TER-NFSB-T-07",2024-10-03,NA,0.00999595339169774,0.00224311652718717
"TER-NFSB-T-07",2024-10-04,NA,0.0134964065022989,0.00204149230502055
"TER-NFSB-T-07",2024-10-05,NA,0.023570235735901,0.0493369251134647
"TER-NFSB-T-07",2024-10-06,NA,0.0202857062183293,0.0571906512001243
"TER-NFSB-T-07",2024-10-07,NA,0.0562073497208661,0.0603347279369629
"TER-NFSB-T-07",2024-10-08,NA,0.0188307600923227,0.0459833164217749
"TER-NFSB-T-07",2024-10-09,NA,0.011426540216263,0.0194175813610422
"TER-NFSB-T-07",2024-10-10,NA,0.0149310245475754,0.00486889125467524
"TER-NFSB-T-07",2024-10-11,NA,0.0609567787836831,0.0764537210924913
"TER-NFSB-T-07",2024-10-12,NA,0.092877182747543,0.120116149174568
"TER-NFSB-T-07",2024-10-13,NA,0.0115344262012015,0.010010549714519
"TER-NFSB-T-07",2024-10-14,NA,0.0234815013027591,0.00568753732705933
"TER-NFSB-T-07",2024-10-15,NA,0.018448075891498,0.02140683789485
"TER-NFSB-T-07",2024-10-16,NA,0.0673234194926897,0.10313178840031
"TER-NFSB-T-07",2024-10-17,NA,0.0562239146021428,0.0736199199736146
"TER-NFSB-T-07",2024-10-18,NA,0.0513988544677095,0.0791987869638835
"TER-NFSB-T-07",2024-10-19,NA,0.00521831215869419,0.00265017386511375
"TER-NFSB-T-07",2024-10-20,NA,0.0195581557934216,0.0149995175140132
"TER-NFSB-T-07",2024-10-21,NA,0.0267344560183013,0.0620304870303653
"TER-NFSB-T-07",2024-10-22,NA,0.0234008053174365,0.0418789968066402
"TER-NFSB-T-07",2024-10-23,NA,0.015395711909053,0.00528321445099757
"TER-NFSB-T-07",2024-10-24,NA,0.0557543996664638,0.0955601283213099
"TER-NFSB-T-07",2024-10-25,NA,0.0606780500248167,0.0945332212992129
"TER-NFSB-T-07",2024-10-26,NA,0.0447931511804209,0.0610645838626407
"TER-NFSB-T-07",2024-10-27,NA,0.0256834089759228,0.0336754410756406
"TER-NFSB-T-07",2024-10-28,NA,0.0540798540589741,0.0769178627998786
"TER-NFSB-T-07",2024-10-29,NA,0.0348286731900521,0.047999966560336
"TER-NFSB-T-07",2024-10-30,NA,0.0104171047236554,0.00605216698180385
"TER-NFSB-T-07",2024-10-31,NA,0.00880517501871732,0
"TER-NFSB-T-07",2024-11-01,NA,0.00606292909440057,0
"TER-NFSB-T-07",2024-11-02,NA,0.0197755683873766,0.00958925688876532
"TER-NFSB-T-07",2024-11-03,NA,0.0119027283339624,0
"TER-NFSB-T-07",2024-11-04,NA,0.0452841525037565,0.033793448472677
"TER-NFSB-T-07",2024-11-05,NA,0.0119041736794148,0.0108527115143072
"TER-NFSB-T-07",2024-11-06,NA,0.0134138737915358,0.0141282066699342
"TER-NFSB-T-07",2024-11-07,NA,0.0274108814975313,0.0480937568200408
"TER-NFSB-T-07",2024-11-08,NA,0.0164772408811505,0.00800751833944931
"TER-NFSB-T-07",2024-11-09,NA,0.0164514480178894,0.00861787472491953
"TER-NFSB-T-07",2024-11-10,NA,0.00781841813040456,0
"TER-NFSB-T-07",2024-11-11,NA,0.00568357092599875,0
"TER-NFSB-T-07",2024-11-12,NA,0.00163376833062739,0
"TER-NFSB-T-07",2024-11-13,NA,0.00866650236899367,0
"TER-NFSB-T-07",2024-11-14,NA,0.00993674578878041,0
"TER-NFSB-T-07",2024-11-15,NA,0.0146833036987092,0.00493601534177313
"TER-NFSB-T-07",2024-11-16,NA,0.0152714517147109,0.0276748029341143
"TER-NFSB-T-07",2024-11-17,NA,0.00657886561172411,0.00917466906892484
"TER-NFSB-T-07",2024-11-18,NA,0.00381173486012817,0.00694213916061916
"TER-NFSB-T-07",2024-11-19,NA,0.0183166710895236,NA
"TER-NFSB-T-07",2024-11-20,NA,0.0164620316389123,NA
"TER-NFSB-T-07",2024-11-21,NA,0.0055102930055472,NA
"TER-NFSB-T-07",2024-11-22,NA,0.00332361913576302,NA
"TER-NFSB-T-07",2024-11-23,NA,0.00522981323788039,NA
"TER-NFSB-T-07",2024-11-24,NA,0.00932372960312578,NA
"TER-NFSB-T-07",2024-11-25,NA,0.0140292204698309,NA
"TER-NFSB-T-07",2024-11-26,NA,0.0189956579959913,NA
"TER-NFSB-T-07",2024-11-27,NA,0.0135907348843242,NA
"TER-NFSB-T-07",2024-11-28,NA,0.00710587615369905,NA
"TER-NFSB-T-07",2024-11-29,NA,0.0135811785402081,NA
"TER-NFSB-T-07",2024-11-30,NA,0.00847871374522289,NA
"TER-NFSB-T-07",2024-12-01,NA,0.0132279080049107,NA
"TER-NFSB-T-07",2024-12-02,NA,0.00874988281628006,NA
"TER-NFSB-T-07",2024-12-03,NA,0.0070289052555853,NA
"TER-NFSB-T-07",2024-12-04,NA,0.0200768228793972,NA
"TER-NFSB-T-07",2024-12-05,NA,0.0141658086312688,NA
"TER-NFSB-T-07",2024-12-06,NA,0.00568455300032465,NA
"TER-NFSB-T-07",2024-12-07,NA,0.0119469991119685,NA
"TER-NFSB-T-07",2024-12-08,NA,0.016413789799166,NA
"TER-NFSB-T-07",2024-12-09,NA,0.0159557426420429,NA
"TER-NFSB-T-07",2024-12-10,NA,0.0164291940550598,NA
"TER-NFSB-T-07",2024-12-11,NA,0.00810269099341068,NA
"TER-NFSB-T-07",2024-12-12,NA,0.00725714194189214,NA
"TER-NFSB-T-07",2024-12-13,NA,0.00365131637449913,NA
"TER-NFSB-T-07",2024-12-14,NA,0.017638846999166,NA
"TER-NFSB-T-07",2024-12-15,NA,0.0114936047815822,NA
"TER-NFSB-T-07",2024-12-16,NA,0.0103390731013403,NA
"TER-NFSB-T-07",2024-12-17,NA,0.00844690891028347,NA
"TER-NFSB-T-07",2024-12-18,NA,NA,NA
"TER-NFSB-T-07",2024-12-19,NA,NA,NA
"TER-NFSB-T-07",2024-12-20,NA,NA,NA
"TER-NFSB-T-07",2024-12-21,NA,NA,NA
"TER-NFSB-T-07",2024-12-22,NA,NA,NA
"TER-NFSB-T-07",2024-12-23,NA,NA,NA
"TER-NFSB-T-07",2024-12-24,NA,NA,NA
"TER-NFSB-T-07",2024-12-25,NA,NA,NA
"TER-NFSB-T-07",2024-12-26,NA,NA,NA
"TER-NFSB-T-07",2024-12-27,NA,NA,NA
"TER-NFSB-T-07",2024-12-28,NA,NA,NA
"TER-NFSB-T-07",2024-12-29,NA,NA,NA
"TER-NFSB-T-07",2024-12-30,NA,NA,NA
"TER-NFSB-T-07",2024-12-31,NA,NA,NA
"TER-NFSB-T-07",2025-01-01,NA,NA,NA
"TER-NFSB-T-07",2025-01-02,NA,NA,NA
"TER-NFSB-T-07",2025-01-03,NA,NA,NA
"TER-NFSB-T-07",2025-01-04,NA,NA,NA
"TER-NFSB-T-07",2025-01-05,NA,NA,NA
"TER-NFSB-T-07",2025-01-06,NA,NA,NA
"TER-NFSB-T-07",2025-01-07,NA,NA,NA
"TER-NFSB-T-07",2025-01-08,NA,NA,NA
"TER-NFSB-T-07",2025-01-09,NA,NA,NA
"TER-NFSB-T-07",2025-01-10,NA,NA,NA
"TER-NFSB-T-07",2025-01-11,NA,NA,NA
"TER-NFSB-T-07",2025-01-12,NA,NA,NA
"TER-NFSB-T-07",2025-01-13,NA,NA,NA
"TER-NFSB-T-07",2025-01-14,NA,NA,NA
"TER-NFSB-T-07",2025-01-15,NA,NA,NA
"TER-NFSB-T-07",2025-01-16,NA,NA,NA
"TER-NFSB-T-07",2025-01-17,NA,NA,NA
"TER-NFSB-T-07",2025-01-18,NA,NA,NA
"TER-NFSB-T-07",2025-01-19,NA,NA,NA
"TER-NFSB-T-07",2025-01-20,NA,NA,NA
"TER-NFSB-T-07",2025-01-21,NA,NA,NA
"TER-NFSB-T-07",2025-01-22,NA,NA,NA
"TER-NFSB-T-07",2025-01-23,NA,NA,NA
"TER-NFSB-T-07",2025-01-24,NA,NA,NA
"TER-NFSB-T-07",2025-01-25,NA,NA,NA
"TER-NFSB-T-07",2025-01-26,NA,NA,NA
"TER-NFSB-T-07",2025-01-27,NA,NA,NA
"TER-NFSB-T-07",2025-01-28,NA,NA,NA
"TER-NFSB-T-07",2025-01-29,NA,NA,NA
"TER-NFSB-T-07",2025-01-30,NA,NA,NA
"TER-NFSB-T-07",2025-01-31,NA,NA,NA
"TER-NFSB-T-07",2025-02-01,NA,NA,NA
"TER-NFSB-T-07",2025-02-02,NA,NA,NA
"TER-NFSB-T-07",2025-02-03,NA,NA,NA
"TER-NFSB-T-07",2025-02-04,NA,NA,NA
"TER-NFSB-T-07",2025-02-05,NA,NA,NA
"TER-NFSB-T-07",2025-02-06,NA,NA,NA
"TER-NFSB-T-07",2025-02-07,NA,NA,NA
"TER-NFSB-T-07",2025-02-08,NA,NA,NA
"TER-NFSB-T-07",2025-02-09,NA,NA,NA
"TER-NFSB-T-07",2025-02-10,NA,NA,NA
"TER-NFSB-T-07",2025-02-11,NA,NA,NA
"TER-NFSB-T-07",2025-02-12,NA,NA,NA
"TER-NFSB-T-07",2025-02-13,NA,NA,NA
"TER-NFSB-T-07",2025-02-14,NA,NA,NA
"TER-NFSB-T-07",2025-02-15,NA,NA,NA
"TER-NFSB-T-07",2025-02-16,NA,NA,NA
"TER-NFSB-T-07",2025-02-17,NA,NA,NA
"TER-NFSB-T-07",2025-02-18,NA,NA,NA
"TER-NFSB-T-07",2025-02-19,NA,NA,NA
"TER-NFSB-T-07",2025-02-20,NA,NA,NA
"TER-NFSB-T-07",2025-02-21,NA,NA,NA
"TER-NFSB-T-07",2025-02-22,NA,NA,NA
"TER-NFSB-T-07",2025-02-23,NA,NA,NA
"TER-NFSB-T-07",2025-02-24,NA,NA,NA
"TER-NFSB-T-07",2025-02-25,NA,NA,NA
"TER-NFSB-T-07",2025-02-26,NA,NA,NA
"TER-NFSB-T-07",2025-02-27,NA,NA,NA
"TER-NFSB-T-07",2025-02-28,NA,NA,NA
"TER-NFSB-T-07",2025-03-01,NA,NA,NA
"TER-NFSB-T-07",2025-03-02,NA,NA,NA
"TER-NFSB-T-07",2025-03-03,NA,NA,NA
"TER-NFSB-T-07",2025-03-04,NA,NA,NA
"TER-NFSB-T-07",2025-03-05,NA,NA,NA
"TER-NFSB-T-07",2025-03-06,NA,NA,NA
"TER-NFSB-T-07",2025-03-07,NA,NA,NA
"TER-NFSB-T-07",2025-03-08,NA,NA,NA
"TER-NFSB-T-07",2025-03-09,NA,NA,NA
"TER-NFSB-T-07",2025-03-10,NA,NA,NA
"TER-NFSB-T-07",2025-03-11,NA,NA,NA
"TER-NFSB-T-07",2025-03-12,NA,NA,NA
"TER-NFSB-T-07",2025-03-13,NA,NA,NA
"TER-NFSB-T-07",2025-03-14,NA,NA,NA
"TER-NFSB-T-07",2025-03-15,NA,NA,NA
"TER-NFSB-T-07",2025-03-16,NA,NA,NA
"TER-NFSB-T-07",2025-03-17,NA,NA,NA
"TER-NFSB-T-07",2025-03-18,NA,NA,NA
"TER-NFSB-T-07",2025-03-19,NA,NA,NA
"TER-NFSB-T-07",2025-03-20,NA,NA,NA
"TER-NFSB-T-07",2025-03-21,NA,NA,NA
"TER-NFSB-T-07",2025-03-22,NA,NA,NA
"TER-NFSB-T-07",2025-03-23,NA,NA,NA
"TER-NFSB-T-07",2025-03-24,NA,NA,NA
"TER-NFSB-T-07",2025-03-25,NA,NA,NA
"TER-NFSB-T-07",2025-03-26,NA,NA,NA
"TER-NFSB-T-07",2025-03-27,NA,NA,NA
"TER-NFSB-T-07",2025-03-28,NA,NA,NA
"TER-NFSB-T-07",2025-03-29,NA,NA,NA
"TER-NFSB-T-07",2025-03-30,NA,NA,NA
"TER-NFSB-T-07",2025-03-31,NA,NA,NA
"TER-NFSB-T-07",2025-04-01,NA,NA,NA
"TER-NFSB-T-07",2025-04-02,NA,NA,NA
"TER-NFSB-T-07",2025-04-03,NA,NA,NA
"TER-NFSB-T-07",2025-04-04,NA,NA,NA
"TER-NFSB-T-07",2025-04-05,NA,NA,NA
"TER-NFSB-T-07",2025-04-06,NA,NA,NA
"TER-NFSB-T-07",2025-04-07,NA,NA,NA
"TER-NFSB-T-07",2025-04-08,NA,NA,NA
"TER-NFSB-T-07",2025-04-09,NA,NA,NA
"TER-NFSB-T-07",2025-04-10,NA,NA,NA
"TER-NFSB-T-07",2025-04-11,NA,NA,NA
"TER-NFSB-T-07",2025-04-12,NA,NA,NA
"TER-NFSB-T-07",2025-04-13,NA,NA,NA
"TER-NFSB-T-07",2025-04-14,NA,NA,NA
"TER-NFSB-T-07",2025-04-15,NA,NA,NA
"TER-NFSB-T-07",2025-04-16,NA,NA,NA
"TER-NFSB-T-07",2025-04-17,NA,NA,NA
"TER-NFSB-T-07",2025-04-18,NA,NA,NA
"TER-NFSB-T-07",2025-04-19,NA,NA,NA
"TER-NFSB-T-07",2025-04-20,NA,NA,NA
"TER-NFSB-T-07",2025-04-21,NA,NA,NA
"TER-NFSB-T-07",2025-04-22,NA,NA,NA
"TER-NFSB-T-07",2025-04-23,NA,NA,NA
"TER-NFSB-T-07",2025-04-24,NA,NA,NA
"TER-NFSB-T-07",2025-04-25,NA,NA,NA
"TER-NFSB-T-07",2025-04-26,NA,NA,NA
"TER-NFSB-T-07",2025-04-27,NA,NA,NA
"TER-NFSB-T-07",2025-04-28,NA,NA,NA
"TER-NFSB-T-07",2025-04-29,NA,NA,NA
"TER-NFSB-T-07",2025-04-30,NA,NA,NA
"TER-NFSB-T-07",2025-05-01,NA,NA,NA
"TER-NFSB-T-07",2025-05-02,NA,NA,NA
"TER-NFSB-T-07",2025-05-03,NA,NA,NA
"TER-NFSB-T-07",2025-05-04,NA,NA,NA
"TER-NFSB-T-07",2025-05-05,NA,NA,NA
"TER-NFSB-T-07",2025-05-06,NA,NA,NA
"TER-NFSB-T-07",2025-05-07,NA,NA,NA
"TER-NFSB-T-07",2025-05-08,NA,NA,NA
"TER-NFSB-T-07",2025-05-09,NA,NA,NA
"TER-NFSB-T-07",2025-05-10,NA,NA,NA
"TER-NFSB-T-07",2025-05-11,NA,NA,NA
"TER-NFSB-T-07",2025-05-12,NA,NA,NA
"TER-NFSB-T-07",2025-05-13,NA,NA,NA
"TER-NFSB-T-07",2025-05-14,NA,NA,NA
"TER-NFSB-T-07",2025-05-15,NA,NA,NA
"TER-NFSB-T-07",2025-05-16,NA,NA,NA
"TER-NFSB-T-07",2025-05-17,NA,NA,NA
"TER-NFSB-T-07",2025-05-18,NA,NA,NA
"TER-NFSB-T-07",2025-05-19,NA,NA,NA
"TER-NFSB-T-07",2025-05-20,NA,NA,NA
"TER-NFSB-T-07",2025-05-21,NA,NA,NA
"TER-NFSB-T-07",2025-05-22,NA,NA,NA
"TER-NFSB-T-07",2025-05-23,NA,NA,NA
"TER-NFSB-T-07",2025-05-24,NA,NA,NA
"TER-NFSB-T-07",2025-05-25,NA,NA,NA
"TER-NFSB-T-07",2025-05-26,NA,NA,NA
"TER-NFSB-T-07",2025-05-27,NA,NA,NA
"TER-NFSB-T-07",2025-05-28,NA,NA,NA
"TER-NFSB-T-07",2025-05-29,NA,NA,NA
"TER-NFSB-T-07",2025-05-30,NA,NA,NA
"TER-NFSB-T-07",2025-05-31,NA,NA,NA
"TER-NFSB-T-07",2025-06-01,NA,NA,NA
"TER-NFSB-T-07",2025-06-02,NA,NA,NA
"TER-NFSB-T-07",2025-06-03,NA,NA,NA
"TER-NFSB-T-07",2025-06-04,NA,NA,NA
"TER-NFSB-T-07",2025-06-05,NA,NA,NA
"TER-NFSB-T-07",2025-06-06,NA,NA,NA
"TER-NFSB-T-07",2025-06-07,NA,NA,NA
"TER-NFSB-T-07",2025-06-08,NA,NA,NA
"TER-NFSB-T-07",2025-06-09,NA,NA,NA
"TER-NFSB-T-07",2025-06-10,NA,NA,NA
"TER-NFSB-T-07",2025-06-11,NA,NA,NA
"TER-NFSB-T-07",2025-06-12,NA,NA,NA
"TER-NFSB-T164B",2023-08-09,NA,NA,NA
"TER-NFSB-T164B",2023-08-10,NA,NA,NA
"TER-NFSB-T164B",2023-08-11,NA,NA,NA
"TER-NFSB-T164B",2023-08-12,0.014979997076234,0.0023671054762002,0.0138582266379393
"TER-NFSB-T164B",2023-08-13,0.00742734285051203,0.00374493845602119,0.103429991913374
"TER-NFSB-T164B",2023-08-14,0.0290584358579546,0,0.251168575551665
"TER-NFSB-T164B",2023-08-15,0.0323446417380166,0,0.202007107644828
"TER-NFSB-T164B",2023-08-16,0.0363023418049269,0,0.159431565242309
"TER-NFSB-T164B",2023-08-17,0.013860177231216,0,0.0105697238309281
"TER-NFSB-T164B",2023-08-18,0.00813705031976773,0,0.0733694069308759
"TER-NFSB-T164B",2023-08-19,0.0198899974025443,0,0.119062634121748
"TER-NFSB-T164B",2023-08-20,0.0109512441962368,0,0.021031794227751
"TER-NFSB-T164B",2023-08-21,0.00328498207498753,0,0.00841530710817178
"TER-NFSB-T164B",2023-08-22,0,0,0.00798478001644373
"TER-NFSB-T164B",2023-08-23,0,0,0.00360488879254075
"TER-NFSB-T164B",2023-08-24,0,0,0.00501759207048296
"TER-NFSB-T164B",2023-08-25,0,0,0.00536686754802078
"TER-NFSB-T164B",2023-08-26,0,0,0.00644366288561955
"TER-NFSB-T164B",2023-08-27,0,0,0.00342693620197456
"TER-NFSB-T164B",2023-08-28,0,0,0.00380385012057195
"TER-NFSB-T164B",2023-08-29,0,0,0.00337170797291522
"TER-NFSB-T164B",2023-08-30,0,0,0.0104075352666327
"TER-NFSB-T164B",2023-08-31,0,0.0809113876327107,0.0496330452607862
"TER-NFSB-T164B",2023-09-01,0.0141929522114858,0.0511836667030468,0.104312508832048
"TER-NFSB-T164B",2023-09-02,0.0110578608550606,0.0103881708202404,0.0503151630236506
"TER-NFSB-T164B",2023-09-03,0,0,0.0189274086295525
"TER-NFSB-T164B",2023-09-04,0,0,0.02525520189593
"TER-NFSB-T164B",2023-09-05,0,0.0223507847836946,0.0209604114364603
"TER-NFSB-T164B",2023-09-06,0,0.112505814486834,0.000994982115474088
"TER-NFSB-T164B",2023-09-07,0,0.0813982671809368,0.00141852357148314
"TER-NFSB-T164B",2023-09-08,0,0,0.00366047889447229
"TER-NFSB-T164B",2023-09-09,0,0,0.0391485834808587
"TER-NFSB-T164B",2023-09-10,0.00323134477777325,0,0.0494866687126188
"TER-NFSB-T164B",2023-09-11,0.00302968892801955,0,0.0322641585619255
"TER-NFSB-T164B",2023-09-12,0,0,0.0439768126280645
"TER-NFSB-T164B",2023-09-13,0.00260894797434061,0,0.0072261407972624
"TER-NFSB-T164B",2023-09-14,0.0196800231103999,0,0.0043562715865989
"TER-NFSB-T164B",2023-09-15,0.0115473775509328,NA,0.00550034252804521
"TER-NFSB-T164B",2023-09-16,0.00607080814576914,NA,0.0797789770724089
"TER-NFSB-T164B",2023-09-17,0.00878541953324864,NA,0.0289951728997675
"TER-NFSB-T164B",2023-09-18,0.0381286364541078,NA,0.072674428862618
"TER-NFSB-T164B",2023-09-19,0.00505737029911121,NA,0.0141997935897265
"TER-NFSB-T164B",2023-09-20,0.00258369202005992,NA,0.0027061047749632
"TER-NFSB-T164B",2023-09-21,0.0114983608677699,NA,0.00307375336554115
"TER-NFSB-T164B",2023-09-22,0.008334524031194,NA,0.0534925812337623
"TER-NFSB-T164B",2023-09-23,0.00446676441447564,NA,0.00683793707201243
"TER-NFSB-T164B",2023-09-24,0.00537923739451107,NA,0.0624350894600354
"TER-NFSB-T164B",2023-09-25,0.0285419257341016,NA,0.0483377001276626
"TER-NFSB-T164B",2023-09-26,0.00449613540992696,NA,0.00941743425150733
"TER-NFSB-T164B",2023-09-27,0.00269227430138304,NA,0.00451110659827798
"TER-NFSB-T164B",2023-09-28,0.000457516633866301,NA,0.00530317751609949
"TER-NFSB-T164B",2023-09-29,0.000458489020023362,NA,0.00488848848349653
"TER-NFSB-T164B",2023-09-30,0.000561437740221459,NA,0.00317169782502576
"TER-NFSB-T164B",2023-10-01,0.00456668348127342,NA,0.0147134454300965
"TER-NFSB-T164B",2023-10-02,0.00720322590433512,NA,0.00410316821640784
"TER-NFSB-T164B",2023-10-03,0.00722949232430707,NA,0.0121136253192736
"TER-NFSB-T164B",2023-10-04,0.000333847730646575,NA,0
"TER-NFSB-T164B",2023-10-05,0.000394748887016583,NA,0
"TER-NFSB-T164B",2023-10-06,0.00244907044245785,NA,0
"TER-NFSB-T164B",2023-10-07,0.000282385959337112,NA,0
"TER-NFSB-T164B",2023-10-08,0.000282704342350308,NA,0
"TER-NFSB-T164B",2023-10-09,0.000400015859671488,NA,0
"TER-NFSB-T164B",2023-10-10,0.00426606769191214,NA,0
"TER-NFSB-T164B",2023-10-11,0,NA,0
"TER-NFSB-T164B",2023-10-12,0.00355814525068835,NA,0
"TER-NFSB-T164B",2023-10-13,0,NA,0
"TER-NFSB-T164B",2023-10-14,0,NA,0
"TER-NFSB-T164B",2023-10-15,0.00478088764546498,NA,0
"TER-NFSB-T164B",2023-10-16,NA,NA,0.0279255274608717
"TER-NFSB-T164B",2023-10-17,NA,NA,0
"TER-NFSB-T164B",2023-10-18,NA,NA,0
"TER-NFSB-T164B",2023-10-19,NA,NA,0
"TER-NFSB-T164B",2023-10-20,NA,NA,0
"TER-NFSB-T164B",2023-10-21,NA,NA,0
"TER-NFSB-T164B",2023-10-22,NA,NA,0
"TER-NFSB-T164B",2023-10-23,NA,NA,0.00152869679052884
"TER-NFSB-T164B",2023-10-24,NA,NA,0
"TER-NFSB-T164B",2023-10-25,NA,NA,0
"TER-NFSB-T164B",2023-10-26,NA,NA,NA
"TER-NFSB-T164B",2023-10-27,NA,NA,NA
"TER-NFSB-T164B",2023-10-28,NA,NA,NA
"TER-NFSB-T164B",2023-10-29,NA,NA,NA
"TER-NFSB-T164B",2023-10-30,NA,NA,NA
"TER-NFSB-T164B",2023-10-31,NA,NA,NA
"TER-NFSB-T164B",2023-11-01,NA,NA,NA
"TER-NFSB-T164B",2023-11-02,NA,NA,NA
"TER-NFSB-T164B",2023-11-03,NA,NA,NA
"TER-NFSB-T164B",2023-11-04,NA,NA,NA
"TER-NFSB-T164B",2023-11-05,NA,NA,NA
"TER-NFSB-T164B",2023-11-06,NA,NA,NA
"TER-NFSB-T164B",2023-11-07,NA,NA,NA
"TER-NFSB-T164B",2023-11-08,NA,NA,NA
"TER-NFSB-T164B",2023-11-09,NA,NA,NA
"TER-NFSB-T164B",2023-11-10,NA,NA,NA
"TER-NFSB-T164B",2023-11-11,NA,NA,NA
"TER-NFSB-T164B",2023-11-12,NA,NA,NA
"TER-NFSB-T164B",2023-11-13,NA,NA,NA
"TER-NFSB-T164B",2023-11-14,NA,NA,NA
"TER-NFSB-T164B",2023-11-15,NA,NA,NA
"TER-NFSB-T164B",2023-11-16,NA,NA,NA
"TER-NFSB-T164B",2023-11-17,NA,NA,NA
"TER-NFSB-T164B",2023-11-18,NA,NA,NA
"TER-NFSB-T164B",2023-11-19,NA,NA,NA
"TER-NFSB-T164B",2023-11-20,NA,NA,NA
"TER-NFSB-T164B",2023-11-21,NA,NA,NA
"TER-NFSB-T164B",2023-11-22,NA,NA,NA
"TER-NFSB-T164B",2023-11-23,NA,NA,NA
"TER-NFSB-T164B",2023-11-24,NA,NA,NA
"TER-NFSB-T164B",2023-11-25,NA,NA,NA
"TER-NFSB-T164B",2023-11-26,NA,NA,NA
"TER-NFSB-T164B",2023-11-27,NA,NA,NA
"TER-NFSB-T164B",2023-11-28,NA,NA,NA
"TER-NFSB-T164B",2023-11-29,NA,NA,NA
"TER-NFSB-T164B",2023-11-30,NA,NA,NA
"TER-NFSB-T164B",2023-12-01,NA,NA,NA
"TER-NFSB-T164B",2023-12-02,NA,NA,NA
"TER-NFSB-T164B",2023-12-03,NA,NA,NA
"TER-NFSB-T164B",2023-12-04,NA,NA,NA
"TER-NFSB-T164B",2023-12-05,NA,NA,NA
"TER-NFSB-T164B",2023-12-06,NA,NA,NA
"TER-NFSB-T164B",2023-12-07,NA,NA,NA
"TER-NFSB-T164B",2023-12-08,NA,NA,NA
"TER-NFSB-T164B",2023-12-09,NA,NA,NA
"TER-NFSB-T164B",2023-12-10,NA,NA,NA
"TER-NFSB-T164B",2023-12-11,0,NA,0
"TER-NFSB-T164B",2023-12-12,0,NA,0
"TER-NFSB-T164B",2023-12-13,0,NA,0
"TER-NFSB-T164B",2023-12-14,0,NA,0
"TER-NFSB-T164B",2023-12-15,0,NA,0
"TER-NFSB-T164B",2023-12-16,0,NA,0
"TER-NFSB-T164B",2023-12-17,0,NA,0
"TER-NFSB-T164B",2023-12-18,0,NA,0
"TER-NFSB-T164B",2023-12-19,0,NA,0
"TER-NFSB-T164B",2023-12-20,0,NA,0
"TER-NFSB-T164B",2023-12-21,0,NA,0
"TER-NFSB-T164B",2023-12-22,0,NA,0
"TER-NFSB-T164B",2023-12-23,0,NA,0
"TER-NFSB-T164B",2023-12-24,0,NA,0.00357896878880379
"TER-NFSB-T164B",2023-12-25,0,NA,0
"TER-NFSB-T164B",2023-12-26,0,NA,0
"TER-NFSB-T164B",2023-12-27,0,NA,0
"TER-NFSB-T164B",2023-12-28,0,NA,0
"TER-NFSB-T164B",2023-12-29,0,NA,0
"TER-NFSB-T164B",2023-12-30,0,NA,0.0229327821270657
"TER-NFSB-T164B",2023-12-31,0,NA,0.0164908642866956
"TER-NFSB-T164B",2024-01-01,0,NA,0
"TER-NFSB-T164B",2024-01-02,0,NA,0.00756532353195799
"TER-NFSB-T164B",2024-01-03,0,NA,0.0220730348588587
"TER-NFSB-T164B",2024-01-04,0,NA,0
"TER-NFSB-T164B",2024-01-05,0,NA,0
"TER-NFSB-T164B",2024-01-06,0,NA,0
"TER-NFSB-T164B",2024-01-07,0,NA,0.0333958102919505
"TER-NFSB-T164B",2024-01-08,0,NA,0.0157501278416509
"TER-NFSB-T164B",2024-01-09,0,NA,0
"TER-NFSB-T164B",2024-01-10,0,NA,0
"TER-NFSB-T164B",2024-01-11,0,NA,0
"TER-NFSB-T164B",2024-01-12,0,NA,0
"TER-NFSB-T164B",2024-01-13,0,NA,0
"TER-NFSB-T164B",2024-01-14,0,NA,0.00760970153021049
"TER-NFSB-T164B",2024-01-15,0,NA,0.00214155707742144
"TER-NFSB-T164B",2024-01-16,0,NA,0.00200468563799688
"TER-NFSB-T164B",2024-01-17,0,NA,0.00349258207201467
"TER-NFSB-T164B",2024-01-18,0,NA,0.00188273064565443
"TER-NFSB-T164B",2024-01-19,0,NA,0.00358812973305032
"TER-NFSB-T164B",2024-01-20,0,NA,0.0302193421800747
"TER-NFSB-T164B",2024-01-21,0,NA,0.00584190772872352
"TER-NFSB-T164B",2024-01-22,0,NA,0.000399158409437715
"TER-NFSB-T164B",2024-01-23,0,NA,0.00355835652757567
"TER-NFSB-T164B",2024-01-24,0,NA,0.0033262403370371
"TER-NFSB-T164B",2024-01-25,0,NA,0.00270333339204881
"TER-NFSB-T164B",2024-01-26,0,NA,0.00285229480658825
"TER-NFSB-T164B",2024-01-27,0,NA,0.00350976691253165
"TER-NFSB-T164B",2024-01-28,0,NA,0.0035411312768766
"TER-NFSB-T164B",2024-01-29,0,NA,0.00395064296485545
"TER-NFSB-T164B",2024-01-30,0,NA,0.00417876262532194
"TER-NFSB-T164B",2024-01-31,0,NA,0.00282811663433743
"TER-NFSB-T164B",2024-02-01,0,NA,0.00404309964768595
"TER-NFSB-T164B",2024-02-02,0,NA,0.00344983350939748
"TER-NFSB-T164B",2024-02-03,0,NA,0.00185414303154476
"TER-NFSB-T164B",2024-02-04,0,NA,0.00172760306968882
"TER-NFSB-T164B",2024-02-05,0,NA,0.00556612391015653
"TER-NFSB-T164B",2024-02-06,0,NA,0.00319853289828538
"TER-NFSB-T164B",2024-02-07,0,NA,0.00688354076062415
"TER-NFSB-T164B",2024-02-08,0,NA,0.00175516858043963
"TER-NFSB-T164B",2024-02-09,0,NA,0.0028584042100702
"TER-NFSB-T164B",2024-02-10,0,NA,0.00867831267572627
"TER-NFSB-T164B",2024-02-11,0,NA,0.00218773480793537
"TER-NFSB-T164B",2024-02-12,0,NA,0.00368476068079282
"TER-NFSB-T164B",2024-02-13,0,NA,0.00404352765741585
"TER-NFSB-T164B",2024-02-14,0,NA,0.00740489254325915
"TER-NFSB-T164B",2024-02-15,0,NA,0.00666079844331964
"TER-NFSB-T164B",2024-02-16,0,NA,0.00511430001965499
"TER-NFSB-T164B",2024-02-17,0,NA,0.037771877749969
"TER-NFSB-T164B",2024-02-18,0,NA,0.0755193432638132
"TER-NFSB-T164B",2024-02-19,0,NA,0.0202035963537279
"TER-NFSB-T164B",2024-02-20,0,NA,0.00881088856271262
"TER-NFSB-T164B",2024-02-21,0,NA,0.00610008313587859
"TER-NFSB-T164B",2024-02-22,0,NA,0.00696778581708315
"TER-NFSB-T164B",2024-02-23,0,NA,0.0981373476351932
"TER-NFSB-T164B",2024-02-24,0,NA,0.0900479259001997
"TER-NFSB-T164B",2024-02-25,0,NA,0.00715841430918939
"TER-NFSB-T164B",2024-02-26,0,NA,0.0202506405528448
"TER-NFSB-T164B",2024-02-27,0,NA,0.0659499476894439
"TER-NFSB-T164B",2024-02-28,0,NA,0.0618216713759097
"TER-NFSB-T164B",2024-02-29,0,NA,0.02922190640119
"TER-NFSB-T164B",2024-03-01,0,NA,0.0519640638159999
"TER-NFSB-T164B",2024-03-02,0,NA,0.0328470738822673
"TER-NFSB-T164B",2024-03-03,0,NA,0.0193228124960395
"TER-NFSB-T164B",2024-03-04,0,NA,0.0220032658377949
"TER-NFSB-T164B",2024-03-05,0,NA,0.00871380471877844
"TER-NFSB-T164B",2024-03-06,0,NA,0.0072369774984462
"TER-NFSB-T164B",2024-03-07,0,NA,0.00536563174184136
"TER-NFSB-T164B",2024-03-08,0,NA,0.00701091442013428
"TER-NFSB-T164B",2024-03-09,0,NA,0.00142603249905398
"TER-NFSB-T164B",2024-03-10,0,NA,0.0114817087087244
"TER-NFSB-T164B",2024-03-11,0,NA,0.00204472476181252
"TER-NFSB-T164B",2024-03-12,0,NA,0.0219425514182871
"TER-NFSB-T164B",2024-03-13,0,NA,0.0225138877952159
"TER-NFSB-T164B",2024-03-14,0,NA,0.00304935799298554
"TER-NFSB-T164B",2024-03-15,0,NA,0.00389359603777039
"TER-NFSB-T164B",2024-03-16,0,NA,0.0111532716811781
"TER-NFSB-T164B",2024-03-17,0,NA,0.0173161409158955
"TER-NFSB-T164B",2024-03-18,0,NA,0.00334318543807537
"TER-NFSB-T164B",2024-03-19,0,NA,0.110356386575634
"TER-NFSB-T164B",2024-03-20,0,0.0744308527016809,0.131925375200469
"TER-NFSB-T164B",2024-03-21,0,0.0365940172361196,0.0437514801926836
"TER-NFSB-T164B",2024-03-22,0,0.0053623528210697,0.00593483914205781
"TER-NFSB-T164B",2024-03-23,0,0.00606278855852035,0.00653866163405422
"TER-NFSB-T164B",2024-03-24,0,0.0113730349001959,0.0139470173824618
"TER-NFSB-T164B",2024-03-25,0,0.00337265664047618,0.00419127691609207
"TER-NFSB-T164B",2024-03-26,0,0,0.00276171032597274
"TER-NFSB-T164B",2024-03-27,0,0.00364236402646342,0.00712021092773677
"TER-NFSB-T164B",2024-03-28,0,0.00665228256567415,0.00914768330936539
"TER-NFSB-T164B",2024-03-29,0,0,0.00531764542067838
"TER-NFSB-T164B",2024-03-30,0,0,0.00383484411323476
"TER-NFSB-T164B",2024-03-31,0,0.0144721483884177,0.0425849233782732
"TER-NFSB-T164B",2024-04-01,0,0.00676361834713668,0.0104150832445113
"TER-NFSB-T164B",2024-04-02,0,0.00265864041338587,0.00543527943021454
"TER-NFSB-T164B",2024-04-03,0,0.00102262078265367,0.00712211957167661
"TER-NFSB-T164B",2024-04-04,0,0.00552442869613522,0.00703927273913147
"TER-NFSB-T164B",2024-04-05,0,0,0.00500580888748672
"TER-NFSB-T164B",2024-04-06,0,0.0125999076952024,0.0100062170807124
"TER-NFSB-T164B",2024-04-07,0,0,0.00624311167419366
"TER-NFSB-T164B",2024-04-08,0,0,0.00663262861923336
"TER-NFSB-T164B",2024-04-09,0,0,0.00324123489903979
"TER-NFSB-T164B",2024-04-10,0,0,0.000136358243226894
"TER-NFSB-T164B",2024-04-11,0,0,0.00427912084593713
"TER-NFSB-T164B",2024-04-12,0,0.00387415775498254,0.0114456860341908
"TER-NFSB-T164B",2024-04-13,0,0,0.00285643785094972
"TER-NFSB-T164B",2024-04-14,0,0,0.00195864807762015
"TER-NFSB-T164B",2024-04-15,0,0,0.00371981876089697
"TER-NFSB-T164B",2024-04-16,0,0,0.0031896996061454
"TER-NFSB-T164B",2024-04-17,0,0,0.00395699501971604
"TER-NFSB-T164B",2024-04-18,0,0,0.00372949701399067
"TER-NFSB-T164B",2024-04-19,0,0.00497405175178701,0.00662662311696127
"TER-NFSB-T164B",2024-04-20,0,0.00715626697947217,0.0102807554677328
"TER-NFSB-T164B",2024-04-21,0,0.00683293614029896,0.00658063005857786
"TER-NFSB-T164B",2024-04-22,0,0.00432429204937314,0.00564553062314175
"TER-NFSB-T164B",2024-04-23,0,0.00326594183532683,0.00405502416774007
"TER-NFSB-T164B",2024-04-24,0,0.00562188321511323,0.00505704686128506
"TER-NFSB-T164B",2024-04-25,0,0.0412226705252494,0.0290162529274057
"TER-NFSB-T164B",2024-04-26,0,0.0051828006663907,0.00551129143098532
"TER-NFSB-T164B",2024-04-27,0,0.0324597839347407,0.0432065469645126
"TER-NFSB-T164B",2024-04-28,0,0.0825298564586174,0.103092246008068
"TER-NFSB-T164B",2024-04-29,0,0.0727701179949976,0.0834565394097194
"TER-NFSB-T164B",2024-04-30,0,0.0582662164571855,0.0759108121636036
"TER-NFSB-T164B",2024-05-01,0,0.00793094811511194,0.00421347699687423
"TER-NFSB-T164B",2024-05-02,0,0.00350021694437236,0.00346008897962663
"TER-NFSB-T164B",2024-05-03,0,0.00500814218418038,0.00676310668878011
"TER-NFSB-T164B",2024-05-04,0,0.0126265498203971,0.0151669888368292
"TER-NFSB-T164B",2024-05-05,0,0.144522479050615,0.177833039159437
"TER-NFSB-T164B",2024-05-06,0,0.00598873315677612,0.00436759192797005
"TER-NFSB-T164B",2024-05-07,0,0.00692701919112506,0.00540986578491893
"TER-NFSB-T164B",2024-05-08,0,0.0109557056540811,0.00718022556244118
"TER-NFSB-T164B",2024-05-09,0,0.0792780920945462,0.0476344825061704
"TER-NFSB-T164B",2024-05-10,0,0.0707196971774077,0.0722457973261172
"TER-NFSB-T164B",2024-05-11,0.0108694741169657,0.134438529533305,0.143758707138097
"TER-NFSB-T164B",2024-05-12,0.00372574786326015,0.0858975574114491,0.0900585007752317
"TER-NFSB-T164B",2024-05-13,0,0.0100912165095626,0.00904870061275173
"TER-NFSB-T164B",2024-05-14,0,0.0469447357891549,0.0417152541210648
"TER-NFSB-T164B",2024-05-15,0,0.0344444363440827,0.0373856759040284
"TER-NFSB-T164B",2024-05-16,0,0.012229400067639,0.00794515794779561
"TER-NFSB-T164B",2024-05-17,0,0.0220988290334704,0.0181745335737074
"TER-NFSB-T164B",2024-05-18,0,0.0665317787559416,0.0574804693892851
"TER-NFSB-T164B",2024-05-19,0,0.0749091146884183,0.0640161505980676
"TER-NFSB-T164B",2024-05-20,0,0.0657807724158535,0.0496942052492309
"TER-NFSB-T164B",2024-05-21,0,0.0181229389411804,0.0084476244743903
"TER-NFSB-T164B",2024-05-22,0,0.010638521570614,0.00734392877812843
"TER-NFSB-T164B",2024-05-23,0,0.00433304695853981,0.00426351054751517
"TER-NFSB-T164B",2024-05-24,0,0.0132394631985741,0.00820141287074955
"TER-NFSB-T164B",2024-05-25,0,0.105967493289588,0.0934355323998809
"TER-NFSB-T164B",2024-05-26,0,0.0979247902313441,0.0985167633377665
"TER-NFSB-T164B",2024-05-27,0,0.0284038649574074,0.0328978695759929
"TER-NFSB-T164B",2024-05-28,0,0.0181984711175504,0.0128743585508366
"TER-NFSB-T164B",2024-05-29,0,0.00654496204492518,0.00416689759156349
"TER-NFSB-T164B",2024-05-30,0,0.0212097621661657,0.0129621130671926
"TER-NFSB-T164B",2024-05-31,0,0.00486656232842042,0.00345999859050675
"TER-NFSB-T164B",2024-06-01,0,0.0118262396818058,0.00492258709652635
"TER-NFSB-T164B",2024-06-02,0,0.00918864330345493,0.00392078550337446
"TER-NFSB-T164B",2024-06-03,0,0.0103854707816467,0.00544956163922766
"TER-NFSB-T164B",2024-06-04,0,0.012950829689128,0.0081010498754923
"TER-NFSB-T164B",2024-06-05,0,0.00380870891671195,0.00706844692944851
"TER-NFSB-T164B",2024-06-06,0,0.0131253608864982,0.00550448154583386
"TER-NFSB-T164B",2024-06-07,0,0.0168853164173587,0.00776407765511408
"TER-NFSB-T164B",2024-06-08,0,0.0247026427353389,0.00825311274470485
"TER-NFSB-T164B",2024-06-09,0,0.0180416026922376,0.0063608668787636
"TER-NFSB-T164B",2024-06-10,0,0.029438344168348,0.0218218203704475
"TER-NFSB-T164B",2024-06-11,0,0.0332741920675614,0.0306414175720236
"TER-NFSB-T164B",2024-06-12,0,0.183666633109277,0.197827035918724
"TER-NFSB-T164B",2024-06-13,0,0.0112412935706561,0.00255067383828589
"TER-NFSB-T164B",2024-06-14,0,0.0122241256095538,0.00937818794869648
"TER-NFSB-T164B",2024-06-15,0,0.261647183895789,0.321431157009653
"TER-NFSB-T164B",2024-06-16,0,0.0108956610683013,0.00919711650185468
"TER-NFSB-T164B",2024-06-17,0,0.0168060219117404,0.00727577948225506
"TER-NFSB-T164B",2024-06-18,0,0.0506326506356106,0.0323297911852798
"TER-NFSB-T164B",2024-06-19,0,0.0619842276264018,0.0495406596972493
"TER-NFSB-T164B",2024-06-20,0.0017406153663903,0.117042777523127,0.139891881470589
"TER-NFSB-T164B",2024-06-21,0,0.102210067063221,0.0993373091196707
"TER-NFSB-T164B",2024-06-22,0,0.0195236652469942,0.00752497509473136
"TER-NFSB-T164B",2024-06-23,0,0.0148494666457428,0.0072577692558787
"TER-NFSB-T164B",2024-06-24,0,0.00772250225067248,0.00861727644233803
"TER-NFSB-T164B",2024-06-25,0,0.061303461896715,0.0137610509090128
"TER-NFSB-T164B",2024-06-26,0.0122357671484517,0.22732666480063,0.279406875812873
"TER-NFSB-T164B",2024-06-27,0,0.0463209776241075,0.0423149445724389
"TER-NFSB-T164B",2024-06-28,0,0.0694758846712193,0.0691077221977253
"TER-NFSB-T164B",2024-06-29,0,0.0212088718501585,0.0163601790542386
"TER-NFSB-T164B",2024-06-30,0,0.00653870331854208,0.0052896298149571
"TER-NFSB-T164B",2024-07-01,0,0.144584280550055,0.153087308630441
"TER-NFSB-T164B",2024-07-02,0,0.145252999011708,0.162041585989812
"TER-NFSB-T164B",2024-07-03,0,0.062841664300501,0.0566910957830819
"TER-NFSB-T164B",2024-07-04,0.0134605431547376,0.16140468651584,0.188542451292102
"TER-NFSB-T164B",2024-07-05,0.0118674642155506,0.132129277051942,0.153952015984759
"TER-NFSB-T164B",2024-07-06,0,0.0566756356732601,0.0489781543630826
"TER-NFSB-T164B",2024-07-07,0,0.0312736213647925,0.0258458540627571
"TER-NFSB-T164B",2024-07-08,0,0.0125540716598482,0.00625653730328487
"TER-NFSB-T164B",2024-07-09,0,0.00977207343582531,0.00227105597575453
"TER-NFSB-T164B",2024-07-10,0,0.0186609105200607,0.0071130104394189
"TER-NFSB-T164B",2024-07-11,0,0.0251222398554074,0.0115470047756031
"TER-NFSB-T164B",2024-07-12,0,0.0108802848549329,0.0111999935569656
"TER-NFSB-T164B",2024-07-13,0,0.0130148647750579,0.00882620932882885
"TER-NFSB-T164B",2024-07-14,0,0.0952212880456684,0.076193595037709
"TER-NFSB-T164B",2024-07-15,0,0.00896255082611214,0.00883577397405327
"TER-NFSB-T164B",2024-07-16,0,0.0366563793973714,0.0129685095709068
"TER-NFSB-T164B",2024-07-17,0,0.0141229644447828,0.00626906818428228
"TER-NFSB-T164B",2024-07-18,0,0.0224343242253354,0.00833935924520745
"TER-NFSB-T164B",2024-07-19,0,0.175374578021062,0.209690683045564
"TER-NFSB-T164B",2024-07-20,0.00694228387940663,0.121254666805447,0.115208239305402
"TER-NFSB-T164B",2024-07-21,0.0223830737809937,0.173961848620061,0.212154060703545
"TER-NFSB-T164B",2024-07-22,0,0.0748021017907784,0.0612845479185845
"TER-NFSB-T164B",2024-07-23,0,0.0756428396487528,0.0712964457826922
"TER-NFSB-T164B",2024-07-24,0,0.0590778009416247,0.0588131766020007
"TER-NFSB-T164B",2024-07-25,0,0.0750996380021213,0.0773671340876244
"TER-NFSB-T164B",2024-07-26,0,0.0109425360062381,0.0155898192318171
"TER-NFSB-T164B",2024-07-27,0,0.0382864191379671,0.0391615407557861
"TER-NFSB-T164B",2024-07-28,0,0.0695602133350062,0.0647433265858284
"TER-NFSB-T164B",2024-07-29,0,0.10066797928738,0.0571464581336167
"TER-NFSB-T164B",2024-07-30,0,0.0320434581272791,0.0132755079027059
"TER-NFSB-T164B",2024-07-31,0,0.0346716319894652,0.00802197677390885
"TER-NFSB-T164B",2024-08-01,0,0.147771424718788,0.138171766468724
"TER-NFSB-T164B",2024-08-02,0,0.0563501326454225,0.0562936287433487
"TER-NFSB-T164B",2024-08-03,0,0.0960840852482283,0.0892441657856756
"TER-NFSB-T164B",2024-08-04,0,0.134480804102546,0.117198516237569
"TER-NFSB-T164B",2024-08-05,0.00238703153071442,0.128666587889102,0.109201285696214
"TER-NFSB-T164B",2024-08-06,0,0.0173375605833926,0.0104442510724946
"TER-NFSB-T164B",2024-08-07,0,0.0855984662117928,0.0648081114605781
"TER-NFSB-T164B",2024-08-08,0,0.0985531745895316,0.0963638600001696
"TER-NFSB-T164B",2024-08-09,0,0.052432697335289,0.0540579611001915
"TER-NFSB-T164B",2024-08-10,0,0.017027910253041,0.0233614839518333
"TER-NFSB-T164B",2024-08-11,0,0.0189087892747051,0.00857923319650218
"TER-NFSB-T164B",2024-08-12,0,0.117529448814493,0.112557804931917
"TER-NFSB-T164B",2024-08-13,0,0.102241158169821,0.0873911964909298
"TER-NFSB-T164B",2024-08-14,0,0.129086794605475,0.117110176932125
"TER-NFSB-T164B",2024-08-15,0,0.0844077041760396,0.0690746080736466
"TER-NFSB-T164B",2024-08-16,0,0.12325400462898,0.112069521751139
"TER-NFSB-T164B",2024-08-17,0,0.0640671546875876,0.068505582336745
"TER-NFSB-T164B",2024-08-18,0,0.0746107484867707,0.0727381590483995
"TER-NFSB-T164B",2024-08-19,0.0186154659621619,0.213834500915035,0.222815713176239
"TER-NFSB-T164B",2024-08-20,0,0.0185596563669826,0.0167363125417448
"TER-NFSB-T164B",2024-08-21,0,0.0613014137614338,0.0206852004832264
"TER-NFSB-T164B",2024-08-22,0,0.216593182311303,0.302871331110946
"TER-NFSB-T164B",2024-08-23,0,0.0714878686068146,0.0568444632750427
"TER-NFSB-T164B",2024-08-24,0,0.020268003994104,0.0158676521665214
"TER-NFSB-T164B",2024-08-25,0,0.103005764622887,0.102397390172219
"TER-NFSB-T164B",2024-08-26,0,0.0299679037911199,0.00864862593957815
"TER-NFSB-T164B",2024-08-27,0,0.0560495754378331,0.0521892753300582
"TER-NFSB-T164B",2024-08-28,0,0.121078791926667,0.114010895753279
"TER-NFSB-T164B",2024-08-29,0,0.0813484711947637,0.0721116329969497
"TER-NFSB-T164B",2024-08-30,0.00632057649461053,0.126722560620771,0.115767455220643
"TER-NFSB-T164B",2024-08-31,0,0.0637821308860376,0.0578091679728365
"TER-NFSB-T164B",2024-09-01,0,0.0171631171410659,0.0120102860573993
"TER-NFSB-T164B",2024-09-02,0,0.0323752975013515,0.0173812683194428
"TER-NFSB-T164B",2024-09-03,0,0.0954697522734704,0.0786991414623453
"TER-NFSB-T164B",2024-09-04,0,0.0867113642032136,0.0787895368327923
"TER-NFSB-T164B",2024-09-05,0,0.078930407570151,0.0662880547961398
"TER-NFSB-T164B",2024-09-06,0,0.0808512214932417,0.0717676775510203
"TER-NFSB-T164B",2024-09-07,0,0.0262729031578938,0.0168262662225169
"TER-NFSB-T164B",2024-09-08,0,0.0121192627804722,0.013438456838417
"TER-NFSB-T164B",2024-09-09,0,0.0150067372303952,0.00673763868750289
"TER-NFSB-T164B",2024-09-10,0,0.0239483203698099,0.0100198780437395
"TER-NFSB-T164B",2024-09-11,0,0.0254367548404388,0.0128460957361789
"TER-NFSB-T164B",2024-09-12,0,0.084611509043294,0.0979955569213688
"TER-NFSB-T164B",2024-09-13,0,0.0776037620256543,0.0707657556725287
"TER-NFSB-T164B",2024-09-14,0,0.0229569956317899,0.0335452155320456
"TER-NFSB-T164B",2024-09-15,0,0.0905455729270816,0.0938409590957323
"TER-NFSB-T164B",2024-09-16,0,0.0111279583869201,0.00331166348122108
"TER-NFSB-T164B",2024-09-17,0,0.0433051558836633,0.011565145927628
"TER-NFSB-T164B",2024-09-18,0,0.0433261803245288,0.0402057679019631
"TER-NFSB-T164B",2024-09-19,0,0.0177939627430474,0.0138668850020809
"TER-NFSB-T164B",2024-09-20,0,0.0180458409590726,0.0149560116655877
"TER-NFSB-T164B",2024-09-21,0,0.0610457947731644,0.0593294126170974
"TER-NFSB-T164B",2024-09-22,0,0.0273835289098241,0.029220744010125
"TER-NFSB-T164B",2024-09-23,0,0.0610745783693498,0.0713515907505903
"TER-NFSB-T164B",2024-09-24,0,0.0116723157083192,0.00661145887529708
"TER-NFSB-T164B",2024-09-25,0,0.0142139350020915,0.00846509732670576
"TER-NFSB-T164B",2024-09-26,0,0.047153127988257,0.039632736746089
"TER-NFSB-T164B",2024-09-27,0,0.01085905436667,0.00858665815048937
"TER-NFSB-T164B",2024-09-28,0,0.0135160034868771,0.00552254884418146
"TER-NFSB-T164B",2024-09-29,0,0.0114188905594955,0.00772676671924998
"TER-NFSB-T164B",2024-09-30,0,0.0097886661749267,0.00671877500436625
"TER-NFSB-T164B",2024-10-01,0,0.0055931431658667,0.00157775534586757
"TER-NFSB-T164B",2024-10-02,0,0.00305516275334388,0.00460369227781226
"TER-NFSB-T164B",2024-10-03,0,0.00217405255125912,0.00617202683194754
"TER-NFSB-T164B",2024-10-04,0,0.00383214507758963,0.0072320994021681
"TER-NFSB-T164B",2024-10-05,0,0.0201182558568643,0.0115077807282383
"TER-NFSB-T164B",2024-10-06,0,0.0281695333113497,0.0269372080161765
"TER-NFSB-T164B",2024-10-07,0,0.022502140319291,0.0137289966954501
"TER-NFSB-T164B",2024-10-08,0,0.00850153825560861,0.0094212576104534
"TER-NFSB-T164B",2024-10-09,0,0.0129367482818493,0.0118740509093433
"TER-NFSB-T164B",2024-10-10,0,0.0118473552826931,0.0069189322205579
"TER-NFSB-T164B",2024-10-11,0,0.0420765309532562,0.027684846618261
"TER-NFSB-T164B",2024-10-12,0,0.0635199848252704,0.052595380345622
"TER-NFSB-T164B",2024-10-13,0,0.014065095226767,0.00745122102433457
"TER-NFSB-T164B",2024-10-14,0,0.00809069094734751,0.00663802037647709
"TER-NFSB-T164B",2024-10-15,0,0.0103519529322763,0.00417982159513572
"TER-NFSB-T164B",2024-10-16,0,0.0389901494614504,0.0245389019086834
"TER-NFSB-T164B",2024-10-17,0,0.0153888482870178,0.0167533234747423
"TER-NFSB-T164B",2024-10-18,0,0.0173877645345779,0.0143734200468965
"TER-NFSB-T164B",2024-10-19,0,0.00606275957301231,0.00635441070148313
"TER-NFSB-T164B",2024-10-20,0,0.0117626183193702,0.00486190424546241
"TER-NFSB-T164B",2024-10-21,0,0.0194787507510206,0.0102888590338956
"TER-NFSB-T164B",2024-10-22,0,0.00637448592749551,0.00824039934285537
"TER-NFSB-T164B",2024-10-23,0,0.0100461767425887,0.0129131395888104
"TER-NFSB-T164B",2024-10-24,0,0.0442908555910347,0.0317832637921515
"TER-NFSB-T164B",2024-10-25,0,0.0491976947494413,0.041960392821891
"TER-NFSB-T164B",2024-10-26,0,0.0303676208249264,0.0322949602285156
"TER-NFSB-T164B",2024-10-27,0,0.0114919123663951,0.016587739380383
"TER-NFSB-T164B",2024-10-28,0,0.03951112929579,0.0307947598747452
"TER-NFSB-T164B",2024-10-29,0,0.00963370001194463,0.00754758313980676
"TER-NFSB-T164B",2024-10-30,0,0.00521903570892192,0.0033870772119744
"TER-NFSB-T164B",2024-10-31,0,0,0.00379560421813954
"TER-NFSB-T164B",2024-11-01,0,0.00837576075202175,0.00599598894858729
"TER-NFSB-T164B",2024-11-02,0,0.00163163488774991,0.00450381732502091
"TER-NFSB-T164B",2024-11-03,0,0,0.00462216313763948
"TER-NFSB-T164B",2024-11-04,0,0.0179667983410428,0.00714149416609237
"TER-NFSB-T164B",2024-11-05,0,0.00637432202561184,0.0104329908465434
"TER-NFSB-T164B",2024-11-06,0,0.00897781431633643,0.00443924314211885
"TER-NFSB-T164B",2024-11-07,0,0.0147557243604207,0.00703176414523293
"TER-NFSB-T164B",2024-11-08,0,0.00233105699235433,0.00480520064248459
"TER-NFSB-T164B",2024-11-09,0,0.00397721373615543,0.00475433690505322
"TER-NFSB-T164B",2024-11-10,0,0,0.00566603835709632
"TER-NFSB-T164B",2024-11-11,0,0,0.00517535225107197
"TER-NFSB-T164B",2024-11-12,0,0,0.00319228995030734
"TER-NFSB-T164B",2024-11-13,0,0.00147940336704356,0.00778455205352669
"TER-NFSB-T164B",2024-11-14,0,0,0.00389612395302007
"TER-NFSB-T164B",2024-11-15,0,0,0.00297311500710831
"TER-NFSB-T164B",2024-11-16,0,0,0.00334274812791677
"TER-NFSB-T164B",2024-11-17,0,0,0.00112851206869403
"TER-NFSB-T164B",2024-11-18,0,0,0.000579984495728431
"TER-NFSB-T164B",2024-11-19,0,0.00807245949077283,0.00354241920822919
"TER-NFSB-T164B",2024-11-20,0,0.00985526869939811,0.00316843533946921
"TER-NFSB-T164B",2024-11-21,0,0,0.00394005264047169
"TER-NFSB-T164B",2024-11-22,0,0,0.00354088964211274
"TER-NFSB-T164B",2024-11-23,0,0.00133980901554246,0.00877167605632124
"TER-NFSB-T164B",2024-11-24,0,0.0138869579109843,0.0135081545299638
"TER-NFSB-T164B",2024-11-25,0,0.0186009533065574,0.0113799430857676
"TER-NFSB-T164B",2024-11-26,0,0,0.00817661487047476
"TER-NFSB-T164B",2024-11-27,0,0.00900800385921838,0.00823188073935259
"TER-NFSB-T164B",2024-11-28,0,0.00569940491195839,0.00347492859494388
"TER-NFSB-T164B",2024-11-29,0,0.00585201608291561,0.0030971724830546
"TER-NFSB-T164B",2024-11-30,0,0.0090654449895599,0.00906341700332263
"TER-NFSB-T164B",2024-12-01,0,0.00737973332814743,0.00528802130578103
"TER-NFSB-T164B",2024-12-02,0,0.0138264235279153,0.00459548418020543
"TER-NFSB-T164B",2024-12-03,0,0.00666609214651563,0.00321274011853039
"TER-NFSB-T164B",2024-12-04,0,0.0146238375226268,0.0212919459278382
"TER-NFSB-T164B",2024-12-05,0,0.00689669607962177,0.00346825293284409
"TER-NFSB-T164B",2024-12-06,0,0.00711628654370877,0.00390608823514121
"TER-NFSB-T164B",2024-12-07,0,0.00406325614173869,0.00325499395859704
"TER-NFSB-T164B",2024-12-08,0,0.00432269732047183,0.00321259655037082
"TER-NFSB-T164B",2024-12-09,0,0.00716542371646139,0.00219202081176482
"TER-NFSB-T164B",2024-12-10,0,0.00435783921702045,0.00587912057016872
"TER-NFSB-T164B",2024-12-11,0,0,0.00518902818152225
"TER-NFSB-T164B",2024-12-12,0,0.00664033864806331,0.000933855126373507
"TER-NFSB-T164B",2024-12-13,0,0.00204524156530732,0.0010675573994555
"TER-NFSB-T164B",2024-12-14,0,0.00840710389210346,0.00131893481563966
"TER-NFSB-T164B",2024-12-15,0,0.00269420315364113,0.00744314961771558
"TER-NFSB-T164B",2024-12-16,0,0,0.00529678727006688
"TER-NFSB-T164B",2024-12-17,0,0.0120047516583522,0.00661722403481306
"TER-NFSB-T164B",2024-12-18,0,0.00810711848708461,0.00534017819113751
"TER-NFSB-T164B",2024-12-19,0,0.00207775878504433,0.00295504925649626
"TER-NFSB-T164B",2024-12-20,0,0.00475716965823327,0.00420283275686406
"TER-NFSB-T164B",2024-12-21,0,0,0.00262404165698739
"TER-NFSB-T164B",2024-12-22,0,0.0020612501783577,0.00157143947023032
"TER-NFSB-T164B",2024-12-23,0,0.00282552623061016,0.000584839964766004
"TER-NFSB-T164B",2024-12-24,0,0.00536135322300131,0.00182509412039013
"TER-NFSB-T164B",2024-12-25,0,0.00354673728485528,0.00310836156769857
"TER-NFSB-T164B",2024-12-26,0,0.00301158312683481,0.00402291170066945
"TER-NFSB-T164B",2024-12-27,0,0,0.00127678200972418
"TER-NFSB-T164B",2024-12-28,0,0.00511033908007161,0.00515703400353812
"TER-NFSB-T164B",2024-12-29,0,0,0.00315079169645241
"TER-NFSB-T164B",2024-12-30,0,0,0.000783605256809687
"TER-NFSB-T164B",2024-12-31,0,0,0.0014910781896171
"TER-NFSB-T164B",2025-01-01,0,0,0.00145324899225993
"TER-NFSB-T164B",2025-01-02,0,0,0.00326101267379738
"TER-NFSB-T164B",2025-01-03,0,0,0.00542865391515646
"TER-NFSB-T164B",2025-01-04,NA,NA,NA
"TER-NFSB-T164B",2025-01-05,NA,NA,NA
"TER-NFSB-T164B",2025-01-06,NA,NA,NA
"TER-NFSB-T164B",2025-01-07,NA,NA,NA
"TER-NFSB-T164B",2025-01-08,NA,NA,NA
"TER-NFSB-T164B",2025-01-09,NA,NA,NA
"TER-NFSB-T164B",2025-01-10,NA,NA,NA
"TER-NFSB-T164B",2025-01-11,NA,NA,NA
"TER-NFSB-T164B",2025-01-12,NA,NA,NA
"TER-NFSB-T164B",2025-01-13,NA,NA,NA
"TER-NFSB-T164B",2025-01-14,NA,NA,NA
"TER-NFSB-T164B",2025-01-15,NA,NA,NA
"TER-NFSB-T164B",2025-01-16,NA,NA,NA
"TER-NFSB-T164B",2025-01-17,NA,NA,NA
"TER-NFSB-T164B",2025-01-18,NA,NA,NA
"TER-NFSB-T164B",2025-01-19,NA,NA,NA
"TER-NFSB-T164B",2025-01-20,NA,NA,NA
"TER-NFSB-T164B",2025-01-21,NA,NA,NA
"TER-NFSB-T164B",2025-01-22,NA,NA,NA
"TER-NFSB-T164B",2025-01-23,NA,NA,NA
"TER-NFSB-T164B",2025-01-24,NA,NA,NA
"TER-NFSB-T164B",2025-01-25,NA,NA,NA
"TER-NFSB-T164B",2025-01-26,NA,NA,NA
"TER-NFSB-T164B",2025-01-27,NA,NA,NA
"TER-NFSB-T164B",2025-01-28,NA,NA,NA
"TER-NFSB-T164B",2025-01-29,NA,NA,NA
"TER-NFSB-T164B",2025-01-30,NA,NA,NA
"TER-NFSB-T164B",2025-01-31,NA,NA,NA
"TER-NFSB-T164B",2025-02-01,NA,NA,NA
"TER-NFSB-T164B",2025-02-02,NA,NA,NA
"TER-NFSB-T164B",2025-02-03,NA,NA,NA
"TER-NFSB-T164B",2025-02-04,NA,NA,NA
"TER-NFSB-T164B",2025-02-05,NA,NA,NA
"TER-NFSB-T164B",2025-02-06,NA,NA,NA
"TER-NFSB-T164B",2025-02-07,NA,NA,NA
"TER-NFSB-T164B",2025-02-08,NA,NA,NA
"TER-NFSB-T164B",2025-02-09,NA,NA,NA
"TER-NFSB-T164B",2025-02-10,NA,NA,NA
"TER-NFSB-T164B",2025-02-11,NA,NA,NA
"TER-NFSB-T164B",2025-02-12,NA,NA,NA
"TER-NFSB-T164B",2025-02-13,NA,NA,NA
"TER-NFSB-T164B",2025-02-14,NA,NA,NA
"TER-NFSB-T164B",2025-02-15,NA,NA,NA
"TER-NFSB-T164B",2025-02-16,NA,NA,NA
"TER-NFSB-T164B",2025-02-17,NA,NA,NA
"TER-NFSB-T164B",2025-02-18,NA,NA,NA
"TER-NFSB-T164B",2025-02-19,NA,NA,NA
"TER-NFSB-T164B",2025-02-20,NA,NA,NA
"TER-NFSB-T164B",2025-02-21,NA,NA,NA
"TER-NFSB-T164B",2025-02-22,NA,NA,NA
"TER-NFSB-T164B",2025-02-23,NA,NA,NA
"TER-NFSB-T164B",2025-02-24,NA,NA,NA
"TER-NFSB-T164B",2025-02-25,NA,NA,NA
"TER-NFSB-T164B",2025-02-26,NA,NA,NA
"TER-NFSB-T164B",2025-02-27,NA,NA,NA
"TER-NFSB-T164B",2025-02-28,NA,NA,NA
"TER-NFSB-T164B",2025-03-01,NA,NA,NA
"TER-NFSB-T164B",2025-03-02,NA,NA,NA
"TER-NFSB-T164B",2025-03-03,NA,NA,NA
"TER-NFSB-T164B",2025-03-04,NA,NA,NA
"TER-NFSB-T164B",2025-03-05,NA,NA,NA
"TER-NFSB-T164B",2025-03-06,NA,NA,NA
"TER-NFSB-T164B",2025-03-07,NA,NA,NA
"TER-NFSB-T164B",2025-03-08,NA,NA,NA
"TER-NFSB-T164B",2025-03-09,NA,NA,NA
"TER-NFSB-T164B",2025-03-10,NA,NA,NA
"TER-NFSB-T164B",2025-03-11,NA,NA,NA
"TER-NFSB-T164B",2025-03-12,NA,NA,NA
"TER-NFSB-T164B",2025-03-13,NA,NA,NA
"TER-NFSB-T164B",2025-03-14,NA,NA,NA
"TER-NFSB-T164B",2025-03-15,NA,NA,NA
"TER-NFSB-T164B",2025-03-16,NA,NA,NA
"TER-NFSB-T164B",2025-03-17,NA,NA,NA
"TER-NFSB-T164B",2025-03-18,NA,NA,NA
"TER-NFSB-T164B",2025-03-19,NA,NA,NA
"TER-NFSB-T164B",2025-03-20,NA,NA,NA
"TER-NFSB-T164B",2025-03-21,NA,NA,NA
"TER-NFSB-T164B",2025-03-22,NA,NA,NA
"TER-NFSB-T164B",2025-03-23,NA,NA,NA
"TER-NFSB-T164B",2025-03-24,NA,NA,NA
"TER-NFSB-T164B",2025-03-25,NA,NA,NA
"TER-NFSB-T164B",2025-03-26,NA,NA,NA
"TER-NFSB-T164B",2025-03-27,NA,NA,NA
"TER-NFSB-T164B",2025-03-28,NA,NA,NA
"TER-NFSB-T164B",2025-03-29,NA,NA,NA
"TER-NFSB-T164B",2025-03-30,NA,NA,NA
"TER-NFSB-T164B",2025-03-31,NA,NA,NA
"TER-NFSB-T164B",2025-04-01,NA,NA,NA
"TER-NFSB-T164B",2025-04-02,NA,NA,NA
"TER-NFSB-T164B",2025-04-03,NA,NA,NA
"TER-NFSB-T164B",2025-04-04,NA,NA,NA
"TER-NFSB-T164B",2025-04-05,NA,NA,NA
"TER-NFSB-T164B",2025-04-06,NA,NA,NA
"TER-NFSB-T164B",2025-04-07,NA,NA,NA
"TER-NFSB-T164B",2025-04-08,NA,NA,NA
"TER-NFSB-T164B",2025-04-09,NA,NA,NA
"TER-NFSB-T164B",2025-04-10,NA,NA,NA
"TER-NFSB-T164B",2025-04-11,NA,NA,NA
"TER-NFSB-T164B",2025-04-12,NA,NA,NA
"TER-NFSB-T164B",2025-04-13,NA,NA,NA
"TER-NFSB-T164B",2025-04-14,NA,NA,NA
"TER-NFSB-T164B",2025-04-15,NA,NA,NA
"TER-NFSB-T164B",2025-04-16,NA,NA,NA
"TER-NFSB-T164B",2025-04-17,NA,NA,NA
"TER-NFSB-T164B",2025-04-18,NA,NA,NA
"TER-NFSB-T164B",2025-04-19,NA,NA,NA
"TER-NFSB-T164B",2025-04-20,NA,NA,NA
"TER-NFSB-T164B",2025-04-21,NA,NA,NA
"TER-NFSB-T164B",2025-04-22,NA,NA,NA
"TER-NFSB-T164B",2025-04-23,NA,NA,NA
"TER-NFSB-T164B",2025-04-24,NA,NA,NA
"TER-NFSB-T164B",2025-04-25,NA,NA,NA
"TER-NFSB-T164B",2025-04-26,NA,NA,NA
"TER-NFSB-T164B",2025-04-27,NA,NA,NA
"TER-NFSB-T164B",2025-04-28,NA,NA,NA
"TER-NFSB-T164B",2025-04-29,NA,NA,NA
"TER-NFSB-T164B",2025-04-30,NA,NA,NA
"TER-NFSB-T164B",2025-05-01,NA,NA,NA
"TER-NFSB-T164B",2025-05-02,NA,NA,NA
"TER-NFSB-T164B",2025-05-03,NA,NA,NA
"TER-NFSB-T164B",2025-05-04,NA,NA,NA
"TER-NFSB-T164B",2025-05-05,NA,NA,NA
"TER-NFSB-T164B",2025-05-06,NA,NA,NA
"TER-NFSB-T164B",2025-05-07,NA,NA,NA
"TER-NFSB-T164B",2025-05-08,NA,NA,NA
"TER-NFSB-T164B",2025-05-09,NA,NA,NA
"TER-NFSB-T164B",2025-05-10,NA,NA,NA
"TER-NFSB-T164B",2025-05-11,NA,NA,NA
"TER-NFSB-T164B",2025-05-12,NA,NA,NA
"TER-NFSB-T164B",2025-05-13,NA,NA,NA
"TER-NFSB-T164B",2025-05-14,NA,NA,NA
"TER-NFSB-T164B",2025-05-15,NA,NA,NA
"TER-NFSB-T164B",2025-05-16,NA,NA,NA
"TER-NFSB-T164B",2025-05-17,NA,NA,NA
"TER-NFSB-T164B",2025-05-18,NA,NA,NA
"TER-NFSB-T164B",2025-05-19,NA,NA,NA
"TER-NFSB-T164B",2025-05-20,NA,NA,NA
"TER-NFSB-T164B",2025-05-21,NA,NA,NA
"TER-NFSB-T164B",2025-05-22,NA,NA,NA
"TER-NFSB-T164B",2025-05-23,NA,NA,NA
"TER-NFSB-T164B",2025-05-24,NA,NA,NA
"TER-NFSB-T164B",2025-05-25,NA,NA,NA
"TER-NFSB-T164B",2025-05-26,NA,NA,NA
"TER-NFSB-T164B",2025-05-27,NA,NA,NA
"TER-NFSB-T164B",2025-05-28,NA,NA,NA
"TER-NFSB-T164B",2025-05-29,NA,NA,NA
"TER-NFSB-T164B",2025-05-30,NA,NA,NA
"TER-NFSB-T164B",2025-05-31,NA,NA,NA
"TER-NFSB-T164B",2025-06-01,NA,NA,NA
"TER-NFSB-T164B",2025-06-02,NA,NA,NA
"TER-NFSB-T164B",2025-06-03,NA,NA,NA
"TER-NFSB-T164B",2025-06-04,NA,NA,NA
"TER-NFSB-T164B",2025-06-05,NA,NA,NA
"TER-NFSB-T164B",2025-06-06,NA,NA,NA
"TER-NFSB-T164B",2025-06-07,NA,NA,NA
"TER-NFSB-T164B",2025-06-08,NA,NA,NA
"TER-NFSB-T164B",2025-06-09,NA,NA,NA
"TER-NFSB-T164B",2025-06-10,NA,NA,NA
"TER-NFSB-T164B",2025-06-11,NA,NA,NA
"TER-NFSB-T164B",2025-06-12,NA,NA,NA
"TER-NFSB-TE48",2023-08-09,NA,NA,NA
"TER-NFSB-TE48",2023-08-10,NA,NA,NA
"TER-NFSB-TE48",2023-08-11,NA,NA,NA
"TER-NFSB-TE48",2023-08-12,NA,NA,NA
"TER-NFSB-TE48",2023-08-13,NA,NA,NA
"TER-NFSB-TE48",2023-08-14,NA,NA,NA
"TER-NFSB-TE48",2023-08-15,NA,NA,NA
"TER-NFSB-TE48",2023-08-16,NA,NA,NA
"TER-NFSB-TE48",2023-08-17,NA,NA,NA
"TER-NFSB-TE48",2023-08-18,NA,NA,NA
"TER-NFSB-TE48",2023-08-19,NA,NA,NA
"TER-NFSB-TE48",2023-08-20,NA,NA,NA
"TER-NFSB-TE48",2023-08-21,NA,NA,NA
"TER-NFSB-TE48",2023-08-22,NA,NA,NA
"TER-NFSB-TE48",2023-08-23,NA,NA,NA
"TER-NFSB-TE48",2023-08-24,NA,NA,NA
"TER-NFSB-TE48",2023-08-25,NA,NA,NA
"TER-NFSB-TE48",2023-08-26,NA,NA,NA
"TER-NFSB-TE48",2023-08-27,NA,NA,NA
"TER-NFSB-TE48",2023-08-28,NA,NA,NA
"TER-NFSB-TE48",2023-08-29,NA,NA,NA
"TER-NFSB-TE48",2023-08-30,NA,NA,NA
"TER-NFSB-TE48",2023-08-31,NA,NA,NA
"TER-NFSB-TE48",2023-09-01,NA,NA,NA
"TER-NFSB-TE48",2023-09-02,NA,NA,NA
"TER-NFSB-TE48",2023-09-03,NA,NA,NA
"TER-NFSB-TE48",2023-09-04,NA,NA,NA
"TER-NFSB-TE48",2023-09-05,NA,NA,NA
"TER-NFSB-TE48",2023-09-06,NA,NA,NA
"TER-NFSB-TE48",2023-09-07,NA,NA,NA
"TER-NFSB-TE48",2023-09-08,NA,NA,NA
"TER-NFSB-TE48",2023-09-09,NA,NA,NA
"TER-NFSB-TE48",2023-09-10,NA,NA,NA
"TER-NFSB-TE48",2023-09-11,NA,NA,NA
"TER-NFSB-TE48",2023-09-12,0.0366007679057299,0.136219806455493,0.179993731134202
"TER-NFSB-TE48",2023-09-13,0.0336843360686921,0.142649877864527,0.167385129678313
"TER-NFSB-TE48",2023-09-14,0.0145848094679451,0.0308206132776892,0.00966967367264342
"TER-NFSB-TE48",2023-09-15,0.00544248638853748,0.0283254211372793,0
"TER-NFSB-TE48",2023-09-16,0.0339326992699597,0.0874717854911991,0.122982957491503
"TER-NFSB-TE48",2023-09-17,0.0231533929974159,0.0721358536104806,0.0787528366704863
"TER-NFSB-TE48",2023-09-18,0.0315860798109528,0.108061745234009,0.114157134193811
"TER-NFSB-TE48",2023-09-19,0.0184246135161719,0.0566436675928733,0.0309383580595924
"TER-NFSB-TE48",2023-09-20,0.0045764204458513,0.0211822007020434,0
"TER-NFSB-TE48",2023-09-21,0.00318070288214407,0.048363059651799,0
"TER-NFSB-TE48",2023-09-22,0.0128063016160671,0.205227062463881,0.231064602727694
"TER-NFSB-TE48",2023-09-23,0.00508129404562232,0.0191727434635247,0
"TER-NFSB-TE48",2023-09-24,0.00378030601579679,0.0908970346217125,0.0449765381007789
"TER-NFSB-TE48",2023-09-25,0.0171151579451641,0.0585306751834851,0.0267637814752574
"TER-NFSB-TE48",2023-09-26,0.00634557437703163,0.0276050790080587,0
"TER-NFSB-TE48",2023-09-27,0.00539521854156246,0.0161578136131993,0
"TER-NFSB-TE48",2023-09-28,0.003311196346319,0.00936062645275303,0
"TER-NFSB-TE48",2023-09-29,NA,0.00569963985516217,0
"TER-NFSB-TE48",2023-09-30,NA,0.00958338872877916,0
"TER-NFSB-TE48",2023-10-01,NA,0.0617254757415004,0
"TER-NFSB-TE48",2023-10-02,NA,0.0463576344352255,0.0410234233489678
"TER-NFSB-TE48",2023-10-03,NA,0.0741864531434549,0.0565488420192392
"TER-NFSB-TE48",2023-10-04,NA,0.0105972440812906,0
"TER-NFSB-TE48",2023-10-05,NA,0.00876910619753651,0
"TER-NFSB-TE48",2023-10-06,NA,0.0113372930271619,0
"TER-NFSB-TE48",2023-10-07,NA,0.0323153461347777,0
"TER-NFSB-TE48",2023-10-08,NA,0.0283216286176072,0
"TER-NFSB-TE48",2023-10-09,NA,0.00400164905712139,0
"TER-NFSB-TE48",2023-10-10,NA,0.00424706857882572,0
"TER-NFSB-TE48",2023-10-11,NA,0.0132441367065249,0
"TER-NFSB-TE48",2023-10-12,NA,0.00353825800424542,0
"TER-NFSB-TE48",2023-10-13,NA,0.00881919025255036,0
"TER-NFSB-TE48",2023-10-14,NA,0.00356694095866856,0
"TER-NFSB-TE48",2023-10-15,NA,0.00562735610161756,0
"TER-NFSB-TE48",2023-10-16,NA,0.00591933606916863,0
"TER-NFSB-TE48",2023-10-17,NA,0.00508150448283548,0
"TER-NFSB-TE48",2023-10-18,NA,0.00763799882476882,0
"TER-NFSB-TE48",2023-10-19,NA,0.0160993235464533,0
"TER-NFSB-TE48",2023-10-20,NA,0.0064243462565503,0
"TER-NFSB-TE48",2023-10-21,NA,0.0320108853557547,0
"TER-NFSB-TE48",2023-10-22,NA,0.0173799197465422,0
"TER-NFSB-TE48",2023-10-23,NA,0.0401590309674628,0
"TER-NFSB-TE48",2023-10-24,NA,0.0042812737835009,0
"TER-NFSB-TE48",2023-10-25,NA,0.00761357143747736,0
"TER-NFSB-TE48",2023-10-26,NA,0.0368824180453016,0
"TER-NFSB-TE48",2023-10-27,NA,0.0130291803018962,0
"TER-NFSB-TE48",2023-10-28,NA,0.0132530173595428,0
"TER-NFSB-TE48",2023-10-29,NA,0.0339970282301455,0
"TER-NFSB-TE48",2023-10-30,NA,0.0289784304362743,0
"TER-NFSB-TE48",2023-10-31,NA,0.00615836403671703,0
"TER-NFSB-TE48",2023-11-01,NA,0.0125818553025611,0
"TER-NFSB-TE48",2023-11-02,NA,0.0830433086792468,0.0927945538879511
"TER-NFSB-TE48",2023-11-03,NA,0.0578658958743739,0.0595280860864492
"TER-NFSB-TE48",2023-11-04,NA,0.0583201600906885,0
"TER-NFSB-TE48",2023-11-05,NA,0.0126180628465381,0
"TER-NFSB-TE48",2023-11-06,NA,0.040509176647331,0
"TER-NFSB-TE48",2023-11-07,NA,0.0141367745350074,0
"TER-NFSB-TE48",2023-11-08,NA,0.00489130034834067,0
"TER-NFSB-TE48",2023-11-09,NA,0.00340438523460375,0
"TER-NFSB-TE48",2023-11-10,NA,0.00316065348081151,0
"TER-NFSB-TE48",2023-11-11,NA,0.00673616103213443,0
"TER-NFSB-TE48",2023-11-12,NA,0.00353870425701659,0
"TER-NFSB-TE48",2023-11-13,NA,0.00371322936441932,0
"TER-NFSB-TE48",2023-11-14,NA,0.0123382648485275,0
"TER-NFSB-TE48",2023-11-15,NA,0.0036720110817861,0
"TER-NFSB-TE48",2023-11-16,NA,0.00309881874911619,0
"TER-NFSB-TE48",2023-11-17,NA,0.00629726233178793,0
"TER-NFSB-TE48",2023-11-18,NA,0.0223866344702265,0
"TER-NFSB-TE48",2023-11-19,NA,0.00699083477657272,0
"TER-NFSB-TE48",2023-11-20,NA,0.00263404961203802,0
"TER-NFSB-TE48",2023-11-21,NA,0.00792893416142567,0
"TER-NFSB-TE48",2023-11-22,NA,0.0137819348229573,0
"TER-NFSB-TE48",2023-11-23,NA,0.0330876047136447,0
"TER-NFSB-TE48",2023-11-24,NA,0.0216127628563996,0
"TER-NFSB-TE48",2023-11-25,NA,0.00336934742386728,0
"TER-NFSB-TE48",2023-11-26,NA,0.00287340241939044,0
"TER-NFSB-TE48",2023-11-27,NA,0.00447435983534748,0
"TER-NFSB-TE48",2023-11-28,NA,0.00878899860918336,0
"TER-NFSB-TE48",2023-11-29,NA,0.00821204169525794,0
"TER-NFSB-TE48",2023-11-30,NA,0.0381837930483235,0
"TER-NFSB-TE48",2023-12-01,NA,0.0337585276529821,0.00281061208671952
"TER-NFSB-TE48",2023-12-02,NA,0.0166060545904784,0
"TER-NFSB-TE48",2023-12-03,NA,0.0332455971416235,0.00117178379566395
"TER-NFSB-TE48",2023-12-04,NA,0.0488178604516971,0.0162937511423214
"TER-NFSB-TE48",2023-12-05,NA,0.00659145479676144,0
"TER-NFSB-TE48",2023-12-06,NA,0.00694012003226773,0
"TER-NFSB-TE48",2023-12-07,NA,0.0306336617315396,0
"TER-NFSB-TE48",2023-12-08,NA,NA,NA
"TER-NFSB-TE48",2023-12-09,0,0.00469939424601553,0
"TER-NFSB-TE48",2023-12-10,0,0.00597084033280312,0
"TER-NFSB-TE48",2023-12-11,0,0.00323910775361025,0
"TER-NFSB-TE48",2023-12-12,0,0.0150081561910446,0
"TER-NFSB-TE48",2023-12-13,0,0.00884337381425022,0
"TER-NFSB-TE48",2023-12-14,0,0.0112045313906416,0
"TER-NFSB-TE48",2023-12-15,0,0.00629653786357517,0
"TER-NFSB-TE48",2023-12-16,0,0.00110183449657447,0
"TER-NFSB-TE48",2023-12-17,0,0.00112205332974802,0
"TER-NFSB-TE48",2023-12-18,0,0.00864535095552351,0
"TER-NFSB-TE48",2023-12-19,0,0.00231205901284928,0
"TER-NFSB-TE48",2023-12-20,0,0.0140185902199719,0
"TER-NFSB-TE48",2023-12-21,0,0.00857392286604741,0
"TER-NFSB-TE48",2023-12-22,0,0.0115630738238006,0
"TER-NFSB-TE48",2023-12-23,0,0.0204400404209055,0
"TER-NFSB-TE48",2023-12-24,0,0.0274732771613102,0.00591761346817418
"TER-NFSB-TE48",2023-12-25,0,0.0054603655925691,0
"TER-NFSB-TE48",2023-12-26,0,0.0114668190542838,0
"TER-NFSB-TE48",2023-12-27,0,0.00411706199339631,0
"TER-NFSB-TE48",2023-12-28,0,0.00826025979711369,0
"TER-NFSB-TE48",2023-12-29,0,0.00234221001912001,0
"TER-NFSB-TE48",2023-12-30,0,0.00840761001010287,0
"TER-NFSB-TE48",2023-12-31,0,0.0270854349139443,0
"TER-NFSB-TE48",2024-01-01,0,0.00437222415836799,0
"TER-NFSB-TE48",2024-01-02,0,0.00610305972175499,0
"TER-NFSB-TE48",2024-01-03,0,0.0190408576008185,0
"TER-NFSB-TE48",2024-01-04,0,0.00545869489955574,0
"TER-NFSB-TE48",2024-01-05,0,0.00831928588342361,0
"TER-NFSB-TE48",2024-01-06,0,0.00549711255244062,0
"TER-NFSB-TE48",2024-01-07,0,0.0112620978245089,0
"TER-NFSB-TE48",2024-01-08,0,0.0120929278694146,0
"TER-NFSB-TE48",2024-01-09,0,0.00380349418399076,NA
"TER-NFSB-TE48",2024-01-10,0,0.0070752600743594,NA
"TER-NFSB-TE48",2024-01-11,0,0.0124631864747399,NA
"TER-NFSB-TE48",2024-01-12,0,0.0186129540467116,NA
"TER-NFSB-TE48",2024-01-13,0,0.00971353812305219,NA
"TER-NFSB-TE48",2024-01-14,0,0.00354280300482105,NA
"TER-NFSB-TE48",2024-01-15,0,0.00349364303475264,NA
"TER-NFSB-TE48",2024-01-16,0,0.00215459153006087,NA
"TER-NFSB-TE48",2024-01-17,0,0.00101323482043966,NA
"TER-NFSB-TE48",2024-01-18,0,0.00202223999008697,NA
"TER-NFSB-TE48",2024-01-19,0,0.00472222190894793,NA
"TER-NFSB-TE48",2024-01-20,0,0.00730938224714523,NA
"TER-NFSB-TE48",2024-01-21,0,0.00210518699616392,NA
"TER-NFSB-TE48",2024-01-22,0,0.00165253077034003,NA
"TER-NFSB-TE48",2024-01-23,0,0.000988899658486449,NA
"TER-NFSB-TE48",2024-01-24,0,0.00125867975349202,NA
"TER-NFSB-TE48",2024-01-25,0,0.00278372539464519,NA
"TER-NFSB-TE48",2024-01-26,0,0.0041355872621126,NA
"TER-NFSB-TE48",2024-01-27,0,0.0106927436946204,NA
"TER-NFSB-TE48",2024-01-28,0,0.0184231575516875,NA
"TER-NFSB-TE48",2024-01-29,0,0.0119967009944847,NA
"TER-NFSB-TE48",2024-01-30,0,0.00387488867114226,NA
"TER-NFSB-TE48",2024-01-31,0,0.00772212308604262,NA
"TER-NFSB-TE48",2024-02-01,0,0.0038293750563711,NA
"TER-NFSB-TE48",2024-02-02,0,0.00683111732724959,NA
"TER-NFSB-TE48",2024-02-03,0,0.0235177238470079,NA
"TER-NFSB-TE48",2024-02-04,0,0.0215814008498092,NA
"TER-NFSB-TE48",2024-02-05,0,0.0113308025777251,NA
"TER-NFSB-TE48",2024-02-06,0,0.00298257640578924,NA
"TER-NFSB-TE48",2024-02-07,0,0.00431545317440507,NA
"TER-NFSB-TE48",2024-02-08,0,0.00407255034852729,NA
"TER-NFSB-TE48",2024-02-09,0,0.0041026420871376,NA
"TER-NFSB-TE48",2024-02-10,0,0.00898311298674619,NA
"TER-NFSB-TE48",2024-02-11,0,0.00337476804711226,NA
"TER-NFSB-TE48",2024-02-12,0,0.00164090032598307,NA
"TER-NFSB-TE48",2024-02-13,0,0.00496538471415258,NA
"TER-NFSB-TE48",2024-02-14,0,0.0018273089621926,NA
"TER-NFSB-TE48",2024-02-15,0,0.0100426333485221,NA
"TER-NFSB-TE48",2024-02-16,0,0.0061222325147029,NA
"TER-NFSB-TE48",2024-02-17,0,0.0159942990372314,NA
"TER-NFSB-TE48",2024-02-18,0,0.0327367581595563,NA
"TER-NFSB-TE48",2024-02-19,0,0.0555805281169149,NA
"TER-NFSB-TE48",2024-02-20,0,0.0248369360891176,NA
"TER-NFSB-TE48",2024-02-21,0,0.0229942886434336,NA
"TER-NFSB-TE48",2024-02-22,0,0.0129488835276371,NA
"TER-NFSB-TE48",2024-02-23,0,0.042635579100277,NA
"TER-NFSB-TE48",2024-02-24,0,0.0413826765080094,NA
"TER-NFSB-TE48",2024-02-25,0,0.00530702533219192,NA
"TER-NFSB-TE48",2024-02-26,0,0.0201065616930627,NA
"TER-NFSB-TE48",2024-02-27,0,0.0439239327499327,NA
"TER-NFSB-TE48",2024-02-28,0,0.0550946980750688,NA
"TER-NFSB-TE48",2024-02-29,0,0.0290314682220603,NA
"TER-NFSB-TE48",2024-03-01,0,0.0356801045307003,NA
"TER-NFSB-TE48",2024-03-02,0,0.0283802420347963,NA
"TER-NFSB-TE48",2024-03-03,0,0.0242718806584645,NA
"TER-NFSB-TE48",2024-03-04,0,0.0336039353059941,NA
"TER-NFSB-TE48",2024-03-05,0,0.00839736845909985,NA
"TER-NFSB-TE48",2024-03-06,0,0.00384488066536344,NA
"TER-NFSB-TE48",2024-03-07,0,0.00920638480254563,NA
"TER-NFSB-TE48",2024-03-08,0,0.00480473716847014,NA
"TER-NFSB-TE48",2024-03-09,0,0.00345375156517583,NA
"TER-NFSB-TE48",2024-03-10,0,0.0104890223221887,NA
"TER-NFSB-TE48",2024-03-11,0,0.00499334917735277,NA
"TER-NFSB-TE48",2024-03-12,0,0.0032842265920162,NA
"TER-NFSB-TE48",2024-03-13,0,0.00746319640253067,NA
"TER-NFSB-TE48",2024-03-14,0,0.00246776879829562,NA
"TER-NFSB-TE48",2024-03-15,0,0.00914057094688344,NA
"TER-NFSB-TE48",2024-03-16,0,0.027270398347363,NA
"TER-NFSB-TE48",2024-03-17,0.00321191567655595,0.0303256795399896,NA
"TER-NFSB-TE48",2024-03-18,0,0.00427361961071919,0
"TER-NFSB-TE48",2024-03-19,0,0.0139948100837855,0.0586122832171272
"TER-NFSB-TE48",2024-03-20,0,0.0659562270613382,0.0853364995966503
"TER-NFSB-TE48",2024-03-21,0.00182305643662428,0.0434281256914539,0.0546228453625363
"TER-NFSB-TE48",2024-03-22,0,0.00652043192847095,0
"TER-NFSB-TE48",2024-03-23,0,0.00735217914824638,0.00388778333855428
"TER-NFSB-TE48",2024-03-24,0,0.0169251918421234,0.0145063180569687
"TER-NFSB-TE48",2024-03-25,0,0.0167393668402172,0.00471606942719262
"TER-NFSB-TE48",2024-03-26,0,0.00625072947477585,0
"TER-NFSB-TE48",2024-03-27,0,0.0106462959398375,NA
"TER-NFSB-TE48",2024-03-28,0,0.0084295875228433,NA
"TER-NFSB-TE48",2024-03-29,0,0.0072136907357002,NA
"TER-NFSB-TE48",2024-03-30,0,0.00511012025665955,NA
"TER-NFSB-TE48",2024-03-31,0,0.0215506532818788,NA
"TER-NFSB-TE48",2024-04-01,0,0.00707936894627866,NA
"TER-NFSB-TE48",2024-04-02,0,0.0044840101747632,NA
"TER-NFSB-TE48",2024-04-03,0,0.00632370522586946,NA
"TER-NFSB-TE48",2024-04-04,0,0.00943331004415557,NA
"TER-NFSB-TE48",2024-04-05,0,0.00503124120343771,NA
"TER-NFSB-TE48",2024-04-06,0,0.0152719451649909,NA
"TER-NFSB-TE48",2024-04-07,0,0.00379331929582436,NA
"TER-NFSB-TE48",2024-04-08,0,0.0166381387390472,NA
"TER-NFSB-TE48",2024-04-09,0,0.0044943149931656,NA
"TER-NFSB-TE48",2024-04-10,0,0.0012501058652349,NA
"TER-NFSB-TE48",2024-04-11,0,0.00366976013132318,NA
"TER-NFSB-TE48",2024-04-12,0,0.0176086944883754,NA
"TER-NFSB-TE48",2024-04-13,0,0.00172922021430624,NA
"TER-NFSB-TE48",2024-04-14,0,0.0035660765930908,NA
"TER-NFSB-TE48",2024-04-15,0,0.00614053432524818,NA
"TER-NFSB-TE48",2024-04-16,0,0.00456216938252269,NA
"TER-NFSB-TE48",2024-04-17,0,0.00572099587948357,NA
"TER-NFSB-TE48",2024-04-18,0,0.00755508997223375,NA
"TER-NFSB-TE48",2024-04-19,0,0.00547911587844834,NA
"TER-NFSB-TE48",2024-04-20,0,0.0132176634038884,NA
"TER-NFSB-TE48",2024-04-21,0,0.0115628064361317,NA
"TER-NFSB-TE48",2024-04-22,0,0.0108889601970483,NA
"TER-NFSB-TE48",2024-04-23,0,0.00328881161375639,NA
"TER-NFSB-TE48",2024-04-24,0.00269227918989454,0.00340658253914632,NA
"TER-NFSB-TE48",2024-04-25,0.00475846616018553,0.0211139451735763,NA
"TER-NFSB-TE48",2024-04-26,0.00687370911074461,0.0105285601545321,NA
"TER-NFSB-TE48",2024-04-27,0.00302624281375112,0.0474737834774172,NA
"TER-NFSB-TE48",2024-04-28,0.0561230832635302,0.0708457670737503,NA
"TER-NFSB-TE48",2024-04-29,0.083841513007758,0.0739566662951391,NA
"TER-NFSB-TE48",2024-04-30,0.0736945346354534,0.0997533251242875,NA
"TER-NFSB-TE48",2024-05-01,0.0239361604650944,0.0340732782496451,NA
"TER-NFSB-TE48",2024-05-02,0.0113528541882144,0.00762798729144311,NA
"TER-NFSB-TE48",2024-05-03,0.011191050823346,0.0105320076164743,NA
"TER-NFSB-TE48",2024-05-04,0.00685496940772628,0.0191677974948687,NA
"TER-NFSB-TE48",2024-05-05,0.0294870031688309,0.12044160022518,NA
"TER-NFSB-TE48",2024-05-06,0.00598318279213038,0.00378899114198845,NA
"TER-NFSB-TE48",2024-05-07,0.011417093359133,0.0118009790686757,NA
"TER-NFSB-TE48",2024-05-08,0.015531037697491,0.0068963644001234,NA
"TER-NFSB-TE48",2024-05-09,0.00559117046320906,0.024924774592343,NA
"TER-NFSB-TE48",2024-05-10,0.00569652374416222,0.0827058630074194,NA
"TER-NFSB-TE48",2024-05-11,0.00593373210777528,0.0542712022257603,NA
"TER-NFSB-TE48",2024-05-12,0,0.0314281814328564,NA
"TER-NFSB-TE48",2024-05-13,0,0.0103573484703629,NA
"TER-NFSB-TE48",2024-05-14,0,0.0548947972554807,NA
"TER-NFSB-TE48",2024-05-15,0,0.0332038458357517,NA
"TER-NFSB-TE48",2024-05-16,NA,0.0183935211161043,NA
"TER-NFSB-TE48",2024-05-17,NA,0.0440699269745534,NA
"TER-NFSB-TE48",2024-05-18,NA,0.084171400420331,NA
"TER-NFSB-TE48",2024-05-19,NA,0.146958971054447,NA
"TER-NFSB-TE48",2024-05-20,NA,0.047258871117619,NA
"TER-NFSB-TE48",2024-05-21,NA,0.0754075408767611,NA
"TER-NFSB-TE48",2024-05-22,NA,0.0568965642799247,NA
"TER-NFSB-TE48",2024-05-23,NA,0.000825466457021752,NA
"TER-NFSB-TE48",2024-05-24,NA,0.00664089280970966,NA
"TER-NFSB-TE48",2024-05-25,NA,0.0674558045080393,NA
"TER-NFSB-TE48",2024-05-26,NA,0.121902341363916,NA
"TER-NFSB-TE48",2024-05-27,NA,0.0826448480372251,NA
"TER-NFSB-TE48",2024-05-28,NA,0.0639835967463138,NA
"TER-NFSB-TE48",2024-05-29,NA,0.00388835261003543,NA
"TER-NFSB-TE48",2024-05-30,NA,0.0530362866248421,NA
"TER-NFSB-TE48",2024-05-31,NA,0.024708418960301,NA
"TER-NFSB-TE48",2024-06-01,NA,0.0939911062915976,NA
"TER-NFSB-TE48",2024-06-02,NA,0.0543403705448027,NA
"TER-NFSB-TE48",2024-06-03,NA,0.0235639663750764,NA
"TER-NFSB-TE48",2024-06-04,NA,0.0332884935177603,NA
"TER-NFSB-TE48",2024-06-05,NA,0.0112127180078487,NA
"TER-NFSB-TE48",2024-06-06,NA,0.0299199903390615,NA
"TER-NFSB-TE48",2024-06-07,NA,0.0372137930834571,NA
"TER-NFSB-TE48",2024-06-08,NA,0.0268612424567574,NA
"TER-NFSB-TE48",2024-06-09,NA,0.0543203888796132,NA
"TER-NFSB-TE48",2024-06-10,NA,0.0331210724039159,NA
"TER-NFSB-TE48",2024-06-11,NA,0.072857513062304,NA
"TER-NFSB-TE48",2024-06-12,NA,0.200103503239422,NA
"TER-NFSB-TE48",2024-06-13,0,0.00631164673556995,0.00260894797434061
"TER-NFSB-TE48",2024-06-14,0,0.01180902175932,0.0377521361119249
"TER-NFSB-TE48",2024-06-15,0.0942498245216217,0.194063261823299,0.339201730449204
"TER-NFSB-TE48",2024-06-16,0,0.00682004530916956,0
"TER-NFSB-TE48",2024-06-17,0.00955577588099642,0.0324987572295838,0.02773081526644
"TER-NFSB-TE48",2024-06-18,0.037699627708166,0.0666506661619773,0.111047177447392
"TER-NFSB-TE48",2024-06-19,0.0438418098220879,0.0755542756118286,0.141152449011039
"TER-NFSB-TE48",2024-06-20,0.157832198187024,0.214000967774418,0.340140810268644
"TER-NFSB-TE48",2024-06-21,0.190842350022919,0.231862288616031,0.338229846071599
"TER-NFSB-TE48",2024-06-22,0.0832564163393099,0.121689387606166,0.207489527549064
"TER-NFSB-TE48",2024-06-23,0.060368726279936,0.0784873808226692,0.12931668320662
"TER-NFSB-TE48",2024-06-24,0,0.00897807383921863,0
"TER-NFSB-TE48",2024-06-25,0,0.0204274344953955,0.0597234851131441
"TER-NFSB-TE48",2024-06-26,0.0574368288831963,0.142886834464926,0.23469502357804
"TER-NFSB-TE48",2024-06-27,0,0.0220763131323454,0.0112015540997389
"TER-NFSB-TE48",2024-06-28,0.0427192225131862,0.102737059165269,0.159348922810311
"TER-NFSB-TE48",2024-06-29,0,0.0384183279942585,0.0457060316051821
"TER-NFSB-TE48",2024-06-30,0,0.00736598142273234,0
"TER-NFSB-TE48",2024-07-01,0.085306907414968,0.184017742414037,0.325961436405513
"TER-NFSB-TE48",2024-07-02,0.0924015650546685,0.125357008302767,0.213346320774887
"TER-NFSB-TE48",2024-07-03,0.0553427363826737,0.102888710397994,0.162644189710311
"TER-NFSB-TE48",2024-07-04,0.0943675517797255,0.101066877872557,0.166179171798146
"TER-NFSB-TE48",2024-07-05,0.0716375399644612,0.105738961499691,0.172410235535229
"TER-NFSB-TE48",2024-07-06,0.0051043592334614,0.0300552415390577,0.0256043142494925
"TER-NFSB-TE48",2024-07-07,0,0.0121318297951242,0
"TER-NFSB-TE48",2024-07-08,0.0161385070828513,0.00490421940604607,0
"TER-NFSB-TE48",2024-07-09,0.00504097646506645,0.00113013927495325,0
"TER-NFSB-TE48",2024-07-10,0.00540026721324988,0.00620208121277492,0
"TER-NFSB-TE48",2024-07-11,0.0218880423203902,0.0333868274149077,0.0399301389122884
"TER-NFSB-TE48",2024-07-12,0.00705040331739573,0.0230933653030259,0.0395950407714683
"TER-NFSB-TE48",2024-07-13,0.00610642040092163,0.0118506218066615,0.0418501803116063
"TER-NFSB-TE48",2024-07-14,0.0410944821563696,0.100333056954499,0.155027864553922
"TER-NFSB-TE48",2024-07-15,0.00949198503918627,0.020960796848878,0.0444109668256142
"TER-NFSB-TE48",2024-07-16,0.00877002176335335,0.0187940928020625,0.0538240125577893
"TER-NFSB-TE48",2024-07-17,0.00639859430294971,0.00547943337008576,0
"TER-NFSB-TE48",2024-07-18,0.00541655186944611,0.0118914711135712,0.0283633086991153
"TER-NFSB-TE48",2024-07-19,0.030327727136926,0.145307323665838,0.227077611856645
"TER-NFSB-TE48",2024-07-20,0.0579182781029143,0.0724789641146855,0.143612376047197
"TER-NFSB-TE48",2024-07-21,0.0948429622476686,0.140505912831277,0.261084542601351
"TER-NFSB-TE48",2024-07-22,0.0811592991700788,0.127661883056021,0.203580729689489
"TER-NFSB-TE48",2024-07-23,0.0467748007711596,0.0738220652383293,0.123706817845733
"TER-NFSB-TE48",2024-07-24,0.0746655070481105,0.113940907457532,0.176370878112887
"TER-NFSB-TE48",2024-07-25,0.136540908148004,0.177389977587996,0.296715076139352
"TER-NFSB-TE48",2024-07-26,0.0643935076051026,0.0724621387314459,0.121832793387263
"TER-NFSB-TE48",2024-07-27,0.0446680375488621,0.0574439982260238,0.0829876790117072
"TER-NFSB-TE48",2024-07-28,0.032371717897893,0.052339375002711,0.114601349189673
"TER-NFSB-TE48",2024-07-29,0.0391817459712277,0.0908176492235556,0.189452992082882
"TER-NFSB-TE48",2024-07-30,0.00974646747807488,0.0134591097877544,0.0195129585529808
"TER-NFSB-TE48",2024-07-31,0.00468830024972435,0.00975165167585017,0.0308276206598731
"TER-NFSB-TE48",2024-08-01,0.0176836258909377,0.101009663973819,0.153633626473083
"TER-NFSB-TE48",2024-08-02,0.0270811453424813,0.0870523874055625,0.155011150041946
"TER-NFSB-TE48",2024-08-03,0.0607451354398008,0.117020834784383,0.190138668709867
"TER-NFSB-TE48",2024-08-04,0.0919826693053194,0.142489366550606,0.19963513324761
"TER-NFSB-TE48",2024-08-05,0.0867441471990142,0.109172581298751,0.168651563803661
"TER-NFSB-TE48",2024-08-06,0.0325893863070954,0.0485438401950219,0.108569605511181
"TER-NFSB-TE48",2024-08-07,0.069306380689552,0.113872656173897,0.193000928504887
"TER-NFSB-TE48",2024-08-08,0.0736979593517945,0.117679827130456,0.181002560139362
"TER-NFSB-TE48",2024-08-09,0.0609249071351974,0.0844907880806788,0.124034634144631
"TER-NFSB-TE48",2024-08-10,0.0552348835429821,0.0613008547672442,0.0926254511037909
"TER-NFSB-TE48",2024-08-11,0.0389270856824914,0.0469580654645928,0.10006258835328
"TER-NFSB-TE48",2024-08-12,0.0626400102435706,0.104745647208036,0.147043406778708
"TER-NFSB-TE48",2024-08-13,0.0481436931345397,0.0522782328114168,0.0944806604801391
"TER-NFSB-TE48",2024-08-14,0.118029212981405,0.15543912694231,0.244917669999645
"TER-NFSB-TE48",2024-08-15,0.0884910043243035,0.11614004212209,0.197977430673541
"TER-NFSB-TE48",2024-08-16,0.104206729787084,0.121300406519239,0.195412223214671
"TER-NFSB-TE48",2024-08-17,0.0501085857016093,0.0612902867810067,0.0988097183139384
"TER-NFSB-TE48",2024-08-18,0.112193148854357,0.161703040786472,0.25024178087108
"TER-NFSB-TE48",2024-08-19,0.110852179451717,0.143496746052672,0.209059514197307
"TER-NFSB-TE48",2024-08-20,0.0160156968714384,0.0159034198343633,0.0221938118172038
"TER-NFSB-TE48",2024-08-21,0.0337250887575386,0.0831773964296686,0.173048461921898
"TER-NFSB-TE48",2024-08-22,0.0816418281083964,0.182879369073309,0.322754347038783
"TER-NFSB-TE48",2024-08-23,0.00936141934911013,0.011221658254871,0.0247449385982302
"TER-NFSB-TE48",2024-08-24,0.010891269245464,0.0467699901774146,0.102909030359211
"TER-NFSB-TE48",2024-08-25,0.035640165469984,0.164857343418033,0.265145419821097
"TER-NFSB-TE48",2024-08-26,0.0172306654588532,0.0488937304897225,0.0969786769923045
"TER-NFSB-TE48",2024-08-27,0.0378148240732528,0.0673092630781081,0.116418601317982
"TER-NFSB-TE48",2024-08-28,0.0561341933856146,0.102853220620132,0.162276156839559
"TER-NFSB-TE48",2024-08-29,0.0444856055771839,0.070771322104259,0.112150780184174
"TER-NFSB-TE48",2024-08-30,0.0947865989133117,0.138835739449267,0.222180614395505
"TER-NFSB-TE48",2024-08-31,0.0622720237005515,0.0833126508150372,0.1515854328921
"TER-NFSB-TE48",2024-09-01,0.0114224028943328,0.0199987098994636,0.0698533288730573
"TER-NFSB-TE48",2024-09-02,0.0500639346022135,0.095913185779496,0.161612373437344
"TER-NFSB-TE48",2024-09-03,0.0717640024650208,0.109686840457714,0.167369795931957
"TER-NFSB-TE48",2024-09-04,0.0637600997433552,0.0867459044830336,0.130078191744951
"TER-NFSB-TE48",2024-09-05,0.0435803361576366,0.0622497896120501,0.0864189732961557
"TER-NFSB-TE48",2024-09-06,0.0628692485861618,0.0795714334954827,0.111622330715655
"TER-NFSB-TE48",2024-09-07,0.0565890742318656,0.052198189604382,0.100142026964001
"TER-NFSB-TE48",2024-09-08,0.00885918334541488,0.0122026294660708,0.052919707042889
"TER-NFSB-TE48",2024-09-09,0.00784158339451312,0.0328637146586631,0.0567917784969817
"TER-NFSB-TE48",2024-09-10,0.00591247869750171,0.0119935657488994,0.0403699707975759
"TER-NFSB-TE48",2024-09-11,0.012549325611413,0.026004182531112,0.106414174964872
"TER-NFSB-TE48",2024-09-12,NA,NA,NA
"TER-NFSB-TE48",2024-09-13,0.0530246204685088,0.106534766382805,0.172524532964144
"TER-NFSB-TE48",2024-09-14,0.016591623120739,0.0310820671016393,0.072530224021654
"TER-NFSB-TE48",2024-09-15,0.0853024054342644,0.136912294843826,0.251581735366216
"TER-NFSB-TE48",2024-09-16,0.0302052054995303,0.0168696007614758,0.0591766206943382
"TER-NFSB-TE48",2024-09-17,0.005715784224026,0.0216144798219878,0.0224529837097356
"TER-NFSB-TE48",2024-09-18,0.0111057402589765,0.0754504577473083,0.153693164940471
"TER-NFSB-TE48",2024-09-19,0.0105622502137122,0.0319563804573583,0.0686408674023803
"TER-NFSB-TE48",2024-09-20,0.00366417063470667,0.0256674302043341,0.028139744952432
"TER-NFSB-TE48",2024-09-21,0.0101382973888258,0.0912102457701607,0.184512910804762
"TER-NFSB-TE48",2024-09-22,0.017138793286931,0.0483744593528142,0.110177329946239
"TER-NFSB-TE48",2024-09-23,0.0172077343144218,0.0600227954085461,0.1849112495534
"TER-NFSB-TE48",2024-09-24,0.00571892052846866,0.0199979491451472,0.0408548221939105
"TER-NFSB-TE48",2024-09-25,0.00743149314668272,0.0111293298265376,0
"TER-NFSB-TE48",2024-09-26,0.0475280736242673,0.0186672983237854,0.0524948834650569
"TER-NFSB-TE48",2024-09-27,0.0113540148901513,0.0366377025919632,0.0682603595564573
"TER-NFSB-TE48",2024-09-28,0.0095929268705504,0.0121133773690965,0.0195243917942336
"TER-NFSB-TE48",2024-09-29,0.0129488299452721,0.0049283901345085,0
"TER-NFSB-TE48",2024-09-30,0.0212995030268286,0.00464004336464332,0
"TER-NFSB-TE48",2024-10-01,0.0118907213701454,0.00474915634891342,0
"TER-NFSB-TE48",2024-10-02,0.0072493333900216,0.00833284547808813,0
"TER-NFSB-TE48",2024-10-03,0.0170369995281625,0.00794524061199125,0
"TER-NFSB-TE48",2024-10-04,0.0209389494753576,0.00747871708668486,0
"TER-NFSB-TE48",2024-10-05,0.0118795079559406,0.0122855154049553,0
"TER-NFSB-TE48",2024-10-06,NA,0.00963971112125147,0.0394227932732173
"TER-NFSB-TE48",2024-10-07,NA,0.0227125892206341,0.0805637765580401
"TER-NFSB-TE48",2024-10-08,NA,0.0118729733244119,0
"TER-NFSB-TE48",2024-10-09,NA,0.0483664747438872,0.0995750550629402
"TER-NFSB-TE48",2024-10-10,NA,0.00883257980861662,0
"TER-NFSB-TE48",2024-10-11,NA,0.0359247665736977,0.0868690034136868
"TER-NFSB-TE48",2024-10-12,NA,0.0513041717443339,0.136482238926976
"TER-NFSB-TE48",2024-10-13,NA,0.0116149704982305,0
"TER-NFSB-TE48",2024-10-14,NA,0.00595811693547771,0
"TER-NFSB-TE48",2024-10-15,NA,0.00519387653518799,0.0192089050123323
"TER-NFSB-TE48",2024-10-16,NA,0.0311309048217819,0.0673450475215428
"TER-NFSB-TE48",2024-10-17,NA,0.0330110170973713,0.0611442236361159
"TER-NFSB-TE48",2024-10-18,NA,0.0155141450487347,0.0483454933314819
"TER-NFSB-TE48",2024-10-19,NA,0.00523754786449835,0
"TER-NFSB-TE48",2024-10-20,NA,0.00634544345835856,0
"TER-NFSB-TE48",2024-10-21,NA,0.0183925692535237,0.0516726989318282
"TER-NFSB-TE48",2024-10-22,NA,0.0249713586226198,0.0604379109261713
"TER-NFSB-TE48",2024-10-23,NA,0.0157139973413027,0
"TER-NFSB-TE48",2024-10-24,NA,0.0407075530892272,0.0783690746689432
"TER-NFSB-TE48",2024-10-25,NA,0.0331563450781195,0.0667081570796167
"TER-NFSB-TE48",2024-10-26,NA,0.0365970856600763,0.0649250975242811
"TER-NFSB-TE48",2024-10-27,NA,0.0320852202229906,0.0577133800333913
"TER-NFSB-TE48",2024-10-28,NA,0.0457910977142378,0.0718855259519719
"TER-NFSB-TE48",2024-10-29,NA,0.0145680340538489,0.026921536571517
"TER-NFSB-TE48",2024-10-30,NA,0.00936503458725786,0.0106541829645677
"TER-NFSB-TE48",2024-10-31,NA,0.0134039721085668,0.0141102879120792
"TER-NFSB-TE48",2024-11-01,NA,0.00978177247843277,0
"TER-NFSB-TE48",2024-11-02,NA,0.00542767749693028,0
"TER-NFSB-TE48",2024-11-03,NA,0.00253417465892013,0
"TER-NFSB-TE48",2024-11-04,NA,0.00997427668554021,0
"TER-NFSB-TE48",2024-11-05,NA,0.0112758559163562,0
"TER-NFSB-TE48",2024-11-06,NA,0.00774962717383147,0
"TER-NFSB-TE48",2024-11-07,NA,0.0121911513413311,0.00757485602306435
"TER-NFSB-TE48",2024-11-08,NA,0.00659673210725962,0
"TER-NFSB-TE48",2024-11-09,NA,0.00302750428286502,0
"TER-NFSB-TE48",2024-11-10,NA,0.00332008799642163,0.0227051567867583
"TER-NFSB-TE48",2024-11-11,NA,0.00517521258856407,0.0270324216635995
"TER-NFSB-TE48",2024-11-12,NA,0.00553209222611304,0
"TER-NFSB-TE48",2024-11-13,NA,0.00883153269327769,0
"TER-NFSB-TE48",2024-11-14,NA,0.00592126254823821,0
"TER-NFSB-TE48",2024-11-15,NA,0.00153119078742275,0.00185514455931629
"TER-NFSB-TE48",2024-11-16,NA,0.0117663362517163,0.0140117966613714
"TER-NFSB-TE48",2024-11-17,NA,0.00454837535632236,0.0117914928726458
"TER-NFSB-TE48",2024-11-18,NA,0.00157078739197917,0
"TER-NFSB-TE48",2024-11-19,NA,0.00518750928961248,0
"TER-NFSB-TE48",2024-11-20,NA,0.0138828642333731,0.0492595526878972
"TER-NFSB-TE48",2024-11-21,NA,0.0139758226298209,0.0340178416308803
"TER-NFSB-TE48",2024-11-22,NA,0.00649107653527107,0.0198513458467606
"TER-NFSB-TE48",2024-11-23,NA,0.00979895243975083,0
"TER-NFSB-TE48",2024-11-24,NA,0.0182120881267116,0.0750151366063001
"TER-NFSB-TE48",2024-11-25,NA,0.0102125516472137,0.0779986422408661
"TER-NFSB-TE48",2024-11-26,NA,0.00745110488339612,0.00809938424722621
"TER-NFSB-TE48",2024-11-27,NA,0.0117888121229466,0.0114111779283545
"TER-NFSB-TE48",2024-11-28,NA,0.00611003966400707,0.0319840795325634
"TER-NFSB-TE48",2024-11-29,NA,0.00580819717725839,0.0270543506028598
"TER-NFSB-TE48",2024-11-30,NA,0.0109360803487384,0.0342741787194844
"TER-NFSB-TE48",2024-12-01,NA,0.00820967740997515,0.0141180410026026
"TER-NFSB-TE48",2024-12-02,NA,0.00179375011620521,0.0157662622085541
"TER-NFSB-TE48",2024-12-03,NA,0.0081494455931702,0.0375636712558174
"TER-NFSB-TE48",2024-12-04,NA,0.0138428534059016,0.0427500696888037
"TER-NFSB-TE48",2024-12-05,NA,0.00969404445759728,0.0311146884156536
"TER-NFSB-TE48",2024-12-06,NA,0.0079996598664041,0.0204419137764037
"TER-NFSB-TE48",2024-12-07,NA,0.0123552259534133,0.0294635273536951
"TER-NFSB-TE48",2024-12-08,NA,0.0165906586318991,0.0415952992978083
"TER-NFSB-TE48",2024-12-09,NA,0.0105394281936206,0.0438582136658819
"TER-NFSB-TE48",2024-12-10,NA,0.0104241769479288,0.0415196437959614
"TER-NFSB-TE48",2024-12-11,NA,0.00531667695537887,0.0143265120852358
"TER-NFSB-TE48",2024-12-12,NA,0.00685332744012356,0.0125249653036483
"TER-NFSB-TE48",2024-12-13,NA,0.00494155133992318,0.00442355160379419
"TER-NFSB-TE48",2024-12-14,NA,0.0141356646123001,0.0501590404099392
"TER-NFSB-TE48",2024-12-15,NA,0.00570927243036408,0.0192440214699309
"TER-NFSB-TE48",2024-12-16,NA,NA,NA
"TER-NFSB-TE48",2024-12-17,NA,NA,NA
"TER-NFSB-TE48",2024-12-18,NA,NA,NA
"TER-NFSB-TE48",2024-12-19,NA,NA,NA
"TER-NFSB-TE48",2024-12-20,NA,NA,NA
"TER-NFSB-TE48",2024-12-21,NA,NA,NA
"TER-NFSB-TE48",2024-12-22,NA,NA,NA
"TER-NFSB-TE48",2024-12-23,NA,NA,NA
"TER-NFSB-TE48",2024-12-24,NA,NA,NA
"TER-NFSB-TE48",2024-12-25,NA,NA,NA
"TER-NFSB-TE48",2024-12-26,NA,NA,NA
"TER-NFSB-TE48",2024-12-27,NA,NA,NA
"TER-NFSB-TE48",2024-12-28,NA,NA,NA
"TER-NFSB-TE48",2024-12-29,NA,NA,NA
"TER-NFSB-TE48",2024-12-30,NA,NA,NA
"TER-NFSB-TE48",2024-12-31,NA,NA,NA
"TER-NFSB-TE48",2025-01-01,NA,NA,NA
"TER-NFSB-TE48",2025-01-02,NA,NA,NA
"TER-NFSB-TE48",2025-01-03,NA,NA,NA
"TER-NFSB-TE48",2025-01-04,NA,NA,NA
"TER-NFSB-TE48",2025-01-05,NA,NA,NA
"TER-NFSB-TE48",2025-01-06,NA,NA,NA
"TER-NFSB-TE48",2025-01-07,NA,NA,NA
"TER-NFSB-TE48",2025-01-08,NA,NA,NA
"TER-NFSB-TE48",2025-01-09,NA,NA,NA
"TER-NFSB-TE48",2025-01-10,NA,NA,NA
"TER-NFSB-TE48",2025-01-11,NA,NA,NA
"TER-NFSB-TE48",2025-01-12,NA,NA,NA
"TER-NFSB-TE48",2025-01-13,NA,NA,NA
"TER-NFSB-TE48",2025-01-14,NA,NA,NA
"TER-NFSB-TE48",2025-01-15,NA,NA,NA
"TER-NFSB-TE48",2025-01-16,NA,NA,NA
"TER-NFSB-TE48",2025-01-17,NA,NA,NA
"TER-NFSB-TE48",2025-01-18,NA,NA,NA
"TER-NFSB-TE48",2025-01-19,NA,NA,NA
"TER-NFSB-TE48",2025-01-20,NA,NA,NA
"TER-NFSB-TE48",2025-01-21,NA,NA,NA
"TER-NFSB-TE48",2025-01-22,NA,NA,NA
"TER-NFSB-TE48",2025-01-23,NA,NA,NA
"TER-NFSB-TE48",2025-01-24,NA,NA,NA
"TER-NFSB-TE48",2025-01-25,NA,NA,NA
"TER-NFSB-TE48",2025-01-26,NA,NA,NA
"TER-NFSB-TE48",2025-01-27,NA,NA,NA
"TER-NFSB-TE48",2025-01-28,NA,NA,NA
"TER-NFSB-TE48",2025-01-29,NA,NA,NA
"TER-NFSB-TE48",2025-01-30,NA,NA,NA
"TER-NFSB-TE48",2025-01-31,NA,NA,NA
"TER-NFSB-TE48",2025-02-01,NA,NA,NA
"TER-NFSB-TE48",2025-02-02,NA,NA,NA
"TER-NFSB-TE48",2025-02-03,NA,NA,NA
"TER-NFSB-TE48",2025-02-04,NA,NA,NA
"TER-NFSB-TE48",2025-02-05,NA,NA,NA
"TER-NFSB-TE48",2025-02-06,NA,NA,NA
"TER-NFSB-TE48",2025-02-07,NA,NA,NA
"TER-NFSB-TE48",2025-02-08,NA,NA,NA
"TER-NFSB-TE48",2025-02-09,NA,NA,NA
"TER-NFSB-TE48",2025-02-10,NA,NA,NA
"TER-NFSB-TE48",2025-02-11,NA,NA,NA
"TER-NFSB-TE48",2025-02-12,NA,NA,NA
"TER-NFSB-TE48",2025-02-13,NA,NA,NA
"TER-NFSB-TE48",2025-02-14,NA,NA,NA
"TER-NFSB-TE48",2025-02-15,NA,NA,NA
"TER-NFSB-TE48",2025-02-16,NA,NA,NA
"TER-NFSB-TE48",2025-02-17,NA,NA,NA
"TER-NFSB-TE48",2025-02-18,NA,NA,NA
"TER-NFSB-TE48",2025-02-19,NA,NA,NA
"TER-NFSB-TE48",2025-02-20,NA,NA,NA
"TER-NFSB-TE48",2025-02-21,NA,NA,NA
"TER-NFSB-TE48",2025-02-22,NA,NA,NA
"TER-NFSB-TE48",2025-02-23,NA,NA,NA
"TER-NFSB-TE48",2025-02-24,NA,NA,NA
"TER-NFSB-TE48",2025-02-25,NA,NA,NA
"TER-NFSB-TE48",2025-02-26,NA,NA,NA
"TER-NFSB-TE48",2025-02-27,NA,NA,NA
"TER-NFSB-TE48",2025-02-28,NA,NA,NA
"TER-NFSB-TE48",2025-03-01,NA,NA,NA
"TER-NFSB-TE48",2025-03-02,NA,NA,NA
"TER-NFSB-TE48",2025-03-03,NA,NA,NA
"TER-NFSB-TE48",2025-03-04,NA,NA,NA
"TER-NFSB-TE48",2025-03-05,NA,NA,NA
"TER-NFSB-TE48",2025-03-06,NA,NA,NA
"TER-NFSB-TE48",2025-03-07,NA,NA,NA
"TER-NFSB-TE48",2025-03-08,NA,NA,NA
"TER-NFSB-TE48",2025-03-09,NA,NA,NA
"TER-NFSB-TE48",2025-03-10,NA,NA,NA
"TER-NFSB-TE48",2025-03-11,NA,NA,NA
"TER-NFSB-TE48",2025-03-12,NA,NA,NA
"TER-NFSB-TE48",2025-03-13,NA,NA,NA
"TER-NFSB-TE48",2025-03-14,NA,NA,NA
"TER-NFSB-TE48",2025-03-15,NA,NA,NA
"TER-NFSB-TE48",2025-03-16,NA,NA,NA
"TER-NFSB-TE48",2025-03-17,NA,NA,NA
"TER-NFSB-TE48",2025-03-18,NA,NA,NA
"TER-NFSB-TE48",2025-03-19,NA,NA,NA
"TER-NFSB-TE48",2025-03-20,NA,NA,NA
"TER-NFSB-TE48",2025-03-21,NA,NA,NA
"TER-NFSB-TE48",2025-03-22,NA,NA,NA
"TER-NFSB-TE48",2025-03-23,NA,NA,NA
"TER-NFSB-TE48",2025-03-24,NA,NA,NA
"TER-NFSB-TE48",2025-03-25,NA,NA,NA
"TER-NFSB-TE48",2025-03-26,NA,NA,NA
"TER-NFSB-TE48",2025-03-27,NA,NA,NA
"TER-NFSB-TE48",2025-03-28,NA,NA,NA
"TER-NFSB-TE48",2025-03-29,NA,NA,NA
"TER-NFSB-TE48",2025-03-30,NA,NA,NA
"TER-NFSB-TE48",2025-03-31,NA,NA,NA
"TER-NFSB-TE48",2025-04-01,NA,NA,NA
"TER-NFSB-TE48",2025-04-02,NA,NA,NA
"TER-NFSB-TE48",2025-04-03,NA,NA,NA
"TER-NFSB-TE48",2025-04-04,NA,NA,NA
"TER-NFSB-TE48",2025-04-05,NA,NA,NA
"TER-NFSB-TE48",2025-04-06,NA,NA,NA
"TER-NFSB-TE48",2025-04-07,NA,NA,NA
"TER-NFSB-TE48",2025-04-08,NA,NA,NA
"TER-NFSB-TE48",2025-04-09,NA,NA,NA
"TER-NFSB-TE48",2025-04-10,NA,NA,NA
"TER-NFSB-TE48",2025-04-11,NA,NA,NA
"TER-NFSB-TE48",2025-04-12,NA,NA,NA
"TER-NFSB-TE48",2025-04-13,NA,NA,NA
"TER-NFSB-TE48",2025-04-14,NA,NA,NA
"TER-NFSB-TE48",2025-04-15,NA,NA,NA
"TER-NFSB-TE48",2025-04-16,NA,NA,NA
"TER-NFSB-TE48",2025-04-17,NA,NA,NA
"TER-NFSB-TE48",2025-04-18,NA,NA,NA
"TER-NFSB-TE48",2025-04-19,NA,NA,NA
"TER-NFSB-TE48",2025-04-20,NA,NA,NA
"TER-NFSB-TE48",2025-04-21,NA,NA,NA
"TER-NFSB-TE48",2025-04-22,NA,NA,NA
"TER-NFSB-TE48",2025-04-23,NA,NA,NA
"TER-NFSB-TE48",2025-04-24,NA,NA,NA
"TER-NFSB-TE48",2025-04-25,NA,NA,NA
"TER-NFSB-TE48",2025-04-26,NA,NA,NA
"TER-NFSB-TE48",2025-04-27,NA,NA,NA
"TER-NFSB-TE48",2025-04-28,NA,NA,NA
"TER-NFSB-TE48",2025-04-29,NA,NA,NA
"TER-NFSB-TE48",2025-04-30,NA,NA,NA
"TER-NFSB-TE48",2025-05-01,NA,NA,NA
"TER-NFSB-TE48",2025-05-02,NA,NA,NA
"TER-NFSB-TE48",2025-05-03,NA,NA,NA
"TER-NFSB-TE48",2025-05-04,NA,NA,NA
"TER-NFSB-TE48",2025-05-05,NA,NA,NA
"TER-NFSB-TE48",2025-05-06,NA,NA,NA
"TER-NFSB-TE48",2025-05-07,NA,NA,NA
"TER-NFSB-TE48",2025-05-08,NA,NA,NA
"TER-NFSB-TE48",2025-05-09,NA,NA,NA
"TER-NFSB-TE48",2025-05-10,NA,NA,NA
"TER-NFSB-TE48",2025-05-11,NA,NA,NA
"TER-NFSB-TE48",2025-05-12,NA,NA,NA
"TER-NFSB-TE48",2025-05-13,NA,NA,NA
"TER-NFSB-TE48",2025-05-14,NA,NA,NA
"TER-NFSB-TE48",2025-05-15,NA,NA,NA
"TER-NFSB-TE48",2025-05-16,NA,NA,NA
"TER-NFSB-TE48",2025-05-17,NA,NA,NA
"TER-NFSB-TE48",2025-05-18,NA,NA,NA
"TER-NFSB-TE48",2025-05-19,NA,NA,NA
"TER-NFSB-TE48",2025-05-20,NA,NA,NA
"TER-NFSB-TE48",2025-05-21,NA,NA,NA
"TER-NFSB-TE48",2025-05-22,NA,NA,NA
"TER-NFSB-TE48",2025-05-23,NA,NA,NA
"TER-NFSB-TE48",2025-05-24,NA,NA,NA
"TER-NFSB-TE48",2025-05-25,NA,NA,NA
"TER-NFSB-TE48",2025-05-26,NA,NA,NA
"TER-NFSB-TE48",2025-05-27,NA,NA,NA
"TER-NFSB-TE48",2025-05-28,NA,NA,NA
"TER-NFSB-TE48",2025-05-29,NA,NA,NA
"TER-NFSB-TE48",2025-05-30,NA,NA,NA
"TER-NFSB-TE48",2025-05-31,NA,NA,NA
"TER-NFSB-TE48",2025-06-01,NA,NA,NA
"TER-NFSB-TE48",2025-06-02,NA,NA,NA
"TER-NFSB-TE48",2025-06-03,NA,NA,NA
"TER-NFSB-TE48",2025-06-04,NA,NA,NA
"TER-NFSB-TE48",2025-06-05,NA,NA,NA
"TER-NFSB-TE48",2025-06-06,NA,NA,NA
"TER-NFSB-TE48",2025-06-07,NA,NA,NA
"TER-NFSB-TE48",2025-06-08,NA,NA,NA
"TER-NFSB-TE48",2025-06-09,NA,NA,NA
"TER-NFSB-TE48",2025-06-10,NA,NA,NA
"TER-NFSB-TE48",2025-06-11,NA,NA,NA
"TER-NFSB-TE48",2025-06-12,NA,NA,NA
"TER-NFSB-TE49",2023-08-09,NA,NA,NA
"TER-NFSB-TE49",2023-08-10,NA,NA,NA
"TER-NFSB-TE49",2023-08-11,NA,NA,NA
"TER-NFSB-TE49",2023-08-12,NA,NA,NA
"TER-NFSB-TE49",2023-08-13,NA,NA,NA
"TER-NFSB-TE49",2023-08-14,NA,NA,NA
"TER-NFSB-TE49",2023-08-15,NA,NA,NA
"TER-NFSB-TE49",2023-08-16,NA,NA,NA
"TER-NFSB-TE49",2023-08-17,NA,NA,NA
"TER-NFSB-TE49",2023-08-18,NA,NA,NA
"TER-NFSB-TE49",2023-08-19,NA,NA,NA
"TER-NFSB-TE49",2023-08-20,NA,NA,NA
"TER-NFSB-TE49",2023-08-21,NA,NA,NA
"TER-NFSB-TE49",2023-08-22,NA,NA,NA
"TER-NFSB-TE49",2023-08-23,NA,NA,NA
"TER-NFSB-TE49",2023-08-24,NA,NA,NA
"TER-NFSB-TE49",2023-08-25,NA,NA,NA
"TER-NFSB-TE49",2023-08-26,NA,NA,NA
"TER-NFSB-TE49",2023-08-27,NA,NA,NA
"TER-NFSB-TE49",2023-08-28,NA,NA,NA
"TER-NFSB-TE49",2023-08-29,NA,NA,NA
"TER-NFSB-TE49",2023-08-30,NA,NA,NA
"TER-NFSB-TE49",2023-08-31,NA,NA,NA
"TER-NFSB-TE49",2023-09-01,NA,NA,NA
"TER-NFSB-TE49",2023-09-02,NA,NA,NA
"TER-NFSB-TE49",2023-09-03,NA,NA,NA
"TER-NFSB-TE49",2023-09-04,NA,NA,NA
"TER-NFSB-TE49",2023-09-05,NA,NA,NA
"TER-NFSB-TE49",2023-09-06,NA,NA,NA
"TER-NFSB-TE49",2023-09-07,NA,NA,NA
"TER-NFSB-TE49",2023-09-08,NA,NA,NA
"TER-NFSB-TE49",2023-09-09,NA,NA,NA
"TER-NFSB-TE49",2023-09-10,NA,NA,NA
"TER-NFSB-TE49",2023-09-11,NA,NA,NA
"TER-NFSB-TE49",2023-09-12,0.0292204128448204,0.29172633724189,0.15211473467974
"TER-NFSB-TE49",2023-09-13,0.00996339528569453,0.121327143427673,0.00888591112276584
"TER-NFSB-TE49",2023-09-14,0.00833312682094317,0.0110312727442656,0
"TER-NFSB-TE49",2023-09-15,0.014148453237214,0,0
"TER-NFSB-TE49",2023-09-16,0.0129869935887641,0.142519636863536,0.136340650074383
"TER-NFSB-TE49",2023-09-17,0.00462892343496309,0.0913664851934075,0.027961292714734
"TER-NFSB-TE49",2023-09-18,0.0134692802478374,0.338035506740175,0.145400016262093
"TER-NFSB-TE49",2023-09-19,0.0146281083668146,0.078066080097349,0.00948661821351547
"TER-NFSB-TE49",2023-09-20,0.0115014504602026,0,0
"TER-NFSB-TE49",2023-09-21,0.00583939650348194,0.0511062742054122,0
"TER-NFSB-TE49",2023-09-22,0.0250899114481529,0.50425206630752,0.506833573948967
"TER-NFSB-TE49",2023-09-23,0.00616313903057072,0.0892943349445218,0
"TER-NFSB-TE49",2023-09-24,0.00867932923529198,0.327170092188759,0.0708247037041009
"TER-NFSB-TE49",2023-09-25,0.00945340206342515,0.225243491583457,0.0688938590256871
"TER-NFSB-TE49",2023-09-26,0.0078648231703142,0,0
"TER-NFSB-TE49",2023-09-27,0.0153892510609678,0,0
"TER-NFSB-TE49",2023-09-28,0.00563657931624197,0,0
"TER-NFSB-TE49",2023-09-29,0.00596475706814597,0,0
"TER-NFSB-TE49",2023-09-30,0.00673593769381107,0.00730316238615799,0
"TER-NFSB-TE49",2023-10-01,0.00758972918932108,0.0951856027744154,0
"TER-NFSB-TE49",2023-10-02,0.002869348877824,0.0110951523132611,0
"TER-NFSB-TE49",2023-10-03,0.0109655053923408,0.0245023151381619,0.00210685883153681
"TER-NFSB-TE49",2023-10-04,0.00821736918968805,0,0
"TER-NFSB-TE49",2023-10-05,0.00778895087041383,0,0
"TER-NFSB-TE49",2023-10-06,0.0118948647528196,0,0
"TER-NFSB-TE49",2023-10-07,0.00371137182810921,0,0
"TER-NFSB-TE49",2023-10-08,0.00358370894947453,0,0
"TER-NFSB-TE49",2023-10-09,0.00491598851478041,0,0
"TER-NFSB-TE49",2023-10-10,0.00218518661311385,0,0
"TER-NFSB-TE49",2023-10-11,0.00304542017380286,0,0
"TER-NFSB-TE49",2023-10-12,0.00483002016869814,0,0
"TER-NFSB-TE49",2023-10-13,0.00562760438427795,0,0
"TER-NFSB-TE49",2023-10-14,0.00474686365264709,0,0
"TER-NFSB-TE49",2023-10-15,0.0129953570414524,0,0
"TER-NFSB-TE49",2023-10-16,0.00672282681333069,0,0
"TER-NFSB-TE49",2023-10-17,0.00383927976274238,0,0
"TER-NFSB-TE49",2023-10-18,0.00463088988918373,0,0
"TER-NFSB-TE49",2023-10-19,NA,0,0
"TER-NFSB-TE49",2023-10-20,0.00303930910578597,0,0
"TER-NFSB-TE49",2023-10-21,0.0165959784746031,0,0
"TER-NFSB-TE49",2023-10-22,0.00260323182765783,0,0
"TER-NFSB-TE49",2023-10-23,0.0017234830911154,0,0
"TER-NFSB-TE49",2023-10-24,0.00629774990004269,0,0
"TER-NFSB-TE49",2023-10-25,NA,0,0
"TER-NFSB-TE49",2023-10-26,NA,0,0
"TER-NFSB-TE49",2023-10-27,NA,0,0
"TER-NFSB-TE49",2023-10-28,NA,0,0
"TER-NFSB-TE49",2023-10-29,NA,0,0
"TER-NFSB-TE49",2023-10-30,NA,0,0
"TER-NFSB-TE49",2023-10-31,NA,0,0
"TER-NFSB-TE49",2023-11-01,NA,0,0
"TER-NFSB-TE49",2023-11-02,NA,0.00842675710490422,0.0755367934636829
"TER-NFSB-TE49",2023-11-03,NA,0,0.0290867138081633
"TER-NFSB-TE49",2023-11-04,NA,0.0333238924415552,0
"TER-NFSB-TE49",2023-11-05,NA,0,0
"TER-NFSB-TE49",2023-11-06,NA,0,0
"TER-NFSB-TE49",2023-11-07,NA,0,0
"TER-NFSB-TE49",2023-11-08,NA,0,0
"TER-NFSB-TE49",2023-11-09,NA,0,0
"TER-NFSB-TE49",2023-11-10,NA,0,0
"TER-NFSB-TE49",2023-11-11,NA,0.0363965034879254,0
"TER-NFSB-TE49",2023-11-12,NA,0.015167273087432,0
"TER-NFSB-TE49",2023-11-13,NA,0.00913602894226545,0
"TER-NFSB-TE49",2023-11-14,NA,0.00844991556670283,0
"TER-NFSB-TE49",2023-11-15,NA,0.00376994226538697,0
"TER-NFSB-TE49",2023-11-16,NA,0.00253569283816228,0
"TER-NFSB-TE49",2023-11-17,NA,0.00356030180294568,0
"TER-NFSB-TE49",2023-11-18,NA,0.00404075961682439,0
"TER-NFSB-TE49",2023-11-19,NA,0.00219418265830493,0
"TER-NFSB-TE49",2023-11-20,NA,0.00331174931648373,0
"TER-NFSB-TE49",2023-11-21,NA,0.00306491043928715,0
"TER-NFSB-TE49",2023-11-22,NA,0.00370220366460298,0
"TER-NFSB-TE49",2023-11-23,NA,0.00383659879335082,0
"TER-NFSB-TE49",2023-11-24,NA,0.0074524890059568,0
"TER-NFSB-TE49",2023-11-25,NA,0.00246486476086108,0
"TER-NFSB-TE49",2023-11-26,NA,0.00284258000555502,0
"TER-NFSB-TE49",2023-11-27,NA,0.00434053427890241,0
"TER-NFSB-TE49",2023-11-28,NA,0.0039910192178816,0
"TER-NFSB-TE49",2023-11-29,NA,0.00439760573253105,0
"TER-NFSB-TE49",2023-11-30,NA,0.00309551169540287,0
"TER-NFSB-TE49",2023-12-01,NA,0.00692882861029009,0
"TER-NFSB-TE49",2023-12-02,NA,0.0146180018531276,0
"TER-NFSB-TE49",2023-12-03,NA,0.00758767726717694,0
"TER-NFSB-TE49",2023-12-04,NA,0.00433288784885971,0.0730713497216786
"TER-NFSB-TE49",2023-12-05,NA,0.00261775551521992,0
"TER-NFSB-TE49",2023-12-06,NA,0.0174317239626991,0
"TER-NFSB-TE49",2023-12-07,NA,NA,0
"TER-NFSB-TE49",2023-12-08,NA,NA,NA
"TER-NFSB-TE49",2023-12-09,0.00553951116564686,0.300123073410434,0
"TER-NFSB-TE49",2023-12-10,0.0051013252163914,0.135905560597875,0
"TER-NFSB-TE49",2023-12-11,0.00317233896740506,0.00437195290145971,0
"TER-NFSB-TE49",2023-12-12,0.00163150067216353,0.0166935191419047,0
"TER-NFSB-TE49",2023-12-13,0.00341637182674474,0.149506193333587,0
"TER-NFSB-TE49",2023-12-14,0.00516218776387268,0.0920392331084923,0
"TER-NFSB-TE49",2023-12-15,0.00873433939702831,0.338201741526363,0
"TER-NFSB-TE49",2023-12-16,0.00452962231686014,0.078066080097349,0
"TER-NFSB-TE49",2023-12-17,0.00162000396913811,0,0
"TER-NFSB-TE49",2023-12-18,0.0101906036522104,0.0511062742054122,0
"TER-NFSB-TE49",2023-12-19,0.00421826162506641,0.50425206630752,0
"TER-NFSB-TE49",2023-12-20,0.00266531120920407,0.0892943349445218,0
"TER-NFSB-TE49",2023-12-21,0.00286517243269337,0.327170092188759,0
"TER-NFSB-TE49",2023-12-22,0.00557770999220996,0.225243491583457,0.0193841866687652
"TER-NFSB-TE49",2023-12-23,0.00381940715690576,0,0.0498207612295625
"TER-NFSB-TE49",2023-12-24,0.00409145793756082,0,0
"TER-NFSB-TE49",2023-12-25,0.00455388535726935,0,0
"TER-NFSB-TE49",2023-12-26,0.00957465291032099,0,0
"TER-NFSB-TE49",2023-12-27,0.00312655329608637,0.00730316238615799,0
"TER-NFSB-TE49",2023-12-28,0.00417973485947035,0.0951856027744155,0
"TER-NFSB-TE49",2023-12-29,NA,0.0110951523132611,0
"TER-NFSB-TE49",2023-12-30,NA,0.0245023151381619,0
"TER-NFSB-TE49",2023-12-31,NA,0,0
"TER-NFSB-TE49",2024-01-01,NA,0,0
"TER-NFSB-TE49",2024-01-02,NA,0,0
"TER-NFSB-TE49",2024-01-03,NA,0,0
"TER-NFSB-TE49",2024-01-04,NA,0,0
"TER-NFSB-TE49",2024-01-05,NA,0,0
"TER-NFSB-TE49",2024-01-06,NA,0,0
"TER-NFSB-TE49",2024-01-07,NA,0,0
"TER-NFSB-TE49",2024-01-08,NA,0,0
"TER-NFSB-TE49",2024-01-09,NA,0,0
"TER-NFSB-TE49",2024-01-10,NA,0,0
"TER-NFSB-TE49",2024-01-11,NA,0,0
"TER-NFSB-TE49",2024-01-12,NA,0,0
"TER-NFSB-TE49",2024-01-13,NA,0,0
"TER-NFSB-TE49",2024-01-14,NA,0,NA
"TER-NFSB-TE49",2024-01-15,NA,0,NA
"TER-NFSB-TE49",2024-01-16,NA,0,NA
"TER-NFSB-TE49",2024-01-17,NA,0,NA
"TER-NFSB-TE49",2024-01-18,NA,0,NA
"TER-NFSB-TE49",2024-01-19,NA,0,NA
"TER-NFSB-TE49",2024-01-20,NA,0,NA
"TER-NFSB-TE49",2024-01-21,NA,0,NA
"TER-NFSB-TE49",2024-01-22,NA,0,NA
"TER-NFSB-TE49",2024-01-23,NA,0,NA
"TER-NFSB-TE49",2024-01-24,NA,0,NA
"TER-NFSB-TE49",2024-01-25,NA,0,NA
"TER-NFSB-TE49",2024-01-26,NA,0,NA
"TER-NFSB-TE49",2024-01-27,NA,0,NA
"TER-NFSB-TE49",2024-01-28,NA,0,NA
"TER-NFSB-TE49",2024-01-29,NA,0.00842675710490422,NA
"TER-NFSB-TE49",2024-01-30,NA,0,NA
"TER-NFSB-TE49",2024-01-31,NA,0.0333238924415552,NA
"TER-NFSB-TE49",2024-02-01,NA,0,NA
"TER-NFSB-TE49",2024-02-02,NA,0,NA
"TER-NFSB-TE49",2024-02-03,NA,0,NA
"TER-NFSB-TE49",2024-02-04,NA,0,NA
"TER-NFSB-TE49",2024-02-05,NA,0,NA
"TER-NFSB-TE49",2024-02-06,NA,0.0244307406053835,NA
"TER-NFSB-TE49",2024-02-07,NA,0.0193916130049241,NA
"TER-NFSB-TE49",2024-02-08,NA,0.00626172132967593,NA
"TER-NFSB-TE49",2024-02-09,NA,0.00792479002698284,NA
"TER-NFSB-TE49",2024-02-10,NA,0.00616882077689679,NA
"TER-NFSB-TE49",2024-02-11,NA,0.00279073294781475,NA
"TER-NFSB-TE49",2024-02-12,NA,0.00267682132515356,NA
"TER-NFSB-TE49",2024-02-13,NA,0.00265385410724141,NA
"TER-NFSB-TE49",2024-02-14,NA,NA,NA
"TER-NFSB-TE49",2024-02-15,0,NA,0.00329278242950578
"TER-NFSB-TE49",2024-02-16,0,NA,0
"TER-NFSB-TE49",2024-02-17,0,NA,0.0906625513338896
"TER-NFSB-TE49",2024-02-18,0,NA,0.145542120039718
"TER-NFSB-TE49",2024-02-19,0,NA,0.108823727071018
"TER-NFSB-TE49",2024-02-20,0,NA,0.033946507796496
"TER-NFSB-TE49",2024-02-21,NA,NA,NA
"TER-NFSB-TE49",2024-02-22,0,NA,0.00618659733901545
"TER-NFSB-TE49",2024-02-23,0,NA,0.143077314723443
"TER-NFSB-TE49",2024-02-24,0,NA,0.123592077873847
"TER-NFSB-TE49",2024-02-25,0,NA,0
"TER-NFSB-TE49",2024-02-26,0,NA,0.0231259405583891
"TER-NFSB-TE49",2024-02-27,0,NA,0.0678853020672939
"TER-NFSB-TE49",2024-02-28,0,NA,0.0899558836402043
"TER-NFSB-TE49",2024-02-29,0,NA,0.0244171360655153
"TER-NFSB-TE49",2024-03-01,0,NA,0.0594004388758928
"TER-NFSB-TE49",2024-03-02,0,NA,0.0438946381013587
"TER-NFSB-TE49",2024-03-03,0,NA,0
"TER-NFSB-TE49",2024-03-04,NA,NA,NA
"TER-NFSB-TE49",2024-03-05,0,0.00965087134876538,0
"TER-NFSB-TE49",2024-03-06,0,0.00402220954157189,0
"TER-NFSB-TE49",2024-03-07,0,0.00447052377158596,0
"TER-NFSB-TE49",2024-03-08,0,0.00721986574724882,0
"TER-NFSB-TE49",2024-03-09,0,0.00471877348110534,0
"TER-NFSB-TE49",2024-03-10,0,0.0156834044397101,0
"TER-NFSB-TE49",2024-03-11,0,0.00525467677131342,0
"TER-NFSB-TE49",2024-03-12,0,0.0134503890273428,0
"TER-NFSB-TE49",2024-03-13,0,0.0205368662644631,0.0020133827874182
"TER-NFSB-TE49",2024-03-14,0,0.0093899334466339,0
"TER-NFSB-TE49",2024-03-15,0,0.00576229147815262,0
"TER-NFSB-TE49",2024-03-16,0,0.0284546762077492,0.0156251595411294
"TER-NFSB-TE49",2024-03-17,NA,NA,NA
"TER-NFSB-TE49",2024-03-18,0,0.00340367690929703,0
"TER-NFSB-TE49",2024-03-19,0,0.0280071967724241,0.0293772448773216
"TER-NFSB-TE49",2024-03-20,0,0.105366741283763,0.100129791217078
"TER-NFSB-TE49",2024-03-21,0,0.0561009296943408,0.0491188239797972
"TER-NFSB-TE49",2024-03-22,0,0.0130374006027705,0
"TER-NFSB-TE49",2024-03-23,0,0.0100520809146834,0.00109496323984965
"TER-NFSB-TE49",2024-03-24,0,0.0202601262717702,0.00472408788211129
"TER-NFSB-TE49",2024-03-25,0,0.000954531045541565,0
"TER-NFSB-TE49",2024-03-26,0,0,0
"TER-NFSB-TE49",2024-03-27,0,0.00247535828538875,0
"TER-NFSB-TE49",2024-03-28,0,0.00364821901333765,0
"TER-NFSB-TE49",2024-03-29,0,0,0
"TER-NFSB-TE49",2024-03-30,0,0.00102262078265367,0
"TER-NFSB-TE49",2024-03-31,0,0.0256596047425443,0.023102381019188
"TER-NFSB-TE49",2024-04-01,0,0.0111566577607508,0.00377748258779868
"TER-NFSB-TE49",2024-04-02,0,0.00250663485948199,0
"TER-NFSB-TE49",2024-04-03,NA,NA,NA
"TER-NFSB-TE49",2024-04-04,0,NA,0.00102262078265367
"TER-NFSB-TE49",2024-04-05,0,NA,0
"TER-NFSB-TE49",2024-04-06,0,NA,0.0243551116767183
"TER-NFSB-TE49",2024-04-07,0,NA,0.00129592777951808
"TER-NFSB-TE49",2024-04-08,0,NA,0.00605350998330854
"TER-NFSB-TE49",2024-04-09,0,NA,0.00296240471327735
"TER-NFSB-TE49",2024-04-10,0,NA,0
"TER-NFSB-TE49",2024-04-11,0,NA,0.00777594883679233
"TER-NFSB-TE49",2024-04-12,0,NA,0.0599635848353145
"TER-NFSB-TE49",2024-04-13,0,NA,0
"TER-NFSB-TE49",2024-04-14,0,NA,0
"TER-NFSB-TE49",2024-04-15,0,NA,0
"TER-NFSB-TE49",2024-04-16,0,NA,0.00138499334161119
"TER-NFSB-TE49",2024-04-17,0,NA,0.00328473031925164
"TER-NFSB-TE49",2024-04-18,0,NA,0.0108507164867822
"TER-NFSB-TE49",2024-04-19,0,NA,0.0111002001083286
"TER-NFSB-TE49",2024-04-20,0,NA,0.0858882700446269
"TER-NFSB-TE49",2024-04-21,0,NA,0.038350307093761
"TER-NFSB-TE49",2024-04-22,0,NA,0.0215393046844565
"TER-NFSB-TE49",2024-04-23,0,NA,0.00409183627630383
"TER-NFSB-TE49",2024-04-24,0,NA,0.00842481902351104
"TER-NFSB-TE49",2024-04-25,0.0067414056839234,NA,0.0432534101579522
"TER-NFSB-TE49",2024-04-26,0,NA,0.00750127701386314
"TER-NFSB-TE49",2024-04-27,0,NA,0.0421573420835331
"TER-NFSB-TE49",2024-04-28,0.0123145758623298,NA,0.129310910396632
"TER-NFSB-TE49",2024-04-29,0.096167126206473,NA,0.164866944932007
"TER-NFSB-TE49",2024-04-30,0.0699791188177299,NA,0.24059121509571
"TER-NFSB-TE49",2024-05-01,0.00191562327781352,NA,0.0412500801269194
"TER-NFSB-TE49",2024-05-02,0,NA,0.0133767120365255
"TER-NFSB-TE49",2024-05-03,0,NA,0.0442226085649627
"TER-NFSB-TE49",2024-05-04,0.0118674642155506,NA,0.0306079418192241
"TER-NFSB-TE49",2024-05-05,0.0619370600472197,NA,0.255589228959149
"TER-NFSB-TE49",2024-05-06,0,NA,0.0106166594613328
"TER-NFSB-TE49",2024-05-07,0,NA,0.0209713962957009
"TER-NFSB-TE49",2024-05-08,0,NA,0.0212787532345592
"TER-NFSB-TE49",2024-05-09,0.0145234727135835,NA,0.080593593362069
"TER-NFSB-TE49",2024-05-10,0.0271656135542911,NA,0.183754346776633
"TER-NFSB-TE49",2024-05-11,0.204435420072965,NA,0.215671323919776
"TER-NFSB-TE49",2024-05-12,0.0826088835834109,NA,0.137652494057761
"TER-NFSB-TE49",2024-05-13,NA,NA,NA
"TER-NFSB-TE49",2024-05-14,0.032405697421325,0.0793661612742314,0.0710071232375427
"TER-NFSB-TE49",2024-05-15,0.0208732994809867,0.0247795881388258,0.0362296604048067
"TER-NFSB-TE49",2024-05-16,0.00546219034817129,0.00401942704662742,0.0221271947600342
"TER-NFSB-TE49",2024-05-17,0.0229264249560727,0.0378487260979833,0.047930551655269
"TER-NFSB-TE49",2024-05-18,0.0416517416118253,0.127371155447881,0.117606424105456
"TER-NFSB-TE49",2024-05-19,0.133561544044159,0.340155149961189,0.216750188184565
"TER-NFSB-TE49",2024-05-20,0.0648820517030027,0.11008089132336,0.103082811055008
"TER-NFSB-TE49",2024-05-21,0.0550184756715625,0.126899861819432,0.128479847011034
"TER-NFSB-TE49",2024-05-22,0.0314531418018158,0.0686545494531203,0.0634370228720689
"TER-NFSB-TE49",2024-05-23,0,0,0.00584448132788257
"TER-NFSB-TE49",2024-05-24,0.0107293038765607,0,0.0212827355137368
"TER-NFSB-TE49",2024-05-25,0.0500278389651116,0.0829901097952346,0.095325681435137
"TER-NFSB-TE49",2024-05-26,0.167670988370629,0.318077172890681,0.204405352030904
"TER-NFSB-TE49",2024-05-27,0.0852920885345938,0.370486238590138,0.172257598805227
"TER-NFSB-TE49",2024-05-28,0.0650104767470009,0.0990798526015582,0.0812667407656741
"TER-NFSB-TE49",2024-05-29,0,0,0.00702967141322972
"TER-NFSB-TE49",2024-05-30,0.112917359631137,0.0891008298892687,0.122714672880612
"TER-NFSB-TE49",2024-05-31,0.0141562993684973,0.00894886510286422,0.0231908049197845
"TER-NFSB-TE49",2024-06-01,0.0367373482177429,0.0700047236475277,0.0880749024976449
"TER-NFSB-TE49",2024-06-02,0.0245149068790865,0.026255940618561,0.0446756179886201
"TER-NFSB-TE49",2024-06-03,0.0183139321852799,0.032770382178206,0.0404687118749963
"TER-NFSB-TE49",2024-06-04,0.0956552224877422,0.293645743171062,0.107235634671539
"TER-NFSB-TE49",2024-06-05,0.00795408691344191,0.0373762952492333,0.07101872405615
"TER-NFSB-TE49",2024-06-06,0.0212228852559373,0.0120567983956101,0.0328456597441353
"TER-NFSB-TE49",2024-06-07,0.0151910774386997,0.0540603500632894,0.043962492044473
"TER-NFSB-TE49",2024-06-08,0.0291141286536097,0.116883056551515,0.0857305083302131
"TER-NFSB-TE49",2024-06-09,0.027277907839701,0.0729931061440168,0.0747949210030911
"TER-NFSB-TE49",2024-06-10,0.0345546767960612,0.104547753511546,0.0711749460431405
"TER-NFSB-TE49",2024-06-11,0.048952613998145,0.11990181927736,0.123428013765221
"TER-NFSB-TE49",2024-06-12,0.339476829057219,0.497879194224964,NA
"TER-NFSB-TE49",2024-06-13,0.0160329427257861,0,0.0195385351922122
"TER-NFSB-TE49",2024-06-14,0.0245196643644522,0.0260410256211649,0.0645023432702956
"TER-NFSB-TE49",2024-06-15,0.268310290901214,0.606549873438832,0.373333627892297
"TER-NFSB-TE49",2024-06-16,0.016433410749786,0.0185615695081034,0.0254408729473759
"TER-NFSB-TE49",2024-06-17,0.0198300410381191,0.0134356350614259,0.0215960332407821
"TER-NFSB-TE49",2024-06-18,0.0587533527656677,0.0516348966239531,0.0725912872499398
"TER-NFSB-TE49",2024-06-19,0.0514691796526997,0.205423172169239,0.12518321743848
"TER-NFSB-TE49",2024-06-20,0.185734849504113,0.307233197301119,0.298806708576988
"TER-NFSB-TE49",2024-06-21,0.233196246727486,0.6044272808779,0.277303827653193
"TER-NFSB-TE49",2024-06-22,0.0427289497280025,0.0785338586148363,0.0885667976302786
"TER-NFSB-TE49",2024-06-23,0.0436247574129089,0.085804275970418,0.0761943336644921
"TER-NFSB-TE49",2024-06-24,0.0127925759021211,0.0134438758730203,0.0252835625625634
"TER-NFSB-TE49",2024-06-25,0.062790868506415,0.0934224447569536,0.12183769616235
"TER-NFSB-TE49",2024-06-26,0.375464921765099,0.361898924230288,0.274112113211508
"TER-NFSB-TE49",2024-06-27,0.0236675034215268,0.0255564289825524,0.0306298065942765
"TER-NFSB-TE49",2024-06-28,0.0424076143784691,0.0750998669145572,0.081951108945933
"TER-NFSB-TE49",2024-06-29,0.0252046124394723,0.0368975923374832,0.0445379401239148
"TER-NFSB-TE49",2024-06-30,0.00870933871234355,0.0017406153663903,0.0160842420241273
"TER-NFSB-TE49",2024-07-01,0.086710085354183,0.15083154421505,0.216055664329314
"TER-NFSB-TE49",2024-07-02,0.0719170847151895,0.153913108464471,0.184436225007787
"TER-NFSB-TE49",2024-07-03,0.105455443477606,0.103881263267788,0.108371146689026
"TER-NFSB-TE49",2024-07-04,0.361415181370613,0.268263590708632,0.232462037998792
"TER-NFSB-TE49",2024-07-05,0.335941978353029,0.525383996774242,0.241152184308687
"TER-NFSB-TE49",2024-07-06,0.0267332213745598,0.0440268528691885,0.0416009068842301
"TER-NFSB-TE49",2024-07-07,0.0318508009021912,0.0617380582417921,0.0504748087852388
"TER-NFSB-TE49",2024-07-08,0.00965434235712866,0,0.00909624981876741
"TER-NFSB-TE49",2024-07-09,0.00905285490260118,0,0.00761972833815611
"TER-NFSB-TE49",2024-07-10,0.0121347127056175,0.0163940445128997,0.0230246667982271
"TER-NFSB-TE49",2024-07-11,0.026943057254817,0.25787740917775,0.0669699959340402
"TER-NFSB-TE49",2024-07-12,0.0144428529344194,0.0299326705702252,0.0268772622642391
"TER-NFSB-TE49",2024-07-13,0.0132512155440132,0.01993847923859,0.0356404464427991
"TER-NFSB-TE49",2024-07-14,0.0308745999355652,0.139742017398522,0.144635684169587
"TER-NFSB-TE49",2024-07-15,0.0173814785422342,0.0208169174819261,0.0272993084579936
"TER-NFSB-TE49",2024-07-16,0.0607046177646199,0.0416296726148321,0.0429330225748057
"TER-NFSB-TE49",2024-07-17,0.00969908628957646,0.00581447353752991,0.00540350832749001
"TER-NFSB-TE49",2024-07-18,0.00928261153950031,0.0259949251577598,0.0212269905261358
"TER-NFSB-TE49",2024-07-19,0.183694351171783,0.392252776527298,0.358468410639431
"TER-NFSB-TE49",2024-07-20,0.14713233434277,0.210700676470947,0.223006015804518
"TER-NFSB-TE49",2024-07-21,0.277321745078764,0.194817850664288,0.245696617212223
"TER-NFSB-TE49",2024-07-22,0.126614254885118,0.178802372983621,0.19564397222381
"TER-NFSB-TE49",2024-07-23,0.0726522768100892,0.133756885098201,0.118954958960437
"TER-NFSB-TE49",2024-07-24,0.0750188973993138,0.325243106200066,0.169991746463656
"TER-NFSB-TE49",2024-07-25,0.126285847310501,0.517168724399637,0.279328662733706
"TER-NFSB-TE49",2024-07-26,0.0670229316839684,0.110177125323021,0.0932348438398195
"TER-NFSB-TE49",2024-07-27,0.108892019011363,0.101487198236407,0.115935941959944
"TER-NFSB-TE49",2024-07-28,0.0580723257084748,0.121512018246499,0.107134803191369
"TER-NFSB-TE49",2024-07-29,0.147885615348537,0.175709962263808,0.191720855822327
"TER-NFSB-TE49",2024-07-30,0.0309340364477442,0.0768980861509275,0.0569475337643748
"TER-NFSB-TE49",2024-07-31,0.0250987600657834,0.028793565902423,0.058153281600303
"TER-NFSB-TE49",2024-08-01,0.306484586488832,0.255762320080792,0.255872632191271
"TER-NFSB-TE49",2024-08-02,0.0963394084104238,0.154053031417945,0.141452545080507
"TER-NFSB-TE49",2024-08-03,0.115354629472015,0.304307747442629,0.234935837542745
"TER-NFSB-TE49",2024-08-04,0.283344862717463,0.368957161244159,0.313206772762123
"TER-NFSB-TE49",2024-08-05,0.160444877766641,0.251497517447754,0.241720011105061
"TER-NFSB-TE49",2024-08-06,0.0185865292117755,0.0488642843664293,0.0756223656148419
"TER-NFSB-TE49",2024-08-07,0.156887111655241,0.338723420707412,0.181318773000243
"TER-NFSB-TE49",2024-08-08,0.303055481509995,0.493117654595541,0.269493594603405
"TER-NFSB-TE49",2024-08-09,0.129839339841263,0.565140724772841,0.247122434305469
"TER-NFSB-TE49",2024-08-10,0.0644563287920079,0.114823448279935,0.0917903900157552
"TER-NFSB-TE49",2024-08-11,0.0177100388193527,0.0309436065734464,0.0419135253324661
"TER-NFSB-TE49",2024-08-12,0.177430482529379,0.216987543874743,0.203944421272912
"TER-NFSB-TE49",2024-08-13,0.0852980368156464,0.129427166112255,0.103753481571231
"TER-NFSB-TE49",2024-08-14,0.358098636433305,0.697349455822377,0.350642515221242
"TER-NFSB-TE49",2024-08-15,0.232677404818811,0.286018621053722,0.239166770044205
"TER-NFSB-TE49",2024-08-16,0.185980164064166,0.28566191969286,0.243545526555165
"TER-NFSB-TE49",2024-08-17,0.168053928585778,0.570275984526679,0.225803835470228
"TER-NFSB-TE49",2024-08-18,0.0973376959677842,0.702146132286581,0.289055881584052
"TER-NFSB-TE49",2024-08-19,0.579003996178188,0.605285369658369,0.327138777485576
"TER-NFSB-TE49",2024-08-20,0.0276195251837789,0.244879782479322,0.0784573324354179
"TER-NFSB-TE49",2024-08-21,0.275919662332081,0.262418888053875,0.21446788218205
"TER-NFSB-TE49",2024-08-22,0.391350884192567,0.956911600074167,0.502411163374076
"TER-NFSB-TE49",2024-08-23,0.036472387073913,0.0719988955963339,0.0501469732822687
"TER-NFSB-TE49",2024-08-24,0.0267892114177278,0.118314600861181,0.078181324638287
"TER-NFSB-TE49",2024-08-25,0.110458961343865,0.762346612330253,0.386917284831245
"TER-NFSB-TE49",2024-08-26,0.0467598072664108,0.123365959755935,0.0934723572336725
"TER-NFSB-TE49",2024-08-27,0.0251552383161695,0.0681770491256463,0.0630327629995808
"TER-NFSB-TE49",2024-08-28,0.080851504528064,0.493933618696741,0.213884184485051
"TER-NFSB-TE49",2024-08-29,0.0890585050531867,0.47633713465518,0.190240134203643
"TER-NFSB-TE49",2024-08-30,0.129333930812961,0.608953312471159,0.29478393752654
"TER-NFSB-TE49",2024-08-31,0.0870812831865103,0.487651599202862,0.199118565803249
"TER-NFSB-TE49",2024-09-01,0.0196507219266209,0.0430101632744238,0.0459225718120983
"TER-NFSB-TE49",2024-09-02,0.0282041249077409,0.0842759559532917,0.0979218987168754
"TER-NFSB-TE49",2024-09-03,0.0655527944635467,0.174137258796592,0.16020334540202
"TER-NFSB-TE49",2024-09-04,0.0484924578285514,0.130162618339989,0.132908430320326
"TER-NFSB-TE49",2024-09-05,0.0589283548809588,0.238166248860766,0.131791618632114
"TER-NFSB-TE49",2024-09-06,0.0509865938673752,0.132512354472159,0.117197839060449
"TER-NFSB-TE49",2024-09-07,0.0368432627881618,0.0498222618800271,0.0508926745274073
"TER-NFSB-TE49",2024-09-08,0.0230131363411861,0.0227539991779932,0.0395448624985265
"TER-NFSB-TE49",2024-09-09,0.0117525800252524,0.0140160014798335,0.0255872871857534
"TER-NFSB-TE49",2024-09-10,0.0101206708364927,0.0396125278495444,0.0412358430937857
"TER-NFSB-TE49",2024-09-11,0.0145806694861842,0.0691656306366181,0.0708104334731665
"TER-NFSB-TE49",2024-09-12,0.132429977309562,0.309604456407555,0.354296238164598
"TER-NFSB-TE49",2024-09-13,0.0803259860366531,0.202140182501169,0.274639115029543
"TER-NFSB-TE49",2024-09-14,0.0443686541767744,0.0992624521325817,0.116040289289716
"TER-NFSB-TE49",2024-09-15,0.0883064592393432,0.311079032941053,0.353143508417219
"TER-NFSB-TE49",2024-09-16,0.0236876680440829,0.0234655940638565,0.0254561906313357
"TER-NFSB-TE49",2024-09-17,0.0180376934602237,0.0278708345885058,0.0380994828109364
"TER-NFSB-TE49",2024-09-18,0.0186519919958904,0.0557612220436317,0.0986794743238627
"TER-NFSB-TE49",2024-09-19,0.00314319660727853,0.0191340893384861,0.0228383217606433
"TER-NFSB-TE49",2024-09-20,0.00772335872396223,0.0162577626987059,0.0349728418241361
"TER-NFSB-TE49",2024-09-21,0.023516529254586,0.147035029369249,0.216461890500457
"TER-NFSB-TE49",2024-09-22,0.0267010151636456,0.102267859958389,0.109882560586357
"TER-NFSB-TE49",2024-09-23,0.0304932819491666,0.172719529322049,0.188857956093578
"TER-NFSB-TE49",2024-09-24,0.0164391707380035,0.0453042829504123,0.0378026642830296
"TER-NFSB-TE49",2024-09-25,0.00474850260817177,0.00371486282446242,0.0103119244772898
"TER-NFSB-TE49",2024-09-26,0.00863435114514288,0.0227172169733197,0.0785117083663605
"TER-NFSB-TE49",2024-09-27,0.0112555220645296,0.0125672686384957,0.0352993127225253
"TER-NFSB-TE49",2024-09-28,0.00504884891814829,0.00204149230502055,0.0116935531795833
"TER-NFSB-TE49",2024-09-29,0,0,0
"TER-NFSB-TE49",2024-09-30,0.00689648695291989,0,0.0088412501646852
"TER-NFSB-TE49",2024-10-01,0.0062081591523536,0,0.00529167181842978
"TER-NFSB-TE49",2024-10-02,0.00450330979652309,0,0
"TER-NFSB-TE49",2024-10-03,0.00296092233641531,0,0.00310251761162202
"TER-NFSB-TE49",2024-10-04,0,0,0
"TER-NFSB-TE49",2024-10-05,0,0.00252691425418925,0.0077406468971323
"TER-NFSB-TE49",2024-10-06,0.0199147448970826,0.00557926610055558,0.00211438356320845
"TER-NFSB-TE49",2024-10-07,0.0109858875348471,0.0125983551112868,0.0411176285284641
"TER-NFSB-TE49",2024-10-08,0.00906559288004434,0,NA
"TER-NFSB-TE49",2024-10-09,0.0128253168802027,0,NA
"TER-NFSB-TE49",2024-10-10,0.0077349731150568,0,NA
"TER-NFSB-TE49",2024-10-11,0.00428428554211468,0.0156104512414675,NA
"TER-NFSB-TE49",2024-10-12,0.00855113242441385,0.00817962179651671,NA
"TER-NFSB-TE49",2024-10-13,0.0078390066520776,0.00477199463714786,NA
"TER-NFSB-TE49",2024-10-14,0.00253346560346668,0.00250521111918932,NA
"TER-NFSB-TE49",2024-10-15,0.00593444075564173,0.0085593459998624,NA
"TER-NFSB-TE49",2024-10-16,0.00308269944506099,0.00156774956295575,NA
"TER-NFSB-TE49",2024-10-17,0.0070023308855537,0.00363590763277686,NA
"TER-NFSB-TE49",2024-10-18,0.00618460610925139,0.012835132478478,NA
"TER-NFSB-TE49",2024-10-19,0.00221869067374382,0,NA
"TER-NFSB-TE49",2024-10-20,0.00479831782921851,NA,NA
"TER-NFSB-TE49",2024-10-21,0.0021817236020942,NA,NA
"TER-NFSB-TE49",2024-10-22,0.00622327400860303,NA,NA
"TER-NFSB-TE49",2024-10-23,0.00834473946211052,NA,NA
"TER-NFSB-TE49",2024-10-24,0.00374644369094634,NA,NA
"TER-NFSB-TE49",2024-10-25,NA,NA,NA
"TER-NFSB-TE49",2024-10-26,NA,NA,NA
"TER-NFSB-TE49",2024-10-27,NA,NA,NA
"TER-NFSB-TE49",2024-10-28,NA,NA,NA
"TER-NFSB-TE49",2024-10-29,NA,NA,NA
"TER-NFSB-TE49",2024-10-30,NA,NA,NA
"TER-NFSB-TE49",2024-10-31,NA,NA,NA
"TER-NFSB-TE49",2024-11-01,NA,NA,NA
"TER-NFSB-TE49",2024-11-02,NA,NA,NA
"TER-NFSB-TE49",2024-11-03,NA,NA,NA
"TER-NFSB-TE49",2024-11-04,NA,NA,NA
"TER-NFSB-TE49",2024-11-05,NA,NA,NA
"TER-NFSB-TE49",2024-11-06,NA,NA,NA
"TER-NFSB-TE49",2024-11-07,NA,NA,NA
"TER-NFSB-TE49",2024-11-08,NA,NA,NA
"TER-NFSB-TE49",2024-11-09,NA,NA,NA
"TER-NFSB-TE49",2024-11-10,NA,NA,NA
"TER-NFSB-TE49",2024-11-11,NA,NA,NA
"TER-NFSB-TE49",2024-11-12,NA,NA,NA
"TER-NFSB-TE49",2024-11-13,NA,NA,NA
"TER-NFSB-TE49",2024-11-14,NA,NA,NA
"TER-NFSB-TE49",2024-11-15,NA,NA,NA
"TER-NFSB-TE49",2024-11-16,NA,NA,NA
"TER-NFSB-TE49",2024-11-17,NA,NA,NA
"TER-NFSB-TE49",2024-11-18,NA,NA,NA
"TER-NFSB-TE49",2024-11-19,NA,NA,NA
"TER-NFSB-TE49",2024-11-20,NA,NA,NA
"TER-NFSB-TE49",2024-11-21,NA,NA,NA
"TER-NFSB-TE49",2024-11-22,NA,NA,NA
"TER-NFSB-TE49",2024-11-23,NA,NA,NA
"TER-NFSB-TE49",2024-11-24,NA,NA,NA
"TER-NFSB-TE49",2024-11-25,NA,NA,NA
"TER-NFSB-TE49",2024-11-26,NA,NA,NA
"TER-NFSB-TE49",2024-11-27,NA,NA,NA
"TER-NFSB-TE49",2024-11-28,NA,NA,NA
"TER-NFSB-TE49",2024-11-29,NA,NA,NA
"TER-NFSB-TE49",2024-11-30,NA,NA,NA
"TER-NFSB-TE49",2024-12-01,NA,NA,NA
"TER-NFSB-TE49",2024-12-02,NA,NA,NA
"TER-NFSB-TE49",2024-12-03,NA,NA,NA
"TER-NFSB-TE49",2024-12-04,NA,NA,NA
"TER-NFSB-TE49",2024-12-05,NA,NA,NA
"TER-NFSB-TE49",2024-12-06,NA,NA,NA
"TER-NFSB-TE49",2024-12-07,NA,NA,NA
"TER-NFSB-TE49",2024-12-08,NA,NA,NA
"TER-NFSB-TE49",2024-12-09,NA,NA,NA
"TER-NFSB-TE49",2024-12-10,NA,NA,NA
"TER-NFSB-TE49",2024-12-11,NA,NA,NA
"TER-NFSB-TE49",2024-12-12,NA,NA,NA
"TER-NFSB-TE49",2024-12-13,NA,NA,NA
"TER-NFSB-TE49",2024-12-14,NA,NA,NA
"TER-NFSB-TE49",2024-12-15,NA,NA,NA
"TER-NFSB-TE49",2024-12-16,NA,NA,NA
"TER-NFSB-TE49",2024-12-17,NA,NA,NA
"TER-NFSB-TE49",2024-12-18,NA,NA,NA
"TER-NFSB-TE49",2024-12-19,NA,NA,NA
"TER-NFSB-TE49",2024-12-20,NA,NA,NA
"TER-NFSB-TE49",2024-12-21,NA,NA,NA
"TER-NFSB-TE49",2024-12-22,NA,NA,NA
"TER-NFSB-TE49",2024-12-23,NA,NA,NA
"TER-NFSB-TE49",2024-12-24,NA,NA,NA
"TER-NFSB-TE49",2024-12-25,NA,NA,NA
"TER-NFSB-TE49",2024-12-26,NA,NA,NA
"TER-NFSB-TE49",2024-12-27,NA,NA,NA
"TER-NFSB-TE49",2024-12-28,NA,NA,NA
"TER-NFSB-TE49",2024-12-29,NA,NA,NA
"TER-NFSB-TE49",2024-12-30,NA,NA,NA
"TER-NFSB-TE49",2024-12-31,NA,NA,NA
"TER-NFSB-TE49",2025-01-01,NA,NA,NA
"TER-NFSB-TE49",2025-01-02,NA,NA,NA
"TER-NFSB-TE49",2025-01-03,NA,NA,NA
"TER-NFSB-TE49",2025-01-04,NA,NA,NA
"TER-NFSB-TE49",2025-01-05,NA,NA,NA
"TER-NFSB-TE49",2025-01-06,NA,NA,NA
"TER-NFSB-TE49",2025-01-07,NA,NA,NA
"TER-NFSB-TE49",2025-01-08,NA,NA,NA
"TER-NFSB-TE49",2025-01-09,NA,NA,NA
"TER-NFSB-TE49",2025-01-10,NA,NA,NA
"TER-NFSB-TE49",2025-01-11,NA,NA,NA
"TER-NFSB-TE49",2025-01-12,NA,NA,NA
"TER-NFSB-TE49",2025-01-13,NA,NA,NA
"TER-NFSB-TE49",2025-01-14,NA,NA,NA
"TER-NFSB-TE49",2025-01-15,NA,NA,NA
"TER-NFSB-TE49",2025-01-16,NA,NA,NA
"TER-NFSB-TE49",2025-01-17,NA,NA,NA
"TER-NFSB-TE49",2025-01-18,NA,NA,NA
"TER-NFSB-TE49",2025-01-19,NA,NA,NA
"TER-NFSB-TE49",2025-01-20,NA,NA,NA
"TER-NFSB-TE49",2025-01-21,NA,NA,NA
"TER-NFSB-TE49",2025-01-22,NA,NA,NA
"TER-NFSB-TE49",2025-01-23,NA,NA,NA
"TER-NFSB-TE49",2025-01-24,NA,NA,NA
"TER-NFSB-TE49",2025-01-25,NA,NA,NA
"TER-NFSB-TE49",2025-01-26,NA,NA,NA
"TER-NFSB-TE49",2025-01-27,NA,NA,NA
"TER-NFSB-TE49",2025-01-28,NA,NA,NA
"TER-NFSB-TE49",2025-01-29,NA,NA,NA
"TER-NFSB-TE49",2025-01-30,NA,NA,NA
"TER-NFSB-TE49",2025-01-31,NA,NA,NA
"TER-NFSB-TE49",2025-02-01,NA,NA,NA
"TER-NFSB-TE49",2025-02-02,NA,NA,NA
"TER-NFSB-TE49",2025-02-03,NA,NA,NA
"TER-NFSB-TE49",2025-02-04,NA,NA,NA
"TER-NFSB-TE49",2025-02-05,NA,NA,NA
"TER-NFSB-TE49",2025-02-06,NA,NA,NA
"TER-NFSB-TE49",2025-02-07,NA,NA,NA
"TER-NFSB-TE49",2025-02-08,NA,NA,NA
"TER-NFSB-TE49",2025-02-09,NA,NA,NA
"TER-NFSB-TE49",2025-02-10,NA,NA,NA
"TER-NFSB-TE49",2025-02-11,NA,NA,NA
"TER-NFSB-TE49",2025-02-12,NA,NA,NA
"TER-NFSB-TE49",2025-02-13,NA,NA,NA
"TER-NFSB-TE49",2025-02-14,NA,NA,NA
"TER-NFSB-TE49",2025-02-15,NA,NA,NA
"TER-NFSB-TE49",2025-02-16,NA,NA,NA
"TER-NFSB-TE49",2025-02-17,NA,NA,NA
"TER-NFSB-TE49",2025-02-18,NA,NA,NA
"TER-NFSB-TE49",2025-02-19,NA,NA,NA
"TER-NFSB-TE49",2025-02-20,NA,NA,NA
"TER-NFSB-TE49",2025-02-21,NA,NA,NA
"TER-NFSB-TE49",2025-02-22,NA,NA,NA
"TER-NFSB-TE49",2025-02-23,NA,NA,NA
"TER-NFSB-TE49",2025-02-24,NA,NA,NA
"TER-NFSB-TE49",2025-02-25,NA,NA,NA
"TER-NFSB-TE49",2025-02-26,NA,NA,NA
"TER-NFSB-TE49",2025-02-27,NA,NA,NA
"TER-NFSB-TE49",2025-02-28,NA,NA,NA
"TER-NFSB-TE49",2025-03-01,NA,NA,NA
"TER-NFSB-TE49",2025-03-02,NA,NA,NA
"TER-NFSB-TE49",2025-03-03,NA,NA,NA
"TER-NFSB-TE49",2025-03-04,NA,NA,NA
"TER-NFSB-TE49",2025-03-05,NA,NA,NA
"TER-NFSB-TE49",2025-03-06,NA,NA,NA
"TER-NFSB-TE49",2025-03-07,NA,NA,NA
"TER-NFSB-TE49",2025-03-08,NA,NA,NA
"TER-NFSB-TE49",2025-03-09,NA,NA,NA
"TER-NFSB-TE49",2025-03-10,NA,NA,NA
"TER-NFSB-TE49",2025-03-11,NA,NA,NA
"TER-NFSB-TE49",2025-03-12,NA,NA,NA
"TER-NFSB-TE49",2025-03-13,NA,NA,NA
"TER-NFSB-TE49",2025-03-14,NA,NA,NA
"TER-NFSB-TE49",2025-03-15,NA,NA,NA
"TER-NFSB-TE49",2025-03-16,NA,NA,NA
"TER-NFSB-TE49",2025-03-17,NA,NA,NA
"TER-NFSB-TE49",2025-03-18,NA,NA,NA
"TER-NFSB-TE49",2025-03-19,NA,NA,NA
"TER-NFSB-TE49",2025-03-20,NA,NA,NA
"TER-NFSB-TE49",2025-03-21,NA,NA,NA
"TER-NFSB-TE49",2025-03-22,NA,NA,NA
"TER-NFSB-TE49",2025-03-23,NA,NA,NA
"TER-NFSB-TE49",2025-03-24,NA,NA,NA
"TER-NFSB-TE49",2025-03-25,NA,NA,NA
"TER-NFSB-TE49",2025-03-26,NA,NA,NA
"TER-NFSB-TE49",2025-03-27,NA,NA,NA
"TER-NFSB-TE49",2025-03-28,NA,NA,NA
"TER-NFSB-TE49",2025-03-29,NA,NA,NA
"TER-NFSB-TE49",2025-03-30,NA,NA,NA
"TER-NFSB-TE49",2025-03-31,NA,NA,NA
"TER-NFSB-TE49",2025-04-01,NA,NA,NA
"TER-NFSB-TE49",2025-04-02,NA,NA,NA
"TER-NFSB-TE49",2025-04-03,NA,NA,NA
"TER-NFSB-TE49",2025-04-04,NA,NA,NA
"TER-NFSB-TE49",2025-04-05,NA,NA,NA
"TER-NFSB-TE49",2025-04-06,NA,NA,NA
"TER-NFSB-TE49",2025-04-07,NA,NA,NA
"TER-NFSB-TE49",2025-04-08,NA,NA,NA
"TER-NFSB-TE49",2025-04-09,NA,NA,NA
"TER-NFSB-TE49",2025-04-10,NA,NA,NA
"TER-NFSB-TE49",2025-04-11,NA,NA,NA
"TER-NFSB-TE49",2025-04-12,NA,NA,NA
"TER-NFSB-TE49",2025-04-13,NA,NA,NA
"TER-NFSB-TE49",2025-04-14,NA,NA,NA
"TER-NFSB-TE49",2025-04-15,NA,NA,NA
"TER-NFSB-TE49",2025-04-16,NA,NA,NA
"TER-NFSB-TE49",2025-04-17,NA,NA,NA
"TER-NFSB-TE49",2025-04-18,NA,NA,NA
"TER-NFSB-TE49",2025-04-19,NA,NA,NA
"TER-NFSB-TE49",2025-04-20,NA,NA,NA
"TER-NFSB-TE49",2025-04-21,NA,NA,NA
"TER-NFSB-TE49",2025-04-22,NA,NA,NA
"TER-NFSB-TE49",2025-04-23,NA,NA,NA
"TER-NFSB-TE49",2025-04-24,NA,NA,NA
"TER-NFSB-TE49",2025-04-25,NA,NA,NA
"TER-NFSB-TE49",2025-04-26,NA,NA,NA
"TER-NFSB-TE49",2025-04-27,NA,NA,NA
"TER-NFSB-TE49",2025-04-28,NA,NA,NA
"TER-NFSB-TE49",2025-04-29,NA,NA,NA
"TER-NFSB-TE49",2025-04-30,NA,NA,NA
"TER-NFSB-TE49",2025-05-01,NA,NA,NA
"TER-NFSB-TE49",2025-05-02,NA,NA,NA
"TER-NFSB-TE49",2025-05-03,NA,NA,NA
"TER-NFSB-TE49",2025-05-04,NA,NA,NA
"TER-NFSB-TE49",2025-05-05,NA,NA,NA
"TER-NFSB-TE49",2025-05-06,NA,NA,NA
"TER-NFSB-TE49",2025-05-07,NA,NA,NA
"TER-NFSB-TE49",2025-05-08,NA,NA,NA
"TER-NFSB-TE49",2025-05-09,NA,NA,NA
"TER-NFSB-TE49",2025-05-10,NA,NA,NA
"TER-NFSB-TE49",2025-05-11,NA,NA,NA
"TER-NFSB-TE49",2025-05-12,NA,NA,NA
"TER-NFSB-TE49",2025-05-13,NA,NA,NA
"TER-NFSB-TE49",2025-05-14,NA,NA,NA
"TER-NFSB-TE49",2025-05-15,NA,NA,NA
"TER-NFSB-TE49",2025-05-16,NA,NA,NA
"TER-NFSB-TE49",2025-05-17,NA,NA,NA
"TER-NFSB-TE49",2025-05-18,NA,NA,NA
"TER-NFSB-TE49",2025-05-19,NA,NA,NA
"TER-NFSB-TE49",2025-05-20,NA,NA,NA
"TER-NFSB-TE49",2025-05-21,NA,NA,NA
"TER-NFSB-TE49",2025-05-22,NA,NA,NA
"TER-NFSB-TE49",2025-05-23,NA,NA,NA
"TER-NFSB-TE49",2025-05-24,NA,NA,NA
"TER-NFSB-TE49",2025-05-25,NA,NA,NA
"TER-NFSB-TE49",2025-05-26,NA,NA,NA
"TER-NFSB-TE49",2025-05-27,NA,NA,NA
"TER-NFSB-TE49",2025-05-28,NA,NA,NA
"TER-NFSB-TE49",2025-05-29,NA,NA,NA
"TER-NFSB-TE49",2025-05-30,NA,NA,NA
"TER-NFSB-TE49",2025-05-31,NA,NA,NA
"TER-NFSB-TE49",2025-06-01,NA,NA,NA
"TER-NFSB-TE49",2025-06-02,NA,NA,NA
"TER-NFSB-TE49",2025-06-03,NA,NA,NA
"TER-NFSB-TE49",2025-06-04,NA,NA,NA
"TER-NFSB-TE49",2025-06-05,NA,NA,NA
"TER-NFSB-TE49",2025-06-06,NA,NA,NA
"TER-NFSB-TE49",2025-06-07,NA,NA,NA
"TER-NFSB-TE49",2025-06-08,NA,NA,NA
"TER-NFSB-TE49",2025-06-09,NA,NA,NA
"TER-NFSB-TE49",2025-06-10,NA,NA,NA
"TER-NFSB-TE49",2025-06-11,NA,NA,NA
"TER-NFSB-TE49",2025-06-12,NA,NA,NA
"TER-NFTB-T-15",2023-08-09,NA,NA,NA
"TER-NFTB-T-15",2023-08-10,NA,NA,NA
"TER-NFTB-T-15",2023-08-11,NA,NA,NA
"TER-NFTB-T-15",2023-08-12,NA,NA,NA
"TER-NFTB-T-15",2023-08-13,NA,NA,NA
"TER-NFTB-T-15",2023-08-14,NA,NA,NA
"TER-NFTB-T-15",2023-08-15,NA,NA,NA
"TER-NFTB-T-15",2023-08-16,NA,NA,NA
"TER-NFTB-T-15",2023-08-17,NA,NA,NA
"TER-NFTB-T-15",2023-08-18,NA,NA,NA
"TER-NFTB-T-15",2023-08-19,NA,NA,NA
"TER-NFTB-T-15",2023-08-20,NA,NA,NA
"TER-NFTB-T-15",2023-08-21,NA,NA,NA
"TER-NFTB-T-15",2023-08-22,NA,NA,NA
"TER-NFTB-T-15",2023-08-23,NA,NA,NA
"TER-NFTB-T-15",2023-08-24,NA,NA,NA
"TER-NFTB-T-15",2023-08-25,NA,NA,NA
"TER-NFTB-T-15",2023-08-26,NA,NA,NA
"TER-NFTB-T-15",2023-08-27,NA,NA,NA
"TER-NFTB-T-15",2023-08-28,NA,NA,NA
"TER-NFTB-T-15",2023-08-29,NA,NA,NA
"TER-NFTB-T-15",2023-08-30,NA,NA,NA
"TER-NFTB-T-15",2023-08-31,NA,NA,NA
"TER-NFTB-T-15",2023-09-01,NA,NA,NA
"TER-NFTB-T-15",2023-09-02,NA,NA,NA
"TER-NFTB-T-15",2023-09-03,NA,NA,NA
"TER-NFTB-T-15",2023-09-04,NA,NA,NA
"TER-NFTB-T-15",2023-09-05,NA,NA,NA
"TER-NFTB-T-15",2023-09-06,NA,NA,NA
"TER-NFTB-T-15",2023-09-07,NA,NA,NA
"TER-NFTB-T-15",2023-09-08,NA,NA,NA
"TER-NFTB-T-15",2023-09-09,NA,NA,NA
"TER-NFTB-T-15",2023-09-10,NA,NA,NA
"TER-NFTB-T-15",2023-09-11,NA,NA,NA
"TER-NFTB-T-15",2023-09-12,NA,NA,NA
"TER-NFTB-T-15",2023-09-13,NA,NA,NA
"TER-NFTB-T-15",2023-09-14,NA,NA,NA
"TER-NFTB-T-15",2023-09-15,NA,NA,NA
"TER-NFTB-T-15",2023-09-16,NA,NA,NA
"TER-NFTB-T-15",2023-09-17,NA,NA,NA
"TER-NFTB-T-15",2023-09-18,NA,NA,NA
"TER-NFTB-T-15",2023-09-19,NA,NA,NA
"TER-NFTB-T-15",2023-09-20,NA,NA,NA
"TER-NFTB-T-15",2023-09-21,NA,NA,NA
"TER-NFTB-T-15",2023-09-22,NA,NA,NA
"TER-NFTB-T-15",2023-09-23,NA,NA,NA
"TER-NFTB-T-15",2023-09-24,NA,NA,NA
"TER-NFTB-T-15",2023-09-25,NA,NA,NA
"TER-NFTB-T-15",2023-09-26,NA,NA,NA
"TER-NFTB-T-15",2023-09-27,NA,NA,NA
"TER-NFTB-T-15",2023-09-28,NA,NA,NA
"TER-NFTB-T-15",2023-09-29,NA,NA,NA
"TER-NFTB-T-15",2023-09-30,NA,NA,NA
"TER-NFTB-T-15",2023-10-01,NA,NA,NA
"TER-NFTB-T-15",2023-10-02,NA,NA,NA
"TER-NFTB-T-15",2023-10-03,NA,NA,NA
"TER-NFTB-T-15",2023-10-04,NA,NA,NA
"TER-NFTB-T-15",2023-10-05,NA,NA,NA
"TER-NFTB-T-15",2023-10-06,NA,NA,NA
"TER-NFTB-T-15",2023-10-07,NA,NA,NA
"TER-NFTB-T-15",2023-10-08,NA,NA,NA
"TER-NFTB-T-15",2023-10-09,NA,NA,NA
"TER-NFTB-T-15",2023-10-10,NA,NA,NA
"TER-NFTB-T-15",2023-10-11,NA,NA,NA
"TER-NFTB-T-15",2023-10-12,NA,NA,NA
"TER-NFTB-T-15",2023-10-13,NA,NA,NA
"TER-NFTB-T-15",2023-10-14,NA,NA,NA
"TER-NFTB-T-15",2023-10-15,NA,NA,NA
"TER-NFTB-T-15",2023-10-16,NA,NA,NA
"TER-NFTB-T-15",2023-10-17,NA,NA,NA
"TER-NFTB-T-15",2023-10-18,NA,NA,NA
"TER-NFTB-T-15",2023-10-19,NA,NA,NA
"TER-NFTB-T-15",2023-10-20,NA,NA,NA
"TER-NFTB-T-15",2023-10-21,NA,NA,NA
"TER-NFTB-T-15",2023-10-22,NA,NA,NA
"TER-NFTB-T-15",2023-10-23,NA,NA,NA
"TER-NFTB-T-15",2023-10-24,NA,NA,NA
"TER-NFTB-T-15",2023-10-25,NA,NA,NA
"TER-NFTB-T-15",2023-10-26,NA,NA,NA
"TER-NFTB-T-15",2023-10-27,NA,NA,NA
"TER-NFTB-T-15",2023-10-28,NA,NA,NA
"TER-NFTB-T-15",2023-10-29,NA,NA,NA
"TER-NFTB-T-15",2023-10-30,NA,NA,NA
"TER-NFTB-T-15",2023-10-31,NA,NA,NA
"TER-NFTB-T-15",2023-11-01,NA,NA,NA
"TER-NFTB-T-15",2023-11-02,NA,NA,NA
"TER-NFTB-T-15",2023-11-03,NA,NA,NA
"TER-NFTB-T-15",2023-11-04,NA,NA,NA
"TER-NFTB-T-15",2023-11-05,NA,NA,NA
"TER-NFTB-T-15",2023-11-06,NA,NA,NA
"TER-NFTB-T-15",2023-11-07,NA,NA,NA
"TER-NFTB-T-15",2023-11-08,NA,NA,NA
"TER-NFTB-T-15",2023-11-09,NA,NA,NA
"TER-NFTB-T-15",2023-11-10,NA,NA,NA
"TER-NFTB-T-15",2023-11-11,NA,NA,NA
"TER-NFTB-T-15",2023-11-12,NA,NA,NA
"TER-NFTB-T-15",2023-11-13,NA,NA,NA
"TER-NFTB-T-15",2023-11-14,NA,NA,NA
"TER-NFTB-T-15",2023-11-15,NA,NA,NA
"TER-NFTB-T-15",2023-11-16,NA,NA,NA
"TER-NFTB-T-15",2023-11-17,NA,NA,NA
"TER-NFTB-T-15",2023-11-18,0.0117393189724244,0.0195539561409152,0.0296420860544258
"TER-NFTB-T-15",2023-11-19,0,0,0
"TER-NFTB-T-15",2023-11-20,0,0,0
"TER-NFTB-T-15",2023-11-21,0,0,0
"TER-NFTB-T-15",2023-11-22,0,0,0
"TER-NFTB-T-15",2023-11-23,0,0,0
"TER-NFTB-T-15",2023-11-24,0,0,0
"TER-NFTB-T-15",2023-11-25,0,0,0
"TER-NFTB-T-15",2023-11-26,0,0,0
"TER-NFTB-T-15",2023-11-27,0,0,0
"TER-NFTB-T-15",2023-11-28,0,0,0
"TER-NFTB-T-15",2023-11-29,0,0,0
"TER-NFTB-T-15",2023-11-30,0,0.0414857557155121,0.0678820489117398
"TER-NFTB-T-15",2023-12-01,0,0,0.020217832832435
"TER-NFTB-T-15",2023-12-02,0,0,0.018682352141617
"TER-NFTB-T-15",2023-12-03,0,0.0398682808203033,0.0561001668391025
"TER-NFTB-T-15",2023-12-04,0,0.028652773863407,0.0707216605380012
"TER-NFTB-T-15",2023-12-05,0,0,0.010760527008612
"TER-NFTB-T-15",2023-12-06,0,0,0.00276998668322243
"TER-NFTB-T-15",2023-12-07,0,0.00208059868304089,0.0482545950120265
"TER-NFTB-T-15",2023-12-08,0,0,0
"TER-NFTB-T-15",2023-12-09,0,0,0.00168535142098083
"TER-NFTB-T-15",2023-12-10,0,0,0
"TER-NFTB-T-15",2023-12-11,0,0,0.0172353136246296
"TER-NFTB-T-15",2023-12-12,0,0.00242389281734694,0.0329047216012204
"TER-NFTB-T-15",2023-12-13,NA,0.00401468147181375,0.0384778089049174
"TER-NFTB-T-15",2023-12-14,NA,0,0.00573512308402454
"TER-NFTB-T-15",2023-12-15,NA,0,0.00259800737954087
"TER-NFTB-T-15",2023-12-16,NA,0,0.00331181759684955
"TER-NFTB-T-15",2023-12-17,NA,0,0.00386716411381935
"TER-NFTB-T-15",2023-12-18,NA,0,0.00764744055191077
"TER-NFTB-T-15",2023-12-19,NA,0,0
"TER-NFTB-T-15",2023-12-20,NA,0,0.00619070516354223
"TER-NFTB-T-15",2023-12-21,NA,0,0.00209808845334288
"TER-NFTB-T-15",2023-12-22,NA,0,0.0130029544128098
"TER-NFTB-T-15",2023-12-23,NA,0,0.0185834858422213
"TER-NFTB-T-15",2023-12-24,NA,0.00938285102921245,0.0249850889623938
"TER-NFTB-T-15",2023-12-25,NA,0,0.00723730059561533
"TER-NFTB-T-15",2023-12-26,NA,0,0.0066950979554356
"TER-NFTB-T-15",2023-12-27,NA,0.0332488753827075,0.0704969074686433
"TER-NFTB-T-15",2023-12-28,NA,0.006647361565709,0.0383973603288047
"TER-NFTB-T-15",2023-12-29,NA,0.00267961803108496,0.0349597122373694
"TER-NFTB-T-15",2023-12-30,NA,0.0503422186865406,0.105529436433084
"TER-NFTB-T-15",2023-12-31,NA,0.00129592777951808,0.0387074819956658
"TER-NFTB-T-15",2024-01-01,NA,0,0.00548774730888474
"TER-NFTB-T-15",2024-01-02,NA,0.0468058443895275,0.0649222057911136
"TER-NFTB-T-15",2024-01-03,NA,0.037982610036871,0.0801218471317637
"TER-NFTB-T-15",2024-01-04,NA,0,0.0112311907864135
"TER-NFTB-T-15",2024-01-05,NA,0,0.00457466901255788
"TER-NFTB-T-15",2024-01-06,NA,0,0.00837759754449384
"TER-NFTB-T-15",2024-01-07,NA,0.00212159228007277,0.0412320602739628
"TER-NFTB-T-15",2024-01-08,NA,0.0143688731293242,0.0360175528988284
"TER-NFTB-T-15",2024-01-09,NA,0,0.00557996962416599
"TER-NFTB-T-15",2024-01-10,NA,0,0.00544720131621952
"TER-NFTB-T-15",2024-01-11,NA,0,0.00668596071010751
"TER-NFTB-T-15",2024-01-12,NA,0,0.00503627764061489
"TER-NFTB-T-15",2024-01-13,NA,0,0.00382789218648542
"TER-NFTB-T-15",2024-01-14,NA,0,0.0334620052253675
"TER-NFTB-T-15",2024-01-15,NA,0.00125331742974102,0.0207679900059877
"TER-NFTB-T-15",2024-01-16,NA,0,0.00932165225511733
"TER-NFTB-T-15",2024-01-17,NA,0.00328488971954895,0.0114997779543575
"TER-NFTB-T-15",2024-01-18,NA,0.0115076843410994,0.0184911229409143
"TER-NFTB-T-15",2024-01-19,NA,0,0.00470221505218684
"TER-NFTB-T-15",2024-01-20,NA,0.0196466385046006,0.0431909262777221
"TER-NFTB-T-15",2024-01-21,NA,0,0.0102488810765708
"TER-NFTB-T-15",2024-01-22,NA,0,0.00225518355748135
"TER-NFTB-T-15",2024-01-23,NA,NA,NA
"TER-NFTB-T-15",2024-01-24,0,0,0.00333949078345234
"TER-NFTB-T-15",2024-01-25,0,0.00511442186805565,0.0260589953451164
"TER-NFTB-T-15",2024-01-26,0,0,0.0034114113915554
"TER-NFTB-T-15",2024-01-27,0,0,0.00508536872312352
"TER-NFTB-T-15",2024-01-28,0.0101806237774738,0.0416934137859652,0.0555055945103655
"TER-NFTB-T-15",2024-01-29,0,0.00605861162389724,0.0206528486705735
"TER-NFTB-T-15",2024-01-30,0,0.0157089822860285,0.0161334310769954
"TER-NFTB-T-15",2024-01-31,0,0,0.0177244328144976
"TER-NFTB-T-15",2024-02-01,0,0,0.00479053602519617
"TER-NFTB-T-15",2024-02-02,0,0,0.00759081410043026
"TER-NFTB-T-15",2024-02-03,0,0.012563710677858,0.0289058478952771
"TER-NFTB-T-15",2024-02-04,0,0.0192940346102352,0.0283632654463436
"TER-NFTB-T-15",2024-02-05,0,0,0.00827568067609059
"TER-NFTB-T-15",2024-02-06,0,0,0.00433224740918795
"TER-NFTB-T-15",2024-02-07,0,0,0.00610839876945814
"TER-NFTB-T-15",2024-02-08,0,0.0303811813933454,0.0333042052597945
"TER-NFTB-T-15",2024-02-09,0,0.0248839871343067,0.0187582480306323
"TER-NFTB-T-15",2024-02-10,0,0,0.00799765201669051
"TER-NFTB-T-15",2024-02-11,0,0,0.00697506917079192
"TER-NFTB-T-15",2024-02-12,0,0,0.00360299433761485
"TER-NFTB-T-15",2024-02-13,0,0,0.00520137046591755
"TER-NFTB-T-15",2024-02-14,0,0.0320662437715216,0.0358563816298427
"TER-NFTB-T-15",2024-02-15,0,0.00780987291236473,0.00750560423837155
"TER-NFTB-T-15",2024-02-16,0,0.0179746444262545,0.0242835067557868
"TER-NFTB-T-15",2024-02-17,0,0.00416119736608172,0.0134994329083348
"TER-NFTB-T-15",2024-02-18,0,0.0231264850076214,0.0439550035378924
"TER-NFTB-T-15",2024-02-19,0,0.0119234186476546,0.045074771555062
"TER-NFTB-T-15",2024-02-20,0,0.0379176602449393,0.040890810841822
"TER-NFTB-T-15",2024-02-21,0,0.032840127243495,0.0415694998944416
"TER-NFTB-T-15",2024-02-22,0.0122736297423771,0.051859770006824,0.0520087076382774
"TER-NFTB-T-15",2024-02-23,NA,NA,NA
"TER-NFTB-T-15",2024-02-24,0,0.0316790868342787,0.0366523955454369
"TER-NFTB-T-15",2024-02-25,0,0.0196082663380233,0.0175531619412505
"TER-NFTB-T-15",2024-02-26,0,0.035770505925882,0.0348671473963529
"TER-NFTB-T-15",2024-02-27,0,0.0758223545440784,0.0748140260695589
"TER-NFTB-T-15",2024-02-28,0,0.104261463764544,0.124003103673715
"TER-NFTB-T-15",2024-02-29,0.0164635257778823,0.0594188556718331,0.074437424546307
"TER-NFTB-T-15",2024-03-01,0.0249120355634172,0.0743264636810452,0.103047089067224
"TER-NFTB-T-15",2024-03-02,0.0298449899449664,0.0773320606649651,0.0992399939325042
"TER-NFTB-T-15",2024-03-03,0.00226559859527471,0.0297273563538971,0.0327664358654
"TER-NFTB-T-15",2024-03-04,0.0171431679770623,0.0505693176833288,0.065730117067989
"TER-NFTB-T-15",2024-03-05,0,0.024205254875636,0.0288296873479475
"TER-NFTB-T-15",2024-03-06,0,0.0282878927783435,0.0284057927062069
"TER-NFTB-T-15",2024-03-07,0,0.0194162492892173,0.0191784984916624
"TER-NFTB-T-15",2024-03-08,0,0.0465018237457151,0.0379843864292694
"TER-NFTB-T-15",2024-03-09,0,0.0194332086226177,0.0222735020297258
"TER-NFTB-T-15",2024-03-10,0,0.0488344399214959,0.058028075782459
"TER-NFTB-T-15",2024-03-11,0,0.00432222903751442,0.00820846335990912
"TER-NFTB-T-15",2024-03-12,0,0.0476321753736951,0.0693222556921172
"TER-NFTB-T-15",2024-03-13,NA,NA,NA
"TER-NFTB-T-15",2024-03-14,0,0.0253429727247637,0.0260710885754175
"TER-NFTB-T-15",2024-03-15,0,0.0174342295993935,0.0117721562472999
"TER-NFTB-T-15",2024-03-16,0.00143151361721652,0.0481510529645711,0.0637563699965011
"TER-NFTB-T-15",2024-03-17,0.0065062485022255,0.0666057755198671,0.0793974556288834
"TER-NFTB-T-15",2024-03-18,0,0.00458664421696622,0.0105296274858683
"TER-NFTB-T-15",2024-03-19,0,0.0750728552687841,0.108831701598798
"TER-NFTB-T-15",2024-03-20,0,0.106903856240101,0.152021814807579
"TER-NFTB-T-15",2024-03-21,0.00892627003593343,0.0849729892764412,0.100290919375323
"TER-NFTB-T-15",2024-03-22,0,0.0106912762350547,0.0165484017977291
"TER-NFTB-T-15",2024-03-23,0,0.0290250346739147,0.0220271057818866
"TER-NFTB-T-15",2024-03-24,0.00129592777951808,0.0515420756413832,0.062008496194341
"TER-NFTB-T-15",2024-03-25,0.00286381220671506,0.0353451160903974,0.0421132041734852
"TER-NFTB-T-15",2024-03-26,0,0.0239851860205004,0.0190289523667321
"TER-NFTB-T-15",2024-03-27,0.019457596775388,0.0701018993366948,0.0800744684201328
"TER-NFTB-T-15",2024-03-28,0,0.0233654892514985,0.0184051159587815
"TER-NFTB-T-15",2024-03-29,0,0.00573493223737448,0.0124832145274737
"TER-NFTB-T-15",2024-03-30,0,0.000859900122356413,0.0095203100143958
"TER-NFTB-T-15",2024-03-31,0.0175212349329956,0.0693827278358549,0.0869770733539832
"TER-NFTB-T-15",2024-04-01,0,0.0500249340578753,0.0423138858656005
"TER-NFTB-T-15",2024-04-02,0,0.0141738037643116,0.0137399271641738
"TER-NFTB-T-15",2024-04-03,0,0.00718976332178241,0.0103083836027699
"TER-NFTB-T-15",2024-04-04,0,0.0109552463064782,0.0159384127537357
"TER-NFTB-T-15",2024-04-05,NA,NA,NA
"TER-NFTB-T-15",2024-04-06,0,0.0617588950870405,0.07769512132719
"TER-NFTB-T-15",2024-04-07,0,0.00976362213288703,0.0196114817852014
"TER-NFTB-T-15",2024-04-08,0,0.00208059868304089,0.0160546055430286
"TER-NFTB-T-15",2024-04-09,0,0.00211438356320845,0.0128028155172029
"TER-NFTB-T-15",2024-04-10,0,0,0.00655307119110041
"TER-NFTB-T-15",2024-04-11,0,0.00703416084547744,0.0213269061889127
"TER-NFTB-T-15",2024-04-12,0,0.0138332306028312,0.038461891076206
"TER-NFTB-T-15",2024-04-13,0,0,0.00584330809841524
"TER-NFTB-T-15",2024-04-14,0,0,0.00497621667717903
"TER-NFTB-T-15",2024-04-15,0.0115008429410477,0,0.0112005875142331
"TER-NFTB-T-15",2024-04-16,0.00641526223665322,0,0.00496778515660266
"TER-NFTB-T-15",2024-04-17,NA,0.0033796957449828,0.00994499464180682
"TER-NFTB-T-15",2024-04-18,NA,0.00819356954452526,0.0183882990882296
"TER-NFTB-T-15",2024-04-19,NA,0.0130721324861486,0.0407905409132861
"TER-NFTB-T-15",2024-04-20,NA,0.0538388220069091,0.0781340912529395
"TER-NFTB-T-15",2024-04-21,NA,0.0220629969075876,0.0286458071849591
"TER-NFTB-T-15",2024-04-22,NA,0.024213284895644,0.0214950544728735
"TER-NFTB-T-15",2024-04-23,NA,0.00378819447135172,0.00731405464948793
"TER-NFTB-T-15",2024-04-24,NA,0.0255518487529418,0.0325878641193207
"TER-NFTB-T-15",2024-04-25,NA,0.0907985419501363,0.114986837838533
"TER-NFTB-T-15",2024-04-26,NA,0.0457198809806304,0.0495764542208796
"TER-NFTB-T-15",2024-04-27,NA,0.0874620445257646,0.122484988144864
"TER-NFTB-T-15",2024-04-28,NA,0.117714921373778,0.161359988549926
"TER-NFTB-T-15",2024-04-29,NA,0.152259315862926,0.223283388040879
"TER-NFTB-T-15",2024-04-30,NA,0.103848859438914,0.148594373251928
"TER-NFTB-T-15",2024-05-01,NA,0.0110605454507445,0.0121681377480024
"TER-NFTB-T-15",2024-05-02,NA,0.00681082972830702,0.00873016314449672
"TER-NFTB-T-15",2024-05-03,NA,0.00960907318278989,0.0202568113569869
"TER-NFTB-T-15",2024-05-04,NA,0.0218320115419136,0.102595599802006
"TER-NFTB-T-15",2024-05-05,NA,0.130371814762067,0.227740555737316
"TER-NFTB-T-15",2024-05-06,NA,0.00555993377449719,0.00869159660688975
"TER-NFTB-T-15",2024-05-07,NA,0.0122722442783952,0.0218079811337279
"TER-NFTB-T-15",2024-05-08,NA,0.0155953491142106,0.0587312766342309
"TER-NFTB-T-15",2024-05-09,NA,0.0498345535124992,0.19163866232871
"TER-NFTB-T-15",2024-05-10,NA,0.111976070078541,0.170660983939722
"TER-NFTB-T-15",2024-05-11,NA,0.144547393666917,0.220395533250364
"TER-NFTB-T-15",2024-05-12,NA,0.19223860946693,0.265357662707268
"TER-NFTB-T-15",2024-05-13,NA,NA,NA
"TER-NFTB-T-15",2024-05-14,0,0.0872700356803302,0.118506430867048
"TER-NFTB-T-15",2024-05-15,0,0.0740078227158805,0.104913523846709
"TER-NFTB-T-15",2024-05-16,0,0.0250639836176715,0.0398857625036975
"TER-NFTB-T-15",2024-05-17,0,0.0632371056794385,0.0974613871575855
"TER-NFTB-T-15",2024-05-18,0,0.108864049327306,0.163910537042859
"TER-NFTB-T-15",2024-05-19,0,0.108726155743319,0.171350471545828
"TER-NFTB-T-15",2024-05-20,0,0.102431830499883,0.134423231262497
"TER-NFTB-T-15",2024-05-21,0,0.0382878590299265,0.059048163756362
"TER-NFTB-T-15",2024-05-22,0,0.0312175752832425,0.048792513688091
"TER-NFTB-T-15",2024-05-23,0,0.00449830337540529,0.0051811053243239
"TER-NFTB-T-15",2024-05-24,0.0141785043006927,0.0392199092849768,0.065276660778832
"TER-NFTB-T-15",2024-05-25,NA,0.122705651109704,0.169882872815548
"TER-NFTB-T-15",2024-05-26,NA,0.0934706698373171,0.146452270530408
"TER-NFTB-T-15",2024-05-27,NA,0.0764247779196081,0.111562530624551
"TER-NFTB-T-15",2024-05-28,NA,0.0880681185301588,0.123663649130362
"TER-NFTB-T-15",2024-05-29,NA,0.00261490434605136,0.00684357962373391
"TER-NFTB-T-15",2024-05-30,NA,0.0264480139564756,0.053135530386428
"TER-NFTB-T-15",2024-05-31,NA,0.0105431236056111,0.0285601793617951
"TER-NFTB-T-15",2024-06-01,NA,0.0184380776537705,0.0499685295989454
"TER-NFTB-T-15",2024-06-02,NA,0.00844443516362057,0.0187549213933292
"TER-NFTB-T-15",2024-06-03,NA,0.0105938109199419,0.0223518004501507
"TER-NFTB-T-15",2024-06-04,NA,0.0093000871054865,0.0281220318762097
"TER-NFTB-T-15",2024-06-05,NA,0.00456105278380438,0.0107257800146979
"TER-NFTB-T-15",2024-06-06,NA,0.0501026941065959,0.0819936886985376
"TER-NFTB-T-15",2024-06-07,NA,0.0452088857150894,0.072103212977723
"TER-NFTB-T-15",2024-06-08,NA,0.0579772749534413,0.0889837276838698
"TER-NFTB-T-15",2024-06-09,NA,0.0252607133526916,0.0390675161512136
"TER-NFTB-T-15",2024-06-10,NA,0.0534615573451118,0.0781818537485466
"TER-NFTB-T-15",2024-06-11,NA,0.122250970783865,0.175293697193101
"TER-NFTB-T-15",2024-06-12,0,0.178766977025979,0.279507723663711
"TER-NFTB-T-15",2024-06-13,0,0.0355082625985465,0.0535742979664922
"TER-NFTB-T-15",2024-06-14,0,0.0850256949044033,0.1227975032693
"TER-NFTB-T-15",2024-06-15,0,0.14631609144762,0.215873650696103
"TER-NFTB-T-15",2024-06-16,0,0.0785172824765208,0.113991622389895
"TER-NFTB-T-15",2024-06-17,0,0.0522906548897381,0.0861971253889974
"TER-NFTB-T-15",2024-06-18,0,0.0933000595022844,0.117934352823376
"TER-NFTB-T-15",2024-06-19,0,0.125431682453277,0.171879973932668
"TER-NFTB-T-15",2024-06-20,0,0.117369355028658,0.205951506337548
"TER-NFTB-T-15",2024-06-21,0,0.144288703174689,0.24153526125386
"TER-NFTB-T-15",2024-06-22,0.0186460080649454,0.0288811871602713,0.0590492935323952
"TER-NFTB-T-15",2024-06-23,NA,0.0488531688314465,0.0843833631093311
"TER-NFTB-T-15",2024-06-24,NA,0.00787941511113772,0.0113404184395999
"TER-NFTB-T-15",2024-06-25,NA,0.0776799690237413,0.100833133907552
"TER-NFTB-T-15",2024-06-26,NA,0.166425437267063,0.26158962497255
"TER-NFTB-T-15",2024-06-27,NA,0.0997200419275875,0.138786367373789
"TER-NFTB-T-15",2024-06-28,NA,0.119585112154074,0.16946739261734
"TER-NFTB-T-15",2024-06-29,NA,0.0651140280944245,0.0934880258802707
"TER-NFTB-T-15",2024-06-30,NA,0.0280479075718345,0.0383773935974061
"TER-NFTB-T-15",2024-07-01,NA,0.158327474454372,0.223036292338767
"TER-NFTB-T-15",2024-07-02,NA,0.219845436761269,0.284568746706973
"TER-NFTB-T-15",2024-07-03,NA,0.114260193732025,0.159871675677933
"TER-NFTB-T-15",2024-07-04,NA,0.131118122830775,0.212211911935537
"TER-NFTB-T-15",2024-07-05,NA,0.226881617950436,0.331240053879387
"TER-NFTB-T-15",2024-07-06,NA,0.114337770195729,0.149059497458291
"TER-NFTB-T-15",2024-07-07,NA,0.123413337978586,0.177853468382411
"TER-NFTB-T-15",2024-07-08,NA,0.0319260365427648,0.0331998939826621
"TER-NFTB-T-15",2024-07-09,NA,0.0441217787254653,0.0621732868832435
"TER-NFTB-T-15",2024-07-10,NA,0.108669695243993,0.14036769775706
"TER-NFTB-T-15",2024-07-11,NA,0.0356450439135118,0.0475229474955346
"TER-NFTB-T-15",2024-07-12,NA,0.0379420412187085,0.0583876508820995
"TER-NFTB-T-15",2024-07-13,NA,0.0578964634916431,0.0434259977642254
"TER-NFTB-T-15",2024-07-14,NA,0.118488948553274,0.194670706877056
"TER-NFTB-T-15",2024-07-15,NA,0.0109537687223665,0.00941752777727139
"TER-NFTB-T-15",2024-07-16,NA,0.0516128958145163,0.0706080446476957
"TER-NFTB-T-15",2024-07-17,NA,0.00700735078105256,0.00947778970879458
"TER-NFTB-T-15",2024-07-18,NA,0.0699182399049085,0.0709846919329933
"TER-NFTB-T-15",2024-07-19,NA,0.167919087826426,0.270153328180611
"TER-NFTB-T-15",2024-07-20,NA,0.14829593783803,0.220530707393285
"TER-NFTB-T-15",2024-07-21,NA,0.129562879493042,0.187411211790449
"TER-NFTB-T-15",2024-07-22,NA,0.103238191311705,0.146983485818795
"TER-NFTB-T-15",2024-07-23,NA,0.140480017334417,0.204955835101588
"TER-NFTB-T-15",2024-07-24,NA,0.0707561021775113,0.12686161484245
"TER-NFTB-T-15",2024-07-25,NA,0.0785286478752977,0.155138602509149
"TER-NFTB-T-15",2024-07-26,NA,0.0546855223633168,0.0790737265579822
"TER-NFTB-T-15",2024-07-27,NA,0.0413350954692904,0.0755264692487202
"TER-NFTB-T-15",2024-07-28,NA,0.112161800269308,0.15326591474881
"TER-NFTB-T-15",2024-07-29,NA,0.137589543586947,0.183086446509972
"TER-NFTB-T-15",2024-07-30,NA,0.0312841691046478,0.0865696427913542
"TER-NFTB-T-15",2024-07-31,NA,0.0835154350581185,0.0916260587525001
"TER-NFTB-T-15",2024-08-01,NA,0.139038769022355,0.196922493693636
"TER-NFTB-T-15",2024-08-02,NA,0.0883196022878062,0.13639809721191
"TER-NFTB-T-15",2024-08-03,NA,0.135613871470036,0.210197738496728
"TER-NFTB-T-15",2024-08-04,NA,0.245930599239201,0.33943862536754
"TER-NFTB-T-15",2024-08-05,NA,0.180247623631448,0.277281163163531
"TER-NFTB-T-15",2024-08-06,NA,0.0193973166514092,0.0153952415765519
"TER-NFTB-T-15",2024-08-07,NA,0.106622458016953,0.123074390710567
"TER-NFTB-T-15",2024-08-08,NA,0.166864370096537,0.25000049800482
"TER-NFTB-T-15",2024-08-09,NA,0.106154678897422,0.181761530232096
"TER-NFTB-T-15",2024-08-10,NA,0.0699274586378302,0.105164215905869
"TER-NFTB-T-15",2024-08-11,NA,0.0638303909028093,0.0778729177634627
"TER-NFTB-T-15",2024-08-12,NA,0.192475024824734,0.272847469767839
"TER-NFTB-T-15",2024-08-13,NA,0.157262583727022,0.213939542326454
"TER-NFTB-T-15",2024-08-14,NA,0.07142795393643,0.126737624606959
"TER-NFTB-T-15",2024-08-15,NA,0.117290189620695,0.175290427215387
"TER-NFTB-T-15",2024-08-16,NA,0.135158045697473,0.203568390759417
"TER-NFTB-T-15",2024-08-17,NA,0.128001739511727,0.190869727612583
"TER-NFTB-T-15",2024-08-18,NA,0.0834530900432365,0.155658357053364
"TER-NFTB-T-15",2024-08-19,NA,0.218989489219559,0.296643433867396
"TER-NFTB-T-15",2024-08-20,NA,0.0225937901932035,0.0296962479439845
"TER-NFTB-T-15",2024-08-21,NA,0.025645808437829,0.0340651017544237
"TER-NFTB-T-15",2024-08-22,NA,0.137005870539972,0.221137430443083
"TER-NFTB-T-15",2024-08-23,NA,NA,NA
"TER-NFTB-T-15",2024-08-24,NA,0.095652208251706,0.144854445643157
"TER-NFTB-T-15",2024-08-25,NA,0.11601859898547,0.232264459711692
"TER-NFTB-T-15",2024-08-26,NA,0.00918725231350731,0.0189615085458016
"TER-NFTB-T-15",2024-08-27,NA,0.0654241700943838,0.037245771123086
"TER-NFTB-T-15",2024-08-28,NA,0.119518558734492,0.21452297296963
"TER-NFTB-T-15",2024-08-29,NA,0.0757236522446095,0.16819229397805
"TER-NFTB-T-15",2024-08-30,NA,0.128358560823028,0.235850454102296
"TER-NFTB-T-15",2024-08-31,NA,0.0716719669468383,0.138406403073442
"TER-NFTB-T-15",2024-09-01,NA,0.0542719654115402,0.0323477191561538
"TER-NFTB-T-15",2024-09-02,NA,0.0895349949846893,0.11100709752542
"TER-NFTB-T-15",2024-09-03,NA,0.132532738269042,0.182888304509149
"TER-NFTB-T-15",2024-09-04,NA,0.104145935380657,0.150055490017622
"TER-NFTB-T-15",2024-09-05,NA,0.0949859713071143,0.136001150927895
"TER-NFTB-T-15",2024-09-06,NA,0.0944365135779626,0.131696484292439
"TER-NFTB-T-15",2024-09-07,NA,0.0687842633477344,0.0954119804410037
"TER-NFTB-T-15",2024-09-08,NA,0.0135429474573251,0.0179474452757092
"TER-NFTB-T-15",2024-09-09,NA,0.0345218013074837,0.0295916435174045
"TER-NFTB-T-15",2024-09-10,NA,0.00959089386866069,0.0153518622651102
"TER-NFTB-T-15",2024-09-11,NA,NA,NA
"TER-NFTB-T-15",2024-09-12,NA,0.0720145351556824,0.13746158316969
"TER-NFTB-T-15",2024-09-13,NA,0.0852232797084149,0.151974435541385
"TER-NFTB-T-15",2024-09-14,NA,0.0573661833469342,0.121539566698467
"TER-NFTB-T-15",2024-09-15,NA,0.0805414173472651,0.159749679310152
"TER-NFTB-T-15",2024-09-16,NA,0.0118464973868497,0.00938985113974333
"TER-NFTB-T-15",2024-09-17,NA,0.0934364178477298,0.117179476022032
"TER-NFTB-T-15",2024-09-18,NA,0.0981633108024567,0.137911723677954
"TER-NFTB-T-15",2024-09-19,NA,0.0622715404991456,0.0837879863027375
"TER-NFTB-T-15",2024-09-20,NA,0.0141770253796432,0.0260274749227932
"TER-NFTB-T-15",2024-09-21,NA,0.0242866044521005,0.110705791133683
"TER-NFTB-T-15",2024-09-22,NA,0.0395726206198226,0.0743776065431539
"TER-NFTB-T-15",2024-09-23,NA,0.0702131903354814,0.121343791030194
"TER-NFTB-T-15",2024-09-24,NA,0.0291314349104121,0.0425714263665332
"TER-NFTB-T-15",2024-09-25,NA,0.0135605184543105,0.0174123398381062
"TER-NFTB-T-15",2024-09-26,NA,0.0330426621616215,0.0749077216669727
"TER-NFTB-T-15",2024-09-27,NA,0.00953192165746567,0.0118429927821761
"TER-NFTB-T-15",2024-09-28,NA,0.0103598061008087,0.0102512015887524
"TER-NFTB-T-15",2024-09-29,NA,0,0.00465101296734472
"TER-NFTB-T-15",2024-09-30,NA,0.0104781198024262,0.00441377780074563
"TER-NFTB-T-15",2024-10-01,NA,0.00602296074100666,0.00430760454584401
"TER-NFTB-T-15",2024-10-02,NA,0.00347214421113836,0.00315995748705072
"TER-NFTB-T-15",2024-10-03,NA,0.00498869115132327,0.00384159148641451
"TER-NFTB-T-15",2024-10-04,NA,0.0058650380122315,0.00963636988201215
"TER-NFTB-T-15",2024-10-05,NA,0.0308614972571447,0.022233294903255
"TER-NFTB-T-15",2024-10-06,NA,0.0786749789316086,0.0955045377086333
"TER-NFTB-T-15",2024-10-07,NA,0.0385544154266782,0.057991378386119
"TER-NFTB-T-15",2024-10-08,NA,0.0524447611634186,0.0601290360629423
"TER-NFTB-T-15",2024-10-09,NA,0.0112208554539982,0.0111444214128629
"TER-NFTB-T-15",2024-10-10,NA,0.00652804178664544,0.010309786495652
"TER-NFTB-T-15",2024-10-11,NA,0.100484465508903,0.12035405919861
"TER-NFTB-T-15",2024-10-12,NA,0.0707198834893143,0.103384207205572
"TER-NFTB-T-15",2024-10-13,NA,0.00899482503151312,0.0132693906732953
"TER-NFTB-T-15",2024-10-14,NA,0.00446933031615307,0.00417185491058299
"TER-NFTB-T-15",2024-10-15,NA,0.0611626523867899,0.0501531738146223
"TER-NFTB-T-15",2024-10-16,NA,0.0902466007472513,0.0942674054961516
"TER-NFTB-T-15",2024-10-17,NA,0.0400205792001207,0.0627048506043711
"TER-NFTB-T-15",2024-10-18,NA,0.030680903521426,0.0425051913414671
"TER-NFTB-T-15",2024-10-19,NA,0.00501566461134586,0.00595832504992135
"TER-NFTB-T-15",2024-10-20,NA,0.0278312356485205,0.0116074953514934
"TER-NFTB-T-15",2024-10-21,NA,0.0732261244706236,0.113413254610829
"TER-NFTB-T-15",2024-10-22,NA,0.0300373330779491,0.0488388414814974
"TER-NFTB-T-15",2024-10-23,NA,0.00606272417459214,0.013524659512402
"TER-NFTB-T-15",2024-10-24,NA,0.0718771096771429,0.117125489201559
"TER-NFTB-T-15",2024-10-25,NA,0.0784405584016484,0.102482175001097
"TER-NFTB-T-15",2024-10-26,NA,0.0498214451369251,0.0750031895484916
"TER-NFTB-T-15",2024-10-27,NA,0.0204325345687227,0.0356159636679575
"TER-NFTB-T-15",2024-10-28,NA,0.0782229107825799,0.102824181525391
"TER-NFTB-T-15",2024-10-29,NA,0.00733577740604716,0.0173689281404815
"TER-NFTB-T-15",2024-10-30,NA,0.00399895068635159,0.0124147355650791
"TER-NFTB-T-15",2024-10-31,NA,0.00187339126280437,0.00825438013270492
"TER-NFTB-T-15",2024-11-01,NA,0.00420841795684291,0.00756733732712082
"TER-NFTB-T-15",2024-11-02,NA,0.007860125032672,0.00685470914414523
"TER-NFTB-T-15",2024-11-03,NA,0.00423128196915064,0.00406863152493915
"TER-NFTB-T-15",2024-11-04,NA,0.00654258337482987,0.0102358180427403
"TER-NFTB-T-15",2024-11-05,NA,0.0040421531643019,0.00932682965123857
"TER-NFTB-T-15",2024-11-06,NA,0.0283066629052193,0.00885904788209162
"TER-NFTB-T-15",2024-11-07,NA,0.0170644380421177,0.0210078080196973
"TER-NFTB-T-15",2024-11-08,NA,0.00606671537493552,0.00777625369306867
"TER-NFTB-T-15",2024-11-09,NA,0.00386926676460211,0.00610361321168777
"TER-NFTB-T-15",2024-11-10,NA,0.00026352243575135,0.00297891496815525
"TER-NFTB-T-15",2024-11-11,NA,0.00428894590642538,0.0032014006410532
"TER-NFTB-T-15",2024-11-12,NA,0.000206382206081905,0.0019441738531052
"TER-NFTB-T-15",2024-11-13,NA,0.00289575723738868,0.00630968197444651
"TER-NFTB-T-15",2024-11-14,NA,0.00471172807747624,0.00277638313091792
"TER-NFTB-T-15",2024-11-15,NA,0.021315798001994,0.0177638555488151
"TER-NFTB-T-15",2024-11-16,NA,0.0147202821699668,0.0229303425620146
"TER-NFTB-T-15",2024-11-17,NA,0.0146034109309093,0.0187909135048551
"TER-NFTB-T-15",2024-11-18,NA,0.000126940191381794,0.0041734271393032
"TER-NFTB-T-15",2024-11-19,NA,0.00157715313206824,0.00533253713632658
"TER-NFTB-T-15",2024-11-20,NA,0.00372579432584387,0.00551283273712933
"TER-NFTB-T-15",2024-11-21,NA,0.00413030846048518,0.00562824149781233
"TER-NFTB-T-15",2024-11-22,NA,0.00288343548340243,0.00644003453847487
"TER-NFTB-T-15",2024-11-23,NA,0.00454779151470192,0.0066564968307786
"TER-NFTB-T-15",2024-11-24,NA,0.0387961058268773,0.0235785561581916
"TER-NFTB-T-15",2024-11-25,NA,0.0214935979376073,0.0205512507023717
"TER-NFTB-T-15",2024-11-26,NA,0.00647388325035419,0.00965121718340827
"TER-NFTB-T-15",2024-11-27,NA,0.0056127381448158,0.00971960822744257
"TER-NFTB-T-15",2024-11-28,NA,0.0251384353921443,0.0267707963804996
"TER-NFTB-T-15",2024-11-29,NA,0.0166154698528331,0.0270279163824135
"TER-NFTB-T-15",2024-11-30,NA,0.010513515716555,0.0208129494474945
"TER-NFTB-T-15",2024-12-01,NA,0.00733475579456239,0.0238898322956936
"TER-NFTB-T-15",2024-12-02,NA,0.0403001867391372,0.0401211573912077
"TER-NFTB-T-15",2024-12-03,NA,0.0137841927919712,0.0327989489916726
"TER-NFTB-T-15",2024-12-04,NA,0.0207717027221391,0.0388311144896778
"TER-NFTB-T-15",2024-12-05,NA,0.0188053880202873,0.0296424945553121
"TER-NFTB-T-15",2024-12-06,NA,0.00552346613960272,0.012749117865455
"TER-NFTB-T-15",2024-12-07,NA,0.00411379022148038,0.00931202425150963
"TER-NFTB-T-15",2024-12-08,NA,0.00322661996794369,0.00789232576207032
"TER-NFTB-T-15",2024-12-09,NA,0.00140711754216766,0.00356598411342183
"TER-NFTB-T-15",2024-12-10,NA,0.00128938751941312,0.0032887179259794
"TER-NFTB-T-15",2024-12-11,NA,0.000784469180698987,0.00407952677495454
"TER-NFTB-T-15",2024-12-12,NA,0.003457162209105,0.00686077373204533
"TER-NFTB-T-15",2024-12-13,NA,0.000558806232119159,0.00245013907599694
"TER-NFTB-T-15",2024-12-14,NA,0.0290347465095809,0.0102452466670021
"TER-NFTB-T-15",2024-12-15,NA,NA,NA
"TER-NFTB-T-15",2024-12-16,NA,0.00495685530315503,0.00815041137096368
"TER-NFTB-T-15",2024-12-17,NA,0.00350950110236524,0.0202571001484179
"TER-NFTB-T-15",2024-12-18,NA,0.00463746256395495,0.0189509665275769
"TER-NFTB-T-15",2024-12-19,NA,0.00614555555859731,0.00342266103741505
"TER-NFTB-T-15",2024-12-20,NA,0.00621916898877075,0.00758754196229776
"TER-NFTB-T-15",2024-12-21,NA,0.00428453284661729,0.00338793170857975
"TER-NFTB-T-15",2024-12-22,NA,0.00392007913376363,0.00250149115929258
"TER-NFTB-T-15",2024-12-23,NA,0.00408841252894953,0.00299591940954897
"TER-NFTB-T-15",2024-12-24,NA,0.00494098506408837,0.00459240608325962
"TER-NFTB-T-15",2024-12-25,NA,0.00848152717899421,0.00563984081753139
"TER-NFTB-T-15",2024-12-26,NA,0.0062897933757571,0.00457862181338538
"TER-NFTB-T-15",2024-12-27,NA,0.00443545681254224,0.00488009265957085
"TER-NFTB-T-15",2024-12-28,NA,0.00568283698809579,0.00993218247962183
"TER-NFTB-T-15",2024-12-29,NA,0.00865848818885898,0.0222945451034137
"TER-NFTB-T-15",2024-12-30,NA,0.00627613907274428,0.0157820257364459
"TER-NFTB-T-15",2024-12-31,NA,0.00386881986824455,0.00429172668452984
"TER-NFTB-T-15",2025-01-01,NA,0.0052075135860847,0.00538172728049038
"TER-NFTB-T-15",2025-01-02,NA,0.00112156085624323,0.004451802293381
"TER-NFTB-T-15",2025-01-03,NA,0.00455437070725373,0.00648665705562717
"TER-NFTB-T-15",2025-01-04,NA,0.00357645173610088,0.00339938098361442
"TER-NFTB-T-15",2025-01-05,NA,0.027400682438975,0.0430791411331065
"TER-NFTB-T-15",2025-01-06,NA,0.00526671156590999,0.0034396852027549
"TER-NFTB-T-15",2025-01-07,NA,0.00882812919306505,0.0225917776918624
"TER-NFTB-T-15",2025-01-08,NA,0.00750096385910409,0.00643301435701036
"TER-NFTB-T-15",2025-01-09,NA,0.00157350645187108,0.0021635720304829
"TER-NFTB-T-15",2025-01-10,NA,0.00227300167175988,0.0039704719051498
"TER-NFTB-T-15",2025-01-11,NA,0.000742040863287908,0.000989387817717134
"TER-NFTB-T-15",2025-01-12,NA,0.00372006839664629,0.00476996081384776
"TER-NFTB-T-15",2025-01-13,NA,0.00157395497234524,0.00550273896843759
"TER-NFTB-T-15",2025-01-14,NA,0.000712495620730581,0.0044061821653737
"TER-NFTB-T-15",2025-01-15,NA,0.00148871740718793,0.00719274904188525
"TER-NFTB-T-15",2025-01-16,NA,0.000322299199385619,0.000429732265847444
"TER-NFTB-T-15",2025-01-17,NA,0.00622316685023288,0.0090980431227422
"TER-NFTB-T-15",2025-01-18,NA,0.0268055705416595,0.0389406044025742
"TER-NFTB-T-15",2025-01-19,NA,0.00693926581384448,0.00448253261166821
"TER-NFTB-T-15",2025-01-20,NA,0.00314554437693628,0.00150445282553533
"TER-NFTB-T-15",2025-01-21,NA,0.00269544817630378,0.00395871205811887
"TER-NFTB-T-15",2025-01-22,NA,0.0380470520935676,0.0522131267849026
"TER-NFTB-T-15",2025-01-23,NA,0.00438680910447871,0.00569887664097352
"TER-NFTB-T-15",2025-01-24,NA,0.00544998253515403,0.0066617227034254
"TER-NFTB-T-15",2025-01-25,NA,0.00791175303818844,0.0092101788599558
"TER-NFTB-T-15",2025-01-26,NA,0.0229209257700689,0.00634796063540501
"TER-NFTB-T-15",2025-01-27,NA,0.0323025550759382,0.0361212829337354
"TER-NFTB-T-15",2025-01-28,NA,0.00570195537318095,0.0114429753205154
"TER-NFTB-T-15",2025-01-29,NA,0.0118468856477354,0.00667862735477785
"TER-NFTB-T-15",2025-01-30,NA,0.00377996079038993,0.00480852807490786
"TER-NFTB-T-15",2025-01-31,NA,0.00258311814356524,0.00279620529630099
"TER-NFTB-T-15",2025-02-01,NA,0.00832215628593274,0.00997945973694939
"TER-NFTB-T-15",2025-02-02,NA,0.00647523317869227,0.00851816953145337
"TER-NFTB-T-15",2025-02-03,NA,0.00665801824781438,0.00625381837365251
"TER-NFTB-T-15",2025-02-04,NA,0.00523994585802827,0.00734579896412651
"TER-NFTB-T-15",2025-02-05,NA,0.00425136978802058,0.00255194382068704
"TER-NFTB-T-15",2025-02-06,NA,0.00378499880444914,0.00357608274242854
"TER-NFTB-T-15",2025-02-07,NA,0.00840526765856721,0.00524819027317465
"TER-NFTB-T-15",2025-02-08,NA,0.00219706355865514,0.00411332435878445
"TER-NFTB-T-15",2025-02-09,NA,0.00176874781831646,0.00322924885478271
"TER-NFTB-T-15",2025-02-10,NA,0.00389978235921215,0.00642739724982243
"TER-NFTB-T-15",2025-02-11,NA,0.00461001518807387,0.00548522569700109
"TER-NFTB-T-15",2025-02-12,NA,0.00494240558826586,0.00389358375472656
"TER-NFTB-T-15",2025-02-13,NA,0.00433159067354573,0.00409731849335392
"TER-NFTB-T-15",2025-02-14,NA,0.00527555137121759,0.00414638616766822
"TER-NFTB-T-15",2025-02-15,NA,0.00630497207812357,0.00696139785817452
"TER-NFTB-T-15",2025-02-16,NA,0.00520398082528124,0.00610888551939198
"TER-NFTB-T-15",2025-02-17,NA,0.00396553893349647,0.00242769191184926
"TER-NFTB-T-15",2025-02-18,NA,0.00935528549744669,0.0195328360692996
"TER-NFTB-T-15",2025-02-19,NA,0.00463461548731678,0.00349221187496545
"TER-NFTB-T-15",2025-02-20,NA,0.0081752809089654,0.00511901316862044
"TER-NFTB-T-15",2025-02-21,NA,0.018044254725336,0.0293591292051563
"TER-NFTB-T-15",2025-02-22,NA,0.00430626117237592,0.0023121706351914
"TER-NFTB-T-15",2025-02-23,NA,0.00603526710108269,0.00418705510152331
"TER-NFTB-T-15",2025-02-24,NA,0.0521734951654454,0.0435650286357243
"TER-NFTB-T-15",2025-02-25,NA,0.0110173459684023,0.0191433235272352
"TER-NFTB-T-15",2025-02-26,NA,0.0386558207796129,0.0334712735103876
"TER-NFTB-T-15",2025-02-27,NA,0.0662318356195628,0.103882991499544
"TER-NFTB-T-15",2025-02-28,NA,0.0152865238631407,0.0281962223201266
"TER-NFTB-T-15",2025-03-01,NA,0.0572862355461382,0.0732206800941
"TER-NFTB-T-15",2025-03-02,NA,0.0538948313865215,0.0687555735391511
"TER-NFTB-T-15",2025-03-03,NA,0.174438089727649,0.173530373693594
"TER-NFTB-T-15",2025-03-04,NA,0.01302855750087,0.0249750511643253
"TER-NFTB-T-15",2025-03-05,NA,0.0227882327358598,0.0410345105930728
"TER-NFTB-T-15",2025-03-06,NA,0.0179903423378399,0.0207357770685131
"TER-NFTB-T-15",2025-03-07,NA,0.0402202456034651,0.0434361243847791
"TER-NFTB-T-15",2025-03-08,NA,0.0250448952600164,0.0253896156496895
"TER-NFTB-T-15",2025-03-09,NA,0.0123609361036735,0.00571803821453461
"TER-NFTB-T-15",2025-03-10,NA,0.00796637659914871,0.0112167450880635
"TER-NFTB-T-15",2025-03-11,NA,0.00856958434459534,0.00653691706856096
"TER-NFTB-T-15",2025-03-12,NA,0.0225021893970724,0.0280208450297707
"TER-NFTB-T-15",2025-03-13,NA,0.0146108868406363,0.0140687156670493
"TER-NFTB-T-15",2025-03-14,NA,0.0021214515132958,0.00261810100884503
"TER-NFTB-T-15",2025-03-15,NA,0.00809414555947905,0.00788211863177637
"TER-NFTB-T-15",2025-03-16,NA,0.0493279574165707,0.0614693201730606
"TER-NFTB-T-15",2025-03-17,NA,0.0347584773858603,0.0435936734287387
"TER-NFTB-T-15",2025-03-18,NA,0.00916612760511262,0.0102705172868023
"TER-NFTB-T-15",2025-03-19,NA,0.0486251405420475,0.0674594125894024
"TER-NFTB-T-15",2025-03-20,NA,0.0238720505927287,0.0289917739435304
"TER-NFTB-T-15",2025-03-21,NA,0.0509462403706866,0.0690249854817431
"TER-NFTB-T-15",2025-03-22,NA,0.0654963927063089,0.115313161596838
"TER-NFTB-T-15",2025-03-23,NA,0.0655901373432833,0.103499732346538
"TER-NFTB-T-15",2025-03-24,NA,0.0371895081729741,0.0740515172966697
"TER-NFTB-T-15",2025-03-25,NA,0.00612504979140175,0.0172648359013171
"TER-NFTB-T-15",2025-03-26,NA,0.0439985750212276,0.0749121007708435
"TER-NFTB-T-15",2025-03-27,NA,0.0602861681443945,0.0846318626604114
"TER-NFTB-T-15",2025-03-28,NA,0.0531282643298383,0.0634633452300637
"TER-NFTB-T-15",2025-03-29,NA,0.0149990623493592,0.042690687958083
"TER-NFTB-T-15",2025-03-30,NA,0.0344398891512509,0.0547449846080197
"TER-NFTB-T-15",2025-03-31,NA,0.0424641258769463,0.0499481866935306
"TER-NFTB-T-15",2025-04-01,NA,0.0375358744943927,0.0366472199971249
"TER-NFTB-T-15",2025-04-02,NA,0.0388320183078822,0.0473508576348331
"TER-NFTB-T-15",2025-04-03,NA,0.0330061933936016,0.040860932103841
"TER-NFTB-T-15",2025-04-04,NA,0.0064322136813087,0.0102712193735936
"TER-NFTB-T-15",2025-04-05,NA,0.00664154152536693,0.00782971656431441
"TER-NFTB-T-15",2025-04-06,NA,0.00251048720248721,0.00169235611044416
"TER-NFTB-T-15",2025-04-07,NA,0.00270142207113562,0.00458569704869329
"TER-NFTB-T-15",2025-04-08,NA,0.00363412190867379,0.00451155246712007
"TER-NFTB-T-15",2025-04-09,NA,0.00350454582258966,0.00631751042223466
"TER-NFTB-T-15",2025-04-10,NA,0.00107303049975994,0.00158885835873047
"TER-NFTB-T-15",2025-04-11,NA,0.000939153465286232,0.0036031169644971
"TER-NFTB-T-15",2025-04-12,NA,0.00332926635605888,0.00640287746289587
"TER-NFTB-T-15",2025-04-13,NA,0.011662769683644,0.0247647707871828
"TER-NFTB-T-15",2025-04-14,NA,0.076910695814925,0.101598044313756
"TER-NFTB-T-15",2025-04-15,NA,0.0576589475471251,0.0874251626557079
"TER-NFTB-T-15",2025-04-16,NA,0.00741566393320257,0.0113064189088346
"TER-NFTB-T-15",2025-04-17,NA,0.0263724346819214,0.0368515390398104
"TER-NFTB-T-15",2025-04-18,NA,0.029105572719886,0.00941676099452765
"TER-NFTB-T-15",2025-04-19,NA,0.08565777677669,0.117877470183951
"TER-NFTB-T-15",2025-04-20,NA,0.0163919309844161,0.0173093777823377
"TER-NFTB-T-15",2025-04-21,NA,0.120289815400998,0.173549185948456
"TER-NFTB-T-15",2025-04-22,NA,0.0716506301096188,0.101855433819292
"TER-NFTB-T-15",2025-04-23,NA,0.00517260479512378,0.00780100203561376
"TER-NFTB-T-15",2025-04-24,NA,0.088658430054421,0.115884251864575
"TER-NFTB-T-15",2025-04-25,NA,0.084763391749091,0.131484113638703
"TER-NFTB-T-15",2025-04-26,NA,0.0379281661190655,0.0636972943701241
"TER-NFTB-T-15",2025-04-27,NA,0.0302005201432388,0.0137914950604114
"TER-NFTB-T-15",2025-04-28,NA,0.0491377030149463,0.0576268543302443
"TER-NFTB-T-15",2025-04-29,NA,0.0496268557107706,0.0618761408420223
"TER-NFTB-T-15",2025-04-30,NA,0.00313875416588564,0.00393232988549265
"TER-NFTB-T-15",2025-05-01,NA,0.00662967808821515,0.00879203436821057
"TER-NFTB-T-15",2025-05-02,NA,0.00598272122508645,0.00535660304235704
"TER-NFTB-T-15",2025-05-03,NA,0.00613981934128488,0.00608852979298645
"TER-NFTB-T-15",2025-05-04,NA,0.00657433047322522,0.00511216803408118
"TER-NFTB-T-15",2025-05-05,NA,0.0119619281115553,0.0185754624771518
"TER-NFTB-T-15",2025-05-06,NA,0.00437847638891522,0.00459257089839333
"TER-NFTB-T-15",2025-05-07,NA,0.00487227899567465,0.00562544272553221
"TER-NFTB-T-15",2025-05-08,NA,0.00441542576393355,0.00587511295968762
"TER-NFTB-T-15",2025-05-09,NA,0.00624768731667482,0.00945855624238021
"TER-NFTB-T-15",2025-05-10,NA,0.102444955711034,0.172139799144305
"TER-NFTB-T-15",2025-05-11,NA,0.0409209467964214,0.0679014042237781
"TER-NFTB-T-15",2025-05-12,NA,0.0384067822148539,0.04599711336753
"TER-NFTB-T-15",2025-05-13,NA,0.0764837626181607,0.0937085033524845
"TER-NFTB-T-15",2025-05-14,NA,0.00123870184208261,0.00250696782280686
"TER-NFTB-T-15",2025-05-15,NA,0.00379420997112123,0.00529435554352944
"TER-NFTB-T-15",2025-05-16,NA,0.0237766566281435,0.0449324980593117
"TER-NFTB-T-15",2025-05-17,NA,0.0704740557882215,0.108426191499128
"TER-NFTB-T-15",2025-05-18,NA,0.0263592002783757,0.0345833305319484
"TER-NFTB-T-15",2025-05-19,NA,0.00225765035121993,0.00541795012522053
"TER-NFTB-T-15",2025-05-20,NA,0.0352043105154487,0.0667654085102173
"TER-NFTB-T-15",2025-05-21,NA,0.104996456447416,0.137133175311874
"TER-NFTB-T-15",2025-05-22,NA,0.0372592215552026,0.0630893655512466
"TER-NFTB-T-15",2025-05-23,NA,0.0523946218051195,0.107493615490274
"TER-NFTB-T-15",2025-05-24,NA,0.0679738439471229,0.0870734223718011
"TER-NFTB-T-15",2025-05-25,NA,0.0388092282061943,0.0742263974808848
"TER-NFTB-T-15",2025-05-26,NA,0.101091344720173,0.150143359413297
"TER-NFTB-T-15",2025-05-27,NA,0.0447398598130459,0.0742264629569378
"TER-NFTB-T-15",2025-05-28,NA,0.0194547698578788,0.028516203047643
"TER-NFTB-T-15",2025-05-29,NA,0.00495247936730565,0.0113660432090248
"TER-NFTB-T-15",2025-05-30,NA,0.031446998943553,0.0434468500982819
"TER-NFTB-T-15",2025-05-31,NA,0.112355649225608,0.14574267456676
"TER-NFTB-T-15",2025-06-01,NA,0.128756542483672,0.159999928541333
"TER-NFTB-T-15",2025-06-02,NA,0.207050838249331,0.280333400890201
"TER-NFTB-T-15",2025-06-03,NA,0.0228376543772215,0.035530975924828
"TER-NFTB-T-15",2025-06-04,NA,0.00686773502366352,0.0114104176200411
"TER-NFTB-T-15",2025-06-05,NA,0.0712196435347404,0.0969781888731286
"TER-NFTB-T-15",2025-06-06,NA,0.0235815137803239,0.0141951256331546
"TER-NFTB-T-15",2025-06-07,NA,0.0333712323143897,0.0178345250697546
"TER-NFTB-T-15",2025-06-08,NA,0.0392272352126654,0.0543620458757408
"TER-NFTB-T-15",2025-06-09,NA,0.0410419292645164,0.0244676298733982
"TER-NFTB-T-15",2025-06-10,NA,0.0556466861625101,0.0678140490782424
"TER-NFTB-T-15",2025-06-11,NA,0.0687951253550323,0.0751801807269243
"TER-NFTB-T-15",2025-06-12,NA,0.0179647560400799,0.0262048245332519
"TER-NFTB-T-18",2023-08-09,0.851241051069021,0.00922190012135767,0.0146041683259018
"TER-NFTB-T-18",2023-08-10,0.369319576454248,0.00844760915878901,0.121208420778138
"TER-NFTB-T-18",2023-08-11,0.465192188413824,0.020124353382353,0.0328893382087227
"TER-NFTB-T-18",2023-08-12,0.106904844397052,0.0107738912878415,0.105026869922968
"TER-NFTB-T-18",2023-08-13,0.226833387306745,0.11338285927968,0.0075168791546293
"TER-NFTB-T-18",2023-08-14,0.810271358837374,0.142914282191171,0.0462821097856428
"TER-NFTB-T-18",2023-08-15,0.266090631582073,0.174720492968051,0.00501303588929379
"TER-NFTB-T-18",2023-08-16,0.496170753039784,0.247976198885816,0.00467501147656014
"TER-NFTB-T-18",2023-08-17,0.25910335423735,0.092896678654131,0.00300404633905741
"TER-NFTB-T-18",2023-08-18,0.318129461956305,0.148471585730833,0.0251906615753136
"TER-NFTB-T-18",2023-08-19,0.0524624308463629,0.207984676085774,0.00960397791821917
"TER-NFTB-T-18",2023-08-20,0.019732266929349,0.0344347864713575,0.00384316792949051
"TER-NFTB-T-18",2023-08-21,0.028613869275727,0.00922641686544827,0.0412047938075667
"TER-NFTB-T-18",2023-08-22,0.297795993284473,0.0725882639360896,0.0637882649258756
"TER-NFTB-T-18",2023-08-23,0.398814463795214,0.0123788529830678,0.00870451382022948
"TER-NFTB-T-18",2023-08-24,0.300229796953079,0.0227422619742373,0.0643607159089851
"TER-NFTB-T-18",2023-08-25,0.497068240517175,0.00371690629771547,0.00680966377895691
"TER-NFTB-T-18",2023-08-26,0.525943293555817,0.0109190299644817,0.00374383674091164
"TER-NFTB-T-18",2023-08-27,0.139885524882128,0.0113541862208952,0.00280625449901625
"TER-NFTB-T-18",2023-08-28,0.0418601835515054,0.00532501609559783,0.0338661738285706
"TER-NFTB-T-18",2023-08-29,NA,0.0124951569513182,0.0387910634410636
"TER-NFTB-T-18",2023-08-30,NA,0.0768299001420484,0.0901635871875223
"TER-NFTB-T-18",2023-08-31,NA,0.0544202067590632,0.0505113837285736
"TER-NFTB-T-18",2023-09-01,NA,0.136096028614856,0.130529447172263
"TER-NFTB-T-18",2023-09-02,NA,0.0532903939031754,0.0357816611288316
"TER-NFTB-T-18",2023-09-03,NA,0.165596015542669,0.113159604384569
"TER-NFTB-T-18",2023-09-04,NA,0.080976609846369,0.0531586329879364
"TER-NFTB-T-18",2023-09-05,NA,0.110909853889769,0.0953662105811899
"TER-NFTB-T-18",2023-09-06,NA,0.00392312271274644,0.0178109815378224
"TER-NFTB-T-18",2023-09-07,NA,0.00671704896686224,0.0645851267300665
"TER-NFTB-T-18",2023-09-08,NA,0.00788478570517922,0.00532331512692155
"TER-NFTB-T-18",2023-09-09,NA,0.11476299117643,0.0693258669970203
"TER-NFTB-T-18",2023-09-10,NA,0.14564043391804,0.0441709867003287
"TER-NFTB-T-18",2023-09-11,NA,0.0752969760368844,0.0890532047283901
"TER-NFTB-T-18",2023-09-12,NA,0.168680789211583,0.0107827113012723
"TER-NFTB-T-18",2023-09-13,NA,0.00937805784317412,0.0897024522736938
"TER-NFTB-T-18",2023-09-14,NA,0.00881117597490759,0.044256354352881
"TER-NFTB-T-18",2023-09-15,NA,0.00941592329890825,0.189511629571262
"TER-NFTB-T-18",2023-09-16,NA,0.102152493915876,0.0335480671758757
"TER-NFTB-T-18",2023-09-17,NA,0.0562592597318515,0.196828756505231
"TER-NFTB-T-18",2023-09-18,NA,0.165198682859573,0.0220047784142971
"TER-NFTB-T-18",2023-09-19,NA,0.0398437579561099,0.0480975906146605
"TER-NFTB-T-18",2023-09-20,NA,0.00714080523557177,0.00561002321371171
"TER-NFTB-T-18",2023-09-21,NA,0.0495648517690701,0.0246421307352296
"TER-NFTB-T-18",2023-09-22,NA,0.166348801910324,0.00456788434164287
"TER-NFTB-T-18",2023-09-23,NA,0.038520670778179,0.0239537138742762
"TER-NFTB-T-18",2023-09-24,NA,0.188729539679791,0.00554262687384616
"TER-NFTB-T-18",2023-09-25,NA,0.129036503418607,0.00173374445505369
"TER-NFTB-T-18",2023-09-26,NA,0.00754877360722707,0.0038286042433356
"TER-NFTB-T-18",2023-09-27,NA,0.010139541725083,0.0040393219198351
"TER-NFTB-T-18",2023-09-28,NA,0.00945878535980296,0.00355828099188205
"TER-NFTB-T-18",2023-09-29,NA,0.00725100963807899,0.137173846674041
"TER-NFTB-T-18",2023-09-30,NA,0.0091882548213094,0.0475916326705221
"TER-NFTB-T-18",2023-10-01,NA,0.065905558618723,NA
"TER-NFTB-T-18",2023-10-02,NA,0.00817853158680973,NA
"TER-NFTB-T-18",2023-10-03,NA,0.00842640146096062,NA
"TER-NFTB-T-18",2023-10-04,NA,0.00780442392821092,NA
"TER-NFTB-T-18",2023-10-05,NA,0.00604857496617965,NA
"TER-NFTB-T-18",2023-10-06,NA,0.0109682527503726,NA
"TER-NFTB-T-18",2023-10-07,NA,0.0128399478454963,NA
"TER-NFTB-T-18",2023-10-08,NA,0.0108136443249009,NA
"TER-NFTB-T-18",2023-10-09,NA,0.00791867740453916,NA
"TER-NFTB-T-18",2023-10-10,NA,0.00865237087399155,NA
"TER-NFTB-T-18",2023-10-11,NA,0.00720251774740944,NA
"TER-NFTB-T-18",2023-10-12,NA,0.00824148121909287,NA
"TER-NFTB-T-18",2023-10-13,NA,0.00438128060336394,NA
"TER-NFTB-T-18",2023-10-14,NA,0.0103673628999107,NA
"TER-NFTB-T-18",2023-10-15,NA,0.00555614395593759,NA
"TER-NFTB-T-18",2023-10-16,NA,0.00498409768813127,NA
"TER-NFTB-T-18",2023-10-17,NA,0.0390098904568259,NA
"TER-NFTB-T-18",2023-10-18,NA,0.00823713685350271,NA
"TER-NFTB-T-18",2023-10-19,NA,0.0130408201071736,NA
"TER-NFTB-T-18",2023-10-20,NA,0.00350015512002204,NA
"TER-NFTB-T-18",2023-10-21,NA,0.00598573498199805,NA
"TER-NFTB-T-18",2023-10-22,NA,0.00681669288497745,NA
"TER-NFTB-T-18",2023-10-23,NA,0.0226118096423479,NA
"TER-NFTB-T-18",2023-10-24,NA,0.00493678699210059,NA
"TER-NFTB-T-18",2023-10-25,NA,0.00485417835095004,NA
"TER-NFTB-T-18",2023-10-26,NA,0.00617449119222172,NA
"TER-NFTB-T-18",2023-10-27,NA,0.0289868707782586,NA
"TER-NFTB-T-18",2023-10-28,NA,0.00229204615598745,NA
"TER-NFTB-T-18",2023-10-29,NA,0.0290096033647762,NA
"TER-NFTB-T-18",2023-10-30,NA,0.103224856868934,NA
"TER-NFTB-T-18",2023-10-31,NA,0.00464860495423618,NA
"TER-NFTB-T-18",2023-11-01,NA,0.0351813381747746,NA
"TER-NFTB-T-18",2023-11-02,NA,0.150726593456197,NA
"TER-NFTB-T-18",2023-11-03,NA,0.0428878480108109,NA
"TER-NFTB-T-18",2023-11-04,NA,0.105418393401806,NA
"TER-NFTB-T-18",2023-11-05,NA,0.00133980901554246,NA
"TER-NFTB-T-18",2023-11-06,NA,0.0837374479986704,NA
"TER-NFTB-T-18",2023-11-07,NA,0.00133980901554246,NA
"TER-NFTB-T-18",2023-11-08,NA,0,NA
"TER-NFTB-T-18",2023-11-09,NA,0.003461340542194,NA
"TER-NFTB-T-18",2023-11-10,NA,0.00265017386511375,NA
"TER-NFTB-T-18",2023-11-11,NA,0.00333669000226445,NA
"TER-NFTB-T-18",2023-11-12,NA,0.00822629570181854,NA
"TER-NFTB-T-18",2023-11-13,NA,0.00645994118032056,NA
"TER-NFTB-T-18",2023-11-14,NA,0.00354867869267136,NA
"TER-NFTB-T-18",2023-11-15,NA,0.00264846201580273,NA
"TER-NFTB-T-18",2023-11-16,NA,0.000218208330589696,NA
"TER-NFTB-T-18",2023-11-17,NA,0.00364775895906677,NA
"TER-NFTB-T-18",2023-11-18,NA,0.00310661667842097,NA
"TER-NFTB-T-18",2023-11-19,NA,0.00371307836265394,NA
"TER-NFTB-T-18",2023-11-20,NA,0.00233099405965694,NA
"TER-NFTB-T-18",2023-11-21,NA,0.000276676543506109,NA
"TER-NFTB-T-18",2023-11-22,NA,0.00280951411504321,NA
"TER-NFTB-T-18",2023-11-23,NA,NA,NA
"TER-NFTB-T-18",2023-11-24,0.00236961180047462,0.00192944726499602,NA
"TER-NFTB-T-18",2023-11-25,0.00424578191422863,0.00489838886131393,NA
"TER-NFTB-T-18",2023-11-26,0.00437208178114639,0.00064822800567265,NA
"TER-NFTB-T-18",2023-11-27,0,0.00720245015661562,NA
"TER-NFTB-T-18",2023-11-28,0,0.001922433983753,NA
"TER-NFTB-T-18",2023-11-29,0,0.00342681251203956,NA
"TER-NFTB-T-18",2023-11-30,NA,NA,NA
"TER-NFTB-T-18",2023-12-01,0,0.0045245847257297,NA
"TER-NFTB-T-18",2023-12-02,0,0.00212936691501451,NA
"TER-NFTB-T-18",2023-12-03,0,0.00734198335677138,NA
"TER-NFTB-T-18",2023-12-04,0,0.0209586024366972,NA
"TER-NFTB-T-18",2023-12-05,0,0.00831351858948693,NA
"TER-NFTB-T-18",2023-12-06,0,0.00292375868508842,NA
"TER-NFTB-T-18",2023-12-07,0.00250663485948199,0.00596678206093436,NA
"TER-NFTB-T-18",2023-12-08,0,0.00385344510758702,NA
"TER-NFTB-T-18",2023-12-09,0.00382037534661107,0.00262626295033947,NA
"TER-NFTB-T-18",2023-12-10,0.00370532001702437,0.00196815722820129,NA
"TER-NFTB-T-18",2023-12-11,0.00226588297267388,0.00337818533084426,NA
"TER-NFTB-T-18",2023-12-12,0.00285580730877903,0.00474647320700541,NA
"TER-NFTB-T-18",2023-12-13,0,0.00477334915561835,NA
"TER-NFTB-T-18",2023-12-14,0,0.00477503492119363,NA
"TER-NFTB-T-18",2023-12-15,0,0.0016856462836526,NA
"TER-NFTB-T-18",2023-12-16,NA,1.41762690046634e-17,NA
"TER-NFTB-T-18",2023-12-17,NA,0.0037204353656799,NA
"TER-NFTB-T-18",2023-12-18,NA,0.00373195586133619,NA
"TER-NFTB-T-18",2023-12-19,NA,0.0017534898476958,NA
"TER-NFTB-T-18",2023-12-20,NA,0.00233042071665941,NA
"TER-NFTB-T-18",2023-12-21,NA,0.00219285984276724,NA
"TER-NFTB-T-18",2023-12-22,NA,0.0035262418065987,NA
"TER-NFTB-T-18",2023-12-23,NA,0.0063592978944449,NA
"TER-NFTB-T-18",2023-12-24,NA,0.00785211063328096,NA
"TER-NFTB-T-18",2023-12-25,NA,0.00447606396500125,NA
"TER-NFTB-T-18",2023-12-26,NA,0.00368309182895497,NA
"TER-NFTB-T-18",2023-12-27,NA,0.00282472095463404,NA
"TER-NFTB-T-18",2023-12-28,NA,0.00236979362861734,NA
"TER-NFTB-T-18",2023-12-29,NA,0.00316973173321636,NA
"TER-NFTB-T-18",2023-12-30,NA,0.00451826780489578,NA
"TER-NFTB-T-18",2023-12-31,NA,0.0057453851948159,NA
"TER-NFTB-T-18",2024-01-01,NA,0.00487847338730731,NA
"TER-NFTB-T-18",2024-01-02,NA,0.00691081418414155,NA
"TER-NFTB-T-18",2024-01-03,NA,0.00313967117479807,NA
"TER-NFTB-T-18",2024-01-04,NA,0.00574048749143464,NA
"TER-NFTB-T-18",2024-01-05,NA,0.00317197376969388,NA
"TER-NFTB-T-18",2024-01-06,NA,0.00297815068762863,NA
"TER-NFTB-T-18",2024-01-07,NA,0.00390557793475364,NA
"TER-NFTB-T-18",2024-01-08,NA,0.010037233538469,NA
"TER-NFTB-T-18",2024-01-09,NA,0.00509866118579711,NA
"TER-NFTB-T-18",2024-01-10,NA,0.00186062559630573,NA
"TER-NFTB-T-18",2024-01-11,NA,0.0020270309244749,NA
"TER-NFTB-T-18",2024-01-12,NA,0.00205784721715072,NA
"TER-NFTB-T-18",2024-01-13,NA,0.000966323138791227,NA
"TER-NFTB-T-18",2024-01-14,NA,0.00219370068239421,NA
"TER-NFTB-T-18",2024-01-15,NA,0.00119728812467693,NA
"TER-NFTB-T-18",2024-01-16,NA,0.00343400614095546,NA
"TER-NFTB-T-18",2024-01-17,NA,0.00203668006643889,NA
"TER-NFTB-T-18",2024-01-18,0,0.000722501434727026,NA
"TER-NFTB-T-18",2024-01-19,0,0.00402262905383119,NA
"TER-NFTB-T-18",2024-01-20,0,0.00324986567746006,NA
"TER-NFTB-T-18",2024-01-21,0.00998237028946455,0.0020371629985945,NA
"TER-NFTB-T-18",2024-01-22,0.0100749659127865,0.000787638719864473,NA
"TER-NFTB-T-18",2024-01-23,0.0027962264988426,NA,NA
"TER-NFTB-T-18",2024-01-24,0.00350569075837239,0.000741191534595391,NA
"TER-NFTB-T-18",2024-01-25,0.00356400907055856,0.00286046931659503,NA
"TER-NFTB-T-18",2024-01-26,0.00282819428640128,0.00158864554793584,NA
"TER-NFTB-T-18",2024-01-27,0.00965684195863801,0.0037264934417251,NA
"TER-NFTB-T-18",2024-01-28,0.00484159127248819,0.00184396333808625,NA
"TER-NFTB-T-18",2024-01-29,0,0.00941503778743492,NA
"TER-NFTB-T-18",2024-01-30,0.00318895134807278,0.00137401665839761,NA
"TER-NFTB-T-18",2024-01-31,0,0.00223560118297226,NA
"TER-NFTB-T-18",2024-02-01,0.00321140784562034,0.00253977012530174,NA
"TER-NFTB-T-18",2024-02-02,0.0070518733913344,0.00216289055173825,NA
"TER-NFTB-T-18",2024-02-03,0.00538919723676248,0.00280792198855585,NA
"TER-NFTB-T-18",2024-02-04,0.00143151361721652,0.00360496654260866,NA
"TER-NFTB-T-18",2024-02-05,0.00877224361430823,0.00130384744504793,NA
"TER-NFTB-T-18",2024-02-06,0.00374006633943014,0.00109630312265722,NA
"TER-NFTB-T-18",2024-02-07,0.00333362791208097,0.00168328036585329,NA
"TER-NFTB-T-18",2024-02-08,0.0141126808529271,0.00368824117322272,NA
"TER-NFTB-T-18",2024-02-09,0,0.00294580505966397,NA
"TER-NFTB-T-18",2024-02-10,0,0.00358500140277857,NA
"TER-NFTB-T-18",2024-02-11,0,0.00108084948646925,NA
"TER-NFTB-T-18",2024-02-12,0.0032835513252756,0.000682977023203676,NA
"TER-NFTB-T-18",2024-02-13,0,0.0011057109318114,NA
"TER-NFTB-T-18",2024-02-14,0,0.00136661393157646,NA
"TER-NFTB-T-18",2024-02-15,0.00152869679052884,0.00328464868564923,0.0123698572561749
"TER-NFTB-T-18",2024-02-16,0.013524224999333,0.00509900624630543,NA
"TER-NFTB-T-18",2024-02-17,0,0.0142174064424758,NA
"TER-NFTB-T-18",2024-02-18,0,0.029226939805511,NA
"TER-NFTB-T-18",2024-02-19,0,0.00287336149846435,NA
"TER-NFTB-T-18",2024-02-20,0,0,NA
"TER-NFTB-T-18",2024-02-21,0,0,NA
"TER-NFTB-T-18",2024-02-22,0,0.018588290527609,NA
"TER-NFTB-T-18",2024-02-23,0.00286302723443308,0.0642465208631565,NA
"TER-NFTB-T-18",2024-02-24,0,0,0.0430562471741483
"TER-NFTB-T-18",2024-02-25,0,0,0.0372509837479556
"TER-NFTB-T-18",2024-02-26,0,0.00209808845334288,0.0489228348414917
"TER-NFTB-T-18",2024-02-27,0,0.0838004659682428,0.127478987017312
"TER-NFTB-T-18",2024-02-28,0,0.0468073969706444,0.104423952723887
"TER-NFTB-T-18",2024-02-29,0,0.0259746212371421,0.0589769070753298
"TER-NFTB-T-18",2024-03-01,0,0.0934963348596881,0.11178725190798
"TER-NFTB-T-18",2024-03-02,0.00392338672121945,0.0814858095518347,0.121582932181075
"TER-NFTB-T-18",2024-03-03,0,0.00859412263995386,0.0305821494549482
"TER-NFTB-T-18",2024-03-04,0,0.0240344502417238,0.0524991039341971
"TER-NFTB-T-18",2024-03-05,0,0,0.0314197082380986
"TER-NFTB-T-18",2024-03-06,0,0.00197611608623793,0.0147526706420226
"TER-NFTB-T-18",2024-03-07,0,0,0.0237108706313811
"TER-NFTB-T-18",2024-03-08,0,0.00569388074094595,0.0419961831359199
"TER-NFTB-T-18",2024-03-09,0,0,0.0251946681557523
"TER-NFTB-T-18",2024-03-10,0,0.00143151361721652,0.0517667751209214
"TER-NFTB-T-18",2024-03-11,0,0,0.00882152143145172
"TER-NFTB-T-18",2024-03-12,0,0.0250299836127932,0.0781156972681608
"TER-NFTB-T-18",2024-03-13,NA,NA,NA
"TER-NFTB-T-18",2024-03-14,0,0,0.0290958252946976
"TER-NFTB-T-18",2024-03-15,0,0,0.016751514884211
"TER-NFTB-T-18",2024-03-16,0,0.0209344167939787,0.0836883113784803
"TER-NFTB-T-18",2024-03-17,0,0.0176690668682925,0.0665999934141268
"TER-NFTB-T-18",2024-03-18,0,0,0.00796209602765839
"TER-NFTB-T-18",2024-03-19,0,0.0420599572129,0.0799125916655634
"TER-NFTB-T-18",2024-03-20,0.00458609037158647,0.106192482714902,0.17148915821361
"TER-NFTB-T-18",2024-03-21,0,0.0223222290797221,0.0748583657735542
"TER-NFTB-T-18",2024-03-22,0,0,0.0147851700773856
"TER-NFTB-T-18",2024-03-23,0,0,0.0215749492110314
"TER-NFTB-T-18",2024-03-24,0,0.0358913322489334,0.0509978496371048
"TER-NFTB-T-18",2024-03-25,0,0.00113279929763735,0.0369208245437772
"TER-NFTB-T-18",2024-03-26,0,0,0.0170398429753124
"TER-NFTB-T-18",2024-03-27,0,0.0265892773535499,0.0706313856700272
"TER-NFTB-T-18",2024-03-28,0,0.000988058043118964,0.0188805015219112
"TER-NFTB-T-18",2024-03-29,0,0,0.0063393453871443
"TER-NFTB-T-18",2024-03-30,0,0,0.00238380065443758
"TER-NFTB-T-18",2024-03-31,0,0.0284434089667586,0.0741751971358729
"TER-NFTB-T-18",2024-04-01,0,0.00157942877147918,0.0447075637963398
"TER-NFTB-T-18",2024-04-02,0,0,0.0133251786545105
"TER-NFTB-T-18",2024-04-03,0,0,0.00109496323984965
"TER-NFTB-T-18",2024-04-04,0,0,0.0226218858709623
"TER-NFTB-T-18",2024-04-05,NA,NA,NA
"TER-NFTB-T-18",2024-04-06,0,0.0333196338738024,0.0640462096178757
"TER-NFTB-T-18",2024-04-07,0,0,0.0132432459167559
"TER-NFTB-T-18",2024-04-08,0,0,0.00492783759213334
"TER-NFTB-T-18",2024-04-09,0,0,0.00516934252715038
"TER-NFTB-T-18",2024-04-10,0,0.00218455239414667,0
"TER-NFTB-T-18",2024-04-11,0,0.00306842821296839,0.0117234556572443
"TER-NFTB-T-18",2024-04-12,0,0.00229405922794058,0.0242111287087188
"TER-NFTB-T-18",2024-04-13,0,0.00229220809670086,0
"TER-NFTB-T-18",2024-04-14,0,0,0
"TER-NFTB-T-18",2024-04-15,0,0.00362468559745025,0
"TER-NFTB-T-18",2024-04-16,0,0.00150331901575057,0
"TER-NFTB-T-18",2024-04-17,0,0.00284161514657666,0.00344896903857728
"TER-NFTB-T-18",2024-04-18,0,0.00318770890611747,0.00979461487557214
"TER-NFTB-T-18",2024-04-19,0,0.0034581914643749,0.0211702260069275
"TER-NFTB-T-18",2024-04-20,0,0.00541930537936114,0.0548260373409734
"TER-NFTB-T-18",2024-04-21,0,0.00296962331162195,0.0342782659811902
"TER-NFTB-T-18",2024-04-22,0,0,0.0242479933381344
"TER-NFTB-T-18",2024-04-23,0,0.00345635383194399,0.00861448917111184
"TER-NFTB-T-18",2024-04-24,0,0.00316730698768619,0.0303620463151931
"TER-NFTB-T-18",2024-04-25,0.0403352359947292,0.0512975668217,0.0917513613269629
"TER-NFTB-T-18",2024-04-26,0,0.00440348898674565,0.039276463901354
"TER-NFTB-T-18",2024-04-27,0.00860355361970039,0.0564260343033566,0.0688504454544249
"TER-NFTB-T-18",2024-04-28,0.0368215598034084,0.106432355731585,0.131938014248788
"TER-NFTB-T-18",2024-04-29,0.0418327305337795,0.121679323931115,0.177374227802363
"TER-NFTB-T-18",2024-04-30,0.0248739292328575,0.0892128186194304,0.134919294498008
"TER-NFTB-T-18",2024-05-01,0,0,0.0140312052358014
"TER-NFTB-T-18",2024-05-02,0,0.00261587517620561,0.00558169686046564
"TER-NFTB-T-18",2024-05-03,0,0.0027702104477168,0.0253257655888898
"TER-NFTB-T-18",2024-05-04,0,0.00381456046011772,0.0865104640340794
"TER-NFTB-T-18",2024-05-05,0,0.0983241986510714,0.20747989708489
"TER-NFTB-T-18",2024-05-06,0,0.00318265816089026,0.00635317317406974
"TER-NFTB-T-18",2024-05-07,0,0.00507152884743754,0.0245219852331794
"TER-NFTB-T-18",2024-05-08,0,0.00382955029545158,0.0599931781296876
"TER-NFTB-T-18",2024-05-09,0,0.102343704069936,0.165435722434624
"TER-NFTB-T-18",2024-05-10,0.0238724926647088,0.135575623050855,0.155071382915582
"TER-NFTB-T-18",2024-05-11,0.0114862985091468,0.0712653253550921,0.151683745267086
"TER-NFTB-T-18",2024-05-12,0.10351000053758,0.228497834037768,0.253895179035737
"TER-NFTB-T-18",2024-05-13,NA,NA,NA
"TER-NFTB-T-18",2024-05-14,0.0104404634611769,0.0511001401206506,0.0911749383927983
"TER-NFTB-T-18",2024-05-15,0.00315885754295842,0.0245531935893897,0.0765797525566763
"TER-NFTB-T-18",2024-05-16,0.00898732221312726,0.0153517104943937,0.0462003513456853
"TER-NFTB-T-18",2024-05-17,0.0105834975982276,0.0335304662122363,0.0749006310782423
"TER-NFTB-T-18",2024-05-18,0.038529829780128,0.112683750392659,0.126502127974419
"TER-NFTB-T-18",2024-05-19,0.0661990370753794,0.119817121994223,0.151156994369784
"TER-NFTB-T-18",2024-05-20,0.00359492888525089,0.0575532111955198,0.116138946811119
"TER-NFTB-T-18",2024-05-21,0,0.00191607253879479,0.0497381205248712
"TER-NFTB-T-18",2024-05-22,0,0.00408298461004115,0.0549814097272011
"TER-NFTB-T-18",2024-05-23,0,0.00463091932572835,0.00297692231503854
"TER-NFTB-T-18",2024-05-24,0,0.00773276146649321,0.0560551838998074
"TER-NFTB-T-18",2024-05-25,0,0.108244837337109,0.162472331995951
"TER-NFTB-T-18",2024-05-26,0.0113299234820997,0.105097071973127,0.138873470905584
"TER-NFTB-T-18",2024-05-27,0.0682980986314114,0.0652395791020624,0.106343897125354
"TER-NFTB-T-18",2024-05-28,0.0260587299366703,0.0430485811142323,0.0951568102993989
"TER-NFTB-T-18",2024-05-29,0,0.00590183918551004,0.0058161702329222
"TER-NFTB-T-18",2024-05-30,0,0.00675968664344967,0.0755545353227742
"TER-NFTB-T-18",2024-05-31,0,0.00565137340607286,0.0218817544957544
"TER-NFTB-T-18",2024-06-01,0,0.00682848836307472,0.0522496478819844
"TER-NFTB-T-18",2024-06-02,0,0.0034866808351928,0.017352521454529
"TER-NFTB-T-18",2024-06-03,0,0.00187117381993615,0.0168309922785289
"TER-NFTB-T-18",2024-06-04,0,0.00326558411648456,0.0149522574757299
"TER-NFTB-T-18",2024-06-05,0,0.00390458244494772,0.00152869679052884
"TER-NFTB-T-18",2024-06-06,0,0.00713689057323426,0.0615209718874963
"TER-NFTB-T-18",2024-06-07,0,0.0114211813018412,0.06594248464094
"TER-NFTB-T-18",2024-06-08,0,0.0163663491990216,0.0856282106687598
"TER-NFTB-T-18",2024-06-09,0,0.00564432429688595,0.0389877755218524
"TER-NFTB-T-18",2024-06-10,0,0.017018691649899,0.0780268585362778
"TER-NFTB-T-18",2024-06-11,0.0382854381861889,0.101945850384688,0.192151105496669
"TER-NFTB-T-18",2024-06-12,0.0104404634611769,0.147127855544697,0.265743323332335
"TER-NFTB-T-18",2024-06-13,0.00315885754295841,0.00870546066088336,0.0471637738429444
"TER-NFTB-T-18",2024-06-14,0.00898732221312726,0.0163003536823241,0.0980319371934146
"TER-NFTB-T-18",2024-06-15,0.0105834975982276,0.0789403193447307,0.193000469147682
"TER-NFTB-T-18",2024-06-16,0.038529829780128,0.05420061706927,0.130653178050034
"TER-NFTB-T-18",2024-06-17,0.0661990370753794,0.0185322288158583,0.0663269127645165
"TER-NFTB-T-18",2024-06-18,0.00359492888525089,0.0595722771311557,0.110362392286661
"TER-NFTB-T-18",2024-06-19,0,0.136123086770155,0.178431012273818
"TER-NFTB-T-18",2024-06-20,0,0.122605592154435,0.220779767713002
"TER-NFTB-T-18",2024-06-21,0,0.159938325399198,0.266300588442686
"TER-NFTB-T-18",2024-06-22,0,0.00639383381063946,0.055690008955475
"TER-NFTB-T-18",2024-06-23,0,0.0136442191251695,0.0745496477586371
"TER-NFTB-T-18",2024-06-24,0.0113299234820997,0.00563668791652105,0.0197069835358662
"TER-NFTB-T-18",2024-06-25,0.0682980986314114,0.0425474502924789,0.159390203702517
"TER-NFTB-T-18",2024-06-26,0.0260587299366703,0.103798123765203,0.234077371464539
"TER-NFTB-T-18",2024-06-27,0,0.0610036823690125,0.138942700659079
"TER-NFTB-T-18",2024-06-28,0,0.0359209258244617,0.145393261524365
"TER-NFTB-T-18",2024-06-29,0,0.0087509583936476,0.0641960026062636
"TER-NFTB-T-18",2024-06-30,0,0.00406668352078554,0.0396308175860035
"TER-NFTB-T-18",2024-07-01,0,0.097262647769852,0.219727410964161
"TER-NFTB-T-18",2024-07-02,0,0.131288244585384,0.297192599862276
"TER-NFTB-T-18",2024-07-03,0,0.0681452334718485,0.158048198606234
"TER-NFTB-T-18",2024-07-04,0,0.106608449005822,0.178755479657975
"TER-NFTB-T-18",2024-07-05,0,0.224976888905036,0.393963465466659
"TER-NFTB-T-18",2024-07-06,0,0.104149805113037,0.197381564984429
"TER-NFTB-T-18",2024-07-07,0,0.147527074302676,0.261675764151001
"TER-NFTB-T-18",2024-07-08,0,0.00906486521053476,0.0343813677675206
"TER-NFTB-T-18",2024-07-09,0,0.00721408128418438,0.0607389749059515
"TER-NFTB-T-18",2024-07-10,NA,0.0953406037434643,0.174065525886257
"TER-NFTB-T-18",2024-07-11,NA,0.00466129482793322,0.0402007030606046
"TER-NFTB-T-18",2024-07-12,NA,0.0103800809629973,0.0872389322215772
"TER-NFTB-T-18",2024-07-13,NA,0.00812446651845427,0.0528736289929864
"TER-NFTB-T-18",2024-07-14,NA,0.0858421959648566,0.224738512894294
"TER-NFTB-T-18",2024-07-15,NA,0.00871474425542209,0.0178526376217684
"TER-NFTB-T-18",2024-07-16,NA,0.0108197779423951,0.0984948127708847
"TER-NFTB-T-18",2024-07-17,NA,0.00568437695707393,0.0185982319285323
"TER-NFTB-T-18",2024-07-18,NA,0.00855216171550051,0.0760979297883643
"TER-NFTB-T-18",2024-07-19,NA,0.0898113993637581,0.210397095128185
"TER-NFTB-T-18",2024-07-20,NA,0.0968029424869503,0.206318106792641
"TER-NFTB-T-18",2024-07-21,NA,0.0856440855819356,0.166233814224081
"TER-NFTB-T-18",2024-07-22,NA,0.0533585921330217,0.102707071232204
"TER-NFTB-T-18",2024-07-23,NA,0.10796255380622,0.193976372425976
"TER-NFTB-T-18",2024-07-24,NA,0.0722641618901747,0.141874291836166
"TER-NFTB-T-18",2024-07-25,NA,0.0923032678820949,0.15938346293329
"TER-NFTB-T-18",2024-07-26,NA,0.0110723253117584,0.0697298496458561
"TER-NFTB-T-18",2024-07-27,NA,0.00982406272489542,0.0577736160733934
"TER-NFTB-T-18",2024-07-28,NA,0.0415200681716158,0.162188882795397
"TER-NFTB-T-18",2024-07-29,NA,0.0585204657859455,0.175198695582732
"TER-NFTB-T-18",2024-07-30,NA,0.0147472167371821,0.101802037256649
"TER-NFTB-T-18",2024-07-31,NA,0.0124833033899367,0.0912833586249429
"TER-NFTB-T-18",2024-08-01,NA,0.0310269883267068,0.136143205320452
"TER-NFTB-T-18",2024-08-02,NA,0.0659518622585868,0.101447890897417
"TER-NFTB-T-18",2024-08-03,NA,0.0779543675017485,0.200653085554399
"TER-NFTB-T-18",2024-08-04,NA,0.150998540836157,0.277960435876633
"TER-NFTB-T-18",2024-08-05,NA,0.16684892813677,0.292944997324027
"TER-NFTB-T-18",2024-08-06,NA,0.00324981992757306,0.0355839469780268
"TER-NFTB-T-18",2024-08-07,NA,0.0129426149031821,0.0983448570301359
"TER-NFTB-T-18",2024-08-08,NA,0.0939401474096928,0.222297191114488
"TER-NFTB-T-18",2024-08-09,NA,0.0783738636181437,0.161904317911097
"TER-NFTB-T-18",2024-08-10,NA,0.0224914654792301,0.10577661348023
"TER-NFTB-T-18",2024-08-11,NA,0.00755915820995355,0.0657057277558253
"TER-NFTB-T-18",2024-08-12,NA,0.151647016267036,0.250095440032459
"TER-NFTB-T-18",2024-08-13,NA,0.110875339875039,0.238400716268006
"TER-NFTB-T-18",2024-08-14,NA,0.0353959418015844,0.11316034170659
"TER-NFTB-T-18",2024-08-15,NA,0.091750222207971,0.164928027953301
"TER-NFTB-T-18",2024-08-16,NA,0.129088380695131,0.207225152823627
"TER-NFTB-T-18",2024-08-17,NA,0.0939109289355501,0.172753799745751
"TER-NFTB-T-18",2024-08-18,NA,0.0869308291233225,0.147110851670734
"TER-NFTB-T-18",2024-08-19,NA,0.16442728237686,0.24206337453285
"TER-NFTB-T-18",2024-08-20,NA,0.00728624684937192,0.0402623166999371
"TER-NFTB-T-18",2024-08-21,NA,0.0101679072368544,0.0499019969484845
"TER-NFTB-T-18",2024-08-22,NA,0.156381477975237,0.228197763908749
"TER-NFTB-T-18",2024-08-23,NA,0.0669832059563638,0.160756240595134
"TER-NFTB-T-18",2024-08-24,NA,0.0473775046425686,0.102814967010111
"TER-NFTB-T-18",2024-08-25,NA,0.147624359827016,0.232244852650473
"TER-NFTB-T-18",2024-08-26,NA,0.0143983755729434,0.0558385131717562
"TER-NFTB-T-18",2024-08-27,NA,0.0219700066357982,0.0959047002908964
"TER-NFTB-T-18",2024-08-28,NA,0.130878587184578,0.205458844906794
"TER-NFTB-T-18",2024-08-29,NA,0.0812292089987064,0.163769974032213
"TER-NFTB-T-18",2024-08-30,NA,0.165477761677832,0.246084577884795
"TER-NFTB-T-18",2024-08-31,NA,0.103758055364045,0.155156366031437
"TER-NFTB-T-18",2024-09-01,NA,0.014652969308491,0.067811828176135
"TER-NFTB-T-18",2024-09-02,NA,0.0389301436343247,0.103948916325225
"TER-NFTB-T-18",2024-09-03,NA,0.0925846513929592,0.142859717109472
"TER-NFTB-T-18",2024-09-04,NA,0.0763130479758357,0.116946040382748
"TER-NFTB-T-18",2024-09-05,NA,0.0974807935810544,0.163211872940248
"TER-NFTB-T-18",2024-09-06,NA,0.0810079035185813,0.105646766757235
"TER-NFTB-T-18",2024-09-07,NA,0.0415081387261093,0.08605906344109
"TER-NFTB-T-18",2024-09-08,NA,0.0109380604940789,0.04797036543516
"TER-NFTB-T-18",2024-09-09,NA,0.0114407566701881,0.0516104626693841
"TER-NFTB-T-18",2024-09-10,NA,0.00661335190392266,0.0400911355328812
"TER-NFTB-T-18",2024-09-11,NA,0.0467316054020866,0.0728325586646555
"TER-NFTB-T-18",2024-09-12,0.0331771917325078,0.180434949912355,0.133873326551047
"TER-NFTB-T-18",2024-09-13,0.0339061933022425,0.170940978169808,0.145769689763217
"TER-NFTB-T-18",2024-09-14,0.0348970391401687,0.0400623724720552,0.0915371686020642
"TER-NFTB-T-18",2024-09-15,0.0544637877871604,0.233986798971678,0.200242735860484
"TER-NFTB-T-18",2024-09-16,0.00307005990085192,0,0.0137798913221098
"TER-NFTB-T-18",2024-09-17,0.0204771944185915,0.0549913033490486,0.110006629410213
"TER-NFTB-T-18",2024-09-18,0.0236735961879418,0.150735162874254,0.105674204966191
"TER-NFTB-T-18",2024-09-19,0.022763195009693,0.0580228236419614,0.0726792734587114
"TER-NFTB-T-18",2024-09-20,0.0125119923258737,0.0372891385505053,0.0539796496144045
"TER-NFTB-T-18",2024-09-21,0.0137177017056759,0.0459215337166738,0.151891761994798
"TER-NFTB-T-18",2024-09-22,0.0124616395322849,0.0459135498418335,0.0884002521222133
"TER-NFTB-T-18",2024-09-23,0.0186318841515562,0.101967211721369,0.149478006992571
"TER-NFTB-T-18",2024-09-24,0.00717467452860726,0,0.0353080822561731
"TER-NFTB-T-18",2024-09-25,0.00941231220781777,0.00809786975153432,0.0369047384807508
"TER-NFTB-T-18",2024-09-26,0.0226607897273793,0,0.0593545282724788
"TER-NFTB-T-18",2024-09-27,0.0114899901907956,0,0.0166190872467646
"TER-NFTB-T-18",2024-09-28,0.00612372992208921,0,0.0253748034695254
"TER-NFTB-T-18",2024-09-29,0.00484357006415692,0,0.0135697127095428
"TER-NFTB-T-18",2024-09-30,0.0032982711672322,0,0.0133796176366725
"TER-NFTB-T-18",2024-10-01,0.00252880457444163,0,0.0105374647204783
"TER-NFTB-T-18",2024-10-02,0.00181069349689514,0,0.0101010594901045
"TER-NFTB-T-18",2024-10-03,0.00634251279939115,0,0.0108768586788958
"TER-NFTB-T-18",2024-10-04,0.0116822026253286,0,0.00876280979910805
"TER-NFTB-T-18",2024-10-05,0.0109982753362253,0.0116384294715688,0.0823664412490831
"TER-NFTB-T-18",2024-10-06,0.00894875448995959,0.0495111854390485,0.0914120520069678
"TER-NFTB-T-18",2024-10-07,0.0175633167682154,0.0111142240661042,0.0580719804403789
"TER-NFTB-T-18",2024-10-08,0.0146110069365888,0.0137721360411924,0.0641706642553581
"TER-NFTB-T-18",2024-10-09,0.0177157716287472,0,0.0133634379000521
"TER-NFTB-T-18",2024-10-10,0.00985285991887948,0,0.0137601888086286
"TER-NFTB-T-18",2024-10-11,0.0056912174892227,0.0489109952740753,0.0793684283086662
"TER-NFTB-T-18",2024-10-12,0.0244894590017844,0.0914224227901276,0.132042644654838
"TER-NFTB-T-18",2024-10-13,0.0124422599740246,0,0.0147959850001658
"TER-NFTB-T-18",2024-10-14,0.00535632126355745,0,0.0106976887629622
"TER-NFTB-T-18",2024-10-15,0.00593636280769819,0,0.0407716194044506
"TER-NFTB-T-18",2024-10-16,0.00982426625077996,0.0868301042498848,0.122252096337074
"TER-NFTB-T-18",2024-10-17,0.00942695936265931,0.0274283020198471,0.0676575297366471
"TER-NFTB-T-18",2024-10-18,NA,0,0.0414711896254366
"TER-NFTB-T-18",2024-10-19,NA,0,0.00336536767586744
"TER-NFTB-T-18",2024-10-20,NA,0,0.0185304266026043
"TER-NFTB-T-18",2024-10-21,NA,0.0329510367736908,0.0942582416290381
"TER-NFTB-T-18",2024-10-22,NA,0.00163163488774991,0.0297171254865191
"TER-NFTB-T-18",2024-10-23,NA,0,0.00803614300263055
"TER-NFTB-T-18",2024-10-24,NA,0.0192407355546245,0.0852966993914474
"TER-NFTB-T-18",2024-10-25,NA,0.0806352268105349,0.125581869957346
"TER-NFTB-T-18",2024-10-26,NA,0.0472876039601903,0.0573182016477602
"TER-NFTB-T-18",2024-10-27,NA,0.0126670511430501,0.0245551365988321
"TER-NFTB-T-18",2024-10-28,NA,0.0457625559457156,0.0562670366037976
"TER-NFTB-T-18",2024-10-29,NA,0,0.0126340398851933
"TER-NFTB-T-18",2024-10-30,NA,0,0.00962300201919844
"TER-NFTB-T-18",2024-10-31,NA,0,0.0100702930427519
"TER-NFTB-T-18",2024-11-01,NA,0,0.00546095768827234
"TER-NFTB-T-18",2024-11-02,NA,0,0.01622913957018
"TER-NFTB-T-18",2024-11-03,NA,0.0198365084763501,0.00505678630287762
"TER-NFTB-T-18",2024-11-04,NA,0.0129717749403203,0.0264442549173513
"TER-NFTB-T-18",2024-11-05,NA,0.00799381922278094,0.00806991915747411
"TER-NFTB-T-18",2024-11-06,NA,0.00589703293845138,0.0105553998699747
"TER-NFTB-T-18",2024-11-07,NA,0.00878174503755578,0.057170568338931
"TER-NFTB-T-18",2024-11-08,NA,NA,0.00623265520321273
"TER-NFTB-T-18",2024-11-09,NA,NA,0.0112658838427074
"TER-NFTB-T-18",2024-11-10,NA,NA,0.00420838033571258
"TER-NFTB-T-18",2024-11-11,NA,NA,0.00544460369504501
"TER-NFTB-T-18",2024-11-12,NA,NA,0.00109449588555983
"TER-NFTB-T-18",2024-11-13,NA,NA,0.00623731615224063
"TER-NFTB-T-18",2024-11-14,NA,NA,0.00411886867470343
"TER-NFTB-T-18",2024-11-15,NA,NA,0.0141770779882187
"TER-NFTB-T-18",2024-11-16,NA,NA,0.0120263952575455
"TER-NFTB-T-18",2024-11-17,NA,NA,0.00692797173526249
"TER-NFTB-T-18",2024-11-18,NA,NA,0.000679942727113049
"TER-NFTB-T-18",2024-11-19,NA,NA,0.00434259936899069
"TER-NFTB-T-18",2024-11-20,NA,NA,0.0198237771775064
"TER-NFTB-T-18",2024-11-21,NA,NA,0.00135281401606084
"TER-NFTB-T-18",2024-11-22,NA,NA,0.00554895552070893
"TER-NFTB-T-18",2024-11-23,NA,NA,0.0050703022690777
"TER-NFTB-T-18",2024-11-24,NA,NA,0.0255707122307325
"TER-NFTB-T-18",2024-11-25,NA,NA,0.0182426284189595
"TER-NFTB-T-18",2024-11-26,NA,NA,0.00673452215424405
"TER-NFTB-T-18",2024-11-27,NA,NA,0.00971757494439671
"TER-NFTB-T-18",2024-11-28,NA,NA,0.0156069270971255
"TER-NFTB-T-18",2024-11-29,NA,NA,0.021373952616603
"TER-NFTB-T-18",2024-11-30,NA,NA,0.0420722419797314
"TER-NFTB-T-18",2024-12-01,NA,NA,0.0198482276779138
"TER-NFTB-T-18",2024-12-02,NA,NA,0.0766559515095669
"TER-NFTB-T-18",2024-12-03,NA,NA,0.111942372949104
"TER-NFTB-T-18",2024-12-04,NA,NA,0.0674573638005851
"TER-NFTB-T-18",2024-12-05,NA,NA,0.0265306457529342
"TER-NFTB-T-18",2024-12-06,NA,NA,0.00914176397134255
"TER-NFTB-T-18",2024-12-07,NA,NA,0.0070781299337148
"TER-NFTB-T-18",2024-12-08,NA,NA,0.00407739917656123
"TER-NFTB-T-18",2024-12-09,NA,NA,0.0195506746402833
"TER-NFTB-T-18",2024-12-10,NA,NA,0.0110433163887186
"TER-NFTB-T-18",2024-12-11,NA,NA,0.00566182629428899
"TER-NFTB-T-18",2024-12-12,NA,NA,0.014366676186165
"TER-NFTB-T-18",2024-12-13,NA,NA,0.00413101353267129
"TER-NFTB-T-18",2024-12-14,NA,NA,0.0401810500363071
"TER-NFTB-T-18",2024-12-15,NA,NA,NA
"TER-NFTB-T-18",2024-12-16,NA,NA,0.00929863047316262
"TER-NFTB-T-18",2024-12-17,NA,NA,0.0192652951189977
"TER-NFTB-T-18",2024-12-18,NA,NA,0.0180570104251747
"TER-NFTB-T-18",2024-12-19,NA,NA,0.0106246805506865
"TER-NFTB-T-18",2024-12-20,NA,NA,0.0272964559104387
"TER-NFTB-T-18",2024-12-21,NA,NA,0.0115955103673617
"TER-NFTB-T-18",2024-12-22,NA,NA,0.0117003101672985
"TER-NFTB-T-18",2024-12-23,NA,NA,0.0125809775125757
"TER-NFTB-T-18",2024-12-24,NA,NA,0.0188274170733106
"TER-NFTB-T-18",2024-12-25,NA,NA,0.0201633410121354
"TER-NFTB-T-18",2024-12-26,NA,NA,0.0186234777844531
"TER-NFTB-T-18",2024-12-27,NA,NA,0.00284837288922136
"TER-NFTB-T-18",2024-12-28,NA,NA,0.0033652405941432
"TER-NFTB-T-18",2024-12-29,NA,NA,0.0158068328392634
"TER-NFTB-T-18",2024-12-30,NA,NA,0.00872686673562348
"TER-NFTB-T-18",2024-12-31,NA,NA,0.00518415028779586
"TER-NFTB-T-18",2025-01-01,NA,NA,0.00308770127038987
"TER-NFTB-T-18",2025-01-02,NA,NA,0.000873544576497738
"TER-NFTB-T-18",2025-01-03,NA,NA,0.00161421868370336
"TER-NFTB-T-18",2025-01-04,NA,NA,0.0046199338119815
"TER-NFTB-T-18",2025-01-05,NA,NA,0.0264295460215087
"TER-NFTB-T-18",2025-01-06,NA,NA,0.00302193534625095
"TER-NFTB-T-18",2025-01-07,NA,NA,0.0101245079040068
"TER-NFTB-T-18",2025-01-08,NA,NA,0.00439202035974256
"TER-NFTB-T-18",2025-01-09,NA,NA,0.00219625832447505
"TER-NFTB-T-18",2025-01-10,NA,NA,0.00179731635678591
"TER-NFTB-T-18",2025-01-11,NA,NA,0.000772376283360524
"TER-NFTB-T-18",2025-01-12,NA,NA,0.00307992473829422
"TER-NFTB-T-18",2025-01-13,NA,NA,0.0012894721529494
"TER-NFTB-T-18",2025-01-14,NA,NA,0.00091393298177649
"TER-NFTB-T-18",2025-01-15,NA,NA,0.00118583034011915
"TER-NFTB-T-18",2025-01-16,NA,NA,0.000662640659332837
"TER-NFTB-T-18",2025-01-17,NA,NA,0.00513554920778249
"TER-NFTB-T-18",2025-01-18,NA,NA,0.00766814099881235
"TER-NFTB-T-18",2025-01-19,NA,NA,0.00559803575081078
"TER-NFTB-T-18",2025-01-20,NA,NA,0.000678072378524136
"TER-NFTB-T-18",2025-01-21,NA,NA,0.00410469171024827
"TER-NFTB-T-18",2025-01-22,NA,NA,0.0427613846243578
"TER-NFTB-T-18",2025-01-23,NA,NA,0.00539509454176412
"TER-NFTB-T-18",2025-01-24,NA,NA,0.00592196945143309
"TER-NFTB-T-18",2025-01-25,NA,NA,0.00495125514870615
"TER-NFTB-T-18",2025-01-26,NA,NA,0.0104528793296104
"TER-NFTB-T-18",2025-01-27,NA,NA,0.038981737890643
"TER-NFTB-T-18",2025-01-28,NA,NA,0.011164283322197
"TER-NFTB-T-18",2025-01-29,NA,NA,0.0533201450419012
"TER-NFTB-T-18",2025-01-30,NA,NA,0.00384526431340309
"TER-NFTB-T-18",2025-01-31,NA,NA,0.00290276706049065
"TER-NFTB-T-18",2025-02-01,NA,NA,0.0124879639484007
"TER-NFTB-T-18",2025-02-02,NA,NA,0.00514479844413722
"TER-NFTB-T-18",2025-02-03,NA,NA,0.00561811273431965
"TER-NFTB-T-18",2025-02-04,NA,NA,0.00498939088148107
"TER-NFTB-T-18",2025-02-05,NA,NA,0.004081702882401
"TER-NFTB-T-18",2025-02-06,NA,NA,0.00325068261935554
"TER-NFTB-T-18",2025-02-07,NA,NA,0.00701841127963845
"TER-NFTB-T-18",2025-02-08,NA,NA,0.00138977739647385
"TER-NFTB-T-18",2025-02-09,NA,NA,0.000617339683690763
"TER-NFTB-T-18",2025-02-10,NA,NA,0.0056018539214313
"TER-NFTB-T-18",2025-02-11,NA,NA,0.00272979225310703
"TER-NFTB-T-18",2025-02-12,NA,NA,0.00163243601496135
"TER-NFTB-T-18",2025-02-13,NA,NA,0.00351942565318686
"TER-NFTB-T-18",2025-02-14,NA,NA,0.00491682605702079
"TER-NFTB-T-18",2025-02-15,NA,NA,0.00931304052118825
"TER-NFTB-T-18",2025-02-16,NA,NA,0.033634777400763
"TER-NFTB-T-18",2025-02-17,NA,NA,0.0171755304990935
"TER-NFTB-T-18",2025-02-18,NA,NA,0.0126653556018791
"TER-NFTB-T-18",2025-02-19,NA,NA,0.00167482154688077
"TER-NFTB-T-18",2025-02-20,NA,NA,0.00586410699985758
"TER-NFTB-T-18",2025-02-21,NA,NA,0.0210529500686669
"TER-NFTB-T-18",2025-02-22,NA,NA,0.00149293394238104
"TER-NFTB-T-18",2025-02-23,NA,NA,0.00518774434742216
"TER-NFTB-T-18",2025-02-24,NA,NA,0.0384565318737597
"TER-NFTB-T-18",2025-02-25,NA,NA,0.0128206391879147
"TER-NFTB-T-18",2025-02-26,NA,NA,0.0234199505009831
"TER-NFTB-T-18",2025-02-27,NA,NA,0.0842631066861161
"TER-NFTB-T-18",2025-02-28,NA,NA,0.0123762220698237
"TER-NFTB-T-18",2025-03-01,NA,NA,0.0517720367150456
"TER-NFTB-T-18",2025-03-02,NA,NA,0.0487009513720749
"TER-NFTB-T-18",2025-03-03,NA,NA,0.148683333682831
"TER-NFTB-T-18",2025-03-04,NA,NA,0.0270633957460894
"TER-NFTB-T-18",2025-03-05,NA,NA,0.0427169074701456
"TER-NFTB-T-18",2025-03-06,NA,NA,0.0273922715858077
"TER-NFTB-T-18",2025-03-07,NA,NA,0.0257361453863366
"TER-NFTB-T-18",2025-03-08,NA,NA,0.0112175157322008
"TER-NFTB-T-18",2025-03-09,NA,NA,0.0129642502994592
"TER-NFTB-T-18",2025-03-10,NA,NA,0.017594641869395
"TER-NFTB-T-18",2025-03-11,NA,NA,0.00662069324473496
"TER-NFTB-T-18",2025-03-12,NA,NA,0.0102222391898334
"TER-NFTB-T-18",2025-03-13,NA,NA,0.0101825192106545
"TER-NFTB-T-18",2025-03-14,NA,NA,0.00334944740054839
"TER-NFTB-T-18",2025-03-15,NA,NA,0.00569751451836621
"TER-NFTB-T-18",2025-03-16,NA,NA,0.0278655760058814
"TER-NFTB-T-18",2025-03-17,NA,NA,0.0310779868106467
"TER-NFTB-T-18",2025-03-18,NA,NA,0.0113779701477579
"TER-NFTB-T-18",2025-03-19,NA,NA,0.0362167803265799
"TER-NFTB-T-18",2025-03-20,NA,NA,0.025012983165539
"TER-NFTB-T-18",2025-03-21,NA,NA,0.0460808962404033
"TER-NFTB-T-18",2025-03-22,NA,NA,0.109995529970705
"TER-NFTB-T-18",2025-03-23,NA,NA,0.0827352180402993
"TER-NFTB-T-18",2025-03-24,NA,NA,0.0730305640169895
"TER-NFTB-T-18",2025-03-25,NA,NA,0.00739835909731257
"TER-NFTB-T-18",2025-03-26,NA,NA,0.0446671355639218
"TER-NFTB-T-18",2025-03-27,NA,NA,0.055518427803275
"TER-NFTB-T-18",2025-03-28,NA,NA,0.0435251962888453
"TER-NFTB-T-18",2025-03-29,NA,NA,0.0342076000930577
"TER-NFTB-T-18",2025-03-30,NA,NA,0.0376951603093083
"TER-NFTB-T-18",2025-03-31,NA,NA,0.0656810738178955
"TER-NFTB-T-18",2025-04-01,NA,NA,0.0189003003361093
"TER-NFTB-T-18",2025-04-02,NA,NA,0.0251816877767222
"TER-NFTB-T-18",2025-04-03,NA,NA,0.0255052704413268
"TER-NFTB-T-18",2025-04-04,NA,NA,0.00937163950858587
"TER-NFTB-T-18",2025-04-05,NA,NA,0.0183854667146274
"TER-NFTB-T-18",2025-04-06,NA,NA,0.000863498878075251
"TER-NFTB-T-18",2025-04-07,NA,NA,0.00328778882832175
"TER-NFTB-T-18",2025-04-08,NA,NA,0.00380957139660576
"TER-NFTB-T-18",2025-04-09,NA,NA,0.00542586601563648
"TER-NFTB-T-18",2025-04-10,NA,NA,0.000630386860957888
"TER-NFTB-T-18",2025-04-11,NA,NA,0.00282401379922331
"TER-NFTB-T-18",2025-04-12,NA,NA,0.00630741781614976
"TER-NFTB-T-18",2025-04-13,NA,NA,0.0221251058001831
"TER-NFTB-T-18",2025-04-14,NA,NA,0.0675232540034854
"TER-NFTB-T-18",2025-04-15,NA,NA,0.0878982679041296
"TER-NFTB-T-18",2025-04-16,NA,NA,0.00634583378266383
"TER-NFTB-T-18",2025-04-17,NA,NA,0.0274253914911167
"TER-NFTB-T-18",2025-04-18,NA,NA,0.029345901416782
"TER-NFTB-T-18",2025-04-19,NA,NA,0.0826841266309427
"TER-NFTB-T-18",2025-04-20,NA,NA,0.00946696167560423
"TER-NFTB-T-18",2025-04-21,NA,NA,0.119559523325799
"TER-NFTB-T-18",2025-04-22,NA,NA,0.0690657702890167
"TER-NFTB-T-18",2025-04-23,NA,NA,0.00502101150724752
"TER-NFTB-T-18",2025-04-24,NA,NA,0.0874903605570848
"TER-NFTB-T-18",2025-04-25,NA,NA,0.0944263797763961
"TER-NFTB-T-18",2025-04-26,NA,NA,0.0390151662828622
"TER-NFTB-T-18",2025-04-27,NA,NA,0.0373618742071181
"TER-NFTB-T-18",2025-04-28,NA,NA,0.0318560274791916
"TER-NFTB-T-18",2025-04-29,NA,NA,0.0404772244479485
"TER-NFTB-T-18",2025-04-30,NA,NA,0.00378096177609196
"TER-NFTB-T-18",2025-05-01,NA,NA,0.00906721799166174
"TER-NFTB-T-18",2025-05-02,NA,NA,0.00567887041941359
"TER-NFTB-T-18",2025-05-03,NA,NA,0.00628764271284204
"TER-NFTB-T-18",2025-05-04,NA,NA,0.0124922504161736
"TER-NFTB-T-18",2025-05-05,NA,NA,0.0344170570048639
"TER-NFTB-T-18",2025-05-06,NA,NA,0.0041337450968929
"TER-NFTB-T-18",2025-05-07,NA,NA,0.00358856080287348
"TER-NFTB-T-18",2025-05-08,NA,NA,0.00389595203403787
"TER-NFTB-T-18",2025-05-09,NA,NA,0.00756721273151702
"TER-NFTB-T-18",2025-05-10,NA,NA,0.0909198758718267
"TER-NFTB-T-18",2025-05-11,NA,NA,0.0441338659448743
"TER-NFTB-T-18",2025-05-12,NA,NA,0.0433365649340252
"TER-NFTB-T-18",2025-05-13,NA,NA,0.0721683277437866
"TER-NFTB-T-18",2025-05-14,NA,NA,0.00550813222550706
"TER-NFTB-T-18",2025-05-15,NA,NA,0.0022619580118596
"TER-NFTB-T-18",2025-05-16,NA,NA,0.031752277192696
"TER-NFTB-T-18",2025-05-17,NA,NA,0.0594773958235867
"TER-NFTB-T-18",2025-05-18,NA,NA,0.0267192510091049
"TER-NFTB-T-18",2025-05-19,NA,NA,0.00436209485977267
"TER-NFTB-T-18",2025-05-20,NA,NA,0.0609480556829578
"TER-NFTB-T-18",2025-05-21,NA,NA,0.104057553287809
"TER-NFTB-T-18",2025-05-22,NA,NA,0.0433368574114364
"TER-NFTB-T-18",2025-05-23,NA,NA,0.0752028094991807
"TER-NFTB-T-18",2025-05-24,NA,NA,0.0612674344541555
"TER-NFTB-T-18",2025-05-25,NA,NA,0.0458999771264478
"TER-NFTB-T-18",2025-05-26,NA,NA,0.136855444719739
"TER-NFTB-T-18",2025-05-27,NA,NA,0.052722305588206
"TER-NFTB-T-18",2025-05-28,NA,NA,0.0213967724061895
"TER-NFTB-T-18",2025-05-29,NA,NA,0.0055342165605057
"TER-NFTB-T-18",2025-05-30,NA,NA,0.0232256630570655
"TER-NFTB-T-18",2025-05-31,NA,NA,0.119174926312765
"TER-NFTB-T-18",2025-06-01,NA,NA,0.156869954849661
"TER-NFTB-T-18",2025-06-02,NA,NA,0.29459130339821
"TER-NFTB-T-18",2025-06-03,NA,NA,0.0289481640410915
"TER-NFTB-T-18",2025-06-04,NA,NA,0.0174571666507209
"TER-NFTB-T-18",2025-06-05,NA,NA,0.0809147151833335
"TER-NFTB-T-18",2025-06-06,NA,NA,0.0257108128710554
"TER-NFTB-T-18",2025-06-07,NA,NA,0.04484603339598
"TER-NFTB-T-18",2025-06-08,NA,NA,0.071339780008963
"TER-NFTB-T-18",2025-06-09,NA,NA,0.0433256447707454
"TER-NFTB-T-18",2025-06-10,NA,NA,0.0686504912289084
"TER-NFTB-T-18",2025-06-11,NA,NA,0.066670945754223
"TER-NFTB-T-18",2025-06-12,NA,NA,0.014781151564041
"TER-PRIBS-T06",2023-08-09,NA,NA,NA
"TER-PRIBS-T06",2023-08-10,NA,NA,NA
"TER-PRIBS-T06",2023-08-11,NA,NA,NA
"TER-PRIBS-T06",2023-08-12,NA,NA,NA
"TER-PRIBS-T06",2023-08-13,NA,NA,NA
"TER-PRIBS-T06",2023-08-14,NA,NA,NA
"TER-PRIBS-T06",2023-08-15,NA,NA,NA
"TER-PRIBS-T06",2023-08-16,NA,NA,NA
"TER-PRIBS-T06",2023-08-17,NA,NA,NA
"TER-PRIBS-T06",2023-08-18,NA,NA,NA
"TER-PRIBS-T06",2023-08-19,NA,NA,NA
"TER-PRIBS-T06",2023-08-20,NA,NA,NA
"TER-PRIBS-T06",2023-08-21,NA,NA,NA
"TER-PRIBS-T06",2023-08-22,NA,NA,NA
"TER-PRIBS-T06",2023-08-23,NA,NA,NA
"TER-PRIBS-T06",2023-08-24,NA,NA,NA
"TER-PRIBS-T06",2023-08-25,NA,NA,NA
"TER-PRIBS-T06",2023-08-26,NA,NA,NA
"TER-PRIBS-T06",2023-08-27,NA,NA,NA
"TER-PRIBS-T06",2023-08-28,NA,NA,NA
"TER-PRIBS-T06",2023-08-29,NA,NA,NA
"TER-PRIBS-T06",2023-08-30,NA,NA,NA
"TER-PRIBS-T06",2023-08-31,NA,NA,NA
"TER-PRIBS-T06",2023-09-01,NA,NA,NA
"TER-PRIBS-T06",2023-09-02,NA,NA,NA
"TER-PRIBS-T06",2023-09-03,NA,NA,NA
"TER-PRIBS-T06",2023-09-04,NA,NA,NA
"TER-PRIBS-T06",2023-09-05,NA,NA,NA
"TER-PRIBS-T06",2023-09-06,NA,NA,NA
"TER-PRIBS-T06",2023-09-07,NA,NA,NA
"TER-PRIBS-T06",2023-09-08,NA,NA,NA
"TER-PRIBS-T06",2023-09-09,NA,NA,NA
"TER-PRIBS-T06",2023-09-10,NA,NA,NA
"TER-PRIBS-T06",2023-09-11,NA,NA,NA
"TER-PRIBS-T06",2023-09-12,NA,NA,NA
"TER-PRIBS-T06",2023-09-13,NA,NA,NA
"TER-PRIBS-T06",2023-09-14,NA,NA,NA
"TER-PRIBS-T06",2023-09-15,NA,NA,NA
"TER-PRIBS-T06",2023-09-16,NA,NA,NA
"TER-PRIBS-T06",2023-09-17,NA,NA,NA
"TER-PRIBS-T06",2023-09-18,NA,NA,NA
"TER-PRIBS-T06",2023-09-19,NA,NA,NA
"TER-PRIBS-T06",2023-09-20,NA,NA,NA
"TER-PRIBS-T06",2023-09-21,NA,NA,NA
"TER-PRIBS-T06",2023-09-22,NA,NA,NA
"TER-PRIBS-T06",2023-09-23,NA,NA,NA
"TER-PRIBS-T06",2023-09-24,NA,NA,NA
"TER-PRIBS-T06",2023-09-25,NA,NA,NA
"TER-PRIBS-T06",2023-09-26,NA,NA,NA
"TER-PRIBS-T06",2023-09-27,NA,NA,NA
"TER-PRIBS-T06",2023-09-28,NA,NA,NA
"TER-PRIBS-T06",2023-09-29,NA,NA,NA
"TER-PRIBS-T06",2023-09-30,NA,NA,NA
"TER-PRIBS-T06",2023-10-01,NA,NA,NA
"TER-PRIBS-T06",2023-10-02,NA,NA,NA
"TER-PRIBS-T06",2023-10-03,NA,NA,NA
"TER-PRIBS-T06",2023-10-04,NA,NA,NA
"TER-PRIBS-T06",2023-10-05,NA,NA,NA
"TER-PRIBS-T06",2023-10-06,NA,NA,NA
"TER-PRIBS-T06",2023-10-07,NA,NA,NA
"TER-PRIBS-T06",2023-10-08,NA,NA,NA
"TER-PRIBS-T06",2023-10-09,NA,NA,NA
"TER-PRIBS-T06",2023-10-10,NA,NA,NA
"TER-PRIBS-T06",2023-10-11,NA,NA,NA
"TER-PRIBS-T06",2023-10-12,NA,NA,NA
"TER-PRIBS-T06",2023-10-13,NA,NA,NA
"TER-PRIBS-T06",2023-10-14,NA,NA,NA
"TER-PRIBS-T06",2023-10-15,NA,NA,NA
"TER-PRIBS-T06",2023-10-16,NA,NA,NA
"TER-PRIBS-T06",2023-10-17,NA,NA,NA
"TER-PRIBS-T06",2023-10-18,NA,NA,NA
"TER-PRIBS-T06",2023-10-19,NA,NA,NA
"TER-PRIBS-T06",2023-10-20,NA,NA,NA
"TER-PRIBS-T06",2023-10-21,NA,NA,NA
"TER-PRIBS-T06",2023-10-22,NA,NA,NA
"TER-PRIBS-T06",2023-10-23,NA,NA,NA
"TER-PRIBS-T06",2023-10-24,NA,NA,NA
"TER-PRIBS-T06",2023-10-25,NA,NA,NA
"TER-PRIBS-T06",2023-10-26,NA,NA,NA
"TER-PRIBS-T06",2023-10-27,NA,NA,NA
"TER-PRIBS-T06",2023-10-28,NA,NA,NA
"TER-PRIBS-T06",2023-10-29,NA,NA,NA
"TER-PRIBS-T06",2023-10-30,NA,NA,NA
"TER-PRIBS-T06",2023-10-31,NA,NA,NA
"TER-PRIBS-T06",2023-11-01,NA,NA,NA
"TER-PRIBS-T06",2023-11-02,NA,NA,NA
"TER-PRIBS-T06",2023-11-03,NA,NA,NA
"TER-PRIBS-T06",2023-11-04,NA,NA,NA
"TER-PRIBS-T06",2023-11-05,NA,NA,NA
"TER-PRIBS-T06",2023-11-06,NA,NA,NA
"TER-PRIBS-T06",2023-11-07,NA,NA,NA
"TER-PRIBS-T06",2023-11-08,NA,NA,NA
"TER-PRIBS-T06",2023-11-09,NA,NA,NA
"TER-PRIBS-T06",2023-11-10,NA,NA,NA
"TER-PRIBS-T06",2023-11-11,NA,NA,NA
"TER-PRIBS-T06",2023-11-12,NA,NA,NA
"TER-PRIBS-T06",2023-11-13,NA,NA,NA
"TER-PRIBS-T06",2023-11-14,NA,NA,NA
"TER-PRIBS-T06",2023-11-15,NA,NA,NA
"TER-PRIBS-T06",2023-11-16,NA,NA,NA
"TER-PRIBS-T06",2023-11-17,NA,NA,NA
"TER-PRIBS-T06",2023-11-18,NA,NA,NA
"TER-PRIBS-T06",2023-11-19,NA,NA,NA
"TER-PRIBS-T06",2023-11-20,NA,NA,NA
"TER-PRIBS-T06",2023-11-21,NA,NA,NA
"TER-PRIBS-T06",2023-11-22,NA,NA,NA
"TER-PRIBS-T06",2023-11-23,NA,NA,NA
"TER-PRIBS-T06",2023-11-24,NA,NA,NA
"TER-PRIBS-T06",2023-11-25,NA,NA,NA
"TER-PRIBS-T06",2023-11-26,NA,NA,NA
"TER-PRIBS-T06",2023-11-27,NA,NA,NA
"TER-PRIBS-T06",2023-11-28,NA,NA,NA
"TER-PRIBS-T06",2023-11-29,NA,NA,NA
"TER-PRIBS-T06",2023-11-30,NA,NA,NA
"TER-PRIBS-T06",2023-12-01,NA,NA,NA
"TER-PRIBS-T06",2023-12-02,NA,NA,NA
"TER-PRIBS-T06",2023-12-03,NA,NA,NA
"TER-PRIBS-T06",2023-12-04,NA,NA,NA
"TER-PRIBS-T06",2023-12-05,NA,NA,NA
"TER-PRIBS-T06",2023-12-06,NA,NA,NA
"TER-PRIBS-T06",2023-12-07,NA,NA,NA
"TER-PRIBS-T06",2023-12-08,NA,NA,NA
"TER-PRIBS-T06",2023-12-09,NA,NA,NA
"TER-PRIBS-T06",2023-12-10,NA,NA,NA
"TER-PRIBS-T06",2023-12-11,NA,NA,NA
"TER-PRIBS-T06",2023-12-12,NA,NA,NA
"TER-PRIBS-T06",2023-12-13,NA,NA,NA
"TER-PRIBS-T06",2023-12-14,NA,NA,NA
"TER-PRIBS-T06",2023-12-15,NA,NA,NA
"TER-PRIBS-T06",2023-12-16,NA,NA,NA
"TER-PRIBS-T06",2023-12-17,NA,NA,NA
"TER-PRIBS-T06",2023-12-18,NA,NA,NA
"TER-PRIBS-T06",2023-12-19,NA,NA,NA
"TER-PRIBS-T06",2023-12-20,NA,NA,NA
"TER-PRIBS-T06",2023-12-21,NA,NA,NA
"TER-PRIBS-T06",2023-12-22,NA,NA,NA
"TER-PRIBS-T06",2023-12-23,NA,NA,NA
"TER-PRIBS-T06",2023-12-24,NA,NA,NA
"TER-PRIBS-T06",2023-12-25,NA,NA,NA
"TER-PRIBS-T06",2023-12-26,NA,NA,NA
"TER-PRIBS-T06",2023-12-27,NA,NA,NA
"TER-PRIBS-T06",2023-12-28,NA,NA,NA
"TER-PRIBS-T06",2023-12-29,NA,NA,NA
"TER-PRIBS-T06",2023-12-30,NA,NA,NA
"TER-PRIBS-T06",2023-12-31,NA,NA,NA
"TER-PRIBS-T06",2024-01-01,NA,NA,NA
"TER-PRIBS-T06",2024-01-02,NA,NA,NA
"TER-PRIBS-T06",2024-01-03,NA,NA,NA
"TER-PRIBS-T06",2024-01-04,NA,NA,NA
"TER-PRIBS-T06",2024-01-05,NA,NA,NA
"TER-PRIBS-T06",2024-01-06,NA,NA,NA
"TER-PRIBS-T06",2024-01-07,NA,NA,NA
"TER-PRIBS-T06",2024-01-08,NA,NA,NA
"TER-PRIBS-T06",2024-01-09,NA,NA,NA
"TER-PRIBS-T06",2024-01-10,NA,NA,NA
"TER-PRIBS-T06",2024-01-11,NA,NA,NA
"TER-PRIBS-T06",2024-01-12,NA,NA,NA
"TER-PRIBS-T06",2024-01-13,NA,NA,NA
"TER-PRIBS-T06",2024-01-14,NA,NA,NA
"TER-PRIBS-T06",2024-01-15,NA,NA,NA
"TER-PRIBS-T06",2024-01-16,NA,NA,NA
"TER-PRIBS-T06",2024-01-17,NA,NA,NA
"TER-PRIBS-T06",2024-01-18,NA,NA,NA
"TER-PRIBS-T06",2024-01-19,NA,NA,NA
"TER-PRIBS-T06",2024-01-20,NA,NA,NA
"TER-PRIBS-T06",2024-01-21,NA,NA,NA
"TER-PRIBS-T06",2024-01-22,NA,NA,NA
"TER-PRIBS-T06",2024-01-23,NA,NA,NA
"TER-PRIBS-T06",2024-01-24,NA,NA,NA
"TER-PRIBS-T06",2024-01-25,NA,NA,NA
"TER-PRIBS-T06",2024-01-26,NA,NA,NA
"TER-PRIBS-T06",2024-01-27,NA,NA,NA
"TER-PRIBS-T06",2024-01-28,NA,NA,NA
"TER-PRIBS-T06",2024-01-29,NA,NA,NA
"TER-PRIBS-T06",2024-01-30,NA,NA,NA
"TER-PRIBS-T06",2024-01-31,NA,NA,NA
"TER-PRIBS-T06",2024-02-01,NA,NA,NA
"TER-PRIBS-T06",2024-02-02,NA,NA,NA
"TER-PRIBS-T06",2024-02-03,NA,NA,NA
"TER-PRIBS-T06",2024-02-04,NA,NA,NA
"TER-PRIBS-T06",2024-02-05,NA,NA,NA
"TER-PRIBS-T06",2024-02-06,NA,NA,NA
"TER-PRIBS-T06",2024-02-07,NA,NA,NA
"TER-PRIBS-T06",2024-02-08,NA,NA,NA
"TER-PRIBS-T06",2024-02-09,NA,NA,NA
"TER-PRIBS-T06",2024-02-10,NA,NA,NA
"TER-PRIBS-T06",2024-02-11,NA,NA,NA
"TER-PRIBS-T06",2024-02-12,NA,NA,NA
"TER-PRIBS-T06",2024-02-13,NA,NA,NA
"TER-PRIBS-T06",2024-02-14,NA,NA,NA
"TER-PRIBS-T06",2024-02-15,NA,NA,NA
"TER-PRIBS-T06",2024-02-16,NA,NA,NA
"TER-PRIBS-T06",2024-02-17,NA,NA,NA
"TER-PRIBS-T06",2024-02-18,NA,NA,NA
"TER-PRIBS-T06",2024-02-19,NA,NA,NA
"TER-PRIBS-T06",2024-02-20,NA,NA,NA
"TER-PRIBS-T06",2024-02-21,NA,NA,NA
"TER-PRIBS-T06",2024-02-22,NA,NA,NA
"TER-PRIBS-T06",2024-02-23,NA,NA,NA
"TER-PRIBS-T06",2024-02-24,NA,NA,NA
"TER-PRIBS-T06",2024-02-25,NA,NA,NA
"TER-PRIBS-T06",2024-02-26,NA,NA,NA
"TER-PRIBS-T06",2024-02-27,NA,NA,NA
"TER-PRIBS-T06",2024-02-28,NA,NA,NA
"TER-PRIBS-T06",2024-02-29,NA,NA,NA
"TER-PRIBS-T06",2024-03-01,NA,NA,NA
"TER-PRIBS-T06",2024-03-02,NA,NA,NA
"TER-PRIBS-T06",2024-03-03,NA,NA,NA
"TER-PRIBS-T06",2024-03-04,NA,NA,NA
"TER-PRIBS-T06",2024-03-05,NA,NA,NA
"TER-PRIBS-T06",2024-03-06,NA,NA,NA
"TER-PRIBS-T06",2024-03-07,NA,NA,NA
"TER-PRIBS-T06",2024-03-08,NA,NA,NA
"TER-PRIBS-T06",2024-03-09,NA,NA,NA
"TER-PRIBS-T06",2024-03-10,NA,NA,NA
"TER-PRIBS-T06",2024-03-11,NA,NA,NA
"TER-PRIBS-T06",2024-03-12,NA,NA,NA
"TER-PRIBS-T06",2024-03-13,NA,NA,NA
"TER-PRIBS-T06",2024-03-14,NA,NA,NA
"TER-PRIBS-T06",2024-03-15,NA,NA,NA
"TER-PRIBS-T06",2024-03-16,NA,NA,NA
"TER-PRIBS-T06",2024-03-17,NA,NA,NA
"TER-PRIBS-T06",2024-03-18,NA,NA,NA
"TER-PRIBS-T06",2024-03-19,NA,NA,NA
"TER-PRIBS-T06",2024-03-20,NA,NA,NA
"TER-PRIBS-T06",2024-03-21,NA,NA,NA
"TER-PRIBS-T06",2024-03-22,NA,NA,NA
"TER-PRIBS-T06",2024-03-23,NA,NA,NA
"TER-PRIBS-T06",2024-03-24,NA,NA,NA
"TER-PRIBS-T06",2024-03-25,NA,NA,NA
"TER-PRIBS-T06",2024-03-26,NA,NA,NA
"TER-PRIBS-T06",2024-03-27,NA,NA,NA
"TER-PRIBS-T06",2024-03-28,NA,NA,NA
"TER-PRIBS-T06",2024-03-29,NA,NA,NA
"TER-PRIBS-T06",2024-03-30,NA,NA,NA
"TER-PRIBS-T06",2024-03-31,NA,NA,NA
"TER-PRIBS-T06",2024-04-01,NA,NA,NA
"TER-PRIBS-T06",2024-04-02,NA,NA,NA
"TER-PRIBS-T06",2024-04-03,NA,NA,NA
"TER-PRIBS-T06",2024-04-04,NA,NA,NA
"TER-PRIBS-T06",2024-04-05,NA,NA,NA
"TER-PRIBS-T06",2024-04-06,NA,NA,NA
"TER-PRIBS-T06",2024-04-07,NA,NA,NA
"TER-PRIBS-T06",2024-04-08,NA,NA,NA
"TER-PRIBS-T06",2024-04-09,NA,NA,NA
"TER-PRIBS-T06",2024-04-10,0.00518386853260923,0.0274908742092832,0.0252425658182505
"TER-PRIBS-T06",2024-04-11,0,0.00560870533915713,0
"TER-PRIBS-T06",2024-04-12,0,0.00602140421211914,0
"TER-PRIBS-T06",2024-04-13,0.0498399666800861,0.00253315247656043,0
"TER-PRIBS-T06",2024-04-14,0.00349695233154119,0.00166743842942593,0
"TER-PRIBS-T06",2024-04-15,0.00489041215727107,0.00469719518704062,0
"TER-PRIBS-T06",2024-04-16,0.00215288589958322,0.00907444826055619,0
"TER-PRIBS-T06",2024-04-17,0.00455538646437657,0.00138236341684741,0
"TER-PRIBS-T06",2024-04-18,0.00618217992764165,0.00160261552181582,0
"TER-PRIBS-T06",2024-04-19,0.00290760266707716,0.00335168882216478,0
"TER-PRIBS-T06",2024-04-20,0.0465185756982108,0.00635947981155551,0
"TER-PRIBS-T06",2024-04-21,0.0108964418281123,0.00544384388771807,0
"TER-PRIBS-T06",2024-04-22,0.00250904389455315,0.00229059147467479,0
"TER-PRIBS-T06",2024-04-23,0.00204133471001855,0.0086031754757925,0
"TER-PRIBS-T06",2024-04-24,0.0164451510171552,0.00157942877147918,0
"TER-PRIBS-T06",2024-04-25,0.0262111587289826,0,0
"TER-PRIBS-T06",2024-04-26,0.0236347972167281,0,0
"TER-PRIBS-T06",2024-04-27,0.0361413262844693,0,0.0150748895491346
"TER-PRIBS-T06",2024-04-28,0.0454119717774969,0.00823507502267789,0.0357058239142294
"TER-PRIBS-T06",2024-04-29,0.0476089229760095,0.0128960978493955,0.0215442657614779
"TER-PRIBS-T06",2024-04-30,0.0457928756647158,0,0.0244278388687644
"TER-PRIBS-T06",2024-05-01,0.0186474385674698,0,0
"TER-PRIBS-T06",2024-05-02,0.00680687146391369,0,0
"TER-PRIBS-T06",2024-05-03,0.00558741696221001,0,0
"TER-PRIBS-T06",2024-05-04,0.00955819138932131,0.00278931028539417,0
"TER-PRIBS-T06",2024-05-05,0.0409069882718861,0,0
"TER-PRIBS-T06",2024-05-06,0.00634454955708011,0,0
"TER-PRIBS-T06",2024-05-07,0.00563568528110608,0,0
"TER-PRIBS-T06",2024-05-08,0.0138859793911455,0,0
"TER-PRIBS-T06",2024-05-09,0.028303976200267,0,0
"TER-PRIBS-T06",2024-05-10,0.0325634805419295,0.001855937101668,0.0169355615032678
"TER-PRIBS-T06",2024-05-11,0.0030098962552687,0,0.00210685883153681
"TER-PRIBS-T06",2024-05-12,0.021606788014542,0,0.0146019911737614
"TER-PRIBS-T06",2024-05-13,0.0144828803869904,0,0
"TER-PRIBS-T06",2024-05-14,0.0381660115786066,0.00163163488774991,0.01354707176514
"TER-PRIBS-T06",2024-05-15,0.00420237275598123,0,0
"TER-PRIBS-T06",2024-05-16,0.0123444309842053,0,0
"TER-PRIBS-T06",2024-05-17,0.00884317797283305,0,0
"TER-PRIBS-T06",2024-05-18,0.009253390807901,0,0
"TER-PRIBS-T06",2024-05-19,0.020389002377252,0,0
"TER-PRIBS-T06",2024-05-20,0.00273570397018194,0,0
"TER-PRIBS-T06",2024-05-21,0.0141817359888293,0,0
"TER-PRIBS-T06",2024-05-22,0.010634343826014,0,0
"TER-PRIBS-T06",2024-05-23,0.00833125426949035,0,0
"TER-PRIBS-T06",2024-05-24,0.00942129847069705,0,0
"TER-PRIBS-T06",2024-05-25,0.0100996716238286,0,0
"TER-PRIBS-T06",2024-05-26,0,0,0
"TER-PRIBS-T06",2024-05-27,0.0407670574747275,0,0.011558998451337
"TER-PRIBS-T06",2024-05-28,0.0814929617908076,0,0.0285692694679888
"TER-PRIBS-T06",2024-05-29,0.0100885795978023,0,0
"TER-PRIBS-T06",2024-05-30,0.00874216727149862,0,0
"TER-PRIBS-T06",2024-05-31,0.0358260416480916,0,0
"TER-PRIBS-T06",2024-06-01,0.0376745301920939,0,0
"TER-PRIBS-T06",2024-06-02,0,0,0
"TER-PRIBS-T06",2024-06-03,0,0,0
"TER-PRIBS-T06",2024-06-04,0,0,0
"TER-PRIBS-T06",2024-06-05,0.0392006795989087,0,0
"TER-PRIBS-T06",2024-06-06,0.0041767488414477,0,0
"TER-PRIBS-T06",2024-06-07,0.00451436743476817,0,0
"TER-PRIBS-T06",2024-06-08,0.0367494680078467,0,0
"TER-PRIBS-T06",2024-06-09,0,0,0
"TER-PRIBS-T06",2024-06-10,0,0,0
"TER-PRIBS-T06",2024-06-11,0,0,0
"TER-PRIBS-T06",2024-06-12,0.0507710723937283,0,0
"TER-PRIBS-T06",2024-06-13,0,0,0
"TER-PRIBS-T06",2024-06-14,0,0,0
"TER-PRIBS-T06",2024-06-15,0.00217405255125912,0,0
"TER-PRIBS-T06",2024-06-16,0,0,0
"TER-PRIBS-T06",2024-06-17,0,0,0
"TER-PRIBS-T06",2024-06-18,0,0,0
"TER-PRIBS-T06",2024-06-19,0,0,0
"TER-PRIBS-T06",2024-06-20,0.021155980989196,0,0.00617258062945438
"TER-PRIBS-T06",2024-06-21,0.0108457304337527,0,0.00652215765377736
"TER-PRIBS-T06",2024-06-22,0,0,0
"TER-PRIBS-T06",2024-06-23,0.0345009656013388,0,0.0104195916339935
"TER-PRIBS-T06",2024-06-24,0,0,0
"TER-PRIBS-T06",2024-06-25,NA,NA,NA
"TER-PRIBS-T06",2024-06-26,NA,NA,NA
"TER-PRIBS-T06",2024-06-27,NA,NA,NA
"TER-PRIBS-T06",2024-06-28,0.0318435890443537,0.0933305400688588,0.154010344127877
"TER-PRIBS-T06",2024-06-29,0,0.0806693718136199,0.0454869707579303
"TER-PRIBS-T06",2024-06-30,0,0.0360841173493401,0.0482558025390695
"TER-PRIBS-T06",2024-07-01,0.0442807134506228,0.117030277935289,0.163547410041703
"TER-PRIBS-T06",2024-07-02,0.0755043578929656,0.144250335181,0.183424478460602
"TER-PRIBS-T06",2024-07-03,0.0506849594282137,0.134398899357084,0.173586673259823
"TER-PRIBS-T06",2024-07-04,0.0985778997626966,0.139974372569481,0.187416449205737
"TER-PRIBS-T06",2024-07-05,0.051837705891281,0.0962379473644912,0.139069024625251
"TER-PRIBS-T06",2024-07-06,0.016799929743303,0.0542716835575242,0.067551377541757
"TER-PRIBS-T06",2024-07-07,0.0362914928680331,0.0827218875517815,0.103125054461876
"TER-PRIBS-T06",2024-07-08,0,0,0.0120736493411538
"TER-PRIBS-T06",2024-07-09,0.0671293725064051,0.104876117806134,0.129723527364508
"TER-PRIBS-T06",2024-07-10,0.0876338127291565,0.118510647670612,0.14157643735882
"TER-PRIBS-T06",2024-07-11,0.054949950569292,0.113269431551803,0.148524134883094
"TER-PRIBS-T06",2024-07-12,0.0103769987193948,0.0539071687817564,0.0431220001813858
"TER-PRIBS-T06",2024-07-13,0,0.116873338853731,0.133597201426242
"TER-PRIBS-T06",2024-07-14,0.106464840534683,0.243737080683095,0.2896217538673
"TER-PRIBS-T06",2024-07-15,0,0.0764443672719796,0.0629081196914525
"TER-PRIBS-T06",2024-07-16,0.0257574752789691,0.198269066549537,0.231269317080003
"TER-PRIBS-T06",2024-07-17,0,0.0277098517189448,0.0123098637317854
"TER-PRIBS-T06",2024-07-18,0,0.0656268521954202,0.0908333310878725
"TER-PRIBS-T06",2024-07-19,0.0868311296741602,0.213184099304608,0.261184709990768
"TER-PRIBS-T06",2024-07-20,NA,NA,NA
"TER-PRIBS-T06",2024-07-21,0.133937668323365,0.205382431216852,0.263075266736166
"TER-PRIBS-T06",2024-07-22,0.0381850106266347,0.147831119104237,0.208849241779959
"TER-PRIBS-T06",2024-07-23,0.0369572291962445,0.124523367486174,0.175749797949856
"TER-PRIBS-T06",2024-07-24,0.0506782929352111,0.131201715568327,0.17561340575315
"TER-PRIBS-T06",2024-07-25,0.0792277377334415,0.173274046015649,0.228190154269929
"TER-PRIBS-T06",2024-07-26,0.0916118810290061,0.13731141557205,0.180517520315769
"TER-PRIBS-T06",2024-07-27,0.0732742849423332,0.129613913965624,0.161107611813787
"TER-PRIBS-T06",2024-07-28,0.0620918320761534,0.111353285021819,0.145134956171671
"TER-PRIBS-T06",2024-07-29,0,0.0376984553818166,0.0659959810113391
"TER-PRIBS-T06",2024-07-30,0,0.0240574430707125,0.042590132052804
"TER-PRIBS-T06",2024-07-31,0,0.0800962734406312,0.0525042772537405
"TER-PRIBS-T06",2024-08-01,0.0326054308508754,0.151748742274824,0.182573104514293
"TER-PRIBS-T06",2024-08-02,0.010700254823622,0.108508777406081,0.135905161446106
"TER-PRIBS-T06",2024-08-03,0.0654006092848977,0.206100510014515,0.247674434522922
"TER-PRIBS-T06",2024-08-04,0.154875424130289,0.252187534807807,0.311403562514419
"TER-PRIBS-T06",2024-08-05,0.178258131535372,0.233147258965288,0.270700456606503
"TER-PRIBS-T06",2024-08-06,0,0.0637918063482181,0.0587101940660242
"TER-PRIBS-T06",2024-08-07,0.0295668704143321,0.137844879326319,0.16997893321737
"TER-PRIBS-T06",2024-08-08,0.0831476143887264,0.214334100020133,0.274405837447481
"TER-PRIBS-T06",2024-08-09,0.036150239568486,0.103322302031395,0.140191077087721
"TER-PRIBS-T06",2024-08-10,0.0842837284912166,0.148903080252628,0.185777684939953
"TER-PRIBS-T06",2024-08-11,0.019401286358491,0.179094000412908,0.195949363855819
"TER-PRIBS-T06",2024-08-12,0.111585262733445,0.208252323413595,0.251159224934258
"TER-PRIBS-T06",2024-08-13,0.0258504862474836,0.0993042580207814,0.120275590871184
"TER-PRIBS-T06",2024-08-14,0.122238783109369,0.240312861164267,0.264729458601247
"TER-PRIBS-T06",2024-08-15,0.0553000200724851,0.147935220734203,0.18566758574091
"TER-PRIBS-T06",2024-08-16,0.0388707142041759,0.133964518396407,0.156003615150765
"TER-PRIBS-T06",2024-08-17,0.00656463560163427,0.0771279613953042,0.11568149654948
"TER-PRIBS-T06",2024-08-18,0.0315192302289541,0.102330829246296,0.146900071164516
"TER-PRIBS-T06",2024-08-19,0.146557833346413,0.245170621119417,0.279866094499165
"TER-PRIBS-T06",2024-08-20,0,0,0
"TER-PRIBS-T06",2024-08-21,0.00269928991717811,0.157457065262084,0.193926293520045
"TER-PRIBS-T06",2024-08-22,0.1674181707119,0.349623271514052,0.418089699921774
"TER-PRIBS-T06",2024-08-23,0.0315473472980376,0.117505282384484,0.131096567946024
"TER-PRIBS-T06",2024-08-24,0,0.162017968798299,0.207293721825707
"TER-PRIBS-T06",2024-08-25,0.0667764098479243,0.186346141453359,0.245557625181046
"TER-PRIBS-T06",2024-08-26,0.0521245506824083,0.234760577375766,0.258260830974438
"TER-PRIBS-T06",2024-08-27,0.0919666786025838,0.178419596730608,0.191547180378312
"TER-PRIBS-T06",2024-08-28,0.0693319628283166,0.150433464433588,0.189285805018843
"TER-PRIBS-T06",2024-08-29,0.0606068829956415,0.135963793066837,0.180128956735873
"TER-PRIBS-T06",2024-08-30,0.184255816943144,0.275301594501074,0.354771133862831
"TER-PRIBS-T06",2024-08-31,0.143769700632808,0.242765223855019,0.282703910982714
"TER-PRIBS-T06",2024-09-01,0,0.104207412062524,0.140161021835047
"TER-PRIBS-T06",2024-09-02,0.0289948003914739,0.194470271850326,0.233375638373055
"TER-PRIBS-T06",2024-09-03,0.068176326654118,0.149782110279839,0.208657568452643
"TER-PRIBS-T06",2024-09-04,0.060188751304972,0.106516939783588,0.148505891508699
"TER-PRIBS-T06",2024-09-05,0.0708163768469407,0.0898207346650097,0.111427982684623
"TER-PRIBS-T06",2024-09-06,0.0485052162654072,0.0718055808231848,0.0877951914660998
"TER-PRIBS-T06",2024-09-07,0.0671607681592213,0.172907063576727,0.183198488151621
"TER-PRIBS-T06",2024-09-08,0,0.0405954964618078,0.0772064013565596
"TER-PRIBS-T06",2024-09-09,0,0.0751101464632205,0.0864094912130115
"TER-PRIBS-T06",2024-09-10,0,0,0
"TER-PRIBS-T06",2024-09-11,0,0.125381023427443,0.151447077457162
"TER-PRIBS-T06",2024-09-12,0.0673173916175716,0.253236387386155,0.311706694142078
"TER-PRIBS-T06",2024-09-13,0.0942464201244715,0.242325915840285,0.289920098134855
"TER-PRIBS-T06",2024-09-14,0,0.0697831093798863,0.0960016769408465
"TER-PRIBS-T06",2024-09-15,0.121642153846459,0.24253821294136,0.30933164311704
"TER-PRIBS-T06",2024-09-16,0.00300699328239151,0.0806853509129836,0.0603778183353928
"TER-PRIBS-T06",2024-09-17,0.0159237735821886,0.104752762673615,0.119820758553508
"TER-PRIBS-T06",2024-09-18,0.050440213267309,0.203604455783551,0.222624791437795
"TER-PRIBS-T06",2024-09-19,0.048859834401165,0.149112721377194,0.153135709191275
"TER-PRIBS-T06",2024-09-20,0,0.0410910144387724,0.0327436536804906
"TER-PRIBS-T06",2024-09-21,0.0397909976900192,0.173706575260068,0.196298828773988
"TER-PRIBS-T06",2024-09-22,0.0461782180742083,0.165353243216157,0.181947362654936
"TER-PRIBS-T06",2024-09-23,0.0704325776767217,0.26540574579857,0.309185851953106
"TER-PRIBS-T06",2024-09-24,0.042855333486452,0.0932076270844718,0.11563552965189
"TER-PRIBS-T06",2024-09-25,0,NA,0.0596896470406992
"TER-PRIBS-T06",2024-09-26,0.0144045492365613,NA,0.158729102189978
"TER-PRIBS-T06",2024-09-27,0.00741146505184088,NA,0.116817807047638
"TER-PRIBS-T06",2024-09-28,0.0166283615859368,NA,0.120507418134525
"TER-PRIBS-T06",2024-09-29,0,NA,0.0699508093210392
"TER-PRIBS-T06",2024-09-30,0.0386347288760402,NA,0.207818154111345
"TER-PRIBS-T06",2024-10-01,0.0255145866270287,NA,0.107996344024246
"TER-PRIBS-T06",2024-10-02,0.0202410313791106,NA,0.0707099467177418
"TER-PRIBS-T06",2024-10-03,0.039833480902398,NA,0.065890485042541
"TER-PRIBS-T06",2024-10-04,0.00746692773684871,NA,0.0659936110837801
"TER-PRIBS-T06",2024-10-05,0,NA,0
"TER-PRIBS-T06",2024-10-06,0.0565382689201857,NA,0.106869779017868
"TER-PRIBS-T06",2024-10-07,0.0325244645285486,NA,0.131282069361973
"TER-PRIBS-T06",2024-10-08,0.0310446499205264,NA,0.106644821628885
"TER-PRIBS-T06",2024-10-09,0,NA,0
"TER-PRIBS-T06",2024-10-10,0,NA,0
"TER-PRIBS-T06",2024-10-11,0.0327525152308954,NA,0.0783045758995656
"TER-PRIBS-T06",2024-10-12,0.0226795937116289,NA,0.0561981586832635
"TER-PRIBS-T06",2024-10-13,0,NA,0
"TER-PRIBS-T06",2024-10-14,0,NA,0
"TER-PRIBS-T06",2024-10-15,0,NA,0.0259339355955535
"TER-PRIBS-T06",2024-10-16,0.0171779654408968,NA,0.0676707109066526
"TER-PRIBS-T06",2024-10-17,0,NA,0.0135330544844089
"TER-PRIBS-T06",2024-10-18,0,NA,0.0226683326172887
"TER-PRIBS-T06",2024-10-19,0,NA,0
"TER-PRIBS-T06",2024-10-20,0,NA,0
"TER-PRIBS-T06",2024-10-21,0,NA,0
"TER-PRIBS-T06",2024-10-22,0,NA,0
"TER-PRIBS-T06",2024-10-23,0,NA,0
"TER-PRIBS-T06",2024-10-24,0,NA,0
"TER-PRIBS-T06",2024-10-25,0,NA,0
"TER-PRIBS-T06",2024-10-26,0,NA,0
"TER-PRIBS-T06",2024-10-27,0,NA,0
"TER-PRIBS-T06",2024-10-28,0,NA,0
"TER-PRIBS-T06",2024-10-29,0,NA,0
"TER-PRIBS-T06",2024-10-30,0,NA,0
"TER-PRIBS-T06",2024-10-31,0,NA,0
"TER-PRIBS-T06",2024-11-01,0,NA,0
"TER-PRIBS-T06",2024-11-02,0,NA,0
"TER-PRIBS-T06",2024-11-03,0.0118936010052486,NA,0
"TER-PRIBS-T06",2024-11-04,0.0051867178881449,NA,0
"TER-PRIBS-T06",2024-11-05,0,NA,0
"TER-PRIBS-T06",2024-11-06,0,NA,0
"TER-PRIBS-T06",2024-11-07,0,NA,0
"TER-PRIBS-T06",2024-11-08,0,NA,0
"TER-PRIBS-T06",2024-11-09,0,NA,0
"TER-PRIBS-T06",2024-11-10,0,NA,0
"TER-PRIBS-T06",2024-11-11,0,NA,0
"TER-PRIBS-T06",2024-11-12,0,NA,0
"TER-PRIBS-T06",2024-11-13,0,NA,0
"TER-PRIBS-T06",2024-11-14,0,NA,0.0232878523849767
"TER-PRIBS-T06",2024-11-15,0,NA,0.00111549734029795
"TER-PRIBS-T06",2024-11-16,0,NA,0.00114049018618958
"TER-PRIBS-T06",2024-11-17,0,NA,0.00117126037797994
"TER-PRIBS-T06",2024-11-18,0,NA,0.000954216664799542
"TER-PRIBS-T06",2024-11-19,0,NA,0.00539282583337314
"TER-PRIBS-T06",2024-11-20,0,NA,0.00219477210810302
"TER-PRIBS-T06",2024-11-21,0,NA,0.00447706288291889
"TER-PRIBS-T06",2024-11-22,0,NA,0.00538564773611324
"TER-PRIBS-T06",2024-11-23,0,NA,0.00905377082928519
"TER-PRIBS-T06",2024-11-24,0,NA,0.0337099700056804
"TER-PRIBS-T06",2024-11-25,0,NA,0.00522593054137135
"TER-PRIBS-T06",2024-11-26,0,NA,0
"TER-PRIBS-T06",2024-11-27,0,NA,0.00152869679052884
"TER-PRIBS-T06",2024-11-28,0,NA,0.00152869679052884
"TER-PRIBS-T06",2024-11-29,0,NA,0
"TER-PRIBS-T06",2024-11-30,0,NA,0
"TER-PRIBS-T06",2024-12-01,0,NA,0
"TER-PRIBS-T06",2024-12-02,0,NA,0
"TER-PRIBS-T06",2024-12-03,0.00163163488774991,NA,0
"TER-PRIBS-T06",2024-12-04,0,NA,0
"TER-PRIBS-T06",2024-12-05,0,NA,0
"TER-PRIBS-T06",2024-12-06,0,NA,0
"TER-PRIBS-T06",2024-12-07,0,NA,0
"TER-PRIBS-T06",2024-12-08,0,NA,0
"TER-PRIBS-T06",2024-12-09,0,NA,0
"TER-PRIBS-T06",2024-12-10,0,NA,0
"TER-PRIBS-T06",2024-12-11,0,NA,0
"TER-PRIBS-T06",2024-12-12,0,NA,0.028002560338799
"TER-PRIBS-T06",2024-12-13,0,NA,0.00253138586909811
"TER-PRIBS-T06",2024-12-14,0,NA,0.00071042858444424
"TER-PRIBS-T06",2024-12-15,0,NA,0.00713314846844658
"TER-PRIBS-T06",2024-12-16,0,NA,0.00418444034888436
"TER-PRIBS-T06",2024-12-17,0,NA,0.00407856352887743
"TER-PRIBS-T06",2024-12-18,0,NA,0.00111824274813666
"TER-PRIBS-T06",2024-12-19,0,NA,0.00100536513648401
"TER-PRIBS-T06",2024-12-20,0,NA,0.00275964464564414
"TER-PRIBS-T06",2024-12-21,0.00648405802681635,NA,0.00159688697643148
"TER-PRIBS-T06",2024-12-22,0,NA,0.00143456833191031
"TER-PRIBS-T06",2024-12-23,0,NA,0.00152614319029149
"TER-PRIBS-T06",2024-12-24,0,NA,0.000826870983902869
"TER-PRIBS-T06",2024-12-25,0,NA,0.00257548717453432
"TER-PRIBS-T06",2024-12-26,0,NA,0.0017193839587204
"TER-PRIBS-T06",2024-12-27,0,NA,0.00938588321066999
"TER-PRIBS-T06",2024-12-28,0,NA,0.00868805321097471
"TER-PRIBS-T06",2024-12-29,0,NA,0.00355137687867759
"TER-PRIBS-T06",2024-12-30,0,NA,0.0049944247495061
"TER-PRIBS-T06",2024-12-31,0,NA,0.0164265035628191
"TER-PRIBS-T06",2025-01-01,0,NA,0
"TER-PRIBS-T06",2025-01-02,0,NA,0
"TER-PRIBS-T06",2025-01-03,0,NA,0
"TER-PRIBS-T06",2025-01-04,0,NA,0
"TER-PRIBS-T06",2025-01-05,0.0114044482921344,NA,0.0174328094784213
"TER-PRIBS-T06",2025-01-06,0.00528227459335259,NA,0.0082801192522072
"TER-PRIBS-T06",2025-01-07,0.0095040657253288,NA,0.0109322858512687
"TER-PRIBS-T06",2025-01-08,0.00300666116011333,NA,0.00753771216056125
"TER-PRIBS-T06",2025-01-09,0.00248612366852957,NA,0
"TER-PRIBS-T06",2025-01-10,0.00464210450062991,NA,0
"TER-PRIBS-T06",2025-01-11,0.00963607503692108,NA,0
"TER-PRIBS-T06",2025-01-12,0.00758039175306629,NA,0
"TER-PRIBS-T06",2025-01-13,0.00704618729270827,NA,0
"TER-PRIBS-T06",2025-01-14,0.00898732221312726,NA,0
"TER-PRIBS-T06",2025-01-15,0.00519686491136102,NA,0
"TER-PRIBS-T06",2025-01-16,0.00655602021634813,NA,0
"TER-PRIBS-T06",2025-01-17,0.00722088539702166,NA,0
"TER-PRIBS-T06",2025-01-18,0,NA,0
"TER-PRIBS-T06",2025-01-19,0.00878317741234556,NA,0.0117890670933637
"TER-PRIBS-T06",2025-01-20,0.00204066247861791,NA,0.00548544191168722
"TER-PRIBS-T06",2025-01-21,0.00245764055045928,NA,0.0106332699373429
"TER-PRIBS-T06",2025-01-22,0.00638116842419504,NA,0.00800339403714619
"TER-PRIBS-T06",2025-01-23,0.00679009737138851,NA,0.00282017485156203
"TER-PRIBS-T06",2025-01-24,0.00849111381274215,NA,0.00300945572544995
"TER-PRIBS-T06",2025-01-25,0.00713947213109299,NA,0.00336182095199335
"TER-PRIBS-T06",2025-01-26,0.00804954810185226,NA,0.00454129773186758
"TER-PRIBS-T06",2025-01-27,0.00920657421048209,NA,0.0187249611443848
"TER-PRIBS-T06",2025-01-28,0.00133980901554246,NA,0
"TER-PRIBS-T06",2025-01-29,0.00854358429140438,NA,0
"TER-PRIBS-T06",2025-01-30,0.0115417400591478,NA,0.00668000681473796
"TER-PRIBS-T06",2025-01-31,0.00466211398470868,NA,0
"TER-PRIBS-T06",2025-02-01,0.00369255783412101,NA,0.00152869679052884
"TER-PRIBS-T06",2025-02-02,0.013394829497028,NA,0.0225447024863166
"TER-PRIBS-T06",2025-02-03,0.00569674691906117,NA,0.00357346186913824
"TER-PRIBS-T06",2025-02-04,0.00335961824249192,NA,0.00268225515932404
"TER-PRIBS-T06",2025-02-05,0.00515706795856036,NA,0.0049688402789253
"TER-PRIBS-T06",2025-02-06,0.0065253691917316,NA,0.000940856401953335
"TER-PRIBS-T06",2025-02-07,0.00396358484954906,NA,0.00646622754298468
"TER-PRIBS-T06",2025-02-08,0.00318914954455622,NA,0.00405602917796579
"TER-PRIBS-T06",2025-02-09,0.000636398926142149,NA,0.00446177904141361
"TER-PRIBS-T06",2025-02-10,0.00260617615469919,NA,0.00421341416110515
"TER-PRIBS-T06",2025-02-11,0.00694034705695206,NA,0.00634221740272312
"TER-PRIBS-T06",2025-02-12,NA,NA,NA
"TER-PRIBS-T06",2025-02-13,NA,NA,NA
"TER-PRIBS-T06",2025-02-14,NA,NA,NA
"TER-PRIBS-T06",2025-02-15,NA,NA,NA
"TER-PRIBS-T06",2025-02-16,NA,NA,NA
"TER-PRIBS-T06",2025-02-17,NA,NA,NA
"TER-PRIBS-T06",2025-02-18,NA,NA,NA
"TER-PRIBS-T06",2025-02-19,NA,NA,NA
"TER-PRIBS-T06",2025-02-20,NA,NA,NA
"TER-PRIBS-T06",2025-02-21,NA,NA,NA
"TER-PRIBS-T06",2025-02-22,NA,NA,NA
"TER-PRIBS-T06",2025-02-23,NA,NA,NA
"TER-PRIBS-T06",2025-02-24,NA,NA,NA
"TER-PRIBS-T06",2025-02-25,NA,NA,NA
"TER-PRIBS-T06",2025-02-26,NA,NA,NA
"TER-PRIBS-T06",2025-02-27,NA,NA,NA
"TER-PRIBS-T06",2025-02-28,NA,NA,NA
"TER-PRIBS-T06",2025-03-01,NA,NA,NA
"TER-PRIBS-T06",2025-03-02,NA,NA,NA
"TER-PRIBS-T06",2025-03-03,NA,NA,NA
"TER-PRIBS-T06",2025-03-04,NA,NA,NA
"TER-PRIBS-T06",2025-03-05,NA,NA,NA
"TER-PRIBS-T06",2025-03-06,NA,NA,NA
"TER-PRIBS-T06",2025-03-07,NA,NA,NA
"TER-PRIBS-T06",2025-03-08,NA,NA,NA
"TER-PRIBS-T06",2025-03-09,NA,NA,NA
"TER-PRIBS-T06",2025-03-10,NA,NA,NA
"TER-PRIBS-T06",2025-03-11,NA,NA,NA
"TER-PRIBS-T06",2025-03-12,NA,NA,NA
"TER-PRIBS-T06",2025-03-13,NA,NA,NA
"TER-PRIBS-T06",2025-03-14,NA,NA,NA
"TER-PRIBS-T06",2025-03-15,NA,NA,NA
"TER-PRIBS-T06",2025-03-16,NA,NA,NA
"TER-PRIBS-T06",2025-03-17,NA,NA,NA
"TER-PRIBS-T06",2025-03-18,NA,NA,NA
"TER-PRIBS-T06",2025-03-19,NA,NA,NA
"TER-PRIBS-T06",2025-03-20,NA,NA,NA
"TER-PRIBS-T06",2025-03-21,NA,NA,NA
"TER-PRIBS-T06",2025-03-22,NA,NA,NA
"TER-PRIBS-T06",2025-03-23,NA,NA,NA
"TER-PRIBS-T06",2025-03-24,NA,NA,NA
"TER-PRIBS-T06",2025-03-25,NA,NA,NA
"TER-PRIBS-T06",2025-03-26,NA,NA,NA
"TER-PRIBS-T06",2025-03-27,NA,NA,NA
"TER-PRIBS-T06",2025-03-28,NA,NA,NA
"TER-PRIBS-T06",2025-03-29,NA,NA,NA
"TER-PRIBS-T06",2025-03-30,NA,NA,NA
"TER-PRIBS-T06",2025-03-31,NA,NA,NA
"TER-PRIBS-T06",2025-04-01,NA,NA,NA
"TER-PRIBS-T06",2025-04-02,NA,NA,NA
"TER-PRIBS-T06",2025-04-03,NA,NA,NA
"TER-PRIBS-T06",2025-04-04,NA,NA,NA
"TER-PRIBS-T06",2025-04-05,NA,NA,NA
"TER-PRIBS-T06",2025-04-06,NA,NA,NA
"TER-PRIBS-T06",2025-04-07,NA,NA,NA
"TER-PRIBS-T06",2025-04-08,NA,NA,NA
"TER-PRIBS-T06",2025-04-09,NA,NA,NA
"TER-PRIBS-T06",2025-04-10,NA,NA,NA
"TER-PRIBS-T06",2025-04-11,NA,NA,NA
"TER-PRIBS-T06",2025-04-12,NA,NA,NA
"TER-PRIBS-T06",2025-04-13,NA,NA,NA
"TER-PRIBS-T06",2025-04-14,NA,NA,NA
"TER-PRIBS-T06",2025-04-15,NA,NA,NA
"TER-PRIBS-T06",2025-04-16,NA,NA,NA
"TER-PRIBS-T06",2025-04-17,NA,NA,NA
"TER-PRIBS-T06",2025-04-18,NA,NA,NA
"TER-PRIBS-T06",2025-04-19,NA,NA,NA
"TER-PRIBS-T06",2025-04-20,NA,NA,NA
"TER-PRIBS-T06",2025-04-21,NA,NA,NA
"TER-PRIBS-T06",2025-04-22,NA,NA,NA
"TER-PRIBS-T06",2025-04-23,NA,NA,NA
"TER-PRIBS-T06",2025-04-24,NA,NA,NA
"TER-PRIBS-T06",2025-04-25,NA,NA,NA
"TER-PRIBS-T06",2025-04-26,NA,NA,NA
"TER-PRIBS-T06",2025-04-27,NA,NA,NA
"TER-PRIBS-T06",2025-04-28,NA,NA,NA
"TER-PRIBS-T06",2025-04-29,NA,NA,NA
"TER-PRIBS-T06",2025-04-30,NA,NA,NA
"TER-PRIBS-T06",2025-05-01,NA,NA,NA
"TER-PRIBS-T06",2025-05-02,NA,NA,NA
"TER-PRIBS-T06",2025-05-03,NA,NA,NA
"TER-PRIBS-T06",2025-05-04,NA,NA,NA
"TER-PRIBS-T06",2025-05-05,NA,NA,NA
"TER-PRIBS-T06",2025-05-06,NA,NA,NA
"TER-PRIBS-T06",2025-05-07,NA,NA,NA
"TER-PRIBS-T06",2025-05-08,NA,NA,NA
"TER-PRIBS-T06",2025-05-09,NA,NA,NA
"TER-PRIBS-T06",2025-05-10,NA,NA,NA
"TER-PRIBS-T06",2025-05-11,NA,NA,NA
"TER-PRIBS-T06",2025-05-12,NA,NA,NA
"TER-PRIBS-T06",2025-05-13,NA,NA,NA
"TER-PRIBS-T06",2025-05-14,NA,NA,NA
"TER-PRIBS-T06",2025-05-15,NA,NA,NA
"TER-PRIBS-T06",2025-05-16,NA,NA,NA
"TER-PRIBS-T06",2025-05-17,NA,NA,NA
"TER-PRIBS-T06",2025-05-18,NA,NA,NA
"TER-PRIBS-T06",2025-05-19,NA,NA,NA
"TER-PRIBS-T06",2025-05-20,NA,NA,NA
"TER-PRIBS-T06",2025-05-21,NA,NA,NA
"TER-PRIBS-T06",2025-05-22,NA,NA,NA
"TER-PRIBS-T06",2025-05-23,NA,NA,NA
"TER-PRIBS-T06",2025-05-24,NA,NA,NA
"TER-PRIBS-T06",2025-05-25,NA,NA,NA
"TER-PRIBS-T06",2025-05-26,NA,NA,NA
"TER-PRIBS-T06",2025-05-27,NA,NA,NA
"TER-PRIBS-T06",2025-05-28,NA,NA,NA
"TER-PRIBS-T06",2025-05-29,NA,NA,NA
"TER-PRIBS-T06",2025-05-30,NA,NA,NA
"TER-PRIBS-T06",2025-05-31,NA,NA,NA
"TER-PRIBS-T06",2025-06-01,NA,NA,NA
"TER-PRIBS-T06",2025-06-02,NA,NA,NA
"TER-PRIBS-T06",2025-06-03,NA,NA,NA
"TER-PRIBS-T06",2025-06-04,NA,NA,NA
"TER-PRIBS-T06",2025-06-05,NA,NA,NA
"TER-PRIBS-T06",2025-06-06,NA,NA,NA
"TER-PRIBS-T06",2025-06-07,NA,NA,NA
"TER-PRIBS-T06",2025-06-08,NA,NA,NA
"TER-PRIBS-T06",2025-06-09,NA,NA,NA
"TER-PRIBS-T06",2025-06-10,NA,NA,NA
"TER-PRIBS-T06",2025-06-11,NA,NA,NA
"TER-PRIBS-T06",2025-06-12,NA,NA,NA
"TER-PRIBS-T09",2023-08-09,NA,NA,NA
"TER-PRIBS-T09",2023-08-10,NA,NA,NA
"TER-PRIBS-T09",2023-08-11,NA,NA,NA
"TER-PRIBS-T09",2023-08-12,NA,NA,NA
"TER-PRIBS-T09",2023-08-13,NA,NA,NA
"TER-PRIBS-T09",2023-08-14,NA,NA,NA
"TER-PRIBS-T09",2023-08-15,NA,NA,NA
"TER-PRIBS-T09",2023-08-16,NA,NA,NA
"TER-PRIBS-T09",2023-08-17,NA,NA,NA
"TER-PRIBS-T09",2023-08-18,NA,NA,NA
"TER-PRIBS-T09",2023-08-19,NA,NA,NA
"TER-PRIBS-T09",2023-08-20,NA,NA,NA
"TER-PRIBS-T09",2023-08-21,NA,NA,NA
"TER-PRIBS-T09",2023-08-22,NA,NA,NA
"TER-PRIBS-T09",2023-08-23,NA,NA,NA
"TER-PRIBS-T09",2023-08-24,NA,NA,NA
"TER-PRIBS-T09",2023-08-25,NA,NA,NA
"TER-PRIBS-T09",2023-08-26,NA,NA,NA
"TER-PRIBS-T09",2023-08-27,NA,NA,NA
"TER-PRIBS-T09",2023-08-28,NA,NA,NA
"TER-PRIBS-T09",2023-08-29,NA,NA,NA
"TER-PRIBS-T09",2023-08-30,NA,NA,NA
"TER-PRIBS-T09",2023-08-31,NA,NA,NA
"TER-PRIBS-T09",2023-09-01,NA,NA,NA
"TER-PRIBS-T09",2023-09-02,NA,NA,NA
"TER-PRIBS-T09",2023-09-03,NA,NA,NA
"TER-PRIBS-T09",2023-09-04,NA,NA,NA
"TER-PRIBS-T09",2023-09-05,NA,NA,NA
"TER-PRIBS-T09",2023-09-06,NA,NA,NA
"TER-PRIBS-T09",2023-09-07,NA,NA,NA
"TER-PRIBS-T09",2023-09-08,NA,NA,NA
"TER-PRIBS-T09",2023-09-09,NA,NA,NA
"TER-PRIBS-T09",2023-09-10,NA,NA,NA
"TER-PRIBS-T09",2023-09-11,NA,NA,NA
"TER-PRIBS-T09",2023-09-12,NA,NA,NA
"TER-PRIBS-T09",2023-09-13,NA,NA,NA
"TER-PRIBS-T09",2023-09-14,NA,NA,NA
"TER-PRIBS-T09",2023-09-15,NA,NA,NA
"TER-PRIBS-T09",2023-09-16,NA,NA,NA
"TER-PRIBS-T09",2023-09-17,NA,NA,NA
"TER-PRIBS-T09",2023-09-18,NA,NA,NA
"TER-PRIBS-T09",2023-09-19,NA,NA,NA
"TER-PRIBS-T09",2023-09-20,NA,NA,NA
"TER-PRIBS-T09",2023-09-21,NA,NA,NA
"TER-PRIBS-T09",2023-09-22,NA,NA,NA
"TER-PRIBS-T09",2023-09-23,NA,NA,NA
"TER-PRIBS-T09",2023-09-24,NA,NA,NA
"TER-PRIBS-T09",2023-09-25,NA,NA,NA
"TER-PRIBS-T09",2023-09-26,NA,NA,NA
"TER-PRIBS-T09",2023-09-27,NA,NA,NA
"TER-PRIBS-T09",2023-09-28,NA,NA,NA
"TER-PRIBS-T09",2023-09-29,NA,NA,NA
"TER-PRIBS-T09",2023-09-30,NA,NA,NA
"TER-PRIBS-T09",2023-10-01,NA,NA,NA
"TER-PRIBS-T09",2023-10-02,NA,NA,NA
"TER-PRIBS-T09",2023-10-03,NA,NA,NA
"TER-PRIBS-T09",2023-10-04,NA,NA,NA
"TER-PRIBS-T09",2023-10-05,NA,NA,NA
"TER-PRIBS-T09",2023-10-06,NA,NA,NA
"TER-PRIBS-T09",2023-10-07,NA,NA,NA
"TER-PRIBS-T09",2023-10-08,NA,NA,NA
"TER-PRIBS-T09",2023-10-09,NA,NA,NA
"TER-PRIBS-T09",2023-10-10,NA,NA,NA
"TER-PRIBS-T09",2023-10-11,NA,NA,NA
"TER-PRIBS-T09",2023-10-12,NA,NA,NA
"TER-PRIBS-T09",2023-10-13,NA,NA,NA
"TER-PRIBS-T09",2023-10-14,NA,NA,NA
"TER-PRIBS-T09",2023-10-15,NA,NA,NA
"TER-PRIBS-T09",2023-10-16,NA,NA,NA
"TER-PRIBS-T09",2023-10-17,NA,NA,NA
"TER-PRIBS-T09",2023-10-18,NA,NA,NA
"TER-PRIBS-T09",2023-10-19,NA,NA,NA
"TER-PRIBS-T09",2023-10-20,NA,NA,NA
"TER-PRIBS-T09",2023-10-21,NA,NA,NA
"TER-PRIBS-T09",2023-10-22,NA,NA,NA
"TER-PRIBS-T09",2023-10-23,NA,NA,NA
"TER-PRIBS-T09",2023-10-24,NA,NA,NA
"TER-PRIBS-T09",2023-10-25,NA,NA,NA
"TER-PRIBS-T09",2023-10-26,NA,NA,NA
"TER-PRIBS-T09",2023-10-27,NA,NA,NA
"TER-PRIBS-T09",2023-10-28,NA,NA,NA
"TER-PRIBS-T09",2023-10-29,NA,NA,NA
"TER-PRIBS-T09",2023-10-30,NA,NA,NA
"TER-PRIBS-T09",2023-10-31,NA,NA,NA
"TER-PRIBS-T09",2023-11-01,NA,NA,NA
"TER-PRIBS-T09",2023-11-02,NA,NA,NA
"TER-PRIBS-T09",2023-11-03,NA,NA,NA
"TER-PRIBS-T09",2023-11-04,NA,NA,NA
"TER-PRIBS-T09",2023-11-05,NA,NA,NA
"TER-PRIBS-T09",2023-11-06,NA,NA,NA
"TER-PRIBS-T09",2023-11-07,NA,NA,NA
"TER-PRIBS-T09",2023-11-08,NA,NA,NA
"TER-PRIBS-T09",2023-11-09,NA,NA,NA
"TER-PRIBS-T09",2023-11-10,NA,NA,NA
"TER-PRIBS-T09",2023-11-11,NA,NA,NA
"TER-PRIBS-T09",2023-11-12,NA,NA,NA
"TER-PRIBS-T09",2023-11-13,NA,NA,NA
"TER-PRIBS-T09",2023-11-14,NA,NA,NA
"TER-PRIBS-T09",2023-11-15,NA,NA,NA
"TER-PRIBS-T09",2023-11-16,NA,NA,NA
"TER-PRIBS-T09",2023-11-17,NA,NA,NA
"TER-PRIBS-T09",2023-11-18,NA,NA,NA
"TER-PRIBS-T09",2023-11-19,NA,NA,NA
"TER-PRIBS-T09",2023-11-20,NA,NA,NA
"TER-PRIBS-T09",2023-11-21,NA,NA,NA
"TER-PRIBS-T09",2023-11-22,NA,NA,NA
"TER-PRIBS-T09",2023-11-23,NA,NA,NA
"TER-PRIBS-T09",2023-11-24,NA,NA,NA
"TER-PRIBS-T09",2023-11-25,NA,NA,NA
"TER-PRIBS-T09",2023-11-26,NA,NA,NA
"TER-PRIBS-T09",2023-11-27,NA,NA,NA
"TER-PRIBS-T09",2023-11-28,NA,NA,NA
"TER-PRIBS-T09",2023-11-29,NA,NA,NA
"TER-PRIBS-T09",2023-11-30,NA,NA,NA
"TER-PRIBS-T09",2023-12-01,NA,NA,NA
"TER-PRIBS-T09",2023-12-02,NA,NA,NA
"TER-PRIBS-T09",2023-12-03,NA,NA,NA
"TER-PRIBS-T09",2023-12-04,NA,NA,NA
"TER-PRIBS-T09",2023-12-05,NA,NA,NA
"TER-PRIBS-T09",2023-12-06,NA,NA,NA
"TER-PRIBS-T09",2023-12-07,NA,NA,NA
"TER-PRIBS-T09",2023-12-08,NA,NA,NA
"TER-PRIBS-T09",2023-12-09,NA,NA,NA
"TER-PRIBS-T09",2023-12-10,NA,NA,NA
"TER-PRIBS-T09",2023-12-11,NA,NA,NA
"TER-PRIBS-T09",2023-12-12,NA,NA,NA
"TER-PRIBS-T09",2023-12-13,NA,NA,NA
"TER-PRIBS-T09",2023-12-14,NA,NA,NA
"TER-PRIBS-T09",2023-12-15,NA,NA,NA
"TER-PRIBS-T09",2023-12-16,NA,NA,NA
"TER-PRIBS-T09",2023-12-17,NA,NA,NA
"TER-PRIBS-T09",2023-12-18,NA,NA,NA
"TER-PRIBS-T09",2023-12-19,NA,NA,NA
"TER-PRIBS-T09",2023-12-20,NA,NA,NA
"TER-PRIBS-T09",2023-12-21,NA,NA,NA
"TER-PRIBS-T09",2023-12-22,NA,NA,NA
"TER-PRIBS-T09",2023-12-23,NA,NA,NA
"TER-PRIBS-T09",2023-12-24,NA,NA,NA
"TER-PRIBS-T09",2023-12-25,NA,NA,NA
"TER-PRIBS-T09",2023-12-26,NA,NA,NA
"TER-PRIBS-T09",2023-12-27,NA,NA,NA
"TER-PRIBS-T09",2023-12-28,NA,NA,NA
"TER-PRIBS-T09",2023-12-29,NA,NA,NA
"TER-PRIBS-T09",2023-12-30,NA,NA,NA
"TER-PRIBS-T09",2023-12-31,NA,NA,NA
"TER-PRIBS-T09",2024-01-01,NA,NA,NA
"TER-PRIBS-T09",2024-01-02,NA,NA,NA
"TER-PRIBS-T09",2024-01-03,NA,NA,NA
"TER-PRIBS-T09",2024-01-04,NA,NA,NA
"TER-PRIBS-T09",2024-01-05,NA,NA,NA
"TER-PRIBS-T09",2024-01-06,NA,NA,NA
"TER-PRIBS-T09",2024-01-07,NA,NA,NA
"TER-PRIBS-T09",2024-01-08,NA,NA,NA
"TER-PRIBS-T09",2024-01-09,NA,NA,NA
"TER-PRIBS-T09",2024-01-10,NA,NA,NA
"TER-PRIBS-T09",2024-01-11,NA,NA,NA
"TER-PRIBS-T09",2024-01-12,NA,NA,NA
"TER-PRIBS-T09",2024-01-13,NA,NA,NA
"TER-PRIBS-T09",2024-01-14,NA,NA,NA
"TER-PRIBS-T09",2024-01-15,NA,NA,NA
"TER-PRIBS-T09",2024-01-16,NA,NA,NA
"TER-PRIBS-T09",2024-01-17,NA,NA,NA
"TER-PRIBS-T09",2024-01-18,NA,NA,NA
"TER-PRIBS-T09",2024-01-19,NA,NA,NA
"TER-PRIBS-T09",2024-01-20,NA,NA,NA
"TER-PRIBS-T09",2024-01-21,NA,NA,NA
"TER-PRIBS-T09",2024-01-22,NA,NA,NA
"TER-PRIBS-T09",2024-01-23,NA,NA,NA
"TER-PRIBS-T09",2024-01-24,NA,NA,NA
"TER-PRIBS-T09",2024-01-25,NA,NA,NA
"TER-PRIBS-T09",2024-01-26,NA,NA,NA
"TER-PRIBS-T09",2024-01-27,NA,NA,NA
"TER-PRIBS-T09",2024-01-28,NA,NA,NA
"TER-PRIBS-T09",2024-01-29,NA,NA,NA
"TER-PRIBS-T09",2024-01-30,NA,NA,NA
"TER-PRIBS-T09",2024-01-31,NA,NA,NA
"TER-PRIBS-T09",2024-02-01,NA,NA,NA
"TER-PRIBS-T09",2024-02-02,NA,NA,NA
"TER-PRIBS-T09",2024-02-03,NA,NA,NA
"TER-PRIBS-T09",2024-02-04,NA,NA,NA
"TER-PRIBS-T09",2024-02-05,NA,NA,NA
"TER-PRIBS-T09",2024-02-06,NA,NA,NA
"TER-PRIBS-T09",2024-02-07,NA,NA,NA
"TER-PRIBS-T09",2024-02-08,NA,NA,NA
"TER-PRIBS-T09",2024-02-09,NA,NA,NA
"TER-PRIBS-T09",2024-02-10,NA,NA,NA
"TER-PRIBS-T09",2024-02-11,NA,NA,NA
"TER-PRIBS-T09",2024-02-12,NA,NA,NA
"TER-PRIBS-T09",2024-02-13,NA,NA,NA
"TER-PRIBS-T09",2024-02-14,NA,NA,NA
"TER-PRIBS-T09",2024-02-15,NA,NA,NA
"TER-PRIBS-T09",2024-02-16,NA,NA,NA
"TER-PRIBS-T09",2024-02-17,NA,NA,NA
"TER-PRIBS-T09",2024-02-18,NA,NA,NA
"TER-PRIBS-T09",2024-02-19,NA,NA,NA
"TER-PRIBS-T09",2024-02-20,NA,NA,NA
"TER-PRIBS-T09",2024-02-21,NA,NA,NA
"TER-PRIBS-T09",2024-02-22,NA,NA,NA
"TER-PRIBS-T09",2024-02-23,NA,NA,NA
"TER-PRIBS-T09",2024-02-24,NA,NA,NA
"TER-PRIBS-T09",2024-02-25,NA,NA,NA
"TER-PRIBS-T09",2024-02-26,NA,NA,NA
"TER-PRIBS-T09",2024-02-27,NA,NA,NA
"TER-PRIBS-T09",2024-02-28,NA,NA,NA
"TER-PRIBS-T09",2024-02-29,NA,NA,NA
"TER-PRIBS-T09",2024-03-01,NA,NA,NA
"TER-PRIBS-T09",2024-03-02,NA,NA,NA
"TER-PRIBS-T09",2024-03-03,NA,NA,NA
"TER-PRIBS-T09",2024-03-04,NA,NA,NA
"TER-PRIBS-T09",2024-03-05,NA,NA,NA
"TER-PRIBS-T09",2024-03-06,NA,NA,NA
"TER-PRIBS-T09",2024-03-07,NA,NA,NA
"TER-PRIBS-T09",2024-03-08,NA,NA,NA
"TER-PRIBS-T09",2024-03-09,NA,NA,NA
"TER-PRIBS-T09",2024-03-10,NA,NA,NA
"TER-PRIBS-T09",2024-03-11,NA,NA,NA
"TER-PRIBS-T09",2024-03-12,NA,NA,NA
"TER-PRIBS-T09",2024-03-13,NA,NA,NA
"TER-PRIBS-T09",2024-03-14,NA,NA,NA
"TER-PRIBS-T09",2024-03-15,NA,NA,NA
"TER-PRIBS-T09",2024-03-16,NA,NA,NA
"TER-PRIBS-T09",2024-03-17,NA,NA,NA
"TER-PRIBS-T09",2024-03-18,NA,NA,NA
"TER-PRIBS-T09",2024-03-19,NA,NA,NA
"TER-PRIBS-T09",2024-03-20,NA,NA,NA
"TER-PRIBS-T09",2024-03-21,NA,NA,NA
"TER-PRIBS-T09",2024-03-22,NA,NA,NA
"TER-PRIBS-T09",2024-03-23,NA,NA,NA
"TER-PRIBS-T09",2024-03-24,NA,NA,NA
"TER-PRIBS-T09",2024-03-25,NA,NA,NA
"TER-PRIBS-T09",2024-03-26,0.035968461399533,0.044212372855778,0.0559733963222096
"TER-PRIBS-T09",2024-03-27,0.172246879661626,0.200255302828782,0.226637218087492
"TER-PRIBS-T09",2024-03-28,0.0796433486200509,0.122769959419141,0.141358689194976
"TER-PRIBS-T09",2024-03-29,0.0575909589341847,0.0877736199080129,0.0906548862631973
"TER-PRIBS-T09",2024-03-30,0.017978890034128,0.0691120225575309,0.050725057996267
"TER-PRIBS-T09",2024-03-31,0.0837240884092787,0.102823495907277,0.116261620324548
"TER-PRIBS-T09",2024-04-01,0.152280150115066,0.213929331197884,0.24254270880013
"TER-PRIBS-T09",2024-04-02,0.0775859321349305,0.108385324579934,0.104992038879236
"TER-PRIBS-T09",2024-04-03,0.0626483708733858,0.0879175206567409,0.100118699154978
"TER-PRIBS-T09",2024-04-04,0.112388977622694,0.160720130554858,0.170069210256167
"TER-PRIBS-T09",2024-04-05,0.071688589594415,0.102435948168581,0.096927870385688
"TER-PRIBS-T09",2024-04-06,0.164228590615377,0.198512535381398,0.200861775844205
"TER-PRIBS-T09",2024-04-07,0.146712621060323,0.199113282307432,0.214251468005026
"TER-PRIBS-T09",2024-04-08,0.0167830228761271,0.0410858364378924,0.0543292185746877
"TER-PRIBS-T09",2024-04-09,0.0285887843812315,0.0393674796783803,0.0535819597829762
"TER-PRIBS-T09",2024-04-10,0.00179746444262547,0.00756191626697645,0.00634946799297702
"TER-PRIBS-T09",2024-04-11,0.0131944318683358,0,0.00426224668910876
"TER-PRIBS-T09",2024-04-12,0.0527476071505231,0.0790203605181122,0.107244118808807
"TER-PRIBS-T09",2024-04-13,0,0,0
"TER-PRIBS-T09",2024-04-14,0.00581043295844762,0.00218455239414667,0.0241471431676816
"TER-PRIBS-T09",2024-04-15,0,0,0.00218455239414667
"TER-PRIBS-T09",2024-04-16,0,0,0
"TER-PRIBS-T09",2024-04-17,0.00473704539195328,0,0.00710294222556206
"TER-PRIBS-T09",2024-04-18,0.0592370030598016,0.0767745411384434,0.0707131426456409
"TER-PRIBS-T09",2024-04-19,0.137428362941369,0.164842143539003,0.1814231396386
"TER-PRIBS-T09",2024-04-20,0.13658995876063,0.16587088318666,0.170274173706055
"TER-PRIBS-T09",2024-04-21,0.0928301488794617,0.118325067097493,0.126496723699761
"TER-PRIBS-T09",2024-04-22,0.0583460369277417,0.0807262213952718,0.0913573834740942
"TER-PRIBS-T09",2024-04-23,0.0494917276317895,0.0576059212498212,0.0542790831817616
"TER-PRIBS-T09",2024-04-24,0.0844258555067626,0.0970217588206303,0.119346506177484
"TER-PRIBS-T09",2024-04-25,0.130043044476005,0.143325565523303,0.166985195491484
"TER-PRIBS-T09",2024-04-26,0.0990596964126828,0.121877173184412,0.133330020258399
"TER-PRIBS-T09",2024-04-27,0.101739164939802,0.109312923977778,0.125428706515291
"TER-PRIBS-T09",2024-04-28,0.15458299292698,0.181626582138701,0.204713670428862
"TER-PRIBS-T09",2024-04-29,0.125179027151265,0.139379848089821,0.145721489467071
"TER-PRIBS-T09",2024-04-30,0.105376083416397,0.165638814242019,0.185708999302031
"TER-PRIBS-T09",2024-05-01,0.0813116149177043,0.0902853891418518,0.103101881127867
"TER-PRIBS-T09",2024-05-02,0.0285989130066787,0.0376495742676756,0.0482726774558233
"TER-PRIBS-T09",2024-05-03,0.0646994709591833,0.11081801764835,0.132501872722743
"TER-PRIBS-T09",2024-05-04,0.182030859735925,0.284088195046423,0.324452865014656
"TER-PRIBS-T09",2024-05-05,0.158740659262539,0.181665779520863,0.204784012319173
"TER-PRIBS-T09",2024-05-06,0.0270492125540232,0.0176174695729494,0.0319556791714085
"TER-PRIBS-T09",2024-05-07,0.0565205986161455,0.0560035362910842,0.0753329881185652
"TER-PRIBS-T09",2024-05-08,0.0773655270183176,0.111095766190238,0.10984293950396
"TER-PRIBS-T09",2024-05-09,0.213309722886504,0.255096879632273,0.276427077901971
"TER-PRIBS-T09",2024-05-10,0.266509651185081,0.274089349854028,0.275949363216693
"TER-PRIBS-T09",2024-05-11,0.117594552481363,0.125493987577559,0.137791037966123
"TER-PRIBS-T09",2024-05-12,0.340400813929523,0.325599940046179,0.353566251008051
"TER-PRIBS-T09",2024-05-13,0.10253640909403,0.129793735132651,0.145836935269288
"TER-PRIBS-T09",2024-05-14,0.11588875991725,0.102261811618966,0.120320874117717
"TER-PRIBS-T09",2024-05-15,0.106518250297234,0.107702535145299,0.119772147950486
"TER-PRIBS-T09",2024-05-16,0.0274938154753664,0.0634988278902646,0.0563226308760077
"TER-PRIBS-T09",2024-05-17,0.136403741814781,0.185093157184258,0.225797919656754
"TER-PRIBS-T09",2024-05-18,0.177550333395439,0.21916709865655,0.243574361068554
"TER-PRIBS-T09",2024-05-19,0.166466244877849,0.187943771956156,0.186702936078935
"TER-PRIBS-T09",2024-05-20,0.131288789647896,0.141293314415505,0.164715656247707
"TER-PRIBS-T09",2024-05-21,0.134852473730703,NA,NA
"TER-PRIBS-T09",2024-05-22,0.122271595821903,0.107084439983591,0.118754412394965
"TER-PRIBS-T09",2024-05-23,0.0236930784924021,0.0395629514022626,0.0250794466214715
"TER-PRIBS-T09",2024-05-24,0.0771811451522624,0.21170490562498,0.222256377287656
"TER-PRIBS-T09",2024-05-25,0.0483105220866416,0.226110940678476,0.249121803166917
"TER-PRIBS-T09",2024-05-26,0.0248014802917893,0.141965471576622,0.171244577543732
"TER-PRIBS-T09",2024-05-27,0.111373268484824,0.160274617027842,0.184952566216749
"TER-PRIBS-T09",2024-05-28,0.164225560533984,0.153329190675364,0.167585987434331
"TER-PRIBS-T09",2024-05-29,0.0227286923094933,0.0256686728681932,0.0139199724396417
"TER-PRIBS-T09",2024-05-30,0.0104659654660755,0.215194821771815,0.216070041917683
"TER-PRIBS-T09",2024-05-31,0.0218701901303955,0.0736259316653662,0.0796769647483851
"TER-PRIBS-T09",2024-06-01,0.0154777274208762,0.135416437088865,0.144482696359239
"TER-PRIBS-T09",2024-06-02,0.0127101552306722,0.0797795883262408,0.0867387638183195
"TER-PRIBS-T09",2024-06-03,0.00822667585050413,0.0255858679909481,0.0061244769150617
"TER-PRIBS-T09",2024-06-04,0.013443582440268,0.0809926356646703,0.1019135682237
"TER-PRIBS-T09",2024-06-05,0.0131275028796026,0.0512655570890951,0.0548702632647565
"TER-PRIBS-T09",2024-06-06,0.011871476096605,0.106294658018155,0.130791747125856
"TER-PRIBS-T09",2024-06-07,0.0220036239473336,0.0812023924522554,0.0899548870922196
"TER-PRIBS-T09",2024-06-08,0.0520246458536461,0.142187427917303,0.164036184144926
"TER-PRIBS-T09",2024-06-09,0.0192476401913354,0.102146877977679,0.117154201273377
"TER-PRIBS-T09",2024-06-10,0.010605521157195,0.133041453997214,0.149208277311109
"TER-PRIBS-T09",2024-06-11,0.0304990545103242,0.237629288163309,0.268865425790551
"TER-PRIBS-T09",2024-06-12,0.0787747256686553,0.28898581164157,0.33497540504019
"TER-PRIBS-T09",2024-06-13,0.0356802979642926,0.171520501663389,0.185489015902331
"TER-PRIBS-T09",2024-06-14,0.0256257825578694,0.194186207179069,0.218609972255422
"TER-PRIBS-T09",2024-06-15,0.0410214577733398,0.17082892835249,0.186976452924521
"TER-PRIBS-T09",2024-06-16,0.0848326646589527,0.219209143794362,0.242003870844756
"TER-PRIBS-T09",2024-06-17,0.0160582147581465,0.158007829639451,0.179619815811619
"TER-PRIBS-T09",2024-06-18,0.0479330892553638,0.131746357884605,0.149521333353051
"TER-PRIBS-T09",2024-06-19,0.0401815634537156,0.175865809581921,0.201911396508473
"TER-PRIBS-T09",2024-06-20,0.0578800297435023,0.251335727879653,0.267013506171267
"TER-PRIBS-T09",2024-06-21,0.0813598071383174,0.238294133820346,0.247696457407859
"TER-PRIBS-T09",2024-06-22,0.0578375132797512,0.238329542103301,0.254875994237203
"TER-PRIBS-T09",2024-06-23,0.0879795569612662,0.205120764170893,0.20056825894494
"TER-PRIBS-T09",2024-06-24,0.0135260446298705,0.0327002810614202,0.0578826401317429
"TER-PRIBS-T09",2024-06-25,0.00587893926786503,0.255487629734192,0.267807219650346
"TER-PRIBS-T09",2024-06-26,NA,NA,NA
"TER-PRIBS-T09",2024-06-27,0.0923399931321324,0.122574083228975,0.135526238556241
"TER-PRIBS-T09",2024-06-28,0.109185037780824,0.135909176664836,0.150489637414921
"TER-PRIBS-T09",2024-06-29,0.0196381883915635,0.159917596551929,0.175599518029846
"TER-PRIBS-T09",2024-06-30,0.0658228303075092,0.0824857367392291,0.0823499170818801
"TER-PRIBS-T09",2024-07-01,0.137867270111702,0.202612413519704,0.198724922465612
"TER-PRIBS-T09",2024-07-02,0.168962494475393,0.249569326917756,0.252199120170902
"TER-PRIBS-T09",2024-07-03,0.13993042984592,0.224705592126054,0.226950619139633
"TER-PRIBS-T09",2024-07-04,0.15019666844446,0.218072685176614,0.21136835233644
"TER-PRIBS-T09",2024-07-05,0.165200616507501,0.233666734879946,0.222290177180514
"TER-PRIBS-T09",2024-07-06,0.158595488082295,0.22137387997996,0.230984837062851
"TER-PRIBS-T09",2024-07-07,0.288800380574921,0.352023735231396,0.33643723737178
"TER-PRIBS-T09",2024-07-08,0.151190264136521,0.186309483925777,0.163938950854594
"TER-PRIBS-T09",2024-07-09,0.177309886679641,0.213693973542318,0.188428242422301
"TER-PRIBS-T09",2024-07-10,0.176976984572817,0.221926731331748,0.215941731070965
"TER-PRIBS-T09",2024-07-11,0.105886315259318,0.153035724211109,0.152254491799147
"TER-PRIBS-T09",2024-07-12,0.0688359404255622,0.224059780483636,0.250429997225924
"TER-PRIBS-T09",2024-07-13,0.0386631559337015,0.172249352378628,0.181812071454912
"TER-PRIBS-T09",2024-07-14,0.111845528880458,0.283775547461704,0.268639232522716
"TER-PRIBS-T09",2024-07-15,0.0415342271640506,0.13783038708414,0.137691990636907
"TER-PRIBS-T09",2024-07-16,0.121953422319232,0.249994072713265,0.230370462996662
"TER-PRIBS-T09",2024-07-17,0.0430439116562487,0.0984410543126822,0.0956031609446918
"TER-PRIBS-T09",2024-07-18,0.0648889338499597,0.148367805000628,0.149529887094819
"TER-PRIBS-T09",2024-07-19,NA,0.315128126683486,0.300687272656868
"TER-PRIBS-T09",2024-07-20,0.101387487674342,0.167765772449395,0.167314016808892
"TER-PRIBS-T09",2024-07-21,0.131099886115066,0.208100306685501,0.205073163400426
"TER-PRIBS-T09",2024-07-22,0.164412475065011,0.271570308043413,0.259486365431539
"TER-PRIBS-T09",2024-07-23,0.152527746118705,0.238551742796948,0.233673663676627
"TER-PRIBS-T09",2024-07-24,0.0996720811875929,0.184354796916929,0.177517024962272
"TER-PRIBS-T09",2024-07-25,0.140159316739999,0.245364570026483,0.243742090895048
"TER-PRIBS-T09",2024-07-26,0.178566511426371,0.227950973708373,0.201288455558646
"TER-PRIBS-T09",2024-07-27,0.0826931552598961,0.144434528164492,0.14974612313288
"TER-PRIBS-T09",2024-07-28,0.132749985056756,0.214759360385146,0.198801975104118
"TER-PRIBS-T09",2024-07-29,0.0314325504827646,0.1697829703353,0.172658416807463
"TER-PRIBS-T09",2024-07-30,0.0128117686441587,0.1652357687204,0.172079999652905
"TER-PRIBS-T09",2024-07-31,0.0310057978274024,0.17329790697489,0.182194816328612
"TER-PRIBS-T09",2024-08-01,0.0545569331609906,0.167116812381698,0.167811173051603
"TER-PRIBS-T09",2024-08-02,0.0894765826161319,0.167521487037732,0.162442268563933
"TER-PRIBS-T09",2024-08-03,0.1123740665748,0.270128918562848,0.263666358974205
"TER-PRIBS-T09",2024-08-04,0.123475858179913,0.252452144552208,0.259209474979086
"TER-PRIBS-T09",2024-08-05,0.245098496859758,0.396348390456521,0.363437039150964
"TER-PRIBS-T09",2024-08-06,0.0423068520783506,0.138699144156467,0.142809077676099
"TER-PRIBS-T09",2024-08-07,0.124666741057028,0.254256670914102,0.271822477964608
"TER-PRIBS-T09",2024-08-08,0.15909332971976,0.272454675129134,0.323608449233542
"TER-PRIBS-T09",2024-08-09,0.143260878558024,0.262455486624127,0.284955621541202
"TER-PRIBS-T09",2024-08-10,0.156162440287696,0.216600334369045,0.197201527557975
"TER-PRIBS-T09",2024-08-11,0.147889967218342,0.281869298923976,0.275207497329515
"TER-PRIBS-T09",2024-08-12,0.247827062909817,0.369001864355082,0.371567837641986
"TER-PRIBS-T09",2024-08-13,0.174980371593958,0.235873817435728,0.273246754188788
"TER-PRIBS-T09",2024-08-14,0.10658386049183,0.180004515534885,0.1909254374224
"TER-PRIBS-T09",2024-08-15,0.171351123112425,0.27230960474518,0.290795175449117
"TER-PRIBS-T09",2024-08-16,0.117871465349745,0.199013515844773,0.227524399002277
"TER-PRIBS-T09",2024-08-17,0.148725047374981,0.254830946195206,0.273889114259732
"TER-PRIBS-T09",2024-08-18,0.147521265263259,0.24806804433657,0.247903576141586
"TER-PRIBS-T09",2024-08-19,0.220076931579805,0.361549958920926,0.371751108653273
"TER-PRIBS-T09",2024-08-20,0.0297524919561191,0.0892138731109754,0.101014630148229
"TER-PRIBS-T09",2024-08-21,0.0897847373590319,0.213363542492531,0.230219969052105
"TER-PRIBS-T09",2024-08-22,0.160377158650758,0.354100614479238,0.336269811648756
"TER-PRIBS-T09",2024-08-23,0.217561644333544,0.303582880024455,0.309374266377926
"TER-PRIBS-T09",2024-08-24,0.150061007250773,0.366846548780163,0.361104813575779
"TER-PRIBS-T09",2024-08-25,0.209737734240929,0.352182222344781,0.313955619383739
"TER-PRIBS-T09",2024-08-26,0.123825070588169,0.306019505093804,0.294854427023602
"TER-PRIBS-T09",2024-08-27,0.118254608457418,0.320189113585335,0.285785404399282
"TER-PRIBS-T09",2024-08-28,0.165558730586786,0.299881318070531,0.287559064849149
"TER-PRIBS-T09",2024-08-29,0.175839425330229,0.308383549712961,0.280426333575538
"TER-PRIBS-T09",2024-08-30,0.175837638459272,0.295396722942835,0.314562361243484
"TER-PRIBS-T09",2024-08-31,0.201702867031204,0.338574802386301,0.29775171504854
"TER-PRIBS-T09",2024-09-01,0.120344505832343,0.275160155614058,0.230116691512883
"TER-PRIBS-T09",2024-09-02,0.16673128822363,0.32358726660342,0.314001314830214
"TER-PRIBS-T09",2024-09-03,0.165692038306906,0.223514436374225,0.228065709745523
"TER-PRIBS-T09",2024-09-04,0.140589916536835,0.1885293536752,0.165237059755193
"TER-PRIBS-T09",2024-09-05,0.11323240669295,0.152669350819645,0.141489212403863
"TER-PRIBS-T09",2024-09-06,0.0883989214431874,0.0956013927146632,0.109736501068251
"TER-PRIBS-T09",2024-09-07,0.176344596158946,0.272880056089624,0.231342629307933
"TER-PRIBS-T09",2024-09-08,0.078231185614585,0.237465424404948,0.231570834743084
"TER-PRIBS-T09",2024-09-09,0.0844484816007774,0.163288778033042,0.161606730974393
"TER-PRIBS-T09",2024-09-10,0.0230534353927326,0.133293497488495,0.122179511260859
"TER-PRIBS-T09",2024-09-11,0.0414491209947061,0.249114699347221,0.253645367870148
"TER-PRIBS-T09",2024-09-12,0.124469016386785,0.202293689395687,0.192377397326983
"TER-PRIBS-T09",2024-09-13,0.143596212464378,0.259486861919091,0.247789317101359
"TER-PRIBS-T09",2024-09-14,0.0823065962746292,0.193661184430372,0.196157925440447
"TER-PRIBS-T09",2024-09-15,0.18328809907674,0.289197264748028,0.295882828607068
"TER-PRIBS-T09",2024-09-16,0.102338464798718,0.153507005716807,0.142464586949171
"TER-PRIBS-T09",2024-09-17,0.12616954565478,0.164917430937544,0.177005436230915
"TER-PRIBS-T09",2024-09-18,0.180740275714938,0.283588730336199,0.266692103117401
"TER-PRIBS-T09",2024-09-19,0.162706004874411,0.23509343808485,0.213776068369473
"TER-PRIBS-T09",2024-09-20,0.0143412876123923,0.208505425738357,0.210006663262074
"TER-PRIBS-T09",2024-09-21,0.0921682312144712,0.236810914276233,0.245853809288615
"TER-PRIBS-T09",2024-09-22,0.101684543556246,0.166663008333736,0.15893921633123
"TER-PRIBS-T09",2024-09-23,0.185523970870271,0.342472230103063,0.338123574866303
"TER-PRIBS-T09",2024-09-24,0.135463316191318,0.179707082150715,0.184204225154133
"TER-PRIBS-T09",2024-09-25,0.0804151333629585,0.274323869104263,0.237336714698754
"TER-PRIBS-T09",2024-09-26,0.0872995804942595,0.226492192982392,NA
"TER-PRIBS-T09",2024-09-27,0.0376141219873464,0.104137541481081,NA
"TER-PRIBS-T09",2024-09-28,0.09994071051629,0.150745970170306,NA
"TER-PRIBS-T09",2024-09-29,0.0656324920294703,0.0933823246922742,NA
"TER-PRIBS-T09",2024-09-30,0.0812605486678315,0.124436570326771,NA
"TER-PRIBS-T09",2024-10-01,0.0643190431090969,0.100100085713989,NA
"TER-PRIBS-T09",2024-10-02,0.0317213856425617,0.0463278135836557,NA
"TER-PRIBS-T09",2024-10-03,0.0423159533289036,0.059789657775396,NA
"TER-PRIBS-T09",2024-10-04,0.0912962750013304,0.111997084632712,NA
"TER-PRIBS-T09",2024-10-05,0.0175470264725113,0.196602523851574,NA
"TER-PRIBS-T09",2024-10-06,0.146583629125528,0.191788090070033,NA
"TER-PRIBS-T09",2024-10-07,0.0766393995088841,0.174598378226404,NA
"TER-PRIBS-T09",2024-10-08,0.173626786996367,0.223835676403554,NA
"TER-PRIBS-T09",2024-10-09,0.0463144414567067,0.0693284530584694,NA
"TER-PRIBS-T09",2024-10-10,0.0236957006764352,0.0975998800293656,NA
"TER-PRIBS-T09",2024-10-11,0.105074257216222,0.131659473604721,NA
"TER-PRIBS-T09",2024-10-12,0.149052499716135,0.215710718486416,NA
"TER-PRIBS-T09",2024-10-13,0.0220838340558666,0.0322631960968462,NA
"TER-PRIBS-T09",2024-10-14,0.00461061231372977,0.0349846393802376,NA
"TER-PRIBS-T09",2024-10-15,0.107283769012022,0.153029584931822,NA
"TER-PRIBS-T09",2024-10-16,0.124820407424114,0.166107709477358,NA
"TER-PRIBS-T09",2024-10-17,0.118519182664522,0.186475614410335,NA
"TER-PRIBS-T09",2024-10-18,0.0845004098491697,0.124708138549657,NA
"TER-PRIBS-T09",2024-10-19,0.101579049100387,0.115492354295381,NA
"TER-PRIBS-T09",2024-10-20,0.0356313456063838,0.135376220107886,NA
"TER-PRIBS-T09",2024-10-21,0.111547010027028,0.218941101586812,NA
"TER-PRIBS-T09",2024-10-22,0.092711073459189,0.121811251329235,NA
"TER-PRIBS-T09",2024-10-23,0.0149798069842162,0.0643247820971389,NA
"TER-PRIBS-T09",2024-10-24,0.147191517220828,0.119680281973314,NA
"TER-PRIBS-T09",2024-10-25,0.0951459613126164,0.11389588406014,NA
"TER-PRIBS-T09",2024-10-26,0.0771026102664271,0.134898914903127,NA
"TER-PRIBS-T09",2024-10-27,0.0581423552382716,0.0807935895528042,NA
"TER-PRIBS-T09",2024-10-28,0.133584974377572,0.178206876608907,NA
"TER-PRIBS-T09",2024-10-29,0.0396183823960225,0.0712984391879347,NA
"TER-PRIBS-T09",2024-10-30,0.053038760667981,0.0666343946622962,NA
"TER-PRIBS-T09",2024-10-31,0.0355998794338685,0.0425707965878516,NA
"TER-PRIBS-T09",2024-11-01,0.0171923764107195,0.031129385377973,NA
"TER-PRIBS-T09",2024-11-02,0.0290333492245471,0.118379346066037,NA
"TER-PRIBS-T09",2024-11-03,0.00786769120473734,0.0200679078901757,NA
"TER-PRIBS-T09",2024-11-04,0.0792233632491735,0.164543158734842,NA
"TER-PRIBS-T09",2024-11-05,0.0355232067800451,0.0714032836940743,NA
"TER-PRIBS-T09",2024-11-06,0.117756933411877,0.185250153378547,NA
"TER-PRIBS-T09",2024-11-07,0.128668967401734,0.191328793175229,NA
"TER-PRIBS-T09",2024-11-08,0.0221044287738429,0.0657521329000982,NA
"TER-PRIBS-T09",2024-11-09,0.056788296604226,0.0730752423731344,NA
"TER-PRIBS-T09",2024-11-10,0.0519391614048808,0.0899554361655598,NA
"TER-PRIBS-T09",2024-11-11,0.0207065218767012,0.0307389269644937,NA
"TER-PRIBS-T09",2024-11-12,0.0252158063053468,0.0422112032190343,NA
"TER-PRIBS-T09",2024-11-13,0.033949177694044,0.053731237884468,NA
"TER-PRIBS-T09",2024-11-14,0.0763256750410675,0.108116055320763,NA
"TER-PRIBS-T09",2024-11-15,0.0540037311481249,0.0620953996433483,NA
"TER-PRIBS-T09",2024-11-16,0.0458642150403063,0.0577424243826363,NA
"TER-PRIBS-T09",2024-11-17,0.0519730846426046,0.0598265395363365,NA
"TER-PRIBS-T09",2024-11-18,0.059921789094177,0.0691055973897942,NA
"TER-PRIBS-T09",2024-11-19,0.0495107586201253,0.0692290348631294,NA
"TER-PRIBS-T09",2024-11-20,0.0749729823623687,0.10692976317453,NA
"TER-PRIBS-T09",2024-11-21,0.0397234593031392,0.0557136289177273,NA
"TER-PRIBS-T09",2024-11-22,0.0364394552196666,0.0548960432490692,NA
"TER-PRIBS-T09",2024-11-23,0.0137352918323362,0.0771271438791666,NA
"TER-PRIBS-T09",2024-11-24,0.103977039546902,0.0877805833717511,NA
"TER-PRIBS-T09",2024-11-25,0.0853024386120548,0.136510929081542,NA
"TER-PRIBS-T09",2024-11-26,0.040355230819565,0.10033536629203,NA
"TER-PRIBS-T09",2024-11-27,0.0438995019799883,0.117316892192268,NA
"TER-PRIBS-T09",2024-11-28,0.113808685960357,0.128538945152677,NA
"TER-PRIBS-T09",2024-11-29,0.0828975334035443,0.097131214941931,NA
"TER-PRIBS-T09",2024-11-30,0.0587179596741556,0.0952418679763146,NA
"TER-PRIBS-T09",2024-12-01,0.038183688428217,0.0741241855598207,NA
"TER-PRIBS-T09",2024-12-02,0.0909681266031404,0.141446485764634,NA
"TER-PRIBS-T09",2024-12-03,0.0616878142626437,0.128838192016539,NA
"TER-PRIBS-T09",2024-12-04,0.0670997207691933,0.0995654625024366,NA
"TER-PRIBS-T09",2024-12-05,0.0616557514015126,0.102094335598188,NA
"TER-PRIBS-T09",2024-12-06,0.0660726300181096,0.102031976606127,NA
"TER-PRIBS-T09",2024-12-07,0.0120906505324719,0.0867875501114317,NA
"TER-PRIBS-T09",2024-12-08,0.0487618531811759,0.0578460515146774,NA
"TER-PRIBS-T09",2024-12-09,0.058400624714624,0.0831222334990216,NA
"TER-PRIBS-T09",2024-12-10,0.0770050713961813,0.131270749367475,NA
"TER-PRIBS-T09",2024-12-11,0.00714285824016563,0.0184174445285006,NA
"TER-PRIBS-T09",2024-12-12,0.0107439435798751,0.0812944226027967,NA
"TER-PRIBS-T09",2024-12-13,0.0610138487230333,0.0939115881561566,NA
"TER-PRIBS-T09",2024-12-14,0.0586979075307722,0.0862676920388112,NA
"TER-PRIBS-T09",2024-12-15,0.098268241911682,0.141526444447661,NA
"TER-PRIBS-T09",2024-12-16,0.0111081053451495,0.0607712217696257,NA
"TER-PRIBS-T09",2024-12-17,0.130262321359219,0.164463439811528,NA
"TER-PRIBS-T09",2024-12-18,0.0826569866643652,0.105033413028247,NA
"TER-PRIBS-T09",2024-12-19,0.0179507679953831,0.0643143039330251,NA
"TER-PRIBS-T09",2024-12-20,0.0406773232840832,0.104752459382851,NA
"TER-PRIBS-T09",2024-12-21,0.0350118762996208,0.0784541221033344,NA
"TER-PRIBS-T09",2024-12-22,0.0766276048187851,0.120257753473608,NA
"TER-PRIBS-T09",2024-12-23,0.0640398635591013,0.0975123669011116,NA
"TER-PRIBS-T09",2024-12-24,0.0673040348258955,0.107170138589617,NA
"TER-PRIBS-T09",2024-12-25,0.0613892525213721,0.0924119703718822,NA
"TER-PRIBS-T09",2024-12-26,0.0556199079693658,0.0841065763847726,NA
"TER-PRIBS-T09",2024-12-27,0.0280348583428716,0.0396124843176711,NA
"TER-PRIBS-T09",2024-12-28,0.0322930507859932,0.044553772957995,NA
"TER-PRIBS-T09",2024-12-29,0.0493723412572948,0.0605268998178084,NA
"TER-PRIBS-T09",2024-12-30,0.0263863095763875,0.0363109206518753,NA
"TER-PRIBS-T09",2024-12-31,0.0132749882261792,0.0178542187507387,NA
"TER-PRIBS-T09",2025-01-01,0.02195889194287,0.0349551069490013,NA
"TER-PRIBS-T09",2025-01-02,0.0184520688082641,0.0353301247487275,NA
"TER-PRIBS-T09",2025-01-03,0.0133899082510434,0.0270321680542592,NA
"TER-PRIBS-T09",2025-01-04,0.0794095089578098,0.116705517956183,NA
"TER-PRIBS-T09",2025-01-05,0.079595524547712,0.125268427766498,NA
"TER-PRIBS-T09",2025-01-06,0.0247910604706974,0.0280546352505078,NA
"TER-PRIBS-T09",2025-01-07,0.118429375328147,0.174474545117476,NA
"TER-PRIBS-T09",2025-01-08,0.0601632491452406,0.086058356683948,NA
"TER-PRIBS-T09",2025-01-09,0.0294427398320051,0.0420557760964286,NA
"TER-PRIBS-T09",2025-01-10,0.00433253289070357,0.00897095104031319,NA
"TER-PRIBS-T09",2025-01-11,0.0312846924031695,0.0496182003989987,NA
"TER-PRIBS-T09",2025-01-12,0.0709257817823708,0.0663424854357771,NA
"TER-PRIBS-T09",2025-01-13,0.0222786410701634,0.034105402653528,NA
"TER-PRIBS-T09",2025-01-14,0.0229101473513728,0.0312143674241697,NA
"TER-PRIBS-T09",2025-01-15,0.0165747042060519,0.0271295431027247,NA
"TER-PRIBS-T09",2025-01-16,0.0169881951658686,0.0268081060337325,NA
"TER-PRIBS-T09",2025-01-17,0.00651517690456697,0.00941256971938529,NA
"TER-PRIBS-T09",2025-01-18,0.040434575488312,0.118587846191195,NA
"TER-PRIBS-T09",2025-01-19,0.0485321554924853,0.0736117838918675,NA
"TER-PRIBS-T09",2025-01-20,0.0288744780733825,0.041806421589382,NA
"TER-PRIBS-T09",2025-01-21,0.0856101069369554,0.0978941431860158,NA
"TER-PRIBS-T09",2025-01-22,0.112673061090002,0.147577198573536,NA
"TER-PRIBS-T09",2025-01-23,0.0408409631799435,0.0597144085980172,NA
"TER-PRIBS-T09",2025-01-24,0.0421246352034591,0.0800035186410854,NA
"TER-PRIBS-T09",2025-01-25,0.0781364754135332,0.0933540521552878,NA
"TER-PRIBS-T09",2025-01-26,0.0683542192248721,0.0959283309992061,NA
"TER-PRIBS-T09",2025-01-27,0.088652698124774,0.101024198327875,NA
"TER-PRIBS-T09",2025-01-28,0.0828508816616088,0.0998550750525986,NA
"TER-PRIBS-T09",2025-01-29,0.0885365270782326,0.127011618510139,NA
"TER-PRIBS-T09",2025-01-30,0.0388355314312377,0.0430647498750781,NA
"TER-PRIBS-T09",2025-01-31,0.0430588587500672,0.0632910252672189,NA
"TER-PRIBS-T09",2025-02-01,0.033821904688332,NA,NA
"TER-PRIBS-T09",2025-02-02,0.0583879011202937,NA,NA
"TER-PRIBS-T09",2025-02-03,0.011950985748209,NA,NA
"TER-PRIBS-T09",2025-02-04,0.0099511103476746,NA,NA
"TER-PRIBS-T09",2025-02-05,0.0141315402283405,NA,NA
"TER-PRIBS-T09",2025-02-06,0.0351024495237093,NA,NA
"TER-PRIBS-T09",2025-02-07,0.0299286689055033,NA,NA
"TER-PRIBS-T09",2025-02-08,0.0209857877247389,NA,NA
"TER-PRIBS-T09",2025-02-09,0.00790670355739223,NA,NA
"TER-PRIBS-T09",2025-02-10,0.0477618788348906,NA,NA
"TER-PRIBS-T09",2025-02-11,0.0640511314008807,NA,NA
"TER-PRIBS-T09",2025-02-12,NA,NA,NA
"TER-PRIBS-T09",2025-02-13,NA,NA,NA
"TER-PRIBS-T09",2025-02-14,NA,NA,NA
"TER-PRIBS-T09",2025-02-15,NA,NA,NA
"TER-PRIBS-T09",2025-02-16,NA,NA,NA
"TER-PRIBS-T09",2025-02-17,NA,NA,NA
"TER-PRIBS-T09",2025-02-18,NA,NA,NA
"TER-PRIBS-T09",2025-02-19,NA,NA,NA
"TER-PRIBS-T09",2025-02-20,NA,NA,NA
"TER-PRIBS-T09",2025-02-21,NA,NA,NA
"TER-PRIBS-T09",2025-02-22,NA,NA,NA
"TER-PRIBS-T09",2025-02-23,NA,NA,NA
"TER-PRIBS-T09",2025-02-24,NA,NA,NA
"TER-PRIBS-T09",2025-02-25,NA,NA,NA
"TER-PRIBS-T09",2025-02-26,NA,NA,NA
"TER-PRIBS-T09",2025-02-27,NA,NA,NA
"TER-PRIBS-T09",2025-02-28,NA,NA,NA
"TER-PRIBS-T09",2025-03-01,NA,NA,NA
"TER-PRIBS-T09",2025-03-02,NA,NA,NA
"TER-PRIBS-T09",2025-03-03,NA,NA,NA
"TER-PRIBS-T09",2025-03-04,NA,NA,NA
"TER-PRIBS-T09",2025-03-05,NA,NA,NA
"TER-PRIBS-T09",2025-03-06,NA,NA,NA
"TER-PRIBS-T09",2025-03-07,NA,NA,NA
"TER-PRIBS-T09",2025-03-08,NA,NA,NA
"TER-PRIBS-T09",2025-03-09,NA,NA,NA
"TER-PRIBS-T09",2025-03-10,NA,NA,NA
"TER-PRIBS-T09",2025-03-11,NA,NA,NA
"TER-PRIBS-T09",2025-03-12,NA,NA,NA
"TER-PRIBS-T09",2025-03-13,NA,NA,NA
"TER-PRIBS-T09",2025-03-14,NA,NA,NA
"TER-PRIBS-T09",2025-03-15,NA,NA,NA
"TER-PRIBS-T09",2025-03-16,NA,NA,NA
"TER-PRIBS-T09",2025-03-17,NA,NA,NA
"TER-PRIBS-T09",2025-03-18,NA,NA,NA
"TER-PRIBS-T09",2025-03-19,NA,NA,NA
"TER-PRIBS-T09",2025-03-20,NA,NA,NA
"TER-PRIBS-T09",2025-03-21,NA,NA,NA
"TER-PRIBS-T09",2025-03-22,NA,NA,NA
"TER-PRIBS-T09",2025-03-23,NA,NA,NA
"TER-PRIBS-T09",2025-03-24,NA,NA,NA
"TER-PRIBS-T09",2025-03-25,NA,NA,NA
"TER-PRIBS-T09",2025-03-26,NA,NA,NA
"TER-PRIBS-T09",2025-03-27,NA,NA,NA
"TER-PRIBS-T09",2025-03-28,NA,NA,NA
"TER-PRIBS-T09",2025-03-29,NA,NA,NA
"TER-PRIBS-T09",2025-03-30,NA,NA,NA
"TER-PRIBS-T09",2025-03-31,NA,NA,NA
"TER-PRIBS-T09",2025-04-01,NA,NA,NA
"TER-PRIBS-T09",2025-04-02,NA,NA,NA
"TER-PRIBS-T09",2025-04-03,NA,NA,NA
"TER-PRIBS-T09",2025-04-04,NA,NA,NA
"TER-PRIBS-T09",2025-04-05,NA,NA,NA
"TER-PRIBS-T09",2025-04-06,NA,NA,NA
"TER-PRIBS-T09",2025-04-07,NA,NA,NA
"TER-PRIBS-T09",2025-04-08,NA,NA,NA
"TER-PRIBS-T09",2025-04-09,NA,NA,NA
"TER-PRIBS-T09",2025-04-10,NA,NA,NA
"TER-PRIBS-T09",2025-04-11,NA,NA,NA
"TER-PRIBS-T09",2025-04-12,NA,NA,NA
"TER-PRIBS-T09",2025-04-13,NA,NA,NA
"TER-PRIBS-T09",2025-04-14,NA,NA,NA
"TER-PRIBS-T09",2025-04-15,NA,NA,NA
"TER-PRIBS-T09",2025-04-16,NA,NA,NA
"TER-PRIBS-T09",2025-04-17,NA,NA,NA
"TER-PRIBS-T09",2025-04-18,NA,NA,NA
"TER-PRIBS-T09",2025-04-19,NA,NA,NA
"TER-PRIBS-T09",2025-04-20,NA,NA,NA
"TER-PRIBS-T09",2025-04-21,NA,NA,NA
"TER-PRIBS-T09",2025-04-22,NA,NA,NA
"TER-PRIBS-T09",2025-04-23,NA,NA,NA
"TER-PRIBS-T09",2025-04-24,NA,NA,NA
"TER-PRIBS-T09",2025-04-25,NA,NA,NA
"TER-PRIBS-T09",2025-04-26,NA,NA,NA
"TER-PRIBS-T09",2025-04-27,NA,NA,NA
"TER-PRIBS-T09",2025-04-28,NA,NA,NA
"TER-PRIBS-T09",2025-04-29,NA,NA,NA
"TER-PRIBS-T09",2025-04-30,NA,NA,NA
"TER-PRIBS-T09",2025-05-01,NA,NA,NA
"TER-PRIBS-T09",2025-05-02,NA,NA,NA
"TER-PRIBS-T09",2025-05-03,NA,NA,NA
"TER-PRIBS-T09",2025-05-04,NA,NA,NA
"TER-PRIBS-T09",2025-05-05,NA,NA,NA
"TER-PRIBS-T09",2025-05-06,NA,NA,NA
"TER-PRIBS-T09",2025-05-07,NA,NA,NA
"TER-PRIBS-T09",2025-05-08,NA,NA,NA
"TER-PRIBS-T09",2025-05-09,NA,NA,NA
"TER-PRIBS-T09",2025-05-10,NA,NA,NA
"TER-PRIBS-T09",2025-05-11,NA,NA,NA
"TER-PRIBS-T09",2025-05-12,NA,NA,NA
"TER-PRIBS-T09",2025-05-13,NA,NA,NA
"TER-PRIBS-T09",2025-05-14,NA,NA,NA
"TER-PRIBS-T09",2025-05-15,NA,NA,NA
"TER-PRIBS-T09",2025-05-16,NA,NA,NA
"TER-PRIBS-T09",2025-05-17,NA,NA,NA
"TER-PRIBS-T09",2025-05-18,NA,NA,NA
"TER-PRIBS-T09",2025-05-19,NA,NA,NA
"TER-PRIBS-T09",2025-05-20,NA,NA,NA
"TER-PRIBS-T09",2025-05-21,NA,NA,NA
"TER-PRIBS-T09",2025-05-22,NA,NA,NA
"TER-PRIBS-T09",2025-05-23,NA,NA,NA
"TER-PRIBS-T09",2025-05-24,NA,NA,NA
"TER-PRIBS-T09",2025-05-25,NA,NA,NA
"TER-PRIBS-T09",2025-05-26,NA,NA,NA
"TER-PRIBS-T09",2025-05-27,NA,NA,NA
"TER-PRIBS-T09",2025-05-28,NA,NA,NA
"TER-PRIBS-T09",2025-05-29,NA,NA,NA
"TER-PRIBS-T09",2025-05-30,NA,NA,NA
"TER-PRIBS-T09",2025-05-31,NA,NA,NA
"TER-PRIBS-T09",2025-06-01,NA,NA,NA
"TER-PRIBS-T09",2025-06-02,NA,NA,NA
"TER-PRIBS-T09",2025-06-03,NA,NA,NA
"TER-PRIBS-T09",2025-06-04,NA,NA,NA
"TER-PRIBS-T09",2025-06-05,NA,NA,NA
"TER-PRIBS-T09",2025-06-06,NA,NA,NA
"TER-PRIBS-T09",2025-06-07,NA,NA,NA
"TER-PRIBS-T09",2025-06-08,NA,NA,NA
"TER-PRIBS-T09",2025-06-09,NA,NA,NA
"TER-PRIBS-T09",2025-06-10,NA,NA,NA
"TER-PRIBS-T09",2025-06-11,NA,NA,NA
"TER-PRIBS-T09",2025-06-12,NA,NA,NA
"TER-PRIBS-T15",2023-08-09,NA,NA,NA
"TER-PRIBS-T15",2023-08-10,NA,NA,NA
"TER-PRIBS-T15",2023-08-11,NA,NA,NA
"TER-PRIBS-T15",2023-08-12,NA,NA,NA
"TER-PRIBS-T15",2023-08-13,NA,NA,NA
"TER-PRIBS-T15",2023-08-14,NA,NA,NA
"TER-PRIBS-T15",2023-08-15,NA,NA,NA
"TER-PRIBS-T15",2023-08-16,NA,NA,NA
"TER-PRIBS-T15",2023-08-17,NA,NA,NA
"TER-PRIBS-T15",2023-08-18,NA,NA,NA
"TER-PRIBS-T15",2023-08-19,NA,NA,NA
"TER-PRIBS-T15",2023-08-20,NA,NA,NA
"TER-PRIBS-T15",2023-08-21,NA,NA,NA
"TER-PRIBS-T15",2023-08-22,NA,NA,NA
"TER-PRIBS-T15",2023-08-23,NA,NA,NA
"TER-PRIBS-T15",2023-08-24,NA,NA,NA
"TER-PRIBS-T15",2023-08-25,NA,NA,NA
"TER-PRIBS-T15",2023-08-26,NA,NA,NA
"TER-PRIBS-T15",2023-08-27,NA,NA,NA
"TER-PRIBS-T15",2023-08-28,NA,NA,NA
"TER-PRIBS-T15",2023-08-29,NA,NA,NA
"TER-PRIBS-T15",2023-08-30,NA,NA,NA
"TER-PRIBS-T15",2023-08-31,NA,NA,NA
"TER-PRIBS-T15",2023-09-01,NA,NA,NA
"TER-PRIBS-T15",2023-09-02,NA,NA,NA
"TER-PRIBS-T15",2023-09-03,NA,NA,NA
"TER-PRIBS-T15",2023-09-04,NA,NA,NA
"TER-PRIBS-T15",2023-09-05,NA,NA,NA
"TER-PRIBS-T15",2023-09-06,NA,NA,NA
"TER-PRIBS-T15",2023-09-07,NA,NA,NA
"TER-PRIBS-T15",2023-09-08,NA,NA,NA
"TER-PRIBS-T15",2023-09-09,NA,NA,NA
"TER-PRIBS-T15",2023-09-10,NA,NA,NA
"TER-PRIBS-T15",2023-09-11,NA,NA,NA
"TER-PRIBS-T15",2023-09-12,NA,NA,NA
"TER-PRIBS-T15",2023-09-13,NA,NA,NA
"TER-PRIBS-T15",2023-09-14,NA,NA,NA
"TER-PRIBS-T15",2023-09-15,NA,NA,NA
"TER-PRIBS-T15",2023-09-16,NA,NA,NA
"TER-PRIBS-T15",2023-09-17,NA,NA,NA
"TER-PRIBS-T15",2023-09-18,NA,NA,NA
"TER-PRIBS-T15",2023-09-19,NA,NA,NA
"TER-PRIBS-T15",2023-09-20,NA,NA,NA
"TER-PRIBS-T15",2023-09-21,NA,NA,NA
"TER-PRIBS-T15",2023-09-22,NA,NA,NA
"TER-PRIBS-T15",2023-09-23,NA,NA,NA
"TER-PRIBS-T15",2023-09-24,NA,NA,NA
"TER-PRIBS-T15",2023-09-25,NA,NA,NA
"TER-PRIBS-T15",2023-09-26,NA,NA,NA
"TER-PRIBS-T15",2023-09-27,NA,NA,NA
"TER-PRIBS-T15",2023-09-28,NA,NA,NA
"TER-PRIBS-T15",2023-09-29,NA,NA,NA
"TER-PRIBS-T15",2023-09-30,NA,NA,NA
"TER-PRIBS-T15",2023-10-01,NA,NA,NA
"TER-PRIBS-T15",2023-10-02,NA,NA,NA
"TER-PRIBS-T15",2023-10-03,NA,NA,NA
"TER-PRIBS-T15",2023-10-04,NA,NA,NA
"TER-PRIBS-T15",2023-10-05,NA,NA,NA
"TER-PRIBS-T15",2023-10-06,NA,NA,NA
"TER-PRIBS-T15",2023-10-07,NA,NA,NA
"TER-PRIBS-T15",2023-10-08,NA,NA,NA
"TER-PRIBS-T15",2023-10-09,NA,NA,NA
"TER-PRIBS-T15",2023-10-10,NA,NA,NA
"TER-PRIBS-T15",2023-10-11,NA,NA,NA
"TER-PRIBS-T15",2023-10-12,NA,NA,NA
"TER-PRIBS-T15",2023-10-13,NA,NA,NA
"TER-PRIBS-T15",2023-10-14,NA,NA,NA
"TER-PRIBS-T15",2023-10-15,NA,NA,NA
"TER-PRIBS-T15",2023-10-16,NA,NA,NA
"TER-PRIBS-T15",2023-10-17,NA,NA,NA
"TER-PRIBS-T15",2023-10-18,NA,NA,NA
"TER-PRIBS-T15",2023-10-19,NA,NA,NA
"TER-PRIBS-T15",2023-10-20,NA,NA,NA
"TER-PRIBS-T15",2023-10-21,NA,NA,NA
"TER-PRIBS-T15",2023-10-22,NA,NA,NA
"TER-PRIBS-T15",2023-10-23,NA,NA,NA
"TER-PRIBS-T15",2023-10-24,NA,NA,NA
"TER-PRIBS-T15",2023-10-25,NA,NA,NA
"TER-PRIBS-T15",2023-10-26,NA,NA,NA
"TER-PRIBS-T15",2023-10-27,NA,NA,NA
"TER-PRIBS-T15",2023-10-28,NA,NA,NA
"TER-PRIBS-T15",2023-10-29,NA,NA,NA
"TER-PRIBS-T15",2023-10-30,NA,NA,NA
"TER-PRIBS-T15",2023-10-31,NA,NA,NA
"TER-PRIBS-T15",2023-11-01,NA,NA,NA
"TER-PRIBS-T15",2023-11-02,NA,NA,NA
"TER-PRIBS-T15",2023-11-03,NA,NA,NA
"TER-PRIBS-T15",2023-11-04,NA,NA,NA
"TER-PRIBS-T15",2023-11-05,NA,NA,NA
"TER-PRIBS-T15",2023-11-06,NA,NA,NA
"TER-PRIBS-T15",2023-11-07,NA,NA,NA
"TER-PRIBS-T15",2023-11-08,NA,NA,NA
"TER-PRIBS-T15",2023-11-09,NA,NA,NA
"TER-PRIBS-T15",2023-11-10,NA,NA,NA
"TER-PRIBS-T15",2023-11-11,NA,NA,NA
"TER-PRIBS-T15",2023-11-12,NA,NA,NA
"TER-PRIBS-T15",2023-11-13,NA,NA,NA
"TER-PRIBS-T15",2023-11-14,NA,NA,NA
"TER-PRIBS-T15",2023-11-15,NA,NA,NA
"TER-PRIBS-T15",2023-11-16,NA,NA,NA
"TER-PRIBS-T15",2023-11-17,NA,NA,NA
"TER-PRIBS-T15",2023-11-18,NA,NA,NA
"TER-PRIBS-T15",2023-11-19,NA,NA,NA
"TER-PRIBS-T15",2023-11-20,NA,NA,NA
"TER-PRIBS-T15",2023-11-21,NA,NA,NA
"TER-PRIBS-T15",2023-11-22,NA,NA,NA
"TER-PRIBS-T15",2023-11-23,NA,NA,NA
"TER-PRIBS-T15",2023-11-24,NA,NA,NA
"TER-PRIBS-T15",2023-11-25,NA,NA,NA
"TER-PRIBS-T15",2023-11-26,NA,NA,NA
"TER-PRIBS-T15",2023-11-27,NA,NA,NA
"TER-PRIBS-T15",2023-11-28,NA,NA,NA
"TER-PRIBS-T15",2023-11-29,NA,NA,NA
"TER-PRIBS-T15",2023-11-30,NA,NA,NA
"TER-PRIBS-T15",2023-12-01,NA,NA,NA
"TER-PRIBS-T15",2023-12-02,NA,NA,NA
"TER-PRIBS-T15",2023-12-03,NA,NA,NA
"TER-PRIBS-T15",2023-12-04,NA,NA,NA
"TER-PRIBS-T15",2023-12-05,NA,NA,NA
"TER-PRIBS-T15",2023-12-06,NA,NA,NA
"TER-PRIBS-T15",2023-12-07,NA,NA,NA
"TER-PRIBS-T15",2023-12-08,NA,NA,NA
"TER-PRIBS-T15",2023-12-09,NA,NA,NA
"TER-PRIBS-T15",2023-12-10,NA,NA,NA
"TER-PRIBS-T15",2023-12-11,NA,NA,NA
"TER-PRIBS-T15",2023-12-12,NA,NA,NA
"TER-PRIBS-T15",2023-12-13,NA,NA,NA
"TER-PRIBS-T15",2023-12-14,NA,NA,NA
"TER-PRIBS-T15",2023-12-15,NA,NA,NA
"TER-PRIBS-T15",2023-12-16,NA,NA,NA
"TER-PRIBS-T15",2023-12-17,NA,NA,NA
"TER-PRIBS-T15",2023-12-18,NA,NA,NA
"TER-PRIBS-T15",2023-12-19,NA,NA,NA
"TER-PRIBS-T15",2023-12-20,NA,NA,NA
"TER-PRIBS-T15",2023-12-21,NA,NA,NA
"TER-PRIBS-T15",2023-12-22,NA,NA,NA
"TER-PRIBS-T15",2023-12-23,NA,NA,NA
"TER-PRIBS-T15",2023-12-24,NA,NA,NA
"TER-PRIBS-T15",2023-12-25,NA,NA,NA
"TER-PRIBS-T15",2023-12-26,NA,NA,NA
"TER-PRIBS-T15",2023-12-27,NA,NA,NA
"TER-PRIBS-T15",2023-12-28,NA,NA,NA
"TER-PRIBS-T15",2023-12-29,NA,NA,NA
"TER-PRIBS-T15",2023-12-30,NA,NA,NA
"TER-PRIBS-T15",2023-12-31,NA,NA,NA
"TER-PRIBS-T15",2024-01-01,NA,NA,NA
"TER-PRIBS-T15",2024-01-02,NA,NA,NA
"TER-PRIBS-T15",2024-01-03,NA,NA,NA
"TER-PRIBS-T15",2024-01-04,NA,NA,NA
"TER-PRIBS-T15",2024-01-05,NA,NA,NA
"TER-PRIBS-T15",2024-01-06,NA,NA,NA
"TER-PRIBS-T15",2024-01-07,NA,NA,NA
"TER-PRIBS-T15",2024-01-08,NA,NA,NA
"TER-PRIBS-T15",2024-01-09,NA,NA,NA
"TER-PRIBS-T15",2024-01-10,NA,NA,NA
"TER-PRIBS-T15",2024-01-11,NA,NA,NA
"TER-PRIBS-T15",2024-01-12,NA,NA,NA
"TER-PRIBS-T15",2024-01-13,NA,NA,NA
"TER-PRIBS-T15",2024-01-14,NA,NA,NA
"TER-PRIBS-T15",2024-01-15,NA,NA,NA
"TER-PRIBS-T15",2024-01-16,NA,NA,NA
"TER-PRIBS-T15",2024-01-17,NA,NA,NA
"TER-PRIBS-T15",2024-01-18,NA,NA,NA
"TER-PRIBS-T15",2024-01-19,NA,NA,NA
"TER-PRIBS-T15",2024-01-20,NA,NA,NA
"TER-PRIBS-T15",2024-01-21,NA,NA,NA
"TER-PRIBS-T15",2024-01-22,NA,NA,NA
"TER-PRIBS-T15",2024-01-23,NA,NA,NA
"TER-PRIBS-T15",2024-01-24,NA,NA,NA
"TER-PRIBS-T15",2024-01-25,NA,NA,NA
"TER-PRIBS-T15",2024-01-26,NA,NA,NA
"TER-PRIBS-T15",2024-01-27,NA,NA,NA
"TER-PRIBS-T15",2024-01-28,NA,NA,NA
"TER-PRIBS-T15",2024-01-29,NA,NA,NA
"TER-PRIBS-T15",2024-01-30,NA,NA,NA
"TER-PRIBS-T15",2024-01-31,NA,NA,NA
"TER-PRIBS-T15",2024-02-01,NA,NA,NA
"TER-PRIBS-T15",2024-02-02,NA,NA,NA
"TER-PRIBS-T15",2024-02-03,NA,NA,NA
"TER-PRIBS-T15",2024-02-04,NA,NA,NA
"TER-PRIBS-T15",2024-02-05,NA,NA,NA
"TER-PRIBS-T15",2024-02-06,NA,NA,NA
"TER-PRIBS-T15",2024-02-07,NA,NA,NA
"TER-PRIBS-T15",2024-02-08,NA,NA,NA
"TER-PRIBS-T15",2024-02-09,NA,NA,NA
"TER-PRIBS-T15",2024-02-10,NA,NA,NA
"TER-PRIBS-T15",2024-02-11,NA,NA,NA
"TER-PRIBS-T15",2024-02-12,NA,NA,NA
"TER-PRIBS-T15",2024-02-13,NA,NA,NA
"TER-PRIBS-T15",2024-02-14,NA,NA,NA
"TER-PRIBS-T15",2024-02-15,NA,NA,NA
"TER-PRIBS-T15",2024-02-16,NA,NA,NA
"TER-PRIBS-T15",2024-02-17,NA,NA,NA
"TER-PRIBS-T15",2024-02-18,NA,NA,NA
"TER-PRIBS-T15",2024-02-19,NA,NA,NA
"TER-PRIBS-T15",2024-02-20,NA,NA,NA
"TER-PRIBS-T15",2024-02-21,NA,NA,NA
"TER-PRIBS-T15",2024-02-22,NA,NA,NA
"TER-PRIBS-T15",2024-02-23,NA,NA,NA
"TER-PRIBS-T15",2024-02-24,NA,NA,NA
"TER-PRIBS-T15",2024-02-25,NA,NA,NA
"TER-PRIBS-T15",2024-02-26,NA,NA,NA
"TER-PRIBS-T15",2024-02-27,NA,NA,NA
"TER-PRIBS-T15",2024-02-28,NA,NA,NA
"TER-PRIBS-T15",2024-02-29,NA,NA,NA
"TER-PRIBS-T15",2024-03-01,NA,NA,NA
"TER-PRIBS-T15",2024-03-02,NA,NA,NA
"TER-PRIBS-T15",2024-03-03,NA,NA,NA
"TER-PRIBS-T15",2024-03-04,NA,NA,NA
"TER-PRIBS-T15",2024-03-05,NA,NA,NA
"TER-PRIBS-T15",2024-03-06,NA,NA,NA
"TER-PRIBS-T15",2024-03-07,NA,NA,NA
"TER-PRIBS-T15",2024-03-08,NA,NA,NA
"TER-PRIBS-T15",2024-03-09,NA,NA,NA
"TER-PRIBS-T15",2024-03-10,NA,NA,NA
"TER-PRIBS-T15",2024-03-11,NA,NA,NA
"TER-PRIBS-T15",2024-03-12,NA,NA,NA
"TER-PRIBS-T15",2024-03-13,NA,NA,NA
"TER-PRIBS-T15",2024-03-14,NA,NA,NA
"TER-PRIBS-T15",2024-03-15,NA,NA,NA
"TER-PRIBS-T15",2024-03-16,NA,NA,NA
"TER-PRIBS-T15",2024-03-17,NA,NA,NA
"TER-PRIBS-T15",2024-03-18,NA,NA,NA
"TER-PRIBS-T15",2024-03-19,NA,NA,NA
"TER-PRIBS-T15",2024-03-20,NA,NA,NA
"TER-PRIBS-T15",2024-03-21,NA,NA,NA
"TER-PRIBS-T15",2024-03-22,NA,NA,NA
"TER-PRIBS-T15",2024-03-23,NA,NA,NA
"TER-PRIBS-T15",2024-03-24,NA,NA,NA
"TER-PRIBS-T15",2024-03-25,NA,NA,NA
"TER-PRIBS-T15",2024-03-26,NA,NA,NA
"TER-PRIBS-T15",2024-03-27,NA,NA,NA
"TER-PRIBS-T15",2024-03-28,NA,NA,NA
"TER-PRIBS-T15",2024-03-29,NA,NA,NA
"TER-PRIBS-T15",2024-03-30,NA,NA,NA
"TER-PRIBS-T15",2024-03-31,NA,NA,NA
"TER-PRIBS-T15",2024-04-01,NA,NA,NA
"TER-PRIBS-T15",2024-04-02,NA,NA,NA
"TER-PRIBS-T15",2024-04-03,NA,NA,NA
"TER-PRIBS-T15",2024-04-04,NA,NA,NA
"TER-PRIBS-T15",2024-04-05,NA,NA,NA
"TER-PRIBS-T15",2024-04-06,NA,NA,NA
"TER-PRIBS-T15",2024-04-07,NA,NA,NA
"TER-PRIBS-T15",2024-04-08,NA,NA,NA
"TER-PRIBS-T15",2024-04-09,0.0160193116166917,NA,0.0669066946151591
"TER-PRIBS-T15",2024-04-10,0,NA,0.0172809926565221
"TER-PRIBS-T15",2024-04-11,0,NA,0
"TER-PRIBS-T15",2024-04-12,0,NA,0.0483524360787302
"TER-PRIBS-T15",2024-04-13,0,NA,0
"TER-PRIBS-T15",2024-04-14,0,NA,0
"TER-PRIBS-T15",2024-04-15,0,NA,0
"TER-PRIBS-T15",2024-04-16,0,NA,0
"TER-PRIBS-T15",2024-04-17,0,NA,0.0038478208250665
"TER-PRIBS-T15",2024-04-18,0,NA,0.0753218100588671
"TER-PRIBS-T15",2024-04-19,0,NA,NA
"TER-PRIBS-T15",2024-04-20,0.00179746444262547,NA,NA
"TER-PRIBS-T15",2024-04-21,0,NA,NA
"TER-PRIBS-T15",2024-04-22,0,NA,NA
"TER-PRIBS-T15",2024-04-23,0,NA,NA
"TER-PRIBS-T15",2024-04-24,0,NA,NA
"TER-PRIBS-T15",2024-04-25,0.00465082540074011,NA,NA
"TER-PRIBS-T15",2024-04-26,0.00133980901554246,NA,NA
"TER-PRIBS-T15",2024-04-27,0.0190982168727727,NA,NA
"TER-PRIBS-T15",2024-04-28,0.0245280388486737,NA,NA
"TER-PRIBS-T15",2024-04-29,0.0288693952926576,NA,NA
"TER-PRIBS-T15",2024-04-30,0.0414170935757152,NA,NA
"TER-PRIBS-T15",2024-05-01,0,NA,NA
"TER-PRIBS-T15",2024-05-02,0,NA,NA
"TER-PRIBS-T15",2024-05-03,0,NA,NA
"TER-PRIBS-T15",2024-05-04,0,NA,NA
"TER-PRIBS-T15",2024-05-05,0,NA,NA
"TER-PRIBS-T15",2024-05-06,0,NA,NA
"TER-PRIBS-T15",2024-05-07,0,NA,NA
"TER-PRIBS-T15",2024-05-08,0,NA,NA
"TER-PRIBS-T15",2024-05-09,0,NA,NA
"TER-PRIBS-T15",2024-05-10,0.0277291050787523,NA,NA
"TER-PRIBS-T15",2024-05-11,0,NA,NA
"TER-PRIBS-T15",2024-05-12,0.0331813804647733,NA,NA
"TER-PRIBS-T15",2024-05-13,0,NA,NA
"TER-PRIBS-T15",2024-05-14,0.0296161250180121,NA,NA
"TER-PRIBS-T15",2024-05-15,0,NA,NA
"TER-PRIBS-T15",2024-05-16,0,NA,NA
"TER-PRIBS-T15",2024-05-17,0.0116388762418026,NA,NA
"TER-PRIBS-T15",2024-05-18,0.0269531672770124,NA,NA
"TER-PRIBS-T15",2024-05-19,0.0017406153663903,NA,NA
"TER-PRIBS-T15",2024-05-20,0.00191607253879479,NA,NA
"TER-PRIBS-T15",2024-05-21,0,NA,NA
"TER-PRIBS-T15",2024-05-22,0,NA,NA
"TER-PRIBS-T15",2024-05-23,0,NA,NA
"TER-PRIBS-T15",2024-05-24,0,NA,NA
"TER-PRIBS-T15",2024-05-25,0,NA,NA
"TER-PRIBS-T15",2024-05-26,0,NA,NA
"TER-PRIBS-T15",2024-05-27,0.00383214507758963,NA,NA
"TER-PRIBS-T15",2024-05-28,0.103270777598495,NA,NA
"TER-PRIBS-T15",2024-05-29,0,NA,0.0113097155656871
"TER-PRIBS-T15",2024-05-30,0,NA,0.132323977037158
"TER-PRIBS-T15",2024-05-31,0,NA,0.0969793800256435
"TER-PRIBS-T15",2024-06-01,0.00197791070259177,NA,0.154327503441896
"TER-PRIBS-T15",2024-06-02,0,NA,0.0683044872761832
"TER-PRIBS-T15",2024-06-03,0,NA,0
"TER-PRIBS-T15",2024-06-04,0,NA,0.0813951094185095
"TER-PRIBS-T15",2024-06-05,0,NA,0.0274832558999436
"TER-PRIBS-T15",2024-06-06,0.0174930772875111,NA,0.0828934077537693
"TER-PRIBS-T15",2024-06-07,0,NA,0.0616728500406404
"TER-PRIBS-T15",2024-06-08,0.0107856193857025,NA,0.0834553453230802
"TER-PRIBS-T15",2024-06-09,0,NA,0.0982055202681184
"TER-PRIBS-T15",2024-06-10,0.00556781130500395,NA,0.0903314779375155
"TER-PRIBS-T15",2024-06-11,0.0289076431597407,NA,0.158504398020915
"TER-PRIBS-T15",2024-06-12,0.0935608674825653,NA,0.246509989332572
"TER-PRIBS-T15",2024-06-13,0.0128733870209432,NA,0.105346424611456
"TER-PRIBS-T15",2024-06-14,0,NA,0.164712242632646
"TER-PRIBS-T15",2024-06-15,0.0625594185016069,NA,0.151794439803919
"TER-PRIBS-T15",2024-06-16,0.0695773924083364,NA,0.190277408072669
"TER-PRIBS-T15",2024-06-17,0.0211616375262181,NA,0.162318782578517
"TER-PRIBS-T15",2024-06-18,0.0531485583462943,NA,0.0903512341262107
"TER-PRIBS-T15",2024-06-19,0.0600467226108085,NA,0.177395261480732
"TER-PRIBS-T15",2024-06-20,0.0756460449705163,NA,0.184611534247644
"TER-PRIBS-T15",2024-06-21,0.0723792250383792,NA,0.162812421625564
"TER-PRIBS-T15",2024-06-22,0.0700604294093993,NA,0.148722539295535
"TER-PRIBS-T15",2024-06-23,0.0924857765732049,NA,0.178809025824557
"TER-PRIBS-T15",2024-06-24,0.00888276700924598,NA,0.0736668189022321
"TER-PRIBS-T15",2024-06-25,0.0415954993253178,NA,0.178012034551378
"TER-PRIBS-T15",2024-06-26,NA,NA,NA
"TER-PRIBS-T15",2024-06-27,0.0414098650767893,NA,0.100162476283858
"TER-PRIBS-T15",2024-06-28,0.0606562582964766,NA,0.136816997367045
"TER-PRIBS-T15",2024-06-29,0.00935834702114989,NA,0.0928097866180196
"TER-PRIBS-T15",2024-06-30,0.0331541210974669,NA,0.0813567486485779
"TER-PRIBS-T15",2024-07-01,0.07121255111639,NA,0.172105195238574
"TER-PRIBS-T15",2024-07-02,0.115948408742931,NA,0.214894379284705
"TER-PRIBS-T15",2024-07-03,0.0796185263217608,NA,0.167975215135002
"TER-PRIBS-T15",2024-07-04,0.0669297315078427,NA,0.112039873700574
"TER-PRIBS-T15",2024-07-05,0.0888490185518495,NA,0.161198749945172
"TER-PRIBS-T15",2024-07-06,0.0675271229976543,NA,0.125262240946254
"TER-PRIBS-T15",2024-07-07,0.132994123193441,NA,0.236839637188097
"TER-PRIBS-T15",2024-07-08,0.0646274781288209,NA,0.0701508977166859
"TER-PRIBS-T15",2024-07-09,0.124009596743968,NA,0.214276924087867
"TER-PRIBS-T15",2024-07-10,0.113830711344187,NA,0.195147285604413
"TER-PRIBS-T15",2024-07-11,0.093809424357115,NA,0.134274872247116
"TER-PRIBS-T15",2024-07-12,0.083749914441522,NA,0.100118788435237
"TER-PRIBS-T15",2024-07-13,0.0770221900553674,NA,0.113755169955681
"TER-PRIBS-T15",2024-07-14,0.153176078209112,NA,0.248868104477502
"TER-PRIBS-T15",2024-07-15,0.0712037972240295,NA,0.111862235279973
"TER-PRIBS-T15",2024-07-16,0.165997491833833,NA,0.281138486643585
"TER-PRIBS-T15",2024-07-17,0.0517260965815048,NA,0.041181735491997
"TER-PRIBS-T15",2024-07-18,0.0775908232703125,NA,0.11484536667086
"TER-PRIBS-T15",2024-07-19,NA,NA,0.241459059747317
"TER-PRIBS-T15",2024-07-20,NA,0.202536502758472,0.211175039077836
"TER-PRIBS-T15",2024-07-21,NA,0.157984283076357,0.200350709863681
"TER-PRIBS-T15",2024-07-22,NA,0.187930516238709,0.226144679945864
"TER-PRIBS-T15",2024-07-23,NA,0.146225049267703,0.19030496585034
"TER-PRIBS-T15",2024-07-24,NA,0.135174878526785,0.152471826534217
"TER-PRIBS-T15",2024-07-25,NA,0.154414448103853,0.162204979859222
"TER-PRIBS-T15",2024-07-26,NA,0.166945447776827,0.213081940284654
"TER-PRIBS-T15",2024-07-27,NA,0.0940060267133153,0.111534827196777
"TER-PRIBS-T15",2024-07-28,NA,0.144357820333471,0.167219148670991
"TER-PRIBS-T15",2024-07-29,NA,0.109453398349321,0.0629603553184817
"TER-PRIBS-T15",2024-07-30,NA,0.13829846249042,0.0645691764181363
"TER-PRIBS-T15",2024-07-31,NA,0.0905006631696396,0.100567569947184
"TER-PRIBS-T15",2024-08-01,NA,0.143091626659239,0.176109348739971
"TER-PRIBS-T15",2024-08-02,NA,0.0615836034346121,0.075177293262152
"TER-PRIBS-T15",2024-08-03,NA,0.197609056371338,0.224170327500374
"TER-PRIBS-T15",2024-08-04,NA,0.267609675269803,0.278582035638728
"TER-PRIBS-T15",2024-08-05,NA,0.205664438119058,0.227788869660872
"TER-PRIBS-T15",2024-08-06,NA,0.0956831396917894,0.0911000904527484
"TER-PRIBS-T15",2024-08-07,NA,0.107194655996386,0.142791358461057
"TER-PRIBS-T15",2024-08-08,NA,0.166721131799729,0.20302433942656
"TER-PRIBS-T15",2024-08-09,NA,0.113127748207133,0.181965770639078
"TER-PRIBS-T15",2024-08-10,NA,0.138598461935273,0.184377971380668
"TER-PRIBS-T15",2024-08-11,NA,0.179077095510019,0.206575488646707
"TER-PRIBS-T15",2024-08-12,NA,0.204344080120507,0.228868082616034
"TER-PRIBS-T15",2024-08-13,NA,0.106108901931995,0.135897607361602
"TER-PRIBS-T15",2024-08-14,NA,0.13360569152752,0.172463468329157
"TER-PRIBS-T15",2024-08-15,NA,0.103499040135004,0.12139117082937
"TER-PRIBS-T15",2024-08-16,NA,0.105203641653438,0.127285464078648
"TER-PRIBS-T15",2024-08-17,NA,0.116169426298346,0.125948122879224
"TER-PRIBS-T15",2024-08-18,NA,0.0913403230526521,0.115776287867088
"TER-PRIBS-T15",2024-08-19,NA,0.179101907995523,0.209869953021996
"TER-PRIBS-T15",2024-08-20,NA,0.0557595911752938,0.0562566016004781
"TER-PRIBS-T15",2024-08-21,NA,0.15557108087457,0.135076505871401
"TER-PRIBS-T15",2024-08-22,NA,0.216825706484743,0.280807200486486
"TER-PRIBS-T15",2024-08-23,NA,0.134681216600419,0.169126920994851
"TER-PRIBS-T15",2024-08-24,NA,0.2206870106756,0.247173592337182
"TER-PRIBS-T15",2024-08-25,NA,0.207520753894311,0.263545375250772
"TER-PRIBS-T15",2024-08-26,NA,0.189485995515082,0.244510239854263
"TER-PRIBS-T15",2024-08-27,NA,0.156970382276395,0.183328876633287
"TER-PRIBS-T15",2024-08-28,NA,0.124150936978842,0.149080151833866
"TER-PRIBS-T15",2024-08-29,NA,0.144120175248116,0.145698042214757
"TER-PRIBS-T15",2024-08-30,NA,0.159740384889618,0.203855736487635
"TER-PRIBS-T15",2024-08-31,NA,0.216833705336857,0.273322365044218
"TER-PRIBS-T15",2024-09-01,NA,0.166682549769764,0.194706936140312
"TER-PRIBS-T15",2024-09-02,NA,0.194443457599149,0.224974543548369
"TER-PRIBS-T15",2024-09-03,NA,0.109665364226093,0.151864758301013
"TER-PRIBS-T15",2024-09-04,NA,0.0826927160907947,0.0993216614957231
"TER-PRIBS-T15",2024-09-05,NA,0.0945141670607422,0.127606196485308
"TER-PRIBS-T15",2024-09-06,NA,0.0778148057638764,0.0960382029475892
"TER-PRIBS-T15",2024-09-07,NA,0.193790606379806,0.240394363107646
"TER-PRIBS-T15",2024-09-08,NA,0.100067753097445,0.119788135438435
"TER-PRIBS-T15",2024-09-09,NA,0.0957769752019499,0.133488485631325
"TER-PRIBS-T15",2024-09-10,NA,0.0762450785367388,0.103572317563212
"TER-PRIBS-T15",2024-09-11,NA,0.142615426778958,0.183320810295629
"TER-PRIBS-T15",2024-09-12,NA,0.140845508170711,0.192946876264743
"TER-PRIBS-T15",2024-09-13,NA,0.168749985552007,0.213504049196323
"TER-PRIBS-T15",2024-09-14,NA,0.115586894952224,0.117136360338371
"TER-PRIBS-T15",2024-09-15,NA,0.182607768478593,0.219348138431043
"TER-PRIBS-T15",2024-09-16,NA,0.0694191136058732,0.0942161845102538
"TER-PRIBS-T15",2024-09-17,NA,0.085006101679854,0.117652280138057
"TER-PRIBS-T15",2024-09-18,NA,0.0913130707144365,0.121142592872731
"TER-PRIBS-T15",2024-09-19,NA,0.134429972590163,0.173223162107903
"TER-PRIBS-T15",2024-09-20,NA,0.0300161367301063,0.0779295474026248
"TER-PRIBS-T15",2024-09-21,NA,0.107134791006772,0.120391710183323
"TER-PRIBS-T15",2024-09-22,NA,0.120688925845394,0.153258841301882
"TER-PRIBS-T15",2024-09-23,NA,0.165605201687884,0.202396162312672
"TER-PRIBS-T15",2024-09-24,NA,0.0830361042051143,0.104210286267451
"TER-PRIBS-T15",2024-09-25,NA,0.0593191895029389,0.0940331434889173
"TER-PRIBS-T15",2024-09-26,NA,NA,NA
"TER-PRIBS-T15",2024-09-27,NA,NA,0.105223052435395
"TER-PRIBS-T15",2024-09-28,NA,NA,0.103427461603585
"TER-PRIBS-T15",2024-09-29,NA,NA,0.0949973103648456
"TER-PRIBS-T15",2024-09-30,NA,NA,0.0840803577545631
"TER-PRIBS-T15",2024-10-01,NA,NA,0.0754193481311369
"TER-PRIBS-T15",2024-10-02,NA,NA,0.0299162829243983
"TER-PRIBS-T15",2024-10-03,NA,NA,0.0424811934919383
"TER-PRIBS-T15",2024-10-04,NA,NA,0.102440477765704
"TER-PRIBS-T15",2024-10-05,NA,NA,0.0898201737828607
"TER-PRIBS-T15",2024-10-06,NA,NA,0.157254781741037
"TER-PRIBS-T15",2024-10-07,NA,NA,0.135087793180829
"TER-PRIBS-T15",2024-10-08,NA,0.106167312945313,0.141945162275494
"TER-PRIBS-T15",2024-10-09,NA,0.0841965843902292,0.101219351133331
"TER-PRIBS-T15",2024-10-10,NA,0.0493223419997704,0.0663567754961528
"TER-PRIBS-T15",2024-10-11,NA,0.0685725136500817,0.104141143828077
"TER-PRIBS-T15",2024-10-12,NA,0.10107595883896,0.151511766716295
"TER-PRIBS-T15",2024-10-13,NA,0.0430394884760782,0.0176397529666846
"TER-PRIBS-T15",2024-10-14,NA,0.0109380654429458,0
"TER-PRIBS-T15",2024-10-15,NA,0.102138131379377,0.137733725112991
"TER-PRIBS-T15",2024-10-16,NA,0.0907233203212824,0.115416600780443
"TER-PRIBS-T15",2024-10-17,NA,0.0825628776368954,0.091854588549482
"TER-PRIBS-T15",2024-10-18,NA,0.119196887626914,0.167896710780885
"TER-PRIBS-T15",2024-10-19,NA,0.0923095524255369,0.108721700680465
"TER-PRIBS-T15",2024-10-20,NA,0.0690788755767551,0.0985331175097005
"TER-PRIBS-T15",2024-10-21,NA,0.101103995552486,0.101224273652595
"TER-PRIBS-T15",2024-10-22,NA,0.0467519217994445,0.0791091780148318
"TER-PRIBS-T15",2024-10-23,NA,0.024493600557418,0.020124958067985
"TER-PRIBS-T15",2024-10-24,NA,0.0581077873822039,0.105072963645722
"TER-PRIBS-T15",2024-10-25,NA,0.0551052322124665,0.078392571394291
"TER-PRIBS-T15",2024-10-26,NA,0.0776252646360066,0.0777475137543708
"TER-PRIBS-T15",2024-10-27,NA,0.0509516644206634,0.0613849094683211
"TER-PRIBS-T15",2024-10-28,NA,0.0759469880459152,0.0948510715669467
"TER-PRIBS-T15",2024-10-29,NA,0.0248698602386758,0.0202904690564651
"TER-PRIBS-T15",2024-10-30,NA,0.0185990737019596,0.00371187420333595
"TER-PRIBS-T15",2024-10-31,NA,0.0544839017530777,0.0647054468715862
"TER-PRIBS-T15",2024-11-01,NA,0.0126583674261848,0
"TER-PRIBS-T15",2024-11-02,NA,0.0406541655490509,0.001855937101668
"TER-PRIBS-T15",2024-11-03,NA,0.0100641888231356,0
"TER-PRIBS-T15",2024-11-04,NA,0.0745456075102866,0.118440691809353
"TER-PRIBS-T15",2024-11-05,NA,0.0697194228004594,0.0863693258395951
"TER-PRIBS-T15",2024-11-06,NA,0.0605695593516788,0.0723130795347961
"TER-PRIBS-T15",2024-11-07,NA,0.077523839683374,0.0978663163836409
"TER-PRIBS-T15",2024-11-08,NA,0.0651949953880681,0.0724159893703976
"TER-PRIBS-T15",2024-11-09,NA,0.0410235597380043,0.0540466342470264
"TER-PRIBS-T15",2024-11-10,NA,0.0334167563351027,0.0449135513105617
"TER-PRIBS-T15",2024-11-11,NA,0.0133259232808009,0.0187474630605376
"TER-PRIBS-T15",2024-11-12,NA,0.00701898236133099,0
"TER-PRIBS-T15",2024-11-13,NA,0.0215246725729065,0.0198852690727323
"TER-PRIBS-T15",2024-11-14,NA,0.0747444536178996,0.0931157142658711
"TER-PRIBS-T15",2024-11-15,NA,0.0469856449780979,0.0600614155533638
"TER-PRIBS-T15",2024-11-16,NA,0.0288374837404288,0.0397719516828682
"TER-PRIBS-T15",2024-11-17,NA,0.0526285431729499,0.0677815326409007
"TER-PRIBS-T15",2024-11-18,NA,0.0276370381294119,0.0289070437581681
"TER-PRIBS-T15",2024-11-19,NA,0.0317599750519825,0.0429807183727527
"TER-PRIBS-T15",2024-11-20,NA,0.0631450562710012,0.0740297062644062
"TER-PRIBS-T15",2024-11-21,NA,0.0321632896071797,0.0396429471443665
"TER-PRIBS-T15",2024-11-22,NA,0.0352093728183436,0.0476076589235078
"TER-PRIBS-T15",2024-11-23,NA,0.0582018882597706,0.0652083293087906
"TER-PRIBS-T15",2024-11-24,NA,0.0360846301522021,0.0483831786749913
"TER-PRIBS-T15",2024-11-25,NA,0.0651703426439357,0.107006374641275
"TER-PRIBS-T15",2024-11-26,NA,0.0576910919215143,0.0661106879579409
"TER-PRIBS-T15",2024-11-27,NA,0.0718010724903011,0.102050556989552
"TER-PRIBS-T15",2024-11-28,NA,0.0420172743351667,0.0462887812825619
"TER-PRIBS-T15",2024-11-29,NA,0.0483445391748362,0.0603047626159834
"TER-PRIBS-T15",2024-11-30,NA,0.0362009696005346,0.0430357774738529
"TER-PRIBS-T15",2024-12-01,NA,0.0389755182747012,0.0560149854731842
"TER-PRIBS-T15",2024-12-02,NA,0.0478217681002596,0.0631554175867438
"TER-PRIBS-T15",2024-12-03,NA,0.0460678923613418,0.0583381685344005
"TER-PRIBS-T15",2024-12-04,NA,0.039948179552934,0.0480327192901433
"TER-PRIBS-T15",2024-12-05,NA,0.0474885246143419,0.0642559718550357
"TER-PRIBS-T15",2024-12-06,NA,0.0587684155195829,0.0790029782009904
"TER-PRIBS-T15",2024-12-07,NA,0.0265254542372962,0.0360599235902145
"TER-PRIBS-T15",2024-12-08,NA,0.0324121264621058,0.0428249426706884
"TER-PRIBS-T15",2024-12-09,NA,0.050508515481294,0.0643464219119562
"TER-PRIBS-T15",2024-12-10,NA,0.0510586527209757,0.0701786166861489
"TER-PRIBS-T15",2024-12-11,NA,0.0172492656650699,0.0132573990663153
"TER-PRIBS-T15",2024-12-12,NA,0.0316262967954726,0.0384365052419096
"TER-PRIBS-T15",2024-12-13,NA,0.0684277756982179,0.0869565852733117
"TER-PRIBS-T15",2024-12-14,NA,0.03363759370189,0.0495405265742406
"TER-PRIBS-T15",2024-12-15,NA,0.07817980137192,0.105669414888071
"TER-PRIBS-T15",2024-12-16,NA,0.0242324259670491,0.0153521200093866
"TER-PRIBS-T15",2024-12-17,NA,0.0715652672729344,0.0903611748830837
"TER-PRIBS-T15",2024-12-18,NA,0.0670081225505556,0.0871248916515933
"TER-PRIBS-T15",2024-12-19,NA,0.0180064750987605,0
"TER-PRIBS-T15",2024-12-20,NA,0.0689435981777532,0.0978147906161697
"TER-PRIBS-T15",2024-12-21,NA,0.045707610071225,0.0647481082346663
"TER-PRIBS-T15",2024-12-22,NA,0.0482902170064841,0.0603175620633024
"TER-PRIBS-T15",2024-12-23,NA,0.0517589389076068,0.0749072866552697
"TER-PRIBS-T15",2024-12-24,NA,0.0553125839829737,0.0770374869084804
"TER-PRIBS-T15",2024-12-25,NA,0.0469159541527194,0.0552805175845197
"TER-PRIBS-T15",2024-12-26,NA,0.033332649624793,0.0399411026312347
"TER-PRIBS-T15",2024-12-27,NA,0.0118910089697797,0.015859881640389
"TER-PRIBS-T15",2024-12-28,NA,0.0322538937091746,0.0485871953895774
"TER-PRIBS-T15",2024-12-29,NA,0.0312381952740741,0.0388239442021371
"TER-PRIBS-T15",2024-12-30,NA,0.0358341733716351,0.0460177026005891
"TER-PRIBS-T15",2024-12-31,NA,0.0311886046803072,0.0484976915195063
"TER-PRIBS-T15",2025-01-01,NA,0.0112986273690061,0.00770099654770255
"TER-PRIBS-T15",2025-01-02,NA,0.029202711635274,0.0413440858907514
"TER-PRIBS-T15",2025-01-03,NA,0.00656995727890075,0
"TER-PRIBS-T15",2025-01-04,NA,0.0167076221010036,0.0254901600572295
"TER-PRIBS-T15",2025-01-05,NA,0.066340932282653,0.0796370790060245
"TER-PRIBS-T15",2025-01-06,NA,0.0323046229275496,0.0453832658736648
"TER-PRIBS-T15",2025-01-07,NA,0.0947927565395155,0.127967840953248
"TER-PRIBS-T15",2025-01-08,NA,0.0467045966773661,0.0652248655511244
"TER-PRIBS-T15",2025-01-09,NA,0.0147814886445405,0.0242747119290288
"TER-PRIBS-T15",2025-01-10,NA,0.00599159742558565,0
"TER-PRIBS-T15",2025-01-11,NA,0.0184327970923525,0.0191593105916949
"TER-PRIBS-T15",2025-01-12,NA,0.0552777104932821,0.0631536815348339
"TER-PRIBS-T15",2025-01-13,NA,0.0207509321910183,0.0329436999530179
"TER-PRIBS-T15",2025-01-14,NA,0.0262480274011609,0.0392539699573733
"TER-PRIBS-T15",2025-01-15,NA,0.0234194774204258,0.0301136838554417
"TER-PRIBS-T15",2025-01-16,NA,0.0212721700307455,0.0285848894243835
"TER-PRIBS-T15",2025-01-17,NA,0.017879652894889,0
"TER-PRIBS-T15",2025-01-18,NA,NA,0.0701357260045879
"TER-PRIBS-T15",2025-01-19,NA,NA,0.0493235424005517
"TER-PRIBS-T15",2025-01-20,NA,NA,0.020312958305575
"TER-PRIBS-T15",2025-01-21,NA,NA,0.0757334892236927
"TER-PRIBS-T15",2025-01-22,NA,NA,0.0961064923347416
"TER-PRIBS-T15",2025-01-23,NA,NA,0.0466336950811322
"TER-PRIBS-T15",2025-01-24,NA,NA,0.0391366786230544
"TER-PRIBS-T15",2025-01-25,NA,NA,0.0651341331702512
"TER-PRIBS-T15",2025-01-26,NA,NA,0.0876125332654469
"TER-PRIBS-T15",2025-01-27,NA,NA,0.0907578466849853
"TER-PRIBS-T15",2025-01-28,NA,NA,0.0516387063203984
"TER-PRIBS-T15",2025-01-29,NA,NA,0.0610112455046703
"TER-PRIBS-T15",2025-01-30,NA,NA,0.0371500140057509
"TER-PRIBS-T15",2025-01-31,NA,NA,0.0436036210383957
"TER-PRIBS-T15",2025-02-01,NA,NA,0.0459575361109211
"TER-PRIBS-T15",2025-02-02,NA,NA,0.0298682160122244
"TER-PRIBS-T15",2025-02-03,NA,NA,0.0285111826076876
"TER-PRIBS-T15",2025-02-04,NA,NA,0.0160662950581743
"TER-PRIBS-T15",2025-02-05,NA,NA,0.0310403753879762
"TER-PRIBS-T15",2025-02-06,NA,NA,0.0457714313263398
"TER-PRIBS-T15",2025-02-07,NA,NA,0.0218872009128913
"TER-PRIBS-T15",2025-02-08,NA,NA,0.0207779908034645
"TER-PRIBS-T15",2025-02-09,NA,NA,0
"TER-PRIBS-T15",2025-02-10,NA,NA,0
"TER-PRIBS-T15",2025-02-11,NA,NA,0.065694460102248
"TER-PRIBS-T15",2025-02-12,NA,NA,NA
"TER-PRIBS-T15",2025-02-13,NA,NA,NA
"TER-PRIBS-T15",2025-02-14,NA,NA,NA
"TER-PRIBS-T15",2025-02-15,NA,NA,NA
"TER-PRIBS-T15",2025-02-16,NA,NA,NA
"TER-PRIBS-T15",2025-02-17,NA,NA,NA
"TER-PRIBS-T15",2025-02-18,NA,NA,NA
"TER-PRIBS-T15",2025-02-19,NA,NA,NA
"TER-PRIBS-T15",2025-02-20,NA,NA,NA
"TER-PRIBS-T15",2025-02-21,NA,NA,NA
"TER-PRIBS-T15",2025-02-22,NA,NA,NA
"TER-PRIBS-T15",2025-02-23,NA,NA,NA
"TER-PRIBS-T15",2025-02-24,NA,NA,NA
"TER-PRIBS-T15",2025-02-25,NA,NA,NA
"TER-PRIBS-T15",2025-02-26,NA,NA,NA
"TER-PRIBS-T15",2025-02-27,NA,NA,NA
"TER-PRIBS-T15",2025-02-28,NA,NA,NA
"TER-PRIBS-T15",2025-03-01,NA,NA,NA
"TER-PRIBS-T15",2025-03-02,NA,NA,NA
"TER-PRIBS-T15",2025-03-03,NA,NA,NA
"TER-PRIBS-T15",2025-03-04,NA,NA,NA
"TER-PRIBS-T15",2025-03-05,NA,NA,NA
"TER-PRIBS-T15",2025-03-06,NA,NA,NA
"TER-PRIBS-T15",2025-03-07,NA,NA,NA
"TER-PRIBS-T15",2025-03-08,NA,NA,NA
"TER-PRIBS-T15",2025-03-09,NA,NA,NA
"TER-PRIBS-T15",2025-03-10,NA,NA,NA
"TER-PRIBS-T15",2025-03-11,NA,NA,NA
"TER-PRIBS-T15",2025-03-12,NA,NA,NA
"TER-PRIBS-T15",2025-03-13,NA,NA,NA
"TER-PRIBS-T15",2025-03-14,NA,NA,NA
"TER-PRIBS-T15",2025-03-15,NA,NA,NA
"TER-PRIBS-T15",2025-03-16,NA,NA,NA
"TER-PRIBS-T15",2025-03-17,NA,NA,NA
"TER-PRIBS-T15",2025-03-18,NA,NA,NA
"TER-PRIBS-T15",2025-03-19,NA,NA,NA
"TER-PRIBS-T15",2025-03-20,NA,NA,NA
"TER-PRIBS-T15",2025-03-21,NA,NA,NA
"TER-PRIBS-T15",2025-03-22,NA,NA,NA
"TER-PRIBS-T15",2025-03-23,NA,NA,NA
"TER-PRIBS-T15",2025-03-24,NA,NA,NA
"TER-PRIBS-T15",2025-03-25,NA,NA,NA
"TER-PRIBS-T15",2025-03-26,NA,NA,NA
"TER-PRIBS-T15",2025-03-27,NA,NA,NA
"TER-PRIBS-T15",2025-03-28,NA,NA,NA
"TER-PRIBS-T15",2025-03-29,NA,NA,NA
"TER-PRIBS-T15",2025-03-30,NA,NA,NA
"TER-PRIBS-T15",2025-03-31,NA,NA,NA
"TER-PRIBS-T15",2025-04-01,NA,NA,NA
"TER-PRIBS-T15",2025-04-02,NA,NA,NA
"TER-PRIBS-T15",2025-04-03,NA,NA,NA
"TER-PRIBS-T15",2025-04-04,NA,NA,NA
"TER-PRIBS-T15",2025-04-05,NA,NA,NA
"TER-PRIBS-T15",2025-04-06,NA,NA,NA
"TER-PRIBS-T15",2025-04-07,NA,NA,NA
"TER-PRIBS-T15",2025-04-08,NA,NA,NA
"TER-PRIBS-T15",2025-04-09,NA,NA,NA
"TER-PRIBS-T15",2025-04-10,NA,NA,NA
"TER-PRIBS-T15",2025-04-11,NA,NA,NA
"TER-PRIBS-T15",2025-04-12,NA,NA,NA
"TER-PRIBS-T15",2025-04-13,NA,NA,NA
"TER-PRIBS-T15",2025-04-14,NA,NA,NA
"TER-PRIBS-T15",2025-04-15,NA,NA,NA
"TER-PRIBS-T15",2025-04-16,NA,NA,NA
"TER-PRIBS-T15",2025-04-17,NA,NA,NA
"TER-PRIBS-T15",2025-04-18,NA,NA,NA
"TER-PRIBS-T15",2025-04-19,NA,NA,NA
"TER-PRIBS-T15",2025-04-20,NA,NA,NA
"TER-PRIBS-T15",2025-04-21,NA,NA,NA
"TER-PRIBS-T15",2025-04-22,NA,NA,NA
"TER-PRIBS-T15",2025-04-23,NA,NA,NA
"TER-PRIBS-T15",2025-04-24,NA,NA,NA
"TER-PRIBS-T15",2025-04-25,NA,NA,NA
"TER-PRIBS-T15",2025-04-26,NA,NA,NA
"TER-PRIBS-T15",2025-04-27,NA,NA,NA
"TER-PRIBS-T15",2025-04-28,NA,NA,NA
"TER-PRIBS-T15",2025-04-29,NA,NA,NA
"TER-PRIBS-T15",2025-04-30,NA,NA,NA
"TER-PRIBS-T15",2025-05-01,NA,NA,NA
"TER-PRIBS-T15",2025-05-02,NA,NA,NA
"TER-PRIBS-T15",2025-05-03,NA,NA,NA
"TER-PRIBS-T15",2025-05-04,NA,NA,NA
"TER-PRIBS-T15",2025-05-05,NA,NA,NA
"TER-PRIBS-T15",2025-05-06,NA,NA,NA
"TER-PRIBS-T15",2025-05-07,NA,NA,NA
"TER-PRIBS-T15",2025-05-08,NA,NA,NA
"TER-PRIBS-T15",2025-05-09,NA,NA,NA
"TER-PRIBS-T15",2025-05-10,NA,NA,NA
"TER-PRIBS-T15",2025-05-11,NA,NA,NA
"TER-PRIBS-T15",2025-05-12,NA,NA,NA
"TER-PRIBS-T15",2025-05-13,NA,NA,NA
"TER-PRIBS-T15",2025-05-14,NA,NA,NA
"TER-PRIBS-T15",2025-05-15,NA,NA,NA
"TER-PRIBS-T15",2025-05-16,NA,NA,NA
"TER-PRIBS-T15",2025-05-17,NA,NA,NA
"TER-PRIBS-T15",2025-05-18,NA,NA,NA
"TER-PRIBS-T15",2025-05-19,NA,NA,NA
"TER-PRIBS-T15",2025-05-20,NA,NA,NA
"TER-PRIBS-T15",2025-05-21,NA,NA,NA
"TER-PRIBS-T15",2025-05-22,NA,NA,NA
"TER-PRIBS-T15",2025-05-23,NA,NA,NA
"TER-PRIBS-T15",2025-05-24,NA,NA,NA
"TER-PRIBS-T15",2025-05-25,NA,NA,NA
"TER-PRIBS-T15",2025-05-26,NA,NA,NA
"TER-PRIBS-T15",2025-05-27,NA,NA,NA
"TER-PRIBS-T15",2025-05-28,NA,NA,NA
"TER-PRIBS-T15",2025-05-29,NA,NA,NA
"TER-PRIBS-T15",2025-05-30,NA,NA,NA
"TER-PRIBS-T15",2025-05-31,NA,NA,NA
"TER-PRIBS-T15",2025-06-01,NA,NA,NA
"TER-PRIBS-T15",2025-06-02,NA,NA,NA
"TER-PRIBS-T15",2025-06-03,NA,NA,NA
"TER-PRIBS-T15",2025-06-04,NA,NA,NA
"TER-PRIBS-T15",2025-06-05,NA,NA,NA
"TER-PRIBS-T15",2025-06-06,NA,NA,NA
"TER-PRIBS-T15",2025-06-07,NA,NA,NA
"TER-PRIBS-T15",2025-06-08,NA,NA,NA
"TER-PRIBS-T15",2025-06-09,NA,NA,NA
"TER-PRIBS-T15",2025-06-10,NA,NA,NA
"TER-PRIBS-T15",2025-06-11,NA,NA,NA
"TER-PRIBS-T15",2025-06-12,NA,NA,NA
"TER-PRIBS-T27",2023-08-09,NA,NA,NA
"TER-PRIBS-T27",2023-08-10,NA,NA,NA
"TER-PRIBS-T27",2023-08-11,NA,NA,NA
"TER-PRIBS-T27",2023-08-12,NA,NA,NA
"TER-PRIBS-T27",2023-08-13,NA,NA,NA
"TER-PRIBS-T27",2023-08-14,NA,NA,NA
"TER-PRIBS-T27",2023-08-15,NA,NA,NA
"TER-PRIBS-T27",2023-08-16,NA,NA,NA
"TER-PRIBS-T27",2023-08-17,NA,NA,NA
"TER-PRIBS-T27",2023-08-18,NA,NA,NA
"TER-PRIBS-T27",2023-08-19,NA,NA,NA
"TER-PRIBS-T27",2023-08-20,NA,NA,NA
"TER-PRIBS-T27",2023-08-21,NA,NA,NA
"TER-PRIBS-T27",2023-08-22,NA,NA,NA
"TER-PRIBS-T27",2023-08-23,NA,NA,NA
"TER-PRIBS-T27",2023-08-24,NA,NA,NA
"TER-PRIBS-T27",2023-08-25,NA,NA,NA
"TER-PRIBS-T27",2023-08-26,NA,NA,NA
"TER-PRIBS-T27",2023-08-27,NA,NA,NA
"TER-PRIBS-T27",2023-08-28,NA,NA,NA
"TER-PRIBS-T27",2023-08-29,NA,NA,NA
"TER-PRIBS-T27",2023-08-30,NA,NA,NA
"TER-PRIBS-T27",2023-08-31,NA,NA,NA
"TER-PRIBS-T27",2023-09-01,NA,NA,NA
"TER-PRIBS-T27",2023-09-02,NA,NA,NA
"TER-PRIBS-T27",2023-09-03,NA,NA,NA
"TER-PRIBS-T27",2023-09-04,NA,NA,NA
"TER-PRIBS-T27",2023-09-05,NA,NA,NA
"TER-PRIBS-T27",2023-09-06,NA,NA,NA
"TER-PRIBS-T27",2023-09-07,NA,NA,NA
"TER-PRIBS-T27",2023-09-08,NA,NA,NA
"TER-PRIBS-T27",2023-09-09,NA,NA,NA
"TER-PRIBS-T27",2023-09-10,NA,NA,NA
"TER-PRIBS-T27",2023-09-11,NA,NA,NA
"TER-PRIBS-T27",2023-09-12,NA,NA,NA
"TER-PRIBS-T27",2023-09-13,NA,NA,NA
"TER-PRIBS-T27",2023-09-14,NA,NA,NA
"TER-PRIBS-T27",2023-09-15,NA,NA,NA
"TER-PRIBS-T27",2023-09-16,NA,NA,NA
"TER-PRIBS-T27",2023-09-17,NA,NA,NA
"TER-PRIBS-T27",2023-09-18,NA,NA,NA
"TER-PRIBS-T27",2023-09-19,NA,NA,NA
"TER-PRIBS-T27",2023-09-20,NA,NA,NA
"TER-PRIBS-T27",2023-09-21,NA,NA,NA
"TER-PRIBS-T27",2023-09-22,NA,NA,NA
"TER-PRIBS-T27",2023-09-23,NA,NA,NA
"TER-PRIBS-T27",2023-09-24,NA,NA,NA
"TER-PRIBS-T27",2023-09-25,NA,NA,NA
"TER-PRIBS-T27",2023-09-26,NA,NA,NA
"TER-PRIBS-T27",2023-09-27,NA,NA,NA
"TER-PRIBS-T27",2023-09-28,NA,NA,NA
"TER-PRIBS-T27",2023-09-29,NA,NA,NA
"TER-PRIBS-T27",2023-09-30,NA,NA,NA
"TER-PRIBS-T27",2023-10-01,NA,NA,NA
"TER-PRIBS-T27",2023-10-02,NA,NA,NA
"TER-PRIBS-T27",2023-10-03,NA,NA,NA
"TER-PRIBS-T27",2023-10-04,NA,NA,NA
"TER-PRIBS-T27",2023-10-05,NA,NA,NA
"TER-PRIBS-T27",2023-10-06,NA,NA,NA
"TER-PRIBS-T27",2023-10-07,NA,NA,NA
"TER-PRIBS-T27",2023-10-08,NA,NA,NA
"TER-PRIBS-T27",2023-10-09,NA,NA,NA
"TER-PRIBS-T27",2023-10-10,NA,NA,NA
"TER-PRIBS-T27",2023-10-11,NA,NA,NA
"TER-PRIBS-T27",2023-10-12,NA,NA,NA
"TER-PRIBS-T27",2023-10-13,NA,NA,NA
"TER-PRIBS-T27",2023-10-14,NA,NA,NA
"TER-PRIBS-T27",2023-10-15,NA,NA,NA
"TER-PRIBS-T27",2023-10-16,NA,NA,NA
"TER-PRIBS-T27",2023-10-17,NA,NA,NA
"TER-PRIBS-T27",2023-10-18,NA,NA,NA
"TER-PRIBS-T27",2023-10-19,NA,NA,NA
"TER-PRIBS-T27",2023-10-20,NA,NA,NA
"TER-PRIBS-T27",2023-10-21,NA,NA,NA
"TER-PRIBS-T27",2023-10-22,NA,NA,NA
"TER-PRIBS-T27",2023-10-23,NA,NA,NA
"TER-PRIBS-T27",2023-10-24,NA,NA,NA
"TER-PRIBS-T27",2023-10-25,NA,NA,NA
"TER-PRIBS-T27",2023-10-26,NA,NA,NA
"TER-PRIBS-T27",2023-10-27,NA,NA,NA
"TER-PRIBS-T27",2023-10-28,NA,NA,NA
"TER-PRIBS-T27",2023-10-29,NA,NA,NA
"TER-PRIBS-T27",2023-10-30,NA,NA,NA
"TER-PRIBS-T27",2023-10-31,NA,NA,NA
"TER-PRIBS-T27",2023-11-01,NA,NA,NA
"TER-PRIBS-T27",2023-11-02,NA,NA,NA
"TER-PRIBS-T27",2023-11-03,NA,NA,NA
"TER-PRIBS-T27",2023-11-04,NA,NA,NA
"TER-PRIBS-T27",2023-11-05,NA,NA,NA
"TER-PRIBS-T27",2023-11-06,NA,NA,NA
"TER-PRIBS-T27",2023-11-07,NA,NA,NA
"TER-PRIBS-T27",2023-11-08,NA,NA,NA
"TER-PRIBS-T27",2023-11-09,NA,NA,NA
"TER-PRIBS-T27",2023-11-10,NA,NA,NA
"TER-PRIBS-T27",2023-11-11,NA,NA,NA
"TER-PRIBS-T27",2023-11-12,NA,NA,NA
"TER-PRIBS-T27",2023-11-13,NA,NA,NA
"TER-PRIBS-T27",2023-11-14,NA,NA,NA
"TER-PRIBS-T27",2023-11-15,NA,NA,NA
"TER-PRIBS-T27",2023-11-16,NA,NA,NA
"TER-PRIBS-T27",2023-11-17,NA,NA,NA
"TER-PRIBS-T27",2023-11-18,NA,NA,NA
"TER-PRIBS-T27",2023-11-19,NA,NA,NA
"TER-PRIBS-T27",2023-11-20,NA,NA,NA
"TER-PRIBS-T27",2023-11-21,NA,NA,NA
"TER-PRIBS-T27",2023-11-22,NA,NA,NA
"TER-PRIBS-T27",2023-11-23,NA,NA,NA
"TER-PRIBS-T27",2023-11-24,NA,NA,NA
"TER-PRIBS-T27",2023-11-25,NA,NA,NA
"TER-PRIBS-T27",2023-11-26,NA,NA,NA
"TER-PRIBS-T27",2023-11-27,NA,NA,NA
"TER-PRIBS-T27",2023-11-28,NA,NA,NA
"TER-PRIBS-T27",2023-11-29,NA,NA,NA
"TER-PRIBS-T27",2023-11-30,NA,NA,NA
"TER-PRIBS-T27",2023-12-01,NA,NA,NA
"TER-PRIBS-T27",2023-12-02,NA,NA,NA
"TER-PRIBS-T27",2023-12-03,NA,NA,NA
"TER-PRIBS-T27",2023-12-04,NA,NA,NA
"TER-PRIBS-T27",2023-12-05,NA,NA,NA
"TER-PRIBS-T27",2023-12-06,NA,NA,NA
"TER-PRIBS-T27",2023-12-07,NA,NA,NA
"TER-PRIBS-T27",2023-12-08,NA,NA,NA
"TER-PRIBS-T27",2023-12-09,NA,NA,NA
"TER-PRIBS-T27",2023-12-10,NA,NA,NA
"TER-PRIBS-T27",2023-12-11,NA,NA,NA
"TER-PRIBS-T27",2023-12-12,NA,NA,NA
"TER-PRIBS-T27",2023-12-13,NA,NA,NA
"TER-PRIBS-T27",2023-12-14,NA,NA,NA
"TER-PRIBS-T27",2023-12-15,NA,NA,NA
"TER-PRIBS-T27",2023-12-16,NA,NA,NA
"TER-PRIBS-T27",2023-12-17,NA,NA,NA
"TER-PRIBS-T27",2023-12-18,NA,NA,NA
"TER-PRIBS-T27",2023-12-19,NA,NA,NA
"TER-PRIBS-T27",2023-12-20,NA,NA,NA
"TER-PRIBS-T27",2023-12-21,NA,NA,NA
"TER-PRIBS-T27",2023-12-22,NA,NA,NA
"TER-PRIBS-T27",2023-12-23,NA,NA,NA
"TER-PRIBS-T27",2023-12-24,NA,NA,NA
"TER-PRIBS-T27",2023-12-25,NA,NA,NA
"TER-PRIBS-T27",2023-12-26,NA,NA,NA
"TER-PRIBS-T27",2023-12-27,NA,NA,NA
"TER-PRIBS-T27",2023-12-28,NA,NA,NA
"TER-PRIBS-T27",2023-12-29,NA,NA,NA
"TER-PRIBS-T27",2023-12-30,NA,NA,NA
"TER-PRIBS-T27",2023-12-31,NA,NA,NA
"TER-PRIBS-T27",2024-01-01,NA,NA,NA
"TER-PRIBS-T27",2024-01-02,NA,NA,NA
"TER-PRIBS-T27",2024-01-03,NA,NA,NA
"TER-PRIBS-T27",2024-01-04,NA,NA,NA
"TER-PRIBS-T27",2024-01-05,NA,NA,NA
"TER-PRIBS-T27",2024-01-06,NA,NA,NA
"TER-PRIBS-T27",2024-01-07,NA,NA,NA
"TER-PRIBS-T27",2024-01-08,NA,NA,NA
"TER-PRIBS-T27",2024-01-09,NA,NA,NA
"TER-PRIBS-T27",2024-01-10,NA,NA,NA
"TER-PRIBS-T27",2024-01-11,NA,NA,NA
"TER-PRIBS-T27",2024-01-12,NA,NA,NA
"TER-PRIBS-T27",2024-01-13,NA,NA,NA
"TER-PRIBS-T27",2024-01-14,NA,NA,NA
"TER-PRIBS-T27",2024-01-15,NA,NA,NA
"TER-PRIBS-T27",2024-01-16,NA,NA,NA
"TER-PRIBS-T27",2024-01-17,NA,NA,NA
"TER-PRIBS-T27",2024-01-18,NA,NA,NA
"TER-PRIBS-T27",2024-01-19,NA,NA,NA
"TER-PRIBS-T27",2024-01-20,NA,NA,NA
"TER-PRIBS-T27",2024-01-21,NA,NA,NA
"TER-PRIBS-T27",2024-01-22,NA,NA,NA
"TER-PRIBS-T27",2024-01-23,NA,NA,NA
"TER-PRIBS-T27",2024-01-24,NA,NA,NA
"TER-PRIBS-T27",2024-01-25,NA,NA,NA
"TER-PRIBS-T27",2024-01-26,NA,NA,NA
"TER-PRIBS-T27",2024-01-27,NA,NA,NA
"TER-PRIBS-T27",2024-01-28,NA,NA,NA
"TER-PRIBS-T27",2024-01-29,NA,NA,NA
"TER-PRIBS-T27",2024-01-30,NA,NA,NA
"TER-PRIBS-T27",2024-01-31,NA,NA,NA
"TER-PRIBS-T27",2024-02-01,NA,NA,NA
"TER-PRIBS-T27",2024-02-02,NA,NA,NA
"TER-PRIBS-T27",2024-02-03,NA,NA,NA
"TER-PRIBS-T27",2024-02-04,NA,NA,NA
"TER-PRIBS-T27",2024-02-05,NA,NA,NA
"TER-PRIBS-T27",2024-02-06,NA,NA,NA
"TER-PRIBS-T27",2024-02-07,NA,NA,NA
"TER-PRIBS-T27",2024-02-08,NA,NA,NA
"TER-PRIBS-T27",2024-02-09,NA,NA,NA
"TER-PRIBS-T27",2024-02-10,NA,NA,NA
"TER-PRIBS-T27",2024-02-11,NA,NA,NA
"TER-PRIBS-T27",2024-02-12,NA,NA,NA
"TER-PRIBS-T27",2024-02-13,NA,NA,NA
"TER-PRIBS-T27",2024-02-14,NA,NA,NA
"TER-PRIBS-T27",2024-02-15,NA,NA,NA
"TER-PRIBS-T27",2024-02-16,NA,NA,NA
"TER-PRIBS-T27",2024-02-17,NA,NA,NA
"TER-PRIBS-T27",2024-02-18,NA,NA,NA
"TER-PRIBS-T27",2024-02-19,NA,NA,NA
"TER-PRIBS-T27",2024-02-20,NA,NA,NA
"TER-PRIBS-T27",2024-02-21,NA,NA,NA
"TER-PRIBS-T27",2024-02-22,NA,NA,NA
"TER-PRIBS-T27",2024-02-23,NA,NA,NA
"TER-PRIBS-T27",2024-02-24,NA,NA,NA
"TER-PRIBS-T27",2024-02-25,NA,NA,NA
"TER-PRIBS-T27",2024-02-26,NA,NA,NA
"TER-PRIBS-T27",2024-02-27,NA,NA,NA
"TER-PRIBS-T27",2024-02-28,NA,NA,NA
"TER-PRIBS-T27",2024-02-29,NA,NA,NA
"TER-PRIBS-T27",2024-03-01,NA,NA,NA
"TER-PRIBS-T27",2024-03-02,NA,NA,NA
"TER-PRIBS-T27",2024-03-03,NA,NA,NA
"TER-PRIBS-T27",2024-03-04,NA,NA,NA
"TER-PRIBS-T27",2024-03-05,NA,NA,NA
"TER-PRIBS-T27",2024-03-06,NA,NA,NA
"TER-PRIBS-T27",2024-03-07,NA,NA,NA
"TER-PRIBS-T27",2024-03-08,NA,NA,NA
"TER-PRIBS-T27",2024-03-09,NA,NA,NA
"TER-PRIBS-T27",2024-03-10,NA,NA,NA
"TER-PRIBS-T27",2024-03-11,NA,NA,NA
"TER-PRIBS-T27",2024-03-12,NA,NA,NA
"TER-PRIBS-T27",2024-03-13,NA,NA,NA
"TER-PRIBS-T27",2024-03-14,NA,NA,NA
"TER-PRIBS-T27",2024-03-15,NA,NA,NA
"TER-PRIBS-T27",2024-03-16,NA,NA,NA
"TER-PRIBS-T27",2024-03-17,NA,NA,NA
"TER-PRIBS-T27",2024-03-18,NA,NA,NA
"TER-PRIBS-T27",2024-03-19,NA,NA,NA
"TER-PRIBS-T27",2024-03-20,NA,NA,NA
"TER-PRIBS-T27",2024-03-21,NA,NA,NA
"TER-PRIBS-T27",2024-03-22,NA,NA,NA
"TER-PRIBS-T27",2024-03-23,NA,NA,NA
"TER-PRIBS-T27",2024-03-24,NA,NA,NA
"TER-PRIBS-T27",2024-03-25,NA,NA,NA
"TER-PRIBS-T27",2024-03-26,NA,NA,NA
"TER-PRIBS-T27",2024-03-27,NA,NA,NA
"TER-PRIBS-T27",2024-03-28,NA,NA,NA
"TER-PRIBS-T27",2024-03-29,NA,NA,NA
"TER-PRIBS-T27",2024-03-30,NA,NA,NA
"TER-PRIBS-T27",2024-03-31,NA,NA,NA
"TER-PRIBS-T27",2024-04-01,NA,NA,NA
"TER-PRIBS-T27",2024-04-02,NA,NA,NA
"TER-PRIBS-T27",2024-04-03,NA,NA,NA
"TER-PRIBS-T27",2024-04-04,NA,NA,NA
"TER-PRIBS-T27",2024-04-05,NA,NA,NA
"TER-PRIBS-T27",2024-04-06,NA,NA,NA
"TER-PRIBS-T27",2024-04-07,NA,NA,NA
"TER-PRIBS-T27",2024-04-08,NA,NA,NA
"TER-PRIBS-T27",2024-04-09,NA,NA,NA
"TER-PRIBS-T27",2024-04-10,NA,NA,NA
"TER-PRIBS-T27",2024-04-11,NA,NA,NA
"TER-PRIBS-T27",2024-04-12,NA,NA,NA
"TER-PRIBS-T27",2024-04-13,NA,NA,NA
"TER-PRIBS-T27",2024-04-14,NA,NA,NA
"TER-PRIBS-T27",2024-04-15,NA,NA,NA
"TER-PRIBS-T27",2024-04-16,NA,NA,NA
"TER-PRIBS-T27",2024-04-17,NA,NA,NA
"TER-PRIBS-T27",2024-04-18,NA,NA,NA
"TER-PRIBS-T27",2024-04-19,0.00179746444262547,0.0798098369410504,0.0958844790701407
"TER-PRIBS-T27",2024-04-20,0.0136558500860837,0.16152167647788,0.177460360108269
"TER-PRIBS-T27",2024-04-21,0,0.0900681089809273,0.102743166562311
"TER-PRIBS-T27",2024-04-22,0,0.05535048569698,0.0613510888924569
"TER-PRIBS-T27",2024-04-23,0,0.0534156198674679,0.0611841616600486
"TER-PRIBS-T27",2024-04-24,0.00552007950147147,0.0852964943281005,0.093996297401676
"TER-PRIBS-T27",2024-04-25,0.020381736205002,0.121490950400476,0.12327285987474
"TER-PRIBS-T27",2024-04-26,0.0255422683236561,0.126564122386181,0.135989260563305
"TER-PRIBS-T27",2024-04-27,0.0382339028486241,0.0914139956303136,0.0973599074480136
"TER-PRIBS-T27",2024-04-28,0.10586117748989,0.177108571650089,0.195366139820437
"TER-PRIBS-T27",2024-04-29,0.039237100122794,0.140328326667574,0.14650657319865
"TER-PRIBS-T27",2024-04-30,0.0449422060253379,0.158466886004682,0.168293451136671
"TER-PRIBS-T27",2024-05-01,0.0344235723979892,0.12310291337569,0.134011183934677
"TER-PRIBS-T27",2024-05-02,0.00627156035586113,0.0758685744410838,0.0940347039509924
"TER-PRIBS-T27",2024-05-03,0,0.146208808697151,0.174974832218403
"TER-PRIBS-T27",2024-05-04,0,0.206477931299282,0.224532161799571
"TER-PRIBS-T27",2024-05-05,0,0.147462968223016,0.156350188115398
"TER-PRIBS-T27",2024-05-06,0,0.049597101065889,0.0638023201836871
"TER-PRIBS-T27",2024-05-07,0,0.0934978253956616,0.126254660567683
"TER-PRIBS-T27",2024-05-08,0,0.0672259918328976,0.0776806323580417
"TER-PRIBS-T27",2024-05-09,0,0.208244808347757,0.265875812644443
"TER-PRIBS-T27",2024-05-10,0.0245572890804167,0.238781313757221,0.246317507207907
"TER-PRIBS-T27",2024-05-11,0,0.0767031005827902,0.0858041993401812
"TER-PRIBS-T27",2024-05-12,0.0194548833614983,0.116629980311828,0.139599093019836
"TER-PRIBS-T27",2024-05-13,0.0226051715807292,0.146050353026958,0.166522629152291
"TER-PRIBS-T27",2024-05-14,0.0529455846147668,0.102567987753949,0.101783078134969
"TER-PRIBS-T27",2024-05-15,0.0337731788074795,0.0833917284067548,0.0862315459061866
"TER-PRIBS-T27",2024-05-16,0,0.0331011016125485,0.0288835354984797
"TER-PRIBS-T27",2024-05-17,0.00494381587522162,0.179148522843719,0.203972203125685
"TER-PRIBS-T27",2024-05-18,0.0486800861141501,0.18819875542311,0.217338891849652
"TER-PRIBS-T27",2024-05-19,0.039204203730413,0.169409198924446,0.189990036099524
"TER-PRIBS-T27",2024-05-20,0.027404254630955,0.102584641293718,0.107672789567604
"TER-PRIBS-T27",2024-05-21,0,0.052052860345279,0.062448716970854
"TER-PRIBS-T27",2024-05-22,0,0.103231189700258,0.115661221609537
"TER-PRIBS-T27",2024-05-23,0,0.0225088036542585,0.0265930497087106
"TER-PRIBS-T27",2024-05-24,0,0.0867104391328315,0.088721191846456
"TER-PRIBS-T27",2024-05-25,0.0161262366932131,0.209512539967796,0.230699369368737
"TER-PRIBS-T27",2024-05-26,0.0209376383649039,0.190488803068566,0.204849592554952
"TER-PRIBS-T27",2024-05-27,0.0487155291988249,0.157154052875331,0.172757647751497
"TER-PRIBS-T27",2024-05-28,0.0770379510806891,0.160303326518518,0.174147581197853
"TER-PRIBS-T27",2024-05-29,0.00448482311362619,0.0255858259244178,0.0224650487624711
"TER-PRIBS-T27",2024-05-30,0,0.20187483392267,0.255734760294248
"TER-PRIBS-T27",2024-05-31,0,0.110424374371803,0.130767025483401
"TER-PRIBS-T27",2024-06-01,0,0.213477311294533,0.259352700314562
"TER-PRIBS-T27",2024-06-02,0,0.0996425112247868,0.113649483888539
"TER-PRIBS-T27",2024-06-03,0,0.0351919588963309,0.0241626445362466
"TER-PRIBS-T27",2024-06-04,0,0.0830380858887319,0.115638197781101
"TER-PRIBS-T27",2024-06-05,0,0.0299449582391203,0.0245144683208558
"TER-PRIBS-T27",2024-06-06,0,0.113913803879968,0.13405078430852
"TER-PRIBS-T27",2024-06-07,0.0131963815410943,0.0879031818081845,0.0956824674276584
"TER-PRIBS-T27",2024-06-08,0.00914991559145723,0.0601300912367133,0.0741410352455164
"TER-PRIBS-T27",2024-06-09,0.0642649345521456,0.196919829594518,0.205598604970148
"TER-PRIBS-T27",2024-06-10,0.0360648124693815,0.139258349710574,0.140989412943021
"TER-PRIBS-T27",2024-06-11,0.042231883187795,0.178279626346837,0.190718842999694
"TER-PRIBS-T27",2024-06-12,0.0777129104496188,0.265444031362967,0.293056651431726
"TER-PRIBS-T27",2024-06-13,0.0111743857452192,0.0270212651183442,0.024590460671249
"TER-PRIBS-T27",2024-06-14,0.00623179210255406,0.162858533346169,0.194225550524971
"TER-PRIBS-T27",2024-06-15,0.0439461786795991,0.245706389221303,0.256789645806567
"TER-PRIBS-T27",2024-06-16,0.0227640424924079,0.0990975549708438,0.105371973185244
"TER-PRIBS-T27",2024-06-17,0.0564401465033378,0.16748715618753,0.186342561107056
"TER-PRIBS-T27",2024-06-18,0.0538194276741895,0.12886661402681,0.125057598298494
"TER-PRIBS-T27",2024-06-19,0.0449537419612782,0.149181532850898,0.151101638365669
"TER-PRIBS-T27",2024-06-20,0.0495264336825931,0.185269149970656,0.190323920679613
"TER-PRIBS-T27",2024-06-21,0.0537808356346512,0.182746162254941,0.201468463557434
"TER-PRIBS-T27",2024-06-22,0.0712489297827022,0.222069667487764,0.119083739480885
"TER-PRIBS-T27",2024-06-23,0.0713780311086579,0.183748045410439,0.0103662362638222
"TER-PRIBS-T27",2024-06-24,0.0139779520761335,0.0406452862512228,0
"TER-PRIBS-T27",2024-06-25,0.0173726593484011,0.233724838178448,0
"TER-PRIBS-T27",2024-06-26,NA,NA,NA
"TER-PRIBS-T27",2024-06-27,0.0408599723254795,0.0688405966879237,0.0653160689753822
"TER-PRIBS-T27",2024-06-28,0.118657235314469,0.172753111043704,0.171581927335222
"TER-PRIBS-T27",2024-06-29,0.039083627536583,0.141584231906783,0.169236430218026
"TER-PRIBS-T27",2024-06-30,0.0326117701044985,0.0698188918200559,0.0804280639040354
"TER-PRIBS-T27",2024-07-01,0.141001492914547,0.204291497911277,0.212332194783136
"TER-PRIBS-T27",2024-07-02,0.130228558773683,0.20708527598262,0.225548289334565
"TER-PRIBS-T27",2024-07-03,0.146789880739759,0.295694208258047,0.264851440427504
"TER-PRIBS-T27",2024-07-04,0.13307899214152,0.208291114311891,0.218329632910801
"TER-PRIBS-T27",2024-07-05,0.109039510206408,0.230716469996061,0.180021590646266
"TER-PRIBS-T27",2024-07-06,0.0726297059360452,0.115239300383018,0.140102880083868
"TER-PRIBS-T27",2024-07-07,0.116400721824451,0.208131049285217,0.196760867180645
"TER-PRIBS-T27",2024-07-08,0.0608656773114293,0.0734618610719011,0.0849153165325089
"TER-PRIBS-T27",2024-07-09,0.109013987375031,0.15756930285037,0.201616275352268
"TER-PRIBS-T27",2024-07-10,0.112342020511222,0.154469045034699,0.181994971092885
"TER-PRIBS-T27",2024-07-11,0.0798603169677146,0.140578314991976,0.155294933587238
"TER-PRIBS-T27",2024-07-12,0.0726104436916796,0.101224680542101,0.116863421446458
"TER-PRIBS-T27",2024-07-13,0.081298056573141,0.190050690478005,0.220516105817938
"TER-PRIBS-T27",2024-07-14,0.193701958150179,0.289270884185829,0.307591538723203
"TER-PRIBS-T27",2024-07-15,0.0630499313053557,0.12081403848965,0.126916155036798
"TER-PRIBS-T27",2024-07-16,0.116943367070117,0.231209045950797,0.271325674607103
"TER-PRIBS-T27",2024-07-17,0.0355302887419506,0.0524224884039743,0.0519052019740914
"TER-PRIBS-T27",2024-07-18,0.0767523986748138,0.135961973541176,0.166134411031601
"TER-PRIBS-T27",2024-07-19,0.150568603537272,0.257280860224091,0.323522074864472
"TER-PRIBS-T27",2024-07-20,0.145588132370373,0.200873669121871,0.228172002630556
"TER-PRIBS-T27",2024-07-21,0.155363801632518,0.238370189358993,0.261562219454381
"TER-PRIBS-T27",2024-07-22,0.101387800044398,0.244554329157069,0.28930750507376
"TER-PRIBS-T27",2024-07-23,0.1235826407062,0.188193908299431,0.214675349071187
"TER-PRIBS-T27",2024-07-24,0.124998617391875,0.194938504522877,0.23936244739811
"TER-PRIBS-T27",2024-07-25,0.136375526091575,0.225961765003353,0.272032150332054
"TER-PRIBS-T27",2024-07-26,0.102236177444113,0.163100344152644,0.181995478804915
"TER-PRIBS-T27",2024-07-27,0.112816727619703,0.167812016971887,0.252732611759458
"TER-PRIBS-T27",2024-07-28,0.0844957603138021,0.134182016441305,0.178090711028829
"TER-PRIBS-T27",2024-07-29,0.0473459213901761,0.120683761939717,0.21018635540594
"TER-PRIBS-T27",2024-07-30,0,0.0593747636739945,0.145545719001438
"TER-PRIBS-T27",2024-07-31,0.045005322630308,0.149599316209398,0.191408870192022
"TER-PRIBS-T27",2024-08-01,0.092333067705036,0.199509909227043,0.234032625289008
"TER-PRIBS-T27",2024-08-02,0.0785257325881156,0.149962598116031,0.16013021295361
"TER-PRIBS-T27",2024-08-03,0.128129737575394,0.269861893221682,0.331148975076095
"TER-PRIBS-T27",2024-08-04,0.152928013381674,0.275944553608162,0.310418696311254
"TER-PRIBS-T27",2024-08-05,0.172985191738122,0.250355672401993,0.258607033422234
"TER-PRIBS-T27",2024-08-06,0.0706089421180871,0.125395919546787,0.14526215554715
"TER-PRIBS-T27",2024-08-07,0.136790387514572,0.200643339069118,0.236395384743293
"TER-PRIBS-T27",2024-08-08,0.200477369824577,0.312491728799182,0.368720482602572
"TER-PRIBS-T27",2024-08-09,0.10302210817131,0.166424037242327,0.197825843567892
"TER-PRIBS-T27",2024-08-10,0.117520941638854,0.204638963101747,0.227213839487751
"TER-PRIBS-T27",2024-08-11,0.0968571046970172,0.236177590572609,0.254892285258253
"TER-PRIBS-T27",2024-08-12,0.156533802669542,0.243880009033013,0.274616552303565
"TER-PRIBS-T27",2024-08-13,0.0757151984472421,0.0996690523905181,0.127239383408486
"TER-PRIBS-T27",2024-08-14,0.186717232850977,0.228951176690704,0.279939177631764
"TER-PRIBS-T27",2024-08-15,0.170777656276268,0.155116560795062,0.185212403835056
"TER-PRIBS-T27",2024-08-16,0.139184199166339,0.15894102634551,0.194209285237458
"TER-PRIBS-T27",2024-08-17,0.0794972288803116,0.125662056454436,0.146580419980615
"TER-PRIBS-T27",2024-08-18,0.0858311225287069,0.130129955566748,0.157128096656746
"TER-PRIBS-T27",2024-08-19,0.157391700104789,0.254156303741835,0.289174448324808
"TER-PRIBS-T27",2024-08-20,0.0026992899171781,0.00611317922135568,0.0433198595382318
"TER-PRIBS-T27",2024-08-21,0.0760979705936706,0.230401844885414,0.238018373031319
"TER-PRIBS-T27",2024-08-22,0.131267556497957,0.262407756096335,0.312188143874596
"TER-PRIBS-T27",2024-08-23,0.0503538053980394,0.152148021140508,0.157214100676655
"TER-PRIBS-T27",2024-08-24,0.106563993059158,0.301997022505558,0.311464341539072
"TER-PRIBS-T27",2024-08-25,0.142485602797536,0.201695137827099,0.205088072154653
"TER-PRIBS-T27",2024-08-26,0.130514297223736,0.279889854094317,0.309860270229275
"TER-PRIBS-T27",2024-08-27,0.0443408956907519,0.20652725141994,0.242096231895533
"TER-PRIBS-T27",2024-08-28,0.0739491211980604,0.162535954156487,0.173153069570276
"TER-PRIBS-T27",2024-08-29,0.0671680101981269,0.145543088349372,0.177222598992711
"TER-PRIBS-T27",2024-08-30,0.132524066499481,0.292877105961635,0.311782569216358
"TER-PRIBS-T27",2024-08-31,0.177506332646435,0.283340330262238,0.299273992595523
"TER-PRIBS-T27",2024-09-01,0.060458424990501,0.207688284053279,0.237456663500375
"TER-PRIBS-T27",2024-09-02,0.12839984772226,0.272022768101659,0.28546299505661
"TER-PRIBS-T27",2024-09-03,0.125733066959257,0.209504144538166,0.191801116032455
"TER-PRIBS-T27",2024-09-04,0.106693332803936,0.141338283389544,0.130810486512492
"TER-PRIBS-T27",2024-09-05,0.0677068830035234,0.112861840726852,0.121263617959866
"TER-PRIBS-T27",2024-09-06,0.0814838071436744,0.0971359308379102,0.0988318713461023
"TER-PRIBS-T27",2024-09-07,0.118854410316984,0.209509695278291,0.228045780036241
"TER-PRIBS-T27",2024-09-08,0,0.0848990506617147,0.112731123844908
"TER-PRIBS-T27",2024-09-09,0.0428307510098652,0.116032710207899,0.135254037344753
"TER-PRIBS-T27",2024-09-10,0,0.00948561239334997,0.0718978488129007
"TER-PRIBS-T27",2024-09-11,0.0244941295728225,0.223235514409616,0.236568068982573
"TER-PRIBS-T27",2024-09-12,0.0980170887303292,0.308178637640041,0.346861493326417
"TER-PRIBS-T27",2024-09-13,0.100269222065041,0.270993245030464,0.295636593893885
"TER-PRIBS-T27",2024-09-14,0.0370552684791859,0.10358187735808,0.117049788125248
"TER-PRIBS-T27",2024-09-15,0.126128159898215,0.264119509702741,0.2744684911339
"TER-PRIBS-T27",2024-09-16,0.0692835184975392,0.107125067704172,0.113804127405122
"TER-PRIBS-T27",2024-09-17,0.0910382161549747,0.144599039897272,0.150786727109814
"TER-PRIBS-T27",2024-09-18,0.0945488525449007,0.209970745731228,0.222861520451798
"TER-PRIBS-T27",2024-09-19,0.0964113437131959,0.168741928370327,0.179368386727297
"TER-PRIBS-T27",2024-09-20,0,0.0355207731947781,0.0787335436391474
"TER-PRIBS-T27",2024-09-21,0.0644015169499966,0.18104001166213,0.196316392428759
"TER-PRIBS-T27",2024-09-22,0.0893075165827695,0.185842402984374,0.192943157444099
"TER-PRIBS-T27",2024-09-23,0.126916340857772,0.24361185381134,0.288064949249836
"TER-PRIBS-T27",2024-09-24,0.0814112455192449,0.122906511618515,0.125562236322135
"TER-PRIBS-T27",2024-09-25,0.0554086855480959,0.0703753449001457,0.0817859202187389
"TER-PRIBS-T27",2024-09-26,NA,NA,NA
"TER-PRIBS-T27",2024-09-27,0.0673198987734146,0.0941579007586635,0.112029195652508
"TER-PRIBS-T27",2024-09-28,0.0890618685216492,0.105834400823307,0.147565077064814
"TER-PRIBS-T27",2024-09-29,0.058645504481737,0.0917095861093078,0.110194863563545
"TER-PRIBS-T27",2024-09-30,0.0700979965515528,0.128360293665155,0.163561453723091
"TER-PRIBS-T27",2024-10-01,0.0635390758499464,0.100628616425905,0.113394721930404
"TER-PRIBS-T27",2024-10-02,0.0285982724306727,0.0557485720227216,0.0674231653053583
"TER-PRIBS-T27",2024-10-03,0.0627893264627972,0.0901340078068183,0.101293816136871
"TER-PRIBS-T27",2024-10-04,0.105134198497816,0.114280615912098,0.132115671650365
"TER-PRIBS-T27",2024-10-05,0.00822872297808782,0.0959470202327742,0.122598228111844
"TER-PRIBS-T27",2024-10-06,0.040453828189882,0.0968092810750248,0.136763502320725
"TER-PRIBS-T27",2024-10-07,0.0699428930367755,0.130964705295634,0.158312721386849
"TER-PRIBS-T27",2024-10-08,0.0658961869060011,0.100627822927691,0.122252161282466
"TER-PRIBS-T27",2024-10-09,0.0667741819043192,0.101090879437006,0.137884925547879
"TER-PRIBS-T27",2024-10-10,0.0295101166534098,0.051109892806678,0.0588803799194045
"TER-PRIBS-T27",2024-10-11,0.0558364050082328,0.09395532925753,0.0999028065821767
"TER-PRIBS-T27",2024-10-12,0.0728020870976827,0.156106405621712,0.168776403431897
"TER-PRIBS-T27",2024-10-13,0.0242176384127807,0.0344143468494096,0.0350039620161031
"TER-PRIBS-T27",2024-10-14,0,0.00796882103321153,0.00508137699077434
"TER-PRIBS-T27",2024-10-15,0.0200937113866822,0.114371421131227,0.141933895681395
"TER-PRIBS-T27",2024-10-16,0.0277167244613633,0.116804602661108,0.108736096070886
"TER-PRIBS-T27",2024-10-17,0.0229989354958889,0.134375269736155,0.13341791246345
"TER-PRIBS-T27",2024-10-18,0.0399073092808223,0.182267117543148,0.19839772702056
"TER-PRIBS-T27",2024-10-19,0.0298246814632191,0.125255085457091,0.127476387966346
"TER-PRIBS-T27",2024-10-20,0,0.0803627511199326,0.0772235729017399
"TER-PRIBS-T27",2024-10-21,0,0.118244127615516,0.125572389712135
"TER-PRIBS-T27",2024-10-22,0.00968657331787937,0.103573778326844,0.0999348621842641
"TER-PRIBS-T27",2024-10-23,0,0.0429775283173596,0.0581732934838717
"TER-PRIBS-T27",2024-10-24,0.00370244011638411,0.0768260623742372,0.0800369227127853
"TER-PRIBS-T27",2024-10-25,0.00733913229820079,0.0820133496296407,0.0853706428067425
"TER-PRIBS-T27",2024-10-26,0.00855030236222585,0.0822072096513509,0.0741435968668311
"TER-PRIBS-T27",2024-10-27,0.00917662238575347,0.0582668772224658,0.0471768327699201
"TER-PRIBS-T27",2024-10-28,0.0155738234896643,0.113744095626735,0.105054883010448
"TER-PRIBS-T27",2024-10-29,0,0.0298950872050294,0.0366431509901712
"TER-PRIBS-T27",2024-10-30,0,0.0430771825340899,0.0669368787147671
"TER-PRIBS-T27",2024-10-31,0,0.0859227100642685,0.10007158191672
"TER-PRIBS-T27",2024-11-01,0,0.00217405255125912,0.0259685543558534
"TER-PRIBS-T27",2024-11-02,0,0.0817002027941779,0.097660932209752
"TER-PRIBS-T27",2024-11-03,0,0.00766429015517921,0.0191819264266622
"TER-PRIBS-T27",2024-11-04,0,0.0894720321571828,0.0839001165372757
"TER-PRIBS-T27",2024-11-05,0,0.0575304471842705,0.0550619448237938
"TER-PRIBS-T27",2024-11-06,0,0.0563231510166656,0.0571247895361325
"TER-PRIBS-T27",2024-11-07,0,0.0939245487886258,0.0839863730959433
"TER-PRIBS-T27",2024-11-08,0,0.0666783724818446,0.0661591000129978
"TER-PRIBS-T27",2024-11-09,0,0.0390016311751978,0.046663309705244
"TER-PRIBS-T27",2024-11-10,0,0.0490792428279963,0.0636173359330086
"TER-PRIBS-T27",2024-11-11,0.00291405575716616,0.0252009120277759,0.030547484399811
"TER-PRIBS-T27",2024-11-12,0,0.0429635356006184,0.0491201712187518
"TER-PRIBS-T27",2024-11-13,0,0.0460582210097128,0.0529289967529315
"TER-PRIBS-T27",2024-11-14,0,0.076156663047433,0.0908371040088593
"TER-PRIBS-T27",2024-11-15,0,0.0723954889079696,0.070692493300255
"TER-PRIBS-T27",2024-11-16,0.00168535142098083,0.0353434015129158,0.0303445969519513
"TER-PRIBS-T27",2024-11-17,0.00233105699235433,0.0562995280652825,0.0590354236827066
"TER-PRIBS-T27",2024-11-18,0,0.0498367199306975,0.052985156950192
"TER-PRIBS-T27",2024-11-19,0,0.0577854775119647,0.0754044342157874
"TER-PRIBS-T27",2024-11-20,0,0.0650663894240572,0.0841159923584614
"TER-PRIBS-T27",2024-11-21,0,0.0643646825448679,0.0679314507921612
"TER-PRIBS-T27",2024-11-22,0.00380937396062392,0.0593446870086429,0.0597647248918564
"TER-PRIBS-T27",2024-11-23,0,0.0530206676374897,0.0619697702419658
"TER-PRIBS-T27",2024-11-24,0,0.0782909630778884,0.079485389226463
"TER-PRIBS-T27",2024-11-25,0,0.0987893183260027,0.109815561209418
"TER-PRIBS-T27",2024-11-26,0,0.0626364530194973,0.0672510319619752
"TER-PRIBS-T27",2024-11-27,0,0.0772404984216862,0.0626285142363011
"TER-PRIBS-T27",2024-11-28,0,0.0502964360455258,0.0443070974306743
"TER-PRIBS-T27",2024-11-29,0,0.0642173741182416,0.0607862478250017
"TER-PRIBS-T27",2024-11-30,0,0.0341238148742179,0.0485187235103823
"TER-PRIBS-T27",2024-12-01,0,0.0378676229263933,0.0533687091988879
"TER-PRIBS-T27",2024-12-02,0,0.0389159473623528,0.0608317143598033
"TER-PRIBS-T27",2024-12-03,0,0.0356240221933849,0.0630395562079475
"TER-PRIBS-T27",2024-12-04,0,0.0507052871429789,0.0472277092467355
"TER-PRIBS-T27",2024-12-05,0,0.0541447492355409,0.0588945673170452
"TER-PRIBS-T27",2024-12-06,0,0.0779459639986423,0.0791987032826025
"TER-PRIBS-T27",2024-12-07,0,0.0672345571210528,0.0870588532377457
"TER-PRIBS-T27",2024-12-08,0,0.0585783777054923,0.0650497119463312
"TER-PRIBS-T27",2024-12-09,0,0.0609478423118141,0.0715271500492722
"TER-PRIBS-T27",2024-12-10,0,0.0518370242369617,0.0592169296758856
"TER-PRIBS-T27",2024-12-11,0,0.0352391715996037,0.035931451802865
"TER-PRIBS-T27",2024-12-12,0,0.0102687526328076,0.0310368047116666
"TER-PRIBS-T27",2024-12-13,0,0.0519726609741862,0.0751962817236793
"TER-PRIBS-T27",2024-12-14,0,0.0610932526561697,0.0533959754179524
"TER-PRIBS-T27",2024-12-15,0,0.0813305059007801,0.100696302831446
"TER-PRIBS-T27",2024-12-16,0,0.0170210462992584,0.0487490329663969
"TER-PRIBS-T27",2024-12-17,0,0.117838274156077,0.114194504103574
"TER-PRIBS-T27",2024-12-18,0,0.0913685936399146,0.0956922844525478
"TER-PRIBS-T27",2024-12-19,0,0.00733143619520564,0.0308642591357765
"TER-PRIBS-T27",2024-12-20,0,0.0270210261553646,0.0585402469833017
"TER-PRIBS-T27",2024-12-21,0,0.044810331066604,0.0455349046472255
"TER-PRIBS-T27",2024-12-22,0,0.0331133819163093,0.0574060609908149
"TER-PRIBS-T27",2024-12-23,0,0.0566429835805133,0.0732975773958084
"TER-PRIBS-T27",2024-12-24,0,0.0562731879229453,0.069234513517609
"TER-PRIBS-T27",2024-12-25,0,0.036124787426508,0.0537436648529081
"TER-PRIBS-T27",2024-12-26,0,0.0537989824258238,0.0548847356419491
"TER-PRIBS-T27",2024-12-27,0,0.044799434781068,0.0558794172554464
"TER-PRIBS-T27",2024-12-28,0,0.0272952766813899,0.0416600115686275
"TER-PRIBS-T27",2024-12-29,0,0.0566353273163867,0.0609207595766409
"TER-PRIBS-T27",2024-12-30,0,0.0485607011847771,0.0493320528957454
"TER-PRIBS-T27",2024-12-31,0.00610359064693112,0.0475003567396322,0.0511706151272922
"TER-PRIBS-T27",2025-01-01,0,0.0230130183637556,0.0380626135561042
"TER-PRIBS-T27",2025-01-02,0,0.0446371891965137,0.0585542053289213
"TER-PRIBS-T27",2025-01-03,0,0.0065184089352314,0.02816791124099
"TER-PRIBS-T27",2025-01-04,0,0.0165004769246654,0.0319088167506403
"TER-PRIBS-T27",2025-01-05,0,0.0334969541959913,0.0523710501824962
"TER-PRIBS-T27",2025-01-06,0,0.0299760018819147,0.0342661290256118
"TER-PRIBS-T27",2025-01-07,0,0.0789675611014042,0.11990308076202
"TER-PRIBS-T27",2025-01-08,0,0.064171111096899,0.0909015590825596
"TER-PRIBS-T27",2025-01-09,0,0.0268813545380608,0.0298811292006473
"TER-PRIBS-T27",2025-01-10,0,0.00197791070259177,0.0160875007396401
"TER-PRIBS-T27",2025-01-11,0,0.0288670418677819,0.0326481838263029
"TER-PRIBS-T27",2025-01-12,0,0.0382994125043505,0.0531282496426919
"TER-PRIBS-T27",2025-01-13,0,0.0413995445690686,0.0410100487331844
"TER-PRIBS-T27",2025-01-14,0,0.0358806680755977,0.0375059622085207
"TER-PRIBS-T27",2025-01-15,0,0.0249695686861748,0.0363177289303158
"TER-PRIBS-T27",2025-01-16,0,0.0224732698163591,0.0277248659098795
"TER-PRIBS-T27",2025-01-17,0,0,0.0257665298022036
"TER-PRIBS-T27",2025-01-18,0,0.0128836225549488,0.0540431017680422
"TER-PRIBS-T27",2025-01-19,0,0.0293051195617674,0.0541031716810662
"TER-PRIBS-T27",2025-01-20,0,0.0312946645919347,0.041472843243185
"TER-PRIBS-T27",2025-01-21,0,0.0891127617733817,0.0791977092951485
"TER-PRIBS-T27",2025-01-22,0.0102323150042977,0.0756865205531959,0.0618407733180798
"TER-PRIBS-T27",2025-01-23,0.0126206837730649,0.0410620169113362,0.0534733005310217
"TER-PRIBS-T27",2025-01-24,0.00460024445505968,0.0439664841300709,0.0592258818480512
"TER-PRIBS-T27",2025-01-25,0.00907677563377987,0.0270777823581894,0.0568869576665403
"TER-PRIBS-T27",2025-01-26,0.00812916005577842,0.0759859863452493,0.0789731541810764
"TER-PRIBS-T27",2025-01-27,0.00214171993053323,0.0531653386295441,0.0481449106878027
"TER-PRIBS-T27",2025-01-28,0.00313637500827047,0.0786388411287668,0.0789678201221405
"TER-PRIBS-T27",2025-01-29,0.00153358862569304,0.0650236196669346,0.0807643233966003
"TER-PRIBS-T27",2025-01-30,0.0012421754453118,0.0297732026257338,0.0327008542393346
"TER-PRIBS-T27",2025-01-31,0.00664829506894909,0.0348295335133113,0.0423793594113733
"TER-PRIBS-T27",2025-02-01,0.00726876450532377,0.0344771198930024,0.0533220307985981
"TER-PRIBS-T27",2025-02-02,0.00305824244049207,0.0349822364119443,0.0427611855698953
"TER-PRIBS-T27",2025-02-03,0.00625733608302338,0.0145284416776408,0.0275772844719957
"TER-PRIBS-T27",2025-02-04,0.00167721650268003,0.0103465775583679,0.0320773805311402
"TER-PRIBS-T27",2025-02-05,0.00587692013923312,0.0139996051865918,0.0567739009110912
"TER-PRIBS-T27",2025-02-06,0.00449196596710966,0.0444347648698923,0.0424442277542699
"TER-PRIBS-T27",2025-02-07,0.00779603308686262,0.015765484706026,0.0268209791736625
"TER-PRIBS-T27",2025-02-08,0.00100703219867727,0.00776016307771258,0.0204700329508403
"TER-PRIBS-T27",2025-02-09,0.00248770401222119,0,0.00208059868304089
"TER-PRIBS-T27",2025-02-10,0.00304667204714071,0,0.00918106692618617
"TER-PRIBS-T27",2025-02-11,0.00396372529370871,0.0471715670474144,0.0662952015420638
"TER-PRIBS-T27",2025-02-12,NA,NA,NA
"TER-PRIBS-T27",2025-02-13,NA,NA,NA
"TER-PRIBS-T27",2025-02-14,NA,NA,NA
"TER-PRIBS-T27",2025-02-15,NA,NA,NA
"TER-PRIBS-T27",2025-02-16,NA,NA,NA
"TER-PRIBS-T27",2025-02-17,NA,NA,NA
"TER-PRIBS-T27",2025-02-18,NA,NA,NA
"TER-PRIBS-T27",2025-02-19,NA,NA,NA
"TER-PRIBS-T27",2025-02-20,NA,NA,NA
"TER-PRIBS-T27",2025-02-21,NA,NA,NA
"TER-PRIBS-T27",2025-02-22,NA,NA,NA
"TER-PRIBS-T27",2025-02-23,NA,NA,NA
"TER-PRIBS-T27",2025-02-24,NA,NA,NA
"TER-PRIBS-T27",2025-02-25,NA,NA,NA
"TER-PRIBS-T27",2025-02-26,NA,NA,NA
"TER-PRIBS-T27",2025-02-27,NA,NA,NA
"TER-PRIBS-T27",2025-02-28,NA,NA,NA
"TER-PRIBS-T27",2025-03-01,NA,NA,NA
"TER-PRIBS-T27",2025-03-02,NA,NA,NA
"TER-PRIBS-T27",2025-03-03,NA,NA,NA
"TER-PRIBS-T27",2025-03-04,NA,NA,NA
"TER-PRIBS-T27",2025-03-05,NA,NA,NA
"TER-PRIBS-T27",2025-03-06,NA,NA,NA
"TER-PRIBS-T27",2025-03-07,NA,NA,NA
"TER-PRIBS-T27",2025-03-08,NA,NA,NA
"TER-PRIBS-T27",2025-03-09,NA,NA,NA
"TER-PRIBS-T27",2025-03-10,NA,NA,NA
"TER-PRIBS-T27",2025-03-11,NA,NA,NA
"TER-PRIBS-T27",2025-03-12,NA,NA,NA
"TER-PRIBS-T27",2025-03-13,NA,NA,NA
"TER-PRIBS-T27",2025-03-14,NA,NA,NA
"TER-PRIBS-T27",2025-03-15,NA,NA,NA
"TER-PRIBS-T27",2025-03-16,NA,NA,NA
"TER-PRIBS-T27",2025-03-17,NA,NA,NA
"TER-PRIBS-T27",2025-03-18,NA,NA,NA
"TER-PRIBS-T27",2025-03-19,NA,NA,NA
"TER-PRIBS-T27",2025-03-20,NA,NA,NA
"TER-PRIBS-T27",2025-03-21,NA,NA,NA
"TER-PRIBS-T27",2025-03-22,NA,NA,NA
"TER-PRIBS-T27",2025-03-23,NA,NA,NA
"TER-PRIBS-T27",2025-03-24,NA,NA,NA
"TER-PRIBS-T27",2025-03-25,NA,NA,NA
"TER-PRIBS-T27",2025-03-26,NA,NA,NA
"TER-PRIBS-T27",2025-03-27,NA,NA,NA
"TER-PRIBS-T27",2025-03-28,NA,NA,NA
"TER-PRIBS-T27",2025-03-29,NA,NA,NA
"TER-PRIBS-T27",2025-03-30,NA,NA,NA
"TER-PRIBS-T27",2025-03-31,NA,NA,NA
"TER-PRIBS-T27",2025-04-01,NA,NA,NA
"TER-PRIBS-T27",2025-04-02,NA,NA,NA
"TER-PRIBS-T27",2025-04-03,NA,NA,NA
"TER-PRIBS-T27",2025-04-04,NA,NA,NA
"TER-PRIBS-T27",2025-04-05,NA,NA,NA
"TER-PRIBS-T27",2025-04-06,NA,NA,NA
"TER-PRIBS-T27",2025-04-07,NA,NA,NA
"TER-PRIBS-T27",2025-04-08,NA,NA,NA
"TER-PRIBS-T27",2025-04-09,NA,NA,NA
"TER-PRIBS-T27",2025-04-10,NA,NA,NA
"TER-PRIBS-T27",2025-04-11,NA,NA,NA
"TER-PRIBS-T27",2025-04-12,NA,NA,NA
"TER-PRIBS-T27",2025-04-13,NA,NA,NA
"TER-PRIBS-T27",2025-04-14,NA,NA,NA
"TER-PRIBS-T27",2025-04-15,NA,NA,NA
"TER-PRIBS-T27",2025-04-16,NA,NA,NA
"TER-PRIBS-T27",2025-04-17,NA,NA,NA
"TER-PRIBS-T27",2025-04-18,NA,NA,NA
"TER-PRIBS-T27",2025-04-19,NA,NA,NA
"TER-PRIBS-T27",2025-04-20,NA,NA,NA
"TER-PRIBS-T27",2025-04-21,NA,NA,NA
"TER-PRIBS-T27",2025-04-22,NA,NA,NA
"TER-PRIBS-T27",2025-04-23,NA,NA,NA
"TER-PRIBS-T27",2025-04-24,NA,NA,NA
"TER-PRIBS-T27",2025-04-25,NA,NA,NA
"TER-PRIBS-T27",2025-04-26,NA,NA,NA
"TER-PRIBS-T27",2025-04-27,NA,NA,NA
"TER-PRIBS-T27",2025-04-28,NA,NA,NA
"TER-PRIBS-T27",2025-04-29,NA,NA,NA
"TER-PRIBS-T27",2025-04-30,NA,NA,NA
"TER-PRIBS-T27",2025-05-01,NA,NA,NA
"TER-PRIBS-T27",2025-05-02,NA,NA,NA
"TER-PRIBS-T27",2025-05-03,NA,NA,NA
"TER-PRIBS-T27",2025-05-04,NA,NA,NA
"TER-PRIBS-T27",2025-05-05,NA,NA,NA
"TER-PRIBS-T27",2025-05-06,NA,NA,NA
"TER-PRIBS-T27",2025-05-07,NA,NA,NA
"TER-PRIBS-T27",2025-05-08,NA,NA,NA
"TER-PRIBS-T27",2025-05-09,NA,NA,NA
"TER-PRIBS-T27",2025-05-10,NA,NA,NA
"TER-PRIBS-T27",2025-05-11,NA,NA,NA
"TER-PRIBS-T27",2025-05-12,NA,NA,NA
"TER-PRIBS-T27",2025-05-13,NA,NA,NA
"TER-PRIBS-T27",2025-05-14,NA,NA,NA
"TER-PRIBS-T27",2025-05-15,NA,NA,NA
"TER-PRIBS-T27",2025-05-16,NA,NA,NA
"TER-PRIBS-T27",2025-05-17,NA,NA,NA
"TER-PRIBS-T27",2025-05-18,NA,NA,NA
"TER-PRIBS-T27",2025-05-19,NA,NA,NA
"TER-PRIBS-T27",2025-05-20,NA,NA,NA
"TER-PRIBS-T27",2025-05-21,NA,NA,NA
"TER-PRIBS-T27",2025-05-22,NA,NA,NA
"TER-PRIBS-T27",2025-05-23,NA,NA,NA
"TER-PRIBS-T27",2025-05-24,NA,NA,NA
"TER-PRIBS-T27",2025-05-25,NA,NA,NA
"TER-PRIBS-T27",2025-05-26,NA,NA,NA
"TER-PRIBS-T27",2025-05-27,NA,NA,NA
"TER-PRIBS-T27",2025-05-28,NA,NA,NA
"TER-PRIBS-T27",2025-05-29,NA,NA,NA
"TER-PRIBS-T27",2025-05-30,NA,NA,NA
"TER-PRIBS-T27",2025-05-31,NA,NA,NA
"TER-PRIBS-T27",2025-06-01,NA,NA,NA
"TER-PRIBS-T27",2025-06-02,NA,NA,NA
"TER-PRIBS-T27",2025-06-03,NA,NA,NA
"TER-PRIBS-T27",2025-06-04,NA,NA,NA
"TER-PRIBS-T27",2025-06-05,NA,NA,NA
"TER-PRIBS-T27",2025-06-06,NA,NA,NA
"TER-PRIBS-T27",2025-06-07,NA,NA,NA
"TER-PRIBS-T27",2025-06-08,NA,NA,NA
"TER-PRIBS-T27",2025-06-09,NA,NA,NA
"TER-PRIBS-T27",2025-06-10,NA,NA,NA
"TER-PRIBS-T27",2025-06-11,NA,NA,NA
"TER-PRIBS-T27",2025-06-12,NA,NA,NA
"TER-PRIBS-T28",2023-08-09,NA,NA,NA
"TER-PRIBS-T28",2023-08-10,NA,NA,NA
"TER-PRIBS-T28",2023-08-11,NA,NA,NA
"TER-PRIBS-T28",2023-08-12,NA,NA,NA
"TER-PRIBS-T28",2023-08-13,NA,NA,NA
"TER-PRIBS-T28",2023-08-14,NA,NA,NA
"TER-PRIBS-T28",2023-08-15,NA,NA,NA
"TER-PRIBS-T28",2023-08-16,NA,NA,NA
"TER-PRIBS-T28",2023-08-17,NA,NA,NA
"TER-PRIBS-T28",2023-08-18,NA,NA,NA
"TER-PRIBS-T28",2023-08-19,NA,NA,NA
"TER-PRIBS-T28",2023-08-20,NA,NA,NA
"TER-PRIBS-T28",2023-08-21,NA,NA,NA
"TER-PRIBS-T28",2023-08-22,NA,NA,NA
"TER-PRIBS-T28",2023-08-23,NA,NA,NA
"TER-PRIBS-T28",2023-08-24,NA,NA,NA
"TER-PRIBS-T28",2023-08-25,NA,NA,NA
"TER-PRIBS-T28",2023-08-26,NA,NA,NA
"TER-PRIBS-T28",2023-08-27,NA,NA,NA
"TER-PRIBS-T28",2023-08-28,NA,NA,NA
"TER-PRIBS-T28",2023-08-29,NA,NA,NA
"TER-PRIBS-T28",2023-08-30,NA,NA,NA
"TER-PRIBS-T28",2023-08-31,NA,NA,NA
"TER-PRIBS-T28",2023-09-01,NA,NA,NA
"TER-PRIBS-T28",2023-09-02,NA,NA,NA
"TER-PRIBS-T28",2023-09-03,NA,NA,NA
"TER-PRIBS-T28",2023-09-04,NA,NA,NA
"TER-PRIBS-T28",2023-09-05,NA,NA,NA
"TER-PRIBS-T28",2023-09-06,NA,NA,NA
"TER-PRIBS-T28",2023-09-07,NA,NA,NA
"TER-PRIBS-T28",2023-09-08,NA,NA,NA
"TER-PRIBS-T28",2023-09-09,NA,NA,NA
"TER-PRIBS-T28",2023-09-10,NA,NA,NA
"TER-PRIBS-T28",2023-09-11,NA,NA,NA
"TER-PRIBS-T28",2023-09-12,NA,NA,NA
"TER-PRIBS-T28",2023-09-13,NA,NA,NA
"TER-PRIBS-T28",2023-09-14,NA,NA,NA
"TER-PRIBS-T28",2023-09-15,NA,NA,NA
"TER-PRIBS-T28",2023-09-16,NA,NA,NA
"TER-PRIBS-T28",2023-09-17,NA,NA,NA
"TER-PRIBS-T28",2023-09-18,NA,NA,NA
"TER-PRIBS-T28",2023-09-19,NA,NA,NA
"TER-PRIBS-T28",2023-09-20,NA,NA,NA
"TER-PRIBS-T28",2023-09-21,NA,NA,NA
"TER-PRIBS-T28",2023-09-22,NA,NA,NA
"TER-PRIBS-T28",2023-09-23,NA,NA,NA
"TER-PRIBS-T28",2023-09-24,NA,NA,NA
"TER-PRIBS-T28",2023-09-25,NA,NA,NA
"TER-PRIBS-T28",2023-09-26,NA,NA,NA
"TER-PRIBS-T28",2023-09-27,NA,NA,NA
"TER-PRIBS-T28",2023-09-28,NA,NA,NA
"TER-PRIBS-T28",2023-09-29,NA,NA,NA
"TER-PRIBS-T28",2023-09-30,NA,NA,NA
"TER-PRIBS-T28",2023-10-01,NA,NA,NA
"TER-PRIBS-T28",2023-10-02,NA,NA,NA
"TER-PRIBS-T28",2023-10-03,NA,NA,NA
"TER-PRIBS-T28",2023-10-04,NA,NA,NA
"TER-PRIBS-T28",2023-10-05,NA,NA,NA
"TER-PRIBS-T28",2023-10-06,NA,NA,NA
"TER-PRIBS-T28",2023-10-07,NA,NA,NA
"TER-PRIBS-T28",2023-10-08,NA,NA,NA
"TER-PRIBS-T28",2023-10-09,NA,NA,NA
"TER-PRIBS-T28",2023-10-10,NA,NA,NA
"TER-PRIBS-T28",2023-10-11,NA,NA,NA
"TER-PRIBS-T28",2023-10-12,NA,NA,NA
"TER-PRIBS-T28",2023-10-13,NA,NA,NA
"TER-PRIBS-T28",2023-10-14,NA,NA,NA
"TER-PRIBS-T28",2023-10-15,NA,NA,NA
"TER-PRIBS-T28",2023-10-16,NA,NA,NA
"TER-PRIBS-T28",2023-10-17,NA,NA,NA
"TER-PRIBS-T28",2023-10-18,NA,NA,NA
"TER-PRIBS-T28",2023-10-19,NA,NA,NA
"TER-PRIBS-T28",2023-10-20,NA,NA,NA
"TER-PRIBS-T28",2023-10-21,NA,NA,NA
"TER-PRIBS-T28",2023-10-22,NA,NA,NA
"TER-PRIBS-T28",2023-10-23,NA,NA,NA
"TER-PRIBS-T28",2023-10-24,NA,NA,NA
"TER-PRIBS-T28",2023-10-25,NA,NA,NA
"TER-PRIBS-T28",2023-10-26,NA,NA,NA
"TER-PRIBS-T28",2023-10-27,NA,NA,NA
"TER-PRIBS-T28",2023-10-28,NA,NA,NA
"TER-PRIBS-T28",2023-10-29,NA,NA,NA
"TER-PRIBS-T28",2023-10-30,NA,NA,NA
"TER-PRIBS-T28",2023-10-31,NA,NA,NA
"TER-PRIBS-T28",2023-11-01,NA,NA,NA
"TER-PRIBS-T28",2023-11-02,NA,NA,NA
"TER-PRIBS-T28",2023-11-03,NA,NA,NA
"TER-PRIBS-T28",2023-11-04,NA,NA,NA
"TER-PRIBS-T28",2023-11-05,NA,NA,NA
"TER-PRIBS-T28",2023-11-06,NA,NA,NA
"TER-PRIBS-T28",2023-11-07,NA,NA,NA
"TER-PRIBS-T28",2023-11-08,NA,NA,NA
"TER-PRIBS-T28",2023-11-09,NA,NA,NA
"TER-PRIBS-T28",2023-11-10,NA,NA,NA
"TER-PRIBS-T28",2023-11-11,NA,NA,NA
"TER-PRIBS-T28",2023-11-12,NA,NA,NA
"TER-PRIBS-T28",2023-11-13,NA,NA,NA
"TER-PRIBS-T28",2023-11-14,NA,NA,NA
"TER-PRIBS-T28",2023-11-15,NA,NA,NA
"TER-PRIBS-T28",2023-11-16,NA,NA,NA
"TER-PRIBS-T28",2023-11-17,NA,NA,NA
"TER-PRIBS-T28",2023-11-18,NA,NA,NA
"TER-PRIBS-T28",2023-11-19,NA,NA,NA
"TER-PRIBS-T28",2023-11-20,NA,NA,NA
"TER-PRIBS-T28",2023-11-21,NA,NA,NA
"TER-PRIBS-T28",2023-11-22,NA,NA,NA
"TER-PRIBS-T28",2023-11-23,NA,NA,NA
"TER-PRIBS-T28",2023-11-24,NA,NA,NA
"TER-PRIBS-T28",2023-11-25,NA,NA,NA
"TER-PRIBS-T28",2023-11-26,NA,NA,NA
"TER-PRIBS-T28",2023-11-27,NA,NA,NA
"TER-PRIBS-T28",2023-11-28,NA,NA,NA
"TER-PRIBS-T28",2023-11-29,NA,NA,NA
"TER-PRIBS-T28",2023-11-30,NA,NA,NA
"TER-PRIBS-T28",2023-12-01,NA,NA,NA
"TER-PRIBS-T28",2023-12-02,NA,NA,NA
"TER-PRIBS-T28",2023-12-03,NA,NA,NA
"TER-PRIBS-T28",2023-12-04,NA,NA,NA
"TER-PRIBS-T28",2023-12-05,NA,NA,NA
"TER-PRIBS-T28",2023-12-06,NA,NA,NA
"TER-PRIBS-T28",2023-12-07,NA,NA,NA
"TER-PRIBS-T28",2023-12-08,NA,NA,NA
"TER-PRIBS-T28",2023-12-09,NA,NA,NA
"TER-PRIBS-T28",2023-12-10,NA,NA,NA
"TER-PRIBS-T28",2023-12-11,NA,NA,NA
"TER-PRIBS-T28",2023-12-12,NA,NA,NA
"TER-PRIBS-T28",2023-12-13,NA,NA,NA
"TER-PRIBS-T28",2023-12-14,NA,NA,NA
"TER-PRIBS-T28",2023-12-15,NA,NA,NA
"TER-PRIBS-T28",2023-12-16,NA,NA,NA
"TER-PRIBS-T28",2023-12-17,NA,NA,NA
"TER-PRIBS-T28",2023-12-18,NA,NA,NA
"TER-PRIBS-T28",2023-12-19,NA,NA,NA
"TER-PRIBS-T28",2023-12-20,NA,NA,NA
"TER-PRIBS-T28",2023-12-21,NA,NA,NA
"TER-PRIBS-T28",2023-12-22,NA,NA,NA
"TER-PRIBS-T28",2023-12-23,NA,NA,NA
"TER-PRIBS-T28",2023-12-24,NA,NA,NA
"TER-PRIBS-T28",2023-12-25,NA,NA,NA
"TER-PRIBS-T28",2023-12-26,NA,NA,NA
"TER-PRIBS-T28",2023-12-27,NA,NA,NA
"TER-PRIBS-T28",2023-12-28,NA,NA,NA
"TER-PRIBS-T28",2023-12-29,NA,NA,NA
"TER-PRIBS-T28",2023-12-30,NA,NA,NA
"TER-PRIBS-T28",2023-12-31,NA,NA,NA
"TER-PRIBS-T28",2024-01-01,NA,NA,NA
"TER-PRIBS-T28",2024-01-02,NA,NA,NA
"TER-PRIBS-T28",2024-01-03,NA,NA,NA
"TER-PRIBS-T28",2024-01-04,NA,NA,NA
"TER-PRIBS-T28",2024-01-05,NA,NA,NA
"TER-PRIBS-T28",2024-01-06,NA,NA,NA
"TER-PRIBS-T28",2024-01-07,NA,NA,NA
"TER-PRIBS-T28",2024-01-08,NA,NA,NA
"TER-PRIBS-T28",2024-01-09,NA,NA,NA
"TER-PRIBS-T28",2024-01-10,NA,NA,NA
"TER-PRIBS-T28",2024-01-11,NA,NA,NA
"TER-PRIBS-T28",2024-01-12,NA,NA,NA
"TER-PRIBS-T28",2024-01-13,NA,NA,NA
"TER-PRIBS-T28",2024-01-14,NA,NA,NA
"TER-PRIBS-T28",2024-01-15,NA,NA,NA
"TER-PRIBS-T28",2024-01-16,NA,NA,NA
"TER-PRIBS-T28",2024-01-17,NA,NA,NA
"TER-PRIBS-T28",2024-01-18,NA,NA,NA
"TER-PRIBS-T28",2024-01-19,NA,NA,NA
"TER-PRIBS-T28",2024-01-20,NA,NA,NA
"TER-PRIBS-T28",2024-01-21,NA,NA,NA
"TER-PRIBS-T28",2024-01-22,NA,NA,NA
"TER-PRIBS-T28",2024-01-23,NA,NA,NA
"TER-PRIBS-T28",2024-01-24,NA,NA,NA
"TER-PRIBS-T28",2024-01-25,NA,NA,NA
"TER-PRIBS-T28",2024-01-26,NA,NA,NA
"TER-PRIBS-T28",2024-01-27,NA,NA,NA
"TER-PRIBS-T28",2024-01-28,NA,NA,NA
"TER-PRIBS-T28",2024-01-29,NA,NA,NA
"TER-PRIBS-T28",2024-01-30,NA,NA,NA
"TER-PRIBS-T28",2024-01-31,NA,NA,NA
"TER-PRIBS-T28",2024-02-01,NA,NA,NA
"TER-PRIBS-T28",2024-02-02,NA,NA,NA
"TER-PRIBS-T28",2024-02-03,NA,NA,NA
"TER-PRIBS-T28",2024-02-04,NA,NA,NA
"TER-PRIBS-T28",2024-02-05,NA,NA,NA
"TER-PRIBS-T28",2024-02-06,NA,NA,NA
"TER-PRIBS-T28",2024-02-07,NA,NA,NA
"TER-PRIBS-T28",2024-02-08,NA,NA,NA
"TER-PRIBS-T28",2024-02-09,NA,NA,NA
"TER-PRIBS-T28",2024-02-10,NA,NA,NA
"TER-PRIBS-T28",2024-02-11,NA,NA,NA
"TER-PRIBS-T28",2024-02-12,NA,NA,NA
"TER-PRIBS-T28",2024-02-13,NA,NA,NA
"TER-PRIBS-T28",2024-02-14,NA,NA,NA
"TER-PRIBS-T28",2024-02-15,NA,NA,NA
"TER-PRIBS-T28",2024-02-16,NA,NA,NA
"TER-PRIBS-T28",2024-02-17,NA,NA,NA
"TER-PRIBS-T28",2024-02-18,NA,NA,NA
"TER-PRIBS-T28",2024-02-19,NA,NA,NA
"TER-PRIBS-T28",2024-02-20,NA,NA,NA
"TER-PRIBS-T28",2024-02-21,NA,NA,NA
"TER-PRIBS-T28",2024-02-22,NA,NA,NA
"TER-PRIBS-T28",2024-02-23,NA,NA,NA
"TER-PRIBS-T28",2024-02-24,NA,NA,NA
"TER-PRIBS-T28",2024-02-25,NA,NA,NA
"TER-PRIBS-T28",2024-02-26,NA,NA,NA
"TER-PRIBS-T28",2024-02-27,NA,NA,NA
"TER-PRIBS-T28",2024-02-28,NA,NA,NA
"TER-PRIBS-T28",2024-02-29,NA,NA,NA
"TER-PRIBS-T28",2024-03-01,NA,NA,NA
"TER-PRIBS-T28",2024-03-02,NA,NA,NA
"TER-PRIBS-T28",2024-03-03,NA,NA,NA
"TER-PRIBS-T28",2024-03-04,NA,NA,NA
"TER-PRIBS-T28",2024-03-05,NA,NA,NA
"TER-PRIBS-T28",2024-03-06,NA,NA,NA
"TER-PRIBS-T28",2024-03-07,NA,NA,NA
"TER-PRIBS-T28",2024-03-08,NA,NA,NA
"TER-PRIBS-T28",2024-03-09,NA,NA,NA
"TER-PRIBS-T28",2024-03-10,NA,NA,NA
"TER-PRIBS-T28",2024-03-11,NA,NA,NA
"TER-PRIBS-T28",2024-03-12,NA,NA,NA
"TER-PRIBS-T28",2024-03-13,NA,NA,NA
"TER-PRIBS-T28",2024-03-14,NA,NA,NA
"TER-PRIBS-T28",2024-03-15,NA,NA,NA
"TER-PRIBS-T28",2024-03-16,NA,NA,NA
"TER-PRIBS-T28",2024-03-17,NA,NA,NA
"TER-PRIBS-T28",2024-03-18,NA,NA,NA
"TER-PRIBS-T28",2024-03-19,NA,NA,NA
"TER-PRIBS-T28",2024-03-20,NA,NA,NA
"TER-PRIBS-T28",2024-03-21,NA,NA,NA
"TER-PRIBS-T28",2024-03-22,NA,NA,NA
"TER-PRIBS-T28",2024-03-23,NA,NA,NA
"TER-PRIBS-T28",2024-03-24,NA,NA,NA
"TER-PRIBS-T28",2024-03-25,NA,NA,NA
"TER-PRIBS-T28",2024-03-26,NA,NA,NA
"TER-PRIBS-T28",2024-03-27,NA,NA,NA
"TER-PRIBS-T28",2024-03-28,NA,NA,NA
"TER-PRIBS-T28",2024-03-29,NA,NA,NA
"TER-PRIBS-T28",2024-03-30,NA,NA,NA
"TER-PRIBS-T28",2024-03-31,NA,NA,NA
"TER-PRIBS-T28",2024-04-01,NA,NA,NA
"TER-PRIBS-T28",2024-04-02,NA,NA,NA
"TER-PRIBS-T28",2024-04-03,NA,NA,NA
"TER-PRIBS-T28",2024-04-04,NA,NA,NA
"TER-PRIBS-T28",2024-04-05,NA,NA,NA
"TER-PRIBS-T28",2024-04-06,NA,NA,NA
"TER-PRIBS-T28",2024-04-07,NA,NA,NA
"TER-PRIBS-T28",2024-04-08,NA,NA,NA
"TER-PRIBS-T28",2024-04-09,NA,NA,NA
"TER-PRIBS-T28",2024-04-10,NA,NA,NA
"TER-PRIBS-T28",2024-04-11,NA,NA,NA
"TER-PRIBS-T28",2024-04-12,NA,NA,NA
"TER-PRIBS-T28",2024-04-13,NA,NA,NA
"TER-PRIBS-T28",2024-04-14,NA,NA,NA
"TER-PRIBS-T28",2024-04-15,NA,NA,NA
"TER-PRIBS-T28",2024-04-16,NA,NA,NA
"TER-PRIBS-T28",2024-04-17,NA,NA,NA
"TER-PRIBS-T28",2024-04-18,NA,NA,NA
"TER-PRIBS-T28",2024-04-19,NA,NA,NA
"TER-PRIBS-T28",2024-04-20,NA,NA,NA
"TER-PRIBS-T28",2024-04-21,0.0156973424249216,0.0588199659230118,0.0719009731214972
"TER-PRIBS-T28",2024-04-22,0,0.0242822219720333,0.0343075227011151
"TER-PRIBS-T28",2024-04-23,0,0,0.00147940336704356
"TER-PRIBS-T28",2024-04-24,0,0.0200260337388041,0.0415614550842546
"TER-PRIBS-T28",2024-04-25,0.033495154973033,0.0684975613024841,0.093821378320322
"TER-PRIBS-T28",2024-04-26,0.0335418131755775,0.0695832907908088,0.0864851294247886
"TER-PRIBS-T28",2024-04-27,0.0484361534928067,0.0667844455056956,0.0655633463425587
"TER-PRIBS-T28",2024-04-28,0.0931546865635428,0.115717983033035,0.119333347808875
"TER-PRIBS-T28",2024-04-29,0.0848933090784989,0.130784478966432,0.131038247279613
"TER-PRIBS-T28",2024-04-30,0.0770936196270333,0.162456770008291,0.172752399713718
"TER-PRIBS-T28",2024-05-01,0.0660782239780363,0.111954630404288,0.114543551448026
"TER-PRIBS-T28",2024-05-02,0.0191580347238718,0.0574648182172485,0.0543634005242554
"TER-PRIBS-T28",2024-05-03,0,0.0947652460165159,0.104465210687572
"TER-PRIBS-T28",2024-05-04,0,0.0741265580183678,0.0884491961658174
"TER-PRIBS-T28",2024-05-05,0.00481990260939191,0.0474843872813518,0.0726630164737169
"TER-PRIBS-T28",2024-05-06,0,0,0.0062863639733128
"TER-PRIBS-T28",2024-05-07,0,0.0834584672735039,0.120139527926107
"TER-PRIBS-T28",2024-05-08,0,0.037134568652438,0.0603892426344988
"TER-PRIBS-T28",2024-05-09,0.00383214507758963,0.0474274071842629,0.0837845807808046
"TER-PRIBS-T28",2024-05-10,0.0292698701428277,0.114169528973229,0.153056678203598
"TER-PRIBS-T28",2024-05-11,0.0223937242757035,0.0896689157686586,0.109184833204721
"TER-PRIBS-T28",2024-05-12,0.0253183313524696,0.0823707215434413,0.0984999946874199
"TER-PRIBS-T28",2024-05-13,0,0.0580101914011677,0.078954781092864
"TER-PRIBS-T28",2024-05-14,0.0451582326297659,0.0627237798190972,0.069474380081538
"TER-PRIBS-T28",2024-05-15,0.0132427566166547,0.0573371652223669,0.0648201514648043
"TER-PRIBS-T28",2024-05-16,0,0,0
"TER-PRIBS-T28",2024-05-17,0,0.0629843022004579,0.112024667846714
"TER-PRIBS-T28",2024-05-18,0.0296680270774157,0.112653409341991,0.131716294070877
"TER-PRIBS-T28",2024-05-19,0.107218063335732,0.177978280685323,0.176101270795882
"TER-PRIBS-T28",2024-05-20,0.0270003928733556,0.0790705986626754,0.0925363047686902
"TER-PRIBS-T28",2024-05-21,0,0.0137884625183704,0.0158049057702202
"TER-PRIBS-T28",2024-05-22,0.0255697014358926,0.120140277490959,0.138445002644097
"TER-PRIBS-T28",2024-05-23,0,0.00574821761638442,0.00191607253879479
"TER-PRIBS-T28",2024-05-24,0,0.0183818614833594,0.0195939041175059
"TER-PRIBS-T28",2024-05-25,0.0306840704939029,0.0900034654933115,0.148012078029036
"TER-PRIBS-T28",2024-05-26,0.0402532654107998,0.100905427851703,0.149689899878801
"TER-PRIBS-T28",2024-05-27,0.0488619889042289,0.104125147966561,0.109072086616211
"TER-PRIBS-T28",2024-05-28,0.085192071742506,0.160896028162637,0.165231345932453
"TER-PRIBS-T28",2024-05-29,0.00968805714059514,0.0147574056685531,0.0117868937526439
"TER-PRIBS-T28",2024-05-30,0.0168818474364653,0.0914449858792824,0.137774834084476
"TER-PRIBS-T28",2024-05-31,0,0.0536390781553706,0.0555980159970835
"TER-PRIBS-T28",2024-06-01,0.0412765148030538,0.110725085255575,0.162148817131818
"TER-PRIBS-T28",2024-06-02,0.0119376166946407,0.079793958245483,0.100249892914912
"TER-PRIBS-T28",2024-06-03,0,0.019912417873379,0.0242734743736806
"TER-PRIBS-T28",2024-06-04,0,0.0344638642981127,0.0241516634150351
"TER-PRIBS-T28",2024-06-05,0.00157942877147918,0.0126086893735983,0.0148725545372847
"TER-PRIBS-T28",2024-06-06,0.0269522809000439,0.0546033301171743,0.0906676356834381
"TER-PRIBS-T28",2024-06-07,0.0189255900026818,0.0527156541924974,0.0589207998955006
"TER-PRIBS-T28",2024-06-08,0.011887486563522,0.035334019167358,0.0592986789364956
"TER-PRIBS-T28",2024-06-09,0.0358431298898246,0.0929056874882463,0.120353613548386
"TER-PRIBS-T28",2024-06-10,0.0145318878956021,0.0354665949647664,0.0504553284629325
"TER-PRIBS-T28",2024-06-11,0.03543906923841,0.0838945466650681,0.110758065909598
"TER-PRIBS-T28",2024-06-12,0.0603809202114128,0.0542452570506437,0.211679413802044
"TER-PRIBS-T28",2024-06-13,0.00452015173207338,0.00593373210777528,0.00204149230502055
"TER-PRIBS-T28",2024-06-14,0.0197109721029755,0,0.0661222339260003
"TER-PRIBS-T28",2024-06-15,0.0375262069742515,0.00384613138187374,0.269037839355905
"TER-PRIBS-T28",2024-06-16,0.0131167939755853,0.00907347156528351,0.0343740228388228
"TER-PRIBS-T28",2024-06-17,0.0368934948664486,0.0116557382327017,0.0969483357875765
"TER-PRIBS-T28",2024-06-18,0.0265510542832939,0.0172179971915083,0.0816578437298525
"TER-PRIBS-T28",2024-06-19,0.027523499899672,0.0128805846897142,0.127123283327458
"TER-PRIBS-T28",2024-06-20,0.0386319134454862,0.0259111567674862,0.138396972123373
"TER-PRIBS-T28",2024-06-21,0.142757794252549,0.184464625077615,0.178946950133526
"TER-PRIBS-T28",2024-06-22,0.0875609740469239,0.139696946916595,0.161444733573818
"TER-PRIBS-T28",2024-06-23,0.115405841486895,0.156591425781061,0.180190155957206
"TER-PRIBS-T28",2024-06-24,0.0189931952688739,0.0355239927760399,0.0219561567573578
"TER-PRIBS-T28",2024-06-25,0.100921346384984,0.139857136226534,0.150478222058489
"TER-PRIBS-T28",2024-06-26,0.10324896394588,0.153374166317946,0.176149700126178
"TER-PRIBS-T28",2024-06-27,0.0386749093506116,0.0581988641763341,0.0424740876253233
"TER-PRIBS-T28",2024-06-28,0.10530954675136,0.126855282072381,0.137686057599682
"TER-PRIBS-T28",2024-06-29,0.0185072252709049,0.0838702329367149,0.0698108928725879
"TER-PRIBS-T28",2024-06-30,0.0287551618610335,0.039985157176485,0.0285757652843685
"TER-PRIBS-T28",2024-07-01,0.108687492734928,0.135564100504224,0.139392995422026
"TER-PRIBS-T28",2024-07-02,0.0872627531907161,0.121174474317144,0.125699351408463
"TER-PRIBS-T28",2024-07-03,0.110206704895497,0.130761532140037,0.133557191355507
"TER-PRIBS-T28",2024-07-04,0.0977386968771772,0.0916588999250302,0.121331708150512
"TER-PRIBS-T28",2024-07-05,0.049216414838544,0.0731856902446763,0.0778525277929591
"TER-PRIBS-T28",2024-07-06,0.0373925571719815,0.0505669793757396,0.0287402118175913
"TER-PRIBS-T28",2024-07-07,0.0469319618507594,0.0611265980279385,0.0350909812022214
"TER-PRIBS-T28",2024-07-08,0.00781567681469895,0.0107580531572854,0.00572887549373562
"TER-PRIBS-T28",2024-07-09,0.00526938312920159,0.0123904240435052,0.0224182391811475
"TER-PRIBS-T28",2024-07-10,0.0518216784582022,0.0922226903589237,0.04223488445802
"TER-PRIBS-T28",2024-07-11,0.075653924693671,0.100475273838649,0.0861485282459367
"TER-PRIBS-T28",2024-07-12,0.0336053880852789,0.0629706474703485,0.0582392109915368
"TER-PRIBS-T28",2024-07-13,0.03345726365881,0.0569735615926073,0.0353988038145729
"TER-PRIBS-T28",2024-07-14,0.107718590698697,0.160278076165602,0.178510281285189
"TER-PRIBS-T28",2024-07-15,0.0525549189426848,0.0894562432331491,0.0878905441616876
"TER-PRIBS-T28",2024-07-16,0.0597625812011686,0.136493240455518,0.0921349167132034
"TER-PRIBS-T28",2024-07-17,0.0094993030635482,0.0170267155781742,0.0132703613171327
"TER-PRIBS-T28",2024-07-18,0.0504249266244113,0.0850706771519258,0.0509564988069475
"TER-PRIBS-T28",2024-07-19,0.0919963785262805,0.171579499842188,0.153746320886155
"TER-PRIBS-T28",2024-07-20,0.0794387721144423,0.12842897337067,0.0900106477191142
"TER-PRIBS-T28",2024-07-21,0.111225574018567,0.171982793574177,0.163449484365323
"TER-PRIBS-T28",2024-07-22,0.101154614345969,0.141868108678615,0.146957753494969
"TER-PRIBS-T28",2024-07-23,0.0927979687482415,0.11786253206537,0.127709726727254
"TER-PRIBS-T28",2024-07-24,0.0617803959573962,0.0893129288152246,0.0941526447742494
"TER-PRIBS-T28",2024-07-25,0.094724650519709,0.171292383637593,0.167376179462339
"TER-PRIBS-T28",2024-07-26,0.122257285175693,0.18661288713639,0.173522523839388
"TER-PRIBS-T28",2024-07-27,0.110495031936042,0.111925086719344,0.0770139001481147
"TER-PRIBS-T28",2024-07-28,0.0709008793130777,0.118530193509494,0.106363090012123
"TER-PRIBS-T28",2024-07-29,0.0544859623730901,0.0738316836165439,0.0182461182438488
"TER-PRIBS-T28",2024-07-30,0.0105866929326758,0.0795050364455946,0.0187607839309082
"TER-PRIBS-T28",2024-07-31,0.0577163517591684,0.0729410052849996,0.0428097666794634
"TER-PRIBS-T28",2024-08-01,0.0786386008678736,0.13206067190744,0.0925708093371975
"TER-PRIBS-T28",2024-08-02,0.0553991011238462,0.0810160150897999,0.0794626619370848
"TER-PRIBS-T28",2024-08-03,0.0770657788712619,0.145101750965318,0.118935298052598
"TER-PRIBS-T28",2024-08-04,0.103877925936297,0.158319142001935,0.155295019841321
"TER-PRIBS-T28",2024-08-05,0.0856613230785504,0.124659040583495,0.104885859140573
"TER-PRIBS-T28",2024-08-06,0.0629399511677481,0.0798324715995144,0.0418047676750525
"TER-PRIBS-T28",2024-08-07,0.100241365528762,0.11722760494739,0.0954917497357632
"TER-PRIBS-T28",2024-08-08,0.0944249225078437,0.147504687207316,0.145362579329686
"TER-PRIBS-T28",2024-08-09,0.0690990044015396,0.0863807062358805,0.0864652675653511
"TER-PRIBS-T28",2024-08-10,0.0966377515860258,0.143505340546675,0.137159214085786
"TER-PRIBS-T28",2024-08-11,0.0918868840367685,0.139028948571453,0.121252681883526
"TER-PRIBS-T28",2024-08-12,0.0753038899944446,0.135022936331374,0.126705965452681
"TER-PRIBS-T28",2024-08-13,0.0555826169244526,0.0878316515266724,0.0317598540098466
"TER-PRIBS-T28",2024-08-14,0.117384033653926,0.192927989821263,0.15635433206062
"TER-PRIBS-T28",2024-08-15,0.086792201467802,0.103370254780203,0.0788520829409305
"TER-PRIBS-T28",2024-08-16,0.0726394701911359,0.0843613024628764,0.0659307481949159
"TER-PRIBS-T28",2024-08-17,0.0551992498522351,0.0627295416019981,0.0556311988062458
"TER-PRIBS-T28",2024-08-18,0.0606205774123408,0.110852836977963,0.0924226294327308
"TER-PRIBS-T28",2024-08-19,0.119996559070167,0.169107576922564,0.146233335700366
"TER-PRIBS-T28",2024-08-20,0.0274272578958333,0.0348562992674485,0.019465882339149
"TER-PRIBS-T28",2024-08-21,0.0813599985515058,0.121320796455591,0.0867900663582712
"TER-PRIBS-T28",2024-08-22,0.114571256322419,0.241206391347826,0.285598647056406
"TER-PRIBS-T28",2024-08-23,0.0389144089560605,0.06828668588456,0.0292146431401331
"TER-PRIBS-T28",2024-08-24,0.0855286091423984,0.175153101411894,0.175904540223504
"TER-PRIBS-T28",2024-08-25,0.0674033456789397,0.163278800547599,0.157531190087799
"TER-PRIBS-T28",2024-08-26,0.0702389533078822,0.142904175904942,0.120838863448088
"TER-PRIBS-T28",2024-08-27,0.0768915497985254,0.1124132145763,0.0953186490629492
"TER-PRIBS-T28",2024-08-28,0.0610932525350323,0.0947165817421216,0.0779661581189812
"TER-PRIBS-T28",2024-08-29,0.0445709030631971,0.0709336456876829,0.0608958374013019
"TER-PRIBS-T28",2024-08-30,0.108266816656308,0.195160638178207,0.217444993835968
"TER-PRIBS-T28",2024-08-31,0.117356424617339,0.193962403312222,0.161255252580011
"TER-PRIBS-T28",2024-09-01,0.095014918504908,0.126921500469245,0.112348436990502
"TER-PRIBS-T28",2024-09-02,0.136324922414416,0.155971860553411,0.160288033309034
"TER-PRIBS-T28",2024-09-03,0.129775161848411,0.116200986485778,0.127163524143583
"TER-PRIBS-T28",2024-09-04,0.11587993873776,0.0828858134544855,0.0995341085471323
"TER-PRIBS-T28",2024-09-05,0.0636741747743325,0.071617819180651,0.0780708895665858
"TER-PRIBS-T28",2024-09-06,0.083714548982703,0.080986307919996,0.0961496818123775
"TER-PRIBS-T28",2024-09-07,0.135107605231745,0.157881042450252,0.134980779134743
"TER-PRIBS-T28",2024-09-08,0.00563432498939438,0.0705845988972018,0.0549381737084159
"TER-PRIBS-T28",2024-09-09,0.053341350731444,0.0662602926705638,0.0396907236010484
"TER-PRIBS-T28",2024-09-10,0.00861036076060306,0.0310311725452947,0.0494151827485129
"TER-PRIBS-T28",2024-09-11,0.069278747456137,0.144067297546979,0.132454637422262
"TER-PRIBS-T28",2024-09-12,0.0752670939031873,0.153484480642017,0.134779732429333
"TER-PRIBS-T28",2024-09-13,0.0832824632395708,0.175607032468082,0.189614206707101
"TER-PRIBS-T28",2024-09-14,0.0193123269332226,0.0388752490196196,0.028136511487296
"TER-PRIBS-T28",2024-09-15,0.120922645012189,0.174922049640823,0.175806173756062
"TER-PRIBS-T28",2024-09-16,0.0344520650223765,0.0956668494692207,0.0675100130451559
"TER-PRIBS-T28",2024-09-17,0.0650854208510046,0.104447345030187,0.0680082860716216
"TER-PRIBS-T28",2024-09-18,0.0862106771872909,0.119143677970478,0.0965476198627689
"TER-PRIBS-T28",2024-09-19,0.0418405303156438,0.0825071824615244,0.0634050183373386
"TER-PRIBS-T28",2024-09-20,0.00614187671800807,0.027103839816159,0.0126028017744866
"TER-PRIBS-T28",2024-09-21,0.0363028873836202,0.109204690448992,0.115018470919169
"TER-PRIBS-T28",2024-09-22,0.0590173610287902,0.130751946969354,0.106079609756842
"TER-PRIBS-T28",2024-09-23,0.0627099498331947,0.139039765937065,0.135647273648134
"TER-PRIBS-T28",2024-09-24,0.0469788477002771,0.0814098411463858,0.0582346885669727
"TER-PRIBS-T28",2024-09-25,0.0249144594863749,0.0218338751083645,0.0215069726000994
"TER-PRIBS-T28",2024-09-26,0.0268943981142315,0.105948210730697,0.0938732611397931
"TER-PRIBS-T28",2024-09-27,0.0922885296472877,0.139438118245895,0.104551271080703
"TER-PRIBS-T28",2024-09-28,0.088292643247311,0.122185469015613,0.109347411206911
"TER-PRIBS-T28",2024-09-29,0.0414991757515016,0.0714142390413247,0.0457303952559062
"TER-PRIBS-T28",2024-09-30,0.0547242376969672,0.0690670495855056,0.0912898264547254
"TER-PRIBS-T28",2024-10-01,0.0370843000009006,0.0563980360785596,0.0528282160676972
"TER-PRIBS-T28",2024-10-02,0.025022381959208,0.043231262025018,0.0365366185651065
"TER-PRIBS-T28",2024-10-03,0.0351534652921626,0.0562986942348371,0.0541101267023025
"TER-PRIBS-T28",2024-10-04,0.0468713948970008,0.0449242153549857,0.0463455831877416
"TER-PRIBS-T28",2024-10-05,0.0103075672418761,0.0202686801331187,0.00848020728643801
"TER-PRIBS-T28",2024-10-06,0.0325480679943279,0.0739915014650642,0.0778880306740104
"TER-PRIBS-T28",2024-10-07,0.0637596503744874,0.114807449463547,0.113651982279587
"TER-PRIBS-T28",2024-10-08,0.0575662953303423,0.0823047615404239,0.0798166853752584
"TER-PRIBS-T28",2024-10-09,0.0320839706634295,0.0839101119006929,0.100081405443031
"TER-PRIBS-T28",2024-10-10,0.0205417926748568,0.0299063621135313,0.0209132919523238
"TER-PRIBS-T28",2024-10-11,0.0840483354037315,0.0951753632203515,0.127326371889695
"TER-PRIBS-T28",2024-10-12,0.0506669689382719,0.0859777440540729,0.0971613494728792
"TER-PRIBS-T28",2024-10-13,0.0189842455405774,0.0189751570293541,0.0218299921557969
"TER-PRIBS-T28",2024-10-14,0.00552024193881285,0.00407381537473624,0.00396650546700664
"TER-PRIBS-T28",2024-10-15,0.0584612442745684,0.0797268456752509,0.0637200347983506
"TER-PRIBS-T28",2024-10-16,0.0390635302689515,0.0744120000232632,0.0752736732572873
"TER-PRIBS-T28",2024-10-17,0.0383528623692602,0.0627726136671793,0.0775014194269078
"TER-PRIBS-T28",2024-10-18,0.0695745850906054,0.117700307914374,0.12009480449889
"TER-PRIBS-T28",2024-10-19,0.0242608338730892,0.0540806164775267,0.0627827269206506
"TER-PRIBS-T28",2024-10-20,0.0240571706707816,0.0498512046780612,0.0347290837801699
"TER-PRIBS-T28",2024-10-21,0.0612751872825064,0.0880140940695401,0.108781189813341
"TER-PRIBS-T28",2024-10-22,0.0420248036489493,0.0558188678923078,0.0537334980163859
"TER-PRIBS-T28",2024-10-23,0.0105019310698122,0.0119303815780778,0.0128542793068532
"TER-PRIBS-T28",2024-10-24,0.101743611910583,0.0989520262253848,0.129807397250393
"TER-PRIBS-T28",2024-10-25,0.0467932666774897,0.0496571035783346,0.0539965403037218
"TER-PRIBS-T28",2024-10-26,0.0449404470929938,0.0469252793927365,0.050088839366699
"TER-PRIBS-T28",2024-10-27,0.0264852213845881,0.0272159498398891,0.0297109930722312
"TER-PRIBS-T28",2024-10-28,0.0545291099331065,0.053349269034632,0.0533324885161621
"TER-PRIBS-T28",2024-10-29,0.0311091933495075,0.0366077185772582,0.0342573404966113
"TER-PRIBS-T28",2024-10-30,0.0288304707181373,0.0427289415032783,0.0528356621598645
"TER-PRIBS-T28",2024-10-31,0.0511485203817029,0.077672725212641,0.0698148459641657
"TER-PRIBS-T28",2024-11-01,0.0103758407299317,0.0109002701442661,0.00923413893235767
"TER-PRIBS-T28",2024-11-02,0.0751921788368992,0.0983728742355565,0.111393102614476
"TER-PRIBS-T28",2024-11-03,0.0213654370811105,0.015626486314156,0.00701279993934679
"TER-PRIBS-T28",2024-11-04,0.0659699852668137,0.107277705830228,0.114088239684146
"TER-PRIBS-T28",2024-11-05,0.0543790193627599,0.0737399659881599,0.0811501172290998
"TER-PRIBS-T28",2024-11-06,0.023142159437367,0.0342443260791687,0.0239180206676572
"TER-PRIBS-T28",2024-11-07,0.034600105985197,0.071556610376519,0.0835110817152795
"TER-PRIBS-T28",2024-11-08,0.0232436607338458,0.0449685471288917,0.046036468770631
"TER-PRIBS-T28",2024-11-09,0.072167485119404,0.105881264344203,0.105693149952279
"TER-PRIBS-T28",2024-11-10,0.0340001548341184,0.0440631894758229,0.0441356359365307
"TER-PRIBS-T28",2024-11-11,0.0222048006794384,0.0289114006668943,0.0255256322380087
"TER-PRIBS-T28",2024-11-12,0.0216420505563893,0.0181648694354787,0.00895804841745153
"TER-PRIBS-T28",2024-11-13,0.0400923242719164,0.0437474813712681,0.0389958120066259
"TER-PRIBS-T28",2024-11-14,0.0462456115641807,0.0577723043049312,0.0721649356277369
"TER-PRIBS-T28",2024-11-15,0.0478252863138354,0.0549710016267218,0.0669227228112641
"TER-PRIBS-T28",2024-11-16,0.0149675232961505,0.0201055968055093,0.0223839756173928
"TER-PRIBS-T28",2024-11-17,0.0470746271105363,0.0554574272801274,0.0532004449424714
"TER-PRIBS-T28",2024-11-18,0.0287183693307125,0.0252802713147127,0.0235246321495725
"TER-PRIBS-T28",2024-11-19,0.0262291330978323,0.0522544818593203,0.0737567327132825
"TER-PRIBS-T28",2024-11-20,0.0179413498916104,0.0510997205894351,0.0631653435411053
"TER-PRIBS-T28",2024-11-21,0.0347136420749481,0.0566394424341342,0.0618776742620149
"TER-PRIBS-T28",2024-11-22,0.0667298419633725,0.08297062540037,0.0837121288468289
"TER-PRIBS-T28",2024-11-23,0.00504979230842615,0.0122387484804624,0.00866391027251161
"TER-PRIBS-T28",2024-11-24,0.0481580868791093,0.046867931260954,0.0692136246347377
"TER-PRIBS-T28",2024-11-25,0.0413875184584527,0.0888871764827929,0.0981182448989877
"TER-PRIBS-T28",2024-11-26,0.0469171797442653,0.064019283849694,0.0688836708985876
"TER-PRIBS-T28",2024-11-27,0.0340062145997385,0.047282377152633,0.0481655723488854
"TER-PRIBS-T28",2024-11-28,0.0292330939905366,0.0338136326671584,0.0311582649904283
"TER-PRIBS-T28",2024-11-29,0.0424309255707782,0.0613999248687674,0.0621800054894124
"TER-PRIBS-T28",2024-11-30,0.0247805813716933,0.0385827475551272,0.0381022733330008
"TER-PRIBS-T28",2024-12-01,0.0223780930046346,0.0313778052720808,0.0353924351781063
"TER-PRIBS-T28",2024-12-02,0.0144201332753386,0.0317686252009261,0.00673532367725159
"TER-PRIBS-T28",2024-12-03,0.0191218809442081,0.0428252128662339,0.0621335059551781
"TER-PRIBS-T28",2024-12-04,0.0217875443528742,0.0490390369033935,0.0624634844671235
"TER-PRIBS-T28",2024-12-05,0.0330634336767385,0.0449764076128927,0.0527513686723072
"TER-PRIBS-T28",2024-12-06,0.0514544148169361,0.0815690396849313,0.0796482343015471
"TER-PRIBS-T28",2024-12-07,0.0586479615177238,0.0740338860664345,0.0759554281956274
"TER-PRIBS-T28",2024-12-08,0.0384784922024697,0.0616338232076931,0.0671315447185272
"TER-PRIBS-T28",2024-12-09,0.0540622364353146,0.0619685083828992,0.0787128476515145
"TER-PRIBS-T28",2024-12-10,0.0309249649595938,0.0450189227979835,0.0462646063752405
"TER-PRIBS-T28",2024-12-11,0.0260301818931206,0.0295617770146079,0.0306741182099534
"TER-PRIBS-T28",2024-12-12,0.00234385763292005,0.0039263186593427,0.00584552674186521
"TER-PRIBS-T28",2024-12-13,0.00919809187413563,0.0390027467567912,0.0505501521580154
"TER-PRIBS-T28",2024-12-14,0.0597390693624839,0.0708359304672131,0.0736490538333902
"TER-PRIBS-T28",2024-12-15,0.0660392992137074,0.0696763980566755,0.0770227909490002
"TER-PRIBS-T28",2024-12-16,0.00489245005105579,0.00402136951645114,0.00646004861714176
"TER-PRIBS-T28",2024-12-17,0.0577379501158318,0.079474084735276,0.101288790400413
"TER-PRIBS-T28",2024-12-18,0.0521534203596653,0.0761207421086799,0.0773066660779501
"TER-PRIBS-T28",2024-12-19,0,0.00373450947048227,0.0231266656033127
"TER-PRIBS-T28",2024-12-20,0.0559360529465804,0.0597404331434561,0.0724221183254858
"TER-PRIBS-T28",2024-12-21,0.0365272611731743,0.0455739587099879,0.0579396622831943
"TER-PRIBS-T28",2024-12-22,0.0267248256872731,0.0467524616628729,0.0626176319318774
"TER-PRIBS-T28",2024-12-23,0.0434833458772229,0.0585836286261,0.0767578074144428
"TER-PRIBS-T28",2024-12-24,0.02382974441689,0.0451154275610379,0.0433607020676179
"TER-PRIBS-T28",2024-12-25,0.0164684176615986,0.0328269324575331,0.0406583678244731
"TER-PRIBS-T28",2024-12-26,0.0196580290315836,0.0231978795060008,0.0328125269260947
"TER-PRIBS-T28",2024-12-27,0.0287070101037095,0.0295598355418091,0.0298876719066498
"TER-PRIBS-T28",2024-12-28,0.155705855606777,0.270030089886179,0.27814272111256
"TER-PRIBS-T28",2024-12-29,0.0347827486668739,0.049045078125408,0.0493915837853079
"TER-PRIBS-T28",2024-12-30,0.0272359575609615,0.0526190967215986,0.0835447200698928
"TER-PRIBS-T28",2024-12-31,0.065290226727106,0.0705295320249237,0.0704464409801636
"TER-PRIBS-T28",2025-01-01,0.00601155383538733,0.008181676043061,0.0116722708377646
"TER-PRIBS-T28",2025-01-02,0.0114495524722276,0.0294173640629816,0.0344370584469447
"TER-PRIBS-T28",2025-01-03,0.00445898836590643,0.00889983954660491,0.0137266477760862
"TER-PRIBS-T28",2025-01-04,0,0,0.00432983417137848
"TER-PRIBS-T28",2025-01-05,0,0.0315762937625896,0.0503432951600284
"TER-PRIBS-T28",2025-01-06,0.00438074571054476,0.0188878540791275,0.0225220987016613
"TER-PRIBS-T28",2025-01-07,0.00354372290373602,0.0691622032880632,0.0722203963847946
"TER-PRIBS-T28",2025-01-08,0.0317313423501121,0.0586813021207411,0.0695746474701242
"TER-PRIBS-T28",2025-01-09,0.00414272963727207,0.0161989028373399,0.0139276920045882
"TER-PRIBS-T28",2025-01-10,0.00446814422415606,0.0126437032273868,0.0371224298207024
"TER-PRIBS-T28",2025-01-11,0.01919230188292,0.0148589428254632,0.0195738178460702
"TER-PRIBS-T28",2025-01-12,0.0293415480710486,0.0789881076436717,0.0713173949189567
"TER-PRIBS-T28",2025-01-13,0.0491653012748788,0.0832613369094824,0.0907983942257168
"TER-PRIBS-T28",2025-01-14,0.0249833937862922,0.0342779915448019,0.0341043480786687
"TER-PRIBS-T28",2025-01-15,0.0403904946297398,0.0498998152864417,0.048298131160432
"TER-PRIBS-T28",2025-01-16,0.0251843935135047,0.0190225756226731,0.0180909418634745
"TER-PRIBS-T28",2025-01-17,0.00439552380359281,0,0.00413458392730406
"TER-PRIBS-T28",2025-01-18,0,0.0217411746582254,0.0337935009094088
"TER-PRIBS-T28",2025-01-19,0.0202755316693286,0.0122505865447842,0.0257560037018678
"TER-PRIBS-T28",2025-01-20,0.00133980901554246,0.00558984040908483,0.00246377123749087
"TER-PRIBS-T28",2025-01-21,0.022224848370134,0.0249163412171194,0.0495921538682804
"TER-PRIBS-T28",2025-01-22,0.0285426171919315,0.0353328295489987,0.0753918788807443
"TER-PRIBS-T28",2025-01-23,0.0282920336157386,0.0433421313922306,0.0567988518739585
"TER-PRIBS-T28",2025-01-24,0.0128128057703054,0.0199595486913258,0.022314504569732
"TER-PRIBS-T28",2025-01-25,0.0111688771786742,0.0253515964340315,0.0327447548135273
"TER-PRIBS-T28",2025-01-26,0.00800121692100387,0.0287350964537291,0.037821472232719
"TER-PRIBS-T28",2025-01-27,0.0287504500572,0.0356867996038401,0.0486900820793519
"TER-PRIBS-T28",2025-01-28,0.0254395401562757,0.0324617068231856,0.0441917953460477
"TER-PRIBS-T28",2025-01-29,0.005471105921699,0.0204469772470925,0.0308708098973905
"TER-PRIBS-T28",2025-01-30,0.0327767960578657,0.0464184082347766,0.0631032215322925
"TER-PRIBS-T28",2025-01-31,0.0322992865265236,0.043672137013523,0.0553962238583947
"TER-PRIBS-T28",2025-02-01,0.0229308421836298,0.0174433529155942,0.0289266437695463
"TER-PRIBS-T28",2025-02-02,0.0314782859308205,0.0313488699967068,0.0507259230242971
"TER-PRIBS-T28",2025-02-03,0.00583335520718886,0,0.00515141913545394
"TER-PRIBS-T28",2025-02-04,0.00631077793072288,0.0194649258440809,0.0278345309143082
"TER-PRIBS-T28",2025-02-05,0.00176352051237875,0,0.019541180165414
"TER-PRIBS-T28",2025-02-06,0.0504634729824996,0.048677259076873,0.0640556289851512
"TER-PRIBS-T28",2025-02-07,0.0142306000448328,0.0123826670078203,0.0241930960423531
"TER-PRIBS-T28",2025-02-08,0.0013377783597713,0,0.0118406167244746
"TER-PRIBS-T28",2025-02-09,0.00150090071747321,0,0.00342359184309411
"TER-PRIBS-T28",2025-02-10,0.00493932977836611,0,0.00500249438598395
"TER-PRIBS-T28",2025-02-11,0.00377265856269041,0.0330121223410933,0.0505862252808344
"TER-PRIBS-T28",2025-02-12,NA,NA,NA
"TER-PRIBS-T28",2025-02-13,NA,NA,NA
"TER-PRIBS-T28",2025-02-14,NA,NA,NA
"TER-PRIBS-T28",2025-02-15,NA,NA,NA
"TER-PRIBS-T28",2025-02-16,NA,NA,NA
"TER-PRIBS-T28",2025-02-17,NA,NA,NA
"TER-PRIBS-T28",2025-02-18,NA,NA,NA
"TER-PRIBS-T28",2025-02-19,NA,NA,NA
"TER-PRIBS-T28",2025-02-20,NA,NA,NA
"TER-PRIBS-T28",2025-02-21,NA,NA,NA
"TER-PRIBS-T28",2025-02-22,NA,NA,NA
"TER-PRIBS-T28",2025-02-23,NA,NA,NA
"TER-PRIBS-T28",2025-02-24,NA,NA,NA
"TER-PRIBS-T28",2025-02-25,NA,NA,NA
"TER-PRIBS-T28",2025-02-26,NA,NA,NA
"TER-PRIBS-T28",2025-02-27,NA,NA,NA
"TER-PRIBS-T28",2025-02-28,NA,NA,NA
"TER-PRIBS-T28",2025-03-01,NA,NA,NA
"TER-PRIBS-T28",2025-03-02,NA,NA,NA
"TER-PRIBS-T28",2025-03-03,NA,NA,NA
"TER-PRIBS-T28",2025-03-04,NA,NA,NA
"TER-PRIBS-T28",2025-03-05,NA,NA,NA
"TER-PRIBS-T28",2025-03-06,NA,NA,NA
"TER-PRIBS-T28",2025-03-07,NA,NA,NA
"TER-PRIBS-T28",2025-03-08,NA,NA,NA
"TER-PRIBS-T28",2025-03-09,NA,NA,NA
"TER-PRIBS-T28",2025-03-10,NA,NA,NA
"TER-PRIBS-T28",2025-03-11,NA,NA,NA
"TER-PRIBS-T28",2025-03-12,NA,NA,NA
"TER-PRIBS-T28",2025-03-13,NA,NA,NA
"TER-PRIBS-T28",2025-03-14,NA,NA,NA
"TER-PRIBS-T28",2025-03-15,NA,NA,NA
"TER-PRIBS-T28",2025-03-16,NA,NA,NA
"TER-PRIBS-T28",2025-03-17,NA,NA,NA
"TER-PRIBS-T28",2025-03-18,NA,NA,NA
"TER-PRIBS-T28",2025-03-19,NA,NA,NA
"TER-PRIBS-T28",2025-03-20,NA,NA,NA
"TER-PRIBS-T28",2025-03-21,NA,NA,NA
"TER-PRIBS-T28",2025-03-22,NA,NA,NA
"TER-PRIBS-T28",2025-03-23,NA,NA,NA
"TER-PRIBS-T28",2025-03-24,NA,NA,NA
"TER-PRIBS-T28",2025-03-25,NA,NA,NA
"TER-PRIBS-T28",2025-03-26,NA,NA,NA
"TER-PRIBS-T28",2025-03-27,NA,NA,NA
"TER-PRIBS-T28",2025-03-28,NA,NA,NA
"TER-PRIBS-T28",2025-03-29,NA,NA,NA
"TER-PRIBS-T28",2025-03-30,NA,NA,NA
"TER-PRIBS-T28",2025-03-31,NA,NA,NA
"TER-PRIBS-T28",2025-04-01,NA,NA,NA
"TER-PRIBS-T28",2025-04-02,NA,NA,NA
"TER-PRIBS-T28",2025-04-03,NA,NA,NA
"TER-PRIBS-T28",2025-04-04,NA,NA,NA
"TER-PRIBS-T28",2025-04-05,NA,NA,NA
"TER-PRIBS-T28",2025-04-06,NA,NA,NA
"TER-PRIBS-T28",2025-04-07,NA,NA,NA
"TER-PRIBS-T28",2025-04-08,NA,NA,NA
"TER-PRIBS-T28",2025-04-09,NA,NA,NA
"TER-PRIBS-T28",2025-04-10,NA,NA,NA
"TER-PRIBS-T28",2025-04-11,NA,NA,NA
"TER-PRIBS-T28",2025-04-12,NA,NA,NA
"TER-PRIBS-T28",2025-04-13,NA,NA,NA
"TER-PRIBS-T28",2025-04-14,NA,NA,NA
"TER-PRIBS-T28",2025-04-15,NA,NA,NA
"TER-PRIBS-T28",2025-04-16,NA,NA,NA
"TER-PRIBS-T28",2025-04-17,NA,NA,NA
"TER-PRIBS-T28",2025-04-18,NA,NA,NA
"TER-PRIBS-T28",2025-04-19,NA,NA,NA
"TER-PRIBS-T28",2025-04-20,NA,NA,NA
"TER-PRIBS-T28",2025-04-21,NA,NA,NA
"TER-PRIBS-T28",2025-04-22,NA,NA,NA
"TER-PRIBS-T28",2025-04-23,NA,NA,NA
"TER-PRIBS-T28",2025-04-24,NA,NA,NA
"TER-PRIBS-T28",2025-04-25,NA,NA,NA
"TER-PRIBS-T28",2025-04-26,NA,NA,NA
"TER-PRIBS-T28",2025-04-27,NA,NA,NA
"TER-PRIBS-T28",2025-04-28,NA,NA,NA
"TER-PRIBS-T28",2025-04-29,NA,NA,NA
"TER-PRIBS-T28",2025-04-30,NA,NA,NA
"TER-PRIBS-T28",2025-05-01,NA,NA,NA
"TER-PRIBS-T28",2025-05-02,NA,NA,NA
"TER-PRIBS-T28",2025-05-03,NA,NA,NA
"TER-PRIBS-T28",2025-05-04,NA,NA,NA
"TER-PRIBS-T28",2025-05-05,NA,NA,NA
"TER-PRIBS-T28",2025-05-06,NA,NA,NA
"TER-PRIBS-T28",2025-05-07,NA,NA,NA
"TER-PRIBS-T28",2025-05-08,NA,NA,NA
"TER-PRIBS-T28",2025-05-09,NA,NA,NA
"TER-PRIBS-T28",2025-05-10,NA,NA,NA
"TER-PRIBS-T28",2025-05-11,NA,NA,NA
"TER-PRIBS-T28",2025-05-12,NA,NA,NA
"TER-PRIBS-T28",2025-05-13,NA,NA,NA
"TER-PRIBS-T28",2025-05-14,NA,NA,NA
"TER-PRIBS-T28",2025-05-15,NA,NA,NA
"TER-PRIBS-T28",2025-05-16,NA,NA,NA
"TER-PRIBS-T28",2025-05-17,NA,NA,NA
"TER-PRIBS-T28",2025-05-18,NA,NA,NA
"TER-PRIBS-T28",2025-05-19,NA,NA,NA
"TER-PRIBS-T28",2025-05-20,NA,NA,NA
"TER-PRIBS-T28",2025-05-21,NA,NA,NA
"TER-PRIBS-T28",2025-05-22,NA,NA,NA
"TER-PRIBS-T28",2025-05-23,NA,NA,NA
"TER-PRIBS-T28",2025-05-24,NA,NA,NA
"TER-PRIBS-T28",2025-05-25,NA,NA,NA
"TER-PRIBS-T28",2025-05-26,NA,NA,NA
"TER-PRIBS-T28",2025-05-27,NA,NA,NA
"TER-PRIBS-T28",2025-05-28,NA,NA,NA
"TER-PRIBS-T28",2025-05-29,NA,NA,NA
"TER-PRIBS-T28",2025-05-30,NA,NA,NA
"TER-PRIBS-T28",2025-05-31,NA,NA,NA
"TER-PRIBS-T28",2025-06-01,NA,NA,NA
"TER-PRIBS-T28",2025-06-02,NA,NA,NA
"TER-PRIBS-T28",2025-06-03,NA,NA,NA
"TER-PRIBS-T28",2025-06-04,NA,NA,NA
"TER-PRIBS-T28",2025-06-05,NA,NA,NA
"TER-PRIBS-T28",2025-06-06,NA,NA,NA
"TER-PRIBS-T28",2025-06-07,NA,NA,NA
"TER-PRIBS-T28",2025-06-08,NA,NA,NA
"TER-PRIBS-T28",2025-06-09,NA,NA,NA
"TER-PRIBS-T28",2025-06-10,NA,NA,NA
"TER-PRIBS-T28",2025-06-11,NA,NA,NA
"TER-PRIBS-T28",2025-06-12,NA,NA,NA
