"site_code","date","GRD","UND","CAN"
"TER-EXO-T01",2023-08-09,NA,NA,NA
"TER-EXO-T01",2023-08-10,NA,NA,NA
"TER-EXO-T01",2023-08-11,NA,NA,NA
"TER-EXO-T01",2023-08-12,NA,NA,NA
"TER-EXO-T01",2023-08-13,NA,NA,NA
"TER-EXO-T01",2023-08-14,NA,NA,NA
"TER-EXO-T01",2023-08-15,NA,NA,NA
"TER-EXO-T01",2023-08-16,NA,NA,NA
"TER-EXO-T01",2023-08-17,NA,NA,NA
"TER-EXO-T01",2023-08-18,NA,NA,NA
"TER-EXO-T01",2023-08-19,NA,NA,NA
"TER-EXO-T01",2023-08-20,NA,NA,NA
"TER-EXO-T01",2023-08-21,NA,NA,NA
"TER-EXO-T01",2023-08-22,NA,NA,NA
"TER-EXO-T01",2023-08-23,NA,NA,NA
"TER-EXO-T01",2023-08-24,NA,NA,NA
"TER-EXO-T01",2023-08-25,NA,NA,NA
"TER-EXO-T01",2023-08-26,NA,NA,NA
"TER-EXO-T01",2023-08-27,NA,NA,NA
"TER-EXO-T01",2023-08-28,NA,NA,NA
"TER-EXO-T01",2023-08-29,NA,NA,NA
"TER-EXO-T01",2023-08-30,NA,NA,NA
"TER-EXO-T01",2023-08-31,NA,NA,NA
"TER-EXO-T01",2023-09-01,NA,NA,NA
"TER-EXO-T01",2023-09-02,NA,NA,NA
"TER-EXO-T01",2023-09-03,NA,NA,NA
"TER-EXO-T01",2023-09-04,NA,NA,NA
"TER-EXO-T01",2023-09-05,NA,NA,NA
"TER-EXO-T01",2023-09-06,NA,NA,NA
"TER-EXO-T01",2023-09-07,NA,NA,NA
"TER-EXO-T01",2023-09-08,NA,NA,NA
"TER-EXO-T01",2023-09-09,NA,NA,NA
"TER-EXO-T01",2023-09-10,NA,NA,NA
"TER-EXO-T01",2023-09-11,NA,NA,NA
"TER-EXO-T01",2023-09-12,NA,NA,NA
"TER-EXO-T01",2023-09-13,NA,NA,NA
"TER-EXO-T01",2023-09-14,NA,NA,NA
"TER-EXO-T01",2023-09-15,NA,NA,NA
"TER-EXO-T01",2023-09-16,NA,NA,NA
"TER-EXO-T01",2023-09-17,NA,NA,NA
"TER-EXO-T01",2023-09-18,NA,NA,NA
"TER-EXO-T01",2023-09-19,NA,NA,NA
"TER-EXO-T01",2023-09-20,NA,NA,NA
"TER-EXO-T01",2023-09-21,NA,NA,NA
"TER-EXO-T01",2023-09-22,NA,NA,NA
"TER-EXO-T01",2023-09-23,NA,NA,NA
"TER-EXO-T01",2023-09-24,NA,NA,NA
"TER-EXO-T01",2023-09-25,NA,NA,NA
"TER-EXO-T01",2023-09-26,NA,NA,NA
"TER-EXO-T01",2023-09-27,NA,NA,NA
"TER-EXO-T01",2023-09-28,NA,NA,NA
"TER-EXO-T01",2023-09-29,NA,NA,NA
"TER-EXO-T01",2023-09-30,NA,NA,NA
"TER-EXO-T01",2023-10-01,NA,NA,NA
"TER-EXO-T01",2023-10-02,NA,NA,NA
"TER-EXO-T01",2023-10-03,NA,NA,NA
"TER-EXO-T01",2023-10-04,NA,NA,NA
"TER-EXO-T01",2023-10-05,NA,NA,NA
"TER-EXO-T01",2023-10-06,NA,NA,NA
"TER-EXO-T01",2023-10-07,NA,NA,NA
"TER-EXO-T01",2023-10-08,NA,NA,NA
"TER-EXO-T01",2023-10-09,NA,NA,NA
"TER-EXO-T01",2023-10-10,NA,NA,NA
"TER-EXO-T01",2023-10-11,NA,NA,NA
"TER-EXO-T01",2023-10-12,NA,NA,NA
"TER-EXO-T01",2023-10-13,NA,NA,NA
"TER-EXO-T01",2023-10-14,NA,NA,NA
"TER-EXO-T01",2023-10-15,NA,NA,NA
"TER-EXO-T01",2023-10-16,NA,NA,NA
"TER-EXO-T01",2023-10-17,NA,NA,NA
"TER-EXO-T01",2023-10-18,NA,NA,NA
"TER-EXO-T01",2023-10-19,NA,NA,NA
"TER-EXO-T01",2023-10-20,NA,NA,NA
"TER-EXO-T01",2023-10-21,NA,NA,NA
"TER-EXO-T01",2023-10-22,NA,NA,NA
"TER-EXO-T01",2023-10-23,NA,NA,NA
"TER-EXO-T01",2023-10-24,NA,NA,NA
"TER-EXO-T01",2023-10-25,NA,NA,NA
"TER-EXO-T01",2023-10-26,NA,NA,NA
"TER-EXO-T01",2023-10-27,NA,NA,NA
"TER-EXO-T01",2023-10-28,NA,NA,NA
"TER-EXO-T01",2023-10-29,NA,NA,NA
"TER-EXO-T01",2023-10-30,NA,NA,NA
"TER-EXO-T01",2023-10-31,NA,NA,NA
"TER-EXO-T01",2023-11-01,NA,NA,NA
"TER-EXO-T01",2023-11-02,NA,NA,NA
"TER-EXO-T01",2023-11-03,NA,NA,NA
"TER-EXO-T01",2023-11-04,NA,NA,NA
"TER-EXO-T01",2023-11-05,NA,NA,NA
"TER-EXO-T01",2023-11-06,NA,NA,NA
"TER-EXO-T01",2023-11-07,NA,NA,NA
"TER-EXO-T01",2023-11-08,NA,NA,NA
"TER-EXO-T01",2023-11-09,NA,NA,NA
"TER-EXO-T01",2023-11-10,NA,NA,NA
"TER-EXO-T01",2023-11-11,NA,NA,NA
"TER-EXO-T01",2023-11-12,NA,NA,NA
"TER-EXO-T01",2023-11-13,NA,NA,NA
"TER-EXO-T01",2023-11-14,NA,NA,NA
"TER-EXO-T01",2023-11-15,NA,NA,NA
"TER-EXO-T01",2023-11-16,NA,NA,NA
"TER-EXO-T01",2023-11-17,NA,NA,NA
"TER-EXO-T01",2023-11-18,NA,NA,NA
"TER-EXO-T01",2023-11-19,NA,NA,NA
"TER-EXO-T01",2023-11-20,NA,NA,NA
"TER-EXO-T01",2023-11-21,NA,NA,NA
"TER-EXO-T01",2023-11-22,NA,NA,NA
"TER-EXO-T01",2023-11-23,NA,NA,NA
"TER-EXO-T01",2023-11-24,NA,NA,NA
"TER-EXO-T01",2023-11-25,NA,NA,NA
"TER-EXO-T01",2023-11-26,NA,NA,NA
"TER-EXO-T01",2023-11-27,NA,NA,NA
"TER-EXO-T01",2023-11-28,NA,NA,NA
"TER-EXO-T01",2023-11-29,NA,NA,NA
"TER-EXO-T01",2023-11-30,NA,NA,NA
"TER-EXO-T01",2023-12-01,NA,NA,NA
"TER-EXO-T01",2023-12-02,NA,NA,NA
"TER-EXO-T01",2023-12-03,NA,NA,NA
"TER-EXO-T01",2023-12-04,NA,NA,NA
"TER-EXO-T01",2023-12-05,NA,NA,NA
"TER-EXO-T01",2023-12-06,NA,NA,NA
"TER-EXO-T01",2023-12-07,NA,NA,NA
"TER-EXO-T01",2023-12-08,NA,NA,NA
"TER-EXO-T01",2023-12-09,NA,NA,NA
"TER-EXO-T01",2023-12-10,NA,NA,NA
"TER-EXO-T01",2023-12-11,NA,NA,NA
"TER-EXO-T01",2023-12-12,NA,NA,NA
"TER-EXO-T01",2023-12-13,NA,NA,NA
"TER-EXO-T01",2023-12-14,NA,NA,NA
"TER-EXO-T01",2023-12-15,NA,NA,NA
"TER-EXO-T01",2023-12-16,NA,NA,NA
"TER-EXO-T01",2023-12-17,NA,NA,NA
"TER-EXO-T01",2023-12-18,NA,NA,NA
"TER-EXO-T01",2023-12-19,NA,NA,NA
"TER-EXO-T01",2023-12-20,NA,NA,NA
"TER-EXO-T01",2023-12-21,NA,NA,NA
"TER-EXO-T01",2023-12-22,NA,NA,NA
"TER-EXO-T01",2023-12-23,NA,NA,NA
"TER-EXO-T01",2023-12-24,NA,NA,NA
"TER-EXO-T01",2023-12-25,NA,NA,NA
"TER-EXO-T01",2023-12-26,NA,NA,NA
"TER-EXO-T01",2023-12-27,NA,NA,NA
"TER-EXO-T01",2023-12-28,NA,NA,NA
"TER-EXO-T01",2023-12-29,NA,NA,NA
"TER-EXO-T01",2023-12-30,NA,NA,NA
"TER-EXO-T01",2023-12-31,NA,NA,NA
"TER-EXO-T01",2024-01-01,NA,NA,NA
"TER-EXO-T01",2024-01-02,NA,NA,NA
"TER-EXO-T01",2024-01-03,NA,NA,NA
"TER-EXO-T01",2024-01-04,NA,NA,NA
"TER-EXO-T01",2024-01-05,NA,NA,NA
"TER-EXO-T01",2024-01-06,NA,NA,NA
"TER-EXO-T01",2024-01-07,NA,NA,NA
"TER-EXO-T01",2024-01-08,NA,NA,NA
"TER-EXO-T01",2024-01-09,NA,NA,NA
"TER-EXO-T01",2024-01-10,NA,NA,NA
"TER-EXO-T01",2024-01-11,NA,NA,NA
"TER-EXO-T01",2024-01-12,NA,NA,NA
"TER-EXO-T01",2024-01-13,NA,NA,NA
"TER-EXO-T01",2024-01-14,NA,NA,NA
"TER-EXO-T01",2024-01-15,NA,NA,NA
"TER-EXO-T01",2024-01-16,NA,NA,NA
"TER-EXO-T01",2024-01-17,NA,NA,NA
"TER-EXO-T01",2024-01-18,NA,NA,NA
"TER-EXO-T01",2024-01-19,NA,NA,NA
"TER-EXO-T01",2024-01-20,NA,NA,NA
"TER-EXO-T01",2024-01-21,NA,NA,NA
"TER-EXO-T01",2024-01-22,NA,NA,NA
"TER-EXO-T01",2024-01-23,NA,NA,NA
"TER-EXO-T01",2024-01-24,NA,NA,NA
"TER-EXO-T01",2024-01-25,NA,NA,NA
"TER-EXO-T01",2024-01-26,NA,NA,NA
"TER-EXO-T01",2024-01-27,NA,NA,NA
"TER-EXO-T01",2024-01-28,NA,NA,NA
"TER-EXO-T01",2024-01-29,NA,NA,NA
"TER-EXO-T01",2024-01-30,NA,NA,NA
"TER-EXO-T01",2024-01-31,NA,NA,NA
"TER-EXO-T01",2024-02-01,NA,NA,NA
"TER-EXO-T01",2024-02-02,NA,NA,NA
"TER-EXO-T01",2024-02-03,NA,NA,NA
"TER-EXO-T01",2024-02-04,NA,NA,NA
"TER-EXO-T01",2024-02-05,NA,NA,NA
"TER-EXO-T01",2024-02-06,NA,NA,NA
"TER-EXO-T01",2024-02-07,NA,NA,NA
"TER-EXO-T01",2024-02-08,NA,NA,NA
"TER-EXO-T01",2024-02-09,NA,NA,NA
"TER-EXO-T01",2024-02-10,NA,NA,NA
"TER-EXO-T01",2024-02-11,NA,NA,NA
"TER-EXO-T01",2024-02-12,NA,NA,NA
"TER-EXO-T01",2024-02-13,NA,NA,NA
"TER-EXO-T01",2024-02-14,NA,NA,NA
"TER-EXO-T01",2024-02-15,NA,NA,NA
"TER-EXO-T01",2024-02-16,NA,NA,NA
"TER-EXO-T01",2024-02-17,NA,NA,NA
"TER-EXO-T01",2024-02-18,NA,NA,NA
"TER-EXO-T01",2024-02-19,NA,NA,NA
"TER-EXO-T01",2024-02-20,NA,NA,NA
"TER-EXO-T01",2024-02-21,NA,NA,NA
"TER-EXO-T01",2024-02-22,NA,NA,NA
"TER-EXO-T01",2024-02-23,NA,NA,NA
"TER-EXO-T01",2024-02-24,NA,NA,NA
"TER-EXO-T01",2024-02-25,NA,NA,NA
"TER-EXO-T01",2024-02-26,NA,NA,NA
"TER-EXO-T01",2024-02-27,NA,NA,NA
"TER-EXO-T01",2024-02-28,NA,NA,NA
"TER-EXO-T01",2024-02-29,NA,NA,NA
"TER-EXO-T01",2024-03-01,NA,NA,NA
"TER-EXO-T01",2024-03-02,NA,NA,NA
"TER-EXO-T01",2024-03-03,NA,NA,NA
"TER-EXO-T01",2024-03-04,NA,NA,NA
"TER-EXO-T01",2024-03-05,NA,NA,NA
"TER-EXO-T01",2024-03-06,NA,NA,NA
"TER-EXO-T01",2024-03-07,NA,NA,NA
"TER-EXO-T01",2024-03-08,NA,NA,NA
"TER-EXO-T01",2024-03-09,NA,NA,NA
"TER-EXO-T01",2024-03-10,NA,NA,NA
"TER-EXO-T01",2024-03-11,NA,NA,NA
"TER-EXO-T01",2024-03-12,NA,NA,NA
"TER-EXO-T01",2024-03-13,13.7083333333333,14.0208333333333,13.8125
"TER-EXO-T01",2024-03-14,13.9166666666667,14.0625,13.9166666666667
"TER-EXO-T01",2024-03-15,13.8125,13.8541666666667,13.8125
"TER-EXO-T01",2024-03-16,11.5416666666667,11.8541666666667,11.75
"TER-EXO-T01",2024-03-17,11.75,11.875,11.7083333333333
"TER-EXO-T01",2024-03-18,13.25,13.2291666666667,13.125
"TER-EXO-T01",2024-03-19,10.2708333333333,10.4791666666667,10.0833333333333
"TER-EXO-T01",2024-03-20,10.0416666666667,10.2083333333333,9.97916666666667
"TER-EXO-T01",2024-03-21,11.9791666666667,12.1666666666667,12.0833333333333
"TER-EXO-T01",2024-03-22,13.2083333333333,13.4583333333333,13.4166666666667
"TER-EXO-T01",2024-03-23,11.0833333333333,11.0416666666667,10.9166666666667
"TER-EXO-T01",2024-03-24,11,11.1666666666667,11.125
"TER-EXO-T01",2024-03-25,10.2083333333333,10.4166666666667,10.25
"TER-EXO-T01",2024-03-26,10.9791666666667,11.3125,11
"TER-EXO-T01",2024-03-27,10.3541666666667,10.3125,10.2083333333333
"TER-EXO-T01",2024-03-28,7.29166666666667,6.79166666666667,6.52083333333333
"TER-EXO-T01",2024-03-29,9.52083333333333,9.70833333333333,9.5
"TER-EXO-T01",2024-03-30,10.3333333333333,9.91666666666667,9.6875
"TER-EXO-T01",2024-03-31,8.79166666666667,8.5,8.39583333333333
"TER-EXO-T01",2024-04-01,12.0833333333333,12.625,12.4583333333333
"TER-EXO-T01",2024-04-02,12.3333333333333,12.8125,12.5833333333333
"TER-EXO-T01",2024-04-03,12.9375,13.1458333333333,12.9583333333333
"TER-EXO-T01",2024-04-04,10.6041666666667,10.2291666666667,10
"TER-EXO-T01",2024-04-05,8.75,8.45833333333333,8.1875
"TER-EXO-T01",2024-04-06,9.85416666666667,10.4375,10.25
"TER-EXO-T01",2024-04-07,13.0833333333333,13.2083333333333,13.0416666666667
"TER-EXO-T01",2024-04-08,12.3125,12.5,12.3541666666667
"TER-EXO-T01",2024-04-09,14.3333333333333,14.6458333333333,14.375
"TER-EXO-T01",2024-04-10,14.625,14.7291666666667,14.5416666666667
"TER-EXO-T01",2024-04-11,14.25,14.25,14.1666666666667
"TER-EXO-T01",2024-04-12,13.1875,13.3541666666667,13.375
"TER-EXO-T01",2024-04-13,12.7291666666667,12.6458333333333,12.6041666666667
"TER-EXO-T01",2024-04-14,11.6666666666667,11.6666666666667,11.625
"TER-EXO-T01",2024-04-15,13.5208333333333,13.6041666666667,13.4791666666667
"TER-EXO-T01",2024-04-16,14.1666666666667,14.25,14.0833333333333
"TER-EXO-T01",2024-04-17,14,13.9791666666667,13.6875
"TER-EXO-T01",2024-04-18,13.7708333333333,13.7291666666667,13.5416666666667
"TER-EXO-T01",2024-04-19,13.1875,13.2083333333333,12.8958333333333
"TER-EXO-T01",2024-04-20,12.3958333333333,12.5625,12.4166666666667
"TER-EXO-T01",2024-04-21,13.7916666666667,13.75,13.4791666666667
"TER-EXO-T01",2024-04-22,12.9583333333333,12.9791666666667,12.7291666666667
"TER-EXO-T01",2024-04-23,13.1666666666667,13.25,13.0416666666667
"TER-EXO-T01",2024-04-24,12.8541666666667,13.0416666666667,12.9375
"TER-EXO-T01",2024-04-25,13.125,13.4791666666667,13.375
"TER-EXO-T01",2024-04-26,11.3541666666667,11.5416666666667,11.3333333333333
"TER-EXO-T01",2024-04-27,11.3333333333333,11.4791666666667,11.2916666666667
"TER-EXO-T01",2024-04-28,11.6041666666667,11.6458333333333,11.5416666666667
"TER-EXO-T01",2024-04-29,11.6458333333333,11.6041666666667,11.5416666666667
"TER-EXO-T01",2024-04-30,12.3541666666667,12.4791666666667,12.3333333333333
"TER-EXO-T01",2024-05-01,13.5833333333333,13.5833333333333,13.4375
"TER-EXO-T01",2024-05-02,14.8333333333333,14.9166666666667,14.75
"TER-EXO-T01",2024-05-03,14.2916666666667,14.3541666666667,14.1041666666667
"TER-EXO-T01",2024-05-04,14.8333333333333,14.9791666666667,14.6458333333333
"TER-EXO-T01",2024-05-05,14.3541666666667,14.5625,14.625
"TER-EXO-T01",2024-05-06,15.8958333333333,16.0208333333333,15.8125
"TER-EXO-T01",2024-05-07,15.2916666666667,15.25,15.125
"TER-EXO-T01",2024-05-08,14.3333333333333,14.375,14.0416666666667
"TER-EXO-T01",2024-05-09,13.875,14.2083333333333,13.8958333333333
"TER-EXO-T01",2024-05-10,14.1041666666667,14.25,14.1458333333333
"TER-EXO-T01",2024-05-11,15.6666666666667,15.9166666666667,15.8541666666667
"TER-EXO-T01",2024-05-12,16.1875,16.6458333333333,16.4583333333333
"TER-EXO-T01",2024-05-13,14.875,14.75,14.5625
"TER-EXO-T01",2024-05-14,12.625,12.6041666666667,12.5
"TER-EXO-T01",2024-05-15,13.4791666666667,13.3958333333333,13.2708333333333
"TER-EXO-T01",2024-05-16,15.0208333333333,14.9791666666667,14.8333333333333
"TER-EXO-T01",2024-05-17,13.7916666666667,13.5625,13.3541666666667
"TER-EXO-T01",2024-05-18,12.5208333333333,12.3541666666667,12.1875
"TER-EXO-T01",2024-05-19,13.4166666666667,13.25,13.1666666666667
"TER-EXO-T01",2024-05-20,15.2291666666667,15.375,15.2916666666667
"TER-EXO-T01",2024-05-21,15.4166666666667,15.4166666666667,15.1666666666667
"TER-EXO-T01",2024-05-22,16.1666666666667,16.2708333333333,16.0625
"TER-EXO-T01",2024-05-23,16.7708333333333,16.8958333333333,16.7291666666667
"TER-EXO-T01",2024-05-24,15.6666666666667,15.6875,15.75
"TER-EXO-T01",2024-05-25,14.2291666666667,14.2083333333333,13.9791666666667
"TER-EXO-T01",2024-05-26,14.375,14,13.8958333333333
"TER-EXO-T01",2024-05-27,15.6041666666667,15.6041666666667,15.4583333333333
"TER-EXO-T01",2024-05-28,16.3333333333333,16.2916666666667,16.1875
"TER-EXO-T01",2024-05-29,16.9583333333333,17.0625,16.8958333333333
"TER-EXO-T01",2024-05-30,16,15.9166666666667,15.8333333333333
"TER-EXO-T01",2024-05-31,15.0416666666667,14.8958333333333,14.75
"TER-EXO-T01",2024-06-01,15.2083333333333,15.2083333333333,15.0625
"TER-EXO-T01",2024-06-02,15.8333333333333,15.7291666666667,15.6666666666667
"TER-EXO-T01",2024-06-03,15.7708333333333,15.4583333333333,15.3958333333333
"TER-EXO-T01",2024-06-04,14.6875,14.5625,14.4166666666667
"TER-EXO-T01",2024-06-05,14.0416666666667,13.875,13.6875
"TER-EXO-T01",2024-06-06,14.25,14.3541666666667,14.3125
"TER-EXO-T01",2024-06-07,15.7708333333333,15.625,15.5416666666667
"TER-EXO-T01",2024-06-08,16.3958333333333,16.3125,16.2291666666667
"TER-EXO-T01",2024-06-09,15.6666666666667,15.7083333333333,15.4166666666667
"TER-EXO-T01",2024-06-10,15.625,15.3958333333333,15.3333333333333
"TER-EXO-T01",2024-06-11,15.5416666666667,15.2916666666667,15.2291666666667
"TER-EXO-T01",2024-06-12,16.5,16.5208333333333,16.5416666666667
"TER-EXO-T01",2024-06-13,18.3125,18.6666666666667,18.4791666666667
"TER-EXO-T01",2024-06-14,17.1041666666667,16.6875,16.5416666666667
"TER-EXO-T01",2024-06-15,16.9166666666667,16.6041666666667,16.5208333333333
"TER-EXO-T01",2024-06-16,18.2708333333333,18.0833333333333,17.8125
"TER-EXO-T01",2024-06-17,16.7708333333333,16.6458333333333,16.4791666666667
"TER-EXO-T01",2024-06-18,16.3333333333333,15.5208333333333,15.3958333333333
"TER-EXO-T01",2024-06-19,15.1666666666667,14.8958333333333,14.7708333333333
"TER-EXO-T01",2024-06-20,16.6875,15.6875,15.5625
"TER-EXO-T01",2024-06-21,16.4791666666667,16.1458333333333,16.0416666666667
"TER-EXO-T01",2024-06-22,16.7291666666667,16.5833333333333,16.5
"TER-EXO-T01",2024-06-23,17.125,17.4791666666667,17.3333333333333
"TER-EXO-T01",2024-06-24,17.6458333333333,17.3125,17.2291666666667
"TER-EXO-T01",2024-06-25,16.3333333333333,16.3125,16.3125
"TER-EXO-T01",2024-06-26,16.0833333333333,16.0833333333333,15.9583333333333
"TER-EXO-T01",2024-06-27,18.6875,18.75,18.6875
"TER-EXO-T01",2024-06-28,18.6875,18.7083333333333,18.5208333333333
"TER-EXO-T01",2024-06-29,18.3333333333333,18.4166666666667,18.2916666666667
"TER-EXO-T01",2024-06-30,18,18.0416666666667,17.9166666666667
"TER-EXO-T01",2024-07-01,18.8333333333333,18.7291666666667,18.6666666666667
"TER-EXO-T01",2024-07-02,19.875,19.7708333333333,19.6458333333333
"TER-EXO-T01",2024-07-03,18.8958333333333,18.7083333333333,18.5208333333333
"TER-EXO-T01",2024-07-04,17.8333333333333,17.5833333333333,17.4166666666667
"TER-EXO-T01",2024-07-05,17.6041666666667,17.6041666666667,17.5416666666667
"TER-EXO-T01",2024-07-06,20.1041666666667,19.9791666666667,19.9375
"TER-EXO-T01",2024-07-07,20.2916666666667,20.1458333333333,20.0625
"TER-EXO-T01",2024-07-08,19.9166666666667,20,19.8541666666667
"TER-EXO-T01",2024-07-09,20.5416666666667,20.7708333333333,20.6875
"TER-EXO-T01",2024-07-10,19.8958333333333,19.9791666666667,19.8958333333333
"TER-EXO-T01",2024-07-11,18.125,18.1458333333333,18.0416666666667
"TER-EXO-T01",2024-07-12,19.125,19.1458333333333,19.1458333333333
"TER-EXO-T01",2024-07-13,18.2708333333333,18.2708333333333,18.375
"TER-EXO-T01",2024-07-14,17.1458333333333,17.3958333333333,17.3125
"TER-EXO-T01",2024-07-15,18.9791666666667,19.1458333333333,19
"TER-EXO-T01",2024-07-16,20.0416666666667,19.9375,19.9166666666667
"TER-EXO-T01",2024-07-17,NA,NA,NA
"TER-EXO-T01",2024-07-18,17.7708333333333,17.8958333333333,17.9375
"TER-EXO-T01",2024-07-19,18.5416666666667,18.8958333333333,19
"TER-EXO-T01",2024-07-20,20.25,20.6458333333333,20.6458333333333
"TER-EXO-T01",2024-07-21,20.4375,20.6875,20.5833333333333
"TER-EXO-T01",2024-07-22,19.5833333333333,19.6875,19.5625
"TER-EXO-T01",2024-07-23,19.4583333333333,19.5833333333333,19.5833333333333
"TER-EXO-T01",2024-07-24,19.125,19.3333333333333,19.3541666666667
"TER-EXO-T01",2024-07-25,19.6041666666667,19.75,19.7916666666667
"TER-EXO-T01",2024-07-26,20.9583333333333,21.0833333333333,20.9583333333333
"TER-EXO-T01",2024-07-27,20.375,20.5416666666667,20.4583333333333
"TER-EXO-T01",2024-07-28,20.8541666666667,21.0416666666667,20.9583333333333
"TER-EXO-T01",2024-07-29,21.3958333333333,21.5833333333333,21.4166666666667
"TER-EXO-T01",2024-07-30,20,20.1458333333333,20.1666666666667
"TER-EXO-T01",2024-07-31,19.8541666666667,20,19.9791666666667
"TER-EXO-T01",2024-08-01,19.7083333333333,19.875,19.8958333333333
"TER-EXO-T01",2024-08-02,19.625,19.7708333333333,19.7916666666667
"TER-EXO-T01",2024-08-03,19.4583333333333,19.5416666666667,19.5208333333333
"TER-EXO-T01",2024-08-04,21.3333333333333,21.625,21.6458333333333
"TER-EXO-T01",2024-08-05,21.875,22.0208333333333,21.9375
"TER-EXO-T01",2024-08-06,20.875,21.0625,20.9791666666667
"TER-EXO-T01",2024-08-07,19.2083333333333,19.3125,19.2916666666667
"TER-EXO-T01",2024-08-08,20.2916666666667,20.375,20.5
"TER-EXO-T01",2024-08-09,19.2083333333333,19.2708333333333,19.2291666666667
"TER-EXO-T01",2024-08-10,20.1666666666667,20.3333333333333,20.125
"TER-EXO-T01",2024-08-11,18.5625,18.75,18.7083333333333
"TER-EXO-T01",2024-08-12,17.9166666666667,18.25,18.3333333333333
"TER-EXO-T01",2024-08-13,21.4375,21.875,21.8958333333333
"TER-EXO-T01",2024-08-14,20.9583333333333,21.2291666666667,21.1666666666667
"TER-EXO-T01",2024-08-15,20.7708333333333,20.9375,20.9166666666667
"TER-EXO-T01",2024-08-16,20.875,21.0625,21.0208333333333
"TER-EXO-T01",2024-08-17,20.6458333333333,20.7083333333333,20.7083333333333
"TER-EXO-T01",2024-08-18,20.3333333333333,20.4583333333333,20.4791666666667
"TER-EXO-T01",2024-08-19,20.9375,21.25,21.2291666666667
"TER-EXO-T01",2024-08-20,20.4583333333333,20.6041666666667,20.375
"TER-EXO-T01",2024-08-21,19.8125,20.0833333333333,20
"TER-EXO-T01",2024-08-22,20.6041666666667,20.9375,20.9583333333333
"TER-EXO-T01",2024-08-23,22.3958333333333,22.8125,22.8125
"TER-EXO-T01",2024-08-24,19.6041666666667,19.7708333333333,19.8125
"TER-EXO-T01",2024-08-25,18.875,19.1458333333333,19.1666666666667
"TER-EXO-T01",2024-08-26,21,21.2708333333333,21.0833333333333
"TER-EXO-T01",2024-08-27,19.6875,19.9791666666667,20
"TER-EXO-T01",2024-08-28,18.8125,19.0416666666667,19
"TER-EXO-T01",2024-08-29,19.2916666666667,19.3958333333333,19.4583333333333
"TER-EXO-T01",2024-08-30,20.5625,20.7291666666667,20.6666666666667
"TER-EXO-T01",2024-08-31,21.4166666666667,21.5833333333333,21.4583333333333
"TER-EXO-T01",2024-09-01,19.3125,19.4375,19.2708333333333
"TER-EXO-T01",2024-09-02,18.5208333333333,18.6666666666667,18.5208333333333
"TER-EXO-T01",2024-09-03,18.625,18.8333333333333,18.7083333333333
"TER-EXO-T01",2024-09-04,18.5,18.6666666666667,18.6666666666667
"TER-EXO-T01",2024-09-05,19.1666666666667,19.375,19.2708333333333
"TER-EXO-T01",2024-09-06,18.3958333333333,18.5208333333333,18.3541666666667
"TER-EXO-T01",2024-09-07,18.1041666666667,18.1458333333333,18.0416666666667
"TER-EXO-T01",2024-09-08,18.75,19.0833333333333,19.0208333333333
"TER-EXO-T01",2024-09-09,17.625,17.75,17.6666666666667
"TER-EXO-T01",2024-09-10,NA,NA,NA
"TER-EXO-T01",2024-09-11,NA,NA,NA
"TER-EXO-T01",2024-09-12,18.8541666666667,19.1041666666667,19.1041666666667
"TER-EXO-T01",2024-09-13,18.7083333333333,18.8958333333333,18.7916666666667
"TER-EXO-T01",2024-09-14,18.2708333333333,18.4583333333333,18.4791666666667
"TER-EXO-T01",2024-09-15,18.8541666666667,19.0208333333333,18.8958333333333
"TER-EXO-T01",2024-09-16,18.3541666666667,18.4166666666667,18.2916666666667
"TER-EXO-T01",2024-09-17,18.875,19.2291666666667,19.125
"TER-EXO-T01",2024-09-18,17.7083333333333,18.0625,18.125
"TER-EXO-T01",2024-09-19,17.1041666666667,17.2916666666667,17.2083333333333
"TER-EXO-T01",2024-09-20,17.2291666666667,17.4375,17.4375
"TER-EXO-T01",2024-09-21,16.7083333333333,16.9791666666667,17.0416666666667
"TER-EXO-T01",2024-09-22,18.625,18.8541666666667,18.8333333333333
"TER-EXO-T01",2024-09-23,19.625,19.8541666666667,19.8125
"TER-EXO-T01",2024-09-24,20.7291666666667,20.8125,20.7708333333333
"TER-EXO-T01",2024-09-25,20.4166666666667,20.4791666666667,20.375
"TER-EXO-T01",2024-09-26,17.6875,17.8958333333333,17.8958333333333
"TER-EXO-T01",2024-09-27,19.25,19.4166666666667,19.3333333333333
"TER-EXO-T01",2024-09-28,20.0416666666667,20.1041666666667,19.9583333333333
"TER-EXO-T01",2024-09-29,20.5416666666667,20.75,20.5625
"TER-EXO-T01",2024-09-30,21.0625,21.1875,20.9791666666667
"TER-EXO-T01",2024-10-01,21.3333333333333,21.5416666666667,21.2708333333333
"TER-EXO-T01",2024-10-02,21.2083333333333,21.3333333333333,21.1875
"TER-EXO-T01",2024-10-03,21.1666666666667,21.1875,21.0625
"TER-EXO-T01",2024-10-04,20.6041666666667,20.5416666666667,20.4166666666667
"TER-EXO-T01",2024-10-05,18.5416666666667,18.0833333333333,18.0416666666667
"TER-EXO-T01",2024-10-06,15.1875,14.8333333333333,14.7916666666667
"TER-EXO-T01",2024-10-07,16.6666666666667,16.8958333333333,16.8541666666667
"TER-EXO-T01",2024-10-08,19.2708333333333,19.5,19.4166666666667
"TER-EXO-T01",2024-10-09,17.8333333333333,18,17.9375
"TER-EXO-T01",2024-10-10,17.7708333333333,17.4583333333333,17.375
"TER-EXO-T01",2024-10-11,14.2291666666667,14.25,14.125
"TER-EXO-T01",2024-10-12,15.1041666666667,15.1875,15.2083333333333
"TER-EXO-T01",2024-10-13,18.3125,18.5625,18.4583333333333
"TER-EXO-T01",2024-10-14,17.3333333333333,17.1041666666667,17
"TER-EXO-T01",2024-10-15,15.5833333333333,15.75,15.6666666666667
"TER-EXO-T01",2024-10-16,14.4583333333333,14.7083333333333,14.625
"TER-EXO-T01",2024-10-17,14.4166666666667,14.4791666666667,14.375
"TER-EXO-T01",2024-10-18,16.8125,17.125,17
"TER-EXO-T01",2024-10-19,18.125,18.2291666666667,18.1041666666667
"TER-EXO-T01",2024-10-20,14.3958333333333,13.875,13.7916666666667
"TER-EXO-T01",2024-10-21,13.0416666666667,12.9375,12.8541666666667
"TER-EXO-T01",2024-10-22,14.9791666666667,15.3333333333333,15.2708333333333
"TER-EXO-T01",2024-10-23,17.4166666666667,17.4583333333333,17.3125
"TER-EXO-T01",2024-10-24,13.0833333333333,12.9791666666667,13.1041666666667
"TER-EXO-T01",2024-10-25,13,13.1875,13.1875
"TER-EXO-T01",2024-10-26,13.8125,13.75,13.6875
"TER-EXO-T01",2024-10-27,14.1458333333333,14.0833333333333,13.9166666666667
"TER-EXO-T01",2024-10-28,14.0208333333333,14.0208333333333,13.9583333333333
"TER-EXO-T01",2024-10-29,14.6666666666667,14.8541666666667,14.6458333333333
"TER-EXO-T01",2024-10-30,15.6875,15.7291666666667,15.625
"TER-EXO-T01",2024-10-31,16.5,16.6666666666667,16.625
"TER-EXO-T01",2024-11-01,18.0625,18.1875,18.0625
"TER-EXO-T01",2024-11-02,16.5625,16.3125,16.1666666666667
"TER-EXO-T01",2024-11-03,15.8541666666667,15.6458333333333,15.4375
"TER-EXO-T01",2024-11-04,15.6041666666667,15.4375,15.3541666666667
"TER-EXO-T01",2024-11-05,16.0208333333333,16.0416666666667,15.875
"TER-EXO-T01",2024-11-06,12.75,11.75,11.4583333333333
"TER-EXO-T01",2024-11-07,12.25,12.2291666666667,12.1666666666667
"TER-EXO-T01",2024-11-08,16.3958333333333,16.7291666666667,16.7083333333333
"TER-EXO-T01",2024-11-09,17.5625,17.7291666666667,17.5625
"TER-EXO-T01",2024-11-10,16.8958333333333,16.8333333333333,16.6666666666667
"TER-EXO-T01",2024-11-11,17.2291666666667,17.3541666666667,17.2708333333333
"TER-EXO-T01",2024-11-12,17.8541666666667,17.8958333333333,17.7291666666667
"TER-EXO-T01",2024-11-13,16.2916666666667,15.8958333333333,15.625
"TER-EXO-T01",2024-11-14,13.6666666666667,12.9791666666667,12.8333333333333
"TER-EXO-T01",2024-11-15,12.9583333333333,13,12.8333333333333
"TER-EXO-T01",2024-11-16,13.2708333333333,13.625,13.5625
"TER-EXO-T01",2024-11-17,13.6458333333333,13.875,13.75
"TER-EXO-T01",2024-11-18,14.2708333333333,14.4791666666667,14.3541666666667
"TER-EXO-T01",2024-11-19,14.5416666666667,14.4166666666667,14.3125
"TER-EXO-T01",2024-11-20,15.0625,15.0208333333333,14.9166666666667
"TER-EXO-T01",2024-11-21,15.7916666666667,15.875,15.7708333333333
"TER-EXO-T01",2024-11-22,16.8333333333333,17.1041666666667,16.9375
"TER-EXO-T01",2024-11-23,15.4166666666667,15,14.75
"TER-EXO-T01",2024-11-24,11.3541666666667,10.6458333333333,10.4583333333333
"TER-EXO-T01",2024-11-25,13.2291666666667,13.4791666666667,13.3125
"TER-EXO-T01",2024-11-26,15.5833333333333,16,15.875
"TER-EXO-T01",2024-11-27,14.8958333333333,14.4791666666667,14.2916666666667
"TER-EXO-T01",2024-11-28,13.7708333333333,13.5625,13.4375
"TER-EXO-T01",2024-11-29,13.5833333333333,13.375,13.1875
"TER-EXO-T01",2024-11-30,11.9791666666667,11.4166666666667,11.375
"TER-EXO-T01",2024-12-01,12.8333333333333,12.7083333333333,12.6875
"TER-EXO-T01",2024-12-02,14.2916666666667,14.5208333333333,14.4583333333333
"TER-EXO-T01",2024-12-03,13.6041666666667,13.3958333333333,13.2916666666667
"TER-EXO-T01",2024-12-04,14.5,14.7916666666667,14.7916666666667
"TER-EXO-T01",2024-12-05,14.9375,15.0625,14.9166666666667
"TER-EXO-T01",2024-12-06,15.6041666666667,15.75,15.5833333333333
"TER-EXO-T01",2024-12-07,15.0208333333333,14.8958333333333,14.6875
"TER-EXO-T01",2024-12-08,15.2708333333333,15.1458333333333,15.0416666666667
"TER-EXO-T01",2024-12-09,13.7708333333333,13.3958333333333,13.25
"TER-EXO-T01",2024-12-10,13.3958333333333,13.2291666666667,13.125
"TER-EXO-T01",2024-12-11,13.8541666666667,13.5208333333333,13.2916666666667
"TER-EXO-T01",2024-12-12,11.8125,11.0208333333333,10.875
"TER-EXO-T01",2024-12-13,11.0208333333333,10.3541666666667,10.125
"TER-EXO-T01",2024-12-14,10.5833333333333,10.5833333333333,10.5416666666667
"TER-EXO-T01",2024-12-15,12.2916666666667,12.7291666666667,12.5416666666667
"TER-EXO-T01",2024-12-16,13.4583333333333,13.2916666666667,13.125
"TER-EXO-T01",2024-12-17,12.375,12.2291666666667,12.0833333333333
"TER-EXO-T01",2024-12-18,11.625,11.2916666666667,11.2291666666667
"TER-EXO-T01",2024-12-19,10.5416666666667,10.0833333333333,9.95833333333333
"TER-EXO-T01",2024-12-20,10,9.875,9.8125
"TER-EXO-T01",2024-12-21,11,10.9375,10.7708333333333
"TER-EXO-T01",2024-12-22,11.5416666666667,11.5416666666667,11.3958333333333
"TER-EXO-T01",2024-12-23,11.8541666666667,11.7291666666667,11.6458333333333
"TER-EXO-T01",2024-12-24,11.6875,11.7291666666667,11.6041666666667
"TER-EXO-T01",2024-12-25,11.7291666666667,11.4791666666667,11.3333333333333
"TER-EXO-T01",2024-12-26,12.3125,12.3125,12.1666666666667
"TER-EXO-T01",2024-12-27,13.6041666666667,13.9375,13.8541666666667
"TER-EXO-T01",2024-12-28,13.5416666666667,13.5416666666667,13.3125
"TER-EXO-T01",2024-12-29,12.9791666666667,13.0625,12.9166666666667
"TER-EXO-T01",2024-12-30,13.4166666666667,13.5833333333333,13.4791666666667
"TER-EXO-T01",2024-12-31,14.4166666666667,14.7291666666667,14.4375
"TER-EXO-T01",2025-01-01,15.4375,15.75,15.5
"TER-EXO-T01",2025-01-02,15.6666666666667,15.8125,15.625
"TER-EXO-T01",2025-01-03,15.5,15.5208333333333,15.3541666666667
"TER-EXO-T01",2025-01-04,13.8958333333333,13.375,13.1458333333333
"TER-EXO-T01",2025-01-05,12.8541666666667,12.6041666666667,12.4791666666667
"TER-EXO-T01",2025-01-06,15.0416666666667,15.375,15.1875
"TER-EXO-T01",2025-01-07,13.625,13.1666666666667,12.875
"TER-EXO-T01",2025-01-08,13.5,13.5625,13.4791666666667
"TER-EXO-T01",2025-01-09,15.5833333333333,15.9791666666667,15.8541666666667
"TER-EXO-T01",2025-01-10,15.8125,16.0208333333333,15.8541666666667
"TER-EXO-T01",2025-01-11,15.5833333333333,15.625,15.4791666666667
"TER-EXO-T01",2025-01-12,14.9375,14.7291666666667,14.4375
"TER-EXO-T01",2025-01-13,15.3333333333333,15.3958333333333,15.0625
"TER-EXO-T01",2025-01-14,15.3958333333333,15.3333333333333,15.0416666666667
"TER-EXO-T01",2025-01-15,15.2291666666667,15.1875,14.9791666666667
"TER-EXO-T01",2025-01-16,15.5,15.5,15.5
"TER-EXO-T01",2025-01-17,15.1458333333333,14.9583333333333,14.75
"TER-EXO-T01",2025-01-18,12.0208333333333,10.9375,10.6458333333333
"TER-EXO-T01",2025-01-19,12.25,11.6875,11.5416666666667
"TER-EXO-T01",2025-01-20,11.125,10.7083333333333,10.4791666666667
"TER-EXO-T01",2025-01-21,10.25,9.9375,NA
"TER-EXO-T01",2025-01-22,9.125,8.75,NA
"TER-EXO-T01",2025-01-23,11.9166666666667,12.25,NA
"TER-EXO-T01",2025-01-24,11.75,11.1458333333333,NA
"TER-EXO-T01",2025-01-25,11.8125,11.875,NA
"TER-EXO-T01",2025-01-26,12.2708333333333,12.3333333333333,NA
"TER-EXO-T01",2025-01-27,10.0416666666667,10.1875,NA
"TER-EXO-T01",2025-01-28,11.9791666666667,12.2708333333333,NA
"TER-EXO-T01",2025-01-29,11.9791666666667,11.6875,NA
"TER-EXO-T01",2025-01-30,12.7291666666667,12.6666666666667,NA
"TER-EXO-T01",2025-01-31,13.7291666666667,13.9791666666667,NA
"TER-EXO-T01",2025-02-01,12.9375,12.3333333333333,NA
"TER-EXO-T01",2025-02-02,11.9166666666667,11.7083333333333,NA
"TER-EXO-T01",2025-02-03,13.8958333333333,13.8958333333333,NA
"TER-EXO-T01",2025-02-04,11.0625,10.0625,NA
"TER-EXO-T01",2025-02-05,14.2916666666667,14.9375,NA
"TER-EXO-T01",2025-02-06,14.4166666666667,14.5625,NA
"TER-EXO-T01",2025-02-07,13.9583333333333,13.8333333333333,NA
"TER-EXO-T01",2025-02-08,11.4583333333333,10.8333333333333,NA
"TER-EXO-T01",2025-02-09,11.5,11.2291666666667,NA
"TER-EXO-T01",2025-02-10,11.8125,11.2291666666667,NA
"TER-EXO-T01",2025-02-11,12.6041666666667,12.7708333333333,NA
"TER-EXO-T01",2025-02-12,NA,NA,NA
"TER-EXO-T01",2025-02-13,NA,NA,NA
"TER-EXO-T01",2025-02-14,NA,NA,NA
"TER-EXO-T01",2025-02-15,NA,NA,NA
"TER-EXO-T01",2025-02-16,NA,NA,NA
"TER-EXO-T01",2025-02-17,NA,NA,NA
"TER-EXO-T01",2025-02-18,NA,NA,NA
"TER-EXO-T01",2025-02-19,NA,NA,NA
"TER-EXO-T01",2025-02-20,NA,NA,NA
"TER-EXO-T01",2025-02-21,NA,NA,NA
"TER-EXO-T01",2025-02-22,NA,NA,NA
"TER-EXO-T01",2025-02-23,NA,NA,NA
"TER-EXO-T01",2025-02-24,NA,NA,NA
"TER-EXO-T01",2025-02-25,NA,NA,NA
"TER-EXO-T01",2025-02-26,NA,NA,NA
"TER-EXO-T01",2025-02-27,NA,NA,NA
"TER-EXO-T01",2025-02-28,NA,NA,NA
"TER-EXO-T01",2025-03-01,NA,NA,NA
"TER-EXO-T01",2025-03-02,NA,NA,NA
"TER-EXO-T01",2025-03-03,NA,NA,NA
"TER-EXO-T01",2025-03-04,NA,NA,NA
"TER-EXO-T01",2025-03-05,NA,NA,NA
"TER-EXO-T01",2025-03-06,NA,NA,NA
"TER-EXO-T01",2025-03-07,NA,NA,NA
"TER-EXO-T01",2025-03-08,NA,NA,NA
"TER-EXO-T01",2025-03-09,NA,NA,NA
"TER-EXO-T01",2025-03-10,NA,NA,NA
"TER-EXO-T01",2025-03-11,NA,NA,NA
"TER-EXO-T01",2025-03-12,NA,NA,NA
"TER-EXO-T01",2025-03-13,NA,NA,NA
"TER-EXO-T01",2025-03-14,NA,NA,NA
"TER-EXO-T01",2025-03-15,NA,NA,NA
"TER-EXO-T01",2025-03-16,NA,NA,NA
"TER-EXO-T01",2025-03-17,NA,NA,NA
"TER-EXO-T01",2025-03-18,NA,NA,NA
"TER-EXO-T01",2025-03-19,NA,NA,NA
"TER-EXO-T01",2025-03-20,NA,NA,NA
"TER-EXO-T01",2025-03-21,NA,NA,NA
"TER-EXO-T01",2025-03-22,NA,NA,NA
"TER-EXO-T01",2025-03-23,NA,NA,NA
"TER-EXO-T01",2025-03-24,NA,NA,NA
"TER-EXO-T01",2025-03-25,NA,NA,NA
"TER-EXO-T01",2025-03-26,NA,NA,NA
"TER-EXO-T01",2025-03-27,NA,NA,NA
"TER-EXO-T01",2025-03-28,NA,NA,NA
"TER-EXO-T01",2025-03-29,NA,NA,NA
"TER-EXO-T01",2025-03-30,NA,NA,NA
"TER-EXO-T01",2025-03-31,NA,NA,NA
"TER-EXO-T01",2025-04-01,NA,NA,NA
"TER-EXO-T01",2025-04-02,NA,NA,NA
"TER-EXO-T01",2025-04-03,NA,NA,NA
"TER-EXO-T01",2025-04-04,NA,NA,NA
"TER-EXO-T01",2025-04-05,NA,NA,NA
"TER-EXO-T01",2025-04-06,NA,NA,NA
"TER-EXO-T01",2025-04-07,NA,NA,NA
"TER-EXO-T01",2025-04-08,NA,NA,NA
"TER-EXO-T01",2025-04-09,NA,NA,NA
"TER-EXO-T01",2025-04-10,NA,NA,NA
"TER-EXO-T01",2025-04-11,NA,NA,NA
"TER-EXO-T01",2025-04-12,NA,NA,NA
"TER-EXO-T01",2025-04-13,NA,NA,NA
"TER-EXO-T01",2025-04-14,NA,NA,NA
"TER-EXO-T01",2025-04-15,NA,NA,NA
"TER-EXO-T01",2025-04-16,NA,NA,NA
"TER-EXO-T01",2025-04-17,NA,NA,NA
"TER-EXO-T01",2025-04-18,NA,NA,NA
"TER-EXO-T01",2025-04-19,NA,NA,NA
"TER-EXO-T01",2025-04-20,NA,NA,NA
"TER-EXO-T01",2025-04-21,NA,NA,NA
"TER-EXO-T01",2025-04-22,NA,NA,NA
"TER-EXO-T01",2025-04-23,NA,NA,NA
"TER-EXO-T01",2025-04-24,NA,NA,NA
"TER-EXO-T01",2025-04-25,NA,NA,NA
"TER-EXO-T01",2025-04-26,NA,NA,NA
"TER-EXO-T01",2025-04-27,NA,NA,NA
"TER-EXO-T01",2025-04-28,NA,NA,NA
"TER-EXO-T01",2025-04-29,NA,NA,NA
"TER-EXO-T01",2025-04-30,NA,NA,NA
"TER-EXO-T01",2025-05-01,NA,NA,NA
"TER-EXO-T01",2025-05-02,NA,NA,NA
"TER-EXO-T01",2025-05-03,NA,NA,NA
"TER-EXO-T01",2025-05-04,NA,NA,NA
"TER-EXO-T01",2025-05-05,NA,NA,NA
"TER-EXO-T01",2025-05-06,NA,NA,NA
"TER-EXO-T01",2025-05-07,NA,NA,NA
"TER-EXO-T01",2025-05-08,NA,NA,NA
"TER-EXO-T01",2025-05-09,NA,NA,NA
"TER-EXO-T01",2025-05-10,NA,NA,NA
"TER-EXO-T01",2025-05-11,NA,NA,NA
"TER-EXO-T01",2025-05-12,NA,NA,NA
"TER-EXO-T01",2025-05-13,NA,NA,NA
"TER-EXO-T01",2025-05-14,NA,NA,NA
"TER-EXO-T01",2025-05-15,NA,NA,NA
"TER-EXO-T01",2025-05-16,NA,NA,NA
"TER-EXO-T01",2025-05-17,NA,NA,NA
"TER-EXO-T01",2025-05-18,NA,NA,NA
"TER-EXO-T01",2025-05-19,NA,NA,NA
"TER-EXO-T01",2025-05-20,NA,NA,NA
"TER-EXO-T01",2025-05-21,NA,NA,NA
"TER-EXO-T01",2025-05-22,NA,NA,NA
"TER-EXO-T01",2025-05-23,NA,NA,NA
"TER-EXO-T01",2025-05-24,NA,NA,NA
"TER-EXO-T01",2025-05-25,NA,NA,NA
"TER-EXO-T01",2025-05-26,NA,NA,NA
"TER-EXO-T01",2025-05-27,NA,NA,NA
"TER-EXO-T01",2025-05-28,NA,NA,NA
"TER-EXO-T01",2025-05-29,NA,NA,NA
"TER-EXO-T01",2025-05-30,NA,NA,NA
"TER-EXO-T01",2025-05-31,NA,NA,NA
"TER-EXO-T01",2025-06-01,NA,NA,NA
"TER-EXO-T01",2025-06-02,NA,NA,NA
"TER-EXO-T01",2025-06-03,NA,NA,NA
"TER-EXO-T01",2025-06-04,NA,NA,NA
"TER-EXO-T01",2025-06-05,NA,NA,NA
"TER-EXO-T01",2025-06-06,NA,NA,NA
"TER-EXO-T01",2025-06-07,NA,NA,NA
"TER-EXO-T01",2025-06-08,NA,NA,NA
"TER-EXO-T01",2025-06-09,NA,NA,NA
"TER-EXO-T01",2025-06-10,NA,NA,NA
"TER-EXO-T01",2025-06-11,NA,NA,NA
"TER-EXO-T01",2025-06-12,NA,NA,NA
"TER-EXO-T02",2023-08-09,NA,NA,NA
"TER-EXO-T02",2023-08-10,NA,NA,NA
"TER-EXO-T02",2023-08-11,NA,NA,NA
"TER-EXO-T02",2023-08-12,NA,NA,NA
"TER-EXO-T02",2023-08-13,NA,NA,NA
"TER-EXO-T02",2023-08-14,NA,NA,NA
"TER-EXO-T02",2023-08-15,NA,NA,NA
"TER-EXO-T02",2023-08-16,NA,NA,NA
"TER-EXO-T02",2023-08-17,NA,NA,NA
"TER-EXO-T02",2023-08-18,NA,NA,NA
"TER-EXO-T02",2023-08-19,NA,NA,NA
"TER-EXO-T02",2023-08-20,NA,NA,NA
"TER-EXO-T02",2023-08-21,NA,NA,NA
"TER-EXO-T02",2023-08-22,NA,NA,NA
"TER-EXO-T02",2023-08-23,NA,NA,NA
"TER-EXO-T02",2023-08-24,NA,NA,NA
"TER-EXO-T02",2023-08-25,NA,NA,NA
"TER-EXO-T02",2023-08-26,NA,NA,NA
"TER-EXO-T02",2023-08-27,NA,NA,NA
"TER-EXO-T02",2023-08-28,NA,NA,NA
"TER-EXO-T02",2023-08-29,NA,NA,NA
"TER-EXO-T02",2023-08-30,NA,NA,NA
"TER-EXO-T02",2023-08-31,NA,NA,NA
"TER-EXO-T02",2023-09-01,NA,NA,NA
"TER-EXO-T02",2023-09-02,NA,NA,NA
"TER-EXO-T02",2023-09-03,NA,NA,NA
"TER-EXO-T02",2023-09-04,NA,NA,NA
"TER-EXO-T02",2023-09-05,NA,NA,NA
"TER-EXO-T02",2023-09-06,NA,NA,NA
"TER-EXO-T02",2023-09-07,NA,NA,NA
"TER-EXO-T02",2023-09-08,NA,NA,NA
"TER-EXO-T02",2023-09-09,NA,NA,NA
"TER-EXO-T02",2023-09-10,NA,NA,NA
"TER-EXO-T02",2023-09-11,NA,NA,NA
"TER-EXO-T02",2023-09-12,NA,NA,NA
"TER-EXO-T02",2023-09-13,NA,NA,NA
"TER-EXO-T02",2023-09-14,NA,NA,NA
"TER-EXO-T02",2023-09-15,NA,NA,NA
"TER-EXO-T02",2023-09-16,NA,NA,NA
"TER-EXO-T02",2023-09-17,NA,NA,NA
"TER-EXO-T02",2023-09-18,NA,NA,NA
"TER-EXO-T02",2023-09-19,NA,NA,NA
"TER-EXO-T02",2023-09-20,NA,NA,NA
"TER-EXO-T02",2023-09-21,NA,NA,NA
"TER-EXO-T02",2023-09-22,NA,NA,NA
"TER-EXO-T02",2023-09-23,NA,NA,NA
"TER-EXO-T02",2023-09-24,NA,NA,NA
"TER-EXO-T02",2023-09-25,NA,NA,NA
"TER-EXO-T02",2023-09-26,NA,NA,NA
"TER-EXO-T02",2023-09-27,NA,NA,NA
"TER-EXO-T02",2023-09-28,NA,NA,NA
"TER-EXO-T02",2023-09-29,NA,NA,NA
"TER-EXO-T02",2023-09-30,NA,NA,NA
"TER-EXO-T02",2023-10-01,NA,NA,NA
"TER-EXO-T02",2023-10-02,NA,NA,NA
"TER-EXO-T02",2023-10-03,NA,NA,NA
"TER-EXO-T02",2023-10-04,NA,NA,NA
"TER-EXO-T02",2023-10-05,NA,NA,NA
"TER-EXO-T02",2023-10-06,NA,NA,NA
"TER-EXO-T02",2023-10-07,NA,NA,NA
"TER-EXO-T02",2023-10-08,NA,NA,NA
"TER-EXO-T02",2023-10-09,NA,NA,NA
"TER-EXO-T02",2023-10-10,NA,NA,NA
"TER-EXO-T02",2023-10-11,NA,NA,NA
"TER-EXO-T02",2023-10-12,NA,NA,NA
"TER-EXO-T02",2023-10-13,NA,NA,NA
"TER-EXO-T02",2023-10-14,NA,NA,NA
"TER-EXO-T02",2023-10-15,NA,NA,NA
"TER-EXO-T02",2023-10-16,NA,NA,NA
"TER-EXO-T02",2023-10-17,NA,NA,NA
"TER-EXO-T02",2023-10-18,NA,NA,NA
"TER-EXO-T02",2023-10-19,NA,NA,NA
"TER-EXO-T02",2023-10-20,NA,NA,NA
"TER-EXO-T02",2023-10-21,NA,NA,NA
"TER-EXO-T02",2023-10-22,NA,NA,NA
"TER-EXO-T02",2023-10-23,NA,NA,NA
"TER-EXO-T02",2023-10-24,NA,NA,NA
"TER-EXO-T02",2023-10-25,NA,NA,NA
"TER-EXO-T02",2023-10-26,NA,NA,NA
"TER-EXO-T02",2023-10-27,NA,NA,NA
"TER-EXO-T02",2023-10-28,NA,NA,NA
"TER-EXO-T02",2023-10-29,NA,NA,NA
"TER-EXO-T02",2023-10-30,NA,NA,NA
"TER-EXO-T02",2023-10-31,NA,NA,NA
"TER-EXO-T02",2023-11-01,NA,NA,NA
"TER-EXO-T02",2023-11-02,NA,NA,NA
"TER-EXO-T02",2023-11-03,NA,NA,NA
"TER-EXO-T02",2023-11-04,NA,NA,NA
"TER-EXO-T02",2023-11-05,NA,NA,NA
"TER-EXO-T02",2023-11-06,NA,NA,NA
"TER-EXO-T02",2023-11-07,NA,NA,NA
"TER-EXO-T02",2023-11-08,NA,NA,NA
"TER-EXO-T02",2023-11-09,NA,NA,NA
"TER-EXO-T02",2023-11-10,NA,NA,NA
"TER-EXO-T02",2023-11-11,NA,NA,NA
"TER-EXO-T02",2023-11-12,NA,NA,NA
"TER-EXO-T02",2023-11-13,NA,NA,NA
"TER-EXO-T02",2023-11-14,NA,NA,NA
"TER-EXO-T02",2023-11-15,NA,NA,NA
"TER-EXO-T02",2023-11-16,NA,NA,NA
"TER-EXO-T02",2023-11-17,NA,NA,NA
"TER-EXO-T02",2023-11-18,NA,NA,NA
"TER-EXO-T02",2023-11-19,NA,NA,NA
"TER-EXO-T02",2023-11-20,NA,NA,NA
"TER-EXO-T02",2023-11-21,NA,NA,NA
"TER-EXO-T02",2023-11-22,NA,NA,NA
"TER-EXO-T02",2023-11-23,NA,NA,NA
"TER-EXO-T02",2023-11-24,NA,NA,NA
"TER-EXO-T02",2023-11-25,NA,NA,NA
"TER-EXO-T02",2023-11-26,NA,NA,NA
"TER-EXO-T02",2023-11-27,NA,NA,NA
"TER-EXO-T02",2023-11-28,NA,NA,NA
"TER-EXO-T02",2023-11-29,NA,NA,NA
"TER-EXO-T02",2023-11-30,NA,NA,NA
"TER-EXO-T02",2023-12-01,NA,NA,NA
"TER-EXO-T02",2023-12-02,NA,NA,NA
"TER-EXO-T02",2023-12-03,NA,NA,NA
"TER-EXO-T02",2023-12-04,NA,NA,NA
"TER-EXO-T02",2023-12-05,NA,NA,NA
"TER-EXO-T02",2023-12-06,NA,NA,NA
"TER-EXO-T02",2023-12-07,NA,NA,NA
"TER-EXO-T02",2023-12-08,NA,NA,NA
"TER-EXO-T02",2023-12-09,NA,NA,NA
"TER-EXO-T02",2023-12-10,NA,NA,NA
"TER-EXO-T02",2023-12-11,NA,NA,NA
"TER-EXO-T02",2023-12-12,NA,NA,NA
"TER-EXO-T02",2023-12-13,NA,NA,NA
"TER-EXO-T02",2023-12-14,NA,NA,NA
"TER-EXO-T02",2023-12-15,NA,NA,NA
"TER-EXO-T02",2023-12-16,NA,NA,NA
"TER-EXO-T02",2023-12-17,NA,NA,NA
"TER-EXO-T02",2023-12-18,NA,NA,NA
"TER-EXO-T02",2023-12-19,NA,NA,NA
"TER-EXO-T02",2023-12-20,NA,NA,NA
"TER-EXO-T02",2023-12-21,NA,NA,NA
"TER-EXO-T02",2023-12-22,NA,NA,NA
"TER-EXO-T02",2023-12-23,NA,NA,NA
"TER-EXO-T02",2023-12-24,NA,NA,NA
"TER-EXO-T02",2023-12-25,NA,NA,NA
"TER-EXO-T02",2023-12-26,NA,NA,NA
"TER-EXO-T02",2023-12-27,NA,NA,NA
"TER-EXO-T02",2023-12-28,NA,NA,NA
"TER-EXO-T02",2023-12-29,NA,NA,NA
"TER-EXO-T02",2023-12-30,NA,NA,NA
"TER-EXO-T02",2023-12-31,NA,NA,NA
"TER-EXO-T02",2024-01-01,NA,NA,NA
"TER-EXO-T02",2024-01-02,NA,NA,NA
"TER-EXO-T02",2024-01-03,NA,NA,NA
"TER-EXO-T02",2024-01-04,NA,NA,NA
"TER-EXO-T02",2024-01-05,NA,NA,NA
"TER-EXO-T02",2024-01-06,NA,NA,NA
"TER-EXO-T02",2024-01-07,NA,NA,NA
"TER-EXO-T02",2024-01-08,NA,NA,NA
"TER-EXO-T02",2024-01-09,NA,NA,NA
"TER-EXO-T02",2024-01-10,NA,NA,NA
"TER-EXO-T02",2024-01-11,NA,NA,NA
"TER-EXO-T02",2024-01-12,NA,NA,NA
"TER-EXO-T02",2024-01-13,NA,NA,NA
"TER-EXO-T02",2024-01-14,NA,NA,NA
"TER-EXO-T02",2024-01-15,NA,NA,NA
"TER-EXO-T02",2024-01-16,NA,NA,NA
"TER-EXO-T02",2024-01-17,NA,NA,NA
"TER-EXO-T02",2024-01-18,NA,NA,NA
"TER-EXO-T02",2024-01-19,NA,NA,NA
"TER-EXO-T02",2024-01-20,NA,NA,NA
"TER-EXO-T02",2024-01-21,NA,NA,NA
"TER-EXO-T02",2024-01-22,NA,NA,NA
"TER-EXO-T02",2024-01-23,NA,NA,NA
"TER-EXO-T02",2024-01-24,NA,NA,NA
"TER-EXO-T02",2024-01-25,NA,NA,NA
"TER-EXO-T02",2024-01-26,NA,NA,NA
"TER-EXO-T02",2024-01-27,NA,NA,NA
"TER-EXO-T02",2024-01-28,NA,NA,NA
"TER-EXO-T02",2024-01-29,NA,NA,NA
"TER-EXO-T02",2024-01-30,NA,NA,NA
"TER-EXO-T02",2024-01-31,NA,NA,NA
"TER-EXO-T02",2024-02-01,NA,NA,NA
"TER-EXO-T02",2024-02-02,NA,NA,NA
"TER-EXO-T02",2024-02-03,NA,NA,NA
"TER-EXO-T02",2024-02-04,NA,NA,NA
"TER-EXO-T02",2024-02-05,NA,NA,NA
"TER-EXO-T02",2024-02-06,NA,NA,NA
"TER-EXO-T02",2024-02-07,NA,NA,NA
"TER-EXO-T02",2024-02-08,NA,NA,NA
"TER-EXO-T02",2024-02-09,NA,NA,NA
"TER-EXO-T02",2024-02-10,NA,NA,NA
"TER-EXO-T02",2024-02-11,NA,NA,NA
"TER-EXO-T02",2024-02-12,NA,NA,NA
"TER-EXO-T02",2024-02-13,NA,NA,NA
"TER-EXO-T02",2024-02-14,NA,NA,NA
"TER-EXO-T02",2024-02-15,NA,NA,NA
"TER-EXO-T02",2024-02-16,NA,NA,NA
"TER-EXO-T02",2024-02-17,NA,NA,NA
"TER-EXO-T02",2024-02-18,NA,NA,NA
"TER-EXO-T02",2024-02-19,NA,NA,NA
"TER-EXO-T02",2024-02-20,NA,NA,NA
"TER-EXO-T02",2024-02-21,NA,NA,NA
"TER-EXO-T02",2024-02-22,NA,NA,NA
"TER-EXO-T02",2024-02-23,NA,NA,NA
"TER-EXO-T02",2024-02-24,NA,NA,NA
"TER-EXO-T02",2024-02-25,NA,NA,NA
"TER-EXO-T02",2024-02-26,NA,NA,NA
"TER-EXO-T02",2024-02-27,NA,NA,NA
"TER-EXO-T02",2024-02-28,NA,NA,NA
"TER-EXO-T02",2024-02-29,NA,NA,NA
"TER-EXO-T02",2024-03-01,NA,NA,NA
"TER-EXO-T02",2024-03-02,NA,NA,NA
"TER-EXO-T02",2024-03-03,NA,NA,NA
"TER-EXO-T02",2024-03-04,NA,NA,NA
"TER-EXO-T02",2024-03-05,NA,NA,NA
"TER-EXO-T02",2024-03-06,NA,NA,NA
"TER-EXO-T02",2024-03-07,NA,NA,NA
"TER-EXO-T02",2024-03-08,NA,NA,NA
"TER-EXO-T02",2024-03-09,NA,NA,NA
"TER-EXO-T02",2024-03-10,NA,NA,NA
"TER-EXO-T02",2024-03-11,NA,NA,NA
"TER-EXO-T02",2024-03-12,NA,NA,NA
"TER-EXO-T02",2024-03-13,NA,NA,NA
"TER-EXO-T02",2024-03-14,NA,NA,NA
"TER-EXO-T02",2024-03-15,NA,NA,NA
"TER-EXO-T02",2024-03-16,NA,NA,NA
"TER-EXO-T02",2024-03-17,NA,NA,NA
"TER-EXO-T02",2024-03-18,NA,NA,NA
"TER-EXO-T02",2024-03-19,NA,NA,NA
"TER-EXO-T02",2024-03-20,NA,NA,NA
"TER-EXO-T02",2024-03-21,12.6875,12.8541666666667,12.9791666666667
"TER-EXO-T02",2024-03-22,13.8333333333333,13.9791666666667,14.0833333333333
"TER-EXO-T02",2024-03-23,11.7708333333333,11.7083333333333,11.7291666666667
"TER-EXO-T02",2024-03-24,11.6875,11.6041666666667,11.7083333333333
"TER-EXO-T02",2024-03-25,10.9375,10.9583333333333,11.1041666666667
"TER-EXO-T02",2024-03-26,11.3958333333333,11.6458333333333,11.5833333333333
"TER-EXO-T02",2024-03-27,NA,10.7708333333333,10.875
"TER-EXO-T02",2024-03-28,NA,NA,7.27083333333333
"TER-EXO-T02",2024-03-29,NA,NA,NA
"TER-EXO-T02",2024-03-30,NA,NA,NA
"TER-EXO-T02",2024-03-31,NA,NA,NA
"TER-EXO-T02",2024-04-01,NA,NA,NA
"TER-EXO-T02",2024-04-02,NA,NA,NA
"TER-EXO-T02",2024-04-03,NA,NA,NA
"TER-EXO-T02",2024-04-04,NA,NA,NA
"TER-EXO-T02",2024-04-05,NA,NA,NA
"TER-EXO-T02",2024-04-06,NA,NA,NA
"TER-EXO-T02",2024-04-07,NA,NA,NA
"TER-EXO-T02",2024-04-08,NA,NA,NA
"TER-EXO-T02",2024-04-09,NA,NA,NA
"TER-EXO-T02",2024-04-10,NA,NA,NA
"TER-EXO-T02",2024-04-11,NA,NA,NA
"TER-EXO-T02",2024-04-12,NA,NA,NA
"TER-EXO-T02",2024-04-13,NA,NA,NA
"TER-EXO-T02",2024-04-14,NA,NA,NA
"TER-EXO-T02",2024-04-15,NA,NA,NA
"TER-EXO-T02",2024-04-16,NA,NA,NA
"TER-EXO-T02",2024-04-17,NA,NA,NA
"TER-EXO-T02",2024-04-18,NA,NA,NA
"TER-EXO-T02",2024-04-19,NA,NA,NA
"TER-EXO-T02",2024-04-20,NA,NA,NA
"TER-EXO-T02",2024-04-21,NA,NA,NA
"TER-EXO-T02",2024-04-22,NA,NA,NA
"TER-EXO-T02",2024-04-23,13.8333333333333,NA,13.875
"TER-EXO-T02",2024-04-24,13.5625,NA,13.6458333333333
"TER-EXO-T02",2024-04-25,13.875,NA,14.25
"TER-EXO-T02",2024-04-26,12.1666666666667,NA,12.0833333333333
"TER-EXO-T02",2024-04-27,11.8541666666667,NA,12.0833333333333
"TER-EXO-T02",2024-04-28,12.75,NA,12.8333333333333
"TER-EXO-T02",2024-04-29,12.75,NA,12.8541666666667
"TER-EXO-T02",2024-04-30,13.1041666666667,NA,13.5
"TER-EXO-T02",2024-05-01,13.8958333333333,NA,13.875
"TER-EXO-T02",2024-05-02,15.0208333333333,NA,15.0208333333333
"TER-EXO-T02",2024-05-03,14.375,NA,14.3958333333333
"TER-EXO-T02",2024-05-04,15.4166666666667,NA,15.5208333333333
"TER-EXO-T02",2024-05-05,14.9791666666667,NA,15.6041666666667
"TER-EXO-T02",2024-05-06,16.1041666666667,NA,16.1041666666667
"TER-EXO-T02",2024-05-07,15.4791666666667,NA,15.4375
"TER-EXO-T02",2024-05-08,14.9791666666667,NA,15.0833333333333
"TER-EXO-T02",2024-05-09,14.5625,NA,15.3125
"TER-EXO-T02",2024-05-10,14.5416666666667,NA,14.7916666666667
"TER-EXO-T02",2024-05-11,16.6041666666667,NA,17.1875
"TER-EXO-T02",2024-05-12,16.6875,NA,17.25
"TER-EXO-T02",2024-05-13,15.1041666666667,NA,15.3125
"TER-EXO-T02",2024-05-14,13.2291666666667,NA,13.4375
"TER-EXO-T02",2024-05-15,13.9583333333333,NA,14.125
"TER-EXO-T02",2024-05-16,14.8125,NA,14.9166666666667
"TER-EXO-T02",2024-05-17,14.3541666666667,NA,NA
"TER-EXO-T02",2024-05-18,13.0416666666667,12.9583333333333,13.0416666666667
"TER-EXO-T02",2024-05-19,13.8541666666667,13.8125,13.8541666666667
"TER-EXO-T02",2024-05-20,15.7291666666667,15.8333333333333,15.9166666666667
"TER-EXO-T02",2024-05-21,15.6458333333333,15.6666666666667,15.6666666666667
"TER-EXO-T02",2024-05-22,16.5,16.4375,16.4166666666667
"TER-EXO-T02",2024-05-23,17.0625,17.0208333333333,16.9791666666667
"TER-EXO-T02",2024-05-24,16.2916666666667,16.4583333333333,16.5
"TER-EXO-T02",2024-05-25,14.75,14.9166666666667,15.1875
"TER-EXO-T02",2024-05-26,14.5625,14.6875,14.8958333333333
"TER-EXO-T02",2024-05-27,15.8958333333333,15.8541666666667,15.875
"TER-EXO-T02",2024-05-28,16.6666666666667,16.5,16.5
"TER-EXO-T02",2024-05-29,17.2708333333333,17.25,17.25
"TER-EXO-T02",2024-05-30,16.5,16.4166666666667,16.4375
"TER-EXO-T02",2024-05-31,15.1666666666667,15.1041666666667,15.125
"TER-EXO-T02",2024-06-01,15.7708333333333,15.75,15.875
"TER-EXO-T02",2024-06-02,16.2291666666667,16.1875,16.1875
"TER-EXO-T02",2024-06-03,15.9166666666667,16.1041666666667,16.0625
"TER-EXO-T02",2024-06-04,14.9375,14.9791666666667,15.0833333333333
"TER-EXO-T02",2024-06-05,14.2291666666667,14.4583333333333,14.5833333333333
"TER-EXO-T02",2024-06-06,15.0625,15.0833333333333,15.2708333333333
"TER-EXO-T02",2024-06-07,16.0833333333333,16,16.2291666666667
"TER-EXO-T02",2024-06-08,17,16.9166666666667,17.1041666666667
"TER-EXO-T02",2024-06-09,15.9166666666667,15.9375,16.0833333333333
"TER-EXO-T02",2024-06-10,16.0208333333333,16.0833333333333,16.125
"TER-EXO-T02",2024-06-11,15.6875,15.8125,15.9583333333333
"TER-EXO-T02",2024-06-12,17.1458333333333,17.3958333333333,17.5208333333333
"TER-EXO-T02",2024-06-13,18.7291666666667,18.9791666666667,18.9583333333333
"TER-EXO-T02",2024-06-14,17.1041666666667,17.1041666666667,17.2083333333333
"TER-EXO-T02",2024-06-15,17.125,17.1041666666667,17.25
"TER-EXO-T02",2024-06-16,18.375,18.5,18.5416666666667
"TER-EXO-T02",2024-06-17,16.9375,16.8333333333333,16.875
"TER-EXO-T02",2024-06-18,15.875,15.8333333333333,15.9166666666667
"TER-EXO-T02",2024-06-19,15.2708333333333,15.2708333333333,15.3541666666667
"TER-EXO-T02",2024-06-20,15.9583333333333,16,16.125
"TER-EXO-T02",2024-06-21,16.6666666666667,16.75,16.8541666666667
"TER-EXO-T02",2024-06-22,17.0208333333333,17.0833333333333,17.1875
"TER-EXO-T02",2024-06-23,17.7083333333333,17.7291666666667,17.75
"TER-EXO-T02",2024-06-24,17.6666666666667,17.6875,17.6666666666667
"TER-EXO-T02",2024-06-25,16.6666666666667,16.6875,16.875
"TER-EXO-T02",2024-06-26,16.5833333333333,16.75,16.9583333333333
"TER-EXO-T02",2024-06-27,19.0416666666667,19.1041666666667,19.2291666666667
"TER-EXO-T02",2024-06-28,18.8125,18.7708333333333,18.9166666666667
"TER-EXO-T02",2024-06-29,18.5416666666667,18.5208333333333,18.6875
"TER-EXO-T02",2024-06-30,18.2708333333333,18.1458333333333,18.1458333333333
"TER-EXO-T02",2024-07-01,18.9375,18.9791666666667,19.0833333333333
"TER-EXO-T02",2024-07-02,19.9375,19.9583333333333,20.1666666666667
"TER-EXO-T02",2024-07-03,19.3958333333333,19.3125,19.5
"TER-EXO-T02",2024-07-04,18.125,18.0833333333333,18.2083333333333
"TER-EXO-T02",2024-07-05,18.3125,18.375,18.5625
"TER-EXO-T02",2024-07-06,20.2916666666667,20.375,20.625
"TER-EXO-T02",2024-07-07,20.3125,20.3958333333333,20.5833333333333
"TER-EXO-T02",2024-07-08,20.1875,20.3125,20.3333333333333
"TER-EXO-T02",2024-07-09,20.9583333333333,21.2083333333333,21.2083333333333
"TER-EXO-T02",2024-07-10,20.1458333333333,20.25,20.4791666666667
"TER-EXO-T02",2024-07-11,18.6666666666667,18.5625,18.6875
"TER-EXO-T02",2024-07-12,19.6458333333333,19.75,19.8333333333333
"TER-EXO-T02",2024-07-13,18.7708333333333,18.8333333333333,19
"TER-EXO-T02",2024-07-14,17.7083333333333,17.9791666666667,18.1041666666667
"TER-EXO-T02",2024-07-15,19.2708333333333,19.3541666666667,19.375
"TER-EXO-T02",2024-07-16,20.2708333333333,20.3333333333333,20.4375
"TER-EXO-T02",2024-07-17,NA,NA,NA
"TER-EXO-T02",2024-07-18,18.1875,18.4375,18.5
"TER-EXO-T02",2024-07-19,19.2291666666667,19.7291666666667,19.9583333333333
"TER-EXO-T02",2024-07-20,21.1458333333333,21.5416666666667,21.5833333333333
"TER-EXO-T02",2024-07-21,21.0833333333333,21.3958333333333,21.5
"TER-EXO-T02",2024-07-22,20.1041666666667,20.2291666666667,20.3541666666667
"TER-EXO-T02",2024-07-23,19.8333333333333,19.8958333333333,19.9791666666667
"TER-EXO-T02",2024-07-24,19.7083333333333,19.9791666666667,20.0625
"TER-EXO-T02",2024-07-25,20.125,20.375,20.375
"TER-EXO-T02",2024-07-26,21.3125,21.375,21.375
"TER-EXO-T02",2024-07-27,20.875,21,21.0625
"TER-EXO-T02",2024-07-28,21.5833333333333,21.7291666666667,21.7708333333333
"TER-EXO-T02",2024-07-29,21.9375,22.2916666666667,22.375
"TER-EXO-T02",2024-07-30,20.4375,20.5833333333333,20.875
"TER-EXO-T02",2024-07-31,20.1875,20.3333333333333,20.5625
"TER-EXO-T02",2024-08-01,20.625,20.9791666666667,21.0416666666667
"TER-EXO-T02",2024-08-02,20.3125,20.4375,20.5833333333333
"TER-EXO-T02",2024-08-03,20.0625,20.2916666666667,20.3958333333333
"TER-EXO-T02",2024-08-04,21.875,22.1458333333333,22.3125
"TER-EXO-T02",2024-08-05,22.25,22.3958333333333,22.4791666666667
"TER-EXO-T02",2024-08-06,21.4791666666667,21.6875,21.5833333333333
"TER-EXO-T02",2024-08-07,19.7291666666667,19.8541666666667,19.8333333333333
"TER-EXO-T02",2024-08-08,20.2708333333333,20.4375,20.5208333333333
"TER-EXO-T02",2024-08-09,19.75,19.9791666666667,20.0833333333333
"TER-EXO-T02",2024-08-10,20.5625,20.5625,20.625
"TER-EXO-T02",2024-08-11,19.0833333333333,19.4791666666667,19.4791666666667
"TER-EXO-T02",2024-08-12,18.7083333333333,19.1041666666667,19.3541666666667
"TER-EXO-T02",2024-08-13,22.1875,22.7291666666667,22.8541666666667
"TER-EXO-T02",2024-08-14,21.8125,22.1041666666667,22.1666666666667
"TER-EXO-T02",2024-08-15,21.25,21.3541666666667,21.4791666666667
"TER-EXO-T02",2024-08-16,21.375,21.6041666666667,21.6458333333333
"TER-EXO-T02",2024-08-17,20.9375,21.25,21.375
"TER-EXO-T02",2024-08-18,21.0833333333333,21.2708333333333,21.3125
"TER-EXO-T02",2024-08-19,21.75,22.1875,22.25
"TER-EXO-T02",2024-08-20,21.2708333333333,21.3958333333333,21.3958333333333
"TER-EXO-T02",2024-08-21,20.8541666666667,21.0416666666667,21.1666666666667
"TER-EXO-T02",2024-08-22,21.3333333333333,21.6875,21.8958333333333
"TER-EXO-T02",2024-08-23,22.9166666666667,23.375,23.3958333333333
"TER-EXO-T02",2024-08-24,20.125,20.4583333333333,20.4375
"TER-EXO-T02",2024-08-25,19.375,19.7916666666667,19.9583333333333
"TER-EXO-T02",2024-08-26,21.5,21.5833333333333,21.75
"TER-EXO-T02",2024-08-27,20.25,20.5833333333333,20.7083333333333
"TER-EXO-T02",2024-08-28,19.375,19.7291666666667,19.8333333333333
"TER-EXO-T02",2024-08-29,19.5833333333333,19.875,20
"TER-EXO-T02",2024-08-30,21.0833333333333,21.4583333333333,21.4166666666667
"TER-EXO-T02",2024-08-31,21.7708333333333,21.8958333333333,21.8541666666667
"TER-EXO-T02",2024-09-01,19.9791666666667,19.9791666666667,20.0625
"TER-EXO-T02",2024-09-02,19,19.1041666666667,19.1875
"TER-EXO-T02",2024-09-03,19.0208333333333,19.0416666666667,19.0208333333333
"TER-EXO-T02",2024-09-04,18.7916666666667,18.9375,19.0208333333333
"TER-EXO-T02",2024-09-05,19.4791666666667,19.4166666666667,19.5416666666667
"TER-EXO-T02",2024-09-06,18.7708333333333,18.7083333333333,18.75
"TER-EXO-T02",2024-09-07,18.3958333333333,18.4375,18.4375
"TER-EXO-T02",2024-09-08,19.1458333333333,19.3958333333333,19.4375
"TER-EXO-T02",2024-09-09,18.2708333333333,18.1875,18.2916666666667
"TER-EXO-T02",2024-09-10,18.5,19.0416666666667,19.0416666666667
"TER-EXO-T02",2024-09-11,18.7916666666667,19.1875,19.2916666666667
"TER-EXO-T02",2024-09-12,19.3958333333333,19.6458333333333,19.8125
"TER-EXO-T02",2024-09-13,18.875,19.0833333333333,19.2291666666667
"TER-EXO-T02",2024-09-14,18.8333333333333,19.0833333333333,19.0833333333333
"TER-EXO-T02",2024-09-15,19.2708333333333,19.4166666666667,19.4375
"TER-EXO-T02",2024-09-16,18.8125,18.9375,18.875
"TER-EXO-T02",2024-09-17,19.3958333333333,19.6666666666667,19.75
"TER-EXO-T02",2024-09-18,18.4583333333333,18.6666666666667,18.7708333333333
"TER-EXO-T02",2024-09-19,17.9166666666667,17.9791666666667,18.0833333333333
"TER-EXO-T02",2024-09-20,17.9375,18.2083333333333,18.2916666666667
"TER-EXO-T02",2024-09-21,17.8125,18.2083333333333,18.2916666666667
"TER-EXO-T02",2024-09-22,19.2291666666667,19.5,19.5833333333333
"TER-EXO-T02",2024-09-23,20.0416666666667,20.3541666666667,20.375
"TER-EXO-T02",2024-09-24,21.1666666666667,21.1041666666667,21.125
"TER-EXO-T02",2024-09-25,21.0208333333333,21.0416666666667,21.125
"TER-EXO-T02",2024-09-26,18.4166666666667,18.6458333333333,18.7708333333333
"TER-EXO-T02",2024-09-27,19.5833333333333,19.7083333333333,19.7291666666667
"TER-EXO-T02",2024-09-28,20.3958333333333,20.3125,20.2916666666667
"TER-EXO-T02",2024-09-29,20.875,20.8958333333333,20.875
"TER-EXO-T02",2024-09-30,21.3125,21.2916666666667,21.2916666666667
"TER-EXO-T02",2024-10-01,21.5833333333333,21.5625,21.5625
"TER-EXO-T02",2024-10-02,21.4583333333333,21.3958333333333,21.375
"TER-EXO-T02",2024-10-03,21.375,21.2708333333333,21.25
"TER-EXO-T02",2024-10-04,20.8333333333333,20.6458333333333,20.625
"TER-EXO-T02",2024-10-05,18.7291666666667,18.2916666666667,18.4791666666667
"TER-EXO-T02",2024-10-06,15.6458333333333,15.7291666666667,15.9791666666667
"TER-EXO-T02",2024-10-07,17.1458333333333,17.5625,17.5833333333333
"TER-EXO-T02",2024-10-08,19.6875,19.9583333333333,NA
"TER-EXO-T02",2024-10-09,18.25,18.3125,NA
"TER-EXO-T02",2024-10-10,18.0208333333333,17.7708333333333,NA
"TER-EXO-T02",2024-10-11,14.4583333333333,14.6041666666667,NA
"TER-EXO-T02",2024-10-12,15.5,16.0833333333333,NA
"TER-EXO-T02",2024-10-13,18.625,18.75,NA
"TER-EXO-T02",2024-10-14,17.875,17.4375,NA
"TER-EXO-T02",2024-10-15,16.1666666666667,16.5,NA
"TER-EXO-T02",2024-10-16,14.9375,15.2708333333333,NA
"TER-EXO-T02",2024-10-17,14.8958333333333,15.1458333333333,NA
"TER-EXO-T02",2024-10-18,17.2291666666667,17.625,NA
"TER-EXO-T02",2024-10-19,18.2916666666667,18.3958333333333,NA
"TER-EXO-T02",2024-10-20,14.7916666666667,14.375,NA
"TER-EXO-T02",2024-10-21,13.1875,13.375,NA
"TER-EXO-T02",2024-10-22,15.1041666666667,15.6875,NA
"TER-EXO-T02",2024-10-23,17.5208333333333,17.5416666666667,NA
"TER-EXO-T02",2024-10-24,13.5208333333333,13.75,NA
"TER-EXO-T02",2024-10-25,13.6041666666667,14,NA
"TER-EXO-T02",2024-10-26,14.1458333333333,14.4375,NA
"TER-EXO-T02",2024-10-27,14.4166666666667,14.6458333333333,NA
"TER-EXO-T02",2024-10-28,14.3541666666667,14.75,NA
"TER-EXO-T02",2024-10-29,15.125,15.4583333333333,NA
"TER-EXO-T02",2024-10-30,16,16.1041666666667,NA
"TER-EXO-T02",2024-10-31,16.75,16.75,NA
"TER-EXO-T02",2024-11-01,18.2083333333333,18.1875,NA
"TER-EXO-T02",2024-11-02,16.7291666666667,16.5625,NA
"TER-EXO-T02",2024-11-03,15.9791666666667,15.8125,NA
"TER-EXO-T02",2024-11-04,15.8125,15.9375,NA
"TER-EXO-T02",2024-11-05,16.375,16.4583333333333,NA
"TER-EXO-T02",2024-11-06,12.8125,12.6458333333333,NA
"TER-EXO-T02",2024-11-07,12.7708333333333,13.2291666666667,NA
"TER-EXO-T02",2024-11-08,16.8125,17.1041666666667,NA
"TER-EXO-T02",2024-11-09,17.9375,18,NA
"TER-EXO-T02",2024-11-10,17.1458333333333,17.0416666666667,NA
"TER-EXO-T02",2024-11-11,17.3958333333333,17.5416666666667,NA
"TER-EXO-T02",2024-11-12,17.9166666666667,17.9166666666667,NA
"TER-EXO-T02",2024-11-13,16.3333333333333,15.8125,NA
"TER-EXO-T02",2024-11-14,13.9166666666667,13.4583333333333,NA
"TER-EXO-T02",2024-11-15,13.125,13.25,NA
"TER-EXO-T02",2024-11-16,13.6458333333333,14.1666666666667,NA
"TER-EXO-T02",2024-11-17,13.7916666666667,14.375,NA
"TER-EXO-T02",2024-11-18,14.5416666666667,14.8333333333333,NA
"TER-EXO-T02",2024-11-19,14.8125,15.2291666666667,NA
"TER-EXO-T02",2024-11-20,15.1875,15.25,NA
"TER-EXO-T02",2024-11-21,16.125,16.1458333333333,NA
"TER-EXO-T02",2024-11-22,17.1041666666667,17.1875,NA
"TER-EXO-T02",2024-11-23,15.3541666666667,15.0416666666667,NA
"TER-EXO-T02",2024-11-24,11.5625,11.5208333333333,NA
"TER-EXO-T02",2024-11-25,13.5416666666667,14,NA
"TER-EXO-T02",2024-11-26,16,16.3125,NA
"TER-EXO-T02",2024-11-27,15.0208333333333,15.0833333333333,NA
"TER-EXO-T02",2024-11-28,14.1458333333333,14.5416666666667,NA
"TER-EXO-T02",2024-11-29,13.75,13.9375,NA
"TER-EXO-T02",2024-11-30,12.3333333333333,12.2708333333333,NA
"TER-EXO-T02",2024-12-01,13.3125,13.5625,NA
"TER-EXO-T02",2024-12-02,14.7083333333333,15.375,NA
"TER-EXO-T02",2024-12-03,13.9583333333333,14.0833333333333,NA
"TER-EXO-T02",2024-12-04,14.9791666666667,15.5625,NA
"TER-EXO-T02",2024-12-05,15.2291666666667,15.3958333333333,NA
"TER-EXO-T02",2024-12-06,16,16.0625,NA
"TER-EXO-T02",2024-12-07,15.2083333333333,15.1666666666667,NA
"TER-EXO-T02",2024-12-08,15.4791666666667,15.4583333333333,NA
"TER-EXO-T02",2024-12-09,14.0416666666667,13.8541666666667,NA
"TER-EXO-T02",2024-12-10,13.4166666666667,13.6458333333333,NA
"TER-EXO-T02",2024-12-11,14,13.6458333333333,NA
"TER-EXO-T02",2024-12-12,11.8541666666667,11.2708333333333,NA
"TER-EXO-T02",2024-12-13,10.9583333333333,10.8333333333333,NA
"TER-EXO-T02",2024-12-14,10.7708333333333,11.625,NA
"TER-EXO-T02",2024-12-15,12.5,13.0625,NA
"TER-EXO-T02",2024-12-16,13.625,13.6458333333333,NA
"TER-EXO-T02",2024-12-17,12.7291666666667,13.2916666666667,NA
"TER-EXO-T02",2024-12-18,11.7291666666667,11.8125,NA
"TER-EXO-T02",2024-12-19,10.75,10.7291666666667,NA
"TER-EXO-T02",2024-12-20,10.4166666666667,10.9375,NA
"TER-EXO-T02",2024-12-21,11.3541666666667,11.625,NA
"TER-EXO-T02",2024-12-22,11.7916666666667,12.1666666666667,NA
"TER-EXO-T02",2024-12-23,12.1458333333333,12.25,NA
"TER-EXO-T02",2024-12-24,11.9791666666667,12.2708333333333,NA
"TER-EXO-T02",2024-12-25,11.8333333333333,12.0625,NA
"TER-EXO-T02",2024-12-26,12.3125,12.8125,NA
"TER-EXO-T02",2024-12-27,13.7708333333333,14.1458333333333,NA
"TER-EXO-T02",2024-12-28,13.6666666666667,13.7916666666667,NA
"TER-EXO-T02",2024-12-29,13.1666666666667,13.375,NA
"TER-EXO-T02",2024-12-30,13.5416666666667,13.9375,NA
"TER-EXO-T02",2024-12-31,14.625,14.8958333333333,NA
"TER-EXO-T02",2025-01-01,15.8125,15.8125,NA
"TER-EXO-T02",2025-01-02,15.875,15.875,NA
"TER-EXO-T02",2025-01-03,15.6875,15.5,NA
"TER-EXO-T02",2025-01-04,13.7708333333333,13.5833333333333,NA
"TER-EXO-T02",2025-01-05,13.1875,13.6666666666667,NA
"TER-EXO-T02",2025-01-06,15.4166666666667,15.6041666666667,NA
"TER-EXO-T02",2025-01-07,13.625,13.6458333333333,NA
"TER-EXO-T02",2025-01-08,13.7916666666667,14.0625,NA
"TER-EXO-T02",2025-01-09,16,16.0416666666667,NA
"TER-EXO-T02",2025-01-10,16.0833333333333,16,NA
"TER-EXO-T02",2025-01-11,15.8125,15.6875,NA
"TER-EXO-T02",2025-01-12,15.0833333333333,14.875,NA
"TER-EXO-T02",2025-01-13,15.6458333333333,15.4583333333333,NA
"TER-EXO-T02",2025-01-14,15.7708333333333,15.375,NA
"TER-EXO-T02",2025-01-15,NA,15.2916666666667,NA
"TER-EXO-T02",2025-01-16,NA,15.6458333333333,NA
"TER-EXO-T02",2025-01-17,NA,15.0208333333333,NA
"TER-EXO-T02",2025-01-18,NA,11.4166666666667,NA
"TER-EXO-T02",2025-01-19,NA,12.0416666666667,NA
"TER-EXO-T02",2025-01-20,NA,10.8958333333333,NA
"TER-EXO-T02",2025-01-21,NA,10.5416666666667,NA
"TER-EXO-T02",2025-01-22,NA,9.6875,NA
"TER-EXO-T02",2025-01-23,NA,12.6666666666667,NA
"TER-EXO-T02",2025-01-24,NA,11.625,NA
"TER-EXO-T02",2025-01-25,NA,12.3958333333333,NA
"TER-EXO-T02",2025-01-26,NA,12.6458333333333,NA
"TER-EXO-T02",2025-01-27,NA,10.9583333333333,NA
"TER-EXO-T02",2025-01-28,NA,12.7916666666667,NA
"TER-EXO-T02",2025-01-29,NA,12.3958333333333,NA
"TER-EXO-T02",2025-01-30,NA,13,NA
"TER-EXO-T02",2025-01-31,NA,14.1875,NA
"TER-EXO-T02",2025-02-01,NA,12.6458333333333,NA
"TER-EXO-T02",2025-02-02,NA,12.1041666666667,NA
"TER-EXO-T02",2025-02-03,NA,13.7916666666667,NA
"TER-EXO-T02",2025-02-04,NA,10.5416666666667,NA
"TER-EXO-T02",2025-02-05,NA,15.1041666666667,NA
"TER-EXO-T02",2025-02-06,NA,14.75,NA
"TER-EXO-T02",2025-02-07,NA,13.8125,NA
"TER-EXO-T02",2025-02-08,NA,10.9375,NA
"TER-EXO-T02",2025-02-09,NA,11.375,NA
"TER-EXO-T02",2025-02-10,NA,11.6041666666667,NA
"TER-EXO-T02",2025-02-11,NA,13.1666666666667,NA
"TER-EXO-T02",2025-02-12,NA,NA,NA
"TER-EXO-T02",2025-02-13,NA,NA,NA
"TER-EXO-T02",2025-02-14,NA,NA,NA
"TER-EXO-T02",2025-02-15,NA,NA,NA
"TER-EXO-T02",2025-02-16,NA,NA,NA
"TER-EXO-T02",2025-02-17,NA,NA,NA
"TER-EXO-T02",2025-02-18,NA,NA,NA
"TER-EXO-T02",2025-02-19,NA,NA,NA
"TER-EXO-T02",2025-02-20,NA,NA,NA
"TER-EXO-T02",2025-02-21,NA,NA,NA
"TER-EXO-T02",2025-02-22,NA,NA,NA
"TER-EXO-T02",2025-02-23,NA,NA,NA
"TER-EXO-T02",2025-02-24,NA,NA,NA
"TER-EXO-T02",2025-02-25,NA,NA,NA
"TER-EXO-T02",2025-02-26,NA,NA,NA
"TER-EXO-T02",2025-02-27,NA,NA,NA
"TER-EXO-T02",2025-02-28,NA,NA,NA
"TER-EXO-T02",2025-03-01,NA,NA,NA
"TER-EXO-T02",2025-03-02,NA,NA,NA
"TER-EXO-T02",2025-03-03,NA,NA,NA
"TER-EXO-T02",2025-03-04,NA,NA,NA
"TER-EXO-T02",2025-03-05,NA,NA,NA
"TER-EXO-T02",2025-03-06,NA,NA,NA
"TER-EXO-T02",2025-03-07,NA,NA,NA
"TER-EXO-T02",2025-03-08,NA,NA,NA
"TER-EXO-T02",2025-03-09,NA,NA,NA
"TER-EXO-T02",2025-03-10,NA,NA,NA
"TER-EXO-T02",2025-03-11,NA,NA,NA
"TER-EXO-T02",2025-03-12,NA,NA,NA
"TER-EXO-T02",2025-03-13,NA,NA,NA
"TER-EXO-T02",2025-03-14,NA,NA,NA
"TER-EXO-T02",2025-03-15,NA,NA,NA
"TER-EXO-T02",2025-03-16,NA,NA,NA
"TER-EXO-T02",2025-03-17,NA,NA,NA
"TER-EXO-T02",2025-03-18,NA,NA,NA
"TER-EXO-T02",2025-03-19,NA,NA,NA
"TER-EXO-T02",2025-03-20,NA,NA,NA
"TER-EXO-T02",2025-03-21,NA,NA,NA
"TER-EXO-T02",2025-03-22,NA,NA,NA
"TER-EXO-T02",2025-03-23,NA,NA,NA
"TER-EXO-T02",2025-03-24,NA,NA,NA
"TER-EXO-T02",2025-03-25,NA,NA,NA
"TER-EXO-T02",2025-03-26,NA,NA,NA
"TER-EXO-T02",2025-03-27,NA,NA,NA
"TER-EXO-T02",2025-03-28,NA,NA,NA
"TER-EXO-T02",2025-03-29,NA,NA,NA
"TER-EXO-T02",2025-03-30,NA,NA,NA
"TER-EXO-T02",2025-03-31,NA,NA,NA
"TER-EXO-T02",2025-04-01,NA,NA,NA
"TER-EXO-T02",2025-04-02,NA,NA,NA
"TER-EXO-T02",2025-04-03,NA,NA,NA
"TER-EXO-T02",2025-04-04,NA,NA,NA
"TER-EXO-T02",2025-04-05,NA,NA,NA
"TER-EXO-T02",2025-04-06,NA,NA,NA
"TER-EXO-T02",2025-04-07,NA,NA,NA
"TER-EXO-T02",2025-04-08,NA,NA,NA
"TER-EXO-T02",2025-04-09,NA,NA,NA
"TER-EXO-T02",2025-04-10,NA,NA,NA
"TER-EXO-T02",2025-04-11,NA,NA,NA
"TER-EXO-T02",2025-04-12,NA,NA,NA
"TER-EXO-T02",2025-04-13,NA,NA,NA
"TER-EXO-T02",2025-04-14,NA,NA,NA
"TER-EXO-T02",2025-04-15,NA,NA,NA
"TER-EXO-T02",2025-04-16,NA,NA,NA
"TER-EXO-T02",2025-04-17,NA,NA,NA
"TER-EXO-T02",2025-04-18,NA,NA,NA
"TER-EXO-T02",2025-04-19,NA,NA,NA
"TER-EXO-T02",2025-04-20,NA,NA,NA
"TER-EXO-T02",2025-04-21,NA,NA,NA
"TER-EXO-T02",2025-04-22,NA,NA,NA
"TER-EXO-T02",2025-04-23,NA,NA,NA
"TER-EXO-T02",2025-04-24,NA,NA,NA
"TER-EXO-T02",2025-04-25,NA,NA,NA
"TER-EXO-T02",2025-04-26,NA,NA,NA
"TER-EXO-T02",2025-04-27,NA,NA,NA
"TER-EXO-T02",2025-04-28,NA,NA,NA
"TER-EXO-T02",2025-04-29,NA,NA,NA
"TER-EXO-T02",2025-04-30,NA,NA,NA
"TER-EXO-T02",2025-05-01,NA,NA,NA
"TER-EXO-T02",2025-05-02,NA,NA,NA
"TER-EXO-T02",2025-05-03,NA,NA,NA
"TER-EXO-T02",2025-05-04,NA,NA,NA
"TER-EXO-T02",2025-05-05,NA,NA,NA
"TER-EXO-T02",2025-05-06,NA,NA,NA
"TER-EXO-T02",2025-05-07,NA,NA,NA
"TER-EXO-T02",2025-05-08,NA,NA,NA
"TER-EXO-T02",2025-05-09,NA,NA,NA
"TER-EXO-T02",2025-05-10,NA,NA,NA
"TER-EXO-T02",2025-05-11,NA,NA,NA
"TER-EXO-T02",2025-05-12,NA,NA,NA
"TER-EXO-T02",2025-05-13,NA,NA,NA
"TER-EXO-T02",2025-05-14,NA,NA,NA
"TER-EXO-T02",2025-05-15,NA,NA,NA
"TER-EXO-T02",2025-05-16,NA,NA,NA
"TER-EXO-T02",2025-05-17,NA,NA,NA
"TER-EXO-T02",2025-05-18,NA,NA,NA
"TER-EXO-T02",2025-05-19,NA,NA,NA
"TER-EXO-T02",2025-05-20,NA,NA,NA
"TER-EXO-T02",2025-05-21,NA,NA,NA
"TER-EXO-T02",2025-05-22,NA,NA,NA
"TER-EXO-T02",2025-05-23,NA,NA,NA
"TER-EXO-T02",2025-05-24,NA,NA,NA
"TER-EXO-T02",2025-05-25,NA,NA,NA
"TER-EXO-T02",2025-05-26,NA,NA,NA
"TER-EXO-T02",2025-05-27,NA,NA,NA
"TER-EXO-T02",2025-05-28,NA,NA,NA
"TER-EXO-T02",2025-05-29,NA,NA,NA
"TER-EXO-T02",2025-05-30,NA,NA,NA
"TER-EXO-T02",2025-05-31,NA,NA,NA
"TER-EXO-T02",2025-06-01,NA,NA,NA
"TER-EXO-T02",2025-06-02,NA,NA,NA
"TER-EXO-T02",2025-06-03,NA,NA,NA
"TER-EXO-T02",2025-06-04,NA,NA,NA
"TER-EXO-T02",2025-06-05,NA,NA,NA
"TER-EXO-T02",2025-06-06,NA,NA,NA
"TER-EXO-T02",2025-06-07,NA,NA,NA
"TER-EXO-T02",2025-06-08,NA,NA,NA
"TER-EXO-T02",2025-06-09,NA,NA,NA
"TER-EXO-T02",2025-06-10,NA,NA,NA
"TER-EXO-T02",2025-06-11,NA,NA,NA
"TER-EXO-T02",2025-06-12,NA,NA,NA
"TER-EXO-T04",2023-08-09,NA,NA,NA
"TER-EXO-T04",2023-08-10,NA,NA,NA
"TER-EXO-T04",2023-08-11,NA,NA,NA
"TER-EXO-T04",2023-08-12,NA,NA,NA
"TER-EXO-T04",2023-08-13,NA,NA,NA
"TER-EXO-T04",2023-08-14,NA,NA,NA
"TER-EXO-T04",2023-08-15,NA,NA,NA
"TER-EXO-T04",2023-08-16,NA,NA,NA
"TER-EXO-T04",2023-08-17,NA,NA,NA
"TER-EXO-T04",2023-08-18,NA,NA,NA
"TER-EXO-T04",2023-08-19,NA,NA,NA
"TER-EXO-T04",2023-08-20,NA,NA,NA
"TER-EXO-T04",2023-08-21,NA,NA,NA
"TER-EXO-T04",2023-08-22,NA,NA,NA
"TER-EXO-T04",2023-08-23,NA,NA,NA
"TER-EXO-T04",2023-08-24,NA,NA,NA
"TER-EXO-T04",2023-08-25,NA,NA,NA
"TER-EXO-T04",2023-08-26,NA,NA,NA
"TER-EXO-T04",2023-08-27,NA,NA,NA
"TER-EXO-T04",2023-08-28,NA,NA,NA
"TER-EXO-T04",2023-08-29,NA,NA,NA
"TER-EXO-T04",2023-08-30,NA,NA,NA
"TER-EXO-T04",2023-08-31,NA,NA,NA
"TER-EXO-T04",2023-09-01,NA,NA,NA
"TER-EXO-T04",2023-09-02,NA,NA,NA
"TER-EXO-T04",2023-09-03,NA,NA,NA
"TER-EXO-T04",2023-09-04,NA,NA,NA
"TER-EXO-T04",2023-09-05,NA,NA,NA
"TER-EXO-T04",2023-09-06,NA,NA,NA
"TER-EXO-T04",2023-09-07,NA,NA,NA
"TER-EXO-T04",2023-09-08,NA,NA,NA
"TER-EXO-T04",2023-09-09,NA,NA,NA
"TER-EXO-T04",2023-09-10,NA,NA,NA
"TER-EXO-T04",2023-09-11,NA,NA,NA
"TER-EXO-T04",2023-09-12,NA,NA,NA
"TER-EXO-T04",2023-09-13,NA,NA,NA
"TER-EXO-T04",2023-09-14,NA,NA,NA
"TER-EXO-T04",2023-09-15,NA,NA,NA
"TER-EXO-T04",2023-09-16,NA,NA,NA
"TER-EXO-T04",2023-09-17,NA,NA,NA
"TER-EXO-T04",2023-09-18,NA,NA,NA
"TER-EXO-T04",2023-09-19,NA,NA,NA
"TER-EXO-T04",2023-09-20,NA,NA,NA
"TER-EXO-T04",2023-09-21,NA,NA,NA
"TER-EXO-T04",2023-09-22,NA,NA,NA
"TER-EXO-T04",2023-09-23,NA,NA,NA
"TER-EXO-T04",2023-09-24,NA,NA,NA
"TER-EXO-T04",2023-09-25,NA,NA,NA
"TER-EXO-T04",2023-09-26,NA,NA,NA
"TER-EXO-T04",2023-09-27,NA,NA,NA
"TER-EXO-T04",2023-09-28,NA,NA,NA
"TER-EXO-T04",2023-09-29,NA,NA,NA
"TER-EXO-T04",2023-09-30,NA,NA,NA
"TER-EXO-T04",2023-10-01,NA,NA,NA
"TER-EXO-T04",2023-10-02,NA,NA,NA
"TER-EXO-T04",2023-10-03,NA,NA,NA
"TER-EXO-T04",2023-10-04,NA,NA,NA
"TER-EXO-T04",2023-10-05,NA,NA,NA
"TER-EXO-T04",2023-10-06,NA,NA,NA
"TER-EXO-T04",2023-10-07,NA,NA,NA
"TER-EXO-T04",2023-10-08,NA,NA,NA
"TER-EXO-T04",2023-10-09,NA,NA,NA
"TER-EXO-T04",2023-10-10,NA,NA,NA
"TER-EXO-T04",2023-10-11,NA,NA,NA
"TER-EXO-T04",2023-10-12,NA,NA,NA
"TER-EXO-T04",2023-10-13,NA,NA,NA
"TER-EXO-T04",2023-10-14,NA,NA,NA
"TER-EXO-T04",2023-10-15,NA,NA,NA
"TER-EXO-T04",2023-10-16,NA,NA,NA
"TER-EXO-T04",2023-10-17,NA,NA,NA
"TER-EXO-T04",2023-10-18,NA,NA,NA
"TER-EXO-T04",2023-10-19,NA,NA,NA
"TER-EXO-T04",2023-10-20,NA,NA,NA
"TER-EXO-T04",2023-10-21,NA,NA,NA
"TER-EXO-T04",2023-10-22,NA,NA,NA
"TER-EXO-T04",2023-10-23,NA,NA,NA
"TER-EXO-T04",2023-10-24,NA,NA,NA
"TER-EXO-T04",2023-10-25,NA,NA,NA
"TER-EXO-T04",2023-10-26,NA,NA,NA
"TER-EXO-T04",2023-10-27,NA,NA,NA
"TER-EXO-T04",2023-10-28,NA,NA,NA
"TER-EXO-T04",2023-10-29,NA,NA,NA
"TER-EXO-T04",2023-10-30,NA,NA,NA
"TER-EXO-T04",2023-10-31,NA,NA,NA
"TER-EXO-T04",2023-11-01,NA,NA,NA
"TER-EXO-T04",2023-11-02,NA,NA,NA
"TER-EXO-T04",2023-11-03,NA,NA,NA
"TER-EXO-T04",2023-11-04,NA,NA,NA
"TER-EXO-T04",2023-11-05,NA,NA,NA
"TER-EXO-T04",2023-11-06,NA,NA,NA
"TER-EXO-T04",2023-11-07,NA,NA,NA
"TER-EXO-T04",2023-11-08,NA,NA,NA
"TER-EXO-T04",2023-11-09,NA,NA,NA
"TER-EXO-T04",2023-11-10,NA,NA,NA
"TER-EXO-T04",2023-11-11,NA,NA,NA
"TER-EXO-T04",2023-11-12,NA,NA,NA
"TER-EXO-T04",2023-11-13,NA,NA,NA
"TER-EXO-T04",2023-11-14,NA,NA,NA
"TER-EXO-T04",2023-11-15,NA,NA,NA
"TER-EXO-T04",2023-11-16,NA,NA,NA
"TER-EXO-T04",2023-11-17,NA,NA,NA
"TER-EXO-T04",2023-11-18,NA,NA,NA
"TER-EXO-T04",2023-11-19,NA,NA,NA
"TER-EXO-T04",2023-11-20,NA,NA,NA
"TER-EXO-T04",2023-11-21,NA,NA,NA
"TER-EXO-T04",2023-11-22,NA,NA,NA
"TER-EXO-T04",2023-11-23,NA,NA,NA
"TER-EXO-T04",2023-11-24,NA,NA,NA
"TER-EXO-T04",2023-11-25,NA,NA,NA
"TER-EXO-T04",2023-11-26,NA,NA,NA
"TER-EXO-T04",2023-11-27,NA,NA,NA
"TER-EXO-T04",2023-11-28,NA,NA,NA
"TER-EXO-T04",2023-11-29,NA,NA,NA
"TER-EXO-T04",2023-11-30,NA,NA,NA
"TER-EXO-T04",2023-12-01,NA,NA,NA
"TER-EXO-T04",2023-12-02,NA,NA,NA
"TER-EXO-T04",2023-12-03,NA,NA,NA
"TER-EXO-T04",2023-12-04,NA,NA,NA
"TER-EXO-T04",2023-12-05,NA,NA,NA
"TER-EXO-T04",2023-12-06,NA,NA,NA
"TER-EXO-T04",2023-12-07,NA,NA,NA
"TER-EXO-T04",2023-12-08,NA,NA,NA
"TER-EXO-T04",2023-12-09,NA,NA,NA
"TER-EXO-T04",2023-12-10,NA,NA,NA
"TER-EXO-T04",2023-12-11,NA,NA,NA
"TER-EXO-T04",2023-12-12,NA,NA,NA
"TER-EXO-T04",2023-12-13,NA,NA,NA
"TER-EXO-T04",2023-12-14,NA,NA,NA
"TER-EXO-T04",2023-12-15,NA,NA,NA
"TER-EXO-T04",2023-12-16,NA,NA,NA
"TER-EXO-T04",2023-12-17,NA,NA,NA
"TER-EXO-T04",2023-12-18,NA,NA,NA
"TER-EXO-T04",2023-12-19,NA,NA,NA
"TER-EXO-T04",2023-12-20,NA,NA,NA
"TER-EXO-T04",2023-12-21,NA,NA,NA
"TER-EXO-T04",2023-12-22,NA,NA,NA
"TER-EXO-T04",2023-12-23,NA,NA,NA
"TER-EXO-T04",2023-12-24,NA,NA,NA
"TER-EXO-T04",2023-12-25,NA,NA,NA
"TER-EXO-T04",2023-12-26,NA,NA,NA
"TER-EXO-T04",2023-12-27,NA,NA,NA
"TER-EXO-T04",2023-12-28,NA,NA,NA
"TER-EXO-T04",2023-12-29,NA,NA,NA
"TER-EXO-T04",2023-12-30,NA,NA,NA
"TER-EXO-T04",2023-12-31,NA,NA,NA
"TER-EXO-T04",2024-01-01,NA,NA,NA
"TER-EXO-T04",2024-01-02,NA,NA,NA
"TER-EXO-T04",2024-01-03,NA,NA,NA
"TER-EXO-T04",2024-01-04,NA,NA,NA
"TER-EXO-T04",2024-01-05,NA,NA,NA
"TER-EXO-T04",2024-01-06,NA,NA,NA
"TER-EXO-T04",2024-01-07,NA,NA,NA
"TER-EXO-T04",2024-01-08,NA,NA,NA
"TER-EXO-T04",2024-01-09,NA,NA,NA
"TER-EXO-T04",2024-01-10,NA,NA,NA
"TER-EXO-T04",2024-01-11,NA,NA,NA
"TER-EXO-T04",2024-01-12,NA,NA,NA
"TER-EXO-T04",2024-01-13,NA,NA,NA
"TER-EXO-T04",2024-01-14,NA,NA,NA
"TER-EXO-T04",2024-01-15,NA,NA,NA
"TER-EXO-T04",2024-01-16,NA,NA,NA
"TER-EXO-T04",2024-01-17,NA,NA,NA
"TER-EXO-T04",2024-01-18,NA,NA,NA
"TER-EXO-T04",2024-01-19,NA,NA,NA
"TER-EXO-T04",2024-01-20,NA,NA,NA
"TER-EXO-T04",2024-01-21,NA,NA,NA
"TER-EXO-T04",2024-01-22,NA,NA,NA
"TER-EXO-T04",2024-01-23,NA,NA,NA
"TER-EXO-T04",2024-01-24,NA,NA,NA
"TER-EXO-T04",2024-01-25,NA,NA,NA
"TER-EXO-T04",2024-01-26,NA,NA,NA
"TER-EXO-T04",2024-01-27,NA,NA,NA
"TER-EXO-T04",2024-01-28,NA,NA,NA
"TER-EXO-T04",2024-01-29,NA,NA,NA
"TER-EXO-T04",2024-01-30,NA,NA,NA
"TER-EXO-T04",2024-01-31,NA,NA,NA
"TER-EXO-T04",2024-02-01,NA,NA,NA
"TER-EXO-T04",2024-02-02,NA,NA,NA
"TER-EXO-T04",2024-02-03,NA,NA,NA
"TER-EXO-T04",2024-02-04,NA,NA,NA
"TER-EXO-T04",2024-02-05,NA,NA,NA
"TER-EXO-T04",2024-02-06,NA,NA,NA
"TER-EXO-T04",2024-02-07,NA,NA,NA
"TER-EXO-T04",2024-02-08,NA,NA,NA
"TER-EXO-T04",2024-02-09,NA,NA,NA
"TER-EXO-T04",2024-02-10,NA,NA,NA
"TER-EXO-T04",2024-02-11,NA,NA,NA
"TER-EXO-T04",2024-02-12,NA,NA,NA
"TER-EXO-T04",2024-02-13,NA,NA,NA
"TER-EXO-T04",2024-02-14,NA,NA,NA
"TER-EXO-T04",2024-02-15,NA,NA,NA
"TER-EXO-T04",2024-02-16,NA,NA,NA
"TER-EXO-T04",2024-02-17,NA,NA,NA
"TER-EXO-T04",2024-02-18,NA,NA,NA
"TER-EXO-T04",2024-02-19,NA,NA,NA
"TER-EXO-T04",2024-02-20,NA,NA,NA
"TER-EXO-T04",2024-02-21,NA,NA,NA
"TER-EXO-T04",2024-02-22,NA,NA,NA
"TER-EXO-T04",2024-02-23,NA,NA,NA
"TER-EXO-T04",2024-02-24,NA,NA,NA
"TER-EXO-T04",2024-02-25,NA,NA,NA
"TER-EXO-T04",2024-02-26,NA,NA,NA
"TER-EXO-T04",2024-02-27,NA,NA,NA
"TER-EXO-T04",2024-02-28,NA,NA,NA
"TER-EXO-T04",2024-02-29,NA,NA,NA
"TER-EXO-T04",2024-03-01,NA,NA,NA
"TER-EXO-T04",2024-03-02,NA,NA,NA
"TER-EXO-T04",2024-03-03,NA,NA,NA
"TER-EXO-T04",2024-03-04,NA,NA,NA
"TER-EXO-T04",2024-03-05,NA,NA,NA
"TER-EXO-T04",2024-03-06,NA,NA,NA
"TER-EXO-T04",2024-03-07,NA,NA,NA
"TER-EXO-T04",2024-03-08,NA,NA,NA
"TER-EXO-T04",2024-03-09,NA,NA,NA
"TER-EXO-T04",2024-03-10,NA,NA,NA
"TER-EXO-T04",2024-03-11,NA,NA,NA
"TER-EXO-T04",2024-03-12,NA,NA,NA
"TER-EXO-T04",2024-03-13,NA,NA,NA
"TER-EXO-T04",2024-03-14,NA,NA,NA
"TER-EXO-T04",2024-03-15,NA,NA,NA
"TER-EXO-T04",2024-03-16,NA,NA,NA
"TER-EXO-T04",2024-03-17,NA,NA,NA
"TER-EXO-T04",2024-03-18,NA,NA,NA
"TER-EXO-T04",2024-03-19,NA,NA,NA
"TER-EXO-T04",2024-03-20,NA,NA,NA
"TER-EXO-T04",2024-03-21,12.7708333333333,12.9583333333333,13.1875
"TER-EXO-T04",2024-03-22,13.1666666666667,13.2291666666667,13.1666666666667
"TER-EXO-T04",2024-03-23,11.1666666666667,11.2291666666667,11.2291666666667
"TER-EXO-T04",2024-03-24,11.3125,11.4166666666667,11.9583333333333
"TER-EXO-T04",2024-03-25,10.5416666666667,10.75,10.6666666666667
"TER-EXO-T04",2024-03-26,11.625,11.875,11.8333333333333
"TER-EXO-T04",2024-03-27,10.4583333333333,10.7291666666667,10.6875
"TER-EXO-T04",2024-03-28,7.33333333333333,7.72916666666667,7.54166666666667
"TER-EXO-T04",2024-03-29,10.25,10.4583333333333,10.3541666666667
"TER-EXO-T04",2024-03-30,10.2291666666667,10.5,10.3333333333333
"TER-EXO-T04",2024-03-31,9.22916666666667,9.8125,9.9375
"TER-EXO-T04",2024-04-01,12.6666666666667,12.9791666666667,13.0625
"TER-EXO-T04",2024-04-02,12.9375,13.3125,13.3541666666667
"TER-EXO-T04",2024-04-03,NA,13.6666666666667,13.625
"TER-EXO-T04",2024-04-04,NA,11.1041666666667,11.1041666666667
"TER-EXO-T04",2024-04-05,NA,9.20833333333333,9.3125
"TER-EXO-T04",2024-04-06,NA,11.4791666666667,11.5833333333333
"TER-EXO-T04",2024-04-07,NA,13.0833333333333,13.0833333333333
"TER-EXO-T04",2024-04-08,NA,13.2916666666667,13.5
"TER-EXO-T04",2024-04-09,NA,14.9375,14.9583333333333
"TER-EXO-T04",2024-04-10,NA,15.1041666666667,15.0416666666667
"TER-EXO-T04",2024-04-11,NA,14.8333333333333,NA
"TER-EXO-T04",2024-04-12,NA,14.1458333333333,NA
"TER-EXO-T04",2024-04-13,NA,12.6875,NA
"TER-EXO-T04",2024-04-14,NA,11.8958333333333,NA
"TER-EXO-T04",2024-04-15,NA,13.7291666666667,NA
"TER-EXO-T04",2024-04-16,NA,15.1041666666667,NA
"TER-EXO-T04",2024-04-17,NA,14.25,NA
"TER-EXO-T04",2024-04-18,NA,14.2291666666667,NA
"TER-EXO-T04",2024-04-19,NA,13.7916666666667,NA
"TER-EXO-T04",2024-04-20,NA,14,NA
"TER-EXO-T04",2024-04-21,NA,13.8541666666667,NA
"TER-EXO-T04",2024-04-22,NA,13.0416666666667,NA
"TER-EXO-T04",2024-04-23,NA,13.3333333333333,NA
"TER-EXO-T04",2024-04-24,NA,12.8958333333333,NA
"TER-EXO-T04",2024-04-25,NA,13.0625,NA
"TER-EXO-T04",2024-04-26,NA,11.6458333333333,NA
"TER-EXO-T04",2024-04-27,NA,12,NA
"TER-EXO-T04",2024-04-28,NA,12.4375,NA
"TER-EXO-T04",2024-04-29,NA,12.8958333333333,NA
"TER-EXO-T04",2024-04-30,NA,14.1041666666667,NA
"TER-EXO-T04",2024-05-01,NA,14.5833333333333,NA
"TER-EXO-T04",2024-05-02,NA,15.0625,NA
"TER-EXO-T04",2024-05-03,NA,14.6666666666667,NA
"TER-EXO-T04",2024-05-04,NA,15.2916666666667,NA
"TER-EXO-T04",2024-05-05,NA,16.125,NA
"TER-EXO-T04",2024-05-06,NA,16.1875,NA
"TER-EXO-T04",2024-05-07,NA,15.8125,NA
"TER-EXO-T04",2024-05-08,NA,14.7291666666667,NA
"TER-EXO-T04",2024-05-09,NA,14.375,NA
"TER-EXO-T04",2024-05-10,NA,15.5833333333333,NA
"TER-EXO-T04",2024-05-11,NA,16.125,NA
"TER-EXO-T04",2024-05-12,NA,15.7083333333333,NA
"TER-EXO-T04",2024-05-13,NA,14.8541666666667,NA
"TER-EXO-T04",2024-05-14,NA,13,13.25
"TER-EXO-T04",2024-05-15,NA,13.5625,13.6458333333333
"TER-EXO-T04",2024-05-16,NA,13.9791666666667,13.9583333333333
"TER-EXO-T04",2024-05-17,13.2291666666667,13.4166666666667,13.625
"TER-EXO-T04",2024-05-18,12.9583333333333,13.1041666666667,13.1666666666667
"TER-EXO-T04",2024-05-19,14.1875,14.375,15.0833333333333
"TER-EXO-T04",2024-05-20,15.3541666666667,15.4375,15.4375
"TER-EXO-T04",2024-05-21,15.9791666666667,16.25,16.4166666666667
"TER-EXO-T04",2024-05-22,NA,17.0208333333333,17.375
"TER-EXO-T04",2024-05-23,NA,17.125,17.125
"TER-EXO-T04",2024-05-24,NA,15.8541666666667,15.5625
"TER-EXO-T04",2024-05-25,NA,15.3125,15.2916666666667
"TER-EXO-T04",2024-05-26,NA,15.0416666666667,15.25
"TER-EXO-T04",2024-05-27,NA,16.7291666666667,16.7291666666667
"TER-EXO-T04",2024-05-28,NA,16.9583333333333,17.0416666666667
"TER-EXO-T04",2024-05-29,NA,17.2916666666667,17.2291666666667
"TER-EXO-T04",2024-05-30,NA,16.0208333333333,15.8958333333333
"TER-EXO-T04",2024-05-31,NA,15.4583333333333,15.2708333333333
"TER-EXO-T04",2024-06-01,NA,16.2291666666667,16.6458333333333
"TER-EXO-T04",2024-06-02,NA,16,16.1041666666667
"TER-EXO-T04",2024-06-03,NA,15.1875,15.2083333333333
"TER-EXO-T04",2024-06-04,NA,NA,16
"TER-EXO-T04",2024-06-05,14.3125,14.5,14.4791666666667
"TER-EXO-T04",2024-06-06,14.7708333333333,14.8125,14.8333333333333
"TER-EXO-T04",2024-06-07,15.125,15.2708333333333,15.2291666666667
"TER-EXO-T04",2024-06-08,15.7291666666667,16.0416666666667,16.2083333333333
"TER-EXO-T04",2024-06-09,15.8333333333333,16.125,16.1875
"TER-EXO-T04",2024-06-10,14.9791666666667,15.0833333333333,15.2083333333333
"TER-EXO-T04",2024-06-11,15.6875,16.0416666666667,16.1875
"TER-EXO-T04",2024-06-12,16.8125,17.0833333333333,17.0208333333333
"TER-EXO-T04",2024-06-13,18.1041666666667,18.1875,18.1666666666667
"TER-EXO-T04",2024-06-14,16.6666666666667,16.75,16.8125
"TER-EXO-T04",2024-06-15,16.9791666666667,17.2916666666667,17.2708333333333
"TER-EXO-T04",2024-06-16,17.7916666666667,17.8541666666667,17.7708333333333
"TER-EXO-T04",2024-06-17,16.7291666666667,16.7083333333333,16.6875
"TER-EXO-T04",2024-06-18,15.7916666666667,15.8958333333333,15.7916666666667
"TER-EXO-T04",2024-06-19,15.3125,15.4375,15.4583333333333
"TER-EXO-T04",2024-06-20,16.4166666666667,16.75,16.8333333333333
"TER-EXO-T04",2024-06-21,17.9166666666667,18.25,18.3958333333333
"TER-EXO-T04",2024-06-22,17.8958333333333,18,18.125
"TER-EXO-T04",2024-06-23,18.3541666666667,18.375,18.4583333333333
"TER-EXO-T04",2024-06-24,17.3125,17.2083333333333,17.1875
"TER-EXO-T04",2024-06-25,16.125,16.3333333333333,16.2708333333333
"TER-EXO-T04",2024-06-26,16.6458333333333,16.875,16.9583333333333
"TER-EXO-T04",2024-06-27,18.6041666666667,18.6666666666667,18.6458333333333
"TER-EXO-T04",2024-06-28,18.5416666666667,18.6041666666667,18.6875
"TER-EXO-T04",2024-06-29,18.5208333333333,18.625,18.6458333333333
"TER-EXO-T04",2024-06-30,17.6666666666667,17.7291666666667,17.625
"TER-EXO-T04",2024-07-01,18.3958333333333,18.4375,18.4791666666667
"TER-EXO-T04",2024-07-02,19.4375,19.5416666666667,19.4375
"TER-EXO-T04",2024-07-03,18.9791666666667,18.9375,18.9375
"TER-EXO-T04",2024-07-04,17.2708333333333,17.3333333333333,17.2291666666667
"TER-EXO-T04",2024-07-05,17.7708333333333,17.9791666666667,18.0625
"TER-EXO-T04",2024-07-06,19.75,19.7916666666667,19.6458333333333
"TER-EXO-T04",2024-07-07,20.0833333333333,20.1875,20.0833333333333
"TER-EXO-T04",2024-07-08,20.2916666666667,20.4375,20.3541666666667
"TER-EXO-T04",2024-07-09,20.7083333333333,20.7916666666667,20.75
"TER-EXO-T04",2024-07-10,19.2291666666667,19.4375,19.4166666666667
"TER-EXO-T04",2024-07-11,18.6458333333333,18.7916666666667,18.7916666666667
"TER-EXO-T04",2024-07-12,19.6458333333333,19.75,19.7916666666667
"TER-EXO-T04",2024-07-13,18.7708333333333,18.7708333333333,18.7916666666667
"TER-EXO-T04",2024-07-14,18.2083333333333,18.5833333333333,18.6458333333333
"TER-EXO-T04",2024-07-15,19.9375,20.1458333333333,20.0625
"TER-EXO-T04",2024-07-16,20.6666666666667,20.7916666666667,20.8333333333333
"TER-EXO-T04",2024-07-17,19.0208333333333,18.9791666666667,18.875
"TER-EXO-T04",2024-07-18,NA,NA,NA
"TER-EXO-T04",2024-07-19,19,19.375,19.4375
"TER-EXO-T04",2024-07-20,20.8958333333333,21.125,21.0625
"TER-EXO-T04",2024-07-21,20.9375,21.1458333333333,21.0416666666667
"TER-EXO-T04",2024-07-22,20.375,20.5625,20.6041666666667
"TER-EXO-T04",2024-07-23,19.9166666666667,20.0833333333333,20.0833333333333
"TER-EXO-T04",2024-07-24,20.1041666666667,20.5208333333333,20.6458333333333
"TER-EXO-T04",2024-07-25,21.6041666666667,22.125,22.3125
"TER-EXO-T04",2024-07-26,21.8333333333333,21.8333333333333,21.8541666666667
"TER-EXO-T04",2024-07-27,21.1666666666667,21.1875,21.1666666666667
"TER-EXO-T04",2024-07-28,21.6458333333333,21.8958333333333,21.8958333333333
"TER-EXO-T04",2024-07-29,21.875,22.2291666666667,22.3958333333333
"TER-EXO-T04",2024-07-30,20.0625,20.1458333333333,20.3125
"TER-EXO-T04",2024-07-31,20.1041666666667,20.25,20.25
"TER-EXO-T04",2024-08-01,20.4166666666667,20.7708333333333,20.8125
"TER-EXO-T04",2024-08-02,20.7083333333333,20.9791666666667,21.2083333333333
"TER-EXO-T04",2024-08-03,20.375,20.7708333333333,20.9791666666667
"TER-EXO-T04",2024-08-04,21.8333333333333,22.2083333333333,22.2708333333333
"TER-EXO-T04",2024-08-05,22.3333333333333,22.5208333333333,22.5
"TER-EXO-T04",2024-08-06,21.4583333333333,21.4791666666667,21.4791666666667
"TER-EXO-T04",2024-08-07,20.25,20.3541666666667,20.2916666666667
"TER-EXO-T04",2024-08-08,20.25,20.4375,20.4791666666667
"TER-EXO-T04",2024-08-09,20.6666666666667,20.9791666666667,21.25
"TER-EXO-T04",2024-08-10,21.2291666666667,21.3958333333333,21.3958333333333
"TER-EXO-T04",2024-08-11,19.3125,19.3541666666667,19.4583333333333
"TER-EXO-T04",2024-08-12,19.0208333333333,19.375,19.4375
"TER-EXO-T04",2024-08-13,21.7708333333333,21.9166666666667,21.8125
"TER-EXO-T04",2024-08-14,22.1458333333333,22.375,22.3541666666667
"TER-EXO-T04",2024-08-15,21.9375,22.2916666666667,22.3958333333333
"TER-EXO-T04",2024-08-16,22.0416666666667,22.2708333333333,22.2291666666667
"TER-EXO-T04",2024-08-17,21.5416666666667,21.75,21.8125
"TER-EXO-T04",2024-08-18,21.5208333333333,21.7916666666667,21.8541666666667
"TER-EXO-T04",2024-08-19,22.0416666666667,22.2916666666667,22.2291666666667
"TER-EXO-T04",2024-08-20,20.8125,20.9375,20.9791666666667
"TER-EXO-T04",2024-08-21,20.6041666666667,21.0625,21.1666666666667
"TER-EXO-T04",2024-08-22,21.3333333333333,21.8125,21.8125
"TER-EXO-T04",2024-08-23,22.4375,22.5,22.4791666666667
"TER-EXO-T04",2024-08-24,19.7291666666667,19.9583333333333,19.9583333333333
"TER-EXO-T04",2024-08-25,20.2916666666667,20.75,20.8125
"TER-EXO-T04",2024-08-26,22.25,22.3958333333333,22.3125
"TER-EXO-T04",2024-08-27,19.9583333333333,20.3541666666667,20.3541666666667
"TER-EXO-T04",2024-08-28,19.7083333333333,20.0416666666667,20.0833333333333
"TER-EXO-T04",2024-08-29,19.5,19.7708333333333,19.8333333333333
"TER-EXO-T04",2024-08-30,21.5,21.625,21.5625
"TER-EXO-T04",2024-08-31,21.6458333333333,21.625,21.75
"TER-EXO-T04",2024-09-01,19.0625,19.3333333333333,19.2916666666667
"TER-EXO-T04",2024-09-02,18.8125,19.0416666666667,18.9375
"TER-EXO-T04",2024-09-03,19.0625,19.2083333333333,19.125
"TER-EXO-T04",2024-09-04,19.0833333333333,19.1666666666667,19.1041666666667
"TER-EXO-T04",2024-09-05,19.0416666666667,19.25,19.1666666666667
"TER-EXO-T04",2024-09-06,18.7708333333333,18.8125,18.7291666666667
"TER-EXO-T04",2024-09-07,18.2916666666667,18.3333333333333,18.2916666666667
"TER-EXO-T04",2024-09-08,18.7291666666667,18.8958333333333,18.9375
"TER-EXO-T04",2024-09-09,17.4583333333333,17.5625,17.3541666666667
"TER-EXO-T04",2024-09-10,18.25,18.3958333333333,18.375
"TER-EXO-T04",2024-09-11,18.875,19.1458333333333,19.2083333333333
"TER-EXO-T04",2024-09-12,19.1875,19.6875,19.875
"TER-EXO-T04",2024-09-13,19.7083333333333,20.1041666666667,20.1875
"TER-EXO-T04",2024-09-14,19.125,19.4166666666667,19.5208333333333
"TER-EXO-T04",2024-09-15,19.2291666666667,19.625,19.75
"TER-EXO-T04",2024-09-16,19.2916666666667,19.4791666666667,19.4791666666667
"TER-EXO-T04",2024-09-17,19.0625,19.3333333333333,19.3125
"TER-EXO-T04",2024-09-18,18.0625,18.375,18.2916666666667
"TER-EXO-T04",2024-09-19,17.7916666666667,18.0208333333333,18.0208333333333
"TER-EXO-T04",2024-09-20,17.625,17.8541666666667,17.8958333333333
"TER-EXO-T04",2024-09-21,18.1041666666667,18.5208333333333,18.75
"TER-EXO-T04",2024-09-22,19.2708333333333,19.5,19.5416666666667
"TER-EXO-T04",2024-09-23,20.0416666666667,20.7291666666667,20.6666666666667
"TER-EXO-T04",2024-09-24,21.3125,21.4166666666667,21.4166666666667
"TER-EXO-T04",2024-09-25,20.5416666666667,20.5,20.4375
"TER-EXO-T04",2024-09-26,17.5208333333333,18.0208333333333,17.9791666666667
"TER-EXO-T04",2024-09-27,20.2916666666667,20.7083333333333,20.6666666666667
"TER-EXO-T04",2024-09-28,20.3333333333333,20.3541666666667,20.3333333333333
"TER-EXO-T04",2024-09-29,20.7708333333333,20.8541666666667,20.75
"TER-EXO-T04",2024-09-30,21.3333333333333,21.4166666666667,21.3125
"TER-EXO-T04",2024-10-01,21.5833333333333,21.625,21.625
"TER-EXO-T04",2024-10-02,21.4583333333333,21.5833333333333,21.5416666666667
"TER-EXO-T04",2024-10-03,21.3958333333333,21.4166666666667,21.375
"TER-EXO-T04",2024-10-04,20.5833333333333,20.5416666666667,20.4583333333333
"TER-EXO-T04",2024-10-05,18.1666666666667,18.2708333333333,18.0208333333333
"TER-EXO-T04",2024-10-06,15.6458333333333,16.5625,16.2708333333333
"TER-EXO-T04",2024-10-07,17.6875,18.0416666666667,18.0416666666667
"TER-EXO-T04",2024-10-08,19.6041666666667,19.9583333333333,19.9166666666667
"TER-EXO-T04",2024-10-09,19.3541666666667,19.625,19.625
"TER-EXO-T04",2024-10-10,17.7916666666667,17.875,17.8333333333333
"TER-EXO-T04",2024-10-11,14.8333333333333,15.3958333333333,15.3333333333333
"TER-EXO-T04",2024-10-12,16.5833333333333,16.7708333333333,16.875
"TER-EXO-T04",2024-10-13,19,19.1041666666667,18.9791666666667
"TER-EXO-T04",2024-10-14,17.375,17.3333333333333,17.3125
"TER-EXO-T04",2024-10-15,15.9791666666667,16.4583333333333,16.5833333333333
"TER-EXO-T04",2024-10-16,15.3333333333333,15.75,15.7916666666667
"TER-EXO-T04",2024-10-17,15.7916666666667,16.1458333333333,16.3125
"TER-EXO-T04",2024-10-18,17.5208333333333,17.7916666666667,17.7916666666667
"TER-EXO-T04",2024-10-19,18.375,18.5,18.4166666666667
"TER-EXO-T04",2024-10-20,14.4375,14.875,14.75
"TER-EXO-T04",2024-10-21,13.5416666666667,13.9583333333333,13.9166666666667
"TER-EXO-T04",2024-10-22,16.0208333333333,16.3333333333333,16.3333333333333
"TER-EXO-T04",2024-10-23,17.7083333333333,17.6666666666667,17.625
"TER-EXO-T04",2024-10-24,13.4375,13.9583333333333,14.0833333333333
"TER-EXO-T04",2024-10-25,13.6666666666667,14.0416666666667,13.9375
"TER-EXO-T04",2024-10-26,14.1458333333333,14.3541666666667,14.3541666666667
"TER-EXO-T04",2024-10-27,14.5208333333333,14.8541666666667,14.8958333333333
"TER-EXO-T04",2024-10-28,14.6458333333333,14.9583333333333,14.8958333333333
"TER-EXO-T04",2024-10-29,15.2083333333333,15.4375,15.2916666666667
"TER-EXO-T04",2024-10-30,16.0625,16.375,16.4375
"TER-EXO-T04",2024-10-31,17.1875,17.4791666666667,17.375
"TER-EXO-T04",2024-11-01,18.1458333333333,18.2291666666667,18.1041666666667
"TER-EXO-T04",2024-11-02,16.3958333333333,16.7708333333333,16.5625
"TER-EXO-T04",2024-11-03,16.1458333333333,16.2083333333333,16.0833333333333
"TER-EXO-T04",2024-11-04,16.1041666666667,16.4375,16.2916666666667
"TER-EXO-T04",2024-11-05,16.5833333333333,16.75,16.6458333333333
"TER-EXO-T04",2024-11-06,12.625,13.1875,13.1458333333333
"TER-EXO-T04",2024-11-07,13.2708333333333,13.625,13.6458333333333
"TER-EXO-T04",2024-11-08,17.0208333333333,17.1666666666667,17.125
"TER-EXO-T04",2024-11-09,17.7916666666667,18.0833333333333,17.9375
"TER-EXO-T04",2024-11-10,17.3125,17.7708333333333,17.7083333333333
"TER-EXO-T04",2024-11-11,18.125,18.5,18.3958333333333
"TER-EXO-T04",2024-11-12,17.8333333333333,18.0833333333333,18.0625
"TER-EXO-T04",2024-11-13,16.2083333333333,16.7916666666667,16.7083333333333
"TER-EXO-T04",2024-11-14,13.7916666666667,14.0208333333333,13.8333333333333
"TER-EXO-T04",2024-11-15,13.4583333333333,13.625,13.5
"TER-EXO-T04",2024-11-16,14.1041666666667,14.3958333333333,14.2291666666667
"TER-EXO-T04",2024-11-17,14.2916666666667,14.3958333333333,14.3958333333333
"TER-EXO-T04",2024-11-18,14.8333333333333,14.8541666666667,14.8333333333333
"TER-EXO-T04",2024-11-19,14.625,15.1458333333333,15.1458333333333
"TER-EXO-T04",2024-11-20,15.0416666666667,15.5,15.5416666666667
"TER-EXO-T04",2024-11-21,16.375,16.6458333333333,16.5
"TER-EXO-T04",2024-11-22,17.1875,17.1875,17.1458333333333
"TER-EXO-T04",2024-11-23,15.1666666666667,15.1666666666667,15.1041666666667
"TER-EXO-T04",2024-11-24,11.5,12.375,12.2916666666667
"TER-EXO-T04",2024-11-25,14.0833333333333,14.4791666666667,14.4166666666667
"TER-EXO-T04",2024-11-26,16.1875,16.3958333333333,16.2916666666667
"TER-EXO-T04",2024-11-27,14.6458333333333,15.0208333333333,14.9375
"TER-EXO-T04",2024-11-28,14.125,14.5833333333333,14.6666666666667
"TER-EXO-T04",2024-11-29,13.8958333333333,14.2291666666667,14.25
"TER-EXO-T04",2024-11-30,12.625,13.125,13.1041666666667
"TER-EXO-T04",2024-12-01,14,14.3333333333333,14.3333333333333
"TER-EXO-T04",2024-12-02,15.2916666666667,15.4791666666667,15.4791666666667
"TER-EXO-T04",2024-12-03,14.1041666666667,14.3958333333333,14.375
"TER-EXO-T04",2024-12-04,15.1458333333333,15.375,15.3125
"TER-EXO-T04",2024-12-05,15.1875,15.3333333333333,15.2708333333333
"TER-EXO-T04",2024-12-06,15.8541666666667,15.9583333333333,15.9166666666667
"TER-EXO-T04",2024-12-07,14.8958333333333,15.3958333333333,15.5
"TER-EXO-T04",2024-12-08,14.8541666666667,15.0625,15.1875
"TER-EXO-T04",2024-12-09,13.9166666666667,14.1875,14.2708333333333
"TER-EXO-T04",2024-12-10,13.9166666666667,14.1666666666667,14.1458333333333
"TER-EXO-T04",2024-12-11,14,14.1041666666667,13.9791666666667
"TER-EXO-T04",2024-12-12,12.0625,12.1875,12.125
"TER-EXO-T04",2024-12-13,10.875,11.1041666666667,10.7708333333333
"TER-EXO-T04",2024-12-14,11.2291666666667,11.5833333333333,11.3958333333333
"TER-EXO-T04",2024-12-15,12.75,12.9583333333333,12.8333333333333
"TER-EXO-T04",2024-12-16,13.5625,13.8541666666667,13.875
"TER-EXO-T04",2024-12-17,12.9583333333333,13.6875,13.6875
"TER-EXO-T04",2024-12-18,11.8125,11.9375,11.875
"TER-EXO-T04",2024-12-19,10.2708333333333,10.5,10.3541666666667
"TER-EXO-T04",2024-12-20,10.4583333333333,10.9583333333333,11
"TER-EXO-T04",2024-12-21,11.7916666666667,12.2083333333333,12.2083333333333
"TER-EXO-T04",2024-12-22,11.7708333333333,12.1458333333333,12.1875
"TER-EXO-T04",2024-12-23,11.5833333333333,12.0416666666667,12.2083333333333
"TER-EXO-T04",2024-12-24,11.6041666666667,11.9166666666667,11.9791666666667
"TER-EXO-T04",2024-12-25,12,12.3958333333333,12.3541666666667
"TER-EXO-T04",2024-12-26,12.5416666666667,12.9166666666667,13.1041666666667
"TER-EXO-T04",2024-12-27,14.1041666666667,14.4791666666667,14.5208333333333
"TER-EXO-T04",2024-12-28,13.4791666666667,14.0416666666667,14.25
"TER-EXO-T04",2024-12-29,13.1041666666667,13.5,13.6041666666667
"TER-EXO-T04",2024-12-30,14.1458333333333,14.3541666666667,14.3333333333333
"TER-EXO-T04",2024-12-31,15.25,15.4166666666667,15.3125
"TER-EXO-T04",2025-01-01,15.8541666666667,15.8541666666667,15.8125
"TER-EXO-T04",2025-01-02,15.8958333333333,16.0625,15.9583333333333
"TER-EXO-T04",2025-01-03,15.5833333333333,15.5833333333333,15.4166666666667
"TER-EXO-T04",2025-01-04,13.9375,13.9166666666667,13.9375
"TER-EXO-T04",2025-01-05,13.3541666666667,13.7916666666667,13.7291666666667
"TER-EXO-T04",2025-01-06,15.5208333333333,15.6041666666667,15.4791666666667
"TER-EXO-T04",2025-01-07,13.4375,13.8333333333333,13.7708333333333
"TER-EXO-T04",2025-01-08,13.9583333333333,14.2708333333333,14.2708333333333
"TER-EXO-T04",2025-01-09,16.1458333333333,16.1875,16.125
"TER-EXO-T04",2025-01-10,16.125,16.1458333333333,16.1666666666667
"TER-EXO-T04",2025-01-11,15.875,15.8958333333333,15.875
"TER-EXO-T04",2025-01-12,14.7083333333333,14.8541666666667,14.7916666666667
"TER-EXO-T04",2025-01-13,15.5833333333333,15.7291666666667,15.6458333333333
"TER-EXO-T04",2025-01-14,15.5416666666667,15.6458333333333,15.5416666666667
"TER-EXO-T04",2025-01-15,15.4583333333333,15.5208333333333,15.4166666666667
"TER-EXO-T04",2025-01-16,15.8958333333333,15.9583333333333,15.8333333333333
"TER-EXO-T04",2025-01-17,15.0208333333333,14.8541666666667,14.8125
"TER-EXO-T04",2025-01-18,12.0416666666667,11.7916666666667,11.9791666666667
"TER-EXO-T04",2025-01-19,12.0416666666667,12.2708333333333,12.3958333333333
"TER-EXO-T04",2025-01-20,11.3541666666667,11.3958333333333,11.3125
"TER-EXO-T04",2025-01-21,10.5,10.5833333333333,10.7291666666667
"TER-EXO-T04",2025-01-22,9.58333333333333,10.125,10.1458333333333
"TER-EXO-T04",2025-01-23,12.8125,13.2083333333333,13.1666666666667
"TER-EXO-T04",2025-01-24,11.5416666666667,11.4166666666667,11.5
"TER-EXO-T04",2025-01-25,12.2708333333333,12.7708333333333,12.8541666666667
"TER-EXO-T04",2025-01-26,12.375,12.8958333333333,12.8958333333333
"TER-EXO-T04",2025-01-27,10.6041666666667,11.3125,11.4375
"TER-EXO-T04",2025-01-28,12.6458333333333,13.125,13.0416666666667
"TER-EXO-T04",2025-01-29,12.2916666666667,12.5,12.4583333333333
"TER-EXO-T04",2025-01-30,13.2291666666667,13.7916666666667,13.9166666666667
"TER-EXO-T04",2025-01-31,14.0833333333333,14.2291666666667,14.1875
"TER-EXO-T04",2025-02-01,12.8541666666667,12.3958333333333,12.5625
"TER-EXO-T04",2025-02-02,12.2291666666667,12.7291666666667,12.7916666666667
"TER-EXO-T04",2025-02-03,14.0625,13.75,13.7291666666667
"TER-EXO-T04",2025-02-04,10.7916666666667,10.6041666666667,NA
"TER-EXO-T04",2025-02-05,14.875,15.0625,NA
"TER-EXO-T04",2025-02-06,14.5,14.5208333333333,NA
"TER-EXO-T04",2025-02-07,14,13.7708333333333,NA
"TER-EXO-T04",2025-02-08,11.625,11.3958333333333,NA
"TER-EXO-T04",2025-02-09,11.8958333333333,11.8333333333333,NA
"TER-EXO-T04",2025-02-10,12.0625,11.8333333333333,NA
"TER-EXO-T04",2025-02-11,13.3125,13.4375,NA
"TER-EXO-T04",2025-02-12,NA,NA,NA
"TER-EXO-T04",2025-02-13,NA,NA,NA
"TER-EXO-T04",2025-02-14,NA,NA,NA
"TER-EXO-T04",2025-02-15,NA,NA,NA
"TER-EXO-T04",2025-02-16,NA,NA,NA
"TER-EXO-T04",2025-02-17,NA,NA,NA
"TER-EXO-T04",2025-02-18,NA,NA,NA
"TER-EXO-T04",2025-02-19,NA,NA,NA
"TER-EXO-T04",2025-02-20,NA,NA,NA
"TER-EXO-T04",2025-02-21,NA,NA,NA
"TER-EXO-T04",2025-02-22,NA,NA,NA
"TER-EXO-T04",2025-02-23,NA,NA,NA
"TER-EXO-T04",2025-02-24,NA,NA,NA
"TER-EXO-T04",2025-02-25,NA,NA,NA
"TER-EXO-T04",2025-02-26,NA,NA,NA
"TER-EXO-T04",2025-02-27,NA,NA,NA
"TER-EXO-T04",2025-02-28,NA,NA,NA
"TER-EXO-T04",2025-03-01,NA,NA,NA
"TER-EXO-T04",2025-03-02,NA,NA,NA
"TER-EXO-T04",2025-03-03,NA,NA,NA
"TER-EXO-T04",2025-03-04,NA,NA,NA
"TER-EXO-T04",2025-03-05,NA,NA,NA
"TER-EXO-T04",2025-03-06,NA,NA,NA
"TER-EXO-T04",2025-03-07,NA,NA,NA
"TER-EXO-T04",2025-03-08,NA,NA,NA
"TER-EXO-T04",2025-03-09,NA,NA,NA
"TER-EXO-T04",2025-03-10,NA,NA,NA
"TER-EXO-T04",2025-03-11,NA,NA,NA
"TER-EXO-T04",2025-03-12,NA,NA,NA
"TER-EXO-T04",2025-03-13,NA,NA,NA
"TER-EXO-T04",2025-03-14,NA,NA,NA
"TER-EXO-T04",2025-03-15,NA,NA,NA
"TER-EXO-T04",2025-03-16,NA,NA,NA
"TER-EXO-T04",2025-03-17,NA,NA,NA
"TER-EXO-T04",2025-03-18,NA,NA,NA
"TER-EXO-T04",2025-03-19,NA,NA,NA
"TER-EXO-T04",2025-03-20,NA,NA,NA
"TER-EXO-T04",2025-03-21,NA,NA,NA
"TER-EXO-T04",2025-03-22,NA,NA,NA
"TER-EXO-T04",2025-03-23,NA,NA,NA
"TER-EXO-T04",2025-03-24,NA,NA,NA
"TER-EXO-T04",2025-03-25,NA,NA,NA
"TER-EXO-T04",2025-03-26,NA,NA,NA
"TER-EXO-T04",2025-03-27,NA,NA,NA
"TER-EXO-T04",2025-03-28,NA,NA,NA
"TER-EXO-T04",2025-03-29,NA,NA,NA
"TER-EXO-T04",2025-03-30,NA,NA,NA
"TER-EXO-T04",2025-03-31,NA,NA,NA
"TER-EXO-T04",2025-04-01,NA,NA,NA
"TER-EXO-T04",2025-04-02,NA,NA,NA
"TER-EXO-T04",2025-04-03,NA,NA,NA
"TER-EXO-T04",2025-04-04,NA,NA,NA
"TER-EXO-T04",2025-04-05,NA,NA,NA
"TER-EXO-T04",2025-04-06,NA,NA,NA
"TER-EXO-T04",2025-04-07,NA,NA,NA
"TER-EXO-T04",2025-04-08,NA,NA,NA
"TER-EXO-T04",2025-04-09,NA,NA,NA
"TER-EXO-T04",2025-04-10,NA,NA,NA
"TER-EXO-T04",2025-04-11,NA,NA,NA
"TER-EXO-T04",2025-04-12,NA,NA,NA
"TER-EXO-T04",2025-04-13,NA,NA,NA
"TER-EXO-T04",2025-04-14,NA,NA,NA
"TER-EXO-T04",2025-04-15,NA,NA,NA
"TER-EXO-T04",2025-04-16,NA,NA,NA
"TER-EXO-T04",2025-04-17,NA,NA,NA
"TER-EXO-T04",2025-04-18,NA,NA,NA
"TER-EXO-T04",2025-04-19,NA,NA,NA
"TER-EXO-T04",2025-04-20,NA,NA,NA
"TER-EXO-T04",2025-04-21,NA,NA,NA
"TER-EXO-T04",2025-04-22,NA,NA,NA
"TER-EXO-T04",2025-04-23,NA,NA,NA
"TER-EXO-T04",2025-04-24,NA,NA,NA
"TER-EXO-T04",2025-04-25,NA,NA,NA
"TER-EXO-T04",2025-04-26,NA,NA,NA
"TER-EXO-T04",2025-04-27,NA,NA,NA
"TER-EXO-T04",2025-04-28,NA,NA,NA
"TER-EXO-T04",2025-04-29,NA,NA,NA
"TER-EXO-T04",2025-04-30,NA,NA,NA
"TER-EXO-T04",2025-05-01,NA,NA,NA
"TER-EXO-T04",2025-05-02,NA,NA,NA
"TER-EXO-T04",2025-05-03,NA,NA,NA
"TER-EXO-T04",2025-05-04,NA,NA,NA
"TER-EXO-T04",2025-05-05,NA,NA,NA
"TER-EXO-T04",2025-05-06,NA,NA,NA
"TER-EXO-T04",2025-05-07,NA,NA,NA
"TER-EXO-T04",2025-05-08,NA,NA,NA
"TER-EXO-T04",2025-05-09,NA,NA,NA
"TER-EXO-T04",2025-05-10,NA,NA,NA
"TER-EXO-T04",2025-05-11,NA,NA,NA
"TER-EXO-T04",2025-05-12,NA,NA,NA
"TER-EXO-T04",2025-05-13,NA,NA,NA
"TER-EXO-T04",2025-05-14,NA,NA,NA
"TER-EXO-T04",2025-05-15,NA,NA,NA
"TER-EXO-T04",2025-05-16,NA,NA,NA
"TER-EXO-T04",2025-05-17,NA,NA,NA
"TER-EXO-T04",2025-05-18,NA,NA,NA
"TER-EXO-T04",2025-05-19,NA,NA,NA
"TER-EXO-T04",2025-05-20,NA,NA,NA
"TER-EXO-T04",2025-05-21,NA,NA,NA
"TER-EXO-T04",2025-05-22,NA,NA,NA
"TER-EXO-T04",2025-05-23,NA,NA,NA
"TER-EXO-T04",2025-05-24,NA,NA,NA
"TER-EXO-T04",2025-05-25,NA,NA,NA
"TER-EXO-T04",2025-05-26,NA,NA,NA
"TER-EXO-T04",2025-05-27,NA,NA,NA
"TER-EXO-T04",2025-05-28,NA,NA,NA
"TER-EXO-T04",2025-05-29,NA,NA,NA
"TER-EXO-T04",2025-05-30,NA,NA,NA
"TER-EXO-T04",2025-05-31,NA,NA,NA
"TER-EXO-T04",2025-06-01,NA,NA,NA
"TER-EXO-T04",2025-06-02,NA,NA,NA
"TER-EXO-T04",2025-06-03,NA,NA,NA
"TER-EXO-T04",2025-06-04,NA,NA,NA
"TER-EXO-T04",2025-06-05,NA,NA,NA
"TER-EXO-T04",2025-06-06,NA,NA,NA
"TER-EXO-T04",2025-06-07,NA,NA,NA
"TER-EXO-T04",2025-06-08,NA,NA,NA
"TER-EXO-T04",2025-06-09,NA,NA,NA
"TER-EXO-T04",2025-06-10,NA,NA,NA
"TER-EXO-T04",2025-06-11,NA,NA,NA
"TER-EXO-T04",2025-06-12,NA,NA,NA
"TER-EXO-T09",2023-08-09,NA,NA,NA
"TER-EXO-T09",2023-08-10,NA,NA,NA
"TER-EXO-T09",2023-08-11,NA,NA,NA
"TER-EXO-T09",2023-08-12,NA,NA,NA
"TER-EXO-T09",2023-08-13,NA,NA,NA
"TER-EXO-T09",2023-08-14,NA,NA,NA
"TER-EXO-T09",2023-08-15,NA,NA,NA
"TER-EXO-T09",2023-08-16,NA,NA,NA
"TER-EXO-T09",2023-08-17,NA,NA,NA
"TER-EXO-T09",2023-08-18,NA,NA,NA
"TER-EXO-T09",2023-08-19,NA,NA,NA
"TER-EXO-T09",2023-08-20,NA,NA,NA
"TER-EXO-T09",2023-08-21,NA,NA,NA
"TER-EXO-T09",2023-08-22,NA,NA,NA
"TER-EXO-T09",2023-08-23,NA,NA,NA
"TER-EXO-T09",2023-08-24,NA,NA,NA
"TER-EXO-T09",2023-08-25,NA,NA,NA
"TER-EXO-T09",2023-08-26,NA,NA,NA
"TER-EXO-T09",2023-08-27,NA,NA,NA
"TER-EXO-T09",2023-08-28,NA,NA,NA
"TER-EXO-T09",2023-08-29,NA,NA,NA
"TER-EXO-T09",2023-08-30,NA,NA,NA
"TER-EXO-T09",2023-08-31,NA,NA,NA
"TER-EXO-T09",2023-09-01,NA,NA,NA
"TER-EXO-T09",2023-09-02,NA,NA,NA
"TER-EXO-T09",2023-09-03,NA,NA,NA
"TER-EXO-T09",2023-09-04,NA,NA,NA
"TER-EXO-T09",2023-09-05,NA,NA,NA
"TER-EXO-T09",2023-09-06,NA,NA,NA
"TER-EXO-T09",2023-09-07,NA,NA,NA
"TER-EXO-T09",2023-09-08,NA,NA,NA
"TER-EXO-T09",2023-09-09,NA,NA,NA
"TER-EXO-T09",2023-09-10,NA,NA,NA
"TER-EXO-T09",2023-09-11,NA,NA,NA
"TER-EXO-T09",2023-09-12,NA,NA,NA
"TER-EXO-T09",2023-09-13,NA,NA,NA
"TER-EXO-T09",2023-09-14,NA,NA,NA
"TER-EXO-T09",2023-09-15,NA,NA,NA
"TER-EXO-T09",2023-09-16,NA,NA,NA
"TER-EXO-T09",2023-09-17,NA,NA,NA
"TER-EXO-T09",2023-09-18,NA,NA,NA
"TER-EXO-T09",2023-09-19,NA,NA,NA
"TER-EXO-T09",2023-09-20,NA,NA,NA
"TER-EXO-T09",2023-09-21,NA,NA,NA
"TER-EXO-T09",2023-09-22,NA,NA,NA
"TER-EXO-T09",2023-09-23,NA,NA,NA
"TER-EXO-T09",2023-09-24,NA,NA,NA
"TER-EXO-T09",2023-09-25,NA,NA,NA
"TER-EXO-T09",2023-09-26,NA,NA,NA
"TER-EXO-T09",2023-09-27,NA,NA,NA
"TER-EXO-T09",2023-09-28,NA,NA,NA
"TER-EXO-T09",2023-09-29,NA,NA,NA
"TER-EXO-T09",2023-09-30,NA,NA,NA
"TER-EXO-T09",2023-10-01,NA,NA,NA
"TER-EXO-T09",2023-10-02,NA,NA,NA
"TER-EXO-T09",2023-10-03,NA,NA,NA
"TER-EXO-T09",2023-10-04,NA,NA,NA
"TER-EXO-T09",2023-10-05,NA,NA,NA
"TER-EXO-T09",2023-10-06,NA,NA,NA
"TER-EXO-T09",2023-10-07,NA,NA,NA
"TER-EXO-T09",2023-10-08,NA,NA,NA
"TER-EXO-T09",2023-10-09,NA,NA,NA
"TER-EXO-T09",2023-10-10,NA,NA,NA
"TER-EXO-T09",2023-10-11,NA,NA,NA
"TER-EXO-T09",2023-10-12,NA,NA,NA
"TER-EXO-T09",2023-10-13,NA,NA,NA
"TER-EXO-T09",2023-10-14,NA,NA,NA
"TER-EXO-T09",2023-10-15,NA,NA,NA
"TER-EXO-T09",2023-10-16,NA,NA,NA
"TER-EXO-T09",2023-10-17,NA,NA,NA
"TER-EXO-T09",2023-10-18,NA,NA,NA
"TER-EXO-T09",2023-10-19,NA,NA,NA
"TER-EXO-T09",2023-10-20,NA,NA,NA
"TER-EXO-T09",2023-10-21,NA,NA,NA
"TER-EXO-T09",2023-10-22,NA,NA,NA
"TER-EXO-T09",2023-10-23,NA,NA,NA
"TER-EXO-T09",2023-10-24,NA,NA,NA
"TER-EXO-T09",2023-10-25,NA,NA,NA
"TER-EXO-T09",2023-10-26,NA,NA,NA
"TER-EXO-T09",2023-10-27,NA,NA,NA
"TER-EXO-T09",2023-10-28,NA,NA,NA
"TER-EXO-T09",2023-10-29,NA,NA,NA
"TER-EXO-T09",2023-10-30,NA,NA,NA
"TER-EXO-T09",2023-10-31,NA,NA,NA
"TER-EXO-T09",2023-11-01,NA,NA,NA
"TER-EXO-T09",2023-11-02,NA,NA,NA
"TER-EXO-T09",2023-11-03,NA,NA,NA
"TER-EXO-T09",2023-11-04,NA,NA,NA
"TER-EXO-T09",2023-11-05,NA,NA,NA
"TER-EXO-T09",2023-11-06,NA,NA,NA
"TER-EXO-T09",2023-11-07,NA,NA,NA
"TER-EXO-T09",2023-11-08,NA,NA,NA
"TER-EXO-T09",2023-11-09,NA,NA,NA
"TER-EXO-T09",2023-11-10,NA,NA,NA
"TER-EXO-T09",2023-11-11,NA,NA,NA
"TER-EXO-T09",2023-11-12,NA,NA,NA
"TER-EXO-T09",2023-11-13,NA,NA,NA
"TER-EXO-T09",2023-11-14,NA,NA,NA
"TER-EXO-T09",2023-11-15,NA,NA,NA
"TER-EXO-T09",2023-11-16,NA,NA,NA
"TER-EXO-T09",2023-11-17,NA,NA,NA
"TER-EXO-T09",2023-11-18,NA,NA,NA
"TER-EXO-T09",2023-11-19,NA,NA,NA
"TER-EXO-T09",2023-11-20,NA,NA,NA
"TER-EXO-T09",2023-11-21,NA,NA,NA
"TER-EXO-T09",2023-11-22,NA,NA,NA
"TER-EXO-T09",2023-11-23,NA,NA,NA
"TER-EXO-T09",2023-11-24,NA,NA,NA
"TER-EXO-T09",2023-11-25,NA,NA,NA
"TER-EXO-T09",2023-11-26,NA,NA,NA
"TER-EXO-T09",2023-11-27,NA,NA,NA
"TER-EXO-T09",2023-11-28,NA,NA,NA
"TER-EXO-T09",2023-11-29,NA,NA,NA
"TER-EXO-T09",2023-11-30,NA,NA,NA
"TER-EXO-T09",2023-12-01,NA,NA,NA
"TER-EXO-T09",2023-12-02,NA,NA,NA
"TER-EXO-T09",2023-12-03,NA,NA,NA
"TER-EXO-T09",2023-12-04,NA,NA,NA
"TER-EXO-T09",2023-12-05,NA,NA,NA
"TER-EXO-T09",2023-12-06,NA,NA,NA
"TER-EXO-T09",2023-12-07,NA,NA,NA
"TER-EXO-T09",2023-12-08,NA,NA,NA
"TER-EXO-T09",2023-12-09,NA,NA,NA
"TER-EXO-T09",2023-12-10,NA,NA,NA
"TER-EXO-T09",2023-12-11,NA,NA,NA
"TER-EXO-T09",2023-12-12,NA,NA,NA
"TER-EXO-T09",2023-12-13,NA,NA,NA
"TER-EXO-T09",2023-12-14,NA,NA,NA
"TER-EXO-T09",2023-12-15,NA,NA,NA
"TER-EXO-T09",2023-12-16,NA,NA,NA
"TER-EXO-T09",2023-12-17,NA,NA,NA
"TER-EXO-T09",2023-12-18,NA,NA,NA
"TER-EXO-T09",2023-12-19,NA,NA,NA
"TER-EXO-T09",2023-12-20,NA,NA,NA
"TER-EXO-T09",2023-12-21,NA,NA,NA
"TER-EXO-T09",2023-12-22,NA,NA,NA
"TER-EXO-T09",2023-12-23,NA,NA,NA
"TER-EXO-T09",2023-12-24,NA,NA,NA
"TER-EXO-T09",2023-12-25,NA,NA,NA
"TER-EXO-T09",2023-12-26,NA,NA,NA
"TER-EXO-T09",2023-12-27,NA,NA,NA
"TER-EXO-T09",2023-12-28,NA,NA,NA
"TER-EXO-T09",2023-12-29,NA,NA,NA
"TER-EXO-T09",2023-12-30,NA,NA,NA
"TER-EXO-T09",2023-12-31,NA,NA,NA
"TER-EXO-T09",2024-01-01,NA,NA,NA
"TER-EXO-T09",2024-01-02,NA,NA,NA
"TER-EXO-T09",2024-01-03,NA,NA,NA
"TER-EXO-T09",2024-01-04,NA,NA,NA
"TER-EXO-T09",2024-01-05,NA,NA,NA
"TER-EXO-T09",2024-01-06,NA,NA,NA
"TER-EXO-T09",2024-01-07,NA,NA,NA
"TER-EXO-T09",2024-01-08,NA,NA,NA
"TER-EXO-T09",2024-01-09,NA,NA,NA
"TER-EXO-T09",2024-01-10,NA,NA,NA
"TER-EXO-T09",2024-01-11,NA,NA,NA
"TER-EXO-T09",2024-01-12,NA,NA,NA
"TER-EXO-T09",2024-01-13,NA,NA,NA
"TER-EXO-T09",2024-01-14,NA,NA,NA
"TER-EXO-T09",2024-01-15,NA,NA,NA
"TER-EXO-T09",2024-01-16,NA,NA,NA
"TER-EXO-T09",2024-01-17,NA,NA,NA
"TER-EXO-T09",2024-01-18,NA,NA,NA
"TER-EXO-T09",2024-01-19,NA,NA,NA
"TER-EXO-T09",2024-01-20,NA,NA,NA
"TER-EXO-T09",2024-01-21,NA,NA,NA
"TER-EXO-T09",2024-01-22,NA,NA,NA
"TER-EXO-T09",2024-01-23,NA,NA,NA
"TER-EXO-T09",2024-01-24,NA,NA,NA
"TER-EXO-T09",2024-01-25,NA,NA,NA
"TER-EXO-T09",2024-01-26,NA,NA,NA
"TER-EXO-T09",2024-01-27,NA,NA,NA
"TER-EXO-T09",2024-01-28,NA,NA,NA
"TER-EXO-T09",2024-01-29,NA,NA,NA
"TER-EXO-T09",2024-01-30,NA,NA,NA
"TER-EXO-T09",2024-01-31,NA,NA,NA
"TER-EXO-T09",2024-02-01,NA,NA,NA
"TER-EXO-T09",2024-02-02,NA,NA,NA
"TER-EXO-T09",2024-02-03,NA,NA,NA
"TER-EXO-T09",2024-02-04,NA,NA,NA
"TER-EXO-T09",2024-02-05,NA,NA,NA
"TER-EXO-T09",2024-02-06,NA,NA,NA
"TER-EXO-T09",2024-02-07,NA,NA,NA
"TER-EXO-T09",2024-02-08,NA,NA,NA
"TER-EXO-T09",2024-02-09,NA,NA,NA
"TER-EXO-T09",2024-02-10,NA,NA,NA
"TER-EXO-T09",2024-02-11,NA,NA,NA
"TER-EXO-T09",2024-02-12,NA,NA,NA
"TER-EXO-T09",2024-02-13,NA,NA,NA
"TER-EXO-T09",2024-02-14,NA,NA,NA
"TER-EXO-T09",2024-02-15,NA,NA,NA
"TER-EXO-T09",2024-02-16,NA,NA,NA
"TER-EXO-T09",2024-02-17,NA,NA,NA
"TER-EXO-T09",2024-02-18,NA,NA,NA
"TER-EXO-T09",2024-02-19,NA,NA,NA
"TER-EXO-T09",2024-02-20,NA,NA,NA
"TER-EXO-T09",2024-02-21,NA,NA,NA
"TER-EXO-T09",2024-02-22,NA,NA,NA
"TER-EXO-T09",2024-02-23,NA,NA,NA
"TER-EXO-T09",2024-02-24,NA,NA,NA
"TER-EXO-T09",2024-02-25,NA,NA,NA
"TER-EXO-T09",2024-02-26,NA,NA,NA
"TER-EXO-T09",2024-02-27,NA,NA,NA
"TER-EXO-T09",2024-02-28,NA,NA,NA
"TER-EXO-T09",2024-02-29,NA,NA,NA
"TER-EXO-T09",2024-03-01,NA,NA,NA
"TER-EXO-T09",2024-03-02,NA,NA,NA
"TER-EXO-T09",2024-03-03,NA,NA,NA
"TER-EXO-T09",2024-03-04,NA,NA,NA
"TER-EXO-T09",2024-03-05,NA,NA,NA
"TER-EXO-T09",2024-03-06,NA,NA,NA
"TER-EXO-T09",2024-03-07,NA,NA,NA
"TER-EXO-T09",2024-03-08,NA,NA,NA
"TER-EXO-T09",2024-03-09,NA,NA,NA
"TER-EXO-T09",2024-03-10,NA,NA,NA
"TER-EXO-T09",2024-03-11,NA,NA,NA
"TER-EXO-T09",2024-03-12,NA,NA,NA
"TER-EXO-T09",2024-03-13,NA,NA,NA
"TER-EXO-T09",2024-03-14,NA,NA,NA
"TER-EXO-T09",2024-03-15,NA,NA,NA
"TER-EXO-T09",2024-03-16,NA,NA,NA
"TER-EXO-T09",2024-03-17,NA,NA,NA
"TER-EXO-T09",2024-03-18,NA,NA,NA
"TER-EXO-T09",2024-03-19,NA,NA,NA
"TER-EXO-T09",2024-03-20,NA,NA,NA
"TER-EXO-T09",2024-03-21,NA,NA,NA
"TER-EXO-T09",2024-03-22,12.2916666666667,NA,12.8541666666667
"TER-EXO-T09",2024-03-23,10.8541666666667,NA,10.5208333333333
"TER-EXO-T09",2024-03-24,10.5416666666667,NA,10.9166666666667
"TER-EXO-T09",2024-03-25,9.72916666666667,NA,10.375
"TER-EXO-T09",2024-03-26,10.9791666666667,NA,11.4166666666667
"TER-EXO-T09",2024-03-27,10.25,NA,10.3333333333333
"TER-EXO-T09",2024-03-28,6.75,NA,6.66666666666667
"TER-EXO-T09",2024-03-29,9.1875,NA,9.875
"TER-EXO-T09",2024-03-30,10.125,NA,9.8125
"TER-EXO-T09",2024-03-31,7.9375,NA,9.375
"TER-EXO-T09",2024-04-01,11.2291666666667,NA,13
"TER-EXO-T09",2024-04-02,11.875,NA,13.0833333333333
"TER-EXO-T09",2024-04-03,12.625,NA,13.125
"TER-EXO-T09",2024-04-04,10.2916666666667,NA,10.5208333333333
"TER-EXO-T09",2024-04-05,8.58333333333333,NA,8.625
"TER-EXO-T09",2024-04-06,9.5625,NA,10.7291666666667
"TER-EXO-T09",2024-04-07,12.5,NA,13.0625
"TER-EXO-T09",2024-04-08,11.9166666666667,NA,12.7083333333333
"TER-EXO-T09",2024-04-09,13.8333333333333,NA,14.6041666666667
"TER-EXO-T09",2024-04-10,14.75,NA,14.7708333333333
"TER-EXO-T09",2024-04-11,14.7916666666667,NA,14.6458333333333
"TER-EXO-T09",2024-04-12,12.9583333333333,NA,13.125
"TER-EXO-T09",2024-04-13,12.8958333333333,NA,12.5833333333333
"TER-EXO-T09",2024-04-14,12.0625,NA,11.6875
"TER-EXO-T09",2024-04-15,13.0833333333333,NA,13.5208333333333
"TER-EXO-T09",2024-04-16,13.8125,NA,14.1041666666667
"TER-EXO-T09",2024-04-17,13.8958333333333,NA,13.75
"TER-EXO-T09",2024-04-18,13.8958333333333,NA,13.75
"TER-EXO-T09",2024-04-19,13.6458333333333,NA,13.6458333333333
"TER-EXO-T09",2024-04-20,12.2708333333333,NA,13.4583333333333
"TER-EXO-T09",2024-04-21,13.3541666666667,NA,13.9583333333333
"TER-EXO-T09",2024-04-22,12.7708333333333,NA,12.75
"TER-EXO-T09",2024-04-23,13.1666666666667,NA,13.0416666666667
"TER-EXO-T09",2024-04-24,12.7083333333333,NA,12.5
"TER-EXO-T09",2024-04-25,12.3958333333333,NA,12.6875
"TER-EXO-T09",2024-04-26,11.4166666666667,NA,11.1458333333333
"TER-EXO-T09",2024-04-27,10.5625,NA,11.375
"TER-EXO-T09",2024-04-28,10.9791666666667,NA,11.7291666666667
"TER-EXO-T09",2024-04-29,10.7083333333333,NA,12.25
"TER-EXO-T09",2024-04-30,11.0833333333333,NA,12.875
"TER-EXO-T09",2024-05-01,12.1458333333333,NA,13.7291666666667
"TER-EXO-T09",2024-05-02,14.0208333333333,NA,14.625
"TER-EXO-T09",2024-05-03,13.8958333333333,NA,14.5833333333333
"TER-EXO-T09",2024-05-04,14.6458333333333,NA,15.375
"TER-EXO-T09",2024-05-05,13.75,NA,14.8333333333333
"TER-EXO-T09",2024-05-06,15.2916666666667,NA,15.9375
"TER-EXO-T09",2024-05-07,15.125,NA,15.0833333333333
"TER-EXO-T09",2024-05-08,14.5208333333333,NA,14.1458333333333
"TER-EXO-T09",2024-05-09,13.875,NA,14.1666666666667
"TER-EXO-T09",2024-05-10,13.4583333333333,NA,15.1041666666667
"TER-EXO-T09",2024-05-11,14.125,NA,15.9375
"TER-EXO-T09",2024-05-12,14.1666666666667,NA,15.6041666666667
"TER-EXO-T09",2024-05-13,14.0625,NA,14
"TER-EXO-T09",2024-05-14,11.9375,NA,12.3125
"TER-EXO-T09",2024-05-15,12.25,NA,12.9375
"TER-EXO-T09",2024-05-16,12.8333333333333,NA,13.2708333333333
"TER-EXO-T09",2024-05-17,12.75,NA,12.5833333333333
"TER-EXO-T09",2024-05-18,11.5625,NA,12.1875
"TER-EXO-T09",2024-05-19,11.5625,NA,13.8958333333333
"TER-EXO-T09",2024-05-20,12.5208333333333,NA,15.6666666666667
"TER-EXO-T09",2024-05-21,13.0625,NA,15.7708333333333
"TER-EXO-T09",2024-05-22,14.1041666666667,NA,16.375
"TER-EXO-T09",2024-05-23,16.3125,NA,16.875
"TER-EXO-T09",2024-05-24,15.6041666666667,NA,15.1041666666667
"TER-EXO-T09",2024-05-25,13.8125,NA,14.625
"TER-EXO-T09",2024-05-26,12.9166666666667,NA,14.0625
"TER-EXO-T09",2024-05-27,NA,NA,16.625
"TER-EXO-T09",2024-05-28,NA,16.8958333333333,16.9791666666667
"TER-EXO-T09",2024-05-29,NA,17.1875,17.1875
"TER-EXO-T09",2024-05-30,NA,15.875,16.1041666666667
"TER-EXO-T09",2024-05-31,NA,14.8958333333333,14.7083333333333
"TER-EXO-T09",2024-06-01,NA,15.4791666666667,15.6875
"TER-EXO-T09",2024-06-02,NA,15.6041666666667,15.6875
"TER-EXO-T09",2024-06-03,NA,14.7083333333333,14.7291666666667
"TER-EXO-T09",2024-06-04,NA,14.4791666666667,14.5833333333333
"TER-EXO-T09",2024-06-05,NA,13.7916666666667,13.7083333333333
"TER-EXO-T09",2024-06-06,NA,14.1666666666667,14.2916666666667
"TER-EXO-T09",2024-06-07,NA,14.9166666666667,15.0833333333333
"TER-EXO-T09",2024-06-08,NA,15.125,15.2708333333333
"TER-EXO-T09",2024-06-09,NA,15.8125,16
"TER-EXO-T09",2024-06-10,NA,15.2083333333333,15.375
"TER-EXO-T09",2024-06-11,NA,15,15.1666666666667
"TER-EXO-T09",2024-06-12,NA,16.5833333333333,16.8541666666667
"TER-EXO-T09",2024-06-13,NA,18.0416666666667,18.0416666666667
"TER-EXO-T09",2024-06-14,NA,16.0416666666667,16.125
"TER-EXO-T09",2024-06-15,NA,17.0208333333333,17.25
"TER-EXO-T09",2024-06-16,NA,17.8541666666667,17.9583333333333
"TER-EXO-T09",2024-06-17,NA,16.0416666666667,16.0833333333333
"TER-EXO-T09",2024-06-18,NA,15.0625,15.0833333333333
"TER-EXO-T09",2024-06-19,NA,14.5,14.6041666666667
"TER-EXO-T09",2024-06-20,NA,15.5833333333333,15.7291666666667
"TER-EXO-T09",2024-06-21,NA,16.75,16.875
"TER-EXO-T09",2024-06-22,NA,17.25,17.3958333333333
"TER-EXO-T09",2024-06-23,NA,17.875,18.0416666666667
"TER-EXO-T09",2024-06-24,NA,16.6458333333333,16.625
"TER-EXO-T09",2024-06-25,NA,15.8125,16.125
"TER-EXO-T09",2024-06-26,NA,16.125,16.4583333333333
"TER-EXO-T09",2024-06-27,NA,18.1458333333333,18.1875
"TER-EXO-T09",2024-06-28,NA,17.6875,17.8125
"TER-EXO-T09",2024-06-29,NA,18,18
"TER-EXO-T09",2024-06-30,NA,17.25,17.25
"TER-EXO-T09",2024-07-01,NA,17.6875,17.8958333333333
"TER-EXO-T09",2024-07-02,NA,18.9166666666667,19.1458333333333
"TER-EXO-T09",2024-07-03,NA,18.1875,18.3333333333333
"TER-EXO-T09",2024-07-04,NA,17.1458333333333,17.2291666666667
"TER-EXO-T09",2024-07-05,NA,17.2708333333333,17.375
"TER-EXO-T09",2024-07-06,NA,19.2916666666667,19.4166666666667
"TER-EXO-T09",2024-07-07,NA,20.3541666666667,20.5625
"TER-EXO-T09",2024-07-08,NA,20.2708333333333,20.25
"TER-EXO-T09",2024-07-09,NA,21.2291666666667,21.2916666666667
"TER-EXO-T09",2024-07-10,NA,19.3333333333333,19.3958333333333
"TER-EXO-T09",2024-07-11,NA,18.3958333333333,18.5208333333333
"TER-EXO-T09",2024-07-12,NA,19.3541666666667,19.5208333333333
"TER-EXO-T09",2024-07-13,NA,18.2083333333333,18.3541666666667
"TER-EXO-T09",2024-07-14,NA,17.8958333333333,18.1041666666667
"TER-EXO-T09",2024-07-15,NA,19.625,19.6458333333333
"TER-EXO-T09",2024-07-16,NA,20.6666666666667,20.8958333333333
"TER-EXO-T09",2024-07-17,NA,18.6458333333333,18.625
"TER-EXO-T09",2024-07-18,NA,17.6875,17.7916666666667
"TER-EXO-T09",2024-07-19,NA,18.5833333333333,18.75
"TER-EXO-T09",2024-07-20,NA,NA,NA
"TER-EXO-T09",2024-07-21,NA,20.5833333333333,20.7291666666667
"TER-EXO-T09",2024-07-22,NA,19.5833333333333,19.7708333333333
"TER-EXO-T09",2024-07-23,NA,19.6458333333333,19.7916666666667
"TER-EXO-T09",2024-07-24,NA,19.0208333333333,19.1875
"TER-EXO-T09",2024-07-25,NA,20.5625,20.7916666666667
"TER-EXO-T09",2024-07-26,NA,21.9166666666667,22.0625
"TER-EXO-T09",2024-07-27,NA,20.4166666666667,20.4791666666667
"TER-EXO-T09",2024-07-28,NA,21.4791666666667,21.625
"TER-EXO-T09",2024-07-29,NA,21.6666666666667,21.8333333333333
"TER-EXO-T09",2024-07-30,NA,20.125,20.2291666666667
"TER-EXO-T09",2024-07-31,NA,19.3958333333333,19.4166666666667
"TER-EXO-T09",2024-08-01,NA,20.125,20.2708333333333
"TER-EXO-T09",2024-08-02,NA,19.5833333333333,19.7291666666667
"TER-EXO-T09",2024-08-03,NA,19.4583333333333,19.625
"TER-EXO-T09",2024-08-04,NA,21.6041666666667,21.8333333333333
"TER-EXO-T09",2024-08-05,NA,22.2291666666667,22.4791666666667
"TER-EXO-T09",2024-08-06,NA,20.75,20.6875
"TER-EXO-T09",2024-08-07,NA,19.3333333333333,19.3958333333333
"TER-EXO-T09",2024-08-08,NA,19.7083333333333,19.9166666666667
"TER-EXO-T09",2024-08-09,NA,19.6041666666667,19.7708333333333
"TER-EXO-T09",2024-08-10,NA,20.6666666666667,20.8333333333333
"TER-EXO-T09",2024-08-11,NA,18.8333333333333,18.9791666666667
"TER-EXO-T09",2024-08-12,NA,18.4583333333333,18.625
"TER-EXO-T09",2024-08-13,NA,21.6458333333333,21.7916666666667
"TER-EXO-T09",2024-08-14,NA,21.5208333333333,21.75
"TER-EXO-T09",2024-08-15,NA,20.8541666666667,21.0416666666667
"TER-EXO-T09",2024-08-16,NA,20.8541666666667,20.8958333333333
"TER-EXO-T09",2024-08-17,NA,20.6666666666667,20.75
"TER-EXO-T09",2024-08-18,NA,20.2916666666667,20.4166666666667
"TER-EXO-T09",2024-08-19,NA,21.375,21.6041666666667
"TER-EXO-T09",2024-08-20,NA,20.3125,20.375
"TER-EXO-T09",2024-08-21,NA,19.8333333333333,19.9166666666667
"TER-EXO-T09",2024-08-22,NA,20.6458333333333,21.0416666666667
"TER-EXO-T09",2024-08-23,NA,22.1875,22.3125
"TER-EXO-T09",2024-08-24,NA,19.25,19.3125
"TER-EXO-T09",2024-08-25,NA,19.4791666666667,19.7708333333333
"TER-EXO-T09",2024-08-26,NA,21.8958333333333,22.1458333333333
"TER-EXO-T09",2024-08-27,NA,19.9791666666667,20.0208333333333
"TER-EXO-T09",2024-08-28,NA,18.8541666666667,18.9375
"TER-EXO-T09",2024-08-29,NA,18.6458333333333,18.8125
"TER-EXO-T09",2024-08-30,NA,20.9375,21.2708333333333
"TER-EXO-T09",2024-08-31,NA,21.6041666666667,21.8541666666667
"TER-EXO-T09",2024-09-01,NA,18.5833333333333,18.5833333333333
"TER-EXO-T09",2024-09-02,NA,17.75,17.4375
"TER-EXO-T09",2024-09-03,NA,17.9166666666667,NA
"TER-EXO-T09",2024-09-04,NA,17.8541666666667,17.6041666666667
"TER-EXO-T09",2024-09-05,NA,18.2291666666667,18.1041666666667
"TER-EXO-T09",2024-09-06,NA,18.0416666666667,18.1041666666667
"TER-EXO-T09",2024-09-07,NA,17.8333333333333,17.8958333333333
"TER-EXO-T09",2024-09-08,NA,18.1875,NA
"TER-EXO-T09",2024-09-09,NA,16.9375,16.8541666666667
"TER-EXO-T09",2024-09-10,NA,17.7916666666667,16.4166666666667
"TER-EXO-T09",2024-09-11,NA,18.1041666666667,18.1458333333333
"TER-EXO-T09",2024-09-12,NA,18.4791666666667,18.8125
"TER-EXO-T09",2024-09-13,NA,18.6041666666667,18.8958333333333
"TER-EXO-T09",2024-09-14,NA,18.2291666666667,18.4166666666667
"TER-EXO-T09",2024-09-15,NA,18.6875,19.0416666666667
"TER-EXO-T09",2024-09-16,NA,18.375,18.4375
"TER-EXO-T09",2024-09-17,NA,19.0416666666667,NA
"TER-EXO-T09",2024-09-18,NA,17.4791666666667,17.5833333333333
"TER-EXO-T09",2024-09-19,NA,17.3125,16.1041666666667
"TER-EXO-T09",2024-09-20,NA,17.3541666666667,NA
"TER-EXO-T09",2024-09-21,NA,16.75,16.9583333333333
"TER-EXO-T09",2024-09-22,NA,18.7291666666667,18.6458333333333
"TER-EXO-T09",2024-09-23,NA,20.2083333333333,20.5625
"TER-EXO-T09",2024-09-24,NA,21.4583333333333,21.7916666666667
"TER-EXO-T09",2024-09-25,NA,20.4166666666667,20.4166666666667
"TER-EXO-T09",2024-09-26,NA,17.4583333333333,17.625
"TER-EXO-T09",2024-09-27,NA,19.7708333333333,19.8333333333333
"TER-EXO-T09",2024-09-28,NA,20.1666666666667,NA
"TER-EXO-T09",2024-09-29,NA,20.5416666666667,20.6458333333333
"TER-EXO-T09",2024-09-30,NA,21.5416666666667,20.9583333333333
"TER-EXO-T09",2024-10-01,NA,21.8958333333333,22.0208333333333
"TER-EXO-T09",2024-10-02,NA,21.8125,NA
"TER-EXO-T09",2024-10-03,NA,21.9583333333333,NA
"TER-EXO-T09",2024-10-04,NA,20.6875,NA
"TER-EXO-T09",2024-10-05,NA,18.0416666666667,NA
"TER-EXO-T09",2024-10-06,NA,15.9166666666667,NA
"TER-EXO-T09",2024-10-07,NA,17.2916666666667,NA
"TER-EXO-T09",2024-10-08,NA,19.8541666666667,NA
"TER-EXO-T09",2024-10-09,NA,18.6875,NA
"TER-EXO-T09",2024-10-10,NA,17.625,NA
"TER-EXO-T09",2024-10-11,NA,15.0416666666667,NA
"TER-EXO-T09",2024-10-12,NA,16.0625,NA
"TER-EXO-T09",2024-10-13,NA,18.6458333333333,NA
"TER-EXO-T09",2024-10-14,NA,17.0416666666667,NA
"TER-EXO-T09",2024-10-15,NA,15.9583333333333,NA
"TER-EXO-T09",2024-10-16,NA,15.125,NA
"TER-EXO-T09",2024-10-17,NA,14.7916666666667,NA
"TER-EXO-T09",2024-10-18,NA,17.5208333333333,NA
"TER-EXO-T09",2024-10-19,NA,18.3541666666667,NA
"TER-EXO-T09",2024-10-20,NA,13.9375,NA
"TER-EXO-T09",2024-10-21,NA,12.125,NA
"TER-EXO-T09",2024-10-22,NA,14.625,NA
"TER-EXO-T09",2024-10-23,NA,17.5,NA
"TER-EXO-T09",2024-10-24,NA,13.6041666666667,NA
"TER-EXO-T09",2024-10-25,NA,13.0833333333333,NA
"TER-EXO-T09",2024-10-26,NA,13.6041666666667,NA
"TER-EXO-T09",2024-10-27,NA,13.9583333333333,NA
"TER-EXO-T09",2024-10-28,NA,13.9166666666667,NA
"TER-EXO-T09",2024-10-29,NA,14.6458333333333,NA
"TER-EXO-T09",2024-10-30,NA,15.6041666666667,NA
"TER-EXO-T09",2024-10-31,NA,16.625,NA
"TER-EXO-T09",2024-11-01,NA,18.0416666666667,NA
"TER-EXO-T09",2024-11-02,NA,16.125,NA
"TER-EXO-T09",2024-11-03,NA,15.8958333333333,NA
"TER-EXO-T09",2024-11-04,NA,15.625,NA
"TER-EXO-T09",2024-11-05,NA,16.125,NA
"TER-EXO-T09",2024-11-06,NA,12.4166666666667,NA
"TER-EXO-T09",2024-11-07,NA,12.375,NA
"TER-EXO-T09",2024-11-08,NA,16.6458333333333,NA
"TER-EXO-T09",2024-11-09,NA,17.7916666666667,NA
"TER-EXO-T09",2024-11-10,NA,16.8333333333333,NA
"TER-EXO-T09",2024-11-11,NA,17.5416666666667,NA
"TER-EXO-T09",2024-11-12,NA,17.6666666666667,NA
"TER-EXO-T09",2024-11-13,NA,15.7916666666667,NA
"TER-EXO-T09",2024-11-14,NA,13.5416666666667,NA
"TER-EXO-T09",2024-11-15,NA,13.125,NA
"TER-EXO-T09",2024-11-16,NA,14.0208333333333,NA
"TER-EXO-T09",2024-11-17,NA,14.1875,NA
"TER-EXO-T09",2024-11-18,NA,14.5625,NA
"TER-EXO-T09",2024-11-19,NA,14.125,NA
"TER-EXO-T09",2024-11-20,NA,14.3958333333333,NA
"TER-EXO-T09",2024-11-21,NA,15.4791666666667,NA
"TER-EXO-T09",2024-11-22,NA,16.7291666666667,NA
"TER-EXO-T09",2024-11-23,NA,15.0208333333333,NA
"TER-EXO-T09",2024-11-24,NA,11.625,NA
"TER-EXO-T09",2024-11-25,NA,13.625,NA
"TER-EXO-T09",2024-11-26,NA,15.6875,NA
"TER-EXO-T09",2024-11-27,NA,14.7083333333333,NA
"TER-EXO-T09",2024-11-28,NA,14.0625,NA
"TER-EXO-T09",2024-11-29,NA,13.625,NA
"TER-EXO-T09",2024-11-30,NA,12.0416666666667,NA
"TER-EXO-T09",2024-12-01,NA,13.625,NA
"TER-EXO-T09",2024-12-02,NA,15.1458333333333,NA
"TER-EXO-T09",2024-12-03,NA,13.2916666666667,NA
"TER-EXO-T09",2024-12-04,NA,14.5625,NA
"TER-EXO-T09",2024-12-05,NA,15.0625,NA
"TER-EXO-T09",2024-12-06,NA,15.625,NA
"TER-EXO-T09",2024-12-07,NA,14.375,NA
"TER-EXO-T09",2024-12-08,NA,14.9375,NA
"TER-EXO-T09",2024-12-09,NA,13.6041666666667,NA
"TER-EXO-T09",2024-12-10,NA,13.3333333333333,NA
"TER-EXO-T09",2024-12-11,NA,13.5208333333333,NA
"TER-EXO-T09",2024-12-12,NA,11.1666666666667,NA
"TER-EXO-T09",2024-12-13,NA,10.6458333333333,NA
"TER-EXO-T09",2024-12-14,NA,10.9166666666667,NA
"TER-EXO-T09",2024-12-15,NA,12.5208333333333,NA
"TER-EXO-T09",2024-12-16,NA,13.1666666666667,NA
"TER-EXO-T09",2024-12-17,NA,12.6666666666667,NA
"TER-EXO-T09",2024-12-18,NA,11.5208333333333,NA
"TER-EXO-T09",2024-12-19,NA,9.89583333333333,NA
"TER-EXO-T09",2024-12-20,NA,9.25,NA
"TER-EXO-T09",2024-12-21,NA,10.625,NA
"TER-EXO-T09",2024-12-22,NA,10.8958333333333,NA
"TER-EXO-T09",2024-12-23,NA,11.5,NA
"TER-EXO-T09",2024-12-24,NA,11.75,NA
"TER-EXO-T09",2024-12-25,NA,11.3541666666667,NA
"TER-EXO-T09",2024-12-26,NA,12.3541666666667,NA
"TER-EXO-T09",2024-12-27,NA,13.625,NA
"TER-EXO-T09",2024-12-28,NA,13.2291666666667,NA
"TER-EXO-T09",2024-12-29,NA,12.8333333333333,NA
"TER-EXO-T09",2024-12-30,NA,13.5,NA
"TER-EXO-T09",2024-12-31,NA,14.75,NA
"TER-EXO-T09",2025-01-01,NA,15.5416666666667,NA
"TER-EXO-T09",2025-01-02,NA,15.5625,NA
"TER-EXO-T09",2025-01-03,NA,15.2083333333333,NA
"TER-EXO-T09",2025-01-04,NA,13.375,NA
"TER-EXO-T09",2025-01-05,NA,13.1875,NA
"TER-EXO-T09",2025-01-06,NA,15.0833333333333,NA
"TER-EXO-T09",2025-01-07,NA,13.4583333333333,NA
"TER-EXO-T09",2025-01-08,NA,13.9375,NA
"TER-EXO-T09",2025-01-09,NA,15.9375,NA
"TER-EXO-T09",2025-01-10,NA,15.9166666666667,NA
"TER-EXO-T09",2025-01-11,NA,15.6458333333333,NA
"TER-EXO-T09",2025-01-12,NA,14.3125,NA
"TER-EXO-T09",2025-01-13,NA,15.1458333333333,NA
"TER-EXO-T09",2025-01-14,NA,15.2916666666667,NA
"TER-EXO-T09",2025-01-15,NA,15.0625,NA
"TER-EXO-T09",2025-01-16,NA,15.5208333333333,NA
"TER-EXO-T09",2025-01-17,NA,14.7708333333333,NA
"TER-EXO-T09",2025-01-18,NA,10.8125,NA
"TER-EXO-T09",2025-01-19,NA,11.4791666666667,NA
"TER-EXO-T09",2025-01-20,NA,10.9791666666667,NA
"TER-EXO-T09",2025-01-21,NA,10.5833333333333,NA
"TER-EXO-T09",2025-01-22,NA,9.66666666666667,NA
"TER-EXO-T09",2025-01-23,NA,12.7291666666667,NA
"TER-EXO-T09",2025-01-24,NA,11.1666666666667,NA
"TER-EXO-T09",2025-01-25,NA,12.1458333333333,NA
"TER-EXO-T09",2025-01-26,NA,12.5,NA
"TER-EXO-T09",2025-01-27,NA,10.7916666666667,NA
"TER-EXO-T09",2025-01-28,NA,12.5416666666667,NA
"TER-EXO-T09",2025-01-29,NA,12,NA
"TER-EXO-T09",2025-01-30,NA,12.9791666666667,NA
"TER-EXO-T09",2025-01-31,NA,13.875,NA
"TER-EXO-T09",2025-02-01,NA,11.875,NA
"TER-EXO-T09",2025-02-02,NA,11.5625,NA
"TER-EXO-T09",2025-02-03,NA,13.6458333333333,NA
"TER-EXO-T09",2025-02-04,NA,10.1458333333333,NA
"TER-EXO-T09",2025-02-05,NA,14.5208333333333,NA
"TER-EXO-T09",2025-02-06,NA,14.3333333333333,NA
"TER-EXO-T09",2025-02-07,NA,13.7083333333333,NA
"TER-EXO-T09",2025-02-08,NA,11.0208333333333,NA
"TER-EXO-T09",2025-02-09,NA,11.6458333333333,NA
"TER-EXO-T09",2025-02-10,NA,11.3333333333333,NA
"TER-EXO-T09",2025-02-11,NA,12.75,NA
"TER-EXO-T09",2025-02-12,NA,NA,NA
"TER-EXO-T09",2025-02-13,NA,NA,NA
"TER-EXO-T09",2025-02-14,NA,NA,NA
"TER-EXO-T09",2025-02-15,NA,NA,NA
"TER-EXO-T09",2025-02-16,NA,NA,NA
"TER-EXO-T09",2025-02-17,NA,NA,NA
"TER-EXO-T09",2025-02-18,NA,NA,NA
"TER-EXO-T09",2025-02-19,NA,NA,NA
"TER-EXO-T09",2025-02-20,NA,NA,NA
"TER-EXO-T09",2025-02-21,NA,NA,NA
"TER-EXO-T09",2025-02-22,NA,NA,NA
"TER-EXO-T09",2025-02-23,NA,NA,NA
"TER-EXO-T09",2025-02-24,NA,NA,NA
"TER-EXO-T09",2025-02-25,NA,NA,NA
"TER-EXO-T09",2025-02-26,NA,NA,NA
"TER-EXO-T09",2025-02-27,NA,NA,NA
"TER-EXO-T09",2025-02-28,NA,NA,NA
"TER-EXO-T09",2025-03-01,NA,NA,NA
"TER-EXO-T09",2025-03-02,NA,NA,NA
"TER-EXO-T09",2025-03-03,NA,NA,NA
"TER-EXO-T09",2025-03-04,NA,NA,NA
"TER-EXO-T09",2025-03-05,NA,NA,NA
"TER-EXO-T09",2025-03-06,NA,NA,NA
"TER-EXO-T09",2025-03-07,NA,NA,NA
"TER-EXO-T09",2025-03-08,NA,NA,NA
"TER-EXO-T09",2025-03-09,NA,NA,NA
"TER-EXO-T09",2025-03-10,NA,NA,NA
"TER-EXO-T09",2025-03-11,NA,NA,NA
"TER-EXO-T09",2025-03-12,NA,NA,NA
"TER-EXO-T09",2025-03-13,NA,NA,NA
"TER-EXO-T09",2025-03-14,NA,NA,NA
"TER-EXO-T09",2025-03-15,NA,NA,NA
"TER-EXO-T09",2025-03-16,NA,NA,NA
"TER-EXO-T09",2025-03-17,NA,NA,NA
"TER-EXO-T09",2025-03-18,NA,NA,NA
"TER-EXO-T09",2025-03-19,NA,NA,NA
"TER-EXO-T09",2025-03-20,NA,NA,NA
"TER-EXO-T09",2025-03-21,NA,NA,NA
"TER-EXO-T09",2025-03-22,NA,NA,NA
"TER-EXO-T09",2025-03-23,NA,NA,NA
"TER-EXO-T09",2025-03-24,NA,NA,NA
"TER-EXO-T09",2025-03-25,NA,NA,NA
"TER-EXO-T09",2025-03-26,NA,NA,NA
"TER-EXO-T09",2025-03-27,NA,NA,NA
"TER-EXO-T09",2025-03-28,NA,NA,NA
"TER-EXO-T09",2025-03-29,NA,NA,NA
"TER-EXO-T09",2025-03-30,NA,NA,NA
"TER-EXO-T09",2025-03-31,NA,NA,NA
"TER-EXO-T09",2025-04-01,NA,NA,NA
"TER-EXO-T09",2025-04-02,NA,NA,NA
"TER-EXO-T09",2025-04-03,NA,NA,NA
"TER-EXO-T09",2025-04-04,NA,NA,NA
"TER-EXO-T09",2025-04-05,NA,NA,NA
"TER-EXO-T09",2025-04-06,NA,NA,NA
"TER-EXO-T09",2025-04-07,NA,NA,NA
"TER-EXO-T09",2025-04-08,NA,NA,NA
"TER-EXO-T09",2025-04-09,NA,NA,NA
"TER-EXO-T09",2025-04-10,NA,NA,NA
"TER-EXO-T09",2025-04-11,NA,NA,NA
"TER-EXO-T09",2025-04-12,NA,NA,NA
"TER-EXO-T09",2025-04-13,NA,NA,NA
"TER-EXO-T09",2025-04-14,NA,NA,NA
"TER-EXO-T09",2025-04-15,NA,NA,NA
"TER-EXO-T09",2025-04-16,NA,NA,NA
"TER-EXO-T09",2025-04-17,NA,NA,NA
"TER-EXO-T09",2025-04-18,NA,NA,NA
"TER-EXO-T09",2025-04-19,NA,NA,NA
"TER-EXO-T09",2025-04-20,NA,NA,NA
"TER-EXO-T09",2025-04-21,NA,NA,NA
"TER-EXO-T09",2025-04-22,NA,NA,NA
"TER-EXO-T09",2025-04-23,NA,NA,NA
"TER-EXO-T09",2025-04-24,NA,NA,NA
"TER-EXO-T09",2025-04-25,NA,NA,NA
"TER-EXO-T09",2025-04-26,NA,NA,NA
"TER-EXO-T09",2025-04-27,NA,NA,NA
"TER-EXO-T09",2025-04-28,NA,NA,NA
"TER-EXO-T09",2025-04-29,NA,NA,NA
"TER-EXO-T09",2025-04-30,NA,NA,NA
"TER-EXO-T09",2025-05-01,NA,NA,NA
"TER-EXO-T09",2025-05-02,NA,NA,NA
"TER-EXO-T09",2025-05-03,NA,NA,NA
"TER-EXO-T09",2025-05-04,NA,NA,NA
"TER-EXO-T09",2025-05-05,NA,NA,NA
"TER-EXO-T09",2025-05-06,NA,NA,NA
"TER-EXO-T09",2025-05-07,NA,NA,NA
"TER-EXO-T09",2025-05-08,NA,NA,NA
"TER-EXO-T09",2025-05-09,NA,NA,NA
"TER-EXO-T09",2025-05-10,NA,NA,NA
"TER-EXO-T09",2025-05-11,NA,NA,NA
"TER-EXO-T09",2025-05-12,NA,NA,NA
"TER-EXO-T09",2025-05-13,NA,NA,NA
"TER-EXO-T09",2025-05-14,NA,NA,NA
"TER-EXO-T09",2025-05-15,NA,NA,NA
"TER-EXO-T09",2025-05-16,NA,NA,NA
"TER-EXO-T09",2025-05-17,NA,NA,NA
"TER-EXO-T09",2025-05-18,NA,NA,NA
"TER-EXO-T09",2025-05-19,NA,NA,NA
"TER-EXO-T09",2025-05-20,NA,NA,NA
"TER-EXO-T09",2025-05-21,NA,NA,NA
"TER-EXO-T09",2025-05-22,NA,NA,NA
"TER-EXO-T09",2025-05-23,NA,NA,NA
"TER-EXO-T09",2025-05-24,NA,NA,NA
"TER-EXO-T09",2025-05-25,NA,NA,NA
"TER-EXO-T09",2025-05-26,NA,NA,NA
"TER-EXO-T09",2025-05-27,NA,NA,NA
"TER-EXO-T09",2025-05-28,NA,NA,NA
"TER-EXO-T09",2025-05-29,NA,NA,NA
"TER-EXO-T09",2025-05-30,NA,NA,NA
"TER-EXO-T09",2025-05-31,NA,NA,NA
"TER-EXO-T09",2025-06-01,NA,NA,NA
"TER-EXO-T09",2025-06-02,NA,NA,NA
"TER-EXO-T09",2025-06-03,NA,NA,NA
"TER-EXO-T09",2025-06-04,NA,NA,NA
"TER-EXO-T09",2025-06-05,NA,NA,NA
"TER-EXO-T09",2025-06-06,NA,NA,NA
"TER-EXO-T09",2025-06-07,NA,NA,NA
"TER-EXO-T09",2025-06-08,NA,NA,NA
"TER-EXO-T09",2025-06-09,NA,NA,NA
"TER-EXO-T09",2025-06-10,NA,NA,NA
"TER-EXO-T09",2025-06-11,NA,NA,NA
"TER-EXO-T09",2025-06-12,NA,NA,NA
"TER-EXO-T10",2023-08-09,NA,NA,NA
"TER-EXO-T10",2023-08-10,NA,NA,NA
"TER-EXO-T10",2023-08-11,NA,NA,NA
"TER-EXO-T10",2023-08-12,NA,NA,NA
"TER-EXO-T10",2023-08-13,NA,NA,NA
"TER-EXO-T10",2023-08-14,NA,NA,NA
"TER-EXO-T10",2023-08-15,NA,NA,NA
"TER-EXO-T10",2023-08-16,NA,NA,NA
"TER-EXO-T10",2023-08-17,NA,NA,NA
"TER-EXO-T10",2023-08-18,NA,NA,NA
"TER-EXO-T10",2023-08-19,NA,NA,NA
"TER-EXO-T10",2023-08-20,NA,NA,NA
"TER-EXO-T10",2023-08-21,NA,NA,NA
"TER-EXO-T10",2023-08-22,NA,NA,NA
"TER-EXO-T10",2023-08-23,NA,NA,NA
"TER-EXO-T10",2023-08-24,NA,NA,NA
"TER-EXO-T10",2023-08-25,NA,NA,NA
"TER-EXO-T10",2023-08-26,NA,NA,NA
"TER-EXO-T10",2023-08-27,NA,NA,NA
"TER-EXO-T10",2023-08-28,NA,NA,NA
"TER-EXO-T10",2023-08-29,NA,NA,NA
"TER-EXO-T10",2023-08-30,NA,NA,NA
"TER-EXO-T10",2023-08-31,NA,NA,NA
"TER-EXO-T10",2023-09-01,NA,NA,NA
"TER-EXO-T10",2023-09-02,NA,NA,NA
"TER-EXO-T10",2023-09-03,NA,NA,NA
"TER-EXO-T10",2023-09-04,NA,NA,NA
"TER-EXO-T10",2023-09-05,NA,NA,NA
"TER-EXO-T10",2023-09-06,NA,NA,NA
"TER-EXO-T10",2023-09-07,NA,NA,NA
"TER-EXO-T10",2023-09-08,NA,NA,NA
"TER-EXO-T10",2023-09-09,NA,NA,NA
"TER-EXO-T10",2023-09-10,NA,NA,NA
"TER-EXO-T10",2023-09-11,NA,NA,NA
"TER-EXO-T10",2023-09-12,NA,NA,NA
"TER-EXO-T10",2023-09-13,NA,NA,NA
"TER-EXO-T10",2023-09-14,NA,NA,NA
"TER-EXO-T10",2023-09-15,NA,NA,NA
"TER-EXO-T10",2023-09-16,NA,NA,NA
"TER-EXO-T10",2023-09-17,NA,NA,NA
"TER-EXO-T10",2023-09-18,NA,NA,NA
"TER-EXO-T10",2023-09-19,NA,NA,NA
"TER-EXO-T10",2023-09-20,NA,NA,NA
"TER-EXO-T10",2023-09-21,NA,NA,NA
"TER-EXO-T10",2023-09-22,NA,NA,NA
"TER-EXO-T10",2023-09-23,NA,NA,NA
"TER-EXO-T10",2023-09-24,NA,NA,NA
"TER-EXO-T10",2023-09-25,NA,NA,NA
"TER-EXO-T10",2023-09-26,NA,NA,NA
"TER-EXO-T10",2023-09-27,NA,NA,NA
"TER-EXO-T10",2023-09-28,NA,NA,NA
"TER-EXO-T10",2023-09-29,NA,NA,NA
"TER-EXO-T10",2023-09-30,NA,NA,NA
"TER-EXO-T10",2023-10-01,NA,NA,NA
"TER-EXO-T10",2023-10-02,NA,NA,NA
"TER-EXO-T10",2023-10-03,NA,NA,NA
"TER-EXO-T10",2023-10-04,NA,NA,NA
"TER-EXO-T10",2023-10-05,NA,NA,NA
"TER-EXO-T10",2023-10-06,NA,NA,NA
"TER-EXO-T10",2023-10-07,NA,NA,NA
"TER-EXO-T10",2023-10-08,NA,NA,NA
"TER-EXO-T10",2023-10-09,NA,NA,NA
"TER-EXO-T10",2023-10-10,NA,NA,NA
"TER-EXO-T10",2023-10-11,NA,NA,NA
"TER-EXO-T10",2023-10-12,NA,NA,NA
"TER-EXO-T10",2023-10-13,NA,NA,NA
"TER-EXO-T10",2023-10-14,NA,NA,NA
"TER-EXO-T10",2023-10-15,NA,NA,NA
"TER-EXO-T10",2023-10-16,NA,NA,NA
"TER-EXO-T10",2023-10-17,NA,NA,NA
"TER-EXO-T10",2023-10-18,NA,NA,NA
"TER-EXO-T10",2023-10-19,NA,NA,NA
"TER-EXO-T10",2023-10-20,NA,NA,NA
"TER-EXO-T10",2023-10-21,NA,NA,NA
"TER-EXO-T10",2023-10-22,NA,NA,NA
"TER-EXO-T10",2023-10-23,NA,NA,NA
"TER-EXO-T10",2023-10-24,NA,NA,NA
"TER-EXO-T10",2023-10-25,NA,NA,NA
"TER-EXO-T10",2023-10-26,NA,NA,NA
"TER-EXO-T10",2023-10-27,NA,NA,NA
"TER-EXO-T10",2023-10-28,NA,NA,NA
"TER-EXO-T10",2023-10-29,NA,NA,NA
"TER-EXO-T10",2023-10-30,NA,NA,NA
"TER-EXO-T10",2023-10-31,NA,NA,NA
"TER-EXO-T10",2023-11-01,NA,NA,NA
"TER-EXO-T10",2023-11-02,NA,NA,NA
"TER-EXO-T10",2023-11-03,NA,NA,NA
"TER-EXO-T10",2023-11-04,NA,NA,NA
"TER-EXO-T10",2023-11-05,NA,NA,NA
"TER-EXO-T10",2023-11-06,NA,NA,NA
"TER-EXO-T10",2023-11-07,NA,NA,NA
"TER-EXO-T10",2023-11-08,NA,NA,NA
"TER-EXO-T10",2023-11-09,NA,NA,NA
"TER-EXO-T10",2023-11-10,NA,NA,NA
"TER-EXO-T10",2023-11-11,NA,NA,NA
"TER-EXO-T10",2023-11-12,NA,NA,NA
"TER-EXO-T10",2023-11-13,NA,NA,NA
"TER-EXO-T10",2023-11-14,NA,NA,NA
"TER-EXO-T10",2023-11-15,NA,NA,NA
"TER-EXO-T10",2023-11-16,NA,NA,NA
"TER-EXO-T10",2023-11-17,NA,NA,NA
"TER-EXO-T10",2023-11-18,NA,NA,NA
"TER-EXO-T10",2023-11-19,NA,NA,NA
"TER-EXO-T10",2023-11-20,NA,NA,NA
"TER-EXO-T10",2023-11-21,NA,NA,NA
"TER-EXO-T10",2023-11-22,NA,NA,NA
"TER-EXO-T10",2023-11-23,NA,NA,NA
"TER-EXO-T10",2023-11-24,NA,NA,NA
"TER-EXO-T10",2023-11-25,NA,NA,NA
"TER-EXO-T10",2023-11-26,NA,NA,NA
"TER-EXO-T10",2023-11-27,NA,NA,NA
"TER-EXO-T10",2023-11-28,NA,NA,NA
"TER-EXO-T10",2023-11-29,NA,NA,NA
"TER-EXO-T10",2023-11-30,NA,NA,NA
"TER-EXO-T10",2023-12-01,NA,NA,NA
"TER-EXO-T10",2023-12-02,NA,NA,NA
"TER-EXO-T10",2023-12-03,NA,NA,NA
"TER-EXO-T10",2023-12-04,NA,NA,NA
"TER-EXO-T10",2023-12-05,NA,NA,NA
"TER-EXO-T10",2023-12-06,NA,NA,NA
"TER-EXO-T10",2023-12-07,NA,NA,NA
"TER-EXO-T10",2023-12-08,NA,NA,NA
"TER-EXO-T10",2023-12-09,NA,NA,NA
"TER-EXO-T10",2023-12-10,NA,NA,NA
"TER-EXO-T10",2023-12-11,NA,NA,NA
"TER-EXO-T10",2023-12-12,NA,NA,NA
"TER-EXO-T10",2023-12-13,NA,NA,NA
"TER-EXO-T10",2023-12-14,NA,NA,NA
"TER-EXO-T10",2023-12-15,NA,NA,NA
"TER-EXO-T10",2023-12-16,NA,NA,NA
"TER-EXO-T10",2023-12-17,NA,NA,NA
"TER-EXO-T10",2023-12-18,NA,NA,NA
"TER-EXO-T10",2023-12-19,NA,NA,NA
"TER-EXO-T10",2023-12-20,NA,NA,NA
"TER-EXO-T10",2023-12-21,NA,NA,NA
"TER-EXO-T10",2023-12-22,NA,NA,NA
"TER-EXO-T10",2023-12-23,NA,NA,NA
"TER-EXO-T10",2023-12-24,NA,NA,NA
"TER-EXO-T10",2023-12-25,NA,NA,NA
"TER-EXO-T10",2023-12-26,NA,NA,NA
"TER-EXO-T10",2023-12-27,NA,NA,NA
"TER-EXO-T10",2023-12-28,NA,NA,NA
"TER-EXO-T10",2023-12-29,NA,NA,NA
"TER-EXO-T10",2023-12-30,NA,NA,NA
"TER-EXO-T10",2023-12-31,NA,NA,NA
"TER-EXO-T10",2024-01-01,NA,NA,NA
"TER-EXO-T10",2024-01-02,NA,NA,NA
"TER-EXO-T10",2024-01-03,NA,NA,NA
"TER-EXO-T10",2024-01-04,NA,NA,NA
"TER-EXO-T10",2024-01-05,NA,NA,NA
"TER-EXO-T10",2024-01-06,NA,NA,NA
"TER-EXO-T10",2024-01-07,NA,NA,NA
"TER-EXO-T10",2024-01-08,NA,NA,NA
"TER-EXO-T10",2024-01-09,NA,NA,NA
"TER-EXO-T10",2024-01-10,NA,NA,NA
"TER-EXO-T10",2024-01-11,NA,NA,NA
"TER-EXO-T10",2024-01-12,NA,NA,NA
"TER-EXO-T10",2024-01-13,NA,NA,NA
"TER-EXO-T10",2024-01-14,NA,NA,NA
"TER-EXO-T10",2024-01-15,NA,NA,NA
"TER-EXO-T10",2024-01-16,NA,NA,NA
"TER-EXO-T10",2024-01-17,NA,NA,NA
"TER-EXO-T10",2024-01-18,NA,NA,NA
"TER-EXO-T10",2024-01-19,NA,NA,NA
"TER-EXO-T10",2024-01-20,NA,NA,NA
"TER-EXO-T10",2024-01-21,NA,NA,NA
"TER-EXO-T10",2024-01-22,NA,NA,NA
"TER-EXO-T10",2024-01-23,NA,NA,NA
"TER-EXO-T10",2024-01-24,NA,NA,NA
"TER-EXO-T10",2024-01-25,NA,NA,NA
"TER-EXO-T10",2024-01-26,NA,NA,NA
"TER-EXO-T10",2024-01-27,NA,NA,NA
"TER-EXO-T10",2024-01-28,NA,NA,NA
"TER-EXO-T10",2024-01-29,NA,NA,NA
"TER-EXO-T10",2024-01-30,NA,NA,NA
"TER-EXO-T10",2024-01-31,NA,NA,NA
"TER-EXO-T10",2024-02-01,NA,NA,NA
"TER-EXO-T10",2024-02-02,NA,NA,NA
"TER-EXO-T10",2024-02-03,NA,NA,NA
"TER-EXO-T10",2024-02-04,NA,NA,NA
"TER-EXO-T10",2024-02-05,NA,NA,NA
"TER-EXO-T10",2024-02-06,NA,NA,NA
"TER-EXO-T10",2024-02-07,NA,NA,NA
"TER-EXO-T10",2024-02-08,NA,NA,NA
"TER-EXO-T10",2024-02-09,NA,NA,NA
"TER-EXO-T10",2024-02-10,NA,NA,NA
"TER-EXO-T10",2024-02-11,NA,NA,NA
"TER-EXO-T10",2024-02-12,NA,NA,NA
"TER-EXO-T10",2024-02-13,NA,NA,NA
"TER-EXO-T10",2024-02-14,NA,NA,NA
"TER-EXO-T10",2024-02-15,NA,NA,NA
"TER-EXO-T10",2024-02-16,NA,NA,NA
"TER-EXO-T10",2024-02-17,NA,NA,NA
"TER-EXO-T10",2024-02-18,NA,NA,NA
"TER-EXO-T10",2024-02-19,NA,NA,NA
"TER-EXO-T10",2024-02-20,NA,NA,NA
"TER-EXO-T10",2024-02-21,NA,NA,NA
"TER-EXO-T10",2024-02-22,NA,NA,NA
"TER-EXO-T10",2024-02-23,NA,NA,NA
"TER-EXO-T10",2024-02-24,NA,NA,NA
"TER-EXO-T10",2024-02-25,NA,NA,NA
"TER-EXO-T10",2024-02-26,NA,NA,NA
"TER-EXO-T10",2024-02-27,NA,NA,NA
"TER-EXO-T10",2024-02-28,NA,NA,NA
"TER-EXO-T10",2024-02-29,NA,NA,NA
"TER-EXO-T10",2024-03-01,NA,NA,NA
"TER-EXO-T10",2024-03-02,NA,NA,NA
"TER-EXO-T10",2024-03-03,NA,NA,NA
"TER-EXO-T10",2024-03-04,NA,NA,NA
"TER-EXO-T10",2024-03-05,NA,NA,NA
"TER-EXO-T10",2024-03-06,NA,NA,NA
"TER-EXO-T10",2024-03-07,NA,NA,NA
"TER-EXO-T10",2024-03-08,NA,NA,NA
"TER-EXO-T10",2024-03-09,NA,NA,NA
"TER-EXO-T10",2024-03-10,NA,NA,NA
"TER-EXO-T10",2024-03-11,NA,NA,NA
"TER-EXO-T10",2024-03-12,NA,NA,NA
"TER-EXO-T10",2024-03-13,NA,NA,NA
"TER-EXO-T10",2024-03-14,NA,NA,NA
"TER-EXO-T10",2024-03-15,NA,NA,NA
"TER-EXO-T10",2024-03-16,NA,NA,NA
"TER-EXO-T10",2024-03-17,NA,NA,NA
"TER-EXO-T10",2024-03-18,NA,NA,NA
"TER-EXO-T10",2024-03-19,NA,NA,NA
"TER-EXO-T10",2024-03-20,NA,NA,NA
"TER-EXO-T10",2024-03-21,NA,NA,NA
"TER-EXO-T10",2024-03-22,12.5625,12.7291666666667,12.625
"TER-EXO-T10",2024-03-23,10.7708333333333,10.75,10.7083333333333
"TER-EXO-T10",2024-03-24,10.3333333333333,10.7916666666667,10.7916666666667
"TER-EXO-T10",2024-03-25,9.5,9.875,9.89583333333333
"TER-EXO-T10",2024-03-26,10.6041666666667,10.8958333333333,10.8541666666667
"TER-EXO-T10",2024-03-27,10.1041666666667,10.1458333333333,10.2291666666667
"TER-EXO-T10",2024-03-28,6.75,6.45833333333333,6.5
"TER-EXO-T10",2024-03-29,9.39583333333333,9.58333333333333,9.52083333333333
"TER-EXO-T10",2024-03-30,9.9375,9.77083333333333,9.6875
"TER-EXO-T10",2024-03-31,8.29166666666667,8.83333333333333,9.22916666666667
"TER-EXO-T10",2024-04-01,11.875,12.8541666666667,12.9375
"TER-EXO-T10",2024-04-02,11.9166666666667,12.6875,12.3958333333333
"TER-EXO-T10",2024-04-03,12.5,12.9375,12.5208333333333
"TER-EXO-T10",2024-04-04,10.1875,10.5,10.375
"TER-EXO-T10",2024-04-05,8.75,8.54166666666667,8.39583333333333
"TER-EXO-T10",2024-04-06,9.72916666666667,10.2916666666667,10.25
"TER-EXO-T10",2024-04-07,12.625,12.9791666666667,13.0833333333333
"TER-EXO-T10",2024-04-08,12.3333333333333,12.5208333333333,12.4375
"TER-EXO-T10",2024-04-09,14.0833333333333,14.3958333333333,14.2916666666667
"TER-EXO-T10",2024-04-10,14.5833333333333,14.6458333333333,14.625
"TER-EXO-T10",2024-04-11,14.5833333333333,14.5416666666667,14.5
"TER-EXO-T10",2024-04-12,13.1875,13.125,13.1666666666667
"TER-EXO-T10",2024-04-13,12.4791666666667,12.4583333333333,12.3541666666667
"TER-EXO-T10",2024-04-14,11.5416666666667,11.5,11.375
"TER-EXO-T10",2024-04-15,13.0833333333333,13.2916666666667,13.1666666666667
"TER-EXO-T10",2024-04-16,13.7916666666667,13.8541666666667,13.8541666666667
"TER-EXO-T10",2024-04-17,13.6458333333333,13.6041666666667,13.5
"TER-EXO-T10",2024-04-18,13.7291666666667,13.6041666666667,13.6458333333333
"TER-EXO-T10",2024-04-19,13.5,13.4583333333333,13.4166666666667
"TER-EXO-T10",2024-04-20,12.9375,13.25,13.2708333333333
"TER-EXO-T10",2024-04-21,13.875,13.8125,13.8958333333333
"TER-EXO-T10",2024-04-22,12.6458333333333,12.5625,12.5
"TER-EXO-T10",2024-04-23,12.8125,12.6666666666667,12.7083333333333
"TER-EXO-T10",2024-04-24,12.2291666666667,12.3541666666667,12.2708333333333
"TER-EXO-T10",2024-04-25,12.4166666666667,12.6458333333333,12.8333333333333
"TER-EXO-T10",2024-04-26,10.7291666666667,10.8541666666667,10.7916666666667
"TER-EXO-T10",2024-04-27,10.4583333333333,11,11.0208333333333
"TER-EXO-T10",2024-04-28,11.125,11.7083333333333,11.9375
"TER-EXO-T10",2024-04-29,11.6458333333333,12.0208333333333,12.1458333333333
"TER-EXO-T10",2024-04-30,12.2708333333333,12.9791666666667,13.0208333333333
"TER-EXO-T10",2024-05-01,13.0625,13.5416666666667,13.5
"TER-EXO-T10",2024-05-02,14.3958333333333,14.5416666666667,14.5
"TER-EXO-T10",2024-05-03,14.3333333333333,14.5416666666667,14.6458333333333
"TER-EXO-T10",2024-05-04,14.7916666666667,15.1875,15.4791666666667
"TER-EXO-T10",2024-05-05,14.1458333333333,14.7291666666667,14.8333333333333
"TER-EXO-T10",2024-05-06,15.5833333333333,15.7916666666667,15.6666666666667
"TER-EXO-T10",2024-05-07,15.0416666666667,15.1458333333333,15.1041666666667
"TER-EXO-T10",2024-05-08,14.3958333333333,14.1666666666667,14.1875
"TER-EXO-T10",2024-05-09,13.8541666666667,13.8541666666667,13.9583333333333
"TER-EXO-T10",2024-05-10,14.5833333333333,15.1875,15.5
"TER-EXO-T10",2024-05-11,15.3958333333333,15.8333333333333,15.9166666666667
"TER-EXO-T10",2024-05-12,15.2083333333333,15.6041666666667,15.6458333333333
"TER-EXO-T10",2024-05-13,14.0625,13.9583333333333,13.9583333333333
"TER-EXO-T10",2024-05-14,11.9791666666667,12.2916666666667,12.375
"TER-EXO-T10",2024-05-15,12.6458333333333,12.7708333333333,12.75
"TER-EXO-T10",2024-05-16,13.3541666666667,13.3541666666667,13.1875
"TER-EXO-T10",2024-05-17,12.4166666666667,12.5208333333333,12.5625
"TER-EXO-T10",2024-05-18,11.8541666666667,12.0416666666667,12.1875
"TER-EXO-T10",2024-05-19,13,13.7083333333333,13.8125
"TER-EXO-T10",2024-05-20,14.7708333333333,15.4375,15.4583333333333
"TER-EXO-T10",2024-05-21,15.375,15.8125,15.7708333333333
"TER-EXO-T10",2024-05-22,15.6666666666667,16.1458333333333,16.0625
"TER-EXO-T10",2024-05-23,16.6458333333333,16.7916666666667,16.6875
"TER-EXO-T10",2024-05-24,15.3958333333333,15.0625,15.0208333333333
"TER-EXO-T10",2024-05-25,14.25,14.5,14.6666666666667
"TER-EXO-T10",2024-05-26,13.7708333333333,13.7916666666667,13.8333333333333
"TER-EXO-T10",2024-05-27,15.75,16.4791666666667,16.5416666666667
"TER-EXO-T10",2024-05-28,16.3541666666667,16.9583333333333,16.9166666666667
"TER-EXO-T10",2024-05-29,16.8958333333333,16.9583333333333,16.8333333333333
"TER-EXO-T10",2024-05-30,15.8333333333333,16.0833333333333,16.0625
"TER-EXO-T10",2024-05-31,14.7916666666667,14.8333333333333,14.7291666666667
"TER-EXO-T10",2024-06-01,15.2083333333333,15.7291666666667,15.8958333333333
"TER-EXO-T10",2024-06-02,15.2916666666667,15.6458333333333,15.75
"TER-EXO-T10",2024-06-03,14.8333333333333,14.7708333333333,14.7083333333333
"TER-EXO-T10",2024-06-04,14.625,14.6875,15.0625
"TER-EXO-T10",2024-06-05,13.7083333333333,13.5,13.4375
"TER-EXO-T10",2024-06-06,13.75,14.125,14.4375
"TER-EXO-T10",2024-06-07,14.6041666666667,15.0416666666667,15.2083333333333
"TER-EXO-T10",2024-06-08,15.0625,15.6041666666667,15.8958333333333
"TER-EXO-T10",2024-06-09,15.5,16.3125,16.625
"TER-EXO-T10",2024-06-10,15.1041666666667,15.7083333333333,15.8958333333333
"TER-EXO-T10",2024-06-11,14.8541666666667,15.1875,15.5
"TER-EXO-T10",2024-06-12,16.1458333333333,16.875,17.3333333333333
"TER-EXO-T10",2024-06-13,17.5416666666667,17.9166666666667,17.9583333333333
"TER-EXO-T10",2024-06-14,16.125,16.0833333333333,16.2291666666667
"TER-EXO-T10",2024-06-15,16.4791666666667,17.0416666666667,17.2708333333333
"TER-EXO-T10",2024-06-16,17.25,17.6875,17.6666666666667
"TER-EXO-T10",2024-06-17,16.2291666666667,16.125,16.1666666666667
"TER-EXO-T10",2024-06-18,14.7916666666667,15.0833333333333,15.125
"TER-EXO-T10",2024-06-19,14.4375,14.6875,14.6875
"TER-EXO-T10",2024-06-20,15.5833333333333,16.2083333333333,16.3958333333333
"TER-EXO-T10",2024-06-21,16.5208333333333,17.5,17.8333333333333
"TER-EXO-T10",2024-06-22,16.7708333333333,17.4375,17.5
"TER-EXO-T10",2024-06-23,17.3541666666667,18,17.9583333333333
"TER-EXO-T10",2024-06-24,16.9583333333333,16.6875,16.5208333333333
"TER-EXO-T10",2024-06-25,15.8958333333333,16.0416666666667,16.2291666666667
"TER-EXO-T10",2024-06-26,15.8125,16.4583333333333,16.8541666666667
"TER-EXO-T10",2024-06-27,17.6875,18.1458333333333,18.0625
"TER-EXO-T10",2024-06-28,17.6875,17.9791666666667,18.1041666666667
"TER-EXO-T10",2024-06-29,17.6875,18.0208333333333,17.9583333333333
"TER-EXO-T10",2024-06-30,16.9791666666667,17.1041666666667,17
"TER-EXO-T10",2024-07-01,17.5833333333333,18,18.25
"TER-EXO-T10",2024-07-02,18.6041666666667,19.25,19.4166666666667
"TER-EXO-T10",2024-07-03,18.0625,18.1875,18.2083333333333
"TER-EXO-T10",2024-07-04,17.0833333333333,17.5416666666667,17.625
"TER-EXO-T10",2024-07-05,17.25,17.4791666666667,17.75
"TER-EXO-T10",2024-07-06,18.875,19.2916666666667,19.2916666666667
"TER-EXO-T10",2024-07-07,19.8125,20.375,20.4583333333333
"TER-EXO-T10",2024-07-08,19.8125,19.9791666666667,19.9375
"TER-EXO-T10",2024-07-09,20.3333333333333,21.1458333333333,21.1666666666667
"TER-EXO-T10",2024-07-10,19.0208333333333,19.1666666666667,19.1041666666667
"TER-EXO-T10",2024-07-11,18.3541666666667,18.5208333333333,18.5208333333333
"TER-EXO-T10",2024-07-12,18.8125,19.2291666666667,19.2708333333333
"TER-EXO-T10",2024-07-13,18.2083333333333,18.0625,18.2291666666667
"TER-EXO-T10",2024-07-14,17.0833333333333,17.7708333333333,18.0625
"TER-EXO-T10",2024-07-15,18.8333333333333,19.4166666666667,19.4583333333333
"TER-EXO-T10",2024-07-16,19.9166666666667,20.7916666666667,20.8958333333333
"TER-EXO-T10",2024-07-17,18.8958333333333,18.5,18.375
"TER-EXO-T10",2024-07-18,17.9375,17.6041666666667,17.7083333333333
"TER-EXO-T10",2024-07-19,17.8333333333333,18.6041666666667,18.8125
"TER-EXO-T10",2024-07-20,NA,NA,NA
"TER-EXO-T10",2024-07-21,20.125,20.5833333333333,20.7291666666667
"TER-EXO-T10",2024-07-22,19.25,19.7708333333333,19.8541666666667
"TER-EXO-T10",2024-07-23,19.25,19.5625,19.625
"TER-EXO-T10",2024-07-24,18.7083333333333,19.0208333333333,19.125
"TER-EXO-T10",2024-07-25,19.6666666666667,20.4791666666667,20.6875
"TER-EXO-T10",2024-07-26,21.2083333333333,21.8333333333333,21.8125
"TER-EXO-T10",2024-07-27,20.3333333333333,20.625,20.6666666666667
"TER-EXO-T10",2024-07-28,20.9166666666667,21.4791666666667,21.5625
"TER-EXO-T10",2024-07-29,21.4583333333333,21.875,21.8958333333333
"TER-EXO-T10",2024-07-30,20.0625,20.0416666666667,20.0416666666667
"TER-EXO-T10",2024-07-31,19.5416666666667,19.4791666666667,19.4583333333333
"TER-EXO-T10",2024-08-01,19.5208333333333,20.125,20.3541666666667
"TER-EXO-T10",2024-08-02,19.2708333333333,19.6875,19.9375
"TER-EXO-T10",2024-08-03,18.9791666666667,19.4166666666667,19.75
"TER-EXO-T10",2024-08-04,20.6875,21.6666666666667,22.0208333333333
"TER-EXO-T10",2024-08-05,21.0416666666667,21.9583333333333,22.2916666666667
"TER-EXO-T10",2024-08-06,20.4791666666667,20.6875,20.6875
"TER-EXO-T10",2024-08-07,19.1875,19.5,19.5625
"TER-EXO-T10",2024-08-08,19.4375,19.9583333333333,20.0416666666667
"TER-EXO-T10",2024-08-09,19.0833333333333,19.6041666666667,19.7083333333333
"TER-EXO-T10",2024-08-10,20.125,20.625,20.6875
"TER-EXO-T10",2024-08-11,18.2083333333333,18.6041666666667,18.6666666666667
"TER-EXO-T10",2024-08-12,17.6666666666667,18.2708333333333,18.5416666666667
"TER-EXO-T10",2024-08-13,20.7916666666667,21.6875,21.8125
"TER-EXO-T10",2024-08-14,20.8125,21.625,21.8958333333333
"TER-EXO-T10",2024-08-15,20.5416666666667,21.1458333333333,21.4166666666667
"TER-EXO-T10",2024-08-16,20.2708333333333,20.6041666666667,20.7916666666667
"TER-EXO-T10",2024-08-17,19.9583333333333,20.3125,20.3958333333333
"TER-EXO-T10",2024-08-18,19.8541666666667,20.4375,20.6458333333333
"TER-EXO-T10",2024-08-19,20.7708333333333,21.4583333333333,21.8333333333333
"TER-EXO-T10",2024-08-20,20.1875,20.25,20.25
"TER-EXO-T10",2024-08-21,19.3958333333333,19.7916666666667,20
"TER-EXO-T10",2024-08-22,19.6875,20.875,21.25
"TER-EXO-T10",2024-08-23,21.4583333333333,22.0416666666667,22.0833333333333
"TER-EXO-T10",2024-08-24,19.1875,19.3541666666667,19.4791666666667
"TER-EXO-T10",2024-08-25,19.125,20.125,20.25
"TER-EXO-T10",2024-08-26,21.1458333333333,22.0208333333333,22.1458333333333
"TER-EXO-T10",2024-08-27,19.3333333333333,19.5833333333333,19.5416666666667
"TER-EXO-T10",2024-08-28,18.5,18.8125,18.9791666666667
"TER-EXO-T10",2024-08-29,18.3125,18.9375,19.0833333333333
"TER-EXO-T10",2024-08-30,20.1666666666667,21.2708333333333,21.5208333333333
"TER-EXO-T10",2024-08-31,20.9375,21.7708333333333,21.875
"TER-EXO-T10",2024-09-01,18.3333333333333,18.3958333333333,18.3958333333333
"TER-EXO-T10",2024-09-02,17.1458333333333,17.6458333333333,17.7708333333333
"TER-EXO-T10",2024-09-03,17.1041666666667,17.9166666666667,18.125
"TER-EXO-T10",2024-09-04,16.8958333333333,17.6041666666667,17.7083333333333
"TER-EXO-T10",2024-09-05,17.2916666666667,17.9375,18.0208333333333
"TER-EXO-T10",2024-09-06,16.875,17.7916666666667,17.8333333333333
"TER-EXO-T10",2024-09-07,17.0625,17.6041666666667,17.5416666666667
"TER-EXO-T10",2024-09-08,17.8333333333333,17.9583333333333,18.0416666666667
"TER-EXO-T10",2024-09-09,16.5833333333333,16.6666666666667,16.6458333333333
"TER-EXO-T10",2024-09-10,17.5833333333333,17.75,17.8541666666667
"TER-EXO-T10",2024-09-11,17.4791666666667,18.2291666666667,18.3541666666667
"TER-EXO-T10",2024-09-12,17.8125,18.8125,19.0625
"TER-EXO-T10",2024-09-13,18,18.7083333333333,18.875
"TER-EXO-T10",2024-09-14,17.7083333333333,18.1666666666667,18.2916666666667
"TER-EXO-T10",2024-09-15,18.2708333333333,19.1041666666667,19.2916666666667
"TER-EXO-T10",2024-09-16,18.0208333333333,18.375,18.375
"TER-EXO-T10",2024-09-17,18.5,19,19.0833333333333
"TER-EXO-T10",2024-09-18,17.0416666666667,17.4375,17.5625
"TER-EXO-T10",2024-09-19,16.2708333333333,16.75,16.8125
"TER-EXO-T10",2024-09-20,17.2083333333333,17.3541666666667,17.375
"TER-EXO-T10",2024-09-21,16.1041666666667,16.7083333333333,16.9375
"TER-EXO-T10",2024-09-22,18.0625,18.8541666666667,18.9791666666667
"TER-EXO-T10",2024-09-23,19.0833333333333,20.3333333333333,20.6875
"TER-EXO-T10",2024-09-24,20.4375,21.3958333333333,21.4375
"TER-EXO-T10",2024-09-25,20.4583333333333,20.4583333333333,20.4791666666667
"TER-EXO-T10",2024-09-26,17.625,17.4375,17.75
"TER-EXO-T10",2024-09-27,19.0208333333333,19.6875,19.6458333333333
"TER-EXO-T10",2024-09-28,19.6666666666667,20.0833333333333,20.125
"TER-EXO-T10",2024-09-29,20.125,20.3125,20.2291666666667
"TER-EXO-T10",2024-09-30,20.8125,21.2708333333333,21.3333333333333
"TER-EXO-T10",2024-10-01,21.3333333333333,21.75,21.7291666666667
"TER-EXO-T10",2024-10-02,21.1666666666667,21.6041666666667,21.5
"TER-EXO-T10",2024-10-03,21.25,21.5833333333333,21.5625
"TER-EXO-T10",2024-10-04,20.3541666666667,20.3333333333333,20.2916666666667
"TER-EXO-T10",2024-10-05,18,17.8125,17.9166666666667
"TER-EXO-T10",2024-10-06,14.9375,15.1041666666667,15.2916666666667
"TER-EXO-T10",2024-10-07,16.8125,17.1458333333333,17.125
"TER-EXO-T10",2024-10-08,18.8541666666667,19.4583333333333,19.3958333333333
"TER-EXO-T10",2024-10-09,18.2083333333333,18.6666666666667,18.5625
"TER-EXO-T10",2024-10-10,17.4166666666667,17.3958333333333,17.2083333333333
"TER-EXO-T10",2024-10-11,14.0833333333333,14.4583333333333,14.5
"TER-EXO-T10",2024-10-12,15.5833333333333,16.0416666666667,16.1041666666667
"TER-EXO-T10",2024-10-13,18.2708333333333,18.5416666666667,18.4375
"TER-EXO-T10",2024-10-14,17,16.9791666666667,16.8541666666667
"TER-EXO-T10",2024-10-15,15.2708333333333,15.3333333333333,15.3541666666667
"TER-EXO-T10",2024-10-16,14.1875,14.625,14.6875
"TER-EXO-T10",2024-10-17,14.2916666666667,14.6666666666667,14.6666666666667
"TER-EXO-T10",2024-10-18,16.6875,17.4583333333333,17.5625
"TER-EXO-T10",2024-10-19,17.6666666666667,18.0833333333333,18.0208333333333
"TER-EXO-T10",2024-10-20,13.7916666666667,13.6666666666667,13.5
"TER-EXO-T10",2024-10-21,12.1875,12.5208333333333,12.5416666666667
"TER-EXO-T10",2024-10-22,14.7083333333333,15.3958333333333,15.3125
"TER-EXO-T10",2024-10-23,17.2291666666667,17.4583333333333,17.2708333333333
"TER-EXO-T10",2024-10-24,12.6666666666667,13.25,13.3125
"TER-EXO-T10",2024-10-25,12.4791666666667,12.9375,13
"TER-EXO-T10",2024-10-26,13.2291666666667,13.6458333333333,13.625
"TER-EXO-T10",2024-10-27,13.6875,13.9791666666667,13.9791666666667
"TER-EXO-T10",2024-10-28,13.5625,14.0416666666667,14.0625
"TER-EXO-T10",2024-10-29,14.25,14.625,14.6875
"TER-EXO-T10",2024-10-30,15.1666666666667,15.5208333333333,15.5625
"TER-EXO-T10",2024-10-31,16.0208333333333,16.5208333333333,16.4791666666667
"TER-EXO-T10",2024-11-01,17.8541666666667,17.9166666666667,17.7916666666667
"TER-EXO-T10",2024-11-02,NA,15.9791666666667,15.9375
"TER-EXO-T10",2024-11-03,NA,15.8125,15.625
"TER-EXO-T10",2024-11-04,NA,15.25,15.3541666666667
"TER-EXO-T10",2024-11-05,NA,15.8541666666667,15.8125
"TER-EXO-T10",2024-11-06,NA,11.9375,11.7083333333333
"TER-EXO-T10",2024-11-07,NA,12.1666666666667,12.2291666666667
"TER-EXO-T10",2024-11-08,NA,16.5833333333333,16.5
"TER-EXO-T10",2024-11-09,NA,17.5833333333333,17.5416666666667
"TER-EXO-T10",2024-11-10,NA,16.625,16.5416666666667
"TER-EXO-T10",2024-11-11,NA,17.5416666666667,17.4583333333333
"TER-EXO-T10",2024-11-12,NA,17.5416666666667,17.3125
"TER-EXO-T10",2024-11-13,NA,15.6666666666667,15.5416666666667
"TER-EXO-T10",2024-11-14,NA,13.4166666666667,13.1666666666667
"TER-EXO-T10",2024-11-15,NA,12.7916666666667,12.7291666666667
"TER-EXO-T10",2024-11-16,NA,13.6041666666667,13.5625
"TER-EXO-T10",2024-11-17,NA,13.8125,13.6875
"TER-EXO-T10",2024-11-18,NA,14.2708333333333,14.2291666666667
"TER-EXO-T10",2024-11-19,NA,14.4375,14.5
"TER-EXO-T10",2024-11-20,NA,14.5416666666667,14.5625
"TER-EXO-T10",2024-11-21,NA,15.25,15.2291666666667
"TER-EXO-T10",2024-11-22,NA,16.5833333333333,16.4166666666667
"TER-EXO-T10",2024-11-23,NA,14.625,14.3958333333333
"TER-EXO-T10",2024-11-24,NA,11.0833333333333,10.9791666666667
"TER-EXO-T10",2024-11-25,NA,13.375,13.3125
"TER-EXO-T10",2024-11-26,NA,15.5833333333333,15.5625
"TER-EXO-T10",2024-11-27,NA,14.3958333333333,14.2916666666667
"TER-EXO-T10",2024-11-28,NA,13.3125,13.2708333333333
"TER-EXO-T10",2024-11-29,NA,13.2291666666667,13.1875
"TER-EXO-T10",2024-11-30,NA,11.5,11.5
"TER-EXO-T10",2024-12-01,NA,13.1875,13.2916666666667
"TER-EXO-T10",2024-12-02,NA,14.875,14.9583333333333
"TER-EXO-T10",2024-12-03,NA,13.25,13.2291666666667
"TER-EXO-T10",2024-12-04,NA,14.5416666666667,14.5208333333333
"TER-EXO-T10",2024-12-05,NA,14.8125,14.7291666666667
"TER-EXO-T10",2024-12-06,NA,15.4375,15.3333333333333
"TER-EXO-T10",2024-12-07,NA,14.6458333333333,14.6458333333333
"TER-EXO-T10",2024-12-08,NA,14.8125,14.6666666666667
"TER-EXO-T10",2024-12-09,NA,13.4791666666667,13.5416666666667
"TER-EXO-T10",2024-12-10,NA,13.0416666666667,12.9791666666667
"TER-EXO-T10",2024-12-11,NA,13.3541666666667,13.25
"TER-EXO-T10",2024-12-12,NA,11.0833333333333,11.0416666666667
"TER-EXO-T10",2024-12-13,NA,10.3541666666667,10.25
"TER-EXO-T10",2024-12-14,NA,10.7708333333333,10.8541666666667
"TER-EXO-T10",2024-12-15,NA,12.3958333333333,12.3541666666667
"TER-EXO-T10",2024-12-16,NA,13.0625,13.0208333333333
"TER-EXO-T10",2024-12-17,NA,12.3333333333333,12.2708333333333
"TER-EXO-T10",2024-12-18,NA,11.2291666666667,11.0833333333333
"TER-EXO-T10",2024-12-19,NA,9.8125,9.75
"TER-EXO-T10",2024-12-20,NA,9.91666666666667,9.9375
"TER-EXO-T10",2024-12-21,NA,10.9375,10.875
"TER-EXO-T10",2024-12-22,NA,11.125,11.1041666666667
"TER-EXO-T10",2024-12-23,NA,11.6666666666667,11.7708333333333
"TER-EXO-T10",2024-12-24,NA,11.5416666666667,11.5625
"TER-EXO-T10",2024-12-25,NA,11.3333333333333,11.375
"TER-EXO-T10",2024-12-26,NA,12.4791666666667,12.4791666666667
"TER-EXO-T10",2024-12-27,NA,13.9166666666667,13.9166666666667
"TER-EXO-T10",2024-12-28,NA,13.5416666666667,13.5
"TER-EXO-T10",2024-12-29,NA,12.8333333333333,12.75
"TER-EXO-T10",2024-12-30,NA,13.5,13.3541666666667
"TER-EXO-T10",2024-12-31,NA,14.4583333333333,14.4166666666667
"TER-EXO-T10",2025-01-01,NA,15.3958333333333,15.25
"TER-EXO-T10",2025-01-02,NA,15.5,15.375
"TER-EXO-T10",2025-01-03,NA,15.1458333333333,14.9791666666667
"TER-EXO-T10",2025-01-04,NA,13.2083333333333,13
"TER-EXO-T10",2025-01-05,NA,12.8125,12.5833333333333
"TER-EXO-T10",2025-01-06,NA,14.9791666666667,14.8541666666667
"TER-EXO-T10",2025-01-07,NA,13.0833333333333,12.7083333333333
"TER-EXO-T10",2025-01-08,NA,13.5,13.2916666666667
"TER-EXO-T10",2025-01-09,NA,15.8125,15.625
"TER-EXO-T10",2025-01-10,NA,15.75,15.7291666666667
"TER-EXO-T10",2025-01-11,NA,15.4375,NA
"TER-EXO-T10",2025-01-12,NA,14.2083333333333,NA
"TER-EXO-T10",2025-01-13,NA,14.9791666666667,NA
"TER-EXO-T10",2025-01-14,NA,14.9375,NA
"TER-EXO-T10",2025-01-15,NA,14.9375,NA
"TER-EXO-T10",2025-01-16,NA,15.4791666666667,NA
"TER-EXO-T10",2025-01-17,NA,14.6458333333333,NA
"TER-EXO-T10",2025-01-18,NA,10.8333333333333,NA
"TER-EXO-T10",2025-01-19,NA,11.4583333333333,NA
"TER-EXO-T10",2025-01-20,NA,10.625,NA
"TER-EXO-T10",2025-01-21,NA,10.25,NA
"TER-EXO-T10",2025-01-22,NA,9.35416666666667,NA
"TER-EXO-T10",2025-01-23,NA,12.4791666666667,NA
"TER-EXO-T10",2025-01-24,NA,10.9375,NA
"TER-EXO-T10",2025-01-25,NA,11.7083333333333,NA
"TER-EXO-T10",2025-01-26,NA,11.9375,NA
"TER-EXO-T10",2025-01-27,NA,10.125,NA
"TER-EXO-T10",2025-01-28,NA,12.3541666666667,NA
"TER-EXO-T10",2025-01-29,NA,11.9375,NA
"TER-EXO-T10",2025-01-30,NA,12.7916666666667,NA
"TER-EXO-T10",2025-01-31,NA,13.7916666666667,NA
"TER-EXO-T10",2025-02-01,NA,11.9791666666667,NA
"TER-EXO-T10",2025-02-02,NA,11.4791666666667,NA
"TER-EXO-T10",2025-02-03,NA,13.5,NA
"TER-EXO-T10",2025-02-04,NA,10.0416666666667,NA
"TER-EXO-T10",2025-02-05,NA,14.5625,NA
"TER-EXO-T10",2025-02-06,NA,14.3958333333333,NA
"TER-EXO-T10",2025-02-07,NA,13.4166666666667,NA
"TER-EXO-T10",2025-02-08,NA,10.9166666666667,NA
"TER-EXO-T10",2025-02-09,NA,11.5208333333333,NA
"TER-EXO-T10",2025-02-10,NA,11.2708333333333,NA
"TER-EXO-T10",2025-02-11,NA,12.9166666666667,NA
"TER-EXO-T10",2025-02-12,NA,NA,NA
"TER-EXO-T10",2025-02-13,NA,NA,NA
"TER-EXO-T10",2025-02-14,NA,NA,NA
"TER-EXO-T10",2025-02-15,NA,NA,NA
"TER-EXO-T10",2025-02-16,NA,NA,NA
"TER-EXO-T10",2025-02-17,NA,NA,NA
"TER-EXO-T10",2025-02-18,NA,NA,NA
"TER-EXO-T10",2025-02-19,NA,NA,NA
"TER-EXO-T10",2025-02-20,NA,NA,NA
"TER-EXO-T10",2025-02-21,NA,NA,NA
"TER-EXO-T10",2025-02-22,NA,NA,NA
"TER-EXO-T10",2025-02-23,NA,NA,NA
"TER-EXO-T10",2025-02-24,NA,NA,NA
"TER-EXO-T10",2025-02-25,NA,NA,NA
"TER-EXO-T10",2025-02-26,NA,NA,NA
"TER-EXO-T10",2025-02-27,NA,NA,NA
"TER-EXO-T10",2025-02-28,NA,NA,NA
"TER-EXO-T10",2025-03-01,NA,NA,NA
"TER-EXO-T10",2025-03-02,NA,NA,NA
"TER-EXO-T10",2025-03-03,NA,NA,NA
"TER-EXO-T10",2025-03-04,NA,NA,NA
"TER-EXO-T10",2025-03-05,NA,NA,NA
"TER-EXO-T10",2025-03-06,NA,NA,NA
"TER-EXO-T10",2025-03-07,NA,NA,NA
"TER-EXO-T10",2025-03-08,NA,NA,NA
"TER-EXO-T10",2025-03-09,NA,NA,NA
"TER-EXO-T10",2025-03-10,NA,NA,NA
"TER-EXO-T10",2025-03-11,NA,NA,NA
"TER-EXO-T10",2025-03-12,NA,NA,NA
"TER-EXO-T10",2025-03-13,NA,NA,NA
"TER-EXO-T10",2025-03-14,NA,NA,NA
"TER-EXO-T10",2025-03-15,NA,NA,NA
"TER-EXO-T10",2025-03-16,NA,NA,NA
"TER-EXO-T10",2025-03-17,NA,NA,NA
"TER-EXO-T10",2025-03-18,NA,NA,NA
"TER-EXO-T10",2025-03-19,NA,NA,NA
"TER-EXO-T10",2025-03-20,NA,NA,NA
"TER-EXO-T10",2025-03-21,NA,NA,NA
"TER-EXO-T10",2025-03-22,NA,NA,NA
"TER-EXO-T10",2025-03-23,NA,NA,NA
"TER-EXO-T10",2025-03-24,NA,NA,NA
"TER-EXO-T10",2025-03-25,NA,NA,NA
"TER-EXO-T10",2025-03-26,NA,NA,NA
"TER-EXO-T10",2025-03-27,NA,NA,NA
"TER-EXO-T10",2025-03-28,NA,NA,NA
"TER-EXO-T10",2025-03-29,NA,NA,NA
"TER-EXO-T10",2025-03-30,NA,NA,NA
"TER-EXO-T10",2025-03-31,NA,NA,NA
"TER-EXO-T10",2025-04-01,NA,NA,NA
"TER-EXO-T10",2025-04-02,NA,NA,NA
"TER-EXO-T10",2025-04-03,NA,NA,NA
"TER-EXO-T10",2025-04-04,NA,NA,NA
"TER-EXO-T10",2025-04-05,NA,NA,NA
"TER-EXO-T10",2025-04-06,NA,NA,NA
"TER-EXO-T10",2025-04-07,NA,NA,NA
"TER-EXO-T10",2025-04-08,NA,NA,NA
"TER-EXO-T10",2025-04-09,NA,NA,NA
"TER-EXO-T10",2025-04-10,NA,NA,NA
"TER-EXO-T10",2025-04-11,NA,NA,NA
"TER-EXO-T10",2025-04-12,NA,NA,NA
"TER-EXO-T10",2025-04-13,NA,NA,NA
"TER-EXO-T10",2025-04-14,NA,NA,NA
"TER-EXO-T10",2025-04-15,NA,NA,NA
"TER-EXO-T10",2025-04-16,NA,NA,NA
"TER-EXO-T10",2025-04-17,NA,NA,NA
"TER-EXO-T10",2025-04-18,NA,NA,NA
"TER-EXO-T10",2025-04-19,NA,NA,NA
"TER-EXO-T10",2025-04-20,NA,NA,NA
"TER-EXO-T10",2025-04-21,NA,NA,NA
"TER-EXO-T10",2025-04-22,NA,NA,NA
"TER-EXO-T10",2025-04-23,NA,NA,NA
"TER-EXO-T10",2025-04-24,NA,NA,NA
"TER-EXO-T10",2025-04-25,NA,NA,NA
"TER-EXO-T10",2025-04-26,NA,NA,NA
"TER-EXO-T10",2025-04-27,NA,NA,NA
"TER-EXO-T10",2025-04-28,NA,NA,NA
"TER-EXO-T10",2025-04-29,NA,NA,NA
"TER-EXO-T10",2025-04-30,NA,NA,NA
"TER-EXO-T10",2025-05-01,NA,NA,NA
"TER-EXO-T10",2025-05-02,NA,NA,NA
"TER-EXO-T10",2025-05-03,NA,NA,NA
"TER-EXO-T10",2025-05-04,NA,NA,NA
"TER-EXO-T10",2025-05-05,NA,NA,NA
"TER-EXO-T10",2025-05-06,NA,NA,NA
"TER-EXO-T10",2025-05-07,NA,NA,NA
"TER-EXO-T10",2025-05-08,NA,NA,NA
"TER-EXO-T10",2025-05-09,NA,NA,NA
"TER-EXO-T10",2025-05-10,NA,NA,NA
"TER-EXO-T10",2025-05-11,NA,NA,NA
"TER-EXO-T10",2025-05-12,NA,NA,NA
"TER-EXO-T10",2025-05-13,NA,NA,NA
"TER-EXO-T10",2025-05-14,NA,NA,NA
"TER-EXO-T10",2025-05-15,NA,NA,NA
"TER-EXO-T10",2025-05-16,NA,NA,NA
"TER-EXO-T10",2025-05-17,NA,NA,NA
"TER-EXO-T10",2025-05-18,NA,NA,NA
"TER-EXO-T10",2025-05-19,NA,NA,NA
"TER-EXO-T10",2025-05-20,NA,NA,NA
"TER-EXO-T10",2025-05-21,NA,NA,NA
"TER-EXO-T10",2025-05-22,NA,NA,NA
"TER-EXO-T10",2025-05-23,NA,NA,NA
"TER-EXO-T10",2025-05-24,NA,NA,NA
"TER-EXO-T10",2025-05-25,NA,NA,NA
"TER-EXO-T10",2025-05-26,NA,NA,NA
"TER-EXO-T10",2025-05-27,NA,NA,NA
"TER-EXO-T10",2025-05-28,NA,NA,NA
"TER-EXO-T10",2025-05-29,NA,NA,NA
"TER-EXO-T10",2025-05-30,NA,NA,NA
"TER-EXO-T10",2025-05-31,NA,NA,NA
"TER-EXO-T10",2025-06-01,NA,NA,NA
"TER-EXO-T10",2025-06-02,NA,NA,NA
"TER-EXO-T10",2025-06-03,NA,NA,NA
"TER-EXO-T10",2025-06-04,NA,NA,NA
"TER-EXO-T10",2025-06-05,NA,NA,NA
"TER-EXO-T10",2025-06-06,NA,NA,NA
"TER-EXO-T10",2025-06-07,NA,NA,NA
"TER-EXO-T10",2025-06-08,NA,NA,NA
"TER-EXO-T10",2025-06-09,NA,NA,NA
"TER-EXO-T10",2025-06-10,NA,NA,NA
"TER-EXO-T10",2025-06-11,NA,NA,NA
"TER-EXO-T10",2025-06-12,NA,NA,NA
"TER-NFBF-T-01",2023-08-09,NA,NA,NA
"TER-NFBF-T-01",2023-08-10,NA,NA,NA
"TER-NFBF-T-01",2023-08-11,NA,NA,NA
"TER-NFBF-T-01",2023-08-12,NA,NA,NA
"TER-NFBF-T-01",2023-08-13,NA,NA,NA
"TER-NFBF-T-01",2023-08-14,NA,NA,NA
"TER-NFBF-T-01",2023-08-15,NA,NA,NA
"TER-NFBF-T-01",2023-08-16,NA,NA,NA
"TER-NFBF-T-01",2023-08-17,NA,NA,NA
"TER-NFBF-T-01",2023-08-18,NA,NA,NA
"TER-NFBF-T-01",2023-08-19,NA,NA,NA
"TER-NFBF-T-01",2023-08-20,NA,NA,NA
"TER-NFBF-T-01",2023-08-21,NA,NA,NA
"TER-NFBF-T-01",2023-08-22,NA,NA,NA
"TER-NFBF-T-01",2023-08-23,NA,NA,NA
"TER-NFBF-T-01",2023-08-24,NA,NA,NA
"TER-NFBF-T-01",2023-08-25,NA,NA,NA
"TER-NFBF-T-01",2023-08-26,NA,NA,NA
"TER-NFBF-T-01",2023-08-27,NA,NA,NA
"TER-NFBF-T-01",2023-08-28,NA,NA,NA
"TER-NFBF-T-01",2023-08-29,NA,NA,NA
"TER-NFBF-T-01",2023-08-30,NA,NA,NA
"TER-NFBF-T-01",2023-08-31,NA,NA,NA
"TER-NFBF-T-01",2023-09-01,NA,NA,NA
"TER-NFBF-T-01",2023-09-02,NA,NA,NA
"TER-NFBF-T-01",2023-09-03,NA,NA,NA
"TER-NFBF-T-01",2023-09-04,NA,NA,NA
"TER-NFBF-T-01",2023-09-05,NA,NA,NA
"TER-NFBF-T-01",2023-09-06,NA,NA,NA
"TER-NFBF-T-01",2023-09-07,NA,NA,NA
"TER-NFBF-T-01",2023-09-08,NA,NA,NA
"TER-NFBF-T-01",2023-09-09,NA,NA,NA
"TER-NFBF-T-01",2023-09-10,NA,NA,NA
"TER-NFBF-T-01",2023-09-11,NA,NA,NA
"TER-NFBF-T-01",2023-09-12,NA,NA,NA
"TER-NFBF-T-01",2023-09-13,NA,NA,NA
"TER-NFBF-T-01",2023-09-14,NA,NA,NA
"TER-NFBF-T-01",2023-09-15,NA,NA,NA
"TER-NFBF-T-01",2023-09-16,NA,NA,NA
"TER-NFBF-T-01",2023-09-17,NA,NA,NA
"TER-NFBF-T-01",2023-09-18,NA,NA,NA
"TER-NFBF-T-01",2023-09-19,15.9583333333333,16.3958333333333,16.4375
"TER-NFBF-T-01",2023-09-20,18.0625,18.5416666666667,18.6458333333333
"TER-NFBF-T-01",2023-09-21,14.9791666666667,14.375,15.1041666666667
"TER-NFBF-T-01",2023-09-22,16.1666666666667,16.6666666666667,17.1458333333333
"TER-NFBF-T-01",2023-09-23,NA,17.7708333333333,18.125
"TER-NFBF-T-01",2023-09-24,NA,15,15.7708333333333
"TER-NFBF-T-01",2023-09-25,NA,16.0416666666667,16.5625
"TER-NFBF-T-01",2023-09-26,NA,16.125,16.125
"TER-NFBF-T-01",2023-09-27,NA,16.3125,16.3125
"TER-NFBF-T-01",2023-09-28,NA,16,16.0416666666667
"TER-NFBF-T-01",2023-09-29,NA,18.0208333333333,18.0208333333333
"TER-NFBF-T-01",2023-09-30,NA,15.5833333333333,15.7708333333333
"TER-NFBF-T-01",2023-10-01,NA,14.8333333333333,15.2083333333333
"TER-NFBF-T-01",2023-10-02,NA,13.8541666666667,13.9583333333333
"TER-NFBF-T-01",2023-10-03,NA,14.7291666666667,14.7291666666667
"TER-NFBF-T-01",2023-10-04,NA,17.6666666666667,17.7916666666667
"TER-NFBF-T-01",2023-10-05,NA,17.5208333333333,17.6041666666667
"TER-NFBF-T-01",2023-10-06,NA,15.6041666666667,15.8125
"TER-NFBF-T-01",2023-10-07,NA,14.0416666666667,14.2291666666667
"TER-NFBF-T-01",2023-10-08,NA,14.7708333333333,14.8958333333333
"TER-NFBF-T-01",2023-10-09,NA,14.9166666666667,14.9375
"TER-NFBF-T-01",2023-10-10,NA,15.5625,15.5833333333333
"TER-NFBF-T-01",2023-10-11,NA,15.375,15.5
"TER-NFBF-T-01",2023-10-12,NA,14.6875,14.8333333333333
"TER-NFBF-T-01",2023-10-13,NA,14.3125,14.3125
"TER-NFBF-T-01",2023-10-14,NA,15.7083333333333,15.875
"TER-NFBF-T-01",2023-10-15,NA,17.7291666666667,17.75
"TER-NFBF-T-01",2023-10-16,NA,15.3125,15.2708333333333
"TER-NFBF-T-01",2023-10-17,NA,15.2708333333333,15.4583333333333
"TER-NFBF-T-01",2023-10-18,NA,16.8333333333333,16.9791666666667
"TER-NFBF-T-01",2023-10-19,NA,12.2291666666667,12.2916666666667
"TER-NFBF-T-01",2023-10-20,NA,12,11.9375
"TER-NFBF-T-01",2023-10-21,NA,12,11.9375
"TER-NFBF-T-01",2023-10-22,NA,11.8541666666667,11.875
"TER-NFBF-T-01",2023-10-23,NA,14.3541666666667,14.4375
"TER-NFBF-T-01",2023-10-24,NA,17.2708333333333,17.4166666666667
"TER-NFBF-T-01",2023-10-25,NA,16.25,16.25
"TER-NFBF-T-01",2023-10-26,NA,11.3541666666667,11.2916666666667
"TER-NFBF-T-01",2023-10-27,NA,12.5208333333333,12.6041666666667
"TER-NFBF-T-01",2023-10-28,NA,11.9166666666667,12
"TER-NFBF-T-01",2023-10-29,NA,10.2291666666667,10.1666666666667
"TER-NFBF-T-01",2023-10-30,NA,11.0416666666667,10.9583333333333
"TER-NFBF-T-01",2023-10-31,NA,12.5416666666667,12.6666666666667
"TER-NFBF-T-01",2023-11-01,NA,14.375,14.5625
"TER-NFBF-T-01",2023-11-02,NA,12.0208333333333,12.1666666666667
"TER-NFBF-T-01",2023-11-03,NA,14.6041666666667,14.7708333333333
"TER-NFBF-T-01",2023-11-04,NA,9.83333333333333,9.64583333333333
"TER-NFBF-T-01",2023-11-05,NA,8.89583333333333,8.77083333333333
"TER-NFBF-T-01",2023-11-06,NA,8.97916666666667,9.27083333333333
"TER-NFBF-T-01",2023-11-07,NA,13.3333333333333,13.3541666666667
"TER-NFBF-T-01",2023-11-08,NA,15.6041666666667,15.6666666666667
"TER-NFBF-T-01",2023-11-09,NA,15.8333333333333,15.9375
"TER-NFBF-T-01",2023-11-10,NA,16.8541666666667,16.8541666666667
"TER-NFBF-T-01",2023-11-11,NA,14.9166666666667,15.0416666666667
"TER-NFBF-T-01",2023-11-12,NA,14.9791666666667,14.9583333333333
"TER-NFBF-T-01",2023-11-13,NA,12.2083333333333,12.125
"TER-NFBF-T-01",2023-11-14,NA,13.6666666666667,13.625
"TER-NFBF-T-01",2023-11-15,NA,16.4375,16.4583333333333
"TER-NFBF-T-01",2023-11-16,NA,16.3541666666667,16.375
"TER-NFBF-T-01",2023-11-17,NA,14.3541666666667,14.4166666666667
"TER-NFBF-T-01",2023-11-18,NA,11.8958333333333,11.9375
"TER-NFBF-T-01",2023-11-19,NA,10.625,10.4166666666667
"TER-NFBF-T-01",2023-11-20,NA,11.7708333333333,11.6666666666667
"TER-NFBF-T-01",2023-11-21,NA,14.2708333333333,14.2916666666667
"TER-NFBF-T-01",2023-11-22,NA,13.0625,13
"TER-NFBF-T-01",2023-11-23,NA,13.2916666666667,13.3541666666667
"TER-NFBF-T-01",2023-11-24,NA,15.2708333333333,15.3333333333333
"TER-NFBF-T-01",2023-11-25,NA,16.1458333333333,16.1666666666667
"TER-NFBF-T-01",2023-11-26,NA,15.8125,15.8541666666667
"TER-NFBF-T-01",2023-11-27,NA,13.75,13.75
"TER-NFBF-T-01",2023-11-28,NA,13.8541666666667,13.8125
"TER-NFBF-T-01",2023-11-29,NA,13.1875,13.0625
"TER-NFBF-T-01",2023-11-30,NA,8.64583333333333,8.25
"TER-NFBF-T-01",2023-12-01,NA,8.47916666666667,8.4375
"TER-NFBF-T-01",2023-12-02,NA,10,9.9375
"TER-NFBF-T-01",2023-12-03,NA,7.97916666666667,7.97916666666667
"TER-NFBF-T-01",2023-12-04,NA,8.97916666666667,9.02083333333333
"TER-NFBF-T-01",2023-12-05,NA,12.7916666666667,12.7916666666667
"TER-NFBF-T-01",2023-12-06,NA,14.4791666666667,14.5208333333333
"TER-NFBF-T-01",2023-12-07,NA,11.5833333333333,11.625
"TER-NFBF-T-01",2023-12-08,NA,14.8125,14.8125
"TER-NFBF-T-01",2023-12-09,NA,NA,NA
"TER-NFBF-T-01",2023-12-10,12.2916666666667,12.1875,12.2083333333333
"TER-NFBF-T-01",2023-12-11,10.0625,9.72916666666667,9.66666666666667
"TER-NFBF-T-01",2023-12-12,9.1875,8.85416666666667,8.66666666666667
"TER-NFBF-T-01",2023-12-13,8.8125,8.54166666666667,8.22916666666667
"TER-NFBF-T-01",2023-12-14,9.5,9.41666666666667,9.39583333333333
"TER-NFBF-T-01",2023-12-15,13.2916666666667,13.6875,13.7916666666667
"TER-NFBF-T-01",2023-12-16,14.8958333333333,15.0625,15.1666666666667
"TER-NFBF-T-01",2023-12-17,14.9791666666667,15.1666666666667,15.2083333333333
"TER-NFBF-T-01",2023-12-18,13.6041666666667,13.3958333333333,13.2083333333333
"TER-NFBF-T-01",2023-12-19,10.8125,10.1875,9.79166666666667
"TER-NFBF-T-01",2023-12-20,11.9583333333333,11.7916666666667,11.75
"TER-NFBF-T-01",2023-12-21,10.1666666666667,9.66666666666667,9.47916666666667
"TER-NFBF-T-01",2023-12-22,9.4375,9.375,9.3125
"TER-NFBF-T-01",2023-12-23,9.64583333333333,10,9.97916666666667
"TER-NFBF-T-01",2023-12-24,10.2708333333333,10.5833333333333,10.75
"TER-NFBF-T-01",2023-12-25,11.9583333333333,12.1458333333333,12.25
"TER-NFBF-T-01",2023-12-26,10.0625,9.54166666666667,9.41666666666667
"TER-NFBF-T-01",2023-12-27,7.64583333333333,7.375,7.33333333333333
"TER-NFBF-T-01",2023-12-28,8.5,8.41666666666667,8.52083333333333
"TER-NFBF-T-01",2023-12-29,9.27083333333333,9.35416666666667,9.33333333333333
"TER-NFBF-T-01",2023-12-30,8.25,8.41666666666667,8.625
"TER-NFBF-T-01",2023-12-31,9.20833333333333,9.66666666666667,10.0416666666667
"TER-NFBF-T-01",2024-01-01,12.2291666666667,12.7291666666667,12.7083333333333
"TER-NFBF-T-01",2024-01-02,10.5,10.4166666666667,10.4791666666667
"TER-NFBF-T-01",2024-01-03,9.875,10.1041666666667,10.2291666666667
"TER-NFBF-T-01",2024-01-04,10.1041666666667,10.0416666666667,10.1041666666667
"TER-NFBF-T-01",2024-01-05,11.2083333333333,11.4375,11.5
"TER-NFBF-T-01",2024-01-06,10.7083333333333,10.7083333333333,10.75
"TER-NFBF-T-01",2024-01-07,10.1666666666667,10.1041666666667,10.2291666666667
"TER-NFBF-T-01",2024-01-08,9.66666666666667,9.75,9.83333333333333
"TER-NFBF-T-01",2024-01-09,11.5833333333333,11.875,11.9166666666667
"TER-NFBF-T-01",2024-01-10,12.8958333333333,13,13.0416666666667
"TER-NFBF-T-01",2024-01-11,10.625,10.625,10.5833333333333
"TER-NFBF-T-01",2024-01-12,11.1041666666667,11.1458333333333,11.2083333333333
"TER-NFBF-T-01",2024-01-13,11.2291666666667,11.1458333333333,11.1666666666667
"TER-NFBF-T-01",2024-01-14,10.1875,10.0208333333333,10.1458333333333
"TER-NFBF-T-01",2024-01-15,9.39583333333333,9,8.89583333333333
"TER-NFBF-T-01",2024-01-16,9.04166666666667,8.6875,8.625
"TER-NFBF-T-01",2024-01-17,8.35416666666667,7.875,7.79166666666667
"TER-NFBF-T-01",2024-01-18,7.64583333333333,7.20833333333333,7.08333333333333
"TER-NFBF-T-01",2024-01-19,10.5625,10.9791666666667,10.9375
"TER-NFBF-T-01",2024-01-20,10.3333333333333,10.625,10.9375
"TER-NFBF-T-01",2024-01-21,13.1041666666667,13.4375,13.4375
"TER-NFBF-T-01",2024-01-22,12.8333333333333,12.8333333333333,12.875
"TER-NFBF-T-01",2024-01-23,12.5208333333333,12.6041666666667,12.625
"TER-NFBF-T-01",2024-01-24,12.0833333333333,12.1041666666667,12.0625
"TER-NFBF-T-01",2024-01-25,10.3333333333333,9.97916666666667,10
"TER-NFBF-T-01",2024-01-26,11.75,11.8541666666667,11.8958333333333
"TER-NFBF-T-01",2024-01-27,11.5833333333333,11.375,11.3541666666667
"TER-NFBF-T-01",2024-01-28,7.85416666666667,7.375,7.22916666666667
"TER-NFBF-T-01",2024-01-29,9.75,9.9375,9.89583333333333
"TER-NFBF-T-01",2024-01-30,10.9166666666667,11.1458333333333,11.25
"TER-NFBF-T-01",2024-01-31,9.70833333333333,9.85416666666667,9.91666666666667
"TER-NFBF-T-01",2024-02-01,11,11.2708333333333,11.3541666666667
"TER-NFBF-T-01",2024-02-02,11.5416666666667,12.0208333333333,12.2291666666667
"TER-NFBF-T-01",2024-02-03,10.625,10.8541666666667,11.1666666666667
"TER-NFBF-T-01",2024-02-04,10.8333333333333,11.2083333333333,11.3333333333333
"TER-NFBF-T-01",2024-02-05,12.3958333333333,12.6875,12.7083333333333
"TER-NFBF-T-01",2024-02-06,13.3333333333333,13.5,13.4791666666667
"TER-NFBF-T-01",2024-02-07,11.875,11.6458333333333,11.6041666666667
"TER-NFBF-T-01",2024-02-08,10.625,10.2916666666667,10.3541666666667
"TER-NFBF-T-01",2024-02-09,9.58333333333333,9.1875,9.125
"TER-NFBF-T-01",2024-02-10,11.5625,12.1875,12.2083333333333
"TER-NFBF-T-01",2024-02-11,11.625,11.6875,11.7291666666667
"TER-NFBF-T-01",2024-02-12,11.0416666666667,11.0416666666667,11.0416666666667
"TER-NFBF-T-01",2024-02-13,10.5416666666667,10.4375,10.4166666666667
"TER-NFBF-T-01",2024-02-14,8.89583333333333,8.6875,8.8125
"TER-NFBF-T-01",2024-02-15,12.1041666666667,12.5208333333333,12.5208333333333
"TER-NFBF-T-01",2024-02-16,13.3958333333333,13.6041666666667,13.625
"TER-NFBF-T-01",2024-02-17,12.25,12.2291666666667,12.4375
"TER-NFBF-T-01",2024-02-18,10.3541666666667,10.8541666666667,11.1875
"TER-NFBF-T-01",2024-02-19,11.9166666666667,12.3541666666667,12.5833333333333
"TER-NFBF-T-01",2024-02-20,11.4166666666667,11.6875,11.9166666666667
"TER-NFBF-T-01",2024-02-21,12.0208333333333,12.5208333333333,12.6666666666667
"TER-NFBF-T-01",2024-02-22,9.14583333333333,8.83333333333333,8.70833333333333
"TER-NFBF-T-01",2024-02-23,8.66666666666667,8.95833333333333,9.22916666666667
"TER-NFBF-T-01",2024-02-24,9.85416666666667,10.375,10.8333333333333
"TER-NFBF-T-01",2024-02-25,11.1041666666667,11.8333333333333,12
"TER-NFBF-T-01",2024-02-26,9.85416666666667,9.85416666666667,9.91666666666667
"TER-NFBF-T-01",2024-02-27,9.29166666666667,9.97916666666667,10.6458333333333
"TER-NFBF-T-01",2024-02-28,9.91666666666667,10.6458333333333,8.5
"TER-NFBF-T-01",2024-02-29,8.52083333333333,8.39583333333333,8.89583333333333
"TER-NFBF-T-01",2024-03-01,8.52083333333333,8.91666666666667,8.875
"TER-NFBF-T-01",2024-03-02,8.20833333333333,8.33333333333333,7.8125
"TER-NFBF-T-01",2024-03-03,8.375,8.41666666666667,7.25
"TER-NFBF-T-01",2024-03-04,6.89583333333333,7.04166666666667,8.52083333333333
"TER-NFBF-T-01",2024-03-05,7.9375,8.22916666666667,5.89583333333333
"TER-NFBF-T-01",2024-03-06,6.54166666666667,5.9375,9.39583333333333
"TER-NFBF-T-01",2024-03-07,8.22916666666667,8.52083333333333,9.0625
"TER-NFBF-T-01",2024-03-08,9.1875,9.45833333333333,10.2916666666667
"TER-NFBF-T-01",2024-03-09,9.41666666666667,9.95833333333333,10.6666666666667
"TER-NFBF-T-01",2024-03-10,9.95833333333333,10.2708333333333,11.0416666666667
"TER-NFBF-T-01",2024-03-11,11.0208333333333,11.1875,11.3333333333333
"TER-NFBF-T-01",2024-03-12,10.4583333333333,10.8333333333333,NA
"TER-NFBF-T-01",2024-03-13,NA,NA,NA
"TER-NFBF-T-01",2024-03-14,11.7291666666667,12.0833333333333,NA
"TER-NFBF-T-01",2024-03-15,11.8541666666667,12,NA
"TER-NFBF-T-01",2024-03-16,9.60416666666667,9.77083333333333,NA
"TER-NFBF-T-01",2024-03-17,9.83333333333333,10.2708333333333,NA
"TER-NFBF-T-01",2024-03-18,11.2916666666667,11.4791666666667,NA
"TER-NFBF-T-01",2024-03-19,8.83333333333333,8.77083333333333,NA
"TER-NFBF-T-01",2024-03-20,9,9.83333333333333,NA
"TER-NFBF-T-01",2024-03-21,10.1666666666667,10.6875,NA
"TER-NFBF-T-01",2024-03-22,10.8541666666667,11.3125,NA
"TER-NFBF-T-01",2024-03-23,9.625,9.4375,NA
"TER-NFBF-T-01",2024-03-24,9.4375,9.35416666666667,NA
"TER-NFBF-T-01",2024-03-25,8.29166666666667,8.14583333333333,NA
"TER-NFBF-T-01",2024-03-26,9.375,9.45833333333333,NA
"TER-NFBF-T-01",2024-03-27,8.6875,8.20833333333333,NA
"TER-NFBF-T-01",2024-03-28,5.5,5,NA
"TER-NFBF-T-01",2024-03-29,8.35416666666667,8.52083333333333,NA
"TER-NFBF-T-01",2024-03-30,8.375,8.39583333333333,NA
"TER-NFBF-T-01",2024-03-31,6.75,7.0625,NA
"TER-NFBF-T-01",2024-04-01,10.125,10.9375,NA
"TER-NFBF-T-01",2024-04-02,10.5,10.875,NA
"TER-NFBF-T-01",2024-04-03,11.2083333333333,11.2916666666667,NA
"TER-NFBF-T-01",2024-04-04,8.47916666666667,8.47916666666667,NA
"TER-NFBF-T-01",2024-04-05,7.5,6.9375,NA
"TER-NFBF-T-01",2024-04-06,8.66666666666667,8.97916666666667,NA
"TER-NFBF-T-01",2024-04-07,10.6666666666667,11.3125,NA
"TER-NFBF-T-01",2024-04-08,11.0208333333333,11.4583333333333,NA
"TER-NFBF-T-01",2024-04-09,12.625,12.8958333333333,NA
"TER-NFBF-T-01",2024-04-10,13.3125,13.5625,NA
"TER-NFBF-T-01",2024-04-11,13.2291666666667,13.3125,NA
"TER-NFBF-T-01",2024-04-12,11.4375,11.7291666666667,NA
"TER-NFBF-T-01",2024-04-13,11.4791666666667,11.4375,NA
"TER-NFBF-T-01",2024-04-14,10.6041666666667,10.4791666666667,NA
"TER-NFBF-T-01",2024-04-15,11.7083333333333,12.1875,NA
"TER-NFBF-T-01",2024-04-16,12.0416666666667,12.6875,NA
"TER-NFBF-T-01",2024-04-17,12.1458333333333,12.4375,NA
"TER-NFBF-T-01",2024-04-18,12.0833333333333,12.1666666666667,NA
"TER-NFBF-T-01",2024-04-19,11.625,11.7291666666667,NA
"TER-NFBF-T-01",2024-04-20,11.3333333333333,11.5,NA
"TER-NFBF-T-01",2024-04-21,12.1875,NA,NA
"TER-NFBF-T-01",2024-04-22,11.3333333333333,NA,NA
"TER-NFBF-T-01",2024-04-23,11.5,NA,NA
"TER-NFBF-T-01",2024-04-24,11.0416666666667,NA,NA
"TER-NFBF-T-01",2024-04-25,11.1458333333333,NA,NA
"TER-NFBF-T-01",2024-04-26,9.52083333333333,NA,NA
"TER-NFBF-T-01",2024-04-27,9.35416666666667,NA,NA
"TER-NFBF-T-01",2024-04-28,9.45833333333333,NA,NA
"TER-NFBF-T-01",2024-04-29,9.75,NA,NA
"TER-NFBF-T-01",2024-04-30,10.2708333333333,NA,NA
"TER-NFBF-T-01",2024-05-01,11.625,NA,NA
"TER-NFBF-T-01",2024-05-02,12.8333333333333,NA,NA
"TER-NFBF-T-01",2024-05-03,12.6875,NA,NA
"TER-NFBF-T-01",2024-05-04,12.7916666666667,NA,NA
"TER-NFBF-T-01",2024-05-05,12.6666666666667,NA,NA
"TER-NFBF-T-01",2024-05-06,14.1875,NA,NA
"TER-NFBF-T-01",2024-05-07,13.4791666666667,NA,NA
"TER-NFBF-T-01",2024-05-08,12.8125,NA,NA
"TER-NFBF-T-01",2024-05-09,12.3333333333333,NA,NA
"TER-NFBF-T-01",2024-05-10,12.8125,NA,NA
"TER-NFBF-T-01",2024-05-11,12.9583333333333,NA,NA
"TER-NFBF-T-01",2024-05-12,13.0208333333333,NA,NA
"TER-NFBF-T-01",2024-05-13,12.3333333333333,NA,NA
"TER-NFBF-T-01",2024-05-14,10.6458333333333,NA,NA
"TER-NFBF-T-01",2024-05-15,11.4166666666667,NA,NA
"TER-NFBF-T-01",2024-05-16,12,NA,NA
"TER-NFBF-T-01",2024-05-17,11.2291666666667,NA,NA
"TER-NFBF-T-01",2024-05-18,10.1666666666667,NA,NA
"TER-NFBF-T-01",2024-05-19,11.25,NA,NA
"TER-NFBF-T-01",2024-05-20,12.25,NA,NA
"TER-NFBF-T-01",2024-05-21,12.6458333333333,NA,NA
"TER-NFBF-T-01",2024-05-22,14.1458333333333,NA,NA
"TER-NFBF-T-01",2024-05-23,15.2291666666667,NA,NA
"TER-NFBF-T-01",2024-05-24,13.5208333333333,NA,NA
"TER-NFBF-T-01",2024-05-25,12.3333333333333,NA,NA
"TER-NFBF-T-01",2024-05-26,11.8333333333333,NA,NA
"TER-NFBF-T-01",2024-05-27,13.875,NA,NA
"TER-NFBF-T-01",2024-05-28,14.75,NA,NA
"TER-NFBF-T-01",2024-05-29,15.6458333333333,NA,NA
"TER-NFBF-T-01",2024-05-30,14.5208333333333,NA,NA
"TER-NFBF-T-01",2024-05-31,13.1041666666667,NA,NA
"TER-NFBF-T-01",2024-06-01,13.6458333333333,NA,NA
"TER-NFBF-T-01",2024-06-02,13.4791666666667,NA,NA
"TER-NFBF-T-01",2024-06-03,13.2291666666667,NA,NA
"TER-NFBF-T-01",2024-06-04,12.2708333333333,NA,NA
"TER-NFBF-T-01",2024-06-05,12.5,NA,NA
"TER-NFBF-T-01",2024-06-06,12.4375,NA,NA
"TER-NFBF-T-01",2024-06-07,12.8125,NA,NA
"TER-NFBF-T-01",2024-06-08,12.8333333333333,NA,NA
"TER-NFBF-T-01",2024-06-09,13.125,NA,NA
"TER-NFBF-T-01",2024-06-10,13.25,NA,NA
"TER-NFBF-T-01",2024-06-11,12.6041666666667,NA,NA
"TER-NFBF-T-01",2024-06-12,NA,NA,NA
"TER-NFBF-T-01",2024-06-13,14.2291666666667,12.375,16.6041666666667
"TER-NFBF-T-01",2024-06-14,13.9583333333333,11.3125,14.8541666666667
"TER-NFBF-T-01",2024-06-15,13.9166666666667,9.66666666666667,16.5
"TER-NFBF-T-01",2024-06-16,14.2083333333333,10.7708333333333,16.3541666666667
"TER-NFBF-T-01",2024-06-17,14.1458333333333,11.1458333333333,14.6458333333333
"TER-NFBF-T-01",2024-06-18,13.0833333333333,8.375,13.75
"TER-NFBF-T-01",2024-06-19,12.8333333333333,10.2708333333333,13.7083333333333
"TER-NFBF-T-01",2024-06-20,13.5416666666667,10.9166666666667,15.0625
"TER-NFBF-T-01",2024-06-21,13.7708333333333,11.1875,16.5625
"TER-NFBF-T-01",2024-06-22,14.4791666666667,9.08333333333333,15.8333333333333
"TER-NFBF-T-01",2024-06-23,15.7291666666667,9.375,16.625
"TER-NFBF-T-01",2024-06-24,14.9791666666667,8.22916666666667,15.6458333333333
"TER-NFBF-T-01",2024-06-25,14.125,9.875,14.8958333333333
"TER-NFBF-T-01",2024-06-26,13.7083333333333,6.91666666666667,16.2291666666667
"TER-NFBF-T-01",2024-06-27,14.6041666666667,5.47916666666667,16.7291666666667
"TER-NFBF-T-01",2024-06-28,14.7083333333333,9.04166666666667,17.0416666666667
"TER-NFBF-T-01",2024-06-29,14.6458333333333,7.64583333333333,16.6666666666667
"TER-NFBF-T-01",2024-06-30,14.2916666666667,7.83333333333333,15.6041666666667
"TER-NFBF-T-01",2024-07-01,14.9791666666667,11,16.875
"TER-NFBF-T-01",2024-07-02,15.1041666666667,11,18.3125
"TER-NFBF-T-01",2024-07-03,15.0625,10.7708333333333,16.6666666666667
"TER-NFBF-T-01",2024-07-04,14.8958333333333,8.20833333333333,16.4791666666667
"TER-NFBF-T-01",2024-07-05,14.2291666666667,7.10416666666667,17.1041666666667
"TER-NFBF-T-01",2024-07-06,15.2083333333333,9.85416666666667,17.7083333333333
"TER-NFBF-T-01",2024-07-07,15.5416666666667,10.7916666666667,18.875
"TER-NFBF-T-01",2024-07-08,16.2708333333333,12.0625,18.6458333333333
"TER-NFBF-T-01",2024-07-09,16.875,13,19.2083333333333
"TER-NFBF-T-01",2024-07-10,16.3958333333333,13.5208333333333,17.375
"TER-NFBF-T-01",2024-07-11,15.9791666666667,12.8333333333333,16.875
"TER-NFBF-T-01",2024-07-12,16.5416666666667,12.0416666666667,17.875
"TER-NFBF-T-01",2024-07-13,16.3125,11.2083333333333,16.9375
"TER-NFBF-T-01",2024-07-14,15.2916666666667,10.6041666666667,16.8541666666667
"TER-NFBF-T-01",2024-07-15,17.0625,12.3958333333333,18
"TER-NFBF-T-01",2024-07-16,17.0625,12.6458333333333,19.5625
"TER-NFBF-T-01",2024-07-17,16.75,12.3333333333333,17.4791666666667
"TER-NFBF-T-01",2024-07-18,16,12.125,16.4166666666667
"TER-NFBF-T-01",2024-07-19,15.6458333333333,11.3333333333333,18.3333333333333
"TER-NFBF-T-01",2024-07-20,16.375,12.1041666666667,20.3333333333333
"TER-NFBF-T-01",2024-07-21,16.4166666666667,NA,19.6875
"TER-NFBF-T-01",2024-07-22,16.4583333333333,NA,18.7291666666667
"TER-NFBF-T-01",2024-07-23,16.5,NA,18.7708333333333
"TER-NFBF-T-01",2024-07-24,15.7291666666667,NA,18.0416666666667
"TER-NFBF-T-01",2024-07-25,15.1458333333333,NA,18.5416666666667
"TER-NFBF-T-01",2024-07-26,17.8958333333333,NA,20.3958333333333
"TER-NFBF-T-01",2024-07-27,16.9583333333333,NA,19.2083333333333
"TER-NFBF-T-01",2024-07-28,16.4791666666667,NA,19.9166666666667
"TER-NFBF-T-01",2024-07-29,16.3333333333333,NA,20.9583333333333
"TER-NFBF-T-01",2024-07-30,16.1666666666667,NA,18.9583333333333
"TER-NFBF-T-01",2024-07-31,16.6041666666667,NA,17.9791666666667
"TER-NFBF-T-01",2024-08-01,16.5833333333333,NA,19.2083333333333
"TER-NFBF-T-01",2024-08-02,16.2708333333333,NA,18.5
"TER-NFBF-T-01",2024-08-03,16.0416666666667,NA,18.5625
"TER-NFBF-T-01",2024-08-04,16.6458333333333,NA,21.125
"TER-NFBF-T-01",2024-08-05,16.9583333333333,NA,21.25
"TER-NFBF-T-01",2024-08-06,16.75,NA,19.25
"TER-NFBF-T-01",2024-08-07,16.8541666666667,NA,18.25
"TER-NFBF-T-01",2024-08-08,16.75,NA,19.7708333333333
"TER-NFBF-T-01",2024-08-09,16.0416666666667,NA,18.5416666666667
"TER-NFBF-T-01",2024-08-10,18.0833333333333,NA,19.25
"TER-NFBF-T-01",2024-08-11,17.0208333333333,NA,17.4166666666667
"TER-NFBF-T-01",2024-08-12,15.6875,NA,17.8541666666667
"TER-NFBF-T-01",2024-08-13,16.9375,NA,20.3541666666667
"TER-NFBF-T-01",2024-08-14,17.0208333333333,NA,21.0208333333333
"TER-NFBF-T-01",2024-08-15,16.9791666666667,NA,20.3333333333333
"TER-NFBF-T-01",2024-08-16,17.1458333333333,NA,20.4583333333333
"TER-NFBF-T-01",2024-08-17,16.8958333333333,NA,19.8125
"TER-NFBF-T-01",2024-08-18,16.6041666666667,NA,NA
"TER-NFBF-T-01",2024-08-19,NA,NA,NA
"TER-NFBF-T-01",2024-08-20,16.5208333333333,NA,NA
"TER-NFBF-T-01",2024-08-21,16.6666666666667,NA,NA
"TER-NFBF-T-01",2024-08-22,16.7083333333333,NA,NA
"TER-NFBF-T-01",2024-08-23,17.4583333333333,NA,NA
"TER-NFBF-T-01",2024-08-24,17.2708333333333,NA,NA
"TER-NFBF-T-01",2024-08-25,16.3333333333333,NA,NA
"TER-NFBF-T-01",2024-08-26,17.9375,NA,NA
"TER-NFBF-T-01",2024-08-27,17.375,NA,NA
"TER-NFBF-T-01",2024-08-28,16.8958333333333,NA,NA
"TER-NFBF-T-01",2024-08-29,16.5833333333333,NA,NA
"TER-NFBF-T-01",2024-08-30,17.8958333333333,NA,NA
"TER-NFBF-T-01",2024-08-31,18.5,NA,NA
"TER-NFBF-T-01",2024-09-01,16.875,NA,NA
"TER-NFBF-T-01",2024-09-02,15.9375,NA,NA
"TER-NFBF-T-01",2024-09-03,15.875,NA,NA
"TER-NFBF-T-01",2024-09-04,15.75,NA,NA
"TER-NFBF-T-01",2024-09-05,15.75,NA,NA
"TER-NFBF-T-01",2024-09-06,15.4166666666667,NA,NA
"TER-NFBF-T-01",2024-09-07,15.5625,NA,NA
"TER-NFBF-T-01",2024-09-08,16.1875,NA,NA
"TER-NFBF-T-01",2024-09-09,15.5416666666667,NA,NA
"TER-NFBF-T-01",2024-09-10,16.0833333333333,NA,NA
"TER-NFBF-T-01",2024-09-11,16.0833333333333,NA,NA
"TER-NFBF-T-01",2024-09-12,NA,NA,NA
"TER-NFBF-T-01",2024-09-13,16.2291666666667,NA,NA
"TER-NFBF-T-01",2024-09-14,15.2083333333333,NA,NA
"TER-NFBF-T-01",2024-09-15,16.1458333333333,NA,NA
"TER-NFBF-T-01",2024-09-16,16.4583333333333,NA,NA
"TER-NFBF-T-01",2024-09-17,16.8958333333333,NA,NA
"TER-NFBF-T-01",2024-09-18,15.6458333333333,NA,NA
"TER-NFBF-T-01",2024-09-19,15.1875,NA,NA
"TER-NFBF-T-01",2024-09-20,15.75,NA,NA
"TER-NFBF-T-01",2024-09-21,14.2916666666667,NA,NA
"TER-NFBF-T-01",2024-09-22,16.25,NA,NA
"TER-NFBF-T-01",2024-09-23,16.7291666666667,NA,NA
"TER-NFBF-T-01",2024-09-24,18.2916666666667,NA,NA
"TER-NFBF-T-01",2024-09-25,18.4166666666667,NA,NA
"TER-NFBF-T-01",2024-09-26,15.9375,NA,NA
"TER-NFBF-T-01",2024-09-27,17.7291666666667,NA,NA
"TER-NFBF-T-01",2024-09-28,18.0625,NA,NA
"TER-NFBF-T-01",2024-09-29,18.9791666666667,NA,NA
"TER-NFBF-T-01",2024-09-30,19.3958333333333,NA,NA
"TER-NFBF-T-01",2024-10-01,19.7708333333333,NA,NA
"TER-NFBF-T-01",2024-10-02,19.625,NA,NA
"TER-NFBF-T-01",2024-10-03,19.5416666666667,NA,NA
"TER-NFBF-T-01",2024-10-04,19.0416666666667,NA,NA
"TER-NFBF-T-01",2024-10-05,17,NA,NA
"TER-NFBF-T-01",2024-10-06,13.9375,NA,NA
"TER-NFBF-T-01",2024-10-07,15.5833333333333,NA,NA
"TER-NFBF-T-01",2024-10-08,17.2916666666667,NA,NA
"TER-NFBF-T-01",2024-10-09,16.8333333333333,NA,NA
"TER-NFBF-T-01",2024-10-10,16.0833333333333,NA,NA
"TER-NFBF-T-01",2024-10-11,12.75,NA,NA
"TER-NFBF-T-01",2024-10-12,14.375,NA,NA
"TER-NFBF-T-01",2024-10-13,16.3541666666667,NA,NA
"TER-NFBF-T-01",2024-10-14,15.7708333333333,NA,NA
"TER-NFBF-T-01",2024-10-15,14.0625,NA,NA
"TER-NFBF-T-01",2024-10-16,12.8541666666667,NA,NA
"TER-NFBF-T-01",2024-10-17,12.9166666666667,NA,NA
"TER-NFBF-T-01",2024-10-18,15.125,NA,NA
"TER-NFBF-T-01",2024-10-19,16.3125,NA,NA
"TER-NFBF-T-01",2024-10-20,12.5625,NA,NA
"TER-NFBF-T-01",2024-10-21,11.3541666666667,NA,NA
"TER-NFBF-T-01",2024-10-22,13.2291666666667,NA,NA
"TER-NFBF-T-01",2024-10-23,15.8333333333333,NA,NA
"TER-NFBF-T-01",2024-10-24,11.6041666666667,NA,NA
"TER-NFBF-T-01",2024-10-25,11.125,NA,NA
"TER-NFBF-T-01",2024-10-26,11.7916666666667,NA,NA
"TER-NFBF-T-01",2024-10-27,12.2708333333333,NA,NA
"TER-NFBF-T-01",2024-10-28,12.2291666666667,NA,NA
"TER-NFBF-T-01",2024-10-29,13.1666666666667,NA,NA
"TER-NFBF-T-01",2024-10-30,13.9791666666667,NA,NA
"TER-NFBF-T-01",2024-10-31,14.7083333333333,NA,NA
"TER-NFBF-T-01",2024-11-01,16.4166666666667,NA,NA
"TER-NFBF-T-01",2024-11-02,14.5416666666667,NA,NA
"TER-NFBF-T-01",2024-11-03,14.5833333333333,NA,NA
"TER-NFBF-T-01",2024-11-04,13.9583333333333,NA,NA
"TER-NFBF-T-01",2024-11-05,14.5208333333333,NA,NA
"TER-NFBF-T-01",2024-11-06,10.625,NA,NA
"TER-NFBF-T-01",2024-11-07,10.7083333333333,NA,NA
"TER-NFBF-T-01",2024-11-08,14.8333333333333,NA,NA
"TER-NFBF-T-01",2024-11-09,15.5208333333333,NA,NA
"TER-NFBF-T-01",2024-11-10,14.8125,NA,NA
"TER-NFBF-T-01",2024-11-11,15.3958333333333,NA,NA
"TER-NFBF-T-01",2024-11-12,16.0625,NA,NA
"TER-NFBF-T-01",2024-11-13,14.3958333333333,NA,NA
"TER-NFBF-T-01",2024-11-14,12.2916666666667,NA,NA
"TER-NFBF-T-01",2024-11-15,12,NA,NA
"TER-NFBF-T-01",2024-11-16,12.2083333333333,NA,NA
"TER-NFBF-T-01",2024-11-17,12.75,NA,NA
"TER-NFBF-T-01",2024-11-18,13.25,NA,NA
"TER-NFBF-T-01",2024-11-19,12.8125,NA,NA
"TER-NFBF-T-01",2024-11-20,12.9583333333333,NA,NA
"TER-NFBF-T-01",2024-11-21,14.1875,NA,NA
"TER-NFBF-T-01",2024-11-22,15.1458333333333,NA,NA
"TER-NFBF-T-01",2024-11-23,11.8333333333333,NA,NA
"TER-NFBF-T-01",2024-11-24,9.33333333333333,NA,NA
"TER-NFBF-T-01",2024-11-25,12.6666666666667,NA,NA
"TER-NFBF-T-01",2024-11-26,14.4375,NA,NA
"TER-NFBF-T-01",2024-11-27,11.6666666666667,NA,NA
"TER-NFBF-T-01",2024-11-28,11.5625,NA,NA
"TER-NFBF-T-01",2024-11-29,11.25,NA,NA
"TER-NFBF-T-01",2024-11-30,10.5833333333333,NA,NA
"TER-NFBF-T-01",2024-12-01,12.375,NA,NA
"TER-NFBF-T-01",2024-12-02,12.4583333333333,NA,NA
"TER-NFBF-T-01",2024-12-03,11.6458333333333,NA,NA
"TER-NFBF-T-01",2024-12-04,12.6666666666667,NA,NA
"TER-NFBF-T-01",2024-12-05,12.8958333333333,NA,NA
"TER-NFBF-T-01",2024-12-06,13.2291666666667,NA,NA
"TER-NFBF-T-01",2024-12-07,12.8125,NA,NA
"TER-NFBF-T-01",2024-12-08,12.6458333333333,NA,NA
"TER-NFBF-T-01",2024-12-09,11.125,NA,NA
"TER-NFBF-T-01",2024-12-10,11.9166666666667,NA,NA
"TER-NFBF-T-01",2024-12-11,11.3125,NA,NA
"TER-NFBF-T-01",2024-12-12,10.3958333333333,NA,NA
"TER-NFBF-T-01",2024-12-13,9.29166666666667,NA,NA
"TER-NFBF-T-01",2024-12-14,9.29166666666667,NA,NA
"TER-NFBF-T-01",2024-12-15,11.6875,NA,NA
"TER-NFBF-T-01",2024-12-16,11.0208333333333,NA,NA
"TER-NFBF-T-01",2024-12-17,10.4166666666667,NA,NA
"TER-NFBF-T-01",2024-12-18,NA,NA,NA
"TER-NFBF-T-01",2024-12-19,NA,NA,NA
"TER-NFBF-T-01",2024-12-20,NA,NA,NA
"TER-NFBF-T-01",2024-12-21,NA,NA,NA
"TER-NFBF-T-01",2024-12-22,NA,NA,NA
"TER-NFBF-T-01",2024-12-23,NA,NA,NA
"TER-NFBF-T-01",2024-12-24,NA,NA,NA
"TER-NFBF-T-01",2024-12-25,NA,NA,NA
"TER-NFBF-T-01",2024-12-26,NA,NA,NA
"TER-NFBF-T-01",2024-12-27,NA,NA,NA
"TER-NFBF-T-01",2024-12-28,NA,NA,NA
"TER-NFBF-T-01",2024-12-29,NA,NA,NA
"TER-NFBF-T-01",2024-12-30,NA,NA,NA
"TER-NFBF-T-01",2024-12-31,NA,NA,NA
"TER-NFBF-T-01",2025-01-01,NA,NA,NA
"TER-NFBF-T-01",2025-01-02,NA,NA,NA
"TER-NFBF-T-01",2025-01-03,NA,NA,NA
"TER-NFBF-T-01",2025-01-04,NA,NA,NA
"TER-NFBF-T-01",2025-01-05,NA,NA,NA
"TER-NFBF-T-01",2025-01-06,NA,NA,NA
"TER-NFBF-T-01",2025-01-07,NA,NA,NA
"TER-NFBF-T-01",2025-01-08,NA,NA,NA
"TER-NFBF-T-01",2025-01-09,NA,NA,NA
"TER-NFBF-T-01",2025-01-10,NA,NA,NA
"TER-NFBF-T-01",2025-01-11,NA,NA,NA
"TER-NFBF-T-01",2025-01-12,NA,NA,NA
"TER-NFBF-T-01",2025-01-13,NA,NA,NA
"TER-NFBF-T-01",2025-01-14,NA,NA,NA
"TER-NFBF-T-01",2025-01-15,NA,NA,NA
"TER-NFBF-T-01",2025-01-16,NA,NA,NA
"TER-NFBF-T-01",2025-01-17,NA,NA,NA
"TER-NFBF-T-01",2025-01-18,NA,NA,NA
"TER-NFBF-T-01",2025-01-19,NA,NA,NA
"TER-NFBF-T-01",2025-01-20,NA,NA,NA
"TER-NFBF-T-01",2025-01-21,NA,NA,NA
"TER-NFBF-T-01",2025-01-22,NA,NA,NA
"TER-NFBF-T-01",2025-01-23,NA,NA,NA
"TER-NFBF-T-01",2025-01-24,NA,NA,NA
"TER-NFBF-T-01",2025-01-25,NA,NA,NA
"TER-NFBF-T-01",2025-01-26,NA,NA,NA
"TER-NFBF-T-01",2025-01-27,NA,NA,NA
"TER-NFBF-T-01",2025-01-28,NA,NA,NA
"TER-NFBF-T-01",2025-01-29,NA,NA,NA
"TER-NFBF-T-01",2025-01-30,NA,NA,NA
"TER-NFBF-T-01",2025-01-31,NA,NA,NA
"TER-NFBF-T-01",2025-02-01,NA,NA,NA
"TER-NFBF-T-01",2025-02-02,NA,NA,NA
"TER-NFBF-T-01",2025-02-03,NA,NA,NA
"TER-NFBF-T-01",2025-02-04,NA,NA,NA
"TER-NFBF-T-01",2025-02-05,NA,NA,NA
"TER-NFBF-T-01",2025-02-06,NA,NA,NA
"TER-NFBF-T-01",2025-02-07,NA,NA,NA
"TER-NFBF-T-01",2025-02-08,NA,NA,NA
"TER-NFBF-T-01",2025-02-09,NA,NA,NA
"TER-NFBF-T-01",2025-02-10,NA,NA,NA
"TER-NFBF-T-01",2025-02-11,NA,NA,NA
"TER-NFBF-T-01",2025-02-12,NA,NA,NA
"TER-NFBF-T-01",2025-02-13,NA,NA,NA
"TER-NFBF-T-01",2025-02-14,NA,NA,NA
"TER-NFBF-T-01",2025-02-15,NA,NA,NA
"TER-NFBF-T-01",2025-02-16,NA,NA,NA
"TER-NFBF-T-01",2025-02-17,NA,NA,NA
"TER-NFBF-T-01",2025-02-18,NA,NA,NA
"TER-NFBF-T-01",2025-02-19,NA,NA,NA
"TER-NFBF-T-01",2025-02-20,NA,NA,NA
"TER-NFBF-T-01",2025-02-21,NA,NA,NA
"TER-NFBF-T-01",2025-02-22,NA,NA,NA
"TER-NFBF-T-01",2025-02-23,NA,NA,NA
"TER-NFBF-T-01",2025-02-24,NA,NA,NA
"TER-NFBF-T-01",2025-02-25,NA,NA,NA
"TER-NFBF-T-01",2025-02-26,NA,NA,NA
"TER-NFBF-T-01",2025-02-27,NA,NA,NA
"TER-NFBF-T-01",2025-02-28,NA,NA,NA
"TER-NFBF-T-01",2025-03-01,NA,NA,NA
"TER-NFBF-T-01",2025-03-02,NA,NA,NA
"TER-NFBF-T-01",2025-03-03,NA,NA,NA
"TER-NFBF-T-01",2025-03-04,NA,NA,NA
"TER-NFBF-T-01",2025-03-05,NA,NA,NA
"TER-NFBF-T-01",2025-03-06,NA,NA,NA
"TER-NFBF-T-01",2025-03-07,NA,NA,NA
"TER-NFBF-T-01",2025-03-08,NA,NA,NA
"TER-NFBF-T-01",2025-03-09,NA,NA,NA
"TER-NFBF-T-01",2025-03-10,NA,NA,NA
"TER-NFBF-T-01",2025-03-11,NA,NA,NA
"TER-NFBF-T-01",2025-03-12,NA,NA,NA
"TER-NFBF-T-01",2025-03-13,NA,NA,NA
"TER-NFBF-T-01",2025-03-14,NA,NA,NA
"TER-NFBF-T-01",2025-03-15,NA,NA,NA
"TER-NFBF-T-01",2025-03-16,NA,NA,NA
"TER-NFBF-T-01",2025-03-17,NA,NA,NA
"TER-NFBF-T-01",2025-03-18,NA,NA,NA
"TER-NFBF-T-01",2025-03-19,NA,NA,NA
"TER-NFBF-T-01",2025-03-20,NA,NA,NA
"TER-NFBF-T-01",2025-03-21,NA,NA,NA
"TER-NFBF-T-01",2025-03-22,NA,NA,NA
"TER-NFBF-T-01",2025-03-23,NA,NA,NA
"TER-NFBF-T-01",2025-03-24,NA,NA,NA
"TER-NFBF-T-01",2025-03-25,NA,NA,NA
"TER-NFBF-T-01",2025-03-26,NA,NA,NA
"TER-NFBF-T-01",2025-03-27,NA,NA,NA
"TER-NFBF-T-01",2025-03-28,NA,NA,NA
"TER-NFBF-T-01",2025-03-29,NA,NA,NA
"TER-NFBF-T-01",2025-03-30,NA,NA,NA
"TER-NFBF-T-01",2025-03-31,NA,NA,NA
"TER-NFBF-T-01",2025-04-01,NA,NA,NA
"TER-NFBF-T-01",2025-04-02,NA,NA,NA
"TER-NFBF-T-01",2025-04-03,NA,NA,NA
"TER-NFBF-T-01",2025-04-04,NA,NA,NA
"TER-NFBF-T-01",2025-04-05,NA,NA,NA
"TER-NFBF-T-01",2025-04-06,NA,NA,NA
"TER-NFBF-T-01",2025-04-07,NA,NA,NA
"TER-NFBF-T-01",2025-04-08,NA,NA,NA
"TER-NFBF-T-01",2025-04-09,NA,NA,NA
"TER-NFBF-T-01",2025-04-10,NA,NA,NA
"TER-NFBF-T-01",2025-04-11,NA,NA,NA
"TER-NFBF-T-01",2025-04-12,NA,NA,NA
"TER-NFBF-T-01",2025-04-13,NA,NA,NA
"TER-NFBF-T-01",2025-04-14,NA,NA,NA
"TER-NFBF-T-01",2025-04-15,NA,NA,NA
"TER-NFBF-T-01",2025-04-16,NA,NA,NA
"TER-NFBF-T-01",2025-04-17,NA,NA,NA
"TER-NFBF-T-01",2025-04-18,NA,NA,NA
"TER-NFBF-T-01",2025-04-19,NA,NA,NA
"TER-NFBF-T-01",2025-04-20,NA,NA,NA
"TER-NFBF-T-01",2025-04-21,NA,NA,NA
"TER-NFBF-T-01",2025-04-22,NA,NA,NA
"TER-NFBF-T-01",2025-04-23,NA,NA,NA
"TER-NFBF-T-01",2025-04-24,NA,NA,NA
"TER-NFBF-T-01",2025-04-25,NA,NA,NA
"TER-NFBF-T-01",2025-04-26,NA,NA,NA
"TER-NFBF-T-01",2025-04-27,NA,NA,NA
"TER-NFBF-T-01",2025-04-28,NA,NA,NA
"TER-NFBF-T-01",2025-04-29,NA,NA,NA
"TER-NFBF-T-01",2025-04-30,NA,NA,NA
"TER-NFBF-T-01",2025-05-01,NA,NA,NA
"TER-NFBF-T-01",2025-05-02,NA,NA,NA
"TER-NFBF-T-01",2025-05-03,NA,NA,NA
"TER-NFBF-T-01",2025-05-04,NA,NA,NA
"TER-NFBF-T-01",2025-05-05,NA,NA,NA
"TER-NFBF-T-01",2025-05-06,NA,NA,NA
"TER-NFBF-T-01",2025-05-07,NA,NA,NA
"TER-NFBF-T-01",2025-05-08,NA,NA,NA
"TER-NFBF-T-01",2025-05-09,NA,NA,NA
"TER-NFBF-T-01",2025-05-10,NA,NA,NA
"TER-NFBF-T-01",2025-05-11,NA,NA,NA
"TER-NFBF-T-01",2025-05-12,NA,NA,NA
"TER-NFBF-T-01",2025-05-13,NA,NA,NA
"TER-NFBF-T-01",2025-05-14,NA,NA,NA
"TER-NFBF-T-01",2025-05-15,NA,NA,NA
"TER-NFBF-T-01",2025-05-16,NA,NA,NA
"TER-NFBF-T-01",2025-05-17,NA,NA,NA
"TER-NFBF-T-01",2025-05-18,NA,NA,NA
"TER-NFBF-T-01",2025-05-19,NA,NA,NA
"TER-NFBF-T-01",2025-05-20,NA,NA,NA
"TER-NFBF-T-01",2025-05-21,NA,NA,NA
"TER-NFBF-T-01",2025-05-22,NA,NA,NA
"TER-NFBF-T-01",2025-05-23,NA,NA,NA
"TER-NFBF-T-01",2025-05-24,NA,NA,NA
"TER-NFBF-T-01",2025-05-25,NA,NA,NA
"TER-NFBF-T-01",2025-05-26,NA,NA,NA
"TER-NFBF-T-01",2025-05-27,NA,NA,NA
"TER-NFBF-T-01",2025-05-28,NA,NA,NA
"TER-NFBF-T-01",2025-05-29,NA,NA,NA
"TER-NFBF-T-01",2025-05-30,NA,NA,NA
"TER-NFBF-T-01",2025-05-31,NA,NA,NA
"TER-NFBF-T-01",2025-06-01,NA,NA,NA
"TER-NFBF-T-01",2025-06-02,NA,NA,NA
"TER-NFBF-T-01",2025-06-03,NA,NA,NA
"TER-NFBF-T-01",2025-06-04,NA,NA,NA
"TER-NFBF-T-01",2025-06-05,NA,NA,NA
"TER-NFBF-T-01",2025-06-06,NA,NA,NA
"TER-NFBF-T-01",2025-06-07,NA,NA,NA
"TER-NFBF-T-01",2025-06-08,NA,NA,NA
"TER-NFBF-T-01",2025-06-09,NA,NA,NA
"TER-NFBF-T-01",2025-06-10,NA,NA,NA
"TER-NFBF-T-01",2025-06-11,NA,NA,NA
"TER-NFBF-T-01",2025-06-12,NA,NA,NA
"TER-NFBF-T-02",2023-08-09,NA,NA,NA
"TER-NFBF-T-02",2023-08-10,NA,NA,NA
"TER-NFBF-T-02",2023-08-11,18.5833333333333,18.3333333333333,18.4166666666667
"TER-NFBF-T-02",2023-08-12,18.625,18.6666666666667,18.6041666666667
"TER-NFBF-T-02",2023-08-13,20.0625,20.25,20.25
"TER-NFBF-T-02",2023-08-14,19.8125,19.9583333333333,20.2916666666667
"TER-NFBF-T-02",2023-08-15,19.8333333333333,19.7708333333333,19.9583333333333
"TER-NFBF-T-02",2023-08-16,20.9166666666667,21.2291666666667,21.5
"TER-NFBF-T-02",2023-08-17,21.0625,21.6666666666667,21.7708333333333
"TER-NFBF-T-02",2023-08-18,19.1041666666667,18.625,18.7708333333333
"TER-NFBF-T-02",2023-08-19,17.6458333333333,17.375,17.625
"TER-NFBF-T-02",2023-08-20,17.25,17,16.875
"TER-NFBF-T-02",2023-08-21,17.3541666666667,16.8541666666667,16.7083333333333
"TER-NFBF-T-02",2023-08-22,16.2708333333333,15.3958333333333,15.4791666666667
"TER-NFBF-T-02",2023-08-23,16.3541666666667,15.8958333333333,15.8333333333333
"TER-NFBF-T-02",2023-08-24,16.0833333333333,15.7083333333333,15.75
"TER-NFBF-T-02",2023-08-25,17.5833333333333,17.5,17.5
"TER-NFBF-T-02",2023-08-26,17.8125,17.8333333333333,17.8125
"TER-NFBF-T-02",2023-08-27,17.5833333333333,17.625,17.5625
"TER-NFBF-T-02",2023-08-28,18.2916666666667,18.6458333333333,18.6458333333333
"TER-NFBF-T-02",2023-08-29,18.9583333333333,19.2083333333333,19.2291666666667
"TER-NFBF-T-02",2023-08-30,17.6666666666667,18.1875,17.9375
"TER-NFBF-T-02",2023-08-31,17.6041666666667,17.7916666666667,17.9166666666667
"TER-NFBF-T-02",2023-09-01,18.3958333333333,18.7916666666667,18.9583333333333
"TER-NFBF-T-02",2023-09-02,17.9583333333333,18.1666666666667,18.1041666666667
"TER-NFBF-T-02",2023-09-03,18.1458333333333,18.4166666666667,18.3125
"TER-NFBF-T-02",2023-09-04,18.2708333333333,18.3958333333333,18.5
"TER-NFBF-T-02",2023-09-05,17.1458333333333,16.9375,17.0833333333333
"TER-NFBF-T-02",2023-09-06,16.7291666666667,16.3958333333333,16.375
"TER-NFBF-T-02",2023-09-07,16.7083333333333,16.1875,16.1458333333333
"TER-NFBF-T-02",2023-09-08,16.3125,15.8333333333333,15.7291666666667
"TER-NFBF-T-02",2023-09-09,16.4375,15.9583333333333,16
"TER-NFBF-T-02",2023-09-10,15.6875,15.4375,15.2916666666667
"TER-NFBF-T-02",2023-09-11,16.4583333333333,17.0416666666667,16.8541666666667
"TER-NFBF-T-02",2023-09-12,17.625,17.9375,17.8958333333333
"TER-NFBF-T-02",2023-09-13,18.4166666666667,18.6875,18.5833333333333
"TER-NFBF-T-02",2023-09-14,18.5625,18.9166666666667,18.9166666666667
"TER-NFBF-T-02",2023-09-15,16.1041666666667,15.6666666666667,15.6458333333333
"TER-NFBF-T-02",2023-09-16,14.5,14.5,14.6041666666667
"TER-NFBF-T-02",2023-09-17,14.8958333333333,14.4375,14.5208333333333
"TER-NFBF-T-02",2023-09-18,15.4375,15.1875,15.2083333333333
"TER-NFBF-T-02",2023-09-19,16.4791666666667,16.6875,16.5208333333333
"TER-NFBF-T-02",2023-09-20,15.75,19.0416666666667,19.0833333333333
"TER-NFBF-T-02",2023-09-21,15.7708333333333,14.7291666666667,14.875
"TER-NFBF-T-02",2023-09-22,17.125,16.7083333333333,16.7708333333333
"TER-NFBF-T-02",2023-09-23,17.0416666666667,18.5208333333333,18.5
"TER-NFBF-T-02",2023-09-24,17.0625,15.4791666666667,15.5833333333333
"TER-NFBF-T-02",2023-09-25,15.8333333333333,16.5,16.75
"TER-NFBF-T-02",2023-09-26,14.5,16.6666666666667,16.6041666666667
"TER-NFBF-T-02",2023-09-27,16.625,16.6666666666667,16.6041666666667
"TER-NFBF-T-02",2023-09-28,15.0833333333333,16.5208333333333,16.4583333333333
"TER-NFBF-T-02",2023-09-29,15.3333333333333,18.4583333333333,18.4791666666667
"TER-NFBF-T-02",2023-09-30,15.75,16.2916666666667,16.0416666666667
"TER-NFBF-T-02",2023-10-01,16.125,15.125,15.25
"TER-NFBF-T-02",2023-10-02,15.5,13.8958333333333,13.6666666666667
"TER-NFBF-T-02",2023-10-03,15.1666666666667,15.5833333333333,15.5
"TER-NFBF-T-02",2023-10-04,15.6875,18.25,18.25
"TER-NFBF-T-02",2023-10-05,16.3125,18.2083333333333,18.1041666666667
"TER-NFBF-T-02",2023-10-06,16.2083333333333,15.9375,15.9166666666667
"TER-NFBF-T-02",2023-10-07,16.6458333333333,14.5,14.4375
"TER-NFBF-T-02",2023-10-08,13.1458333333333,15.25,15.1666666666667
"TER-NFBF-T-02",2023-10-09,13.4583333333333,15.25,15.2916666666667
"TER-NFBF-T-02",2023-10-10,13.3125,16.1458333333333,16.0625
"TER-NFBF-T-02",2023-10-11,13.5208333333333,15.6875,15.5833333333333
"TER-NFBF-T-02",2023-10-12,13.6458333333333,14.75,14.7083333333333
"TER-NFBF-T-02",2023-10-13,13.7291666666667,14.5833333333333,14.4166666666667
"TER-NFBF-T-02",2023-10-14,12.0208333333333,16.1458333333333,15.9583333333333
"TER-NFBF-T-02",2023-10-15,11.3958333333333,18.2291666666667,18.0625
"TER-NFBF-T-02",2023-10-16,13.4166666666667,15.9583333333333,15.8333333333333
"TER-NFBF-T-02",2023-10-17,13.3333333333333,15.7916666666667,15.8125
"TER-NFBF-T-02",2023-10-18,13.3958333333333,17.3333333333333,17.5208333333333
"TER-NFBF-T-02",2023-10-19,11.0208333333333,13.25,13.1875
"TER-NFBF-T-02",2023-10-20,10.4375,12.25,12.0416666666667
"TER-NFBF-T-02",2023-10-21,11.5,NA,12.3333333333333
"TER-NFBF-T-02",2023-10-22,14.9583333333333,NA,12.4583333333333
"TER-NFBF-T-02",2023-10-23,13.3333333333333,NA,14.4583333333333
"TER-NFBF-T-02",2023-10-24,13.2916666666667,NA,17.7083333333333
"TER-NFBF-T-02",2023-10-25,12.0208333333333,NA,16.75
"TER-NFBF-T-02",2023-10-26,11.9791666666667,NA,11.7083333333333
"TER-NFBF-T-02",2023-10-27,13.7291666666667,NA,12.5
"TER-NFBF-T-02",2023-10-28,11.4375,NA,12.3541666666667
"TER-NFBF-T-02",2023-10-29,9.70833333333333,NA,10.625
"TER-NFBF-T-02",2023-10-30,11.2916666666667,NA,10.9583333333333
"TER-NFBF-T-02",2023-10-31,9.60416666666667,NA,13.0416666666667
"TER-NFBF-T-02",2023-11-01,9.5625,NA,15.1875
"TER-NFBF-T-02",2023-11-02,11.375,NA,12.4583333333333
"TER-NFBF-T-02",2023-11-03,NA,NA,15.4166666666667
"TER-NFBF-T-02",2023-11-04,NA,NA,10.3333333333333
"TER-NFBF-T-02",2023-11-05,NA,NA,9.54166666666667
"TER-NFBF-T-02",2023-11-06,NA,NA,9.70833333333333
"TER-NFBF-T-02",2023-11-07,NA,NA,13.8541666666667
"TER-NFBF-T-02",2023-11-08,NA,NA,16.125
"TER-NFBF-T-02",2023-11-09,NA,NA,16.1666666666667
"TER-NFBF-T-02",2023-11-10,NA,NA,17.125
"TER-NFBF-T-02",2023-11-11,NA,NA,15.375
"TER-NFBF-T-02",2023-11-12,NA,NA,15.5
"TER-NFBF-T-02",2023-11-13,NA,NA,12.4375
"TER-NFBF-T-02",2023-11-14,NA,NA,13.8541666666667
"TER-NFBF-T-02",2023-11-15,NA,NA,16.9375
"TER-NFBF-T-02",2023-11-16,NA,NA,16.7916666666667
"TER-NFBF-T-02",2023-11-17,NA,NA,14.8958333333333
"TER-NFBF-T-02",2023-11-18,NA,NA,12.0416666666667
"TER-NFBF-T-02",2023-11-19,NA,NA,10.5208333333333
"TER-NFBF-T-02",2023-11-20,NA,NA,11.7291666666667
"TER-NFBF-T-02",2023-11-21,NA,NA,14.4583333333333
"TER-NFBF-T-02",2023-11-22,NA,NA,13.4375
"TER-NFBF-T-02",2023-11-23,NA,NA,13.6666666666667
"TER-NFBF-T-02",2023-11-24,NA,NA,15.5208333333333
"TER-NFBF-T-02",2023-11-25,NA,NA,16.4166666666667
"TER-NFBF-T-02",2023-11-26,NA,NA,16.25
"TER-NFBF-T-02",2023-11-27,NA,NA,14.2083333333333
"TER-NFBF-T-02",2023-11-28,NA,NA,13.9166666666667
"TER-NFBF-T-02",2023-11-29,NA,NA,13.4375
"TER-NFBF-T-02",2023-11-30,NA,NA,8.45833333333333
"TER-NFBF-T-02",2023-12-01,NA,NA,8.47916666666667
"TER-NFBF-T-02",2023-12-02,NA,NA,10.5
"TER-NFBF-T-02",2023-12-03,NA,NA,7.91666666666667
"TER-NFBF-T-02",2023-12-04,NA,NA,8.70833333333333
"TER-NFBF-T-02",2023-12-05,NA,NA,13.2708333333333
"TER-NFBF-T-02",2023-12-06,NA,NA,14.875
"TER-NFBF-T-02",2023-12-07,NA,NA,11.5208333333333
"TER-NFBF-T-02",2023-12-08,NA,NA,15.1875
"TER-NFBF-T-02",2023-12-09,NA,NA,14.4583333333333
"TER-NFBF-T-02",2023-12-10,NA,NA,12.8958333333333
"TER-NFBF-T-02",2023-12-11,NA,NA,NA
"TER-NFBF-T-02",2023-12-12,9.54166666666667,9.04166666666667,8.875
"TER-NFBF-T-02",2023-12-13,9.0625,8.5625,8.375
"TER-NFBF-T-02",2023-12-14,9.91666666666667,9.79166666666667,9.6875
"TER-NFBF-T-02",2023-12-15,12.2291666666667,14.2083333333333,14.1458333333333
"TER-NFBF-T-02",2023-12-16,NA,15.5625,15.5416666666667
"TER-NFBF-T-02",2023-12-17,NA,15.6041666666667,15.5208333333333
"TER-NFBF-T-02",2023-12-18,NA,13.6458333333333,13.5208333333333
"TER-NFBF-T-02",2023-12-19,NA,10.0208333333333,9.91666666666667
"TER-NFBF-T-02",2023-12-20,NA,11.7916666666667,11.7708333333333
"TER-NFBF-T-02",2023-12-21,NA,9.85416666666667,9.8125
"TER-NFBF-T-02",2023-12-22,NA,9.375,9.39583333333333
"TER-NFBF-T-02",2023-12-23,NA,10.2291666666667,10.2708333333333
"TER-NFBF-T-02",2023-12-24,NA,11.4791666666667,11.5416666666667
"TER-NFBF-T-02",2023-12-25,NA,12.7291666666667,12.625
"TER-NFBF-T-02",2023-12-26,NA,10.375,10.1875
"TER-NFBF-T-02",2023-12-27,NA,7.72916666666667,7.5625
"TER-NFBF-T-02",2023-12-28,NA,8.45833333333333,8.47916666666667
"TER-NFBF-T-02",2023-12-29,NA,9,8.91666666666667
"TER-NFBF-T-02",2023-12-30,NA,7.9375,7.8125
"TER-NFBF-T-02",2023-12-31,NA,9.54166666666667,9.54166666666667
"TER-NFBF-T-02",2024-01-01,NA,13.1666666666667,13.0625
"TER-NFBF-T-02",2024-01-02,NA,10.5208333333333,10.375
"TER-NFBF-T-02",2024-01-03,NA,10.4166666666667,10.3958333333333
"TER-NFBF-T-02",2024-01-04,NA,10.5208333333333,10.4166666666667
"TER-NFBF-T-02",2024-01-05,NA,11.9791666666667,11.875
"TER-NFBF-T-02",2024-01-06,NA,11.1458333333333,11.0833333333333
"TER-NFBF-T-02",2024-01-07,NA,10.5208333333333,10.4375
"TER-NFBF-T-02",2024-01-08,NA,10.1458333333333,10.125
"TER-NFBF-T-02",2024-01-09,NA,12.5,NA
"TER-NFBF-T-02",2024-01-10,NA,13.4375,NA
"TER-NFBF-T-02",2024-01-11,NA,11.1041666666667,NA
"TER-NFBF-T-02",2024-01-12,NA,11.5833333333333,NA
"TER-NFBF-T-02",2024-01-13,NA,11.4583333333333,NA
"TER-NFBF-T-02",2024-01-14,NA,10.2916666666667,NA
"TER-NFBF-T-02",2024-01-15,NA,9.60416666666667,NA
"TER-NFBF-T-02",2024-01-16,NA,9.1875,NA
"TER-NFBF-T-02",2024-01-17,NA,8.6875,NA
"TER-NFBF-T-02",2024-01-18,NA,7.9375,NA
"TER-NFBF-T-02",2024-01-19,NA,11.3125,NA
"TER-NFBF-T-02",2024-01-20,NA,10.8541666666667,NA
"TER-NFBF-T-02",2024-01-21,NA,14.0208333333333,NA
"TER-NFBF-T-02",2024-01-22,NA,13.2916666666667,NA
"TER-NFBF-T-02",2024-01-23,NA,13.1458333333333,NA
"TER-NFBF-T-02",2024-01-24,NA,12.4583333333333,NA
"TER-NFBF-T-02",2024-01-25,NA,10.4583333333333,NA
"TER-NFBF-T-02",2024-01-26,NA,12.3541666666667,NA
"TER-NFBF-T-02",2024-01-27,NA,11.9166666666667,NA
"TER-NFBF-T-02",2024-01-28,NA,7.8125,NA
"TER-NFBF-T-02",2024-01-29,NA,10.375,NA
"TER-NFBF-T-02",2024-01-30,NA,11.7916666666667,NA
"TER-NFBF-T-02",2024-01-31,NA,10.5833333333333,NA
"TER-NFBF-T-02",2024-02-01,NA,11.875,NA
"TER-NFBF-T-02",2024-02-02,NA,12.6041666666667,NA
"TER-NFBF-T-02",2024-02-03,NA,11.5625,NA
"TER-NFBF-T-02",2024-02-04,NA,11.7708333333333,NA
"TER-NFBF-T-02",2024-02-05,NA,13.2083333333333,NA
"TER-NFBF-T-02",2024-02-06,NA,14.0625,NA
"TER-NFBF-T-02",2024-02-07,NA,12.1041666666667,NA
"TER-NFBF-T-02",2024-02-08,NA,10.875,NA
"TER-NFBF-T-02",2024-02-09,NA,9.83333333333333,NA
"TER-NFBF-T-02",2024-02-10,NA,12.6875,NA
"TER-NFBF-T-02",2024-02-11,NA,NA,NA
"TER-NFBF-T-02",2024-02-12,NA,NA,NA
"TER-NFBF-T-02",2024-02-13,NA,NA,NA
"TER-NFBF-T-02",2024-02-14,NA,NA,NA
"TER-NFBF-T-02",2024-02-15,NA,NA,NA
"TER-NFBF-T-02",2024-02-16,NA,NA,NA
"TER-NFBF-T-02",2024-02-17,NA,NA,NA
"TER-NFBF-T-02",2024-02-18,NA,NA,NA
"TER-NFBF-T-02",2024-02-19,NA,NA,NA
"TER-NFBF-T-02",2024-02-20,NA,NA,NA
"TER-NFBF-T-02",2024-02-21,NA,NA,NA
"TER-NFBF-T-02",2024-02-22,NA,NA,NA
"TER-NFBF-T-02",2024-02-23,NA,NA,NA
"TER-NFBF-T-02",2024-02-24,NA,NA,NA
"TER-NFBF-T-02",2024-02-25,NA,NA,NA
"TER-NFBF-T-02",2024-02-26,NA,NA,NA
"TER-NFBF-T-02",2024-02-27,NA,NA,NA
"TER-NFBF-T-02",2024-02-28,NA,NA,NA
"TER-NFBF-T-02",2024-02-29,NA,NA,NA
"TER-NFBF-T-02",2024-03-01,NA,NA,NA
"TER-NFBF-T-02",2024-03-02,NA,NA,NA
"TER-NFBF-T-02",2024-03-03,NA,NA,NA
"TER-NFBF-T-02",2024-03-04,NA,NA,NA
"TER-NFBF-T-02",2024-03-05,NA,NA,NA
"TER-NFBF-T-02",2024-03-06,NA,NA,NA
"TER-NFBF-T-02",2024-03-07,NA,NA,NA
"TER-NFBF-T-02",2024-03-08,NA,NA,NA
"TER-NFBF-T-02",2024-03-09,NA,NA,NA
"TER-NFBF-T-02",2024-03-10,NA,NA,NA
"TER-NFBF-T-02",2024-03-11,NA,NA,NA
"TER-NFBF-T-02",2024-03-12,NA,NA,NA
"TER-NFBF-T-02",2024-03-13,12.8541666666667,NA,NA
"TER-NFBF-T-02",2024-03-14,12.4583333333333,NA,NA
"TER-NFBF-T-02",2024-03-15,12.6875,NA,NA
"TER-NFBF-T-02",2024-03-16,10.5208333333333,NA,NA
"TER-NFBF-T-02",2024-03-17,10.7291666666667,NA,NA
"TER-NFBF-T-02",2024-03-18,12,NA,NA
"TER-NFBF-T-02",2024-03-19,10.0625,NA,NA
"TER-NFBF-T-02",2024-03-20,10.1041666666667,NA,NA
"TER-NFBF-T-02",2024-03-21,11.1458333333333,NA,NA
"TER-NFBF-T-02",2024-03-22,11.7708333333333,NA,NA
"TER-NFBF-T-02",2024-03-23,10.1458333333333,NA,NA
"TER-NFBF-T-02",2024-03-24,10.125,NA,NA
"TER-NFBF-T-02",2024-03-25,9.29166666666667,NA,NA
"TER-NFBF-T-02",2024-03-26,9.97916666666667,NA,NA
"TER-NFBF-T-02",2024-03-27,9.52083333333333,NA,NA
"TER-NFBF-T-02",2024-03-28,6.75,NA,NA
"TER-NFBF-T-02",2024-03-29,8.97916666666667,NA,NA
"TER-NFBF-T-02",2024-03-30,9.41666666666667,NA,NA
"TER-NFBF-T-02",2024-03-31,8.22916666666667,NA,NA
"TER-NFBF-T-02",2024-04-01,11.4583333333333,NA,NA
"TER-NFBF-T-02",2024-04-02,11.125,NA,NA
"TER-NFBF-T-02",2024-04-03,11.8541666666667,NA,NA
"TER-NFBF-T-02",2024-04-04,9.5625,NA,NA
"TER-NFBF-T-02",2024-04-05,8.375,NA,NA
"TER-NFBF-T-02",2024-04-06,9.625,NA,NA
"TER-NFBF-T-02",2024-04-07,11.875,NA,NA
"TER-NFBF-T-02",2024-04-08,11.6875,NA,NA
"TER-NFBF-T-02",2024-04-09,13.125,NA,NA
"TER-NFBF-T-02",2024-04-10,13.7291666666667,NA,NA
"TER-NFBF-T-02",2024-04-11,13.6666666666667,NA,NA
"TER-NFBF-T-02",2024-04-12,12.5,NA,NA
"TER-NFBF-T-02",2024-04-13,11.8958333333333,NA,NA
"TER-NFBF-T-02",2024-04-14,10.9166666666667,NA,NA
"TER-NFBF-T-02",2024-04-15,12.5208333333333,NA,NA
"TER-NFBF-T-02",2024-04-16,13.0625,NA,NA
"TER-NFBF-T-02",2024-04-17,12.8333333333333,NA,NA
"TER-NFBF-T-02",2024-04-18,12.7291666666667,NA,NA
"TER-NFBF-T-02",2024-04-19,12.6666666666667,NA,NA
"TER-NFBF-T-02",2024-04-20,11.8541666666667,NA,NA
"TER-NFBF-T-02",2024-04-21,12.9583333333333,NA,NA
"TER-NFBF-T-02",2024-04-22,12.0833333333333,NA,NA
"TER-NFBF-T-02",2024-04-23,12.0833333333333,NA,NA
"TER-NFBF-T-02",2024-04-24,11.4791666666667,NA,NA
"TER-NFBF-T-02",2024-04-25,12.2916666666667,NA,NA
"TER-NFBF-T-02",2024-04-26,10.6875,NA,NA
"TER-NFBF-T-02",2024-04-27,10.0625,NA,NA
"TER-NFBF-T-02",2024-04-28,10.6041666666667,NA,NA
"TER-NFBF-T-02",2024-04-29,11.4583333333333,NA,NA
"TER-NFBF-T-02",2024-04-30,11.875,NA,NA
"TER-NFBF-T-02",2024-05-01,12.3125,NA,NA
"TER-NFBF-T-02",2024-05-02,13.625,NA,NA
"TER-NFBF-T-02",2024-05-03,13.625,NA,NA
"TER-NFBF-T-02",2024-05-04,14.5416666666667,NA,NA
"TER-NFBF-T-02",2024-05-05,13.7083333333333,NA,NA
"TER-NFBF-T-02",2024-05-06,14.8958333333333,NA,NA
"TER-NFBF-T-02",2024-05-07,14.0833333333333,NA,NA
"TER-NFBF-T-02",2024-05-08,13.8541666666667,NA,NA
"TER-NFBF-T-02",2024-05-09,13.6458333333333,NA,NA
"TER-NFBF-T-02",2024-05-10,14.0625,NA,NA
"TER-NFBF-T-02",2024-05-11,14.7708333333333,NA,NA
"TER-NFBF-T-02",2024-05-12,15.1666666666667,NA,NA
"TER-NFBF-T-02",2024-05-13,13.4583333333333,NA,NA
"TER-NFBF-T-02",2024-05-14,11.5208333333333,NA,NA
"TER-NFBF-T-02",2024-05-15,12.6041666666667,NA,NA
"TER-NFBF-T-02",2024-05-16,13.2083333333333,NA,NA
"TER-NFBF-T-02",2024-05-17,12.25,NA,NA
"TER-NFBF-T-02",2024-05-18,11.2291666666667,NA,NA
"TER-NFBF-T-02",2024-05-19,12.5,NA,NA
"TER-NFBF-T-02",2024-05-20,14.2291666666667,NA,NA
"TER-NFBF-T-02",2024-05-21,14.5833333333333,NA,NA
"TER-NFBF-T-02",2024-05-22,14.9583333333333,NA,NA
"TER-NFBF-T-02",2024-05-23,15.8958333333333,NA,NA
"TER-NFBF-T-02",2024-05-24,14.875,NA,NA
"TER-NFBF-T-02",2024-05-25,14.7916666666667,NA,NA
"TER-NFBF-T-02",2024-05-26,13.2916666666667,NA,NA
"TER-NFBF-T-02",2024-05-27,14.875,NA,NA
"TER-NFBF-T-02",2024-05-28,15.6041666666667,NA,NA
"TER-NFBF-T-02",2024-05-29,16.1875,NA,NA
"TER-NFBF-T-02",2024-05-30,15.7916666666667,NA,NA
"TER-NFBF-T-02",2024-05-31,14.0625,NA,NA
"TER-NFBF-T-02",2024-06-01,15.0833333333333,NA,NA
"TER-NFBF-T-02",2024-06-02,14.6875,NA,NA
"TER-NFBF-T-02",2024-06-03,14.5,NA,NA
"TER-NFBF-T-02",2024-06-04,14.2291666666667,NA,NA
"TER-NFBF-T-02",2024-06-05,13.3333333333333,NA,NA
"TER-NFBF-T-02",2024-06-06,13.3958333333333,NA,NA
"TER-NFBF-T-02",2024-06-07,14.1666666666667,NA,NA
"TER-NFBF-T-02",2024-06-08,14.9375,NA,NA
"TER-NFBF-T-02",2024-06-09,14.4375,NA,NA
"TER-NFBF-T-02",2024-06-10,14.5208333333333,NA,NA
"TER-NFBF-T-02",2024-06-11,14.3958333333333,NA,NA
"TER-NFBF-T-02",2024-06-12,17,NA,NA
"TER-NFBF-T-02",2024-06-13,16.6458333333333,NA,NA
"TER-NFBF-T-02",2024-06-14,15.9375,NA,NA
"TER-NFBF-T-02",2024-06-15,16.4583333333333,NA,NA
"TER-NFBF-T-02",2024-06-16,16.7083333333333,NA,NA
"TER-NFBF-T-02",2024-06-17,15.5208333333333,NA,NA
"TER-NFBF-T-02",2024-06-18,14.0833333333333,14.125,14.3125
"TER-NFBF-T-02",2024-06-19,14.0625,14.2083333333333,14.375
"TER-NFBF-T-02",2024-06-20,14.7291666666667,15.0416666666667,14.9583333333333
"TER-NFBF-T-02",2024-06-21,16.3541666666667,16.7708333333333,16.7708333333333
"TER-NFBF-T-02",2024-06-22,15.6875,15.8958333333333,15.9375
"TER-NFBF-T-02",2024-06-23,16.3333333333333,16.8333333333333,16.8333333333333
"TER-NFBF-T-02",2024-06-24,16.2083333333333,16.1875,16.1458333333333
"TER-NFBF-T-02",2024-06-25,14.9166666666667,15.2916666666667,15.3125
"TER-NFBF-T-02",2024-06-26,15.4791666666667,16.2083333333333,16.3333333333333
"TER-NFBF-T-02",2024-06-27,17.1875,17.5416666666667,17.6458333333333
"TER-NFBF-T-02",2024-06-28,17.2708333333333,17.5,17.6041666666667
"TER-NFBF-T-02",2024-06-29,17.0208333333333,17.3125,17.3333333333333
"TER-NFBF-T-02",2024-06-30,16.1666666666667,16.2083333333333,16.2291666666667
"TER-NFBF-T-02",2024-07-01,17.0416666666667,17.4375,17.5208333333333
"TER-NFBF-T-02",2024-07-02,18.0833333333333,18.9166666666667,19.1041666666667
"TER-NFBF-T-02",2024-07-03,17.0416666666667,17.3958333333333,17.4166666666667
"TER-NFBF-T-02",2024-07-04,16.8541666666667,16.9166666666667,17.125
"TER-NFBF-T-02",2024-07-05,17.2083333333333,17.3541666666667,17.625
"TER-NFBF-T-02",2024-07-06,18.0416666666667,18.3333333333333,18.4375
"TER-NFBF-T-02",2024-07-07,19.4166666666667,19.9583333333333,19.9583333333333
"TER-NFBF-T-02",2024-07-08,18.875,19.1041666666667,19.125
"TER-NFBF-T-02",2024-07-09,19.5208333333333,19.7916666666667,19.8333333333333
"TER-NFBF-T-02",2024-07-10,18.0625,18.2916666666667,18.4166666666667
"TER-NFBF-T-02",2024-07-11,17.5416666666667,17.625,17.7291666666667
"TER-NFBF-T-02",2024-07-12,18.1875,18.2708333333333,18.375
"TER-NFBF-T-02",2024-07-13,17.4166666666667,17.3125,17.3541666666667
"TER-NFBF-T-02",2024-07-14,16.1875,16.7708333333333,16.9791666666667
"TER-NFBF-T-02",2024-07-15,18.1875,18.3958333333333,18.4791666666667
"TER-NFBF-T-02",2024-07-16,19.3958333333333,19.6666666666667,19.7708333333333
"TER-NFBF-T-02",2024-07-17,18,17.9166666666667,17.9375
"TER-NFBF-T-02",2024-07-18,17.1458333333333,17.125,17.1875
"TER-NFBF-T-02",2024-07-19,17.5625,18.3541666666667,18.375
"TER-NFBF-T-02",2024-07-20,19.5208333333333,20.5208333333333,20.5833333333333
"TER-NFBF-T-02",2024-07-21,19.4791666666667,20.1041666666667,20.2708333333333
"TER-NFBF-T-02",2024-07-22,18.7083333333333,19.0625,19.2291666666667
"TER-NFBF-T-02",2024-07-23,18.9583333333333,19.2916666666667,19.4166666666667
"TER-NFBF-T-02",2024-07-24,18.3333333333333,18.875,18.8958333333333
"TER-NFBF-T-02",2024-07-25,19.5,20.1666666666667,20.1875
"TER-NFBF-T-02",2024-07-26,20.3958333333333,20.625,20.7708333333333
"TER-NFBF-T-02",2024-07-27,19.5416666666667,19.9791666666667,20.0833333333333
"TER-NFBF-T-02",2024-07-28,20.3541666666667,20.8958333333333,20.9166666666667
"TER-NFBF-T-02",2024-07-29,21.1458333333333,21.6458333333333,21.8958333333333
"TER-NFBF-T-02",2024-07-30,19.5625,19.4166666666667,19.5833333333333
"TER-NFBF-T-02",2024-07-31,19.1041666666667,19,18.9791666666667
"TER-NFBF-T-02",2024-08-01,19.6458333333333,20.0625,20.125
"TER-NFBF-T-02",2024-08-02,18.9375,19.2291666666667,19.2708333333333
"TER-NFBF-T-02",2024-08-03,18.3541666666667,18.7916666666667,18.8541666666667
"TER-NFBF-T-02",2024-08-04,20.5416666666667,21.1875,21.2291666666667
"TER-NFBF-T-02",2024-08-05,20.875,21.4375,21.4791666666667
"TER-NFBF-T-02",2024-08-06,19.7916666666667,19.8333333333333,20
"TER-NFBF-T-02",2024-08-07,18.6875,18.9375,18.9791666666667
"TER-NFBF-T-02",2024-08-08,19.7291666666667,19.7708333333333,20.0416666666667
"TER-NFBF-T-02",2024-08-09,18.5625,19.25,19.1875
"TER-NFBF-T-02",2024-08-10,19.3958333333333,19.5,19.5625
"TER-NFBF-T-02",2024-08-11,17.75,17.5625,17.7291666666667
"TER-NFBF-T-02",2024-08-12,17.4166666666667,18.0625,17.8958333333333
"TER-NFBF-T-02",2024-08-13,20.3333333333333,21.0416666666667,21.1041666666667
"TER-NFBF-T-02",2024-08-14,21.0625,21.6666666666667,21.75
"TER-NFBF-T-02",2024-08-15,20.5416666666667,20.875,21.0833333333333
"TER-NFBF-T-02",2024-08-16,20.6458333333333,20.9375,20.9583333333333
"TER-NFBF-T-02",2024-08-17,20.2708333333333,20.4375,20.6041666666667
"TER-NFBF-T-02",2024-08-18,NA,NA,NA
"TER-NFBF-T-02",2024-08-19,20.6458333333333,21.375,21.25
"TER-NFBF-T-02",2024-08-20,19.4166666666667,19.4375,19.4166666666667
"TER-NFBF-T-02",2024-08-21,18.6666666666667,19.0416666666667,19.0625
"TER-NFBF-T-02",2024-08-22,19.125,20.0208333333333,20.25
"TER-NFBF-T-02",2024-08-23,20.8958333333333,21.3541666666667,21.3333333333333
"TER-NFBF-T-02",2024-08-24,18.0625,18.3333333333333,18.4166666666667
"TER-NFBF-T-02",2024-08-25,18.25,19.1041666666667,19.125
"TER-NFBF-T-02",2024-08-26,20.4583333333333,20.9166666666667,21.1458333333333
"TER-NFBF-T-02",2024-08-27,18.4375,18.4583333333333,18.4375
"TER-NFBF-T-02",2024-08-28,17.75,18.3333333333333,18.5208333333333
"TER-NFBF-T-02",2024-08-29,18.0416666666667,18.625,18.875
"TER-NFBF-T-02",2024-08-30,19.75,20.875,20.7916666666667
"TER-NFBF-T-02",2024-08-31,20.2708333333333,20.7916666666667,21.0208333333333
"TER-NFBF-T-02",2024-09-01,17.2916666666667,17.25,17.4583333333333
"TER-NFBF-T-02",2024-09-02,16.1041666666667,16.4375,16.6041666666667
"TER-NFBF-T-02",2024-09-03,16.1875,17.0208333333333,17.3958333333333
"TER-NFBF-T-02",2024-09-04,16.4583333333333,17.2291666666667,17.125
"TER-NFBF-T-02",2024-09-05,16.7083333333333,17.3125,17.3541666666667
"TER-NFBF-T-02",2024-09-06,16.1875,16.6041666666667,16.7708333333333
"TER-NFBF-T-02",2024-09-07,16.5625,16.7708333333333,16.8125
"TER-NFBF-T-02",2024-09-08,17.2083333333333,17.2708333333333,17.3333333333333
"TER-NFBF-T-02",2024-09-09,16.0416666666667,15.9375,16.0416666666667
"TER-NFBF-T-02",2024-09-10,16.9791666666667,16.9583333333333,17.25
"TER-NFBF-T-02",2024-09-11,16.6875,16.875,17.1458333333333
"TER-NFBF-T-02",2024-09-12,17.2708333333333,18.125,18.4791666666667
"TER-NFBF-T-02",2024-09-13,17.5625,18.1041666666667,18.2291666666667
"TER-NFBF-T-02",2024-09-14,16.9166666666667,17.3333333333333,17.4166666666667
"TER-NFBF-T-02",2024-09-15,17.5833333333333,18.1041666666667,18.1666666666667
"TER-NFBF-T-02",2024-09-16,17.2291666666667,17.375,17.375
"TER-NFBF-T-02",2024-09-17,18.1458333333333,18.1666666666667,18.25
"TER-NFBF-T-02",2024-09-18,16.5208333333333,16.4375,16.3125
"TER-NFBF-T-02",2024-09-19,15.6666666666667,15.4791666666667,15.5833333333333
"TER-NFBF-T-02",2024-09-20,16.8541666666667,16.7083333333333,16.75
"TER-NFBF-T-02",2024-09-21,15.5208333333333,15.6458333333333,16.2083333333333
"TER-NFBF-T-02",2024-09-22,17.5416666666667,17.9375,18.0833333333333
"TER-NFBF-T-02",2024-09-23,18.625,19.4166666666667,19.625
"TER-NFBF-T-02",2024-09-24,19.625,20.0833333333333,20.125
"TER-NFBF-T-02",2024-09-25,19.5833333333333,19.625,19.6041666666667
"TER-NFBF-T-02",2024-09-26,16.7291666666667,16.6458333333333,16.7916666666667
"TER-NFBF-T-02",2024-09-27,18.2083333333333,18.375,18.3541666666667
"TER-NFBF-T-02",2024-09-28,18.7708333333333,18.9791666666667,19.0208333333333
"TER-NFBF-T-02",2024-09-29,19.4791666666667,19.5208333333333,19.5208333333333
"TER-NFBF-T-02",2024-09-30,20.0833333333333,20.1875,20.2083333333333
"TER-NFBF-T-02",2024-10-01,20.375,20.5208333333333,20.5416666666667
"TER-NFBF-T-02",2024-10-02,20.1666666666667,20.3333333333333,20.3541666666667
"TER-NFBF-T-02",2024-10-03,20.1458333333333,20.3125,20.2916666666667
"TER-NFBF-T-02",2024-10-04,19.4791666666667,19.4375,19.4375
"TER-NFBF-T-02",2024-10-05,17.75,17.5625,17.6458333333333
"TER-NFBF-T-02",2024-10-06,14.5625,14.2083333333333,14.3541666666667
"TER-NFBF-T-02",2024-10-07,16.0416666666667,16.2083333333333,16.25
"TER-NFBF-T-02",2024-10-08,18.125,18.375,18.5416666666667
"TER-NFBF-T-02",2024-10-09,17.5416666666667,17.6041666666667,17.5833333333333
"TER-NFBF-T-02",2024-10-10,16.9583333333333,16.7916666666667,16.7083333333333
"TER-NFBF-T-02",2024-10-11,13.7291666666667,13.1875,13.1875
"TER-NFBF-T-02",2024-10-12,14.7708333333333,14.8125,15.0416666666667
"TER-NFBF-T-02",2024-10-13,17.7291666666667,17.9583333333333,17.9375
"TER-NFBF-T-02",2024-10-14,16.5,16.5,16.3958333333333
"TER-NFBF-T-02",2024-10-15,14.6666666666667,14.375,14.3958333333333
"TER-NFBF-T-02",2024-10-16,13.6458333333333,13.4166666666667,13.5625
"TER-NFBF-T-02",2024-10-17,13.2916666666667,13.4166666666667,13.4791666666667
"TER-NFBF-T-02",2024-10-18,15.875,16.2916666666667,16.4375
"TER-NFBF-T-02",2024-10-19,17.1041666666667,17.1458333333333,17.1666666666667
"TER-NFBF-T-02",2024-10-20,13.6875,13.1666666666667,13.0625
"TER-NFBF-T-02",2024-10-21,11.4791666666667,11.125,11.5208333333333
"TER-NFBF-T-02",2024-10-22,13.5416666666667,13.8333333333333,13.9375
"TER-NFBF-T-02",2024-10-23,16.9166666666667,16.9166666666667,16.8333333333333
"TER-NFBF-T-02",2024-10-24,11.7083333333333,11.4166666666667,11.625
"TER-NFBF-T-02",2024-10-25,11.4375,11.9166666666667,12.2916666666667
"TER-NFBF-T-02",2024-10-26,12.4375,12.5833333333333,12.7916666666667
"TER-NFBF-T-02",2024-10-27,NA,12.9166666666667,12.9583333333333
"TER-NFBF-T-02",2024-10-28,NA,13.0625,13.1875
"TER-NFBF-T-02",2024-10-29,NA,13.7916666666667,13.8958333333333
"TER-NFBF-T-02",2024-10-30,NA,14.7708333333333,14.8541666666667
"TER-NFBF-T-02",2024-10-31,NA,15.4791666666667,15.5416666666667
"TER-NFBF-T-02",2024-11-01,NA,17.25,17.2291666666667
"TER-NFBF-T-02",2024-11-02,NA,15.1041666666667,15.1666666666667
"TER-NFBF-T-02",2024-11-03,NA,15.0625,15.0625
"TER-NFBF-T-02",2024-11-04,NA,14.5,14.4166666666667
"TER-NFBF-T-02",2024-11-05,NA,14.9375,14.9166666666667
"TER-NFBF-T-02",2024-11-06,NA,10.9166666666667,10.6666666666667
"TER-NFBF-T-02",2024-11-07,NA,10.875,10.8541666666667
"TER-NFBF-T-02",2024-11-08,NA,15.7083333333333,15.7291666666667
"TER-NFBF-T-02",2024-11-09,NA,16.3125,16.3541666666667
"TER-NFBF-T-02",2024-11-10,NA,15.4583333333333,15.5416666666667
"TER-NFBF-T-02",2024-11-11,NA,16.0625,16.0833333333333
"TER-NFBF-T-02",2024-11-12,NA,16.6875,16.6875
"TER-NFBF-T-02",2024-11-13,NA,14.75,14.75
"TER-NFBF-T-02",2024-11-14,NA,12.0833333333333,11.9791666666667
"TER-NFBF-T-02",2024-11-15,NA,11.5,11.4583333333333
"TER-NFBF-T-02",2024-11-16,NA,11.9583333333333,11.9791666666667
"TER-NFBF-T-02",2024-11-17,NA,12.625,12.625
"TER-NFBF-T-02",2024-11-18,NA,13.5,13.4166666666667
"TER-NFBF-T-02",2024-11-19,NA,13.1458333333333,13.1041666666667
"TER-NFBF-T-02",2024-11-20,NA,13.3958333333333,13.4166666666667
"TER-NFBF-T-02",2024-11-21,NA,14.3125,14.375
"TER-NFBF-T-02",2024-11-22,NA,15.8125,15.8333333333333
"TER-NFBF-T-02",2024-11-23,NA,13.9583333333333,13.9583333333333
"TER-NFBF-T-02",2024-11-24,NA,9.70833333333333,9.375
"TER-NFBF-T-02",2024-11-25,NA,12.1041666666667,12.1041666666667
"TER-NFBF-T-02",2024-11-26,NA,14.5208333333333,14.5208333333333
"TER-NFBF-T-02",2024-11-27,NA,13.2291666666667,13.2083333333333
"TER-NFBF-T-02",2024-11-28,NA,11.7291666666667,11.7291666666667
"TER-NFBF-T-02",2024-11-29,NA,12.0833333333333,12.0625
"TER-NFBF-T-02",2024-11-30,NA,10.9166666666667,10.8958333333333
"TER-NFBF-T-02",2024-12-01,NA,12.4791666666667,12.5208333333333
"TER-NFBF-T-02",2024-12-02,NA,13.8958333333333,14.0416666666667
"TER-NFBF-T-02",2024-12-03,NA,12.3125,12.2916666666667
"TER-NFBF-T-02",2024-12-04,NA,13.4166666666667,13.5208333333333
"TER-NFBF-T-02",2024-12-05,NA,13.625,13.7083333333333
"TER-NFBF-T-02",2024-12-06,NA,14.3541666666667,14.3125
"TER-NFBF-T-02",2024-12-07,NA,13.5208333333333,13.5625
"TER-NFBF-T-02",2024-12-08,NA,13.6875,13.7708333333333
"TER-NFBF-T-02",2024-12-09,NA,12,12.1041666666667
"TER-NFBF-T-02",2024-12-10,NA,11.8333333333333,11.8958333333333
"TER-NFBF-T-02",2024-12-11,NA,12.6875,12.6458333333333
"TER-NFBF-T-02",2024-12-12,NA,10.6666666666667,10.5625
"TER-NFBF-T-02",2024-12-13,NA,9.60416666666667,9.52083333333333
"TER-NFBF-T-02",2024-12-14,NA,9.625,9.5
"TER-NFBF-T-02",2024-12-15,NA,11.6041666666667,11.625
"TER-NFBF-T-02",2024-12-16,NA,12.1875,12.1875
"TER-NFBF-T-02",2024-12-17,NA,10.7916666666667,10.7291666666667
"TER-NFBF-T-02",2024-12-18,NA,NA,NA
"TER-NFBF-T-02",2024-12-19,NA,NA,NA
"TER-NFBF-T-02",2024-12-20,NA,NA,NA
"TER-NFBF-T-02",2024-12-21,NA,NA,NA
"TER-NFBF-T-02",2024-12-22,NA,NA,NA
"TER-NFBF-T-02",2024-12-23,NA,NA,NA
"TER-NFBF-T-02",2024-12-24,NA,NA,NA
"TER-NFBF-T-02",2024-12-25,NA,NA,NA
"TER-NFBF-T-02",2024-12-26,NA,NA,NA
"TER-NFBF-T-02",2024-12-27,NA,NA,NA
"TER-NFBF-T-02",2024-12-28,NA,NA,NA
"TER-NFBF-T-02",2024-12-29,NA,NA,NA
"TER-NFBF-T-02",2024-12-30,NA,NA,NA
"TER-NFBF-T-02",2024-12-31,NA,NA,NA
"TER-NFBF-T-02",2025-01-01,NA,NA,NA
"TER-NFBF-T-02",2025-01-02,NA,NA,NA
"TER-NFBF-T-02",2025-01-03,NA,NA,NA
"TER-NFBF-T-02",2025-01-04,NA,NA,NA
"TER-NFBF-T-02",2025-01-05,NA,NA,NA
"TER-NFBF-T-02",2025-01-06,NA,NA,NA
"TER-NFBF-T-02",2025-01-07,NA,NA,NA
"TER-NFBF-T-02",2025-01-08,NA,NA,NA
"TER-NFBF-T-02",2025-01-09,NA,NA,NA
"TER-NFBF-T-02",2025-01-10,NA,NA,NA
"TER-NFBF-T-02",2025-01-11,NA,NA,NA
"TER-NFBF-T-02",2025-01-12,NA,NA,NA
"TER-NFBF-T-02",2025-01-13,NA,NA,NA
"TER-NFBF-T-02",2025-01-14,NA,NA,NA
"TER-NFBF-T-02",2025-01-15,NA,NA,NA
"TER-NFBF-T-02",2025-01-16,NA,NA,NA
"TER-NFBF-T-02",2025-01-17,NA,NA,NA
"TER-NFBF-T-02",2025-01-18,NA,NA,NA
"TER-NFBF-T-02",2025-01-19,NA,NA,NA
"TER-NFBF-T-02",2025-01-20,NA,NA,NA
"TER-NFBF-T-02",2025-01-21,NA,NA,NA
"TER-NFBF-T-02",2025-01-22,NA,NA,NA
"TER-NFBF-T-02",2025-01-23,NA,NA,NA
"TER-NFBF-T-02",2025-01-24,NA,NA,NA
"TER-NFBF-T-02",2025-01-25,NA,NA,NA
"TER-NFBF-T-02",2025-01-26,NA,NA,NA
"TER-NFBF-T-02",2025-01-27,NA,NA,NA
"TER-NFBF-T-02",2025-01-28,NA,NA,NA
"TER-NFBF-T-02",2025-01-29,NA,NA,NA
"TER-NFBF-T-02",2025-01-30,NA,NA,NA
"TER-NFBF-T-02",2025-01-31,NA,NA,NA
"TER-NFBF-T-02",2025-02-01,NA,NA,NA
"TER-NFBF-T-02",2025-02-02,NA,NA,NA
"TER-NFBF-T-02",2025-02-03,NA,NA,NA
"TER-NFBF-T-02",2025-02-04,NA,NA,NA
"TER-NFBF-T-02",2025-02-05,NA,NA,NA
"TER-NFBF-T-02",2025-02-06,NA,NA,NA
"TER-NFBF-T-02",2025-02-07,NA,NA,NA
"TER-NFBF-T-02",2025-02-08,NA,NA,NA
"TER-NFBF-T-02",2025-02-09,NA,NA,NA
"TER-NFBF-T-02",2025-02-10,NA,NA,NA
"TER-NFBF-T-02",2025-02-11,NA,NA,NA
"TER-NFBF-T-02",2025-02-12,NA,NA,NA
"TER-NFBF-T-02",2025-02-13,NA,NA,NA
"TER-NFBF-T-02",2025-02-14,NA,NA,NA
"TER-NFBF-T-02",2025-02-15,NA,NA,NA
"TER-NFBF-T-02",2025-02-16,NA,NA,NA
"TER-NFBF-T-02",2025-02-17,NA,NA,NA
"TER-NFBF-T-02",2025-02-18,NA,NA,NA
"TER-NFBF-T-02",2025-02-19,NA,NA,NA
"TER-NFBF-T-02",2025-02-20,NA,NA,NA
"TER-NFBF-T-02",2025-02-21,NA,NA,NA
"TER-NFBF-T-02",2025-02-22,NA,NA,NA
"TER-NFBF-T-02",2025-02-23,NA,NA,NA
"TER-NFBF-T-02",2025-02-24,NA,NA,NA
"TER-NFBF-T-02",2025-02-25,NA,NA,NA
"TER-NFBF-T-02",2025-02-26,NA,NA,NA
"TER-NFBF-T-02",2025-02-27,NA,NA,NA
"TER-NFBF-T-02",2025-02-28,NA,NA,NA
"TER-NFBF-T-02",2025-03-01,NA,NA,NA
"TER-NFBF-T-02",2025-03-02,NA,NA,NA
"TER-NFBF-T-02",2025-03-03,NA,NA,NA
"TER-NFBF-T-02",2025-03-04,NA,NA,NA
"TER-NFBF-T-02",2025-03-05,NA,NA,NA
"TER-NFBF-T-02",2025-03-06,NA,NA,NA
"TER-NFBF-T-02",2025-03-07,NA,NA,NA
"TER-NFBF-T-02",2025-03-08,NA,NA,NA
"TER-NFBF-T-02",2025-03-09,NA,NA,NA
"TER-NFBF-T-02",2025-03-10,NA,NA,NA
"TER-NFBF-T-02",2025-03-11,NA,NA,NA
"TER-NFBF-T-02",2025-03-12,NA,NA,NA
"TER-NFBF-T-02",2025-03-13,NA,NA,NA
"TER-NFBF-T-02",2025-03-14,NA,NA,NA
"TER-NFBF-T-02",2025-03-15,NA,NA,NA
"TER-NFBF-T-02",2025-03-16,NA,NA,NA
"TER-NFBF-T-02",2025-03-17,NA,NA,NA
"TER-NFBF-T-02",2025-03-18,NA,NA,NA
"TER-NFBF-T-02",2025-03-19,NA,NA,NA
"TER-NFBF-T-02",2025-03-20,NA,NA,NA
"TER-NFBF-T-02",2025-03-21,NA,NA,NA
"TER-NFBF-T-02",2025-03-22,NA,NA,NA
"TER-NFBF-T-02",2025-03-23,NA,NA,NA
"TER-NFBF-T-02",2025-03-24,NA,NA,NA
"TER-NFBF-T-02",2025-03-25,NA,NA,NA
"TER-NFBF-T-02",2025-03-26,NA,NA,NA
"TER-NFBF-T-02",2025-03-27,NA,NA,NA
"TER-NFBF-T-02",2025-03-28,NA,NA,NA
"TER-NFBF-T-02",2025-03-29,NA,NA,NA
"TER-NFBF-T-02",2025-03-30,NA,NA,NA
"TER-NFBF-T-02",2025-03-31,NA,NA,NA
"TER-NFBF-T-02",2025-04-01,NA,NA,NA
"TER-NFBF-T-02",2025-04-02,NA,NA,NA
"TER-NFBF-T-02",2025-04-03,NA,NA,NA
"TER-NFBF-T-02",2025-04-04,NA,NA,NA
"TER-NFBF-T-02",2025-04-05,NA,NA,NA
"TER-NFBF-T-02",2025-04-06,NA,NA,NA
"TER-NFBF-T-02",2025-04-07,NA,NA,NA
"TER-NFBF-T-02",2025-04-08,NA,NA,NA
"TER-NFBF-T-02",2025-04-09,NA,NA,NA
"TER-NFBF-T-02",2025-04-10,NA,NA,NA
"TER-NFBF-T-02",2025-04-11,NA,NA,NA
"TER-NFBF-T-02",2025-04-12,NA,NA,NA
"TER-NFBF-T-02",2025-04-13,NA,NA,NA
"TER-NFBF-T-02",2025-04-14,NA,NA,NA
"TER-NFBF-T-02",2025-04-15,NA,NA,NA
"TER-NFBF-T-02",2025-04-16,NA,NA,NA
"TER-NFBF-T-02",2025-04-17,NA,NA,NA
"TER-NFBF-T-02",2025-04-18,NA,NA,NA
"TER-NFBF-T-02",2025-04-19,NA,NA,NA
"TER-NFBF-T-02",2025-04-20,NA,NA,NA
"TER-NFBF-T-02",2025-04-21,NA,NA,NA
"TER-NFBF-T-02",2025-04-22,NA,NA,NA
"TER-NFBF-T-02",2025-04-23,NA,NA,NA
"TER-NFBF-T-02",2025-04-24,NA,NA,NA
"TER-NFBF-T-02",2025-04-25,NA,NA,NA
"TER-NFBF-T-02",2025-04-26,NA,NA,NA
"TER-NFBF-T-02",2025-04-27,NA,NA,NA
"TER-NFBF-T-02",2025-04-28,NA,NA,NA
"TER-NFBF-T-02",2025-04-29,NA,NA,NA
"TER-NFBF-T-02",2025-04-30,NA,NA,NA
"TER-NFBF-T-02",2025-05-01,NA,NA,NA
"TER-NFBF-T-02",2025-05-02,NA,NA,NA
"TER-NFBF-T-02",2025-05-03,NA,NA,NA
"TER-NFBF-T-02",2025-05-04,NA,NA,NA
"TER-NFBF-T-02",2025-05-05,NA,NA,NA
"TER-NFBF-T-02",2025-05-06,NA,NA,NA
"TER-NFBF-T-02",2025-05-07,NA,NA,NA
"TER-NFBF-T-02",2025-05-08,NA,NA,NA
"TER-NFBF-T-02",2025-05-09,NA,NA,NA
"TER-NFBF-T-02",2025-05-10,NA,NA,NA
"TER-NFBF-T-02",2025-05-11,NA,NA,NA
"TER-NFBF-T-02",2025-05-12,NA,NA,NA
"TER-NFBF-T-02",2025-05-13,NA,NA,NA
"TER-NFBF-T-02",2025-05-14,NA,NA,NA
"TER-NFBF-T-02",2025-05-15,NA,NA,NA
"TER-NFBF-T-02",2025-05-16,NA,NA,NA
"TER-NFBF-T-02",2025-05-17,NA,NA,NA
"TER-NFBF-T-02",2025-05-18,NA,NA,NA
"TER-NFBF-T-02",2025-05-19,NA,NA,NA
"TER-NFBF-T-02",2025-05-20,NA,NA,NA
"TER-NFBF-T-02",2025-05-21,NA,NA,NA
"TER-NFBF-T-02",2025-05-22,NA,NA,NA
"TER-NFBF-T-02",2025-05-23,NA,NA,NA
"TER-NFBF-T-02",2025-05-24,NA,NA,NA
"TER-NFBF-T-02",2025-05-25,NA,NA,NA
"TER-NFBF-T-02",2025-05-26,NA,NA,NA
"TER-NFBF-T-02",2025-05-27,NA,NA,NA
"TER-NFBF-T-02",2025-05-28,NA,NA,NA
"TER-NFBF-T-02",2025-05-29,NA,NA,NA
"TER-NFBF-T-02",2025-05-30,NA,NA,NA
"TER-NFBF-T-02",2025-05-31,NA,NA,NA
"TER-NFBF-T-02",2025-06-01,NA,NA,NA
"TER-NFBF-T-02",2025-06-02,NA,NA,NA
"TER-NFBF-T-02",2025-06-03,NA,NA,NA
"TER-NFBF-T-02",2025-06-04,NA,NA,NA
"TER-NFBF-T-02",2025-06-05,NA,NA,NA
"TER-NFBF-T-02",2025-06-06,NA,NA,NA
"TER-NFBF-T-02",2025-06-07,NA,NA,NA
"TER-NFBF-T-02",2025-06-08,NA,NA,NA
"TER-NFBF-T-02",2025-06-09,NA,NA,NA
"TER-NFBF-T-02",2025-06-10,NA,NA,NA
"TER-NFBF-T-02",2025-06-11,NA,NA,NA
"TER-NFBF-T-02",2025-06-12,NA,NA,NA
"TER-NFBF-TP41",2023-08-09,19.2083333333333,19.3333333333333,NA
"TER-NFBF-TP41",2023-08-10,18.1875,18.25,NA
"TER-NFBF-TP41",2023-08-11,17.8958333333333,17.8125,NA
"TER-NFBF-TP41",2023-08-12,18.2291666666667,18.375,NA
"TER-NFBF-TP41",2023-08-13,19.1875,19.5416666666667,NA
"TER-NFBF-TP41",2023-08-14,18.6458333333333,19.3333333333333,NA
"TER-NFBF-TP41",2023-08-15,18.7916666666667,19.25,NA
"TER-NFBF-TP41",2023-08-16,19.5625,20.5833333333333,NA
"TER-NFBF-TP41",2023-08-17,20.6041666666667,21.0833333333333,NA
"TER-NFBF-TP41",2023-08-18,17.6875,17.9166666666667,NA
"TER-NFBF-TP41",2023-08-19,16.7708333333333,17.1458333333333,NA
"TER-NFBF-TP41",2023-08-20,16.7708333333333,16.9166666666667,NA
"TER-NFBF-TP41",2023-08-21,16.3333333333333,NA,NA
"TER-NFBF-TP41",2023-08-22,14.875,NA,NA
"TER-NFBF-TP41",2023-08-23,15.375,NA,NA
"TER-NFBF-TP41",2023-08-24,15.4375,NA,NA
"TER-NFBF-TP41",2023-08-25,17.4166666666667,NA,NA
"TER-NFBF-TP41",2023-08-26,17.75,NA,NA
"TER-NFBF-TP41",2023-08-27,17.1666666666667,NA,NA
"TER-NFBF-TP41",2023-08-28,18.1041666666667,NA,NA
"TER-NFBF-TP41",2023-08-29,18.2708333333333,NA,NA
"TER-NFBF-TP41",2023-08-30,17.1458333333333,NA,NA
"TER-NFBF-TP41",2023-08-31,16.75,NA,NA
"TER-NFBF-TP41",2023-09-01,17.3958333333333,NA,NA
"TER-NFBF-TP41",2023-09-02,17.7083333333333,NA,NA
"TER-NFBF-TP41",2023-09-03,17.4791666666667,NA,NA
"TER-NFBF-TP41",2023-09-04,17.6458333333333,NA,NA
"TER-NFBF-TP41",2023-09-05,16.1458333333333,NA,NA
"TER-NFBF-TP41",2023-09-06,15.9583333333333,NA,NA
"TER-NFBF-TP41",2023-09-07,15.5833333333333,NA,NA
"TER-NFBF-TP41",2023-09-08,15.3541666666667,NA,NA
"TER-NFBF-TP41",2023-09-09,15.5,NA,NA
"TER-NFBF-TP41",2023-09-10,15.0416666666667,NA,NA
"TER-NFBF-TP41",2023-09-11,16.0625,NA,NA
"TER-NFBF-TP41",2023-09-12,17.0833333333333,NA,NA
"TER-NFBF-TP41",2023-09-13,18.2291666666667,NA,NA
"TER-NFBF-TP41",2023-09-14,18.4166666666667,NA,NA
"TER-NFBF-TP41",2023-09-15,15.1041666666667,NA,NA
"TER-NFBF-TP41",2023-09-16,13.4583333333333,NA,NA
"TER-NFBF-TP41",2023-09-17,13.8541666666667,NA,NA
"TER-NFBF-TP41",2023-09-18,14.1458333333333,NA,NA
"TER-NFBF-TP41",2023-09-19,16.0625,NA,NA
"TER-NFBF-TP41",2023-09-20,18.75,NA,NA
"TER-NFBF-TP41",2023-09-21,14.3958333333333,NA,NA
"TER-NFBF-TP41",2023-09-22,16.0833333333333,NA,NA
"TER-NFBF-TP41",2023-09-23,17.4583333333333,NA,NA
"TER-NFBF-TP41",2023-09-24,14.7916666666667,NA,NA
"TER-NFBF-TP41",2023-09-25,15.5208333333333,NA,NA
"TER-NFBF-TP41",2023-09-26,16.1875,NA,NA
"TER-NFBF-TP41",2023-09-27,16.3958333333333,NA,NA
"TER-NFBF-TP41",2023-09-28,16.0625,NA,NA
"TER-NFBF-TP41",2023-09-29,18.125,NA,NA
"TER-NFBF-TP41",2023-09-30,15.6666666666667,NA,NA
"TER-NFBF-TP41",2023-10-01,14.8333333333333,NA,NA
"TER-NFBF-TP41",2023-10-02,13.7291666666667,NA,NA
"TER-NFBF-TP41",2023-10-03,14.625,NA,NA
"TER-NFBF-TP41",2023-10-04,17.875,NA,NA
"TER-NFBF-TP41",2023-10-05,17.625,NA,NA
"TER-NFBF-TP41",2023-10-06,15.6666666666667,NA,NA
"TER-NFBF-TP41",2023-10-07,13.9166666666667,NA,NA
"TER-NFBF-TP41",2023-10-08,14.6875,NA,NA
"TER-NFBF-TP41",2023-10-09,14.9791666666667,NA,NA
"TER-NFBF-TP41",2023-10-10,15.6458333333333,NA,NA
"TER-NFBF-TP41",2023-10-11,15.25,NA,NA
"TER-NFBF-TP41",2023-10-12,14.3958333333333,NA,NA
"TER-NFBF-TP41",2023-10-13,14.375,NA,NA
"TER-NFBF-TP41",2023-10-14,15.6458333333333,NA,NA
"TER-NFBF-TP41",2023-10-15,17.8541666666667,NA,NA
"TER-NFBF-TP41",2023-10-16,15.3333333333333,NA,NA
"TER-NFBF-TP41",2023-10-17,15.2083333333333,NA,NA
"TER-NFBF-TP41",2023-10-18,16.7291666666667,NA,NA
"TER-NFBF-TP41",2023-10-19,12.5208333333333,NA,NA
"TER-NFBF-TP41",2023-10-20,11.9166666666667,NA,NA
"TER-NFBF-TP41",2023-10-21,11.6666666666667,NA,NA
"TER-NFBF-TP41",2023-10-22,11.8333333333333,NA,NA
"TER-NFBF-TP41",2023-10-23,13.7708333333333,NA,NA
"TER-NFBF-TP41",2023-10-24,17.1666666666667,NA,NA
"TER-NFBF-TP41",2023-10-25,16.3958333333333,NA,NA
"TER-NFBF-TP41",2023-10-26,11.25,NA,NA
"TER-NFBF-TP41",2023-10-27,12.1875,NA,NA
"TER-NFBF-TP41",2023-10-28,11.875,NA,NA
"TER-NFBF-TP41",2023-10-29,10.0208333333333,NA,NA
"TER-NFBF-TP41",2023-10-30,10.5,NA,NA
"TER-NFBF-TP41",2023-10-31,12.7708333333333,NA,NA
"TER-NFBF-TP41",2023-11-01,14.2708333333333,NA,NA
"TER-NFBF-TP41",2023-11-02,11.8125,NA,NA
"TER-NFBF-TP41",2023-11-03,14.4583333333333,NA,NA
"TER-NFBF-TP41",2023-11-04,9.625,NA,NA
"TER-NFBF-TP41",2023-11-05,8.79166666666667,NA,NA
"TER-NFBF-TP41",2023-11-06,8.77083333333333,NA,NA
"TER-NFBF-TP41",2023-11-07,13.2708333333333,NA,NA
"TER-NFBF-TP41",2023-11-08,15.7083333333333,NA,NA
"TER-NFBF-TP41",2023-11-09,15.875,NA,NA
"TER-NFBF-TP41",2023-11-10,16.9375,NA,NA
"TER-NFBF-TP41",2023-11-11,15,NA,NA
"TER-NFBF-TP41",2023-11-12,15.0625,NA,NA
"TER-NFBF-TP41",2023-11-13,12.2083333333333,NA,NA
"TER-NFBF-TP41",2023-11-14,13.6666666666667,NA,NA
"TER-NFBF-TP41",2023-11-15,16.4791666666667,NA,NA
"TER-NFBF-TP41",2023-11-16,16.4375,NA,NA
"TER-NFBF-TP41",2023-11-17,14.4375,NA,NA
"TER-NFBF-TP41",2023-11-18,11.8958333333333,NA,NA
"TER-NFBF-TP41",2023-11-19,10.3541666666667,NA,NA
"TER-NFBF-TP41",2023-11-20,11.6458333333333,NA,NA
"TER-NFBF-TP41",2023-11-21,14.3541666666667,NA,NA
"TER-NFBF-TP41",2023-11-22,13.125,NA,NA
"TER-NFBF-TP41",2023-11-23,13.125,NA,NA
"TER-NFBF-TP41",2023-11-24,15.2916666666667,NA,NA
"TER-NFBF-TP41",2023-11-25,16.2083333333333,NA,NA
"TER-NFBF-TP41",2023-11-26,15.9583333333333,NA,NA
"TER-NFBF-TP41",2023-11-27,13.8958333333333,NA,NA
"TER-NFBF-TP41",2023-11-28,13.7916666666667,NA,NA
"TER-NFBF-TP41",2023-11-29,13.1458333333333,NA,NA
"TER-NFBF-TP41",2023-11-30,8.08333333333333,NA,NA
"TER-NFBF-TP41",2023-12-01,7.97916666666667,NA,NA
"TER-NFBF-TP41",2023-12-02,9.95833333333333,NA,NA
"TER-NFBF-TP41",2023-12-03,7.625,NA,NA
"TER-NFBF-TP41",2023-12-04,8.4375,NA,NA
"TER-NFBF-TP41",2023-12-05,12.7916666666667,NA,NA
"TER-NFBF-TP41",2023-12-06,14.5625,NA,NA
"TER-NFBF-TP41",2023-12-07,11.3541666666667,NA,NA
"TER-NFBF-TP41",2023-12-08,NA,NA,NA
"TER-NFBF-TP41",2023-12-09,14.3958333333333,14.2916666666667,14.1666666666667
"TER-NFBF-TP41",2023-12-10,12.1666666666667,12.2291666666667,12.0625
"TER-NFBF-TP41",2023-12-11,9.70833333333333,9.45833333333333,9.33333333333333
"TER-NFBF-TP41",2023-12-12,8.5,8.27083333333333,8.0625
"TER-NFBF-TP41",2023-12-13,8.16666666666667,7.875,7.64583333333333
"TER-NFBF-TP41",2023-12-14,9.39583333333333,9.33333333333333,9.10416666666667
"TER-NFBF-TP41",2023-12-15,13.8541666666667,13.9375,13.8541666666667
"TER-NFBF-TP41",2023-12-16,15.2916666666667,15.2083333333333,15.0625
"TER-NFBF-TP41",2023-12-17,15.25,15.25,15.0625
"TER-NFBF-TP41",2023-12-18,13.25,13.0416666666667,12.9166666666667
"TER-NFBF-TP41",2023-12-19,9.75,9.66666666666667,9.41666666666667
"TER-NFBF-TP41",2023-12-20,11.75,11.5833333333333,11.3958333333333
"TER-NFBF-TP41",2023-12-21,9.66666666666667,9.41666666666667,9.3125
"TER-NFBF-TP41",2023-12-22,8.875,8.66666666666667,8.54166666666667
"TER-NFBF-TP41",2023-12-23,9.3125,9.41666666666667,9.25
"TER-NFBF-TP41",2023-12-24,10.4375,10.875,10.6666666666667
"TER-NFBF-TP41",2023-12-25,12.2708333333333,12.3125,12.1875
"TER-NFBF-TP41",2023-12-26,9.6875,9.35416666666667,9.22916666666667
"TER-NFBF-TP41",2023-12-27,7.0625,6.95833333333333,6.79166666666667
"TER-NFBF-TP41",2023-12-28,7.95833333333333,7.875,7.77083333333333
"TER-NFBF-TP41",2023-12-29,9.0625,9.1875,9.02083333333333
"TER-NFBF-TP41",2023-12-30,7.52083333333333,7.47916666666667,7.5
"TER-NFBF-TP41",2023-12-31,9.39583333333333,9.77083333333333,9.6875
"TER-NFBF-TP41",2024-01-01,12.75,12.7291666666667,12.625
"TER-NFBF-TP41",2024-01-02,10.125,10.1666666666667,10.0208333333333
"TER-NFBF-TP41",2024-01-03,9.6875,9.8125,9.66666666666667
"TER-NFBF-TP41",2024-01-04,10.125,9.95833333333333,9.875
"TER-NFBF-TP41",2024-01-05,11.5208333333333,11.5416666666667,11.3958333333333
"TER-NFBF-TP41",2024-01-06,10.6875,10.7291666666667,10.5
"TER-NFBF-TP41",2024-01-07,9.89583333333333,9.95833333333333,9.75
"TER-NFBF-TP41",2024-01-08,9.5625,9.66666666666667,9.625
"TER-NFBF-TP41",2024-01-09,12.0208333333333,12.0625,11.9375
"TER-NFBF-TP41",2024-01-10,13.0625,13.0416666666667,12.9166666666667
"TER-NFBF-TP41",2024-01-11,10.8333333333333,10.7083333333333,10.6041666666667
"TER-NFBF-TP41",2024-01-12,11.3958333333333,11.375,11.2291666666667
"TER-NFBF-TP41",2024-01-13,11.1875,11.1041666666667,10.9791666666667
"TER-NFBF-TP41",2024-01-14,9.8125,9.85416666666667,9.77083333333333
"TER-NFBF-TP41",2024-01-15,9.1875,8.89583333333333,8.72916666666667
"TER-NFBF-TP41",2024-01-16,8.72916666666667,8.5625,8.45833333333333
"TER-NFBF-TP41",2024-01-17,7.95833333333333,7.75,7.58333333333333
"TER-NFBF-TP41",2024-01-18,7.14583333333333,7,6.77083333333333
"TER-NFBF-TP41",2024-01-19,11.0208333333333,11.0208333333333,10.9375
"TER-NFBF-TP41",2024-01-20,10.3958333333333,10.7291666666667,10.6041666666667
"TER-NFBF-TP41",2024-01-21,13.5416666666667,13.5833333333333,13.5
"TER-NFBF-TP41",2024-01-22,12.8541666666667,12.7916666666667,12.7083333333333
"TER-NFBF-TP41",2024-01-23,12.7083333333333,12.6666666666667,12.5416666666667
"TER-NFBF-TP41",2024-01-24,12.0625,12,11.8541666666667
"TER-NFBF-TP41",2024-01-25,9.97916666666667,9.91666666666667,9.625
"TER-NFBF-TP41",2024-01-26,11.8541666666667,11.875,11.8333333333333
"TER-NFBF-TP41",2024-01-27,11.375,11.1666666666667,11.1041666666667
"TER-NFBF-TP41",2024-01-28,6.95833333333333,7.02083333333333,6.75
"TER-NFBF-TP41",2024-01-29,9.91666666666667,10.0208333333333,9.85416666666667
"TER-NFBF-TP41",2024-01-30,11.1458333333333,11.2083333333333,10.9791666666667
"TER-NFBF-TP41",2024-01-31,9.91666666666667,9.875,9.75
"TER-NFBF-TP41",2024-02-01,11.5208333333333,11.5416666666667,11.3541666666667
"TER-NFBF-TP41",2024-02-02,12.125,12.2083333333333,12.0416666666667
"TER-NFBF-TP41",2024-02-03,11.0208333333333,11.1458333333333,10.9166666666667
"TER-NFBF-TP41",2024-02-04,11.125,11.2708333333333,11.25
"TER-NFBF-TP41",2024-02-05,12.8541666666667,12.8541666666667,12.7291666666667
"TER-NFBF-TP41",2024-02-06,13.5,13.5208333333333,13.3958333333333
"TER-NFBF-TP41",2024-02-07,11.8125,11.6875,11.5
"TER-NFBF-TP41",2024-02-08,10.125,10.2291666666667,10.1041666666667
"TER-NFBF-TP41",2024-02-09,9.20833333333333,9.0625,8.875
"TER-NFBF-TP41",2024-02-10,12.2708333333333,12.3333333333333,12.1041666666667
"TER-NFBF-TP41",2024-02-11,11.8333333333333,11.8541666666667,11.7083333333333
"TER-NFBF-TP41",2024-02-12,11.1458333333333,11.1458333333333,10.9791666666667
"TER-NFBF-TP41",2024-02-13,10.4375,10.3333333333333,10.2083333333333
"TER-NFBF-TP41",2024-02-14,8.5625,8.77083333333333,8.45833333333333
"TER-NFBF-TP41",2024-02-15,12.5833333333333,12.7083333333333,12.5208333333333
"TER-NFBF-TP41",2024-02-16,13.6666666666667,13.6458333333333,13.5625
"TER-NFBF-TP41",2024-02-17,12.1666666666667,12.2916666666667,12.125
"TER-NFBF-TP41",2024-02-18,10.4166666666667,11,10.7083333333333
"TER-NFBF-TP41",2024-02-19,12.2916666666667,12.5625,12.4583333333333
"TER-NFBF-TP41",2024-02-20,11.5416666666667,11.75,11.625
"TER-NFBF-TP41",2024-02-21,12.3541666666667,12.5208333333333,12.3333333333333
"TER-NFBF-TP41",2024-02-22,8.77083333333333,8.66666666666667,8.4375
"TER-NFBF-TP41",2024-02-23,8.66666666666667,8.875,8.6875
"TER-NFBF-TP41",2024-02-24,10,10.1875,10.0416666666667
"TER-NFBF-TP41",2024-02-25,11.7083333333333,11.8541666666667,11.625
"TER-NFBF-TP41",2024-02-26,9.58333333333333,9.64583333333333,9.39583333333333
"TER-NFBF-TP41",2024-02-27,9.5625,9.97916666666667,9.79166666666667
"TER-NFBF-TP41",2024-02-28,10.3125,10.8125,10.5833333333333
"TER-NFBF-TP41",2024-02-29,7.95833333333333,7.97916666666667,7.75
"TER-NFBF-TP41",2024-03-01,8.29166666666667,8.54166666666667,8.3125
"TER-NFBF-TP41",2024-03-02,8.08333333333333,8.375,8.20833333333333
"TER-NFBF-TP41",2024-03-03,8.25,8.27083333333333,8.1875
"TER-NFBF-TP41",2024-03-04,6.77083333333333,6.9375,6.72916666666667
"TER-NFBF-TP41",2024-03-05,8.04166666666667,8.125,7.89583333333333
"TER-NFBF-TP41",2024-03-06,5.85416666666667,5.66666666666667,5.5625
"TER-NFBF-TP41",2024-03-07,8.64583333333333,8.66666666666667,8.58333333333333
"TER-NFBF-TP41",2024-03-08,9.52083333333333,9.47916666666667,9.27083333333333
"TER-NFBF-TP41",2024-03-09,9.875,9.9375,9.75
"TER-NFBF-TP41",2024-03-10,10.0833333333333,10.375,10.1875
"TER-NFBF-TP41",2024-03-11,11.2083333333333,11.1875,11.125
"TER-NFBF-TP41",2024-03-12,NA,NA,11
"TER-NFBF-TP41",2024-03-13,11.7291666666667,NA,12.1666666666667
"TER-NFBF-TP41",2024-03-14,11.2083333333333,NA,11.875
"TER-NFBF-TP41",2024-03-15,10.3958333333333,NA,11.9166666666667
"TER-NFBF-TP41",2024-03-16,7.6875,NA,9.58333333333333
"TER-NFBF-TP41",2024-03-17,7.3125,NA,9.875
"TER-NFBF-TP41",2024-03-18,10.4791666666667,NA,11.3541666666667
"TER-NFBF-TP41",2024-03-19,10.5625,NA,8.35416666666667
"TER-NFBF-TP41",2024-03-20,12.4375,NA,9.54166666666667
"TER-NFBF-TP41",2024-03-21,NA,NA,10.4583333333333
"TER-NFBF-TP41",2024-03-22,NA,NA,11.3333333333333
"TER-NFBF-TP41",2024-03-23,NA,NA,8.85416666666667
"TER-NFBF-TP41",2024-03-24,NA,NA,8.72916666666667
"TER-NFBF-TP41",2024-03-25,NA,NA,7.77083333333333
"TER-NFBF-TP41",2024-03-26,NA,NA,9.125
"TER-NFBF-TP41",2024-03-27,NA,NA,8.20833333333333
"TER-NFBF-TP41",2024-03-28,NA,NA,4.39583333333333
"TER-NFBF-TP41",2024-03-29,NA,NA,8.22916666666667
"TER-NFBF-TP41",2024-03-30,NA,NA,8.14583333333333
"TER-NFBF-TP41",2024-03-31,NA,NA,6.6875
"TER-NFBF-TP41",2024-04-01,NA,NA,10.8541666666667
"TER-NFBF-TP41",2024-04-02,NA,NA,10.7708333333333
"TER-NFBF-TP41",2024-04-03,NA,NA,11.3125
"TER-NFBF-TP41",2024-04-04,NA,NA,8.33333333333333
"TER-NFBF-TP41",2024-04-05,NA,NA,6.75
"TER-NFBF-TP41",2024-04-06,NA,NA,8.60416666666667
"TER-NFBF-TP41",2024-04-07,NA,NA,11.3333333333333
"TER-NFBF-TP41",2024-04-08,NA,NA,11.0416666666667
"TER-NFBF-TP41",2024-04-09,NA,NA,12.7708333333333
"TER-NFBF-TP41",2024-04-10,NA,NA,13.4166666666667
"TER-NFBF-TP41",2024-04-11,NA,NA,13.1666666666667
"TER-NFBF-TP41",2024-04-12,NA,NA,11.8125
"TER-NFBF-TP41",2024-04-13,NA,NA,11.2083333333333
"TER-NFBF-TP41",2024-04-14,NA,NA,10.25
"TER-NFBF-TP41",2024-04-15,NA,NA,12.125
"TER-NFBF-TP41",2024-04-16,NA,NA,12.75
"TER-NFBF-TP41",2024-04-17,NA,NA,12.2708333333333
"TER-NFBF-TP41",2024-04-18,NA,NA,11.8541666666667
"TER-NFBF-TP41",2024-04-19,NA,NA,11.7291666666667
"TER-NFBF-TP41",2024-04-20,NA,NA,11.2916666666667
"TER-NFBF-TP41",2024-04-21,NA,NA,12.1875
"TER-NFBF-TP41",2024-04-22,NA,NA,11.0208333333333
"TER-NFBF-TP41",2024-04-23,NA,NA,11.25
"TER-NFBF-TP41",2024-04-24,NA,NA,10.5208333333333
"TER-NFBF-TP41",2024-04-25,NA,NA,11.1041666666667
"TER-NFBF-TP41",2024-04-26,NA,NA,8.83333333333333
"TER-NFBF-TP41",2024-04-27,NA,NA,8.875
"TER-NFBF-TP41",2024-04-28,NA,NA,9.85416666666667
"TER-NFBF-TP41",2024-04-29,NA,NA,10.0833333333333
"TER-NFBF-TP41",2024-04-30,NA,NA,11.1875
"TER-NFBF-TP41",2024-05-01,NA,NA,11.5
"TER-NFBF-TP41",2024-05-02,NA,NA,12.9583333333333
"TER-NFBF-TP41",2024-05-03,NA,NA,12.7708333333333
"TER-NFBF-TP41",2024-05-04,NA,NA,13.375
"TER-NFBF-TP41",2024-05-05,NA,NA,13.625
"TER-NFBF-TP41",2024-05-06,NA,NA,14.4166666666667
"TER-NFBF-TP41",2024-05-07,NA,NA,13.4166666666667
"TER-NFBF-TP41",2024-05-08,NA,NA,12.75
"TER-NFBF-TP41",2024-05-09,NA,NA,12.6458333333333
"TER-NFBF-TP41",2024-05-10,NA,NA,13.625
"TER-NFBF-TP41",2024-05-11,NA,NA,14.7083333333333
"TER-NFBF-TP41",2024-05-12,NA,NA,14.4791666666667
"TER-NFBF-TP41",2024-05-13,NA,NA,12
"TER-NFBF-TP41",2024-05-14,NA,NA,9.9375
"TER-NFBF-TP41",2024-05-15,NA,NA,11.0625
"TER-NFBF-TP41",2024-05-16,NA,NA,11.9166666666667
"TER-NFBF-TP41",2024-05-17,NA,NA,10.7291666666667
"TER-NFBF-TP41",2024-05-18,NA,NA,10.3333333333333
"TER-NFBF-TP41",2024-05-19,NA,NA,12.1041666666667
"TER-NFBF-TP41",2024-05-20,NA,NA,13.6458333333333
"TER-NFBF-TP41",2024-05-21,NA,NA,14.1875
"TER-NFBF-TP41",2024-05-22,NA,NA,14.6458333333333
"TER-NFBF-TP41",2024-05-23,NA,NA,15.4791666666667
"TER-NFBF-TP41",2024-05-24,NA,NA,13.6458333333333
"TER-NFBF-TP41",2024-05-25,NA,NA,13.125
"TER-NFBF-TP41",2024-05-26,NA,NA,12.625
"TER-NFBF-TP41",2024-05-27,NA,NA,14.5
"TER-NFBF-TP41",2024-05-28,NA,NA,15.0833333333333
"TER-NFBF-TP41",2024-05-29,NA,NA,15.7291666666667
"TER-NFBF-TP41",2024-05-30,NA,NA,14.4166666666667
"TER-NFBF-TP41",2024-05-31,NA,NA,12.9375
"TER-NFBF-TP41",2024-06-01,NA,NA,13.8125
"TER-NFBF-TP41",2024-06-02,NA,NA,13.7708333333333
"TER-NFBF-TP41",2024-06-03,NA,NA,13.2916666666667
"TER-NFBF-TP41",2024-06-04,NA,NA,12.9375
"TER-NFBF-TP41",2024-06-05,NA,NA,12.2083333333333
"TER-NFBF-TP41",2024-06-06,NA,NA,12.0208333333333
"TER-NFBF-TP41",2024-06-07,NA,NA,13
"TER-NFBF-TP41",2024-06-08,NA,NA,13.9583333333333
"TER-NFBF-TP41",2024-06-09,NA,NA,13.8541666666667
"TER-NFBF-TP41",2024-06-10,NA,NA,13.8125
"TER-NFBF-TP41",2024-06-11,NA,NA,13.9166666666667
"TER-NFBF-TP41",2024-06-12,NA,NA,16.7083333333333
"TER-NFBF-TP41",2024-06-13,NA,NA,16.4583333333333
"TER-NFBF-TP41",2024-06-14,NA,NA,14.4583333333333
"TER-NFBF-TP41",2024-06-15,NA,NA,16.2916666666667
"TER-NFBF-TP41",2024-06-16,NA,NA,16.3541666666667
"TER-NFBF-TP41",2024-06-17,NA,NA,13.9166666666667
"TER-NFBF-TP41",2024-06-18,NA,NA,13.4375
"TER-NFBF-TP41",2024-06-19,NA,NA,13.4583333333333
"TER-NFBF-TP41",2024-06-20,NA,NA,14.2916666666667
"TER-NFBF-TP41",2024-06-21,NA,NA,16.2083333333333
"TER-NFBF-TP41",2024-06-22,NA,NA,15.3125
"TER-NFBF-TP41",2024-06-23,NA,NA,16.2708333333333
"TER-NFBF-TP41",2024-06-24,NA,NA,15.5625
"TER-NFBF-TP41",2024-06-25,NA,14.7083333333333,14.5416666666667
"TER-NFBF-TP41",2024-06-26,NA,16.0625,15.8541666666667
"TER-NFBF-TP41",2024-06-27,NA,16.8541666666667,16.8125
"TER-NFBF-TP41",2024-06-28,NA,16.5,16.3125
"TER-NFBF-TP41",2024-06-29,NA,16.2916666666667,16.125
"TER-NFBF-TP41",2024-06-30,NA,15.5833333333333,15.3541666666667
"TER-NFBF-TP41",2024-07-01,NA,16.9166666666667,16.7083333333333
"TER-NFBF-TP41",2024-07-02,NA,18.3333333333333,18.2083333333333
"TER-NFBF-TP41",2024-07-03,NA,16.8333333333333,16.4375
"TER-NFBF-TP41",2024-07-04,NA,16.125,15.8541666666667
"TER-NFBF-TP41",2024-07-05,NA,18.0208333333333,17.6875
"TER-NFBF-TP41",2024-07-06,NA,18.0416666666667,17.9166666666667
"TER-NFBF-TP41",2024-07-07,NA,19.2916666666667,18.9583333333333
"TER-NFBF-TP41",2024-07-08,NA,18.6041666666667,18.5208333333333
"TER-NFBF-TP41",2024-07-09,NA,19.2708333333333,18.9791666666667
"TER-NFBF-TP41",2024-07-10,NA,17.5,17.4583333333333
"TER-NFBF-TP41",2024-07-11,NA,16.6875,16.4791666666667
"TER-NFBF-TP41",2024-07-12,NA,17.7708333333333,17.6666666666667
"TER-NFBF-TP41",2024-07-13,NA,16.4375,16.2291666666667
"TER-NFBF-TP41",2024-07-14,NA,16.2083333333333,16.2083333333333
"TER-NFBF-TP41",2024-07-15,NA,17.8541666666667,17.7708333333333
"TER-NFBF-TP41",2024-07-16,NA,19.125,18.9166666666667
"TER-NFBF-TP41",2024-07-17,NA,17.2708333333333,17.1458333333333
"TER-NFBF-TP41",2024-07-18,NA,16.3333333333333,16.0625
"TER-NFBF-TP41",2024-07-19,NA,18.3333333333333,18.25
"TER-NFBF-TP41",2024-07-20,NA,20.3125,20.1666666666667
"TER-NFBF-TP41",2024-07-21,NA,19.3958333333333,19.375
"TER-NFBF-TP41",2024-07-22,NA,18.4583333333333,18.25
"TER-NFBF-TP41",2024-07-23,NA,18.75,18.5625
"TER-NFBF-TP41",2024-07-24,NA,18.3958333333333,18.0833333333333
"TER-NFBF-TP41",2024-07-25,NA,19.4375,19.3333333333333
"TER-NFBF-TP41",2024-07-26,NA,19.9583333333333,19.8125
"TER-NFBF-TP41",2024-07-27,NA,18.625,18.4166666666667
"TER-NFBF-TP41",2024-07-28,NA,19.875,19.6875
"TER-NFBF-TP41",2024-07-29,NA,21.0416666666667,21.0416666666667
"TER-NFBF-TP41",2024-07-30,NA,19.0625,18.8125
"TER-NFBF-TP41",2024-07-31,NA,17.7916666666667,17.6875
"TER-NFBF-TP41",2024-08-01,NA,19.4166666666667,19.375
"TER-NFBF-TP41",2024-08-02,NA,18.4791666666667,18.3541666666667
"TER-NFBF-TP41",2024-08-03,NA,18.625,18.4791666666667
"TER-NFBF-TP41",2024-08-04,NA,20.7916666666667,20.7083333333333
"TER-NFBF-TP41",2024-08-05,NA,20.7916666666667,20.7291666666667
"TER-NFBF-TP41",2024-08-06,NA,19.0208333333333,19
"TER-NFBF-TP41",2024-08-07,NA,18.3541666666667,18.0416666666667
"TER-NFBF-TP41",2024-08-08,NA,19.25,19.1666666666667
"TER-NFBF-TP41",2024-08-09,NA,18.9375,18.7916666666667
"TER-NFBF-TP41",2024-08-10,NA,18.9583333333333,18.8541666666667
"TER-NFBF-TP41",2024-08-11,NA,16.8125,16.6875
"TER-NFBF-TP41",2024-08-12,NA,17.2916666666667,17.375
"TER-NFBF-TP41",2024-08-13,NA,20.4375,20.3333333333333
"TER-NFBF-TP41",2024-08-14,NA,20.8125,20.6875
"TER-NFBF-TP41",2024-08-15,NA,20.5208333333333,20.4375
"TER-NFBF-TP41",2024-08-16,NA,NA,NA
"TER-NFBF-TP41",2024-08-17,NA,20.0416666666667,19.8541666666667
"TER-NFBF-TP41",2024-08-18,NA,19.4583333333333,19.1666666666667
"TER-NFBF-TP41",2024-08-19,NA,20.375,20.2708333333333
"TER-NFBF-TP41",2024-08-20,NA,19.1041666666667,18.9375
"TER-NFBF-TP41",2024-08-21,NA,18.6666666666667,18.5208333333333
"TER-NFBF-TP41",2024-08-22,NA,20.1041666666667,19.9583333333333
"TER-NFBF-TP41",2024-08-23,NA,20.8958333333333,20.7083333333333
"TER-NFBF-TP41",2024-08-24,NA,17.7291666666667,17.4583333333333
"TER-NFBF-TP41",2024-08-25,NA,18.4791666666667,18.4166666666667
"TER-NFBF-TP41",2024-08-26,NA,20.0625,19.8958333333333
"TER-NFBF-TP41",2024-08-27,NA,17.9166666666667,17.5416666666667
"TER-NFBF-TP41",2024-08-28,NA,18.1041666666667,17.8541666666667
"TER-NFBF-TP41",2024-08-29,NA,17.9791666666667,17.7291666666667
"TER-NFBF-TP41",2024-08-30,NA,19.75,19.6458333333333
"TER-NFBF-TP41",2024-08-31,NA,20.1458333333333,20
"TER-NFBF-TP41",2024-09-01,NA,16.6666666666667,16.5
"TER-NFBF-TP41",2024-09-02,NA,15.8541666666667,15.6666666666667
"TER-NFBF-TP41",2024-09-03,NA,16.5,16.3333333333333
"TER-NFBF-TP41",2024-09-04,NA,16.2708333333333,16.1875
"TER-NFBF-TP41",2024-09-05,NA,16.4583333333333,16.3333333333333
"TER-NFBF-TP41",2024-09-06,NA,15.9791666666667,15.7708333333333
"TER-NFBF-TP41",2024-09-07,NA,16.1666666666667,16.0208333333333
"TER-NFBF-TP41",2024-09-08,NA,16.7916666666667,16.6458333333333
"TER-NFBF-TP41",2024-09-09,NA,15.4791666666667,15.2916666666667
"TER-NFBF-TP41",2024-09-10,NA,16.5208333333333,16.3333333333333
"TER-NFBF-TP41",2024-09-11,NA,16.5208333333333,16.2291666666667
"TER-NFBF-TP41",2024-09-12,NA,17.5,17.2291666666667
"TER-NFBF-TP41",2024-09-13,NA,17.6666666666667,17.4791666666667
"TER-NFBF-TP41",2024-09-14,NA,17,16.9583333333333
"TER-NFBF-TP41",2024-09-15,NA,17.5208333333333,17.2916666666667
"TER-NFBF-TP41",2024-09-16,NA,16.7083333333333,16.6041666666667
"TER-NFBF-TP41",2024-09-17,NA,NA,NA
"TER-NFBF-TP41",2024-09-18,NA,15.7291666666667,15.4791666666667
"TER-NFBF-TP41",2024-09-19,NA,15.4375,15.2916666666667
"TER-NFBF-TP41",2024-09-20,NA,16.1666666666667,15.9375
"TER-NFBF-TP41",2024-09-21,NA,15.8333333333333,15.4791666666667
"TER-NFBF-TP41",2024-09-22,NA,17.5,17.3125
"TER-NFBF-TP41",2024-09-23,NA,18.8333333333333,18.6041666666667
"TER-NFBF-TP41",2024-09-24,NA,19.5,19.4166666666667
"TER-NFBF-TP41",2024-09-25,NA,18.9166666666667,18.7708333333333
"TER-NFBF-TP41",2024-09-26,NA,15.8541666666667,15.5208333333333
"TER-NFBF-TP41",2024-09-27,NA,17.9791666666667,17.8541666666667
"TER-NFBF-TP41",2024-09-28,NA,18.4375,18.3125
"TER-NFBF-TP41",2024-09-29,NA,19.1875,19.0416666666667
"TER-NFBF-TP41",2024-09-30,NA,19.5,19.375
"TER-NFBF-TP41",2024-10-01,NA,19.9166666666667,19.7291666666667
"TER-NFBF-TP41",2024-10-02,NA,19.8125,19.5416666666667
"TER-NFBF-TP41",2024-10-03,NA,19.6041666666667,19.4375
"TER-NFBF-TP41",2024-10-04,NA,19.0208333333333,18.9166666666667
"TER-NFBF-TP41",2024-10-05,NA,16.6666666666667,16.3125
"TER-NFBF-TP41",2024-10-06,NA,13.5625,13.0833333333333
"TER-NFBF-TP41",2024-10-07,NA,15.7291666666667,15.5208333333333
"TER-NFBF-TP41",2024-10-08,NA,17.5416666666667,17.2708333333333
"TER-NFBF-TP41",2024-10-09,NA,17.1458333333333,16.9791666666667
"TER-NFBF-TP41",2024-10-10,NA,15.8333333333333,15.7083333333333
"TER-NFBF-TP41",2024-10-11,NA,12.1875,11.875
"TER-NFBF-TP41",2024-10-12,NA,14.8125,14.5416666666667
"TER-NFBF-TP41",2024-10-13,NA,17.3541666666667,17.2083333333333
"TER-NFBF-TP41",2024-10-14,NA,15.7291666666667,15.6041666666667
"TER-NFBF-TP41",2024-10-15,NA,13.5833333333333,13.2916666666667
"TER-NFBF-TP41",2024-10-16,NA,12.8125,12.5208333333333
"TER-NFBF-TP41",2024-10-17,NA,13.3333333333333,13.2083333333333
"TER-NFBF-TP41",2024-10-18,NA,15.8541666666667,15.625
"TER-NFBF-TP41",2024-10-19,NA,16.625,16.5208333333333
"TER-NFBF-TP41",2024-10-20,NA,11.9583333333333,11.7708333333333
"TER-NFBF-TP41",2024-10-21,NA,10.7291666666667,10.3333333333333
"TER-NFBF-TP41",2024-10-22,NA,13.1041666666667,12.8958333333333
"TER-NFBF-TP41",2024-10-23,NA,16.0416666666667,15.9583333333333
"TER-NFBF-TP41",2024-10-24,NA,10.9791666666667,10.5
"TER-NFBF-TP41",2024-10-25,NA,11.2083333333333,10.9791666666667
"TER-NFBF-TP41",2024-10-26,NA,11.8125,11.7291666666667
"TER-NFBF-TP41",2024-10-27,NA,12.25,12.125
"TER-NFBF-TP41",2024-10-28,NA,12.3541666666667,12.1458333333333
"TER-NFBF-TP41",2024-10-29,NA,13.3541666666667,13.3125
"TER-NFBF-TP41",2024-10-30,NA,14.4166666666667,14.2291666666667
"TER-NFBF-TP41",2024-10-31,NA,14.9791666666667,14.8541666666667
"TER-NFBF-TP41",2024-11-01,NA,16.7916666666667,16.6666666666667
"TER-NFBF-TP41",2024-11-02,NA,14.6041666666667,14.3125
"TER-NFBF-TP41",2024-11-03,NA,14.4375,14.2708333333333
"TER-NFBF-TP41",2024-11-04,NA,14.0833333333333,13.8541666666667
"TER-NFBF-TP41",2024-11-05,NA,14.7083333333333,14.4583333333333
"TER-NFBF-TP41",2024-11-06,NA,9.64583333333333,9.5
"TER-NFBF-TP41",2024-11-07,NA,10.3958333333333,10.4375
"TER-NFBF-TP41",2024-11-08,NA,15.25,15.0833333333333
"TER-NFBF-TP41",2024-11-09,NA,15.8958333333333,15.6458333333333
"TER-NFBF-TP41",2024-11-10,NA,16.0833333333333,14.8541666666667
"TER-NFBF-TP41",2024-11-11,NA,NA,15.625
"TER-NFBF-TP41",2024-11-12,NA,NA,16.3125
"TER-NFBF-TP41",2024-11-13,NA,NA,14.1875
"TER-NFBF-TP41",2024-11-14,NA,NA,11.2916666666667
"TER-NFBF-TP41",2024-11-15,NA,NA,10.8333333333333
"TER-NFBF-TP41",2024-11-16,NA,NA,11.1458333333333
"TER-NFBF-TP41",2024-11-17,NA,NA,12.0625
"TER-NFBF-TP41",2024-11-18,NA,NA,13.1458333333333
"TER-NFBF-TP41",2024-11-19,NA,NA,12.8333333333333
"TER-NFBF-TP41",2024-11-20,NA,NA,12.6458333333333
"TER-NFBF-TP41",2024-11-21,NA,NA,13.75
"TER-NFBF-TP41",2024-11-22,NA,NA,15.1458333333333
"TER-NFBF-TP41",2024-11-23,NA,NA,12.9583333333333
"TER-NFBF-TP41",2024-11-24,NA,NA,8.4375
"TER-NFBF-TP41",2024-11-25,NA,NA,11.7916666666667
"TER-NFBF-TP41",2024-11-26,NA,NA,14.0625
"TER-NFBF-TP41",2024-11-27,NA,NA,12.3333333333333
"TER-NFBF-TP41",2024-11-28,NA,NA,11.2708333333333
"TER-NFBF-TP41",2024-11-29,NA,NA,11.3125
"TER-NFBF-TP41",2024-11-30,NA,NA,9.8125
"TER-NFBF-TP41",2024-12-01,NA,NA,11.7916666666667
"TER-NFBF-TP41",2024-12-02,NA,NA,13.0625
"TER-NFBF-TP41",2024-12-03,NA,NA,11.7083333333333
"TER-NFBF-TP41",2024-12-04,NA,NA,12.6041666666667
"TER-NFBF-TP41",2024-12-05,NA,NA,12.8541666666667
"TER-NFBF-TP41",2024-12-06,NA,NA,13.7291666666667
"TER-NFBF-TP41",2024-12-07,NA,NA,12.8958333333333
"TER-NFBF-TP41",2024-12-08,NA,NA,12.9375
"TER-NFBF-TP41",2024-12-09,NA,NA,11.25
"TER-NFBF-TP41",2024-12-10,NA,NA,10.9166666666667
"TER-NFBF-TP41",2024-12-11,NA,NA,12.1458333333333
"TER-NFBF-TP41",2024-12-12,NA,NA,9.75
"TER-NFBF-TP41",2024-12-13,NA,NA,8.77083333333333
"TER-NFBF-TP41",2024-12-14,NA,NA,8.64583333333333
"TER-NFBF-TP41",2024-12-15,NA,NA,NA
"TER-NFBF-TP41",2024-12-16,NA,NA,11.4791666666667
"TER-NFBF-TP41",2024-12-17,NA,NA,10.3125
"TER-NFBF-TP41",2024-12-18,NA,NA,9.625
"TER-NFBF-TP41",2024-12-19,NA,NA,8.39583333333333
"TER-NFBF-TP41",2024-12-20,NA,NA,7.75
"TER-NFBF-TP41",2024-12-21,NA,NA,8.66666666666667
"TER-NFBF-TP41",2024-12-22,NA,NA,9.47916666666667
"TER-NFBF-TP41",2024-12-23,NA,NA,9.8125
"TER-NFBF-TP41",2024-12-24,NA,NA,9.29166666666667
"TER-NFBF-TP41",2024-12-25,NA,NA,9.85416666666667
"TER-NFBF-TP41",2024-12-26,NA,NA,10.7916666666667
"TER-NFBF-TP41",2024-12-27,NA,NA,11.8958333333333
"TER-NFBF-TP41",2024-12-28,NA,NA,11.125
"TER-NFBF-TP41",2024-12-29,NA,NA,10.9166666666667
"TER-NFBF-TP41",2024-12-30,NA,NA,11.3958333333333
"TER-NFBF-TP41",2024-12-31,NA,NA,12.875
"TER-NFBF-TP41",2025-01-01,NA,NA,14.0625
"TER-NFBF-TP41",2025-01-02,NA,NA,14.0625
"TER-NFBF-TP41",2025-01-03,NA,NA,13.6875
"TER-NFBF-TP41",2025-01-04,NA,NA,11.5416666666667
"TER-NFBF-TP41",2025-01-05,NA,NA,10.9375
"TER-NFBF-TP41",2025-01-06,NA,NA,13.7291666666667
"TER-NFBF-TP41",2025-01-07,NA,NA,10.8541666666667
"TER-NFBF-TP41",2025-01-08,NA,NA,12.1041666666667
"TER-NFBF-TP41",2025-01-09,NA,NA,14.5625
"TER-NFBF-TP41",2025-01-10,NA,NA,14.5833333333333
"TER-NFBF-TP41",2025-01-11,NA,NA,14.1041666666667
"TER-NFBF-TP41",2025-01-12,NA,NA,12.5833333333333
"TER-NFBF-TP41",2025-01-13,NA,NA,13.5416666666667
"TER-NFBF-TP41",2025-01-14,NA,NA,13.4583333333333
"TER-NFBF-TP41",2025-01-15,NA,NA,13.3125
"TER-NFBF-TP41",2025-01-16,NA,NA,14.1666666666667
"TER-NFBF-TP41",2025-01-17,NA,NA,13.125
"TER-NFBF-TP41",2025-01-18,NA,NA,9.02083333333333
"TER-NFBF-TP41",2025-01-19,NA,NA,9.66666666666667
"TER-NFBF-TP41",2025-01-20,NA,NA,9.22916666666667
"TER-NFBF-TP41",2025-01-21,NA,NA,8.14583333333333
"TER-NFBF-TP41",2025-01-22,NA,NA,6.91666666666667
"TER-NFBF-TP41",2025-01-23,NA,NA,11.25
"TER-NFBF-TP41",2025-01-24,NA,NA,8.9375
"TER-NFBF-TP41",2025-01-25,NA,NA,10.1041666666667
"TER-NFBF-TP41",2025-01-26,NA,NA,9.79166666666667
"TER-NFBF-TP41",2025-01-27,NA,NA,7.75
"TER-NFBF-TP41",2025-01-28,NA,NA,10.6041666666667
"TER-NFBF-TP41",2025-01-29,NA,NA,10.1458333333333
"TER-NFBF-TP41",2025-01-30,NA,NA,11.0833333333333
"TER-NFBF-TP41",2025-01-31,NA,NA,12.3541666666667
"TER-NFBF-TP41",2025-02-01,NA,NA,10.0625
"TER-NFBF-TP41",2025-02-02,NA,NA,10.2083333333333
"TER-NFBF-TP41",2025-02-03,NA,NA,11.9166666666667
"TER-NFBF-TP41",2025-02-04,NA,NA,8.66666666666667
"TER-NFBF-TP41",2025-02-05,NA,NA,13.1666666666667
"TER-NFBF-TP41",2025-02-06,NA,NA,12.2708333333333
"TER-NFBF-TP41",2025-02-07,NA,NA,11.9375
"TER-NFBF-TP41",2025-02-08,NA,NA,9.33333333333333
"TER-NFBF-TP41",2025-02-09,NA,NA,10
"TER-NFBF-TP41",2025-02-10,NA,NA,9.72916666666667
"TER-NFBF-TP41",2025-02-11,NA,NA,11.3125
"TER-NFBF-TP41",2025-02-12,NA,NA,11.25
"TER-NFBF-TP41",2025-02-13,NA,NA,6.125
"TER-NFBF-TP41",2025-02-14,NA,NA,4.0625
"TER-NFBF-TP41",2025-02-15,NA,NA,8.04166666666667
"TER-NFBF-TP41",2025-02-16,NA,NA,9.60416666666667
"TER-NFBF-TP41",2025-02-17,NA,NA,7.1875
"TER-NFBF-TP41",2025-02-18,NA,NA,10.0208333333333
"TER-NFBF-TP41",2025-02-19,NA,NA,12.125
"TER-NFBF-TP41",2025-02-20,NA,NA,9.75
"TER-NFBF-TP41",2025-02-21,NA,NA,8.14583333333333
"TER-NFBF-TP41",2025-02-22,NA,NA,11.875
"TER-NFBF-TP41",2025-02-23,NA,NA,12.125
"TER-NFBF-TP41",2025-02-24,NA,NA,8.95833333333333
"TER-NFBF-TP41",2025-02-25,NA,NA,10.1041666666667
"TER-NFBF-TP41",2025-02-26,NA,NA,9.1875
"TER-NFBF-TP41",2025-02-27,NA,NA,7
"TER-NFBF-TP41",2025-02-28,NA,NA,8.79166666666667
"TER-NFBF-TP41",2025-03-01,NA,NA,7.75
"TER-NFBF-TP41",2025-03-02,NA,NA,7.85416666666667
"TER-NFBF-TP41",2025-03-03,NA,NA,8.8125
"TER-NFBF-TP41",2025-03-04,NA,NA,11.1875
"TER-NFBF-TP41",2025-03-05,NA,NA,10.375
"TER-NFBF-TP41",2025-03-06,NA,NA,6.1875
"TER-NFBF-TP41",2025-03-07,NA,NA,4.16666666666667
"TER-NFBF-TP41",2025-03-08,NA,NA,5.75
"TER-NFBF-TP41",2025-03-09,NA,NA,7.91666666666667
"TER-NFBF-TP41",2025-03-10,NA,NA,11.5833333333333
"TER-NFBF-TP41",2025-03-11,NA,NA,8.4375
"TER-NFBF-TP41",2025-03-12,NA,NA,5.58333333333333
"TER-NFBF-TP41",2025-03-13,NA,NA,6.64583333333333
"TER-NFBF-TP41",2025-03-14,NA,NA,9.8125
"TER-NFBF-TP41",2025-03-15,NA,NA,10.4791666666667
"TER-NFBF-TP41",2025-03-16,NA,NA,7.04166666666667
"TER-NFBF-TP41",2025-03-17,NA,NA,8.27083333333333
"TER-NFBF-TP41",2025-03-18,NA,NA,4.77083333333333
"TER-NFBF-TP41",2025-03-19,NA,NA,6.5
"TER-NFBF-TP41",2025-03-20,NA,NA,8.3125
"TER-NFBF-TP41",2025-03-21,NA,NA,8.625
"TER-NFBF-TP41",2025-03-22,NA,NA,7.45833333333333
"TER-NFBF-TP41",2025-03-23,NA,NA,8.6875
"TER-NFBF-TP41",2025-03-24,NA,NA,10.4583333333333
"TER-NFBF-TP41",2025-03-25,NA,NA,10.1458333333333
"TER-NFBF-TP41",2025-03-26,NA,NA,7.83333333333333
"TER-NFBF-TP41",2025-03-27,NA,NA,8.4375
"TER-NFBF-TP41",2025-03-28,NA,NA,9.35416666666667
"TER-NFBF-TP41",2025-03-29,NA,NA,9.8125
"TER-NFBF-TP41",2025-03-30,NA,NA,9.54166666666667
"TER-NFBF-TP41",2025-03-31,NA,NA,8.8125
"TER-NFBF-TP41",2025-04-01,NA,NA,3.95833333333333
"TER-NFBF-TP41",2025-04-02,NA,NA,5.83333333333333
"TER-NFBF-TP41",2025-04-03,NA,NA,9.10416666666667
"TER-NFBF-TP41",2025-04-04,NA,NA,7.5
"TER-NFBF-TP41",2025-04-05,NA,NA,6.33333333333333
"TER-NFBF-TP41",2025-04-06,NA,NA,9.875
"TER-NFBF-TP41",2025-04-07,NA,NA,9.29166666666667
"TER-NFBF-TP41",2025-04-08,NA,NA,9.1875
"TER-NFBF-TP41",2025-04-09,NA,NA,9.58333333333333
"TER-NFBF-TP41",2025-04-10,NA,NA,9.91666666666667
"TER-NFBF-TP41",2025-04-11,NA,NA,9.33333333333333
"TER-NFBF-TP41",2025-04-12,NA,NA,9.75
"TER-NFBF-TP41",2025-04-13,NA,NA,10.6875
"TER-NFBF-TP41",2025-04-14,NA,NA,8.6875
"TER-NFBF-TP41",2025-04-15,NA,NA,10.5
"TER-NFBF-TP41",2025-04-16,NA,NA,12.0833333333333
"TER-NFBF-TP41",2025-04-17,NA,NA,10.4791666666667
"TER-NFBF-TP41",2025-04-18,NA,NA,9.5
"TER-NFBF-TP41",2025-04-19,NA,NA,10.6041666666667
"TER-NFBF-TP41",2025-04-20,NA,NA,10.9791666666667
"TER-NFBF-TP41",2025-04-21,NA,NA,11.9583333333333
"TER-NFBF-TP41",2025-04-22,NA,NA,12.7291666666667
"TER-NFBF-TP41",2025-04-23,NA,NA,11.8125
"TER-NFBF-TP41",2025-04-24,NA,NA,10
"TER-NFBF-TP41",2025-04-25,NA,NA,10.5416666666667
"TER-NFBF-TP41",2025-04-26,NA,NA,11.3541666666667
"TER-NFBF-TP41",2025-04-27,NA,NA,10.125
"TER-NFBF-TP41",2025-04-28,NA,NA,5.6875
"TER-NFBF-TP41",2025-04-29,NA,NA,7.125
"TER-NFBF-TP41",2025-04-30,NA,NA,9.8125
"TER-NFBF-TP41",2025-05-01,NA,NA,10.2291666666667
"TER-NFBF-TP41",2025-05-02,NA,NA,10
"TER-NFBF-TP41",2025-05-03,NA,NA,11.3541666666667
"TER-NFBF-TP41",2025-05-04,NA,NA,10.7708333333333
"TER-NFBF-TP41",2025-05-05,NA,NA,11.125
"TER-NFBF-TP41",2025-05-06,NA,NA,11.25
"TER-NFBF-TP41",2025-05-07,NA,NA,8.04166666666667
"TER-NFBF-TP41",2025-05-08,NA,NA,9.39583333333333
"TER-NFBF-TP41",2025-05-09,NA,NA,9.4375
"TER-NFBF-TP41",2025-05-10,NA,NA,11.2083333333333
"TER-NFBF-TP41",2025-05-11,NA,NA,11.0208333333333
"TER-NFBF-TP41",2025-05-12,NA,NA,10.3125
"TER-NFBF-TP41",2025-05-13,NA,NA,11.25
"TER-NFBF-TP41",2025-05-14,NA,NA,12.6666666666667
"TER-NFBF-TP41",2025-05-15,NA,NA,12.2291666666667
"TER-NFBF-TP41",2025-05-16,NA,NA,8.95833333333333
"TER-NFBF-TP41",2025-05-17,NA,NA,10.6666666666667
"TER-NFBF-TP41",2025-05-18,NA,NA,13.375
"TER-NFBF-TP41",2025-05-19,NA,NA,14.4791666666667
"TER-NFBF-TP41",2025-05-20,NA,NA,15.6875
"TER-NFBF-TP41",2025-05-21,NA,NA,15.8541666666667
"TER-NFBF-TP41",2025-05-22,NA,NA,14.8541666666667
"TER-NFBF-TP41",2025-05-23,NA,NA,14.6041666666667
"TER-NFBF-TP41",2025-05-24,NA,NA,14.0625
"TER-NFBF-TP41",2025-05-25,NA,NA,14.7291666666667
"TER-NFBF-TP41",2025-05-26,NA,NA,14.6666666666667
"TER-NFBF-TP41",2025-05-27,NA,NA,13.9375
"TER-NFBF-TP41",2025-05-28,NA,NA,14.1458333333333
"TER-NFBF-TP41",2025-05-29,NA,NA,13.9375
"TER-NFBF-TP41",2025-05-30,NA,NA,12.3125
"TER-NFBF-TP41",2025-05-31,NA,NA,12.9166666666667
"TER-NFBF-TP41",2025-06-01,NA,NA,13.625
"TER-NFBF-TP41",2025-06-02,NA,NA,14.6875
"TER-NFBF-TP41",2025-06-03,NA,NA,14.7291666666667
"TER-NFBF-TP41",2025-06-04,NA,NA,14.2916666666667
"TER-NFBF-TP41",2025-06-05,NA,NA,13.625
"TER-NFBF-TP41",2025-06-06,NA,NA,14.5
"TER-NFBF-TP41",2025-06-07,NA,NA,15.1041666666667
"TER-NFBF-TP41",2025-06-08,NA,NA,14.5
"TER-NFBF-TP41",2025-06-09,NA,NA,13.8958333333333
"TER-NFBF-TP41",2025-06-10,NA,NA,14.625
"TER-NFBF-TP41",2025-06-11,NA,NA,15.5416666666667
"TER-NFBF-TP41",2025-06-12,NA,NA,14.9375
"TER-NFPG-T-33",2023-08-09,19,NA,NA
"TER-NFPG-T-33",2023-08-10,18,NA,NA
"TER-NFPG-T-33",2023-08-11,17.6458333333333,NA,NA
"TER-NFPG-T-33",2023-08-12,17.9166666666667,NA,NA
"TER-NFPG-T-33",2023-08-13,18.8333333333333,NA,NA
"TER-NFPG-T-33",2023-08-14,18.5625,NA,NA
"TER-NFPG-T-33",2023-08-15,18.4166666666667,NA,NA
"TER-NFPG-T-33",2023-08-16,19.1875,NA,NA
"TER-NFPG-T-33",2023-08-17,20.1875,NA,NA
"TER-NFPG-T-33",2023-08-18,18.1666666666667,NA,NA
"TER-NFPG-T-33",2023-08-19,17.3125,NA,NA
"TER-NFPG-T-33",2023-08-20,16.9375,NA,NA
"TER-NFPG-T-33",2023-08-21,16.8333333333333,NA,NA
"TER-NFPG-T-33",2023-08-22,15.7291666666667,NA,NA
"TER-NFPG-T-33",2023-08-23,16.3541666666667,NA,NA
"TER-NFPG-T-33",2023-08-24,15.9166666666667,NA,NA
"TER-NFPG-T-33",2023-08-25,17.125,NA,NA
"TER-NFPG-T-33",2023-08-26,17.25,NA,NA
"TER-NFPG-T-33",2023-08-27,17.125,NA,NA
"TER-NFPG-T-33",2023-08-28,17.8541666666667,NA,NA
"TER-NFPG-T-33",2023-08-29,17.9375,NA,NA
"TER-NFPG-T-33",2023-08-30,17.3125,NA,NA
"TER-NFPG-T-33",2023-08-31,16.8958333333333,NA,NA
"TER-NFPG-T-33",2023-09-01,17.0833333333333,NA,NA
"TER-NFPG-T-33",2023-09-02,17.1875,NA,NA
"TER-NFPG-T-33",2023-09-03,17.3125,NA,NA
"TER-NFPG-T-33",2023-09-04,17.6666666666667,NA,NA
"TER-NFPG-T-33",2023-09-05,16.5416666666667,NA,NA
"TER-NFPG-T-33",2023-09-06,16.2708333333333,NA,NA
"TER-NFPG-T-33",2023-09-07,15.9791666666667,NA,NA
"TER-NFPG-T-33",2023-09-08,15.6041666666667,NA,NA
"TER-NFPG-T-33",2023-09-09,15.9375,NA,NA
"TER-NFPG-T-33",2023-09-10,15.125,NA,NA
"TER-NFPG-T-33",2023-09-11,16.0208333333333,NA,NA
"TER-NFPG-T-33",2023-09-12,16.8541666666667,NA,NA
"TER-NFPG-T-33",2023-09-13,17.6666666666667,NA,NA
"TER-NFPG-T-33",2023-09-14,17.5,NA,NA
"TER-NFPG-T-33",2023-09-15,15.7083333333333,NA,NA
"TER-NFPG-T-33",2023-09-16,14.25,NA,NA
"TER-NFPG-T-33",2023-09-17,14.4583333333333,NA,NA
"TER-NFPG-T-33",2023-09-18,14.6041666666667,NA,NA
"TER-NFPG-T-33",2023-09-19,15.8958333333333,NA,NA
"TER-NFPG-T-33",2023-09-20,17.9583333333333,NA,NA
"TER-NFPG-T-33",2023-09-21,15.1041666666667,NA,NA
"TER-NFPG-T-33",2023-09-22,15.9583333333333,NA,NA
"TER-NFPG-T-33",2023-09-23,17.125,NA,NA
"TER-NFPG-T-33",2023-09-24,15.4791666666667,NA,NA
"TER-NFPG-T-33",2023-09-25,15.7291666666667,NA,NA
"TER-NFPG-T-33",2023-09-26,16.3125,NA,NA
"TER-NFPG-T-33",2023-09-27,16.3541666666667,NA,NA
"TER-NFPG-T-33",2023-09-28,16.2083333333333,NA,NA
"TER-NFPG-T-33",2023-09-29,17.7083333333333,NA,NA
"TER-NFPG-T-33",2023-09-30,NA,NA,NA
"TER-NFPG-T-33",2023-10-01,NA,NA,NA
"TER-NFPG-T-33",2023-10-02,NA,NA,NA
"TER-NFPG-T-33",2023-10-03,NA,NA,NA
"TER-NFPG-T-33",2023-10-04,NA,NA,NA
"TER-NFPG-T-33",2023-10-05,NA,NA,NA
"TER-NFPG-T-33",2023-10-06,NA,NA,NA
"TER-NFPG-T-33",2023-10-07,NA,NA,NA
"TER-NFPG-T-33",2023-10-08,NA,NA,NA
"TER-NFPG-T-33",2023-10-09,NA,NA,NA
"TER-NFPG-T-33",2023-10-10,NA,NA,NA
"TER-NFPG-T-33",2023-10-11,NA,NA,NA
"TER-NFPG-T-33",2023-10-12,NA,NA,NA
"TER-NFPG-T-33",2023-10-13,NA,NA,NA
"TER-NFPG-T-33",2023-10-14,NA,NA,NA
"TER-NFPG-T-33",2023-10-15,NA,NA,NA
"TER-NFPG-T-33",2023-10-16,NA,NA,NA
"TER-NFPG-T-33",2023-10-17,NA,NA,NA
"TER-NFPG-T-33",2023-10-18,NA,NA,NA
"TER-NFPG-T-33",2023-10-19,NA,NA,NA
"TER-NFPG-T-33",2023-10-20,NA,NA,NA
"TER-NFPG-T-33",2023-10-21,NA,NA,NA
"TER-NFPG-T-33",2023-10-22,NA,NA,NA
"TER-NFPG-T-33",2023-10-23,NA,NA,NA
"TER-NFPG-T-33",2023-10-24,NA,NA,NA
"TER-NFPG-T-33",2023-10-25,NA,NA,NA
"TER-NFPG-T-33",2023-10-26,NA,NA,NA
"TER-NFPG-T-33",2023-10-27,NA,NA,NA
"TER-NFPG-T-33",2023-10-28,NA,NA,NA
"TER-NFPG-T-33",2023-10-29,NA,NA,NA
"TER-NFPG-T-33",2023-10-30,NA,NA,NA
"TER-NFPG-T-33",2023-10-31,NA,NA,NA
"TER-NFPG-T-33",2023-11-01,NA,NA,NA
"TER-NFPG-T-33",2023-11-02,NA,NA,NA
"TER-NFPG-T-33",2023-11-03,NA,NA,NA
"TER-NFPG-T-33",2023-11-04,NA,NA,NA
"TER-NFPG-T-33",2023-11-05,NA,NA,NA
"TER-NFPG-T-33",2023-11-06,NA,NA,NA
"TER-NFPG-T-33",2023-11-07,NA,NA,NA
"TER-NFPG-T-33",2023-11-08,NA,NA,NA
"TER-NFPG-T-33",2023-11-09,NA,NA,NA
"TER-NFPG-T-33",2023-11-10,NA,NA,NA
"TER-NFPG-T-33",2023-11-11,NA,NA,NA
"TER-NFPG-T-33",2023-11-12,NA,NA,NA
"TER-NFPG-T-33",2023-11-13,NA,NA,NA
"TER-NFPG-T-33",2023-11-14,NA,NA,NA
"TER-NFPG-T-33",2023-11-15,NA,NA,NA
"TER-NFPG-T-33",2023-11-16,NA,NA,NA
"TER-NFPG-T-33",2023-11-17,NA,NA,NA
"TER-NFPG-T-33",2023-11-18,NA,NA,NA
"TER-NFPG-T-33",2023-11-19,NA,NA,NA
"TER-NFPG-T-33",2023-11-20,NA,NA,NA
"TER-NFPG-T-33",2023-11-21,NA,NA,NA
"TER-NFPG-T-33",2023-11-22,NA,NA,NA
"TER-NFPG-T-33",2023-11-23,NA,NA,NA
"TER-NFPG-T-33",2023-11-24,NA,NA,NA
"TER-NFPG-T-33",2023-11-25,NA,NA,NA
"TER-NFPG-T-33",2023-11-26,NA,NA,NA
"TER-NFPG-T-33",2023-11-27,NA,NA,NA
"TER-NFPG-T-33",2023-11-28,NA,NA,NA
"TER-NFPG-T-33",2023-11-29,NA,NA,NA
"TER-NFPG-T-33",2023-11-30,NA,NA,NA
"TER-NFPG-T-33",2023-12-01,NA,NA,NA
"TER-NFPG-T-33",2023-12-02,NA,NA,NA
"TER-NFPG-T-33",2023-12-03,NA,NA,NA
"TER-NFPG-T-33",2023-12-04,NA,NA,NA
"TER-NFPG-T-33",2023-12-05,NA,NA,NA
"TER-NFPG-T-33",2023-12-06,NA,NA,NA
"TER-NFPG-T-33",2023-12-07,NA,NA,NA
"TER-NFPG-T-33",2023-12-08,NA,NA,NA
"TER-NFPG-T-33",2023-12-09,NA,NA,NA
"TER-NFPG-T-33",2023-12-10,NA,NA,NA
"TER-NFPG-T-33",2023-12-11,NA,NA,NA
"TER-NFPG-T-33",2023-12-12,9.52083333333333,8.8125,NA
"TER-NFPG-T-33",2023-12-13,9.125,8.39583333333333,NA
"TER-NFPG-T-33",2023-12-14,9.97916666666667,9.60416666666667,NA
"TER-NFPG-T-33",2023-12-15,13.7708333333333,14.2083333333333,NA
"TER-NFPG-T-33",2023-12-16,15,15.4791666666667,NA
"TER-NFPG-T-33",2023-12-17,15.1458333333333,15.5416666666667,NA
"TER-NFPG-T-33",2023-12-18,13.875,13.7083333333333,NA
"TER-NFPG-T-33",2023-12-19,10.5,9.91666666666667,NA
"TER-NFPG-T-33",2023-12-20,12.0833333333333,12.0208333333333,NA
"TER-NFPG-T-33",2023-12-21,10.2916666666667,9.8125,NA
"TER-NFPG-T-33",2023-12-22,10.1666666666667,9.875,NA
"TER-NFPG-T-33",2023-12-23,10.375,10.2708333333333,NA
"TER-NFPG-T-33",2023-12-24,10.875,11.4375,NA
"TER-NFPG-T-33",2023-12-25,12.6041666666667,12.7083333333333,NA
"TER-NFPG-T-33",2023-12-26,10.5208333333333,9.77083333333333,NA
"TER-NFPG-T-33",2023-12-27,8.375,7.4375,NA
"TER-NFPG-T-33",2023-12-28,8.5625,7.97916666666667,NA
"TER-NFPG-T-33",2023-12-29,9.41666666666667,9.125,NA
"TER-NFPG-T-33",2023-12-30,9,8.79166666666667,NA
"TER-NFPG-T-33",2023-12-31,9.83333333333333,10.0833333333333,NA
"TER-NFPG-T-33",2024-01-01,12.8333333333333,13.0416666666667,NA
"TER-NFPG-T-33",2024-01-02,10.7916666666667,10.5,NA
"TER-NFPG-T-33",2024-01-03,10.2916666666667,10.4583333333333,NA
"TER-NFPG-T-33",2024-01-04,10.4791666666667,10.3333333333333,NA
"TER-NFPG-T-33",2024-01-05,11.7916666666667,11.9375,NA
"TER-NFPG-T-33",2024-01-06,11.2083333333333,11.1875,NA
"TER-NFPG-T-33",2024-01-07,10.75,10.5833333333333,NA
"TER-NFPG-T-33",2024-01-08,10.0833333333333,10.0416666666667,NA
"TER-NFPG-T-33",2024-01-09,12.1666666666667,12.3958333333333,NA
"TER-NFPG-T-33",2024-01-10,13.1458333333333,13.3958333333333,NA
"TER-NFPG-T-33",2024-01-11,11.125,10.9791666666667,NA
"TER-NFPG-T-33",2024-01-12,11.6041666666667,11.7083333333333,NA
"TER-NFPG-T-33",2024-01-13,11.375,11.2083333333333,NA
"TER-NFPG-T-33",2024-01-14,10.3958333333333,10.1666666666667,NA
"TER-NFPG-T-33",2024-01-15,9.77083333333333,9.3125,NA
"TER-NFPG-T-33",2024-01-16,9.45833333333333,8.95833333333333,NA
"TER-NFPG-T-33",2024-01-17,8.77083333333333,8.0625,NA
"TER-NFPG-T-33",2024-01-18,8.04166666666667,7.33333333333333,NA
"TER-NFPG-T-33",2024-01-19,11.0208333333333,11.2916666666667,NA
"TER-NFPG-T-33",2024-01-20,10.6875,10.8125,NA
"TER-NFPG-T-33",2024-01-21,13.4583333333333,13.8541666666667,NA
"TER-NFPG-T-33",2024-01-22,12.9375,13.2291666666667,NA
"TER-NFPG-T-33",2024-01-23,12.9375,13.0625,NA
"TER-NFPG-T-33",2024-01-24,12.375,12.4375,NA
"TER-NFPG-T-33",2024-01-25,10.5625,10.3541666666667,NA
"TER-NFPG-T-33",2024-01-26,12.0833333333333,12.25,NA
"TER-NFPG-T-33",2024-01-27,11.9791666666667,11.75,NA
"TER-NFPG-T-33",2024-01-28,8.27083333333333,7.6875,NA
"TER-NFPG-T-33",2024-01-29,10.2291666666667,10.3125,NA
"TER-NFPG-T-33",2024-01-30,11.5208333333333,11.625,NA
"TER-NFPG-T-33",2024-01-31,10.5,10.3541666666667,NA
"TER-NFPG-T-33",2024-02-01,11.6666666666667,11.8333333333333,NA
"TER-NFPG-T-33",2024-02-02,12.375,12.7291666666667,NA
"TER-NFPG-T-33",2024-02-03,11.3958333333333,11.5,NA
"TER-NFPG-T-33",2024-02-04,11.5833333333333,11.75,NA
"TER-NFPG-T-33",2024-02-05,12.9791666666667,13.125,NA
"TER-NFPG-T-33",2024-02-06,13.7083333333333,14.0208333333333,NA
"TER-NFPG-T-33",2024-02-07,12.2083333333333,12.1041666666667,NA
"TER-NFPG-T-33",2024-02-08,10.7291666666667,10.5416666666667,NA
"TER-NFPG-T-33",2024-02-09,10.0208333333333,9.47916666666667,NA
"TER-NFPG-T-33",2024-02-10,12.2083333333333,12.5833333333333,NA
"TER-NFPG-T-33",2024-02-11,12.3125,12.3958333333333,NA
"TER-NFPG-T-33",2024-02-12,11.6458333333333,11.6041666666667,NA
"TER-NFPG-T-33",2024-02-13,11.0416666666667,10.7916666666667,NA
"TER-NFPG-T-33",2024-02-14,9.6875,9.5,NA
"TER-NFPG-T-33",2024-02-15,12.5208333333333,12.8333333333333,NA
"TER-NFPG-T-33",2024-02-16,13.7708333333333,13.9791666666667,NA
"TER-NFPG-T-33",2024-02-17,12.7083333333333,12.7916666666667,NA
"TER-NFPG-T-33",2024-02-18,11.0416666666667,11.4166666666667,NA
"TER-NFPG-T-33",2024-02-19,12.6041666666667,13.0208333333333,NA
"TER-NFPG-T-33",2024-02-20,12.1041666666667,12.3541666666667,NA
"TER-NFPG-T-33",2024-02-21,12.5,12.7916666666667,NA
"TER-NFPG-T-33",2024-02-22,9.95833333333333,9.35416666666667,NA
"TER-NFPG-T-33",2024-02-23,9.58333333333333,9.79166666666667,NA
"TER-NFPG-T-33",2024-02-24,10.5,10.5,NA
"TER-NFPG-T-33",2024-02-25,12.125,12.2083333333333,NA
"TER-NFPG-T-33",2024-02-26,10.3958333333333,10.75,NA
"TER-NFPG-T-33",2024-02-27,10.1458333333333,11.1458333333333,NA
"TER-NFPG-T-33",2024-02-28,11.0208333333333,11.5416666666667,NA
"TER-NFPG-T-33",2024-02-29,9.29166666666667,9.02083333333333,NA
"TER-NFPG-T-33",2024-03-01,9.39583333333333,9.875,NA
"TER-NFPG-T-33",2024-03-02,9.58333333333333,9.89583333333333,NA
"TER-NFPG-T-33",2024-03-03,9.10416666666667,8.875,NA
"TER-NFPG-T-33",2024-03-04,7.9375,7.625,NA
"TER-NFPG-T-33",2024-03-05,8.6875,8.60416666666667,NA
"TER-NFPG-T-33",2024-03-06,6.9375,6.27083333333333,NA
"TER-NFPG-T-33",2024-03-07,9.20833333333333,9.1875,NA
"TER-NFPG-T-33",2024-03-08,10.0416666666667,10.5625,NA
"TER-NFPG-T-33",2024-03-09,10.1041666666667,10.3125,NA
"TER-NFPG-T-33",2024-03-10,10.3333333333333,10.5208333333333,NA
"TER-NFPG-T-33",2024-03-11,11.4791666666667,11.625,NA
"TER-NFPG-T-33",2024-03-12,11.3541666666667,NA,NA
"TER-NFPG-T-33",2024-03-13,12.3541666666667,NA,NA
"TER-NFPG-T-33",2024-03-14,12.5833333333333,NA,NA
"TER-NFPG-T-33",2024-03-15,12.5833333333333,NA,NA
"TER-NFPG-T-33",2024-03-16,10.8125,NA,NA
"TER-NFPG-T-33",2024-03-17,11.0208333333333,NA,NA
"TER-NFPG-T-33",2024-03-18,12.0416666666667,NA,NA
"TER-NFPG-T-33",2024-03-19,10.5,NA,NA
"TER-NFPG-T-33",2024-03-20,10.3125,NA,NA
"TER-NFPG-T-33",2024-03-21,11.7708333333333,NA,NA
"TER-NFPG-T-33",2024-03-22,12.0625,NA,NA
"TER-NFPG-T-33",2024-03-23,11.0625,NA,NA
"TER-NFPG-T-33",2024-03-24,10.2083333333333,NA,NA
"TER-NFPG-T-33",2024-03-25,9.35416666666667,NA,NA
"TER-NFPG-T-33",2024-03-26,9.8125,NA,NA
"TER-NFPG-T-33",2024-03-27,10.2291666666667,NA,NA
"TER-NFPG-T-33",2024-03-28,6.52083333333333,NA,NA
"TER-NFPG-T-33",2024-03-29,8.64583333333333,NA,NA
"TER-NFPG-T-33",2024-03-30,9.375,NA,NA
"TER-NFPG-T-33",2024-03-31,8.02083333333333,NA,NA
"TER-NFPG-T-33",2024-04-01,11.5208333333333,NA,NA
"TER-NFPG-T-33",2024-04-02,11.1666666666667,NA,NA
"TER-NFPG-T-33",2024-04-03,11.6875,NA,NA
"TER-NFPG-T-33",2024-04-04,9.41666666666667,NA,NA
"TER-NFPG-T-33",2024-04-05,8.35416666666667,NA,NA
"TER-NFPG-T-33",2024-04-06,9.375,NA,NA
"TER-NFPG-T-33",2024-04-07,12.25,NA,NA
"TER-NFPG-T-33",2024-04-08,11.5208333333333,NA,NA
"TER-NFPG-T-33",2024-04-09,13.125,NA,NA
"TER-NFPG-T-33",2024-04-10,13.6458333333333,NA,NA
"TER-NFPG-T-33",2024-04-11,13.6041666666667,NA,NA
"TER-NFPG-T-33",2024-04-12,13.2916666666667,NA,NA
"TER-NFPG-T-33",2024-04-13,12.1875,NA,NA
"TER-NFPG-T-33",2024-04-14,11.1041666666667,NA,NA
"TER-NFPG-T-33",2024-04-15,12.1666666666667,NA,NA
"TER-NFPG-T-33",2024-04-16,12.9375,NA,NA
"TER-NFPG-T-33",2024-04-17,12.7916666666667,NA,NA
"TER-NFPG-T-33",2024-04-18,12.7708333333333,NA,NA
"TER-NFPG-T-33",2024-04-19,13.25,NA,NA
"TER-NFPG-T-33",2024-04-20,12.2916666666667,NA,NA
"TER-NFPG-T-33",2024-04-21,13.0416666666667,NA,NA
"TER-NFPG-T-33",2024-04-22,12.7916666666667,NA,NA
"TER-NFPG-T-33",2024-04-23,12.4791666666667,NA,NA
"TER-NFPG-T-33",2024-04-24,12.1875,NA,NA
"TER-NFPG-T-33",2024-04-25,12.9166666666667,NA,NA
"TER-NFPG-T-33",2024-04-26,11.0833333333333,NA,NA
"TER-NFPG-T-33",2024-04-27,11.125,NA,NA
"TER-NFPG-T-33",2024-04-28,11.8958333333333,NA,NA
"TER-NFPG-T-33",2024-04-29,12.3958333333333,NA,NA
"TER-NFPG-T-33",2024-04-30,12.2291666666667,NA,NA
"TER-NFPG-T-33",2024-05-01,12.5,NA,NA
"TER-NFPG-T-33",2024-05-02,13.5625,NA,NA
"TER-NFPG-T-33",2024-05-03,13.3125,NA,NA
"TER-NFPG-T-33",2024-05-04,14.7083333333333,NA,NA
"TER-NFPG-T-33",2024-05-05,14.5625,NA,NA
"TER-NFPG-T-33",2024-05-06,14.75,NA,NA
"TER-NFPG-T-33",2024-05-07,14.4166666666667,NA,NA
"TER-NFPG-T-33",2024-05-08,14.6041666666667,NA,NA
"TER-NFPG-T-33",2024-05-09,15.2916666666667,NA,NA
"TER-NFPG-T-33",2024-05-10,14.3958333333333,NA,NA
"TER-NFPG-T-33",2024-05-11,16.2083333333333,NA,NA
"TER-NFPG-T-33",2024-05-12,16.3958333333333,NA,NA
"TER-NFPG-T-33",2024-05-13,14.4583333333333,NA,NA
"TER-NFPG-T-33",2024-05-14,13.0625,NA,NA
"TER-NFPG-T-33",2024-05-15,13.2916666666667,NA,NA
"TER-NFPG-T-33",2024-05-16,14.1875,NA,NA
"TER-NFPG-T-33",2024-05-17,13.4583333333333,NA,NA
"TER-NFPG-T-33",2024-05-18,12.1875,NA,NA
"TER-NFPG-T-33",2024-05-19,13,NA,NA
"TER-NFPG-T-33",2024-05-20,14.7291666666667,NA,NA
"TER-NFPG-T-33",2024-05-21,14.8333333333333,NA,NA
"TER-NFPG-T-33",2024-05-22,15,NA,NA
"TER-NFPG-T-33",2024-05-23,15.5416666666667,NA,NA
"TER-NFPG-T-33",2024-05-24,15.3541666666667,NA,NA
"TER-NFPG-T-33",2024-05-25,14.6875,NA,NA
"TER-NFPG-T-33",2024-05-26,13.9166666666667,NA,NA
"TER-NFPG-T-33",2024-05-27,14.9583333333333,NA,NA
"TER-NFPG-T-33",2024-05-28,15.3333333333333,NA,NA
"TER-NFPG-T-33",2024-05-29,15.8541666666667,NA,NA
"TER-NFPG-T-33",2024-05-30,16.0208333333333,NA,NA
"TER-NFPG-T-33",2024-05-31,14.2291666666667,NA,NA
"TER-NFPG-T-33",2024-06-01,14.6458333333333,NA,NA
"TER-NFPG-T-33",2024-06-02,14.5208333333333,NA,NA
"TER-NFPG-T-33",2024-06-03,14.4583333333333,NA,NA
"TER-NFPG-T-33",2024-06-04,13.625,NA,NA
"TER-NFPG-T-33",2024-06-05,13.3333333333333,NA,NA
"TER-NFPG-T-33",2024-06-06,13.8125,NA,NA
"TER-NFPG-T-33",2024-06-07,15.0208333333333,NA,NA
"TER-NFPG-T-33",2024-06-08,15.1666666666667,NA,NA
"TER-NFPG-T-33",2024-06-09,14.875,NA,NA
"TER-NFPG-T-33",2024-06-10,15.1458333333333,NA,NA
"TER-NFPG-T-33",2024-06-11,14.4791666666667,NA,NA
"TER-NFPG-T-33",2024-06-12,16.0416666666667,NA,NA
"TER-NFPG-T-33",2024-06-13,16.4166666666667,NA,NA
"TER-NFPG-T-33",2024-06-14,15.8541666666667,NA,NA
"TER-NFPG-T-33",2024-06-15,15.9375,16.6875,NA
"TER-NFPG-T-33",2024-06-16,15.9791666666667,16.5416666666667,NA
"TER-NFPG-T-33",2024-06-17,14.8333333333333,14.9166666666667,NA
"TER-NFPG-T-33",2024-06-18,13.875,14.3125,NA
"TER-NFPG-T-33",2024-06-19,13.4583333333333,13.6041666666667,NA
"TER-NFPG-T-33",2024-06-20,14.9166666666667,15.5208333333333,NA
"TER-NFPG-T-33",2024-06-21,15.7708333333333,16.5833333333333,NA
"TER-NFPG-T-33",2024-06-22,15.6458333333333,16.0833333333333,NA
"TER-NFPG-T-33",2024-06-23,15.875,16.3125,NA
"TER-NFPG-T-33",2024-06-24,15.8541666666667,16.0416666666667,NA
"TER-NFPG-T-33",2024-06-25,14.9166666666667,15.25,NA
"TER-NFPG-T-33",2024-06-26,15.5416666666667,16.5208333333333,NA
"TER-NFPG-T-33",2024-06-27,16.4375,17.1041666666667,NA
"TER-NFPG-T-33",2024-06-28,16.7291666666667,17.75,NA
"TER-NFPG-T-33",2024-06-29,16.5625,17.2291666666667,NA
"TER-NFPG-T-33",2024-06-30,15.6666666666667,15.9166666666667,NA
"TER-NFPG-T-33",2024-07-01,16.9791666666667,18.0625,19.0416666666667
"TER-NFPG-T-33",2024-07-02,17.7916666666667,19.0625,20.2916666666667
"TER-NFPG-T-33",2024-07-03,16.8958333333333,17.7708333333333,18.7291666666667
"TER-NFPG-T-33",2024-07-04,16.4791666666667,17.0208333333333,17.9166666666667
"TER-NFPG-T-33",2024-07-05,16.4791666666667,17.4791666666667,18.4583333333333
"TER-NFPG-T-33",2024-07-06,17.3541666666667,18.25,19.0833333333333
"TER-NFPG-T-33",2024-07-07,18.3333333333333,19.625,20.2708333333333
"TER-NFPG-T-33",2024-07-08,18.1041666666667,18.6458333333333,18.7708333333333
"TER-NFPG-T-33",2024-07-09,18.8333333333333,19.4791666666667,19.5833333333333
"TER-NFPG-T-33",2024-07-10,17.1458333333333,17.7083333333333,17.8541666666667
"TER-NFPG-T-33",2024-07-11,16.625,17.125,17.3541666666667
"TER-NFPG-T-33",2024-07-12,17.875,18.25,18.4166666666667
"TER-NFPG-T-33",2024-07-13,16.6875,16.8125,17.2916666666667
"TER-NFPG-T-33",2024-07-14,16,16.4375,16.4166666666667
"TER-NFPG-T-33",2024-07-15,17.7708333333333,18.25,18.2916666666667
"TER-NFPG-T-33",2024-07-16,18.5625,19.0833333333333,19.1875
"TER-NFPG-T-33",2024-07-17,17.3125,17.4375,17.7291666666667
"TER-NFPG-T-33",2024-07-18,16.5625,16.7708333333333,17.3958333333333
"TER-NFPG-T-33",2024-07-19,17.6041666666667,18.1875,18.625
"TER-NFPG-T-33",2024-07-20,18.8333333333333,19.9791666666667,20.6458333333333
"TER-NFPG-T-33",2024-07-21,18.8541666666667,19.7916666666667,20.5833333333333
"TER-NFPG-T-33",2024-07-22,18.0625,18.8125,19.6666666666667
"TER-NFPG-T-33",2024-07-23,17.8333333333333,18.8125,19.3958333333333
"TER-NFPG-T-33",2024-07-24,17.3125,18.1458333333333,18.75
"TER-NFPG-T-33",2024-07-25,18.3333333333333,19.375,19.75
"TER-NFPG-T-33",2024-07-26,19.3958333333333,20.0625,20.3541666666667
"TER-NFPG-T-33",2024-07-27,18.6041666666667,19.5625,20.0833333333333
"TER-NFPG-T-33",2024-07-28,19,20.2916666666667,21
"TER-NFPG-T-33",2024-07-29,19.7083333333333,20.9375,21.75
"TER-NFPG-T-33",2024-07-30,18.5833333333333,19.125,19.8958333333333
"TER-NFPG-T-33",2024-07-31,17.9375,18.3333333333333,19.0833333333333
"TER-NFPG-T-33",2024-08-01,18.2083333333333,19.3541666666667,19.8958333333333
"TER-NFPG-T-33",2024-08-02,17.7916666666667,18.6458333333333,19.125
"TER-NFPG-T-33",2024-08-03,17.5833333333333,18.5,19.0625
"TER-NFPG-T-33",2024-08-04,19.1458333333333,20.6666666666667,21.4166666666667
"TER-NFPG-T-33",2024-08-05,20.125,21.5625,22.3125
"TER-NFPG-T-33",2024-08-06,19.1458333333333,19.6875,20.625
"TER-NFPG-T-33",2024-08-07,17.8125,18.1458333333333,18.8333333333333
"TER-NFPG-T-33",2024-08-08,18.3333333333333,19.3125,19.8333333333333
"TER-NFPG-T-33",2024-08-09,17.8125,18.5416666666667,18.8958333333333
"TER-NFPG-T-33",2024-08-10,18.75,19.125,19.25
"TER-NFPG-T-33",2024-08-11,17.1666666666667,17.1666666666667,18.0625
"TER-NFPG-T-33",2024-08-12,16.8541666666667,17.5833333333333,18.4791666666667
"TER-NFPG-T-33",2024-08-13,19.2916666666667,20.8541666666667,22
"TER-NFPG-T-33",2024-08-14,19.0625,20.5,22
"TER-NFPG-T-33",2024-08-15,18.8125,20.1041666666667,20.9583333333333
"TER-NFPG-T-33",2024-08-16,19.125,20.3125,21.3333333333333
"TER-NFPG-T-33",2024-08-17,19.0625,20.0625,20.5625
"TER-NFPG-T-33",2024-08-18,18.7083333333333,19.6041666666667,20.125
"TER-NFPG-T-33",2024-08-19,19.375,20.6666666666667,22.1458333333333
"TER-NFPG-T-33",2024-08-20,18.9583333333333,19.6041666666667,20.3958333333333
"TER-NFPG-T-33",2024-08-21,18.2916666666667,18.9791666666667,20.4791666666667
"TER-NFPG-T-33",2024-08-22,18.5208333333333,19.75,20.0833333333333
"TER-NFPG-T-33",2024-08-23,NA,NA,NA
"TER-NFPG-T-33",2024-08-24,NA,18.375,19.0208333333333
"TER-NFPG-T-33",2024-08-25,NA,18.7291666666667,18.9166666666667
"TER-NFPG-T-33",2024-08-26,NA,20.0833333333333,20.1875
"TER-NFPG-T-33",2024-08-27,NA,17.9791666666667,18.7083333333333
"TER-NFPG-T-33",2024-08-28,NA,18.0416666666667,18.8958333333333
"TER-NFPG-T-33",2024-08-29,NA,18.2708333333333,18.4375
"TER-NFPG-T-33",2024-08-30,NA,20.25,20.6666666666667
"TER-NFPG-T-33",2024-08-31,NA,20.0833333333333,20.1666666666667
"TER-NFPG-T-33",2024-09-01,NA,16.9791666666667,17.2291666666667
"TER-NFPG-T-33",2024-09-02,NA,16.25,16.8958333333333
"TER-NFPG-T-33",2024-09-03,NA,16.8958333333333,17.6041666666667
"TER-NFPG-T-33",2024-09-04,NA,16.6666666666667,17.0208333333333
"TER-NFPG-T-33",2024-09-05,NA,16.8541666666667,17.1875
"TER-NFPG-T-33",2024-09-06,NA,16.1041666666667,16.4375
"TER-NFPG-T-33",2024-09-07,NA,16.2291666666667,16.5833333333333
"TER-NFPG-T-33",2024-09-08,NA,17.3541666666667,18.2916666666667
"TER-NFPG-T-33",2024-09-09,NA,15.8125,16.0208333333333
"TER-NFPG-T-33",2024-09-10,NA,16.9583333333333,17
"TER-NFPG-T-33",2024-09-11,NA,17.1458333333333,17.9375
"TER-NFPG-T-33",2024-09-12,NA,18.5833333333333,19.2916666666667
"TER-NFPG-T-33",2024-09-13,NA,18.3541666666667,19.5
"TER-NFPG-T-33",2024-09-14,NA,17.6666666666667,18.1458333333333
"TER-NFPG-T-33",2024-09-15,NA,18.3125,19.4791666666667
"TER-NFPG-T-33",2024-09-16,NA,17.125,17.2708333333333
"TER-NFPG-T-33",2024-09-17,NA,17.8125,18.4791666666667
"TER-NFPG-T-33",2024-09-18,NA,16.6458333333333,17.8958333333333
"TER-NFPG-T-33",2024-09-19,NA,15.5,15.7083333333333
"TER-NFPG-T-33",2024-09-20,NA,16.5416666666667,17.7916666666667
"TER-NFPG-T-33",2024-09-21,NA,16.4166666666667,17.1041666666667
"TER-NFPG-T-33",2024-09-22,NA,17.8125,17.875
"TER-NFPG-T-33",2024-09-23,NA,18.8958333333333,18.9375
"TER-NFPG-T-33",2024-09-24,NA,19.7708333333333,19.8125
"TER-NFPG-T-33",2024-09-25,NA,19.5208333333333,20.1875
"TER-NFPG-T-33",2024-09-26,NA,16.375,16.9375
"TER-NFPG-T-33",2024-09-27,NA,18.3125,18.5
"TER-NFPG-T-33",2024-09-28,NA,18.9166666666667,19.3125
"TER-NFPG-T-33",2024-09-29,NA,19.5416666666667,19.5208333333333
"TER-NFPG-T-33",2024-09-30,NA,19.9583333333333,20.0833333333333
"TER-NFPG-T-33",2024-10-01,NA,20.3958333333333,20.4583333333333
"TER-NFPG-T-33",2024-10-02,NA,20.1458333333333,20.1458333333333
"TER-NFPG-T-33",2024-10-03,NA,19.9791666666667,19.9791666666667
"TER-NFPG-T-33",2024-10-04,NA,19.3958333333333,19.375
"TER-NFPG-T-33",2024-10-05,NA,17.0208333333333,17.2708333333333
"TER-NFPG-T-33",2024-10-06,NA,13.875,14.1666666666667
"TER-NFPG-T-33",2024-10-07,NA,NA,16.25
"TER-NFPG-T-33",2024-10-08,NA,NA,18.875
"TER-NFPG-T-33",2024-10-09,NA,NA,17.8333333333333
"TER-NFPG-T-33",2024-10-10,NA,NA,16.5208333333333
"TER-NFPG-T-33",2024-10-11,NA,NA,13.5833333333333
"TER-NFPG-T-33",2024-10-12,NA,NA,15.4791666666667
"TER-NFPG-T-33",2024-10-13,NA,NA,17.875
"TER-NFPG-T-33",2024-10-14,NA,NA,16.3333333333333
"TER-NFPG-T-33",2024-10-15,NA,NA,14.375
"TER-NFPG-T-33",2024-10-16,NA,NA,13.6875
"TER-NFPG-T-33",2024-10-17,NA,NA,14.2916666666667
"TER-NFPG-T-33",2024-10-18,NA,NA,16.2916666666667
"TER-NFPG-T-33",2024-10-19,NA,NA,17.0416666666667
"TER-NFPG-T-33",2024-10-20,NA,NA,12.9583333333333
"TER-NFPG-T-33",2024-10-21,NA,NA,11.5416666666667
"TER-NFPG-T-33",2024-10-22,NA,NA,13.875
"TER-NFPG-T-33",2024-10-23,NA,NA,16.3958333333333
"TER-NFPG-T-33",2024-10-24,NA,NA,12.6041666666667
"TER-NFPG-T-33",2024-10-25,NA,NA,12.8541666666667
"TER-NFPG-T-33",2024-10-26,NA,NA,12.7083333333333
"TER-NFPG-T-33",2024-10-27,NA,NA,12.7708333333333
"TER-NFPG-T-33",2024-10-28,NA,NA,13.3958333333333
"TER-NFPG-T-33",2024-10-29,NA,NA,14.5
"TER-NFPG-T-33",2024-10-30,NA,NA,15.0208333333333
"TER-NFPG-T-33",2024-10-31,NA,NA,15.6875
"TER-NFPG-T-33",2024-11-01,NA,NA,17.0208333333333
"TER-NFPG-T-33",2024-11-02,NA,NA,15.3333333333333
"TER-NFPG-T-33",2024-11-03,NA,NA,14.8541666666667
"TER-NFPG-T-33",2024-11-04,NA,NA,14.6666666666667
"TER-NFPG-T-33",2024-11-05,NA,NA,14.9583333333333
"TER-NFPG-T-33",2024-11-06,NA,NA,11.1458333333333
"TER-NFPG-T-33",2024-11-07,NA,NA,11.375
"TER-NFPG-T-33",2024-11-08,NA,NA,15.8333333333333
"TER-NFPG-T-33",2024-11-09,NA,NA,16.5625
"TER-NFPG-T-33",2024-11-10,NA,NA,15.5625
"TER-NFPG-T-33",2024-11-11,NA,NA,15.9583333333333
"TER-NFPG-T-33",2024-11-12,NA,NA,16.6041666666667
"TER-NFPG-T-33",2024-11-13,NA,NA,14.6458333333333
"TER-NFPG-T-33",2024-11-14,NA,NA,11.9583333333333
"TER-NFPG-T-33",2024-11-15,NA,NA,11.7291666666667
"TER-NFPG-T-33",2024-11-16,NA,NA,11.9166666666667
"TER-NFPG-T-33",2024-11-17,NA,NA,12.375
"TER-NFPG-T-33",2024-11-18,NA,NA,13.2291666666667
"TER-NFPG-T-33",2024-11-19,NA,NA,13.7083333333333
"TER-NFPG-T-33",2024-11-20,NA,NA,14.1458333333333
"TER-NFPG-T-33",2024-11-21,NA,NA,14.5833333333333
"TER-NFPG-T-33",2024-11-22,NA,NA,15.7083333333333
"TER-NFPG-T-33",2024-11-23,NA,NA,13.9166666666667
"TER-NFPG-T-33",2024-11-24,NA,NA,9.3125
"TER-NFPG-T-33",2024-11-25,NA,NA,12.2708333333333
"TER-NFPG-T-33",2024-11-26,NA,NA,14.7916666666667
"TER-NFPG-T-33",2024-11-27,NA,NA,13.6041666666667
"TER-NFPG-T-33",2024-11-28,NA,NA,12.625
"TER-NFPG-T-33",2024-11-29,NA,NA,11.8125
"TER-NFPG-T-33",2024-11-30,NA,NA,11.7291666666667
"TER-NFPG-T-33",2024-12-01,NA,NA,13.25
"TER-NFPG-T-33",2024-12-02,NA,NA,15.0833333333333
"TER-NFPG-T-33",2024-12-03,NA,NA,13.0625
"TER-NFPG-T-33",2024-12-04,NA,NA,14.125
"TER-NFPG-T-33",2024-12-05,NA,NA,13.9166666666667
"TER-NFPG-T-33",2024-12-06,NA,NA,14.375
"TER-NFPG-T-33",2024-12-07,NA,NA,14.6041666666667
"TER-NFPG-T-33",2024-12-08,NA,NA,14.125
"TER-NFPG-T-33",2024-12-09,NA,NA,12.5416666666667
"TER-NFPG-T-33",2024-12-10,NA,NA,11.75
"TER-NFPG-T-33",2024-12-11,NA,NA,12.5833333333333
"TER-NFPG-T-33",2024-12-12,NA,NA,11.5833333333333
"TER-NFPG-T-33",2024-12-13,NA,NA,9.375
"TER-NFPG-T-33",2024-12-14,NA,NA,10.125
"TER-NFPG-T-33",2024-12-15,NA,NA,NA
"TER-NFPG-T-33",2024-12-16,NA,NA,NA
"TER-NFPG-T-33",2024-12-17,NA,NA,NA
"TER-NFPG-T-33",2024-12-18,NA,NA,NA
"TER-NFPG-T-33",2024-12-19,NA,NA,NA
"TER-NFPG-T-33",2024-12-20,NA,NA,NA
"TER-NFPG-T-33",2024-12-21,NA,NA,NA
"TER-NFPG-T-33",2024-12-22,NA,NA,NA
"TER-NFPG-T-33",2024-12-23,NA,NA,NA
"TER-NFPG-T-33",2024-12-24,NA,NA,NA
"TER-NFPG-T-33",2024-12-25,NA,NA,NA
"TER-NFPG-T-33",2024-12-26,NA,NA,NA
"TER-NFPG-T-33",2024-12-27,NA,NA,NA
"TER-NFPG-T-33",2024-12-28,NA,NA,NA
"TER-NFPG-T-33",2024-12-29,NA,NA,NA
"TER-NFPG-T-33",2024-12-30,NA,NA,NA
"TER-NFPG-T-33",2024-12-31,NA,NA,NA
"TER-NFPG-T-33",2025-01-01,NA,NA,NA
"TER-NFPG-T-33",2025-01-02,NA,NA,NA
"TER-NFPG-T-33",2025-01-03,NA,NA,NA
"TER-NFPG-T-33",2025-01-04,NA,NA,NA
"TER-NFPG-T-33",2025-01-05,NA,NA,NA
"TER-NFPG-T-33",2025-01-06,NA,NA,NA
"TER-NFPG-T-33",2025-01-07,NA,NA,NA
"TER-NFPG-T-33",2025-01-08,NA,NA,NA
"TER-NFPG-T-33",2025-01-09,NA,NA,NA
"TER-NFPG-T-33",2025-01-10,NA,NA,NA
"TER-NFPG-T-33",2025-01-11,NA,NA,NA
"TER-NFPG-T-33",2025-01-12,NA,NA,NA
"TER-NFPG-T-33",2025-01-13,NA,NA,NA
"TER-NFPG-T-33",2025-01-14,NA,NA,NA
"TER-NFPG-T-33",2025-01-15,NA,NA,NA
"TER-NFPG-T-33",2025-01-16,NA,NA,NA
"TER-NFPG-T-33",2025-01-17,NA,NA,NA
"TER-NFPG-T-33",2025-01-18,NA,NA,NA
"TER-NFPG-T-33",2025-01-19,NA,NA,NA
"TER-NFPG-T-33",2025-01-20,NA,NA,NA
"TER-NFPG-T-33",2025-01-21,NA,NA,NA
"TER-NFPG-T-33",2025-01-22,NA,NA,NA
"TER-NFPG-T-33",2025-01-23,NA,NA,NA
"TER-NFPG-T-33",2025-01-24,NA,NA,NA
"TER-NFPG-T-33",2025-01-25,NA,NA,NA
"TER-NFPG-T-33",2025-01-26,NA,NA,NA
"TER-NFPG-T-33",2025-01-27,NA,NA,NA
"TER-NFPG-T-33",2025-01-28,NA,NA,NA
"TER-NFPG-T-33",2025-01-29,NA,NA,NA
"TER-NFPG-T-33",2025-01-30,NA,NA,NA
"TER-NFPG-T-33",2025-01-31,NA,NA,NA
"TER-NFPG-T-33",2025-02-01,NA,NA,NA
"TER-NFPG-T-33",2025-02-02,NA,NA,NA
"TER-NFPG-T-33",2025-02-03,NA,NA,NA
"TER-NFPG-T-33",2025-02-04,NA,NA,NA
"TER-NFPG-T-33",2025-02-05,NA,NA,NA
"TER-NFPG-T-33",2025-02-06,NA,NA,NA
"TER-NFPG-T-33",2025-02-07,NA,NA,NA
"TER-NFPG-T-33",2025-02-08,NA,NA,NA
"TER-NFPG-T-33",2025-02-09,NA,NA,NA
"TER-NFPG-T-33",2025-02-10,NA,NA,NA
"TER-NFPG-T-33",2025-02-11,NA,NA,NA
"TER-NFPG-T-33",2025-02-12,NA,NA,NA
"TER-NFPG-T-33",2025-02-13,NA,NA,NA
"TER-NFPG-T-33",2025-02-14,NA,NA,NA
"TER-NFPG-T-33",2025-02-15,NA,NA,NA
"TER-NFPG-T-33",2025-02-16,NA,NA,NA
"TER-NFPG-T-33",2025-02-17,NA,NA,NA
"TER-NFPG-T-33",2025-02-18,NA,NA,NA
"TER-NFPG-T-33",2025-02-19,NA,NA,NA
"TER-NFPG-T-33",2025-02-20,NA,NA,NA
"TER-NFPG-T-33",2025-02-21,NA,NA,NA
"TER-NFPG-T-33",2025-02-22,NA,NA,NA
"TER-NFPG-T-33",2025-02-23,NA,NA,NA
"TER-NFPG-T-33",2025-02-24,NA,NA,NA
"TER-NFPG-T-33",2025-02-25,NA,NA,NA
"TER-NFPG-T-33",2025-02-26,NA,NA,NA
"TER-NFPG-T-33",2025-02-27,NA,NA,NA
"TER-NFPG-T-33",2025-02-28,NA,NA,NA
"TER-NFPG-T-33",2025-03-01,NA,NA,NA
"TER-NFPG-T-33",2025-03-02,NA,NA,NA
"TER-NFPG-T-33",2025-03-03,NA,NA,NA
"TER-NFPG-T-33",2025-03-04,NA,NA,NA
"TER-NFPG-T-33",2025-03-05,NA,NA,NA
"TER-NFPG-T-33",2025-03-06,NA,NA,NA
"TER-NFPG-T-33",2025-03-07,NA,NA,NA
"TER-NFPG-T-33",2025-03-08,NA,NA,NA
"TER-NFPG-T-33",2025-03-09,NA,NA,NA
"TER-NFPG-T-33",2025-03-10,NA,NA,NA
"TER-NFPG-T-33",2025-03-11,NA,NA,NA
"TER-NFPG-T-33",2025-03-12,NA,NA,NA
"TER-NFPG-T-33",2025-03-13,NA,NA,NA
"TER-NFPG-T-33",2025-03-14,NA,NA,NA
"TER-NFPG-T-33",2025-03-15,NA,NA,NA
"TER-NFPG-T-33",2025-03-16,NA,NA,NA
"TER-NFPG-T-33",2025-03-17,NA,NA,NA
"TER-NFPG-T-33",2025-03-18,NA,NA,NA
"TER-NFPG-T-33",2025-03-19,NA,NA,NA
"TER-NFPG-T-33",2025-03-20,NA,NA,NA
"TER-NFPG-T-33",2025-03-21,NA,NA,NA
"TER-NFPG-T-33",2025-03-22,NA,NA,NA
"TER-NFPG-T-33",2025-03-23,NA,NA,NA
"TER-NFPG-T-33",2025-03-24,NA,NA,NA
"TER-NFPG-T-33",2025-03-25,NA,NA,NA
"TER-NFPG-T-33",2025-03-26,NA,NA,NA
"TER-NFPG-T-33",2025-03-27,NA,NA,NA
"TER-NFPG-T-33",2025-03-28,NA,NA,NA
"TER-NFPG-T-33",2025-03-29,NA,NA,NA
"TER-NFPG-T-33",2025-03-30,NA,NA,NA
"TER-NFPG-T-33",2025-03-31,NA,NA,NA
"TER-NFPG-T-33",2025-04-01,NA,NA,NA
"TER-NFPG-T-33",2025-04-02,NA,NA,NA
"TER-NFPG-T-33",2025-04-03,NA,NA,NA
"TER-NFPG-T-33",2025-04-04,NA,NA,NA
"TER-NFPG-T-33",2025-04-05,NA,NA,NA
"TER-NFPG-T-33",2025-04-06,NA,NA,NA
"TER-NFPG-T-33",2025-04-07,NA,NA,NA
"TER-NFPG-T-33",2025-04-08,NA,NA,NA
"TER-NFPG-T-33",2025-04-09,NA,NA,NA
"TER-NFPG-T-33",2025-04-10,NA,NA,NA
"TER-NFPG-T-33",2025-04-11,NA,NA,NA
"TER-NFPG-T-33",2025-04-12,NA,NA,NA
"TER-NFPG-T-33",2025-04-13,NA,NA,NA
"TER-NFPG-T-33",2025-04-14,NA,NA,NA
"TER-NFPG-T-33",2025-04-15,NA,NA,NA
"TER-NFPG-T-33",2025-04-16,NA,NA,NA
"TER-NFPG-T-33",2025-04-17,NA,NA,NA
"TER-NFPG-T-33",2025-04-18,NA,NA,NA
"TER-NFPG-T-33",2025-04-19,NA,NA,NA
"TER-NFPG-T-33",2025-04-20,NA,NA,NA
"TER-NFPG-T-33",2025-04-21,NA,NA,NA
"TER-NFPG-T-33",2025-04-22,NA,NA,NA
"TER-NFPG-T-33",2025-04-23,NA,NA,NA
"TER-NFPG-T-33",2025-04-24,NA,NA,NA
"TER-NFPG-T-33",2025-04-25,NA,NA,NA
"TER-NFPG-T-33",2025-04-26,NA,NA,NA
"TER-NFPG-T-33",2025-04-27,NA,NA,NA
"TER-NFPG-T-33",2025-04-28,NA,NA,NA
"TER-NFPG-T-33",2025-04-29,NA,NA,NA
"TER-NFPG-T-33",2025-04-30,NA,NA,NA
"TER-NFPG-T-33",2025-05-01,NA,NA,NA
"TER-NFPG-T-33",2025-05-02,NA,NA,NA
"TER-NFPG-T-33",2025-05-03,NA,NA,NA
"TER-NFPG-T-33",2025-05-04,NA,NA,NA
"TER-NFPG-T-33",2025-05-05,NA,NA,NA
"TER-NFPG-T-33",2025-05-06,NA,NA,NA
"TER-NFPG-T-33",2025-05-07,NA,NA,NA
"TER-NFPG-T-33",2025-05-08,NA,NA,NA
"TER-NFPG-T-33",2025-05-09,NA,NA,NA
"TER-NFPG-T-33",2025-05-10,NA,NA,NA
"TER-NFPG-T-33",2025-05-11,NA,NA,NA
"TER-NFPG-T-33",2025-05-12,NA,NA,NA
"TER-NFPG-T-33",2025-05-13,NA,NA,NA
"TER-NFPG-T-33",2025-05-14,NA,NA,NA
"TER-NFPG-T-33",2025-05-15,NA,NA,NA
"TER-NFPG-T-33",2025-05-16,NA,NA,NA
"TER-NFPG-T-33",2025-05-17,NA,NA,NA
"TER-NFPG-T-33",2025-05-18,NA,NA,NA
"TER-NFPG-T-33",2025-05-19,NA,NA,NA
"TER-NFPG-T-33",2025-05-20,NA,NA,NA
"TER-NFPG-T-33",2025-05-21,NA,NA,NA
"TER-NFPG-T-33",2025-05-22,NA,NA,NA
"TER-NFPG-T-33",2025-05-23,NA,NA,NA
"TER-NFPG-T-33",2025-05-24,NA,NA,NA
"TER-NFPG-T-33",2025-05-25,NA,NA,NA
"TER-NFPG-T-33",2025-05-26,NA,NA,NA
"TER-NFPG-T-33",2025-05-27,NA,NA,NA
"TER-NFPG-T-33",2025-05-28,NA,NA,NA
"TER-NFPG-T-33",2025-05-29,NA,NA,NA
"TER-NFPG-T-33",2025-05-30,NA,NA,NA
"TER-NFPG-T-33",2025-05-31,NA,NA,NA
"TER-NFPG-T-33",2025-06-01,NA,NA,NA
"TER-NFPG-T-33",2025-06-02,NA,NA,NA
"TER-NFPG-T-33",2025-06-03,NA,NA,NA
"TER-NFPG-T-33",2025-06-04,NA,NA,NA
"TER-NFPG-T-33",2025-06-05,NA,NA,NA
"TER-NFPG-T-33",2025-06-06,NA,NA,NA
"TER-NFPG-T-33",2025-06-07,NA,NA,NA
"TER-NFPG-T-33",2025-06-08,NA,NA,NA
"TER-NFPG-T-33",2025-06-09,NA,NA,NA
"TER-NFPG-T-33",2025-06-10,NA,NA,NA
"TER-NFPG-T-33",2025-06-11,NA,NA,NA
"TER-NFPG-T-33",2025-06-12,NA,NA,NA
"TER-NFSB-T-07",2023-08-09,NA,NA,NA
"TER-NFSB-T-07",2023-08-10,NA,NA,NA
"TER-NFSB-T-07",2023-08-11,NA,NA,NA
"TER-NFSB-T-07",2023-08-12,NA,NA,NA
"TER-NFSB-T-07",2023-08-13,NA,NA,NA
"TER-NFSB-T-07",2023-08-14,NA,NA,NA
"TER-NFSB-T-07",2023-08-15,NA,NA,NA
"TER-NFSB-T-07",2023-08-16,NA,NA,NA
"TER-NFSB-T-07",2023-08-17,NA,NA,NA
"TER-NFSB-T-07",2023-08-18,NA,NA,NA
"TER-NFSB-T-07",2023-08-19,NA,NA,NA
"TER-NFSB-T-07",2023-08-20,NA,NA,NA
"TER-NFSB-T-07",2023-08-21,NA,NA,NA
"TER-NFSB-T-07",2023-08-22,NA,NA,NA
"TER-NFSB-T-07",2023-08-23,NA,NA,NA
"TER-NFSB-T-07",2023-08-24,NA,NA,NA
"TER-NFSB-T-07",2023-08-25,NA,NA,NA
"TER-NFSB-T-07",2023-08-26,NA,NA,NA
"TER-NFSB-T-07",2023-08-27,NA,NA,NA
"TER-NFSB-T-07",2023-08-28,NA,NA,NA
"TER-NFSB-T-07",2023-08-29,NA,NA,NA
"TER-NFSB-T-07",2023-08-30,NA,NA,NA
"TER-NFSB-T-07",2023-08-31,NA,NA,NA
"TER-NFSB-T-07",2023-09-01,NA,NA,NA
"TER-NFSB-T-07",2023-09-02,NA,NA,NA
"TER-NFSB-T-07",2023-09-03,NA,NA,NA
"TER-NFSB-T-07",2023-09-04,NA,NA,NA
"TER-NFSB-T-07",2023-09-05,NA,NA,NA
"TER-NFSB-T-07",2023-09-06,NA,NA,NA
"TER-NFSB-T-07",2023-09-07,NA,NA,NA
"TER-NFSB-T-07",2023-09-08,NA,NA,NA
"TER-NFSB-T-07",2023-09-09,NA,NA,NA
"TER-NFSB-T-07",2023-09-10,NA,NA,NA
"TER-NFSB-T-07",2023-09-11,NA,NA,NA
"TER-NFSB-T-07",2023-09-12,NA,NA,NA
"TER-NFSB-T-07",2023-09-13,NA,NA,NA
"TER-NFSB-T-07",2023-09-14,NA,NA,NA
"TER-NFSB-T-07",2023-09-15,NA,NA,NA
"TER-NFSB-T-07",2023-09-16,NA,NA,NA
"TER-NFSB-T-07",2023-09-17,NA,NA,NA
"TER-NFSB-T-07",2023-09-18,NA,NA,NA
"TER-NFSB-T-07",2023-09-19,NA,NA,NA
"TER-NFSB-T-07",2023-09-20,NA,NA,NA
"TER-NFSB-T-07",2023-09-21,NA,NA,NA
"TER-NFSB-T-07",2023-09-22,NA,NA,NA
"TER-NFSB-T-07",2023-09-23,NA,NA,NA
"TER-NFSB-T-07",2023-09-24,NA,NA,NA
"TER-NFSB-T-07",2023-09-25,NA,NA,NA
"TER-NFSB-T-07",2023-09-26,NA,NA,NA
"TER-NFSB-T-07",2023-09-27,NA,NA,NA
"TER-NFSB-T-07",2023-09-28,NA,NA,NA
"TER-NFSB-T-07",2023-09-29,NA,NA,NA
"TER-NFSB-T-07",2023-09-30,NA,NA,NA
"TER-NFSB-T-07",2023-10-01,NA,NA,NA
"TER-NFSB-T-07",2023-10-02,NA,NA,NA
"TER-NFSB-T-07",2023-10-03,NA,NA,NA
"TER-NFSB-T-07",2023-10-04,NA,NA,NA
"TER-NFSB-T-07",2023-10-05,NA,NA,NA
"TER-NFSB-T-07",2023-10-06,NA,NA,NA
"TER-NFSB-T-07",2023-10-07,NA,NA,NA
"TER-NFSB-T-07",2023-10-08,NA,NA,NA
"TER-NFSB-T-07",2023-10-09,NA,NA,NA
"TER-NFSB-T-07",2023-10-10,NA,NA,NA
"TER-NFSB-T-07",2023-10-11,NA,NA,NA
"TER-NFSB-T-07",2023-10-12,NA,NA,NA
"TER-NFSB-T-07",2023-10-13,NA,NA,NA
"TER-NFSB-T-07",2023-10-14,NA,NA,NA
"TER-NFSB-T-07",2023-10-15,NA,NA,NA
"TER-NFSB-T-07",2023-10-16,NA,NA,NA
"TER-NFSB-T-07",2023-10-17,NA,NA,NA
"TER-NFSB-T-07",2023-10-18,NA,NA,NA
"TER-NFSB-T-07",2023-10-19,NA,NA,NA
"TER-NFSB-T-07",2023-10-20,NA,NA,NA
"TER-NFSB-T-07",2023-10-21,NA,NA,NA
"TER-NFSB-T-07",2023-10-22,NA,NA,NA
"TER-NFSB-T-07",2023-10-23,NA,NA,NA
"TER-NFSB-T-07",2023-10-24,NA,NA,NA
"TER-NFSB-T-07",2023-10-25,NA,NA,NA
"TER-NFSB-T-07",2023-10-26,NA,NA,NA
"TER-NFSB-T-07",2023-10-27,NA,NA,NA
"TER-NFSB-T-07",2023-10-28,NA,NA,NA
"TER-NFSB-T-07",2023-10-29,NA,NA,NA
"TER-NFSB-T-07",2023-10-30,NA,NA,NA
"TER-NFSB-T-07",2023-10-31,NA,NA,NA
"TER-NFSB-T-07",2023-11-01,NA,NA,NA
"TER-NFSB-T-07",2023-11-02,NA,NA,NA
"TER-NFSB-T-07",2023-11-03,NA,NA,NA
"TER-NFSB-T-07",2023-11-04,NA,NA,NA
"TER-NFSB-T-07",2023-11-05,NA,NA,NA
"TER-NFSB-T-07",2023-11-06,NA,NA,NA
"TER-NFSB-T-07",2023-11-07,NA,NA,NA
"TER-NFSB-T-07",2023-11-08,NA,NA,NA
"TER-NFSB-T-07",2023-11-09,NA,NA,NA
"TER-NFSB-T-07",2023-11-10,NA,NA,NA
"TER-NFSB-T-07",2023-11-11,NA,NA,NA
"TER-NFSB-T-07",2023-11-12,NA,NA,NA
"TER-NFSB-T-07",2023-11-13,NA,NA,NA
"TER-NFSB-T-07",2023-11-14,NA,NA,NA
"TER-NFSB-T-07",2023-11-15,NA,NA,NA
"TER-NFSB-T-07",2023-11-16,NA,NA,NA
"TER-NFSB-T-07",2023-11-17,NA,NA,NA
"TER-NFSB-T-07",2023-11-18,NA,NA,NA
"TER-NFSB-T-07",2023-11-19,NA,NA,NA
"TER-NFSB-T-07",2023-11-20,NA,NA,NA
"TER-NFSB-T-07",2023-11-21,NA,NA,NA
"TER-NFSB-T-07",2023-11-22,NA,NA,NA
"TER-NFSB-T-07",2023-11-23,NA,NA,NA
"TER-NFSB-T-07",2023-11-24,NA,NA,NA
"TER-NFSB-T-07",2023-11-25,NA,NA,NA
"TER-NFSB-T-07",2023-11-26,NA,NA,NA
"TER-NFSB-T-07",2023-11-27,NA,NA,NA
"TER-NFSB-T-07",2023-11-28,NA,NA,NA
"TER-NFSB-T-07",2023-11-29,NA,NA,NA
"TER-NFSB-T-07",2023-11-30,NA,NA,NA
"TER-NFSB-T-07",2023-12-01,NA,NA,NA
"TER-NFSB-T-07",2023-12-02,NA,NA,NA
"TER-NFSB-T-07",2023-12-03,NA,NA,NA
"TER-NFSB-T-07",2023-12-04,NA,NA,NA
"TER-NFSB-T-07",2023-12-05,NA,NA,NA
"TER-NFSB-T-07",2023-12-06,NA,NA,NA
"TER-NFSB-T-07",2023-12-07,NA,NA,NA
"TER-NFSB-T-07",2023-12-08,NA,NA,NA
"TER-NFSB-T-07",2023-12-09,NA,NA,NA
"TER-NFSB-T-07",2023-12-10,NA,NA,NA
"TER-NFSB-T-07",2023-12-11,NA,NA,NA
"TER-NFSB-T-07",2023-12-12,8.58333333333333,8.16666666666667,8.1875
"TER-NFSB-T-07",2023-12-13,8.22916666666667,7.83333333333333,7.89583333333333
"TER-NFSB-T-07",2023-12-14,9.25,8.95833333333333,9.0625
"TER-NFSB-T-07",2023-12-15,13.7916666666667,13.9375,13.9375
"TER-NFSB-T-07",2023-12-16,15,15.0208333333333,15.1458333333333
"TER-NFSB-T-07",2023-12-17,15.25,15.2291666666667,15.2708333333333
"TER-NFSB-T-07",2023-12-18,13.4583333333333,13.0833333333333,13.1666666666667
"TER-NFSB-T-07",2023-12-19,9.66666666666667,9.33333333333333,9.27083333333333
"TER-NFSB-T-07",2023-12-20,11.4166666666667,11.3125,11.3541666666667
"TER-NFSB-T-07",2023-12-21,9.6875,9.35416666666667,9.375
"TER-NFSB-T-07",2023-12-22,9.20833333333333,8.95833333333333,9.04166666666667
"TER-NFSB-T-07",2023-12-23,9.6875,9.72916666666667,9.8125
"TER-NFSB-T-07",2023-12-24,10.4583333333333,10.7708333333333,10.9166666666667
"TER-NFSB-T-07",2023-12-25,12.2083333333333,12.2708333333333,12.3125
"TER-NFSB-T-07",2023-12-26,9.91666666666667,9.29166666666667,9.3125
"TER-NFSB-T-07",2023-12-27,7.22916666666667,6.64583333333333,6.77083333333333
"TER-NFSB-T-07",2023-12-28,7.9375,7.58333333333333,7.72916666666667
"TER-NFSB-T-07",2023-12-29,8.54166666666667,8.3125,8.45833333333333
"TER-NFSB-T-07",2023-12-30,7.89583333333333,7.39583333333333,7.52083333333333
"TER-NFSB-T-07",2023-12-31,8.95833333333333,9.08333333333333,9.3125
"TER-NFSB-T-07",2024-01-01,12.5,12.6458333333333,12.8125
"TER-NFSB-T-07",2024-01-02,10.3958333333333,10,10.0416666666667
"TER-NFSB-T-07",2024-01-03,9.70833333333333,9.66666666666667,9.8125
"TER-NFSB-T-07",2024-01-04,10.125,9.83333333333333,9.875
"TER-NFSB-T-07",2024-01-05,11.6666666666667,11.5208333333333,11.625
"TER-NFSB-T-07",2024-01-06,11.0416666666667,10.8541666666667,10.8958333333333
"TER-NFSB-T-07",2024-01-07,10.0833333333333,9.6875,9.75
"TER-NFSB-T-07",2024-01-08,9.85416666666667,9.72916666666667,9.70833333333333
"TER-NFSB-T-07",2024-01-09,12.1041666666667,12.1041666666667,12.1458333333333
"TER-NFSB-T-07",2024-01-10,13.1041666666667,12.9583333333333,12.9583333333333
"TER-NFSB-T-07",2024-01-11,NA,10.5833333333333,10.6458333333333
"TER-NFSB-T-07",2024-01-12,NA,11.0416666666667,11.125
"TER-NFSB-T-07",2024-01-13,NA,10.75,10.75
"TER-NFSB-T-07",2024-01-14,NA,9.27083333333333,9.33333333333333
"TER-NFSB-T-07",2024-01-15,NA,8.6875,8.66666666666667
"TER-NFSB-T-07",2024-01-16,NA,8.4375,8.39583333333333
"TER-NFSB-T-07",2024-01-17,NA,7.4375,7.5
"TER-NFSB-T-07",2024-01-18,NA,6.85416666666667,6.85416666666667
"TER-NFSB-T-07",2024-01-19,NA,10.8541666666667,10.9166666666667
"TER-NFSB-T-07",2024-01-20,NA,10.625,10.6875
"TER-NFSB-T-07",2024-01-21,NA,13.4583333333333,13.5208333333333
"TER-NFSB-T-07",2024-01-22,NA,12.8333333333333,12.8541666666667
"TER-NFSB-T-07",2024-01-23,NA,12.8125,12.8541666666667
"TER-NFSB-T-07",2024-01-24,NA,12.0208333333333,12.0625
"TER-NFSB-T-07",2024-01-25,NA,9.5,9.4375
"TER-NFSB-T-07",2024-01-26,NA,11.9583333333333,12.0416666666667
"TER-NFSB-T-07",2024-01-27,NA,11.3333333333333,11.3541666666667
"TER-NFSB-T-07",2024-01-28,NA,6.83333333333333,6.875
"TER-NFSB-T-07",2024-01-29,NA,9.85416666666667,9.89583333333333
"TER-NFSB-T-07",2024-01-30,NA,10.7708333333333,10.9791666666667
"TER-NFSB-T-07",2024-01-31,NA,9.5625,9.83333333333333
"TER-NFSB-T-07",2024-02-01,NA,11.375,11.375
"TER-NFSB-T-07",2024-02-02,NA,11.8541666666667,11.9375
"TER-NFSB-T-07",2024-02-03,NA,10.75,10.7916666666667
"TER-NFSB-T-07",2024-02-04,NA,11.3541666666667,11.375
"TER-NFSB-T-07",2024-02-05,NA,12.8333333333333,12.8541666666667
"TER-NFSB-T-07",2024-02-06,NA,13.5625,13.5833333333333
"TER-NFSB-T-07",2024-02-07,NA,11.8333333333333,11.8333333333333
"TER-NFSB-T-07",2024-02-08,NA,10.0625,10.125
"TER-NFSB-T-07",2024-02-09,NA,8.79166666666667,8.875
"TER-NFSB-T-07",2024-02-10,NA,11.8333333333333,11.9583333333333
"TER-NFSB-T-07",2024-02-11,NA,11.9166666666667,11.9166666666667
"TER-NFSB-T-07",2024-02-12,NA,11.1666666666667,11.1875
"TER-NFSB-T-07",2024-02-13,NA,10.3333333333333,10.3958333333333
"TER-NFSB-T-07",2024-02-14,NA,8.35416666666667,8.47916666666667
"TER-NFSB-T-07",2024-02-15,NA,12.5,12.5625
"TER-NFSB-T-07",2024-02-16,NA,13.625,13.7083333333333
"TER-NFSB-T-07",2024-02-17,NA,11.875,11.9166666666667
"TER-NFSB-T-07",2024-02-18,NA,10.2291666666667,10.4375
"TER-NFSB-T-07",2024-02-19,NA,12.1041666666667,12.3333333333333
"TER-NFSB-T-07",2024-02-20,NA,11.6458333333333,11.6875
"TER-NFSB-T-07",2024-02-21,NA,12.375,12.5
"TER-NFSB-T-07",2024-02-22,NA,8.47916666666667,8.70833333333333
"TER-NFSB-T-07",2024-02-23,NA,8.45833333333333,8.72916666666667
"TER-NFSB-T-07",2024-02-24,NA,9.9375,10
"TER-NFSB-T-07",2024-02-25,NA,11.5833333333333,11.7291666666667
"TER-NFSB-T-07",2024-02-26,NA,9.58333333333333,9.66666666666667
"TER-NFSB-T-07",2024-02-27,NA,9.54166666666667,9.72916666666667
"TER-NFSB-T-07",2024-02-28,NA,10.2916666666667,10.5625
"TER-NFSB-T-07",2024-02-29,NA,7.72916666666667,7.9375
"TER-NFSB-T-07",2024-03-01,NA,8,8.125
"TER-NFSB-T-07",2024-03-02,NA,8.02083333333333,8.16666666666667
"TER-NFSB-T-07",2024-03-03,NA,7.95833333333333,8.08333333333333
"TER-NFSB-T-07",2024-03-04,NA,6.1875,6.35416666666667
"TER-NFSB-T-07",2024-03-05,NA,7.95833333333333,8.16666666666667
"TER-NFSB-T-07",2024-03-06,NA,5.60416666666667,5.77083333333333
"TER-NFSB-T-07",2024-03-07,NA,8.41666666666667,8.47916666666667
"TER-NFSB-T-07",2024-03-08,NA,9.27083333333333,9.375
"TER-NFSB-T-07",2024-03-09,NA,9.5625,9.6875
"TER-NFSB-T-07",2024-03-10,NA,9.75,9.91666666666667
"TER-NFSB-T-07",2024-03-11,NA,11.2708333333333,11.3541666666667
"TER-NFSB-T-07",2024-03-12,NA,10.7916666666667,10.8541666666667
"TER-NFSB-T-07",2024-03-13,NA,12.2083333333333,12.3333333333333
"TER-NFSB-T-07",2024-03-14,NA,12.2083333333333,12.2291666666667
"TER-NFSB-T-07",2024-03-15,NA,11.9375,12.0208333333333
"TER-NFSB-T-07",2024-03-16,NA,9.70833333333333,9.91666666666667
"TER-NFSB-T-07",2024-03-17,10.0625,10.125,10.4583333333333
"TER-NFSB-T-07",2024-03-18,11.75,11.7291666666667,11.7083333333333
"TER-NFSB-T-07",2024-03-19,8.375,8,8.41666666666667
"TER-NFSB-T-07",2024-03-20,8.77083333333333,8.79166666666667,9.5
"TER-NFSB-T-07",2024-03-21,10.0833333333333,10.2083333333333,10.6041666666667
"TER-NFSB-T-07",2024-03-22,11.2083333333333,11.1666666666667,11.2291666666667
"TER-NFSB-T-07",2024-03-23,9.375,8.95833333333333,9
"TER-NFSB-T-07",2024-03-24,8.91666666666667,8.79166666666667,9.14583333333333
"TER-NFSB-T-07",2024-03-25,7.85416666666667,7.66666666666667,7.79166666666667
"TER-NFSB-T-07",2024-03-26,9.08333333333333,9.0625,9.20833333333333
"TER-NFSB-T-07",2024-03-27,8.5,8.125,8.41666666666667
"TER-NFSB-T-07",2024-03-28,4.83333333333333,4.47916666666667,4.66666666666667
"TER-NFSB-T-07",2024-03-29,8.16666666666667,8.16666666666667,8.27083333333333
"TER-NFSB-T-07",2024-03-30,8.45833333333333,8.125,8.1875
"TER-NFSB-T-07",2024-03-31,6.75,6.625,7.5
"TER-NFSB-T-07",2024-04-01,10.5625,10.6458333333333,10.8958333333333
"TER-NFSB-T-07",2024-04-02,10.8541666666667,10.875,10.9375
"TER-NFSB-T-07",2024-04-03,11.5416666666667,11.4583333333333,11.5208333333333
"TER-NFSB-T-07",2024-04-04,8.58333333333333,8.14583333333333,8.3125
"TER-NFSB-T-07",2024-04-05,6.95833333333333,6.66666666666667,6.83333333333333
"TER-NFSB-T-07",2024-04-06,8.45833333333333,8.52083333333333,8.8125
"TER-NFSB-T-07",2024-04-07,11.5833333333333,11.4375,11.6875
"TER-NFSB-T-07",2024-04-08,11.0208333333333,11,11.1875
"TER-NFSB-T-07",2024-04-09,12.9166666666667,13.1041666666667,13.1458333333333
"TER-NFSB-T-07",2024-04-10,13.4166666666667,13.3958333333333,13.4583333333333
"TER-NFSB-T-07",2024-04-11,13.3958333333333,13.2083333333333,13.25
"TER-NFSB-T-07",2024-04-12,11.7291666666667,11.3541666666667,11.7291666666667
"TER-NFSB-T-07",2024-04-13,11.4375,11.1875,11.2291666666667
"TER-NFSB-T-07",2024-04-14,10.375,10.125,10.1458333333333
"TER-NFSB-T-07",2024-04-15,11.9375,11.9583333333333,11.9791666666667
"TER-NFSB-T-07",2024-04-16,12.625,12.5,12.5833333333333
"TER-NFSB-T-07",2024-04-17,12.4583333333333,12.1875,12.2291666666667
"TER-NFSB-T-07",2024-04-18,12.1666666666667,11.7916666666667,11.8333333333333
"TER-NFSB-T-07",2024-04-19,11.8541666666667,11.5208333333333,11.6666666666667
"TER-NFSB-T-07",2024-04-20,11.2083333333333,11.0833333333333,11.3958333333333
"TER-NFSB-T-07",2024-04-21,12.2291666666667,11.9583333333333,12.0625
"TER-NFSB-T-07",2024-04-22,11.2916666666667,11.0208333333333,11.1041666666667
"TER-NFSB-T-07",2024-04-23,11.5,11.25,11.2708333333333
"TER-NFSB-T-07",2024-04-24,10.7083333333333,10.3125,10.3958333333333
"TER-NFSB-T-07",2024-04-25,11.0625,11,11.5
"TER-NFSB-T-07",2024-04-26,8.97916666666667,8.77083333333333,8.89583333333333
"TER-NFSB-T-07",2024-04-27,8.52083333333333,8.64583333333333,9.04166666666667
"TER-NFSB-T-07",2024-04-28,9.16666666666667,9.39583333333333,9.91666666666667
"TER-NFSB-T-07",2024-04-29,9.625,9.875,10.2916666666667
"TER-NFSB-T-07",2024-04-30,10.4583333333333,10.8333333333333,11.4166666666667
"TER-NFSB-T-07",2024-05-01,11.7083333333333,11.6875,11.9166666666667
"TER-NFSB-T-07",2024-05-02,13.2291666666667,13.1458333333333,13.1458333333333
"TER-NFSB-T-07",2024-05-03,12.8958333333333,12.8541666666667,13.0833333333333
"TER-NFSB-T-07",2024-05-04,13.3333333333333,13.4375,13.9166666666667
"TER-NFSB-T-07",2024-05-05,13.1458333333333,13.5833333333333,14.3541666666667
"TER-NFSB-T-07",2024-05-06,14.6458333333333,14.6458333333333,14.6875
"TER-NFSB-T-07",2024-05-07,13.7291666666667,13.6041666666667,13.6875
"TER-NFSB-T-07",2024-05-08,12.8958333333333,12.5833333333333,12.6666666666667
"TER-NFSB-T-07",2024-05-09,11.8541666666667,11.9166666666667,12.5208333333333
"TER-NFSB-T-07",2024-05-10,12.4583333333333,13.0208333333333,13.6666666666667
"TER-NFSB-T-07",2024-05-11,14.5833333333333,15.25,15.875
"TER-NFSB-T-07",2024-05-12,14.2708333333333,14.8541666666667,15.375
"TER-NFSB-T-07",2024-05-13,12.3958333333333,12.0625,12.1458333333333
"TER-NFSB-T-07",2024-05-14,10.1041666666667,10.0833333333333,10.3541666666667
"TER-NFSB-T-07",2024-05-15,11.1875,11.125,11.4166666666667
"TER-NFSB-T-07",2024-05-16,11.9375,11.875,12.0208333333333
"TER-NFSB-T-07",2024-05-17,11,10.7916666666667,11.125
"TER-NFSB-T-07",2024-05-18,9.89583333333333,9.97916666666667,10.4375
"TER-NFSB-T-07",2024-05-19,11.3125,11.7916666666667,12.4375
"TER-NFSB-T-07",2024-05-20,13.4375,13.6458333333333,14.0625
"TER-NFSB-T-07",2024-05-21,13.8125,13.7916666666667,14.0416666666667
"TER-NFSB-T-07",2024-05-22,14.5833333333333,14.6875,14.9166666666667
"TER-NFSB-T-07",2024-05-23,15.5625,15.6041666666667,15.625
"TER-NFSB-T-07",2024-05-24,13.9583333333333,13.6666666666667,13.8541666666667
"TER-NFSB-T-07",2024-05-25,12.25,12.7708333333333,13.3541666666667
"TER-NFSB-T-07",2024-05-26,12,12.8958333333333,13.3958333333333
"TER-NFSB-T-07",2024-05-27,13.625,14.1041666666667,14.3333333333333
"TER-NFSB-T-07",2024-05-28,14.3125,14.6041666666667,14.8541666666667
"TER-NFSB-T-07",2024-05-29,15.8125,15.7916666666667,15.8125
"TER-NFSB-T-07",2024-05-30,14.2916666666667,14.1041666666667,14.3333333333333
"TER-NFSB-T-07",2024-05-31,13.2916666666667,12.9791666666667,13.0416666666667
"TER-NFSB-T-07",2024-06-01,13.5625,13.5416666666667,13.8541666666667
"TER-NFSB-T-07",2024-06-02,14,13.875,14.0625
"TER-NFSB-T-07",2024-06-03,13.4583333333333,13.1458333333333,13.2916666666667
"TER-NFSB-T-07",2024-06-04,13.125,12.9166666666667,13.25
"TER-NFSB-T-07",2024-06-05,12.375,12.0208333333333,12.1041666666667
"TER-NFSB-T-07",2024-06-06,NA,12.0833333333333,12.3541666666667
"TER-NFSB-T-07",2024-06-07,NA,13.3333333333333,13.8125
"TER-NFSB-T-07",2024-06-08,NA,13.8333333333333,14.2708333333333
"TER-NFSB-T-07",2024-06-09,NA,13.8541666666667,14.125
"TER-NFSB-T-07",2024-06-10,NA,13.3958333333333,13.75
"TER-NFSB-T-07",2024-06-11,NA,13.5208333333333,13.9791666666667
"TER-NFSB-T-07",2024-06-12,NA,16.6458333333333,17.4375
"TER-NFSB-T-07",2024-06-13,NA,16.5625,16.8541666666667
"TER-NFSB-T-07",2024-06-14,NA,14.2083333333333,14.4375
"TER-NFSB-T-07",2024-06-15,NA,15.5416666666667,16.2083333333333
"TER-NFSB-T-07",2024-06-16,NA,16.2708333333333,16.6666666666667
"TER-NFSB-T-07",2024-06-17,NA,NA,NA
"TER-NFSB-T-07",2024-06-18,13.5208333333333,13.3958333333333,13.6458333333333
"TER-NFSB-T-07",2024-06-19,12.7708333333333,12.6041666666667,12.9375
"TER-NFSB-T-07",2024-06-20,13.7291666666667,14,14.2291666666667
"TER-NFSB-T-07",2024-06-21,14.8125,15.2708333333333,15.6041666666667
"TER-NFSB-T-07",2024-06-22,14.5833333333333,14.4583333333333,14.4583333333333
"TER-NFSB-T-07",2024-06-23,15.5625,15.6666666666667,15.8125
"TER-NFSB-T-07",2024-06-24,15.6875,15.3958333333333,15.4583333333333
"TER-NFSB-T-07",2024-06-25,14.1875,14,14.1458333333333
"TER-NFSB-T-07",2024-06-26,14.4166666666667,15,15.4166666666667
"TER-NFSB-T-07",2024-06-27,16.625,16.6875,16.9583333333333
"TER-NFSB-T-07",2024-06-28,16.125,16.1875,16.3541666666667
"TER-NFSB-T-07",2024-06-29,16.0833333333333,16.0833333333333,16.2083333333333
"TER-NFSB-T-07",2024-06-30,15.3958333333333,15.2083333333333,15.3125
"TER-NFSB-T-07",2024-07-01,15.8333333333333,16.125,16.375
"TER-NFSB-T-07",2024-07-02,17.125,17.5416666666667,17.9166666666667
"TER-NFSB-T-07",2024-07-03,16.3541666666667,16.5,16.5625
"TER-NFSB-T-07",2024-07-04,15.4583333333333,15.5833333333333,15.8125
"TER-NFSB-T-07",2024-07-05,16.4375,16.8125,17.125
"TER-NFSB-T-07",2024-07-06,17.6875,17.8333333333333,18.1666666666667
"TER-NFSB-T-07",2024-07-07,18.4375,18.8541666666667,19.1875
"TER-NFSB-T-07",2024-07-08,18.5,18.3541666666667,18.4375
"TER-NFSB-T-07",2024-07-09,19.0208333333333,18.9791666666667,19.0416666666667
"TER-NFSB-T-07",2024-07-10,17.1875,17.1666666666667,17.3333333333333
"TER-NFSB-T-07",2024-07-11,16.375,16.1875,16.4375
"TER-NFSB-T-07",2024-07-12,17.5,17.5208333333333,17.6666666666667
"TER-NFSB-T-07",2024-07-13,16.5,16.3541666666667,16.375
"TER-NFSB-T-07",2024-07-14,15.4375,15.6875,15.9166666666667
"TER-NFSB-T-07",2024-07-15,17.5833333333333,17.6875,17.75
"TER-NFSB-T-07",2024-07-16,18.6875,18.75,18.8541666666667
"TER-NFSB-T-07",2024-07-17,17.4166666666667,17.0833333333333,17.1666666666667
"TER-NFSB-T-07",2024-07-18,16.0208333333333,15.75,15.8333333333333
"TER-NFSB-T-07",2024-07-19,16.5625,17.2291666666667,17.4791666666667
"TER-NFSB-T-07",2024-07-20,18.6875,19.3125,19.75
"TER-NFSB-T-07",2024-07-21,18.8125,19.1666666666667,19.4583333333333
"TER-NFSB-T-07",2024-07-22,17.6875,17.7916666666667,18.0833333333333
"TER-NFSB-T-07",2024-07-23,17.9166666666667,18,18.25
"TER-NFSB-T-07",2024-07-24,17.4375,17.5208333333333,17.8958333333333
"TER-NFSB-T-07",2024-07-25,18.7291666666667,19.2916666666667,19.8541666666667
"TER-NFSB-T-07",2024-07-26,19.5416666666667,19.6666666666667,19.7916666666667
"TER-NFSB-T-07",2024-07-27,18.3541666666667,18.375,18.4791666666667
"TER-NFSB-T-07",2024-07-28,19.0833333333333,19.6458333333333,19.9375
"TER-NFSB-T-07",2024-07-29,20.0208333333333,20.25,20.4166666666667
"TER-NFSB-T-07",2024-07-30,18.875,18.5625,18.875
"TER-NFSB-T-07",2024-07-31,17.6666666666667,17.4583333333333,17.5208333333333
"TER-NFSB-T-07",2024-08-01,18,18.375,18.9583333333333
"TER-NFSB-T-07",2024-08-02,17.7916666666667,17.8958333333333,18.3958333333333
"TER-NFSB-T-07",2024-08-03,18.0625,18.3333333333333,19.0208333333333
"TER-NFSB-T-07",2024-08-04,19.2708333333333,19.8541666666667,20.5625
"TER-NFSB-T-07",2024-08-05,20.0416666666667,20.625,21.2708333333333
"TER-NFSB-T-07",2024-08-06,19.1041666666667,18.9791666666667,19.1041666666667
"TER-NFSB-T-07",2024-08-07,17.7083333333333,17.6458333333333,18.0625
"TER-NFSB-T-07",2024-08-08,17.9583333333333,18.2291666666667,19.0416666666667
"TER-NFSB-T-07",2024-08-09,17.8125,18.1041666666667,19.0416666666667
"TER-NFSB-T-07",2024-08-10,18.5208333333333,18.5833333333333,18.7291666666667
"TER-NFSB-T-07",2024-08-11,16.8125,16.4791666666667,16.75
"TER-NFSB-T-07",2024-08-12,16.1875,16.8125,17.5833333333333
"TER-NFSB-T-07",2024-08-13,19.5,20.0416666666667,20.5
"TER-NFSB-T-07",2024-08-14,19.6041666666667,20.1458333333333,20.9791666666667
"TER-NFSB-T-07",2024-08-15,19.375,19.7083333333333,20.5416666666667
"TER-NFSB-T-07",2024-08-16,NA,20.2291666666667,20.7708333333333
"TER-NFSB-T-07",2024-08-17,NA,19.5416666666667,20.0625
"TER-NFSB-T-07",2024-08-18,NA,18.6666666666667,19.4791666666667
"TER-NFSB-T-07",2024-08-19,NA,20.0625,20.9166666666667
"TER-NFSB-T-07",2024-08-20,NA,18.9791666666667,19.5625
"TER-NFSB-T-07",2024-08-21,NA,18.1458333333333,18.5416666666667
"TER-NFSB-T-07",2024-08-22,NA,19.375,20.5416666666667
"TER-NFSB-T-07",2024-08-23,NA,20.625,21
"TER-NFSB-T-07",2024-08-24,NA,17.375,17.7291666666667
"TER-NFSB-T-07",2024-08-25,NA,17.4166666666667,18.5208333333333
"TER-NFSB-T-07",2024-08-26,NA,19.5625,20
"TER-NFSB-T-07",2024-08-27,NA,17.6458333333333,18
"TER-NFSB-T-07",2024-08-28,NA,17.5416666666667,18.5208333333333
"TER-NFSB-T-07",2024-08-29,NA,17.2083333333333,17.5625
"TER-NFSB-T-07",2024-08-30,NA,19.3541666666667,20.1666666666667
"TER-NFSB-T-07",2024-08-31,NA,19.9583333333333,20.6666666666667
"TER-NFSB-T-07",2024-09-01,NA,16.6458333333333,16.9583333333333
"TER-NFSB-T-07",2024-09-02,NA,15.5833333333333,15.875
"TER-NFSB-T-07",2024-09-03,NA,15.9791666666667,16.3541666666667
"TER-NFSB-T-07",2024-09-04,NA,16.0625,16.4166666666667
"TER-NFSB-T-07",2024-09-05,NA,16.3541666666667,17
"TER-NFSB-T-07",2024-09-06,NA,15.6666666666667,15.9166666666667
"TER-NFSB-T-07",2024-09-07,NA,15.75,16.0208333333333
"TER-NFSB-T-07",2024-09-08,NA,16.3958333333333,16.5625
"TER-NFSB-T-07",2024-09-09,NA,15.2083333333333,15.3958333333333
"TER-NFSB-T-07",2024-09-10,NA,16.2083333333333,16.4375
"TER-NFSB-T-07",2024-09-11,NA,16.2083333333333,16.4791666666667
"TER-NFSB-T-07",2024-09-12,NA,17.0833333333333,17.4583333333333
"TER-NFSB-T-07",2024-09-13,NA,17.1458333333333,17.4375
"TER-NFSB-T-07",2024-09-14,NA,16.7916666666667,17.1666666666667
"TER-NFSB-T-07",2024-09-15,NA,17.0833333333333,17.2708333333333
"TER-NFSB-T-07",2024-09-16,NA,16.6875,16.7291666666667
"TER-NFSB-T-07",2024-09-17,NA,NA,NA
"TER-NFSB-T-07",2024-09-18,NA,15.4791666666667,15.75
"TER-NFSB-T-07",2024-09-19,NA,14.9583333333333,15.1041666666667
"TER-NFSB-T-07",2024-09-20,NA,15.6666666666667,15.7083333333333
"TER-NFSB-T-07",2024-09-21,NA,14.9791666666667,15.625
"TER-NFSB-T-07",2024-09-22,NA,17.0416666666667,17.2291666666667
"TER-NFSB-T-07",2024-09-23,NA,18.375,18.7291666666667
"TER-NFSB-T-07",2024-09-24,NA,19.4375,19.6666666666667
"TER-NFSB-T-07",2024-09-25,NA,18.9166666666667,18.9583333333333
"TER-NFSB-T-07",2024-09-26,NA,15.4166666666667,15.5833333333333
"TER-NFSB-T-07",2024-09-27,NA,17.75,17.7916666666667
"TER-NFSB-T-07",2024-09-28,NA,18.25,18.2916666666667
"TER-NFSB-T-07",2024-09-29,NA,19.2916666666667,19.3125
"TER-NFSB-T-07",2024-09-30,NA,19.6666666666667,19.6875
"TER-NFSB-T-07",2024-10-01,NA,20.0208333333333,20.0625
"TER-NFSB-T-07",2024-10-02,NA,19.8541666666667,19.9583333333333
"TER-NFSB-T-07",2024-10-03,NA,19.5625,19.6666666666667
"TER-NFSB-T-07",2024-10-04,NA,19.1875,19.2083333333333
"TER-NFSB-T-07",2024-10-05,NA,16.4583333333333,16.6875
"TER-NFSB-T-07",2024-10-06,NA,12.8541666666667,13
"TER-NFSB-T-07",2024-10-07,NA,15.1875,15.2708333333333
"TER-NFSB-T-07",2024-10-08,NA,17.375,17.5208333333333
"TER-NFSB-T-07",2024-10-09,NA,16.4791666666667,16.5416666666667
"TER-NFSB-T-07",2024-10-10,NA,15.8333333333333,15.875
"TER-NFSB-T-07",2024-10-11,NA,11.75,11.75
"TER-NFSB-T-07",2024-10-12,NA,14.0625,14.0625
"TER-NFSB-T-07",2024-10-13,NA,17.5,17.5625
"TER-NFSB-T-07",2024-10-14,NA,15.6875,15.75
"TER-NFSB-T-07",2024-10-15,NA,13.3125,13.3541666666667
"TER-NFSB-T-07",2024-10-16,NA,12.4166666666667,12.6041666666667
"TER-NFSB-T-07",2024-10-17,NA,13.125,13.2916666666667
"TER-NFSB-T-07",2024-10-18,NA,15.4791666666667,15.6041666666667
"TER-NFSB-T-07",2024-10-19,NA,16.5833333333333,16.625
"TER-NFSB-T-07",2024-10-20,NA,12.0833333333333,11.9583333333333
"TER-NFSB-T-07",2024-10-21,NA,10.5625,10.6666666666667
"TER-NFSB-T-07",2024-10-22,NA,13.2083333333333,13.2291666666667
"TER-NFSB-T-07",2024-10-23,NA,16.1458333333333,16.2083333333333
"TER-NFSB-T-07",2024-10-24,NA,10.7291666666667,10.8333333333333
"TER-NFSB-T-07",2024-10-25,NA,10.9166666666667,11.0625
"TER-NFSB-T-07",2024-10-26,NA,11.5833333333333,11.6458333333333
"TER-NFSB-T-07",2024-10-27,NA,12.0625,12.1666666666667
"TER-NFSB-T-07",2024-10-28,NA,12.0833333333333,12.1875
"TER-NFSB-T-07",2024-10-29,NA,13.1666666666667,13.2083333333333
"TER-NFSB-T-07",2024-10-30,NA,14.125,14.1458333333333
"TER-NFSB-T-07",2024-10-31,NA,15.0625,15.0833333333333
"TER-NFSB-T-07",2024-11-01,NA,16.75,16.7291666666667
"TER-NFSB-T-07",2024-11-02,NA,14.6666666666667,14.7083333333333
"TER-NFSB-T-07",2024-11-03,NA,14.2291666666667,14.2291666666667
"TER-NFSB-T-07",2024-11-04,NA,13.8125,13.8125
"TER-NFSB-T-07",2024-11-05,NA,14.6041666666667,14.625
"TER-NFSB-T-07",2024-11-06,NA,10.125,10.0625
"TER-NFSB-T-07",2024-11-07,NA,10.5833333333333,10.625
"TER-NFSB-T-07",2024-11-08,NA,15.1666666666667,15.2916666666667
"TER-NFSB-T-07",2024-11-09,NA,15.7916666666667,15.9375
"TER-NFSB-T-07",2024-11-10,NA,14.9583333333333,14.9791666666667
"TER-NFSB-T-07",2024-11-11,NA,15.7083333333333,15.75
"TER-NFSB-T-07",2024-11-12,NA,16.3958333333333,16.3958333333333
"TER-NFSB-T-07",2024-11-13,NA,14.2291666666667,14.2291666666667
"TER-NFSB-T-07",2024-11-14,NA,11.4791666666667,11.4791666666667
"TER-NFSB-T-07",2024-11-15,NA,10.75,10.7291666666667
"TER-NFSB-T-07",2024-11-16,NA,11.125,11.4791666666667
"TER-NFSB-T-07",2024-11-17,NA,11.9791666666667,12.4583333333333
"TER-NFSB-T-07",2024-11-18,NA,12.7291666666667,13.5833333333333
"TER-NFSB-T-07",2024-11-19,NA,12.5,NA
"TER-NFSB-T-07",2024-11-20,NA,13,NA
"TER-NFSB-T-07",2024-11-21,NA,13.8333333333333,NA
"TER-NFSB-T-07",2024-11-22,NA,15.5,NA
"TER-NFSB-T-07",2024-11-23,NA,13.2291666666667,NA
"TER-NFSB-T-07",2024-11-24,NA,8.45833333333333,NA
"TER-NFSB-T-07",2024-11-25,NA,11.5833333333333,NA
"TER-NFSB-T-07",2024-11-26,NA,14.2708333333333,NA
"TER-NFSB-T-07",2024-11-27,NA,12.9375,NA
"TER-NFSB-T-07",2024-11-28,NA,11.4583333333333,NA
"TER-NFSB-T-07",2024-11-29,NA,11.4375,NA
"TER-NFSB-T-07",2024-11-30,NA,10.2291666666667,NA
"TER-NFSB-T-07",2024-12-01,NA,12,NA
"TER-NFSB-T-07",2024-12-02,NA,13.2708333333333,NA
"TER-NFSB-T-07",2024-12-03,NA,11.6666666666667,NA
"TER-NFSB-T-07",2024-12-04,NA,12.875,NA
"TER-NFSB-T-07",2024-12-05,NA,13.1666666666667,NA
"TER-NFSB-T-07",2024-12-06,NA,13.875,NA
"TER-NFSB-T-07",2024-12-07,NA,13.3958333333333,NA
"TER-NFSB-T-07",2024-12-08,NA,13.3958333333333,NA
"TER-NFSB-T-07",2024-12-09,NA,11.6041666666667,NA
"TER-NFSB-T-07",2024-12-10,NA,11.3333333333333,NA
"TER-NFSB-T-07",2024-12-11,NA,12.2916666666667,NA
"TER-NFSB-T-07",2024-12-12,NA,10.1041666666667,NA
"TER-NFSB-T-07",2024-12-13,NA,9.14583333333333,NA
"TER-NFSB-T-07",2024-12-14,NA,8.60416666666667,NA
"TER-NFSB-T-07",2024-12-15,NA,11.1041666666667,NA
"TER-NFSB-T-07",2024-12-16,NA,11.9375,NA
"TER-NFSB-T-07",2024-12-17,NA,10.625,NA
"TER-NFSB-T-07",2024-12-18,NA,NA,NA
"TER-NFSB-T-07",2024-12-19,NA,NA,NA
"TER-NFSB-T-07",2024-12-20,NA,NA,NA
"TER-NFSB-T-07",2024-12-21,NA,NA,NA
"TER-NFSB-T-07",2024-12-22,NA,NA,NA
"TER-NFSB-T-07",2024-12-23,NA,NA,NA
"TER-NFSB-T-07",2024-12-24,NA,NA,NA
"TER-NFSB-T-07",2024-12-25,NA,NA,NA
"TER-NFSB-T-07",2024-12-26,NA,NA,NA
"TER-NFSB-T-07",2024-12-27,NA,NA,NA
"TER-NFSB-T-07",2024-12-28,NA,NA,NA
"TER-NFSB-T-07",2024-12-29,NA,NA,NA
"TER-NFSB-T-07",2024-12-30,NA,NA,NA
"TER-NFSB-T-07",2024-12-31,NA,NA,NA
"TER-NFSB-T-07",2025-01-01,NA,NA,NA
"TER-NFSB-T-07",2025-01-02,NA,NA,NA
"TER-NFSB-T-07",2025-01-03,NA,NA,NA
"TER-NFSB-T-07",2025-01-04,NA,NA,NA
"TER-NFSB-T-07",2025-01-05,NA,NA,NA
"TER-NFSB-T-07",2025-01-06,NA,NA,NA
"TER-NFSB-T-07",2025-01-07,NA,NA,NA
"TER-NFSB-T-07",2025-01-08,NA,NA,NA
"TER-NFSB-T-07",2025-01-09,NA,NA,NA
"TER-NFSB-T-07",2025-01-10,NA,NA,NA
"TER-NFSB-T-07",2025-01-11,NA,NA,NA
"TER-NFSB-T-07",2025-01-12,NA,NA,NA
"TER-NFSB-T-07",2025-01-13,NA,NA,NA
"TER-NFSB-T-07",2025-01-14,NA,NA,NA
"TER-NFSB-T-07",2025-01-15,NA,NA,NA
"TER-NFSB-T-07",2025-01-16,NA,NA,NA
"TER-NFSB-T-07",2025-01-17,NA,NA,NA
"TER-NFSB-T-07",2025-01-18,NA,NA,NA
"TER-NFSB-T-07",2025-01-19,NA,NA,NA
"TER-NFSB-T-07",2025-01-20,NA,NA,NA
"TER-NFSB-T-07",2025-01-21,NA,NA,NA
"TER-NFSB-T-07",2025-01-22,NA,NA,NA
"TER-NFSB-T-07",2025-01-23,NA,NA,NA
"TER-NFSB-T-07",2025-01-24,NA,NA,NA
"TER-NFSB-T-07",2025-01-25,NA,NA,NA
"TER-NFSB-T-07",2025-01-26,NA,NA,NA
"TER-NFSB-T-07",2025-01-27,NA,NA,NA
"TER-NFSB-T-07",2025-01-28,NA,NA,NA
"TER-NFSB-T-07",2025-01-29,NA,NA,NA
"TER-NFSB-T-07",2025-01-30,NA,NA,NA
"TER-NFSB-T-07",2025-01-31,NA,NA,NA
"TER-NFSB-T-07",2025-02-01,NA,NA,NA
"TER-NFSB-T-07",2025-02-02,NA,NA,NA
"TER-NFSB-T-07",2025-02-03,NA,NA,NA
"TER-NFSB-T-07",2025-02-04,NA,NA,NA
"TER-NFSB-T-07",2025-02-05,NA,NA,NA
"TER-NFSB-T-07",2025-02-06,NA,NA,NA
"TER-NFSB-T-07",2025-02-07,NA,NA,NA
"TER-NFSB-T-07",2025-02-08,NA,NA,NA
"TER-NFSB-T-07",2025-02-09,NA,NA,NA
"TER-NFSB-T-07",2025-02-10,NA,NA,NA
"TER-NFSB-T-07",2025-02-11,NA,NA,NA
"TER-NFSB-T-07",2025-02-12,NA,NA,NA
"TER-NFSB-T-07",2025-02-13,NA,NA,NA
"TER-NFSB-T-07",2025-02-14,NA,NA,NA
"TER-NFSB-T-07",2025-02-15,NA,NA,NA
"TER-NFSB-T-07",2025-02-16,NA,NA,NA
"TER-NFSB-T-07",2025-02-17,NA,NA,NA
"TER-NFSB-T-07",2025-02-18,NA,NA,NA
"TER-NFSB-T-07",2025-02-19,NA,NA,NA
"TER-NFSB-T-07",2025-02-20,NA,NA,NA
"TER-NFSB-T-07",2025-02-21,NA,NA,NA
"TER-NFSB-T-07",2025-02-22,NA,NA,NA
"TER-NFSB-T-07",2025-02-23,NA,NA,NA
"TER-NFSB-T-07",2025-02-24,NA,NA,NA
"TER-NFSB-T-07",2025-02-25,NA,NA,NA
"TER-NFSB-T-07",2025-02-26,NA,NA,NA
"TER-NFSB-T-07",2025-02-27,NA,NA,NA
"TER-NFSB-T-07",2025-02-28,NA,NA,NA
"TER-NFSB-T-07",2025-03-01,NA,NA,NA
"TER-NFSB-T-07",2025-03-02,NA,NA,NA
"TER-NFSB-T-07",2025-03-03,NA,NA,NA
"TER-NFSB-T-07",2025-03-04,NA,NA,NA
"TER-NFSB-T-07",2025-03-05,NA,NA,NA
"TER-NFSB-T-07",2025-03-06,NA,NA,NA
"TER-NFSB-T-07",2025-03-07,NA,NA,NA
"TER-NFSB-T-07",2025-03-08,NA,NA,NA
"TER-NFSB-T-07",2025-03-09,NA,NA,NA
"TER-NFSB-T-07",2025-03-10,NA,NA,NA
"TER-NFSB-T-07",2025-03-11,NA,NA,NA
"TER-NFSB-T-07",2025-03-12,NA,NA,NA
"TER-NFSB-T-07",2025-03-13,NA,NA,NA
"TER-NFSB-T-07",2025-03-14,NA,NA,NA
"TER-NFSB-T-07",2025-03-15,NA,NA,NA
"TER-NFSB-T-07",2025-03-16,NA,NA,NA
"TER-NFSB-T-07",2025-03-17,NA,NA,NA
"TER-NFSB-T-07",2025-03-18,NA,NA,NA
"TER-NFSB-T-07",2025-03-19,NA,NA,NA
"TER-NFSB-T-07",2025-03-20,NA,NA,NA
"TER-NFSB-T-07",2025-03-21,NA,NA,NA
"TER-NFSB-T-07",2025-03-22,NA,NA,NA
"TER-NFSB-T-07",2025-03-23,NA,NA,NA
"TER-NFSB-T-07",2025-03-24,NA,NA,NA
"TER-NFSB-T-07",2025-03-25,NA,NA,NA
"TER-NFSB-T-07",2025-03-26,NA,NA,NA
"TER-NFSB-T-07",2025-03-27,NA,NA,NA
"TER-NFSB-T-07",2025-03-28,NA,NA,NA
"TER-NFSB-T-07",2025-03-29,NA,NA,NA
"TER-NFSB-T-07",2025-03-30,NA,NA,NA
"TER-NFSB-T-07",2025-03-31,NA,NA,NA
"TER-NFSB-T-07",2025-04-01,NA,NA,NA
"TER-NFSB-T-07",2025-04-02,NA,NA,NA
"TER-NFSB-T-07",2025-04-03,NA,NA,NA
"TER-NFSB-T-07",2025-04-04,NA,NA,NA
"TER-NFSB-T-07",2025-04-05,NA,NA,NA
"TER-NFSB-T-07",2025-04-06,NA,NA,NA
"TER-NFSB-T-07",2025-04-07,NA,NA,NA
"TER-NFSB-T-07",2025-04-08,NA,NA,NA
"TER-NFSB-T-07",2025-04-09,NA,NA,NA
"TER-NFSB-T-07",2025-04-10,NA,NA,NA
"TER-NFSB-T-07",2025-04-11,NA,NA,NA
"TER-NFSB-T-07",2025-04-12,NA,NA,NA
"TER-NFSB-T-07",2025-04-13,NA,NA,NA
"TER-NFSB-T-07",2025-04-14,NA,NA,NA
"TER-NFSB-T-07",2025-04-15,NA,NA,NA
"TER-NFSB-T-07",2025-04-16,NA,NA,NA
"TER-NFSB-T-07",2025-04-17,NA,NA,NA
"TER-NFSB-T-07",2025-04-18,NA,NA,NA
"TER-NFSB-T-07",2025-04-19,NA,NA,NA
"TER-NFSB-T-07",2025-04-20,NA,NA,NA
"TER-NFSB-T-07",2025-04-21,NA,NA,NA
"TER-NFSB-T-07",2025-04-22,NA,NA,NA
"TER-NFSB-T-07",2025-04-23,NA,NA,NA
"TER-NFSB-T-07",2025-04-24,NA,NA,NA
"TER-NFSB-T-07",2025-04-25,NA,NA,NA
"TER-NFSB-T-07",2025-04-26,NA,NA,NA
"TER-NFSB-T-07",2025-04-27,NA,NA,NA
"TER-NFSB-T-07",2025-04-28,NA,NA,NA
"TER-NFSB-T-07",2025-04-29,NA,NA,NA
"TER-NFSB-T-07",2025-04-30,NA,NA,NA
"TER-NFSB-T-07",2025-05-01,NA,NA,NA
"TER-NFSB-T-07",2025-05-02,NA,NA,NA
"TER-NFSB-T-07",2025-05-03,NA,NA,NA
"TER-NFSB-T-07",2025-05-04,NA,NA,NA
"TER-NFSB-T-07",2025-05-05,NA,NA,NA
"TER-NFSB-T-07",2025-05-06,NA,NA,NA
"TER-NFSB-T-07",2025-05-07,NA,NA,NA
"TER-NFSB-T-07",2025-05-08,NA,NA,NA
"TER-NFSB-T-07",2025-05-09,NA,NA,NA
"TER-NFSB-T-07",2025-05-10,NA,NA,NA
"TER-NFSB-T-07",2025-05-11,NA,NA,NA
"TER-NFSB-T-07",2025-05-12,NA,NA,NA
"TER-NFSB-T-07",2025-05-13,NA,NA,NA
"TER-NFSB-T-07",2025-05-14,NA,NA,NA
"TER-NFSB-T-07",2025-05-15,NA,NA,NA
"TER-NFSB-T-07",2025-05-16,NA,NA,NA
"TER-NFSB-T-07",2025-05-17,NA,NA,NA
"TER-NFSB-T-07",2025-05-18,NA,NA,NA
"TER-NFSB-T-07",2025-05-19,NA,NA,NA
"TER-NFSB-T-07",2025-05-20,NA,NA,NA
"TER-NFSB-T-07",2025-05-21,NA,NA,NA
"TER-NFSB-T-07",2025-05-22,NA,NA,NA
"TER-NFSB-T-07",2025-05-23,NA,NA,NA
"TER-NFSB-T-07",2025-05-24,NA,NA,NA
"TER-NFSB-T-07",2025-05-25,NA,NA,NA
"TER-NFSB-T-07",2025-05-26,NA,NA,NA
"TER-NFSB-T-07",2025-05-27,NA,NA,NA
"TER-NFSB-T-07",2025-05-28,NA,NA,NA
"TER-NFSB-T-07",2025-05-29,NA,NA,NA
"TER-NFSB-T-07",2025-05-30,NA,NA,NA
"TER-NFSB-T-07",2025-05-31,NA,NA,NA
"TER-NFSB-T-07",2025-06-01,NA,NA,NA
"TER-NFSB-T-07",2025-06-02,NA,NA,NA
"TER-NFSB-T-07",2025-06-03,NA,NA,NA
"TER-NFSB-T-07",2025-06-04,NA,NA,NA
"TER-NFSB-T-07",2025-06-05,NA,NA,NA
"TER-NFSB-T-07",2025-06-06,NA,NA,NA
"TER-NFSB-T-07",2025-06-07,NA,NA,NA
"TER-NFSB-T-07",2025-06-08,NA,NA,NA
"TER-NFSB-T-07",2025-06-09,NA,NA,NA
"TER-NFSB-T-07",2025-06-10,NA,NA,NA
"TER-NFSB-T-07",2025-06-11,NA,NA,NA
"TER-NFSB-T-07",2025-06-12,NA,NA,NA
"TER-NFSB-T164B",2023-08-09,NA,NA,NA
"TER-NFSB-T164B",2023-08-10,NA,NA,NA
"TER-NFSB-T164B",2023-08-11,NA,NA,NA
"TER-NFSB-T164B",2023-08-12,16.5625,8.04166666666667,16.75
"TER-NFSB-T164B",2023-08-13,17.2708333333333,9.66666666666667,17.9583333333333
"TER-NFSB-T164B",2023-08-14,15.7291666666667,11.7708333333333,16.8125
"TER-NFSB-T164B",2023-08-15,16.2708333333333,11.3541666666667,17.25
"TER-NFSB-T164B",2023-08-16,17.1458333333333,9.35416666666667,18.9166666666667
"TER-NFSB-T164B",2023-08-17,18.625,11.375,19.0833333333333
"TER-NFSB-T164B",2023-08-18,15.8958333333333,11.5208333333333,15.9583333333333
"TER-NFSB-T164B",2023-08-19,15.125,9.625,15.5625
"TER-NFSB-T164B",2023-08-20,14.8541666666667,7.10416666666667,15.3125
"TER-NFSB-T164B",2023-08-21,14.9583333333333,8.5,14.7916666666667
"TER-NFSB-T164B",2023-08-22,13.4166666666667,12.3125,13.125
"TER-NFSB-T164B",2023-08-23,13.75,10.3333333333333,13.6458333333333
"TER-NFSB-T164B",2023-08-24,13.7083333333333,10.3958333333333,13.7916666666667
"TER-NFSB-T164B",2023-08-25,15.4166666666667,9.16666666666667,16.1666666666667
"TER-NFSB-T164B",2023-08-26,15.8958333333333,11.625,16.2708333333333
"TER-NFSB-T164B",2023-08-27,15.7291666666667,12.0833333333333,15.8125
"TER-NFSB-T164B",2023-08-28,16.2916666666667,12.9166666666667,16.875
"TER-NFSB-T164B",2023-08-29,16.3125,10.5,16.7083333333333
"TER-NFSB-T164B",2023-08-30,15.0208333333333,9.02083333333333,15.0416666666667
"TER-NFSB-T164B",2023-08-31,14.4791666666667,10,15.1458333333333
"TER-NFSB-T164B",2023-09-01,14.75,10.9583333333333,15.7708333333333
"TER-NFSB-T164B",2023-09-02,15.0208333333333,10.2916666666667,15.8333333333333
"TER-NFSB-T164B",2023-09-03,15.1041666666667,7.52083333333333,15.9166666666667
"TER-NFSB-T164B",2023-09-04,15.8541666666667,7.27083333333333,16.1666666666667
"TER-NFSB-T164B",2023-09-05,14.375,11.9166666666667,14.4166666666667
"TER-NFSB-T164B",2023-09-06,14.4791666666667,11.7291666666667,14.4791666666667
"TER-NFSB-T164B",2023-09-07,14.125,12.375,14.0833333333333
"TER-NFSB-T164B",2023-09-08,13.6875,10.4583333333333,13.6458333333333
"TER-NFSB-T164B",2023-09-09,13.4791666666667,11.4166666666667,13.6875
"TER-NFSB-T164B",2023-09-10,12.4166666666667,12.3333333333333,12.75
"TER-NFSB-T164B",2023-09-11,12.5208333333333,12.9583333333333,13.0625
"TER-NFSB-T164B",2023-09-12,14.8958333333333,12.2916666666667,15.7916666666667
"TER-NFSB-T164B",2023-09-13,15.9791666666667,9.16666666666667,16.7708333333333
"TER-NFSB-T164B",2023-09-14,16.6458333333333,7.83333333333333,17.375
"TER-NFSB-T164B",2023-09-15,14.0416666666667,NA,13.6041666666667
"TER-NFSB-T164B",2023-09-16,12.3333333333333,NA,12.3541666666667
"TER-NFSB-T164B",2023-09-17,12.2291666666667,NA,12.3125
"TER-NFSB-T164B",2023-09-18,12.5625,NA,13.0208333333333
"TER-NFSB-T164B",2023-09-19,14.4583333333333,NA,14.9166666666667
"TER-NFSB-T164B",2023-09-20,17.3333333333333,NA,17.8541666666667
"TER-NFSB-T164B",2023-09-21,13.4583333333333,NA,12.9583333333333
"TER-NFSB-T164B",2023-09-22,14.6041666666667,NA,15.0833333333333
"TER-NFSB-T164B",2023-09-23,16,NA,16.2708333333333
"TER-NFSB-T164B",2023-09-24,13.1458333333333,NA,13.2083333333333
"TER-NFSB-T164B",2023-09-25,13.8125,NA,14.0625
"TER-NFSB-T164B",2023-09-26,14.9791666666667,NA,15.25
"TER-NFSB-T164B",2023-09-27,14.9583333333333,NA,15.0625
"TER-NFSB-T164B",2023-09-28,15.1041666666667,NA,15.0833333333333
"TER-NFSB-T164B",2023-09-29,16.9166666666667,NA,17.3125
"TER-NFSB-T164B",2023-09-30,13.9791666666667,NA,13.5833333333333
"TER-NFSB-T164B",2023-10-01,13.3541666666667,NA,12.9583333333333
"TER-NFSB-T164B",2023-10-02,12.3541666666667,NA,11.9166666666667
"TER-NFSB-T164B",2023-10-03,13.1666666666667,NA,13.4166666666667
"TER-NFSB-T164B",2023-10-04,16.75,NA,17.3958333333333
"TER-NFSB-T164B",2023-10-05,16.7916666666667,NA,17.1041666666667
"TER-NFSB-T164B",2023-10-06,14.5833333333333,NA,14.3333333333333
"TER-NFSB-T164B",2023-10-07,12.9166666666667,NA,12.6458333333333
"TER-NFSB-T164B",2023-10-08,13.75,NA,13.7708333333333
"TER-NFSB-T164B",2023-10-09,13.9166666666667,NA,13.9583333333333
"TER-NFSB-T164B",2023-10-10,14.7916666666667,NA,14.9166666666667
"TER-NFSB-T164B",2023-10-11,14.0208333333333,NA,13.8125
"TER-NFSB-T164B",2023-10-12,13.3541666666667,NA,13.25
"TER-NFSB-T164B",2023-10-13,13.0208333333333,NA,12.9375
"TER-NFSB-T164B",2023-10-14,14.25,NA,14.375
"TER-NFSB-T164B",2023-10-15,16.3125,NA,12.9375
"TER-NFSB-T164B",2023-10-16,NA,NA,7.16666666666667
"TER-NFSB-T164B",2023-10-17,NA,NA,6.60416666666667
"TER-NFSB-T164B",2023-10-18,NA,NA,9.95833333333333
"TER-NFSB-T164B",2023-10-19,NA,NA,14.5625
"TER-NFSB-T164B",2023-10-20,NA,NA,15.3958333333333
"TER-NFSB-T164B",2023-10-21,NA,NA,15.5833333333333
"TER-NFSB-T164B",2023-10-22,NA,NA,15.0416666666667
"TER-NFSB-T164B",2023-10-23,NA,NA,13.5625
"TER-NFSB-T164B",2023-10-24,NA,NA,12.6041666666667
"TER-NFSB-T164B",2023-10-25,NA,NA,10.6666666666667
"TER-NFSB-T164B",2023-10-26,NA,NA,NA
"TER-NFSB-T164B",2023-10-27,NA,NA,NA
"TER-NFSB-T164B",2023-10-28,NA,NA,NA
"TER-NFSB-T164B",2023-10-29,NA,NA,NA
"TER-NFSB-T164B",2023-10-30,NA,NA,NA
"TER-NFSB-T164B",2023-10-31,NA,NA,NA
"TER-NFSB-T164B",2023-11-01,NA,NA,NA
"TER-NFSB-T164B",2023-11-02,NA,NA,NA
"TER-NFSB-T164B",2023-11-03,NA,NA,NA
"TER-NFSB-T164B",2023-11-04,NA,NA,NA
"TER-NFSB-T164B",2023-11-05,NA,NA,NA
"TER-NFSB-T164B",2023-11-06,NA,NA,NA
"TER-NFSB-T164B",2023-11-07,NA,NA,NA
"TER-NFSB-T164B",2023-11-08,NA,NA,NA
"TER-NFSB-T164B",2023-11-09,NA,NA,NA
"TER-NFSB-T164B",2023-11-10,NA,NA,NA
"TER-NFSB-T164B",2023-11-11,NA,NA,NA
"TER-NFSB-T164B",2023-11-12,NA,NA,NA
"TER-NFSB-T164B",2023-11-13,NA,NA,NA
"TER-NFSB-T164B",2023-11-14,NA,NA,NA
"TER-NFSB-T164B",2023-11-15,NA,NA,NA
"TER-NFSB-T164B",2023-11-16,NA,NA,NA
"TER-NFSB-T164B",2023-11-17,NA,NA,NA
"TER-NFSB-T164B",2023-11-18,NA,NA,NA
"TER-NFSB-T164B",2023-11-19,NA,NA,NA
"TER-NFSB-T164B",2023-11-20,NA,NA,NA
"TER-NFSB-T164B",2023-11-21,NA,NA,NA
"TER-NFSB-T164B",2023-11-22,NA,NA,NA
"TER-NFSB-T164B",2023-11-23,NA,NA,NA
"TER-NFSB-T164B",2023-11-24,NA,NA,NA
"TER-NFSB-T164B",2023-11-25,NA,NA,NA
"TER-NFSB-T164B",2023-11-26,NA,NA,NA
"TER-NFSB-T164B",2023-11-27,NA,NA,NA
"TER-NFSB-T164B",2023-11-28,NA,NA,NA
"TER-NFSB-T164B",2023-11-29,NA,NA,NA
"TER-NFSB-T164B",2023-11-30,NA,NA,NA
"TER-NFSB-T164B",2023-12-01,NA,NA,NA
"TER-NFSB-T164B",2023-12-02,NA,NA,NA
"TER-NFSB-T164B",2023-12-03,NA,NA,NA
"TER-NFSB-T164B",2023-12-04,NA,NA,NA
"TER-NFSB-T164B",2023-12-05,NA,NA,NA
"TER-NFSB-T164B",2023-12-06,NA,NA,NA
"TER-NFSB-T164B",2023-12-07,NA,NA,NA
"TER-NFSB-T164B",2023-12-08,NA,NA,NA
"TER-NFSB-T164B",2023-12-09,NA,NA,NA
"TER-NFSB-T164B",2023-12-10,NA,NA,NA
"TER-NFSB-T164B",2023-12-11,9.41666666666667,NA,8.41666666666667
"TER-NFSB-T164B",2023-12-12,8.3125,NA,7.125
"TER-NFSB-T164B",2023-12-13,7.9375,NA,6.66666666666667
"TER-NFSB-T164B",2023-12-14,8.27083333333333,NA,7.95833333333333
"TER-NFSB-T164B",2023-12-15,11.5208333333333,NA,13
"TER-NFSB-T164B",2023-12-16,13.4583333333333,NA,14.3958333333333
"TER-NFSB-T164B",2023-12-17,13.75,NA,14.3958333333333
"TER-NFSB-T164B",2023-12-18,12.6458333333333,NA,12.1666666666667
"TER-NFSB-T164B",2023-12-19,9.4375,NA,8.5
"TER-NFSB-T164B",2023-12-20,10.3541666666667,NA,10.2916666666667
"TER-NFSB-T164B",2023-12-21,9.04166666666667,NA,8.4375
"TER-NFSB-T164B",2023-12-22,8.64583333333333,NA,7.64583333333333
"TER-NFSB-T164B",2023-12-23,8.75,NA,8.70833333333333
"TER-NFSB-T164B",2023-12-24,8.95833333333333,NA,9.47916666666667
"TER-NFSB-T164B",2023-12-25,10.3958333333333,NA,11.2708333333333
"TER-NFSB-T164B",2023-12-26,8.9375,NA,8.27083333333333
"TER-NFSB-T164B",2023-12-27,6.45833333333333,NA,5.70833333333333
"TER-NFSB-T164B",2023-12-28,7.16666666666667,NA,7.20833333333333
"TER-NFSB-T164B",2023-12-29,7.66666666666667,NA,7.8125
"TER-NFSB-T164B",2023-12-30,7.10416666666667,NA,6.66666666666667
"TER-NFSB-T164B",2023-12-31,7.3125,NA,8.25
"TER-NFSB-T164B",2024-01-01,10.625,NA,11.8125
"TER-NFSB-T164B",2024-01-02,9.29166666666667,NA,9.04166666666667
"TER-NFSB-T164B",2024-01-03,8.64583333333333,NA,8.75
"TER-NFSB-T164B",2024-01-04,8.89583333333333,NA,9.02083333333333
"TER-NFSB-T164B",2024-01-05,10.0625,NA,10.6875
"TER-NFSB-T164B",2024-01-06,9.66666666666667,NA,9.70833333333333
"TER-NFSB-T164B",2024-01-07,8.97916666666667,NA,8.66666666666667
"TER-NFSB-T164B",2024-01-08,8.52083333333333,NA,8.52083333333333
"TER-NFSB-T164B",2024-01-09,10.4791666666667,NA,11.2708333333333
"TER-NFSB-T164B",2024-01-10,11.4791666666667,NA,11.9375
"TER-NFSB-T164B",2024-01-11,9.89583333333333,NA,9.6875
"TER-NFSB-T164B",2024-01-12,10.0416666666667,NA,10.0833333333333
"TER-NFSB-T164B",2024-01-13,9.72916666666667,NA,9.75
"TER-NFSB-T164B",2024-01-14,8.875,NA,8.39583333333333
"TER-NFSB-T164B",2024-01-15,8.08333333333333,NA,7.58333333333333
"TER-NFSB-T164B",2024-01-16,7.52083333333333,NA,7.375
"TER-NFSB-T164B",2024-01-17,6.64583333333333,NA,6.33333333333333
"TER-NFSB-T164B",2024-01-18,6,NA,5.72916666666667
"TER-NFSB-T164B",2024-01-19,8.89583333333333,NA,10.1666666666667
"TER-NFSB-T164B",2024-01-20,9.125,NA,9.60416666666667
"TER-NFSB-T164B",2024-01-21,11.5,NA,12.5625
"TER-NFSB-T164B",2024-01-22,11.7083333333333,NA,11.9791666666667
"TER-NFSB-T164B",2024-01-23,11.7083333333333,NA,11.9583333333333
"TER-NFSB-T164B",2024-01-24,11.3125,NA,11.0625
"TER-NFSB-T164B",2024-01-25,9.47916666666667,NA,8.25
"TER-NFSB-T164B",2024-01-26,10.625,NA,11.0625
"TER-NFSB-T164B",2024-01-27,10.5208333333333,NA,10.3125
"TER-NFSB-T164B",2024-01-28,6.9375,NA,5.29166666666667
"TER-NFSB-T164B",2024-01-29,8.58333333333333,NA,8.89583333333333
"TER-NFSB-T164B",2024-01-30,9.64583333333333,NA,9.75
"TER-NFSB-T164B",2024-01-31,8.58333333333333,NA,8.33333333333333
"TER-NFSB-T164B",2024-02-01,9.6875,NA,10.4166666666667
"TER-NFSB-T164B",2024-02-02,10.2708333333333,NA,10.9166666666667
"TER-NFSB-T164B",2024-02-03,9.75,NA,9.54166666666667
"TER-NFSB-T164B",2024-02-04,9.91666666666667,NA,10.1666666666667
"TER-NFSB-T164B",2024-02-05,11.4583333333333,NA,12.0833333333333
"TER-NFSB-T164B",2024-02-06,12.1666666666667,NA,12.6666666666667
"TER-NFSB-T164B",2024-02-07,11.0416666666667,NA,10.875
"TER-NFSB-T164B",2024-02-08,9.58333333333333,NA,9.08333333333333
"TER-NFSB-T164B",2024-02-09,8.125,NA,7.52083333333333
"TER-NFSB-T164B",2024-02-10,10.2291666666667,NA,11.125
"TER-NFSB-T164B",2024-02-11,10.7291666666667,NA,11.0208333333333
"TER-NFSB-T164B",2024-02-12,10.3125,NA,10.2291666666667
"TER-NFSB-T164B",2024-02-13,9.66666666666667,NA,9.375
"TER-NFSB-T164B",2024-02-14,8.02083333333333,NA,7.29166666666667
"TER-NFSB-T164B",2024-02-15,10.6041666666667,NA,11.7083333333333
"TER-NFSB-T164B",2024-02-16,12.0625,NA,12.6666666666667
"TER-NFSB-T164B",2024-02-17,10.9583333333333,NA,10.75
"TER-NFSB-T164B",2024-02-18,9.60416666666667,NA,10.0208333333333
"TER-NFSB-T164B",2024-02-19,10.5416666666667,NA,10.9791666666667
"TER-NFSB-T164B",2024-02-20,10.0625,NA,9.95833333333333
"TER-NFSB-T164B",2024-02-21,10.6875,NA,11.25
"TER-NFSB-T164B",2024-02-22,8.02083333333333,NA,6.85416666666667
"TER-NFSB-T164B",2024-02-23,7.39583333333333,NA,7.04166666666667
"TER-NFSB-T164B",2024-02-24,8.33333333333333,NA,9.41666666666667
"TER-NFSB-T164B",2024-02-25,10.1041666666667,NA,10.6458333333333
"TER-NFSB-T164B",2024-02-26,9.1875,NA,8.58333333333333
"TER-NFSB-T164B",2024-02-27,8.5,NA,8.35416666666667
"TER-NFSB-T164B",2024-02-28,8.5,NA,8.875
"TER-NFSB-T164B",2024-02-29,7.60416666666667,NA,6.4375
"TER-NFSB-T164B",2024-03-01,7.1875,NA,6.625
"TER-NFSB-T164B",2024-03-02,6.60416666666667,NA,6.375
"TER-NFSB-T164B",2024-03-03,6.72916666666667,NA,6.79166666666667
"TER-NFSB-T164B",2024-03-04,5.1875,NA,4.89583333333333
"TER-NFSB-T164B",2024-03-05,6.375,NA,6.66666666666667
"TER-NFSB-T164B",2024-03-06,4.85416666666667,NA,4.35416666666667
"TER-NFSB-T164B",2024-03-07,6.625,NA,7.33333333333333
"TER-NFSB-T164B",2024-03-08,7.875,NA,7.9375
"TER-NFSB-T164B",2024-03-09,8.10416666666667,NA,8.47916666666667
"TER-NFSB-T164B",2024-03-10,8.45833333333333,NA,8.77083333333333
"TER-NFSB-T164B",2024-03-11,9.8125,NA,10.3125
"TER-NFSB-T164B",2024-03-12,9.27083333333333,NA,9.39583333333333
"TER-NFSB-T164B",2024-03-13,10.3958333333333,NA,10.8125
"TER-NFSB-T164B",2024-03-14,10.6458333333333,NA,11.1458333333333
"TER-NFSB-T164B",2024-03-15,10.9375,NA,10.9583333333333
"TER-NFSB-T164B",2024-03-16,8.72916666666667,NA,8.20833333333333
"TER-NFSB-T164B",2024-03-17,8.77083333333333,NA,8.83333333333333
"TER-NFSB-T164B",2024-03-18,10.3125,NA,10.6666666666667
"TER-NFSB-T164B",2024-03-19,7.91666666666667,NA,7.14583333333333
"TER-NFSB-T164B",2024-03-20,7.625,7.91666666666667,8.125
"TER-NFSB-T164B",2024-03-21,8.54166666666667,8.75,8.85416666666667
"TER-NFSB-T164B",2024-03-22,9.41666666666667,9.72916666666667,9.91666666666667
"TER-NFSB-T164B",2024-03-23,8.125,7.91666666666667,7.9375
"TER-NFSB-T164B",2024-03-24,7.72916666666667,7.4375,7.41666666666667
"TER-NFSB-T164B",2024-03-25,6.85416666666667,6.35416666666667,6.33333333333333
"TER-NFSB-T164B",2024-03-26,7.89583333333333,7.875,7.91666666666667
"TER-NFSB-T164B",2024-03-27,6.77083333333333,6.64583333333333,6.72916666666667
"TER-NFSB-T164B",2024-03-28,3.16666666666667,2.97916666666667,3.04166666666667
"TER-NFSB-T164B",2024-03-29,6.91666666666667,7.10416666666667,7.16666666666667
"TER-NFSB-T164B",2024-03-30,7.22916666666667,7.08333333333333,7.20833333333333
"TER-NFSB-T164B",2024-03-31,4.97916666666667,4.83333333333333,5.10416666666667
"TER-NFSB-T164B",2024-04-01,8.95833333333333,9.35416666666667,9.5
"TER-NFSB-T164B",2024-04-02,9.54166666666667,9.79166666666667,9.83333333333333
"TER-NFSB-T164B",2024-04-03,10.1041666666667,10.4166666666667,10.5
"TER-NFSB-T164B",2024-04-04,7.25,6.89583333333333,6.9375
"TER-NFSB-T164B",2024-04-05,5.60416666666667,5.375,5.39583333333333
"TER-NFSB-T164B",2024-04-06,6.875,6.95833333333333,7.125
"TER-NFSB-T164B",2024-04-07,10,10.1875,10.2291666666667
"TER-NFSB-T164B",2024-04-08,9.47916666666667,9.875,10.0416666666667
"TER-NFSB-T164B",2024-04-09,11.6666666666667,11.9791666666667,12.125
"TER-NFSB-T164B",2024-04-10,12.1666666666667,12.3541666666667,12.5416666666667
"TER-NFSB-T164B",2024-04-11,11.9166666666667,12.1041666666667,12.1666666666667
"TER-NFSB-T164B",2024-04-12,10.0208333333333,9.625,9.64583333333333
"TER-NFSB-T164B",2024-04-13,10.1666666666667,10.1041666666667,10.1458333333333
"TER-NFSB-T164B",2024-04-14,9.14583333333333,8.97916666666667,9.0625
"TER-NFSB-T164B",2024-04-15,10.5,10.7708333333333,10.9375
"TER-NFSB-T164B",2024-04-16,11.25,11.4166666666667,11.5416666666667
"TER-NFSB-T164B",2024-04-17,11.0208333333333,11.1458333333333,11.2708333333333
"TER-NFSB-T164B",2024-04-18,10.7291666666667,10.6666666666667,10.7083333333333
"TER-NFSB-T164B",2024-04-19,10.125,10,10.0625
"TER-NFSB-T164B",2024-04-20,9.8125,9.79166666666667,9.83333333333333
"TER-NFSB-T164B",2024-04-21,10.6666666666667,10.5833333333333,10.6666666666667
"TER-NFSB-T164B",2024-04-22,10.0833333333333,10.0208333333333,10.1041666666667
"TER-NFSB-T164B",2024-04-23,10.2708333333333,10.1875,10.1875
"TER-NFSB-T164B",2024-04-24,9.41666666666667,9.02083333333333,9.10416666666667
"TER-NFSB-T164B",2024-04-25,9.75,9.75,9.79166666666667
"TER-NFSB-T164B",2024-04-26,7.83333333333333,7.35416666666667,7.35416666666667
"TER-NFSB-T164B",2024-04-27,7.39583333333333,7.04166666666667,7.125
"TER-NFSB-T164B",2024-04-28,7.91666666666667,7.8125,8.08333333333333
"TER-NFSB-T164B",2024-04-29,8.3125,8.52083333333333,8.79166666666667
"TER-NFSB-T164B",2024-04-30,9.02083333333333,9.39583333333333,9.60416666666667
"TER-NFSB-T164B",2024-05-01,10.0833333333333,10.375,10.4583333333333
"TER-NFSB-T164B",2024-05-02,11.7291666666667,11.9583333333333,12.1458333333333
"TER-NFSB-T164B",2024-05-03,11.3958333333333,11.5208333333333,11.625
"TER-NFSB-T164B",2024-05-04,11.7916666666667,11.6875,11.8541666666667
"TER-NFSB-T164B",2024-05-05,11.625,12.0625,12.3958333333333
"TER-NFSB-T164B",2024-05-06,13.1458333333333,13.625,13.6875
"TER-NFSB-T164B",2024-05-07,12.4583333333333,12.5208333333333,12.625
"TER-NFSB-T164B",2024-05-08,11.3333333333333,11.1875,11.3125
"TER-NFSB-T164B",2024-05-09,10.2708333333333,10.375,10.375
"TER-NFSB-T164B",2024-05-10,10.875,11.25,11.4583333333333
"TER-NFSB-T164B",2024-05-11,12.8125,13.5833333333333,13.9791666666667
"TER-NFSB-T164B",2024-05-12,12.4791666666667,12.75,13.125
"TER-NFSB-T164B",2024-05-13,11.3125,11.0416666666667,11.0416666666667
"TER-NFSB-T164B",2024-05-14,8.97916666666667,8.4375,8.47916666666667
"TER-NFSB-T164B",2024-05-15,10.125,10.0416666666667,10.1458333333333
"TER-NFSB-T164B",2024-05-16,10.7916666666667,10.8125,10.8958333333333
"TER-NFSB-T164B",2024-05-17,9.89583333333333,9.45833333333333,9.5
"TER-NFSB-T164B",2024-05-18,8.72916666666667,8.52083333333333,8.6875
"TER-NFSB-T164B",2024-05-19,9.60416666666667,10,10.2083333333333
"TER-NFSB-T164B",2024-05-20,11.6666666666667,12.25,12.3333333333333
"TER-NFSB-T164B",2024-05-21,12.1666666666667,12.6875,12.8333333333333
"TER-NFSB-T164B",2024-05-22,12.9166666666667,13.4166666666667,13.5
"TER-NFSB-T164B",2024-05-23,14.1041666666667,14.5833333333333,14.6875
"TER-NFSB-T164B",2024-05-24,12.3125,12.1875,12.25
"TER-NFSB-T164B",2024-05-25,10.9791666666667,10.8541666666667,11.0833333333333
"TER-NFSB-T164B",2024-05-26,10.3125,10.5833333333333,10.7916666666667
"TER-NFSB-T164B",2024-05-27,11.9166666666667,12.4166666666667,12.5416666666667
"TER-NFSB-T164B",2024-05-28,12.6875,12.9375,13.1458333333333
"TER-NFSB-T164B",2024-05-29,14.5,14.75,14.8125
"TER-NFSB-T164B",2024-05-30,12.9583333333333,12.6041666666667,12.7083333333333
"TER-NFSB-T164B",2024-05-31,12,11.8958333333333,11.9166666666667
"TER-NFSB-T164B",2024-06-01,12.0833333333333,12.0833333333333,12.25
"TER-NFSB-T164B",2024-06-02,12.4583333333333,12.5,12.625
"TER-NFSB-T164B",2024-06-03,12,11.8541666666667,12.0208333333333
"TER-NFSB-T164B",2024-06-04,11.3333333333333,11.2291666666667,11.3541666666667
"TER-NFSB-T164B",2024-06-05,10.625,10.4791666666667,10.5833333333333
"TER-NFSB-T164B",2024-06-06,10.9791666666667,10.7708333333333,10.8125
"TER-NFSB-T164B",2024-06-07,11.6875,11.7916666666667,11.8333333333333
"TER-NFSB-T164B",2024-06-08,11.5416666666667,11.6666666666667,11.75
"TER-NFSB-T164B",2024-06-09,11.8333333333333,12,12.1458333333333
"TER-NFSB-T164B",2024-06-10,11.4583333333333,11.6875,11.8125
"TER-NFSB-T164B",2024-06-11,11.2291666666667,11.6041666666667,11.6666666666667
"TER-NFSB-T164B",2024-06-12,13.0208333333333,14.2291666666667,14.6875
"TER-NFSB-T164B",2024-06-13,14.7083333333333,15.2083333333333,15.3125
"TER-NFSB-T164B",2024-06-14,12.6458333333333,12.5,12.5
"TER-NFSB-T164B",2024-06-15,12.375,13.5833333333333,14.0416666666667
"TER-NFSB-T164B",2024-06-16,14.1666666666667,14.6041666666667,14.6875
"TER-NFSB-T164B",2024-06-17,12.3958333333333,12.2708333333333,12.3541666666667
"TER-NFSB-T164B",2024-06-18,11.6458333333333,11.625,11.7083333333333
"TER-NFSB-T164B",2024-06-19,10.5833333333333,10.7083333333333,10.8958333333333
"TER-NFSB-T164B",2024-06-20,12.2083333333333,12.9166666666667,13.2708333333333
"TER-NFSB-T164B",2024-06-21,12.1458333333333,12.9791666666667,13.3958333333333
"TER-NFSB-T164B",2024-06-22,12.5625,12.9375,13
"TER-NFSB-T164B",2024-06-23,13.9166666666667,14.4166666666667,14.4375
"TER-NFSB-T164B",2024-06-24,14.1041666666667,14.4791666666667,14.5208333333333
"TER-NFSB-T164B",2024-06-25,12.5208333333333,12.7916666666667,12.6458333333333
"TER-NFSB-T164B",2024-06-26,11.9583333333333,13.0416666666667,13.5
"TER-NFSB-T164B",2024-06-27,14.1041666666667,15.0625,15.25
"TER-NFSB-T164B",2024-06-28,13.75,14.7291666666667,15.0208333333333
"TER-NFSB-T164B",2024-06-29,14,14.8541666666667,14.9791666666667
"TER-NFSB-T164B",2024-06-30,13.2708333333333,14.0208333333333,14.125
"TER-NFSB-T164B",2024-07-01,13.4583333333333,14.5416666666667,14.8958333333333
"TER-NFSB-T164B",2024-07-02,14.5416666666667,16.0416666666667,16.4375
"TER-NFSB-T164B",2024-07-03,14,14.7291666666667,14.9791666666667
"TER-NFSB-T164B",2024-07-04,13.75,14.3541666666667,14.75
"TER-NFSB-T164B",2024-07-05,13.5,14.4166666666667,14.9791666666667
"TER-NFSB-T164B",2024-07-06,15.1458333333333,15.875,16.1875
"TER-NFSB-T164B",2024-07-07,16.2291666666667,16.6666666666667,16.8333333333333
"TER-NFSB-T164B",2024-07-08,17.0625,17.5416666666667,17.6666666666667
"TER-NFSB-T164B",2024-07-09,17.8125,18.125,18.1875
"TER-NFSB-T164B",2024-07-10,15.25,15.25,15.2916666666667
"TER-NFSB-T164B",2024-07-11,14.6458333333333,14.625,14.6666666666667
"TER-NFSB-T164B",2024-07-12,15.9583333333333,16.25,16.3333333333333
"TER-NFSB-T164B",2024-07-13,15.0625,15.0833333333333,15.1458333333333
"TER-NFSB-T164B",2024-07-14,13.8125,14.1458333333333,14.3333333333333
"TER-NFSB-T164B",2024-07-15,16.0625,16.5208333333333,16.625
"TER-NFSB-T164B",2024-07-16,17.1666666666667,17.625,17.7083333333333
"TER-NFSB-T164B",2024-07-17,16.0208333333333,16.125,16.2083333333333
"TER-NFSB-T164B",2024-07-18,14.4791666666667,14.4791666666667,14.4791666666667
"TER-NFSB-T164B",2024-07-19,14.75,15.7708333333333,16.2083333333333
"TER-NFSB-T164B",2024-07-20,17.1458333333333,18.0208333333333,18.4166666666667
"TER-NFSB-T164B",2024-07-21,17.0416666666667,17.7291666666667,18.1458333333333
"TER-NFSB-T164B",2024-07-22,15.875,16.375,16.5625
"TER-NFSB-T164B",2024-07-23,15.625,16.2916666666667,16.5208333333333
"TER-NFSB-T164B",2024-07-24,15.0625,15.6875,16.0208333333333
"TER-NFSB-T164B",2024-07-25,15.9375,17.25,17.75
"TER-NFSB-T164B",2024-07-26,17.6458333333333,18.1458333333333,18.3333333333333
"TER-NFSB-T164B",2024-07-27,16.9166666666667,17.3958333333333,17.5625
"TER-NFSB-T164B",2024-07-28,17.5,18,18.3958333333333
"TER-NFSB-T164B",2024-07-29,18.4375,19.1875,19.3333333333333
"TER-NFSB-T164B",2024-07-30,17.1666666666667,17.5,17.6041666666667
"TER-NFSB-T164B",2024-07-31,16.125,16.3958333333333,16.25
"TER-NFSB-T164B",2024-08-01,16.4166666666667,17.3333333333333,17.6041666666667
"TER-NFSB-T164B",2024-08-02,16.2291666666667,16.7916666666667,17.125
"TER-NFSB-T164B",2024-08-03,15.9375,16.6875,17.0208333333333
"TER-NFSB-T164B",2024-08-04,17.3541666666667,18.1666666666667,18.5208333333333
"TER-NFSB-T164B",2024-08-05,18.0625,18.75,19
"TER-NFSB-T164B",2024-08-06,17.3333333333333,17.6875,17.7916666666667
"TER-NFSB-T164B",2024-08-07,15.9166666666667,16.25,16.3541666666667
"TER-NFSB-T164B",2024-08-08,15.6666666666667,16.4791666666667,16.7291666666667
"TER-NFSB-T164B",2024-08-09,15.5208333333333,16.2291666666667,16.5625
"TER-NFSB-T164B",2024-08-10,16.7291666666667,17.1458333333333,17.25
"TER-NFSB-T164B",2024-08-11,15.25,15.2291666666667,15.25
"TER-NFSB-T164B",2024-08-12,14.9166666666667,15.3333333333333,15.5416666666667
"TER-NFSB-T164B",2024-08-13,17.9375,18.7083333333333,18.9791666666667
"TER-NFSB-T164B",2024-08-14,17.5208333333333,18.7291666666667,19.1875
"TER-NFSB-T164B",2024-08-15,16.9375,17.8958333333333,18.2291666666667
"TER-NFSB-T164B",2024-08-16,17.3333333333333,18.3333333333333,18.6666666666667
"TER-NFSB-T164B",2024-08-17,16.6666666666667,17.4791666666667,17.8541666666667
"TER-NFSB-T164B",2024-08-18,15.9375,16.6666666666667,17.0416666666667
"TER-NFSB-T164B",2024-08-19,17.3541666666667,18.5,18.9375
"TER-NFSB-T164B",2024-08-20,16.6875,17.3333333333333,17.4166666666667
"TER-NFSB-T164B",2024-08-21,16.1875,16.8125,16.875
"TER-NFSB-T164B",2024-08-22,16.625,18.1458333333333,18.7708333333333
"TER-NFSB-T164B",2024-08-23,18.75,19.3333333333333,19.4583333333333
"TER-NFSB-T164B",2024-08-24,16.375,16.3958333333333,16.4791666666667
"TER-NFSB-T164B",2024-08-25,15.6041666666667,16.2083333333333,16.6875
"TER-NFSB-T164B",2024-08-26,17.75,18.3125,18.4166666666667
"TER-NFSB-T164B",2024-08-27,15.9791666666667,16.2708333333333,16.2916666666667
"TER-NFSB-T164B",2024-08-28,15.7083333333333,16.0625,16.3333333333333
"TER-NFSB-T164B",2024-08-29,15.2083333333333,15.5208333333333,15.8125
"TER-NFSB-T164B",2024-08-30,16.6875,17.3541666666667,17.625
"TER-NFSB-T164B",2024-08-31,17.4791666666667,17.9375,18.1875
"TER-NFSB-T164B",2024-09-01,15.4791666666667,15.3125,15.3333333333333
"TER-NFSB-T164B",2024-09-02,14.5416666666667,14.3541666666667,14.4166666666667
"TER-NFSB-T164B",2024-09-03,14.25,14.6041666666667,14.6875
"TER-NFSB-T164B",2024-09-04,14.3125,14.6458333333333,14.8541666666667
"TER-NFSB-T164B",2024-09-05,14.2291666666667,14.75,14.9375
"TER-NFSB-T164B",2024-09-06,13.6041666666667,13.8958333333333,14.0833333333333
"TER-NFSB-T164B",2024-09-07,13.8958333333333,14.4375,14.5416666666667
"TER-NFSB-T164B",2024-09-08,14.75,15.2291666666667,15.375
"TER-NFSB-T164B",2024-09-09,13.9166666666667,14.0625,14.1458333333333
"TER-NFSB-T164B",2024-09-10,14.8125,15.1875,15.2916666666667
"TER-NFSB-T164B",2024-09-11,14.9791666666667,15.1041666666667,15.25
"TER-NFSB-T164B",2024-09-12,15.25,15.625,16.0208333333333
"TER-NFSB-T164B",2024-09-13,14.875,15.3958333333333,15.7083333333333
"TER-NFSB-T164B",2024-09-14,14.5625,14.9375,15.2291666666667
"TER-NFSB-T164B",2024-09-15,14.6666666666667,15.1875,15.5625
"TER-NFSB-T164B",2024-09-16,15.3541666666667,15.5833333333333,15.6875
"TER-NFSB-T164B",2024-09-17,15.4583333333333,15.6458333333333,15.6666666666667
"TER-NFSB-T164B",2024-09-18,14.1875,14.2291666666667,14.2291666666667
"TER-NFSB-T164B",2024-09-19,13.3541666666667,13.5833333333333,13.6458333333333
"TER-NFSB-T164B",2024-09-20,13.9583333333333,14.0625,14.25
"TER-NFSB-T164B",2024-09-21,12.8125,13.375,13.6041666666667
"TER-NFSB-T164B",2024-09-22,15.2708333333333,15.8541666666667,15.9583333333333
"TER-NFSB-T164B",2024-09-23,16.2083333333333,16.9791666666667,17.1666666666667
"TER-NFSB-T164B",2024-09-24,17.7083333333333,18.1666666666667,18.2916666666667
"TER-NFSB-T164B",2024-09-25,17.7291666666667,17.7916666666667,17.875
"TER-NFSB-T164B",2024-09-26,14.5625,14.4375,14.4375
"TER-NFSB-T164B",2024-09-27,16.4791666666667,16.625,16.7708333333333
"TER-NFSB-T164B",2024-09-28,17.0625,17.2291666666667,17.2708333333333
"TER-NFSB-T164B",2024-09-29,18.1041666666667,18.3958333333333,18.4791666666667
"TER-NFSB-T164B",2024-09-30,18.5208333333333,18.625,18.7291666666667
"TER-NFSB-T164B",2024-10-01,18.9791666666667,19.125,19.2916666666667
"TER-NFSB-T164B",2024-10-02,18.8958333333333,18.9791666666667,19.0416666666667
"TER-NFSB-T164B",2024-10-03,18.6458333333333,18.6458333333333,18.7291666666667
"TER-NFSB-T164B",2024-10-04,18.3541666666667,18.3125,18.375
"TER-NFSB-T164B",2024-10-05,15.2291666666667,15.125,15.2083333333333
"TER-NFSB-T164B",2024-10-06,11.7291666666667,11.625,11.7083333333333
"TER-NFSB-T164B",2024-10-07,13.7916666666667,14.0833333333333,14.125
"TER-NFSB-T164B",2024-10-08,16.125,16.1458333333333,16.2916666666667
"TER-NFSB-T164B",2024-10-09,15.1458333333333,15.5,15.5416666666667
"TER-NFSB-T164B",2024-10-10,15.0208333333333,14.8125,14.9375
"TER-NFSB-T164B",2024-10-11,10.5625,10.4166666666667,10.4791666666667
"TER-NFSB-T164B",2024-10-12,12.3125,12.625,12.8541666666667
"TER-NFSB-T164B",2024-10-13,16.3125,16.8125,16.875
"TER-NFSB-T164B",2024-10-14,14.6041666666667,14.7291666666667,14.7291666666667
"TER-NFSB-T164B",2024-10-15,12.1458333333333,12.125,12.1666666666667
"TER-NFSB-T164B",2024-10-16,10.9166666666667,11.0208333333333,11.0416666666667
"TER-NFSB-T164B",2024-10-17,11.3333333333333,11.4375,11.5208333333333
"TER-NFSB-T164B",2024-10-18,13.625,14.0208333333333,14.1458333333333
"TER-NFSB-T164B",2024-10-19,15.4583333333333,15.6666666666667,15.7916666666667
"TER-NFSB-T164B",2024-10-20,11.125,10.7083333333333,10.7708333333333
"TER-NFSB-T164B",2024-10-21,9.1875,9.0625,9.02083333333333
"TER-NFSB-T164B",2024-10-22,11.375,11.6458333333333,11.7916666666667
"TER-NFSB-T164B",2024-10-23,14.5208333333333,14.9583333333333,15.1041666666667
"TER-NFSB-T164B",2024-10-24,10.2291666666667,9.625,9.52083333333333
"TER-NFSB-T164B",2024-10-25,9.75,9.64583333333333,9.77083333333333
"TER-NFSB-T164B",2024-10-26,10.0416666666667,10.1041666666667,10.2708333333333
"TER-NFSB-T164B",2024-10-27,10.5625,10.7291666666667,10.9166666666667
"TER-NFSB-T164B",2024-10-28,10.3541666666667,10.5625,10.7083333333333
"TER-NFSB-T164B",2024-10-29,11.7291666666667,12.0208333333333,12.1041666666667
"TER-NFSB-T164B",2024-10-30,12.75,13.0416666666667,13.1666666666667
"TER-NFSB-T164B",2024-10-31,13.5,14,14.0833333333333
"TER-NFSB-T164B",2024-11-01,15.1875,15.6666666666667,15.7291666666667
"TER-NFSB-T164B",2024-11-02,13.6458333333333,13.625,13.7083333333333
"TER-NFSB-T164B",2024-11-03,12.9583333333333,12.9375,13
"TER-NFSB-T164B",2024-11-04,12.6875,12.7291666666667,12.7083333333333
"TER-NFSB-T164B",2024-11-05,13.5,13.6458333333333,13.75
"TER-NFSB-T164B",2024-11-06,9.22916666666667,8.70833333333333,8.6875
"TER-NFSB-T164B",2024-11-07,9.39583333333333,9.375,9.47916666666667
"TER-NFSB-T164B",2024-11-08,13.6666666666667,14.1041666666667,14.1875
"TER-NFSB-T164B",2024-11-09,14.4583333333333,14.6458333333333,14.7291666666667
"TER-NFSB-T164B",2024-11-10,13.7708333333333,13.9166666666667,13.9583333333333
"TER-NFSB-T164B",2024-11-11,14.125,14.6041666666667,14.7916666666667
"TER-NFSB-T164B",2024-11-12,14.8125,15.3125,15.4791666666667
"TER-NFSB-T164B",2024-11-13,13.3333333333333,13.2708333333333,13.3333333333333
"TER-NFSB-T164B",2024-11-14,10.9583333333333,10.3541666666667,10.2916666666667
"TER-NFSB-T164B",2024-11-15,10.375,9.79166666666667,9.77083333333333
"TER-NFSB-T164B",2024-11-16,10.4583333333333,10.1875,10.2291666666667
"TER-NFSB-T164B",2024-11-17,11.0833333333333,11,11.0208333333333
"TER-NFSB-T164B",2024-11-18,11.75,11.75,11.7708333333333
"TER-NFSB-T164B",2024-11-19,11.7083333333333,11.6875,11.75
"TER-NFSB-T164B",2024-11-20,11.7291666666667,11.8125,11.8541666666667
"TER-NFSB-T164B",2024-11-21,12.4791666666667,12.5416666666667,12.6041666666667
"TER-NFSB-T164B",2024-11-22,14.1666666666667,14.4583333333333,14.5416666666667
"TER-NFSB-T164B",2024-11-23,12.3541666666667,12.1666666666667,12.2083333333333
"TER-NFSB-T164B",2024-11-24,7.875,7.375,7.375
"TER-NFSB-T164B",2024-11-25,10.3958333333333,10.625,10.7708333333333
"TER-NFSB-T164B",2024-11-26,12.9791666666667,13.3541666666667,13.4791666666667
"TER-NFSB-T164B",2024-11-27,11.7291666666667,11.7083333333333,11.7708333333333
"TER-NFSB-T164B",2024-11-28,10.375,10.2916666666667,10.3125
"TER-NFSB-T164B",2024-11-29,10.3125,10.2291666666667,10.2916666666667
"TER-NFSB-T164B",2024-11-30,8.625,8.625,8.66666666666667
"TER-NFSB-T164B",2024-12-01,10.5416666666667,10.7291666666667,10.8958333333333
"TER-NFSB-T164B",2024-12-02,11.6666666666667,11.7916666666667,11.9375
"TER-NFSB-T164B",2024-12-03,10.6666666666667,10.625,10.7083333333333
"TER-NFSB-T164B",2024-12-04,11.125,11.2916666666667,11.5
"TER-NFSB-T164B",2024-12-05,11.6041666666667,11.6666666666667,11.7708333333333
"TER-NFSB-T164B",2024-12-06,12.2916666666667,12.4166666666667,12.4791666666667
"TER-NFSB-T164B",2024-12-07,12.1041666666667,12.0833333333333,12.2708333333333
"TER-NFSB-T164B",2024-12-08,12.0833333333333,12.0625,12.1666666666667
"TER-NFSB-T164B",2024-12-09,10.6458333333333,10.4791666666667,10.5625
"TER-NFSB-T164B",2024-12-10,10.0833333333333,10,10.0625
"TER-NFSB-T164B",2024-12-11,11.1458333333333,11.1875,11.3125
"TER-NFSB-T164B",2024-12-12,9.125,8.83333333333333,8.85416666666667
"TER-NFSB-T164B",2024-12-13,8.41666666666667,7.83333333333333,7.875
"TER-NFSB-T164B",2024-12-14,7.79166666666667,7.41666666666667,7.3125
"TER-NFSB-T164B",2024-12-15,9.625,9.75,9.8125
"TER-NFSB-T164B",2024-12-16,10.5833333333333,10.5833333333333,10.7291666666667
"TER-NFSB-T164B",2024-12-17,9.33333333333333,9.33333333333333,9.375
"TER-NFSB-T164B",2024-12-18,8.625,8.5,8.54166666666667
"TER-NFSB-T164B",2024-12-19,7.64583333333333,7.4375,7.4375
"TER-NFSB-T164B",2024-12-20,6.5,6.4375,6.47916666666667
"TER-NFSB-T164B",2024-12-21,7.75,7.79166666666667,7.83333333333333
"TER-NFSB-T164B",2024-12-22,8.47916666666667,8.52083333333333,8.58333333333333
"TER-NFSB-T164B",2024-12-23,8.75,8.72916666666667,8.83333333333333
"TER-NFSB-T164B",2024-12-24,8.04166666666667,8.04166666666667,8.04166666666667
"TER-NFSB-T164B",2024-12-25,8.6875,8.72916666666667,8.8125
"TER-NFSB-T164B",2024-12-26,9.35416666666667,9.41666666666667,9.5625
"TER-NFSB-T164B",2024-12-27,10.4791666666667,10.8125,10.8958333333333
"TER-NFSB-T164B",2024-12-28,9.72916666666667,9.6875,9.79166666666667
"TER-NFSB-T164B",2024-12-29,9.77083333333333,9.8125,9.83333333333333
"TER-NFSB-T164B",2024-12-30,10.3125,10.375,10.4375
"TER-NFSB-T164B",2024-12-31,11.7291666666667,12.0208333333333,12.1666666666667
"TER-NFSB-T164B",2025-01-01,12.8958333333333,13.2083333333333,13.3541666666667
"TER-NFSB-T164B",2025-01-02,13.125,13.4375,13.5
"TER-NFSB-T164B",2025-01-03,12.9375,13.1041666666667,13.1875
"TER-NFSB-T164B",2025-01-04,NA,NA,NA
"TER-NFSB-T164B",2025-01-05,NA,NA,NA
"TER-NFSB-T164B",2025-01-06,NA,NA,NA
"TER-NFSB-T164B",2025-01-07,NA,NA,NA
"TER-NFSB-T164B",2025-01-08,NA,NA,NA
"TER-NFSB-T164B",2025-01-09,NA,NA,NA
"TER-NFSB-T164B",2025-01-10,NA,NA,NA
"TER-NFSB-T164B",2025-01-11,NA,NA,NA
"TER-NFSB-T164B",2025-01-12,NA,NA,NA
"TER-NFSB-T164B",2025-01-13,NA,NA,NA
"TER-NFSB-T164B",2025-01-14,NA,NA,NA
"TER-NFSB-T164B",2025-01-15,NA,NA,NA
"TER-NFSB-T164B",2025-01-16,NA,NA,NA
"TER-NFSB-T164B",2025-01-17,NA,NA,NA
"TER-NFSB-T164B",2025-01-18,NA,NA,NA
"TER-NFSB-T164B",2025-01-19,NA,NA,NA
"TER-NFSB-T164B",2025-01-20,NA,NA,NA
"TER-NFSB-T164B",2025-01-21,NA,NA,NA
"TER-NFSB-T164B",2025-01-22,NA,NA,NA
"TER-NFSB-T164B",2025-01-23,NA,NA,NA
"TER-NFSB-T164B",2025-01-24,NA,NA,NA
"TER-NFSB-T164B",2025-01-25,NA,NA,NA
"TER-NFSB-T164B",2025-01-26,NA,NA,NA
"TER-NFSB-T164B",2025-01-27,NA,NA,NA
"TER-NFSB-T164B",2025-01-28,NA,NA,NA
"TER-NFSB-T164B",2025-01-29,NA,NA,NA
"TER-NFSB-T164B",2025-01-30,NA,NA,NA
"TER-NFSB-T164B",2025-01-31,NA,NA,NA
"TER-NFSB-T164B",2025-02-01,NA,NA,NA
"TER-NFSB-T164B",2025-02-02,NA,NA,NA
"TER-NFSB-T164B",2025-02-03,NA,NA,NA
"TER-NFSB-T164B",2025-02-04,NA,NA,NA
"TER-NFSB-T164B",2025-02-05,NA,NA,NA
"TER-NFSB-T164B",2025-02-06,NA,NA,NA
"TER-NFSB-T164B",2025-02-07,NA,NA,NA
"TER-NFSB-T164B",2025-02-08,NA,NA,NA
"TER-NFSB-T164B",2025-02-09,NA,NA,NA
"TER-NFSB-T164B",2025-02-10,NA,NA,NA
"TER-NFSB-T164B",2025-02-11,NA,NA,NA
"TER-NFSB-T164B",2025-02-12,NA,NA,NA
"TER-NFSB-T164B",2025-02-13,NA,NA,NA
"TER-NFSB-T164B",2025-02-14,NA,NA,NA
"TER-NFSB-T164B",2025-02-15,NA,NA,NA
"TER-NFSB-T164B",2025-02-16,NA,NA,NA
"TER-NFSB-T164B",2025-02-17,NA,NA,NA
"TER-NFSB-T164B",2025-02-18,NA,NA,NA
"TER-NFSB-T164B",2025-02-19,NA,NA,NA
"TER-NFSB-T164B",2025-02-20,NA,NA,NA
"TER-NFSB-T164B",2025-02-21,NA,NA,NA
"TER-NFSB-T164B",2025-02-22,NA,NA,NA
"TER-NFSB-T164B",2025-02-23,NA,NA,NA
"TER-NFSB-T164B",2025-02-24,NA,NA,NA
"TER-NFSB-T164B",2025-02-25,NA,NA,NA
"TER-NFSB-T164B",2025-02-26,NA,NA,NA
"TER-NFSB-T164B",2025-02-27,NA,NA,NA
"TER-NFSB-T164B",2025-02-28,NA,NA,NA
"TER-NFSB-T164B",2025-03-01,NA,NA,NA
"TER-NFSB-T164B",2025-03-02,NA,NA,NA
"TER-NFSB-T164B",2025-03-03,NA,NA,NA
"TER-NFSB-T164B",2025-03-04,NA,NA,NA
"TER-NFSB-T164B",2025-03-05,NA,NA,NA
"TER-NFSB-T164B",2025-03-06,NA,NA,NA
"TER-NFSB-T164B",2025-03-07,NA,NA,NA
"TER-NFSB-T164B",2025-03-08,NA,NA,NA
"TER-NFSB-T164B",2025-03-09,NA,NA,NA
"TER-NFSB-T164B",2025-03-10,NA,NA,NA
"TER-NFSB-T164B",2025-03-11,NA,NA,NA
"TER-NFSB-T164B",2025-03-12,NA,NA,NA
"TER-NFSB-T164B",2025-03-13,NA,NA,NA
"TER-NFSB-T164B",2025-03-14,NA,NA,NA
"TER-NFSB-T164B",2025-03-15,NA,NA,NA
"TER-NFSB-T164B",2025-03-16,NA,NA,NA
"TER-NFSB-T164B",2025-03-17,NA,NA,NA
"TER-NFSB-T164B",2025-03-18,NA,NA,NA
"TER-NFSB-T164B",2025-03-19,NA,NA,NA
"TER-NFSB-T164B",2025-03-20,NA,NA,NA
"TER-NFSB-T164B",2025-03-21,NA,NA,NA
"TER-NFSB-T164B",2025-03-22,NA,NA,NA
"TER-NFSB-T164B",2025-03-23,NA,NA,NA
"TER-NFSB-T164B",2025-03-24,NA,NA,NA
"TER-NFSB-T164B",2025-03-25,NA,NA,NA
"TER-NFSB-T164B",2025-03-26,NA,NA,NA
"TER-NFSB-T164B",2025-03-27,NA,NA,NA
"TER-NFSB-T164B",2025-03-28,NA,NA,NA
"TER-NFSB-T164B",2025-03-29,NA,NA,NA
"TER-NFSB-T164B",2025-03-30,NA,NA,NA
"TER-NFSB-T164B",2025-03-31,NA,NA,NA
"TER-NFSB-T164B",2025-04-01,NA,NA,NA
"TER-NFSB-T164B",2025-04-02,NA,NA,NA
"TER-NFSB-T164B",2025-04-03,NA,NA,NA
"TER-NFSB-T164B",2025-04-04,NA,NA,NA
"TER-NFSB-T164B",2025-04-05,NA,NA,NA
"TER-NFSB-T164B",2025-04-06,NA,NA,NA
"TER-NFSB-T164B",2025-04-07,NA,NA,NA
"TER-NFSB-T164B",2025-04-08,NA,NA,NA
"TER-NFSB-T164B",2025-04-09,NA,NA,NA
"TER-NFSB-T164B",2025-04-10,NA,NA,NA
"TER-NFSB-T164B",2025-04-11,NA,NA,NA
"TER-NFSB-T164B",2025-04-12,NA,NA,NA
"TER-NFSB-T164B",2025-04-13,NA,NA,NA
"TER-NFSB-T164B",2025-04-14,NA,NA,NA
"TER-NFSB-T164B",2025-04-15,NA,NA,NA
"TER-NFSB-T164B",2025-04-16,NA,NA,NA
"TER-NFSB-T164B",2025-04-17,NA,NA,NA
"TER-NFSB-T164B",2025-04-18,NA,NA,NA
"TER-NFSB-T164B",2025-04-19,NA,NA,NA
"TER-NFSB-T164B",2025-04-20,NA,NA,NA
"TER-NFSB-T164B",2025-04-21,NA,NA,NA
"TER-NFSB-T164B",2025-04-22,NA,NA,NA
"TER-NFSB-T164B",2025-04-23,NA,NA,NA
"TER-NFSB-T164B",2025-04-24,NA,NA,NA
"TER-NFSB-T164B",2025-04-25,NA,NA,NA
"TER-NFSB-T164B",2025-04-26,NA,NA,NA
"TER-NFSB-T164B",2025-04-27,NA,NA,NA
"TER-NFSB-T164B",2025-04-28,NA,NA,NA
"TER-NFSB-T164B",2025-04-29,NA,NA,NA
"TER-NFSB-T164B",2025-04-30,NA,NA,NA
"TER-NFSB-T164B",2025-05-01,NA,NA,NA
"TER-NFSB-T164B",2025-05-02,NA,NA,NA
"TER-NFSB-T164B",2025-05-03,NA,NA,NA
"TER-NFSB-T164B",2025-05-04,NA,NA,NA
"TER-NFSB-T164B",2025-05-05,NA,NA,NA
"TER-NFSB-T164B",2025-05-06,NA,NA,NA
"TER-NFSB-T164B",2025-05-07,NA,NA,NA
"TER-NFSB-T164B",2025-05-08,NA,NA,NA
"TER-NFSB-T164B",2025-05-09,NA,NA,NA
"TER-NFSB-T164B",2025-05-10,NA,NA,NA
"TER-NFSB-T164B",2025-05-11,NA,NA,NA
"TER-NFSB-T164B",2025-05-12,NA,NA,NA
"TER-NFSB-T164B",2025-05-13,NA,NA,NA
"TER-NFSB-T164B",2025-05-14,NA,NA,NA
"TER-NFSB-T164B",2025-05-15,NA,NA,NA
"TER-NFSB-T164B",2025-05-16,NA,NA,NA
"TER-NFSB-T164B",2025-05-17,NA,NA,NA
"TER-NFSB-T164B",2025-05-18,NA,NA,NA
"TER-NFSB-T164B",2025-05-19,NA,NA,NA
"TER-NFSB-T164B",2025-05-20,NA,NA,NA
"TER-NFSB-T164B",2025-05-21,NA,NA,NA
"TER-NFSB-T164B",2025-05-22,NA,NA,NA
"TER-NFSB-T164B",2025-05-23,NA,NA,NA
"TER-NFSB-T164B",2025-05-24,NA,NA,NA
"TER-NFSB-T164B",2025-05-25,NA,NA,NA
"TER-NFSB-T164B",2025-05-26,NA,NA,NA
"TER-NFSB-T164B",2025-05-27,NA,NA,NA
"TER-NFSB-T164B",2025-05-28,NA,NA,NA
"TER-NFSB-T164B",2025-05-29,NA,NA,NA
"TER-NFSB-T164B",2025-05-30,NA,NA,NA
"TER-NFSB-T164B",2025-05-31,NA,NA,NA
"TER-NFSB-T164B",2025-06-01,NA,NA,NA
"TER-NFSB-T164B",2025-06-02,NA,NA,NA
"TER-NFSB-T164B",2025-06-03,NA,NA,NA
"TER-NFSB-T164B",2025-06-04,NA,NA,NA
"TER-NFSB-T164B",2025-06-05,NA,NA,NA
"TER-NFSB-T164B",2025-06-06,NA,NA,NA
"TER-NFSB-T164B",2025-06-07,NA,NA,NA
"TER-NFSB-T164B",2025-06-08,NA,NA,NA
"TER-NFSB-T164B",2025-06-09,NA,NA,NA
"TER-NFSB-T164B",2025-06-10,NA,NA,NA
"TER-NFSB-T164B",2025-06-11,NA,NA,NA
"TER-NFSB-T164B",2025-06-12,NA,NA,NA
"TER-NFSB-TE48",2023-08-09,NA,NA,NA
"TER-NFSB-TE48",2023-08-10,NA,NA,NA
"TER-NFSB-TE48",2023-08-11,NA,NA,NA
"TER-NFSB-TE48",2023-08-12,NA,NA,NA
"TER-NFSB-TE48",2023-08-13,NA,NA,NA
"TER-NFSB-TE48",2023-08-14,NA,NA,NA
"TER-NFSB-TE48",2023-08-15,NA,NA,NA
"TER-NFSB-TE48",2023-08-16,NA,NA,NA
"TER-NFSB-TE48",2023-08-17,NA,NA,NA
"TER-NFSB-TE48",2023-08-18,NA,NA,NA
"TER-NFSB-TE48",2023-08-19,NA,NA,NA
"TER-NFSB-TE48",2023-08-20,NA,NA,NA
"TER-NFSB-TE48",2023-08-21,NA,NA,NA
"TER-NFSB-TE48",2023-08-22,NA,NA,NA
"TER-NFSB-TE48",2023-08-23,NA,NA,NA
"TER-NFSB-TE48",2023-08-24,NA,NA,NA
"TER-NFSB-TE48",2023-08-25,NA,NA,NA
"TER-NFSB-TE48",2023-08-26,NA,NA,NA
"TER-NFSB-TE48",2023-08-27,NA,NA,NA
"TER-NFSB-TE48",2023-08-28,NA,NA,NA
"TER-NFSB-TE48",2023-08-29,NA,NA,NA
"TER-NFSB-TE48",2023-08-30,NA,NA,NA
"TER-NFSB-TE48",2023-08-31,NA,NA,NA
"TER-NFSB-TE48",2023-09-01,NA,NA,NA
"TER-NFSB-TE48",2023-09-02,NA,NA,NA
"TER-NFSB-TE48",2023-09-03,NA,NA,NA
"TER-NFSB-TE48",2023-09-04,NA,NA,NA
"TER-NFSB-TE48",2023-09-05,NA,NA,NA
"TER-NFSB-TE48",2023-09-06,NA,NA,NA
"TER-NFSB-TE48",2023-09-07,NA,NA,NA
"TER-NFSB-TE48",2023-09-08,NA,NA,NA
"TER-NFSB-TE48",2023-09-09,NA,NA,NA
"TER-NFSB-TE48",2023-09-10,NA,NA,NA
"TER-NFSB-TE48",2023-09-11,NA,NA,NA
"TER-NFSB-TE48",2023-09-12,16.3958333333333,17,17.6041666666667
"TER-NFSB-TE48",2023-09-13,18.3541666666667,18.875,19.4375
"TER-NFSB-TE48",2023-09-14,18.375,18.4791666666667,18.7708333333333
"TER-NFSB-TE48",2023-09-15,14.9166666666667,14.8125,14.9583333333333
"TER-NFSB-TE48",2023-09-16,13.375,13.7291666666667,14.1458333333333
"TER-NFSB-TE48",2023-09-17,13.8333333333333,13.9375,14.1875
"TER-NFSB-TE48",2023-09-18,14.1666666666667,14.25,14.6458333333333
"TER-NFSB-TE48",2023-09-19,16.2291666666667,16.375,16.5208333333333
"TER-NFSB-TE48",2023-09-20,18.8125,18.7916666666667,18.8541666666667
"TER-NFSB-TE48",2023-09-21,13.9583333333333,13.6041666666667,13.8541666666667
"TER-NFSB-TE48",2023-09-22,15.625,16.2708333333333,16.8333333333333
"TER-NFSB-TE48",2023-09-23,17.75,17.7708333333333,17.9791666666667
"TER-NFSB-TE48",2023-09-24,14.5416666666667,14.5,14.7083333333333
"TER-NFSB-TE48",2023-09-25,15.3541666666667,15.4791666666667,15.7708333333333
"TER-NFSB-TE48",2023-09-26,16.2708333333333,16.2708333333333,16.4791666666667
"TER-NFSB-TE48",2023-09-27,16.3541666666667,16.1666666666667,16.3125
"TER-NFSB-TE48",2023-09-28,16.8333333333333,16.1041666666667,16.2708333333333
"TER-NFSB-TE48",2023-09-29,NA,18.2708333333333,18.4375
"TER-NFSB-TE48",2023-09-30,NA,15.1458333333333,15.375
"TER-NFSB-TE48",2023-10-01,NA,14.1666666666667,14.3958333333333
"TER-NFSB-TE48",2023-10-02,NA,13.2916666666667,13.6666666666667
"TER-NFSB-TE48",2023-10-03,NA,14.8541666666667,15.2708333333333
"TER-NFSB-TE48",2023-10-04,NA,18,18.2291666666667
"TER-NFSB-TE48",2023-10-05,NA,17.7083333333333,17.875
"TER-NFSB-TE48",2023-10-06,NA,15.3541666666667,15.5416666666667
"TER-NFSB-TE48",2023-10-07,NA,13.6666666666667,13.875
"TER-NFSB-TE48",2023-10-08,NA,14.5625,14.7708333333333
"TER-NFSB-TE48",2023-10-09,NA,14.7708333333333,14.9375
"TER-NFSB-TE48",2023-10-10,NA,15.8541666666667,16.0208333333333
"TER-NFSB-TE48",2023-10-11,NA,15.4583333333333,15.6458333333333
"TER-NFSB-TE48",2023-10-12,NA,14.7291666666667,14.9166666666667
"TER-NFSB-TE48",2023-10-13,NA,14.125,14.2916666666667
"TER-NFSB-TE48",2023-10-14,NA,15.0833333333333,15.2083333333333
"TER-NFSB-TE48",2023-10-15,NA,17.75,17.9791666666667
"TER-NFSB-TE48",2023-10-16,NA,15.1666666666667,15.2083333333333
"TER-NFSB-TE48",2023-10-17,NA,15.0208333333333,15.1875
"TER-NFSB-TE48",2023-10-18,NA,17.0208333333333,17.2291666666667
"TER-NFSB-TE48",2023-10-19,NA,11.7916666666667,11.9166666666667
"TER-NFSB-TE48",2023-10-20,NA,11.9375,11.9791666666667
"TER-NFSB-TE48",2023-10-21,NA,11.4791666666667,11.5208333333333
"TER-NFSB-TE48",2023-10-22,NA,11.7083333333333,11.8333333333333
"TER-NFSB-TE48",2023-10-23,NA,14.0416666666667,13.9583333333333
"TER-NFSB-TE48",2023-10-24,NA,17.4583333333333,17.625
"TER-NFSB-TE48",2023-10-25,NA,16.2291666666667,16.4791666666667
"TER-NFSB-TE48",2023-10-26,NA,10.8541666666667,10.8125
"TER-NFSB-TE48",2023-10-27,NA,12.2291666666667,12.4166666666667
"TER-NFSB-TE48",2023-10-28,NA,11.7916666666667,11.8541666666667
"TER-NFSB-TE48",2023-10-29,NA,9.79166666666667,9.8125
"TER-NFSB-TE48",2023-10-30,NA,10.2708333333333,10.4791666666667
"TER-NFSB-TE48",2023-10-31,NA,12.6875,12.7916666666667
"TER-NFSB-TE48",2023-11-01,NA,14.3541666666667,14.5208333333333
"TER-NFSB-TE48",2023-11-02,NA,10.875,11.2083333333333
"TER-NFSB-TE48",2023-11-03,NA,14.5625,14.8125
"TER-NFSB-TE48",2023-11-04,NA,9.41666666666667,9.41666666666667
"TER-NFSB-TE48",2023-11-05,NA,8.22916666666667,8.33333333333333
"TER-NFSB-TE48",2023-11-06,NA,8.3125,8.5625
"TER-NFSB-TE48",2023-11-07,NA,13.4375,13.6041666666667
"TER-NFSB-TE48",2023-11-08,NA,16.1666666666667,16.375
"TER-NFSB-TE48",2023-11-09,NA,16.2083333333333,16.375
"TER-NFSB-TE48",2023-11-10,NA,16.9166666666667,17.0208333333333
"TER-NFSB-TE48",2023-11-11,NA,14.7083333333333,14.9166666666667
"TER-NFSB-TE48",2023-11-12,NA,15.1666666666667,15.3125
"TER-NFSB-TE48",2023-11-13,NA,11.8333333333333,11.9791666666667
"TER-NFSB-TE48",2023-11-14,NA,13.7291666666667,13.7708333333333
"TER-NFSB-TE48",2023-11-15,NA,16.4791666666667,16.6666666666667
"TER-NFSB-TE48",2023-11-16,NA,16.4583333333333,16.6458333333333
"TER-NFSB-TE48",2023-11-17,NA,14.2916666666667,14.4375
"TER-NFSB-TE48",2023-11-18,NA,11.5833333333333,11.75
"TER-NFSB-TE48",2023-11-19,NA,9.91666666666667,10.1041666666667
"TER-NFSB-TE48",2023-11-20,NA,11.1041666666667,11.25
"TER-NFSB-TE48",2023-11-21,NA,13.7291666666667,13.8958333333333
"TER-NFSB-TE48",2023-11-22,NA,12.6458333333333,12.8541666666667
"TER-NFSB-TE48",2023-11-23,NA,12.6875,12.9583333333333
"TER-NFSB-TE48",2023-11-24,NA,15.4791666666667,15.6666666666667
"TER-NFSB-TE48",2023-11-25,NA,16.2291666666667,16.4166666666667
"TER-NFSB-TE48",2023-11-26,NA,15.8125,16
"TER-NFSB-TE48",2023-11-27,NA,13.6458333333333,13.8125
"TER-NFSB-TE48",2023-11-28,NA,13.5208333333333,13.6666666666667
"TER-NFSB-TE48",2023-11-29,NA,12.7291666666667,12.8958333333333
"TER-NFSB-TE48",2023-11-30,NA,7.60416666666667,7.625
"TER-NFSB-TE48",2023-12-01,NA,7.64583333333333,7.83333333333333
"TER-NFSB-TE48",2023-12-02,NA,9.64583333333333,9.83333333333333
"TER-NFSB-TE48",2023-12-03,NA,7.54166666666667,7.54166666666667
"TER-NFSB-TE48",2023-12-04,NA,7.97916666666667,8.20833333333333
"TER-NFSB-TE48",2023-12-05,NA,13.0208333333333,13.2291666666667
"TER-NFSB-TE48",2023-12-06,NA,14.5416666666667,14.6875
"TER-NFSB-TE48",2023-12-07,NA,11.25,11.4375
"TER-NFSB-TE48",2023-12-08,NA,NA,NA
"TER-NFSB-TE48",2023-12-09,14.4375,14.25,14.4583333333333
"TER-NFSB-TE48",2023-12-10,12.5833333333333,12.0833333333333,12.2708333333333
"TER-NFSB-TE48",2023-12-11,10.3125,9.5625,9.8125
"TER-NFSB-TE48",2023-12-12,8.77083333333333,8.10416666666667,8.22916666666667
"TER-NFSB-TE48",2023-12-13,8.54166666666667,7.85416666666667,8.04166666666667
"TER-NFSB-TE48",2023-12-14,9.58333333333333,9.16666666666667,9.52083333333333
"TER-NFSB-TE48",2023-12-15,13.7083333333333,13.9166666666667,14.1666666666667
"TER-NFSB-TE48",2023-12-16,15.25,15.3125,15.5
"TER-NFSB-TE48",2023-12-17,15.3333333333333,15.2916666666667,15.5
"TER-NFSB-TE48",2023-12-18,13.375,13.0416666666667,13.2083333333333
"TER-NFSB-TE48",2023-12-19,9.54166666666667,9.3125,9.54166666666667
"TER-NFSB-TE48",2023-12-20,11.1041666666667,11.0208333333333,11.2083333333333
"TER-NFSB-TE48",2023-12-21,9.52083333333333,9.14583333333333,9.375
"TER-NFSB-TE48",2023-12-22,7.97916666666667,7.41666666666667,7.75
"TER-NFSB-TE48",2023-12-23,8.22916666666667,8.04166666666667,8.47916666666667
"TER-NFSB-TE48",2023-12-24,10.125,10.4375,10.8125
"TER-NFSB-TE48",2023-12-25,12.0833333333333,12.1666666666667,12.5625
"TER-NFSB-TE48",2023-12-26,10,9.4375,9.625
"TER-NFSB-TE48",2023-12-27,7.54166666666667,6.875,7
"TER-NFSB-TE48",2023-12-28,8.9375,8.47916666666667,8.72916666666667
"TER-NFSB-TE48",2023-12-29,9.77083333333333,9.39583333333333,9.60416666666667
"TER-NFSB-TE48",2023-12-30,8.35416666666667,7.83333333333333,8.10416666666667
"TER-NFSB-TE48",2023-12-31,8.89583333333333,8.95833333333333,9.52083333333333
"TER-NFSB-TE48",2024-01-01,12.7708333333333,12.7916666666667,13.0625
"TER-NFSB-TE48",2024-01-02,10.8541666666667,10.375,10.6458333333333
"TER-NFSB-TE48",2024-01-03,10,9.8125,10.1041666666667
"TER-NFSB-TE48",2024-01-04,10.25,9.83333333333333,10.125
"TER-NFSB-TE48",2024-01-05,11.6666666666667,11.5833333333333,11.8125
"TER-NFSB-TE48",2024-01-06,11.0625,10.875,11.0625
"TER-NFSB-TE48",2024-01-07,10.0833333333333,9.6875,9.9375
"TER-NFSB-TE48",2024-01-08,9.8125,9.625,10.125
"TER-NFSB-TE48",2024-01-09,12.0833333333333,12.0833333333333,NA
"TER-NFSB-TE48",2024-01-10,12.8333333333333,12.7916666666667,NA
"TER-NFSB-TE48",2024-01-11,10.7083333333333,10.4583333333333,NA
"TER-NFSB-TE48",2024-01-12,11.0208333333333,10.9166666666667,NA
"TER-NFSB-TE48",2024-01-13,11.0208333333333,10.7708333333333,NA
"TER-NFSB-TE48",2024-01-14,10.2916666666667,9.79166666666667,NA
"TER-NFSB-TE48",2024-01-15,9.35416666666667,8.75,NA
"TER-NFSB-TE48",2024-01-16,8.95833333333333,8.625,NA
"TER-NFSB-TE48",2024-01-17,8.10416666666667,7.625,NA
"TER-NFSB-TE48",2024-01-18,7.39583333333333,6.85416666666667,NA
"TER-NFSB-TE48",2024-01-19,11.1041666666667,11.1458333333333,NA
"TER-NFSB-TE48",2024-01-20,10.7916666666667,10.6875,NA
"TER-NFSB-TE48",2024-01-21,13.3958333333333,13.4583333333333,NA
"TER-NFSB-TE48",2024-01-22,12.9583333333333,12.7916666666667,NA
"TER-NFSB-TE48",2024-01-23,12.9166666666667,12.7708333333333,NA
"TER-NFSB-TE48",2024-01-24,12.25,11.8958333333333,NA
"TER-NFSB-TE48",2024-01-25,10.1875,9.47916666666667,NA
"TER-NFSB-TE48",2024-01-26,11.875,11.7291666666667,NA
"TER-NFSB-TE48",2024-01-27,11.5833333333333,11.25,NA
"TER-NFSB-TE48",2024-01-28,7.35416666666667,6.6875,NA
"TER-NFSB-TE48",2024-01-29,10.0833333333333,10,NA
"TER-NFSB-TE48",2024-01-30,11.4791666666667,11.1666666666667,NA
"TER-NFSB-TE48",2024-01-31,10.0833333333333,9.66666666666667,NA
"TER-NFSB-TE48",2024-02-01,11.1666666666667,11.0625,NA
"TER-NFSB-TE48",2024-02-02,11.2708333333333,11.2291666666667,NA
"TER-NFSB-TE48",2024-02-03,9.91666666666667,10.0416666666667,NA
"TER-NFSB-TE48",2024-02-04,10.6041666666667,10.8541666666667,NA
"TER-NFSB-TE48",2024-02-05,12.875,12.875,NA
"TER-NFSB-TE48",2024-02-06,13.75,13.625,NA
"TER-NFSB-TE48",2024-02-07,12.125,11.8958333333333,NA
"TER-NFSB-TE48",2024-02-08,10.75,10.25,NA
"TER-NFSB-TE48",2024-02-09,9.5625,9.02083333333333,NA
"TER-NFSB-TE48",2024-02-10,12.3541666666667,12.2916666666667,NA
"TER-NFSB-TE48",2024-02-11,12.1458333333333,11.8333333333333,NA
"TER-NFSB-TE48",2024-02-12,11.3958333333333,11.2083333333333,NA
"TER-NFSB-TE48",2024-02-13,10.8125,10.4375,NA
"TER-NFSB-TE48",2024-02-14,9.04166666666667,8.45833333333333,NA
"TER-NFSB-TE48",2024-02-15,12.5833333333333,12.5833333333333,NA
"TER-NFSB-TE48",2024-02-16,13.625,13.5208333333333,NA
"TER-NFSB-TE48",2024-02-17,11.9791666666667,11.7291666666667,NA
"TER-NFSB-TE48",2024-02-18,10.5625,10.6458333333333,NA
"TER-NFSB-TE48",2024-02-19,11.9166666666667,12.2083333333333,NA
"TER-NFSB-TE48",2024-02-20,11.3125,11.4583333333333,NA
"TER-NFSB-TE48",2024-02-21,12.4166666666667,12.4166666666667,NA
"TER-NFSB-TE48",2024-02-22,8.89583333333333,8.29166666666667,NA
"TER-NFSB-TE48",2024-02-23,8.58333333333333,8.08333333333333,NA
"TER-NFSB-TE48",2024-02-24,10.125,10.3125,NA
"TER-NFSB-TE48",2024-02-25,11.8958333333333,11.7916666666667,NA
"TER-NFSB-TE48",2024-02-26,9.66666666666667,9.16666666666667,NA
"TER-NFSB-TE48",2024-02-27,8.52083333333333,8.25,NA
"TER-NFSB-TE48",2024-02-28,10.1875,10.25,NA
"TER-NFSB-TE48",2024-02-29,8.08333333333333,7.5625,NA
"TER-NFSB-TE48",2024-03-01,8.35416666666667,8.08333333333333,NA
"TER-NFSB-TE48",2024-03-02,8.375,8.25,NA
"TER-NFSB-TE48",2024-03-03,8.39583333333333,8.14583333333333,NA
"TER-NFSB-TE48",2024-03-04,7,6.5625,NA
"TER-NFSB-TE48",2024-03-05,8.35416666666667,8.02083333333333,NA
"TER-NFSB-TE48",2024-03-06,6.20833333333333,5.70833333333333,NA
"TER-NFSB-TE48",2024-03-07,8.72916666666667,8.625,NA
"TER-NFSB-TE48",2024-03-08,9.52083333333333,9.20833333333333,NA
"TER-NFSB-TE48",2024-03-09,10.1458333333333,10.125,NA
"TER-NFSB-TE48",2024-03-10,10.4375,10.1666666666667,NA
"TER-NFSB-TE48",2024-03-11,11.4375,11.2291666666667,NA
"TER-NFSB-TE48",2024-03-12,10.9791666666667,10.6458333333333,NA
"TER-NFSB-TE48",2024-03-13,12.0833333333333,12,NA
"TER-NFSB-TE48",2024-03-14,12.375,12.2708333333333,NA
"TER-NFSB-TE48",2024-03-15,12.1875,11.9166666666667,NA
"TER-NFSB-TE48",2024-03-16,9.60416666666667,9.39583333333333,NA
"TER-NFSB-TE48",2024-03-17,10.2708333333333,10.0833333333333,NA
"TER-NFSB-TE48",2024-03-18,11.8958333333333,11.7916666666667,12.6666666666667
"TER-NFSB-TE48",2024-03-19,8.375,7.97916666666667,9.125
"TER-NFSB-TE48",2024-03-20,8.89583333333333,9.0625,10.2916666666667
"TER-NFSB-TE48",2024-03-21,10.375,10.4375,11.3333333333333
"TER-NFSB-TE48",2024-03-22,11.3333333333333,11.1875,11.9375
"TER-NFSB-TE48",2024-03-23,9.27083333333333,8.9375,9.85416666666667
"TER-NFSB-TE48",2024-03-24,8.89583333333333,8.64583333333333,9.72916666666667
"TER-NFSB-TE48",2024-03-25,7.9375,7.77083333333333,8.54166666666667
"TER-NFSB-TE48",2024-03-26,9.4375,9.29166666666667,10.3125
"TER-NFSB-TE48",2024-03-27,8.25,7.95833333333333,NA
"TER-NFSB-TE48",2024-03-28,4.79166666666667,4.52083333333333,NA
"TER-NFSB-TE48",2024-03-29,8.54166666666667,8.47916666666667,NA
"TER-NFSB-TE48",2024-03-30,8.625,8.33333333333333,NA
"TER-NFSB-TE48",2024-03-31,6.45833333333333,6.29166666666667,NA
"TER-NFSB-TE48",2024-04-01,10.7083333333333,10.625,NA
"TER-NFSB-TE48",2024-04-02,10.9791666666667,10.875,NA
"TER-NFSB-TE48",2024-04-03,11.5833333333333,11.4583333333333,NA
"TER-NFSB-TE48",2024-04-04,8.5,8.14583333333333,NA
"TER-NFSB-TE48",2024-04-05,7.10416666666667,6.85416666666667,NA
"TER-NFSB-TE48",2024-04-06,8.66666666666667,8.52083333333333,NA
"TER-NFSB-TE48",2024-04-07,11.4375,11.3333333333333,NA
"TER-NFSB-TE48",2024-04-08,11.5833333333333,11.5416666666667,NA
"TER-NFSB-TE48",2024-04-09,13,13.0208333333333,NA
"TER-NFSB-TE48",2024-04-10,13.5625,13.5208333333333,NA
"TER-NFSB-TE48",2024-04-11,13.4583333333333,13.2708333333333,NA
"TER-NFSB-TE48",2024-04-12,11.75,11.375,NA
"TER-NFSB-TE48",2024-04-13,11.4583333333333,11.1875,NA
"TER-NFSB-TE48",2024-04-14,10.3541666666667,10.125,NA
"TER-NFSB-TE48",2024-04-15,12.0416666666667,11.9583333333333,NA
"TER-NFSB-TE48",2024-04-16,12.6875,12.5833333333333,NA
"TER-NFSB-TE48",2024-04-17,12.5625,12.2708333333333,NA
"TER-NFSB-TE48",2024-04-18,12.3125,11.9375,NA
"TER-NFSB-TE48",2024-04-19,11.8958333333333,11.5625,NA
"TER-NFSB-TE48",2024-04-20,11.5833333333333,11.375,NA
"TER-NFSB-TE48",2024-04-21,12.25,12,NA
"TER-NFSB-TE48",2024-04-22,11.4791666666667,11.125,NA
"TER-NFSB-TE48",2024-04-23,11.6458333333333,11.3333333333333,NA
"TER-NFSB-TE48",2024-04-24,10.8125,10.3541666666667,NA
"TER-NFSB-TE48",2024-04-25,11.2083333333333,10.7708333333333,NA
"TER-NFSB-TE48",2024-04-26,9.22916666666667,8.79166666666667,NA
"TER-NFSB-TE48",2024-04-27,8.75,8.8125,NA
"TER-NFSB-TE48",2024-04-28,9.72916666666667,9.60416666666667,NA
"TER-NFSB-TE48",2024-04-29,10.625,10.3333333333333,NA
"TER-NFSB-TE48",2024-04-30,11.5208333333333,11.6041666666667,NA
"TER-NFSB-TE48",2024-05-01,12.125,12.1458333333333,NA
"TER-NFSB-TE48",2024-05-02,13.3541666666667,13.3125,NA
"TER-NFSB-TE48",2024-05-03,13.0416666666667,12.8541666666667,NA
"TER-NFSB-TE48",2024-05-04,13.5,13.1666666666667,NA
"TER-NFSB-TE48",2024-05-05,13.7708333333333,13.9791666666667,NA
"TER-NFSB-TE48",2024-05-06,14.6875,14.6041666666667,NA
"TER-NFSB-TE48",2024-05-07,13.8541666666667,13.6875,NA
"TER-NFSB-TE48",2024-05-08,12.8541666666667,12.4583333333333,NA
"TER-NFSB-TE48",2024-05-09,12.3541666666667,12.0208333333333,NA
"TER-NFSB-TE48",2024-05-10,12.6458333333333,12.9583333333333,NA
"TER-NFSB-TE48",2024-05-11,14.0416666666667,14.1875,NA
"TER-NFSB-TE48",2024-05-12,13.8333333333333,13.6875,NA
"TER-NFSB-TE48",2024-05-13,12.6041666666667,12.1875,NA
"TER-NFSB-TE48",2024-05-14,9.97916666666667,10,NA
"TER-NFSB-TE48",2024-05-15,11.4583333333333,11.0833333333333,NA
"TER-NFSB-TE48",2024-05-16,NA,12.1666666666667,NA
"TER-NFSB-TE48",2024-05-17,NA,10.875,NA
"TER-NFSB-TE48",2024-05-18,NA,10.3958333333333,NA
"TER-NFSB-TE48",2024-05-19,NA,12.4166666666667,NA
"TER-NFSB-TE48",2024-05-20,NA,13.5833333333333,NA
"TER-NFSB-TE48",2024-05-21,NA,14.7291666666667,NA
"TER-NFSB-TE48",2024-05-22,NA,14.875,NA
"TER-NFSB-TE48",2024-05-23,NA,15.7083333333333,NA
"TER-NFSB-TE48",2024-05-24,NA,13.6458333333333,NA
"TER-NFSB-TE48",2024-05-25,NA,12.4583333333333,NA
"TER-NFSB-TE48",2024-05-26,NA,12.5,NA
"TER-NFSB-TE48",2024-05-27,NA,14.4166666666667,NA
"TER-NFSB-TE48",2024-05-28,NA,14.875,NA
"TER-NFSB-TE48",2024-05-29,NA,15.8541666666667,NA
"TER-NFSB-TE48",2024-05-30,NA,14.1875,NA
"TER-NFSB-TE48",2024-05-31,NA,12.9375,NA
"TER-NFSB-TE48",2024-06-01,NA,13.75,NA
"TER-NFSB-TE48",2024-06-02,NA,13.8333333333333,NA
"TER-NFSB-TE48",2024-06-03,NA,13.1666666666667,NA
"TER-NFSB-TE48",2024-06-04,NA,13.2083333333333,NA
"TER-NFSB-TE48",2024-06-05,NA,12.1875,NA
"TER-NFSB-TE48",2024-06-06,NA,12.0833333333333,NA
"TER-NFSB-TE48",2024-06-07,NA,13.0833333333333,NA
"TER-NFSB-TE48",2024-06-08,NA,13.2916666666667,NA
"TER-NFSB-TE48",2024-06-09,NA,13.7916666666667,NA
"TER-NFSB-TE48",2024-06-10,NA,12.75,NA
"TER-NFSB-TE48",2024-06-11,NA,13.5625,NA
"TER-NFSB-TE48",2024-06-12,NA,15.7291666666667,NA
"TER-NFSB-TE48",2024-06-13,16.3125,16.4375,16.4583333333333
"TER-NFSB-TE48",2024-06-14,14.3541666666667,14.1666666666667,14.2083333333333
"TER-NFSB-TE48",2024-06-15,14.8958333333333,15.2083333333333,15.5416666666667
"TER-NFSB-TE48",2024-06-16,16.0208333333333,16.0833333333333,16.0833333333333
"TER-NFSB-TE48",2024-06-17,14.1875,14.1458333333333,14.1458333333333
"TER-NFSB-TE48",2024-06-18,12.9791666666667,13.25,13.2916666666667
"TER-NFSB-TE48",2024-06-19,12.6041666666667,12.75,12.8333333333333
"TER-NFSB-TE48",2024-06-20,14.2708333333333,14.6666666666667,15.0208333333333
"TER-NFSB-TE48",2024-06-21,15.3958333333333,15.875,16.25
"TER-NFSB-TE48",2024-06-22,15.4375,15.7083333333333,15.9375
"TER-NFSB-TE48",2024-06-23,16.0833333333333,16.375,16.5
"TER-NFSB-TE48",2024-06-24,15.7291666666667,15.6041666666667,15.6041666666667
"TER-NFSB-TE48",2024-06-25,13.7083333333333,13.6041666666667,13.6875
"TER-NFSB-TE48",2024-06-26,14.4166666666667,14.625,14.8333333333333
"TER-NFSB-TE48",2024-06-27,16.3125,16.4583333333333,16.3958333333333
"TER-NFSB-TE48",2024-06-28,16.1666666666667,16.3333333333333,16.5
"TER-NFSB-TE48",2024-06-29,16.3541666666667,16.4375,16.4791666666667
"TER-NFSB-TE48",2024-06-30,15.3125,15.3333333333333,15.2708333333333
"TER-NFSB-TE48",2024-07-01,15.9791666666667,16.4375,16.8125
"TER-NFSB-TE48",2024-07-02,17.3333333333333,17.625,17.7291666666667
"TER-NFSB-TE48",2024-07-03,16.5416666666667,16.6458333333333,16.75
"TER-NFSB-TE48",2024-07-04,15.3541666666667,15.3958333333333,15.5416666666667
"TER-NFSB-TE48",2024-07-05,15.9583333333333,16.1875,16.3958333333333
"TER-NFSB-TE48",2024-07-06,17.4375,17.5208333333333,17.5208333333333
"TER-NFSB-TE48",2024-07-07,18.1875,18.2708333333333,18.2916666666667
"TER-NFSB-TE48",2024-07-08,18.7916666666667,18.9583333333333,18.9375
"TER-NFSB-TE48",2024-07-09,19.2708333333333,19.3541666666667,19.3125
"TER-NFSB-TE48",2024-07-10,16.9375,16.8125,16.7708333333333
"TER-NFSB-TE48",2024-07-11,16.1666666666667,16.0416666666667,16.0416666666667
"TER-NFSB-TE48",2024-07-12,17.3958333333333,17.5625,17.6041666666667
"TER-NFSB-TE48",2024-07-13,16.4583333333333,16.3541666666667,16.4375
"TER-NFSB-TE48",2024-07-14,15.4166666666667,15.6458333333333,15.8958333333333
"TER-NFSB-TE48",2024-07-15,17.625,17.9583333333333,17.9583333333333
"TER-NFSB-TE48",2024-07-16,18.8125,18.875,18.9375
"TER-NFSB-TE48",2024-07-17,17.3333333333333,17.25,17.2083333333333
"TER-NFSB-TE48",2024-07-18,15.9583333333333,15.7083333333333,15.7291666666667
"TER-NFSB-TE48",2024-07-19,16.625,17.125,17.4791666666667
"TER-NFSB-TE48",2024-07-20,18.7916666666667,19.2083333333333,19.3541666666667
"TER-NFSB-TE48",2024-07-21,18.6041666666667,19,19.2291666666667
"TER-NFSB-TE48",2024-07-22,17.8125,18.1875,18.3541666666667
"TER-NFSB-TE48",2024-07-23,17.6458333333333,17.7291666666667,17.8333333333333
"TER-NFSB-TE48",2024-07-24,17.5416666666667,17.9583333333333,18.1041666666667
"TER-NFSB-TE48",2024-07-25,19.1041666666667,19.5833333333333,19.9166666666667
"TER-NFSB-TE48",2024-07-26,19.875,20.1458333333333,20.1875
"TER-NFSB-TE48",2024-07-27,18.8541666666667,18.8125,18.7708333333333
"TER-NFSB-TE48",2024-07-28,19.0625,19.375,19.6666666666667
"TER-NFSB-TE48",2024-07-29,20.1875,20.5,20.7708333333333
"TER-NFSB-TE48",2024-07-30,18.2083333333333,18.1666666666667,18.0625
"TER-NFSB-TE48",2024-07-31,17.7916666666667,17.7291666666667,17.6458333333333
"TER-NFSB-TE48",2024-08-01,18.1041666666667,18.4375,18.5833333333333
"TER-NFSB-TE48",2024-08-02,17.9375,18.375,18.625
"TER-NFSB-TE48",2024-08-03,17.875,18.3125,18.5416666666667
"TER-NFSB-TE48",2024-08-04,19.2916666666667,19.8541666666667,20.0208333333333
"TER-NFSB-TE48",2024-08-05,19.9375,20.4166666666667,20.5
"TER-NFSB-TE48",2024-08-06,19.1875,19.3125,19.375
"TER-NFSB-TE48",2024-08-07,17.6666666666667,17.8958333333333,18
"TER-NFSB-TE48",2024-08-08,17.9583333333333,18.3125,18.625
"TER-NFSB-TE48",2024-08-09,18.3125,18.4375,18.7083333333333
"TER-NFSB-TE48",2024-08-10,18.5416666666667,18.7916666666667,18.8958333333333
"TER-NFSB-TE48",2024-08-11,16.6458333333333,16.6875,16.8333333333333
"TER-NFSB-TE48",2024-08-12,16.3541666666667,16.5833333333333,16.6666666666667
"TER-NFSB-TE48",2024-08-13,19.6458333333333,19.9166666666667,19.9375
"TER-NFSB-TE48",2024-08-14,19.8541666666667,20.2916666666667,20.4791666666667
"TER-NFSB-TE48",2024-08-15,19.5833333333333,19.8125,20.1041666666667
"TER-NFSB-TE48",2024-08-16,19.75,20.0416666666667,20.1875
"TER-NFSB-TE48",2024-08-17,19.25,19.5,19.5208333333333
"TER-NFSB-TE48",2024-08-18,19,19.375,19.4375
"TER-NFSB-TE48",2024-08-19,19.7083333333333,19.9375,20
"TER-NFSB-TE48",2024-08-20,18.8125,18.8333333333333,18.8125
"TER-NFSB-TE48",2024-08-21,18,18.0208333333333,18.4791666666667
"TER-NFSB-TE48",2024-08-22,18.7083333333333,19.3541666666667,19.7291666666667
"TER-NFSB-TE48",2024-08-23,20.5,20.5,20.5208333333333
"TER-NFSB-TE48",2024-08-24,17.6875,17.6041666666667,17.6875
"TER-NFSB-TE48",2024-08-25,17.1875,17.8333333333333,18.3958333333333
"TER-NFSB-TE48",2024-08-26,19.7291666666667,19.9791666666667,20.0833333333333
"TER-NFSB-TE48",2024-08-27,17.5,17.6666666666667,17.6666666666667
"TER-NFSB-TE48",2024-08-28,17.3333333333333,17.7083333333333,17.7708333333333
"TER-NFSB-TE48",2024-08-29,16.8125,17.0625,17.0208333333333
"TER-NFSB-TE48",2024-08-30,18.5416666666667,19.0833333333333,19.3333333333333
"TER-NFSB-TE48",2024-08-31,19.4791666666667,19.7291666666667,19.7916666666667
"TER-NFSB-TE48",2024-09-01,16.5416666666667,16.5625,16.5
"TER-NFSB-TE48",2024-09-02,15.7291666666667,16.1666666666667,16.2708333333333
"TER-NFSB-TE48",2024-09-03,15.8958333333333,16.25,16.5
"TER-NFSB-TE48",2024-09-04,15.8541666666667,16.2291666666667,16.3541666666667
"TER-NFSB-TE48",2024-09-05,15.9166666666667,16.125,16.2083333333333
"TER-NFSB-TE48",2024-09-06,15.4791666666667,15.6875,15.75
"TER-NFSB-TE48",2024-09-07,15.7291666666667,15.7916666666667,15.8125
"TER-NFSB-TE48",2024-09-08,16.5416666666667,16.4375,16.5416666666667
"TER-NFSB-TE48",2024-09-09,15.25,15.2083333333333,15.2291666666667
"TER-NFSB-TE48",2024-09-10,16.25,16.1875,16.3333333333333
"TER-NFSB-TE48",2024-09-11,16.2083333333333,16.2083333333333,16.4583333333333
"TER-NFSB-TE48",2024-09-12,NA,NA,NA
"TER-NFSB-TE48",2024-09-13,16.3541666666667,16.8333333333333,17.2083333333333
"TER-NFSB-TE48",2024-09-14,16.2916666666667,16.4166666666667,16.625
"TER-NFSB-TE48",2024-09-15,16.3541666666667,16.75,17.125
"TER-NFSB-TE48",2024-09-16,16.5,16.6458333333333,16.5625
"TER-NFSB-TE48",2024-09-17,16.8958333333333,16.9583333333333,16.8125
"TER-NFSB-TE48",2024-09-18,15.2708333333333,15.5,15.6041666666667
"TER-NFSB-TE48",2024-09-19,14.7083333333333,14.9583333333333,15
"TER-NFSB-TE48",2024-09-20,15.8125,15.7916666666667,15.7708333333333
"TER-NFSB-TE48",2024-09-21,15,15.3125,15.5625
"TER-NFSB-TE48",2024-09-22,16.9166666666667,17.25,17.4166666666667
"TER-NFSB-TE48",2024-09-23,17.7083333333333,18.2291666666667,18.5625
"TER-NFSB-TE48",2024-09-24,19.3125,19.4375,19.4583333333333
"TER-NFSB-TE48",2024-09-25,19,19.0416666666667,18.9791666666667
"TER-NFSB-TE48",2024-09-26,15.6041666666667,15.4375,15.4791666666667
"TER-NFSB-TE48",2024-09-27,17.7708333333333,18.0416666666667,18.3541666666667
"TER-NFSB-TE48",2024-09-28,18.4166666666667,18.5208333333333,18.4583333333333
"TER-NFSB-TE48",2024-09-29,19.2291666666667,19.3125,19.2291666666667
"TER-NFSB-TE48",2024-09-30,19.75,19.8125,19.7708333333333
"TER-NFSB-TE48",2024-10-01,20.0625,20.1458333333333,20.125
"TER-NFSB-TE48",2024-10-02,19.9791666666667,20,19.9583333333333
"TER-NFSB-TE48",2024-10-03,19.6875,19.7083333333333,19.6875
"TER-NFSB-TE48",2024-10-04,19.2291666666667,19.2083333333333,19.1458333333333
"TER-NFSB-TE48",2024-10-05,16.5833333333333,16.2708333333333,16.25
"TER-NFSB-TE48",2024-10-06,NA,12.7083333333333,12.7083333333333
"TER-NFSB-TE48",2024-10-07,NA,15.3958333333333,15.6458333333333
"TER-NFSB-TE48",2024-10-08,NA,17.3333333333333,17.2916666666667
"TER-NFSB-TE48",2024-10-09,NA,17.1458333333333,17.3958333333333
"TER-NFSB-TE48",2024-10-10,NA,15.9791666666667,15.7708333333333
"TER-NFSB-TE48",2024-10-11,NA,11.7083333333333,11.7708333333333
"TER-NFSB-TE48",2024-10-12,NA,13.9791666666667,14.125
"TER-NFSB-TE48",2024-10-13,NA,17.9583333333333,17.9166666666667
"TER-NFSB-TE48",2024-10-14,NA,15.75,15.6666666666667
"TER-NFSB-TE48",2024-10-15,NA,13.4583333333333,13.3958333333333
"TER-NFSB-TE48",2024-10-16,NA,12.2708333333333,12.4166666666667
"TER-NFSB-TE48",2024-10-17,NA,12.8541666666667,12.8541666666667
"TER-NFSB-TE48",2024-10-18,NA,15.375,15.3958333333333
"TER-NFSB-TE48",2024-10-19,NA,16.6875,16.6666666666667
"TER-NFSB-TE48",2024-10-20,NA,11.9791666666667,11.75
"TER-NFSB-TE48",2024-10-21,NA,10.625,10.6458333333333
"TER-NFSB-TE48",2024-10-22,NA,13.1041666666667,13.2708333333333
"TER-NFSB-TE48",2024-10-23,NA,16.1666666666667,16.0833333333333
"TER-NFSB-TE48",2024-10-24,NA,10.4166666666667,10.5416666666667
"TER-NFSB-TE48",2024-10-25,NA,10.875,11.0208333333333
"TER-NFSB-TE48",2024-10-26,NA,11.625,11.7291666666667
"TER-NFSB-TE48",2024-10-27,NA,12.0416666666667,12.125
"TER-NFSB-TE48",2024-10-28,NA,12.0208333333333,12.125
"TER-NFSB-TE48",2024-10-29,NA,13.0208333333333,12.9583333333333
"TER-NFSB-TE48",2024-10-30,NA,13.8958333333333,13.8333333333333
"TER-NFSB-TE48",2024-10-31,NA,14.8333333333333,14.8125
"TER-NFSB-TE48",2024-11-01,NA,16.6666666666667,16.5625
"TER-NFSB-TE48",2024-11-02,NA,14.4375,14.3541666666667
"TER-NFSB-TE48",2024-11-03,NA,14.3333333333333,14.2916666666667
"TER-NFSB-TE48",2024-11-04,NA,13.9583333333333,13.8958333333333
"TER-NFSB-TE48",2024-11-05,NA,14.6875,14.625
"TER-NFSB-TE48",2024-11-06,NA,9.8125,9.6875
"TER-NFSB-TE48",2024-11-07,NA,10.4166666666667,10.375
"TER-NFSB-TE48",2024-11-08,NA,15.3333333333333,15.3541666666667
"TER-NFSB-TE48",2024-11-09,NA,15.75,15.7291666666667
"TER-NFSB-TE48",2024-11-10,NA,14.6458333333333,14.7291666666667
"TER-NFSB-TE48",2024-11-11,NA,15.4791666666667,15.5208333333333
"TER-NFSB-TE48",2024-11-12,NA,16.1666666666667,16.0833333333333
"TER-NFSB-TE48",2024-11-13,NA,14.0833333333333,14
"TER-NFSB-TE48",2024-11-14,NA,11.4166666666667,11.2291666666667
"TER-NFSB-TE48",2024-11-15,NA,10.6875,10.6458333333333
"TER-NFSB-TE48",2024-11-16,NA,11.2083333333333,11.2291666666667
"TER-NFSB-TE48",2024-11-17,NA,12.0208333333333,12.0208333333333
"TER-NFSB-TE48",2024-11-18,NA,12.9375,12.8541666666667
"TER-NFSB-TE48",2024-11-19,NA,12.0833333333333,11.9375
"TER-NFSB-TE48",2024-11-20,NA,11.9791666666667,12.1458333333333
"TER-NFSB-TE48",2024-11-21,NA,13.5416666666667,13.8125
"TER-NFSB-TE48",2024-11-22,NA,15.4375,15.4791666666667
"TER-NFSB-TE48",2024-11-23,NA,13.4166666666667,13.2916666666667
"TER-NFSB-TE48",2024-11-24,NA,8.58333333333333,8.72916666666667
"TER-NFSB-TE48",2024-11-25,NA,11.9583333333333,12.0208333333333
"TER-NFSB-TE48",2024-11-26,NA,14.3541666666667,14.3125
"TER-NFSB-TE48",2024-11-27,NA,12.7708333333333,12.625
"TER-NFSB-TE48",2024-11-28,NA,11.6875,11.5625
"TER-NFSB-TE48",2024-11-29,NA,11.3541666666667,11.3333333333333
"TER-NFSB-TE48",2024-11-30,NA,10.0625,10
"TER-NFSB-TE48",2024-12-01,NA,12.0416666666667,12
"TER-NFSB-TE48",2024-12-02,NA,13.2708333333333,13.2291666666667
"TER-NFSB-TE48",2024-12-03,NA,11.75,11.6875
"TER-NFSB-TE48",2024-12-04,NA,12.3125,12.5416666666667
"TER-NFSB-TE48",2024-12-05,NA,12.5833333333333,12.7083333333333
"TER-NFSB-TE48",2024-12-06,NA,13.5833333333333,13.5208333333333
"TER-NFSB-TE48",2024-12-07,NA,12.5208333333333,12.6666666666667
"TER-NFSB-TE48",2024-12-08,NA,12.9791666666667,13.125
"TER-NFSB-TE48",2024-12-09,NA,10.9375,10.9791666666667
"TER-NFSB-TE48",2024-12-10,NA,11.2291666666667,11.375
"TER-NFSB-TE48",2024-12-11,NA,12.0208333333333,11.875
"TER-NFSB-TE48",2024-12-12,NA,9.8125,9.6875
"TER-NFSB-TE48",2024-12-13,NA,8.9375,8.79166666666667
"TER-NFSB-TE48",2024-12-14,NA,8.5625,8.64583333333333
"TER-NFSB-TE48",2024-12-15,NA,10.8541666666667,10.7708333333333
"TER-NFSB-TE48",2024-12-16,NA,NA,NA
"TER-NFSB-TE48",2024-12-17,NA,NA,NA
"TER-NFSB-TE48",2024-12-18,NA,NA,NA
"TER-NFSB-TE48",2024-12-19,NA,NA,NA
"TER-NFSB-TE48",2024-12-20,NA,NA,NA
"TER-NFSB-TE48",2024-12-21,NA,NA,NA
"TER-NFSB-TE48",2024-12-22,NA,NA,NA
"TER-NFSB-TE48",2024-12-23,NA,NA,NA
"TER-NFSB-TE48",2024-12-24,NA,NA,NA
"TER-NFSB-TE48",2024-12-25,NA,NA,NA
"TER-NFSB-TE48",2024-12-26,NA,NA,NA
"TER-NFSB-TE48",2024-12-27,NA,NA,NA
"TER-NFSB-TE48",2024-12-28,NA,NA,NA
"TER-NFSB-TE48",2024-12-29,NA,NA,NA
"TER-NFSB-TE48",2024-12-30,NA,NA,NA
"TER-NFSB-TE48",2024-12-31,NA,NA,NA
"TER-NFSB-TE48",2025-01-01,NA,NA,NA
"TER-NFSB-TE48",2025-01-02,NA,NA,NA
"TER-NFSB-TE48",2025-01-03,NA,NA,NA
"TER-NFSB-TE48",2025-01-04,NA,NA,NA
"TER-NFSB-TE48",2025-01-05,NA,NA,NA
"TER-NFSB-TE48",2025-01-06,NA,NA,NA
"TER-NFSB-TE48",2025-01-07,NA,NA,NA
"TER-NFSB-TE48",2025-01-08,NA,NA,NA
"TER-NFSB-TE48",2025-01-09,NA,NA,NA
"TER-NFSB-TE48",2025-01-10,NA,NA,NA
"TER-NFSB-TE48",2025-01-11,NA,NA,NA
"TER-NFSB-TE48",2025-01-12,NA,NA,NA
"TER-NFSB-TE48",2025-01-13,NA,NA,NA
"TER-NFSB-TE48",2025-01-14,NA,NA,NA
"TER-NFSB-TE48",2025-01-15,NA,NA,NA
"TER-NFSB-TE48",2025-01-16,NA,NA,NA
"TER-NFSB-TE48",2025-01-17,NA,NA,NA
"TER-NFSB-TE48",2025-01-18,NA,NA,NA
"TER-NFSB-TE48",2025-01-19,NA,NA,NA
"TER-NFSB-TE48",2025-01-20,NA,NA,NA
"TER-NFSB-TE48",2025-01-21,NA,NA,NA
"TER-NFSB-TE48",2025-01-22,NA,NA,NA
"TER-NFSB-TE48",2025-01-23,NA,NA,NA
"TER-NFSB-TE48",2025-01-24,NA,NA,NA
"TER-NFSB-TE48",2025-01-25,NA,NA,NA
"TER-NFSB-TE48",2025-01-26,NA,NA,NA
"TER-NFSB-TE48",2025-01-27,NA,NA,NA
"TER-NFSB-TE48",2025-01-28,NA,NA,NA
"TER-NFSB-TE48",2025-01-29,NA,NA,NA
"TER-NFSB-TE48",2025-01-30,NA,NA,NA
"TER-NFSB-TE48",2025-01-31,NA,NA,NA
"TER-NFSB-TE48",2025-02-01,NA,NA,NA
"TER-NFSB-TE48",2025-02-02,NA,NA,NA
"TER-NFSB-TE48",2025-02-03,NA,NA,NA
"TER-NFSB-TE48",2025-02-04,NA,NA,NA
"TER-NFSB-TE48",2025-02-05,NA,NA,NA
"TER-NFSB-TE48",2025-02-06,NA,NA,NA
"TER-NFSB-TE48",2025-02-07,NA,NA,NA
"TER-NFSB-TE48",2025-02-08,NA,NA,NA
"TER-NFSB-TE48",2025-02-09,NA,NA,NA
"TER-NFSB-TE48",2025-02-10,NA,NA,NA
"TER-NFSB-TE48",2025-02-11,NA,NA,NA
"TER-NFSB-TE48",2025-02-12,NA,NA,NA
"TER-NFSB-TE48",2025-02-13,NA,NA,NA
"TER-NFSB-TE48",2025-02-14,NA,NA,NA
"TER-NFSB-TE48",2025-02-15,NA,NA,NA
"TER-NFSB-TE48",2025-02-16,NA,NA,NA
"TER-NFSB-TE48",2025-02-17,NA,NA,NA
"TER-NFSB-TE48",2025-02-18,NA,NA,NA
"TER-NFSB-TE48",2025-02-19,NA,NA,NA
"TER-NFSB-TE48",2025-02-20,NA,NA,NA
"TER-NFSB-TE48",2025-02-21,NA,NA,NA
"TER-NFSB-TE48",2025-02-22,NA,NA,NA
"TER-NFSB-TE48",2025-02-23,NA,NA,NA
"TER-NFSB-TE48",2025-02-24,NA,NA,NA
"TER-NFSB-TE48",2025-02-25,NA,NA,NA
"TER-NFSB-TE48",2025-02-26,NA,NA,NA
"TER-NFSB-TE48",2025-02-27,NA,NA,NA
"TER-NFSB-TE48",2025-02-28,NA,NA,NA
"TER-NFSB-TE48",2025-03-01,NA,NA,NA
"TER-NFSB-TE48",2025-03-02,NA,NA,NA
"TER-NFSB-TE48",2025-03-03,NA,NA,NA
"TER-NFSB-TE48",2025-03-04,NA,NA,NA
"TER-NFSB-TE48",2025-03-05,NA,NA,NA
"TER-NFSB-TE48",2025-03-06,NA,NA,NA
"TER-NFSB-TE48",2025-03-07,NA,NA,NA
"TER-NFSB-TE48",2025-03-08,NA,NA,NA
"TER-NFSB-TE48",2025-03-09,NA,NA,NA
"TER-NFSB-TE48",2025-03-10,NA,NA,NA
"TER-NFSB-TE48",2025-03-11,NA,NA,NA
"TER-NFSB-TE48",2025-03-12,NA,NA,NA
"TER-NFSB-TE48",2025-03-13,NA,NA,NA
"TER-NFSB-TE48",2025-03-14,NA,NA,NA
"TER-NFSB-TE48",2025-03-15,NA,NA,NA
"TER-NFSB-TE48",2025-03-16,NA,NA,NA
"TER-NFSB-TE48",2025-03-17,NA,NA,NA
"TER-NFSB-TE48",2025-03-18,NA,NA,NA
"TER-NFSB-TE48",2025-03-19,NA,NA,NA
"TER-NFSB-TE48",2025-03-20,NA,NA,NA
"TER-NFSB-TE48",2025-03-21,NA,NA,NA
"TER-NFSB-TE48",2025-03-22,NA,NA,NA
"TER-NFSB-TE48",2025-03-23,NA,NA,NA
"TER-NFSB-TE48",2025-03-24,NA,NA,NA
"TER-NFSB-TE48",2025-03-25,NA,NA,NA
"TER-NFSB-TE48",2025-03-26,NA,NA,NA
"TER-NFSB-TE48",2025-03-27,NA,NA,NA
"TER-NFSB-TE48",2025-03-28,NA,NA,NA
"TER-NFSB-TE48",2025-03-29,NA,NA,NA
"TER-NFSB-TE48",2025-03-30,NA,NA,NA
"TER-NFSB-TE48",2025-03-31,NA,NA,NA
"TER-NFSB-TE48",2025-04-01,NA,NA,NA
"TER-NFSB-TE48",2025-04-02,NA,NA,NA
"TER-NFSB-TE48",2025-04-03,NA,NA,NA
"TER-NFSB-TE48",2025-04-04,NA,NA,NA
"TER-NFSB-TE48",2025-04-05,NA,NA,NA
"TER-NFSB-TE48",2025-04-06,NA,NA,NA
"TER-NFSB-TE48",2025-04-07,NA,NA,NA
"TER-NFSB-TE48",2025-04-08,NA,NA,NA
"TER-NFSB-TE48",2025-04-09,NA,NA,NA
"TER-NFSB-TE48",2025-04-10,NA,NA,NA
"TER-NFSB-TE48",2025-04-11,NA,NA,NA
"TER-NFSB-TE48",2025-04-12,NA,NA,NA
"TER-NFSB-TE48",2025-04-13,NA,NA,NA
"TER-NFSB-TE48",2025-04-14,NA,NA,NA
"TER-NFSB-TE48",2025-04-15,NA,NA,NA
"TER-NFSB-TE48",2025-04-16,NA,NA,NA
"TER-NFSB-TE48",2025-04-17,NA,NA,NA
"TER-NFSB-TE48",2025-04-18,NA,NA,NA
"TER-NFSB-TE48",2025-04-19,NA,NA,NA
"TER-NFSB-TE48",2025-04-20,NA,NA,NA
"TER-NFSB-TE48",2025-04-21,NA,NA,NA
"TER-NFSB-TE48",2025-04-22,NA,NA,NA
"TER-NFSB-TE48",2025-04-23,NA,NA,NA
"TER-NFSB-TE48",2025-04-24,NA,NA,NA
"TER-NFSB-TE48",2025-04-25,NA,NA,NA
"TER-NFSB-TE48",2025-04-26,NA,NA,NA
"TER-NFSB-TE48",2025-04-27,NA,NA,NA
"TER-NFSB-TE48",2025-04-28,NA,NA,NA
"TER-NFSB-TE48",2025-04-29,NA,NA,NA
"TER-NFSB-TE48",2025-04-30,NA,NA,NA
"TER-NFSB-TE48",2025-05-01,NA,NA,NA
"TER-NFSB-TE48",2025-05-02,NA,NA,NA
"TER-NFSB-TE48",2025-05-03,NA,NA,NA
"TER-NFSB-TE48",2025-05-04,NA,NA,NA
"TER-NFSB-TE48",2025-05-05,NA,NA,NA
"TER-NFSB-TE48",2025-05-06,NA,NA,NA
"TER-NFSB-TE48",2025-05-07,NA,NA,NA
"TER-NFSB-TE48",2025-05-08,NA,NA,NA
"TER-NFSB-TE48",2025-05-09,NA,NA,NA
"TER-NFSB-TE48",2025-05-10,NA,NA,NA
"TER-NFSB-TE48",2025-05-11,NA,NA,NA
"TER-NFSB-TE48",2025-05-12,NA,NA,NA
"TER-NFSB-TE48",2025-05-13,NA,NA,NA
"TER-NFSB-TE48",2025-05-14,NA,NA,NA
"TER-NFSB-TE48",2025-05-15,NA,NA,NA
"TER-NFSB-TE48",2025-05-16,NA,NA,NA
"TER-NFSB-TE48",2025-05-17,NA,NA,NA
"TER-NFSB-TE48",2025-05-18,NA,NA,NA
"TER-NFSB-TE48",2025-05-19,NA,NA,NA
"TER-NFSB-TE48",2025-05-20,NA,NA,NA
"TER-NFSB-TE48",2025-05-21,NA,NA,NA
"TER-NFSB-TE48",2025-05-22,NA,NA,NA
"TER-NFSB-TE48",2025-05-23,NA,NA,NA
"TER-NFSB-TE48",2025-05-24,NA,NA,NA
"TER-NFSB-TE48",2025-05-25,NA,NA,NA
"TER-NFSB-TE48",2025-05-26,NA,NA,NA
"TER-NFSB-TE48",2025-05-27,NA,NA,NA
"TER-NFSB-TE48",2025-05-28,NA,NA,NA
"TER-NFSB-TE48",2025-05-29,NA,NA,NA
"TER-NFSB-TE48",2025-05-30,NA,NA,NA
"TER-NFSB-TE48",2025-05-31,NA,NA,NA
"TER-NFSB-TE48",2025-06-01,NA,NA,NA
"TER-NFSB-TE48",2025-06-02,NA,NA,NA
"TER-NFSB-TE48",2025-06-03,NA,NA,NA
"TER-NFSB-TE48",2025-06-04,NA,NA,NA
"TER-NFSB-TE48",2025-06-05,NA,NA,NA
"TER-NFSB-TE48",2025-06-06,NA,NA,NA
"TER-NFSB-TE48",2025-06-07,NA,NA,NA
"TER-NFSB-TE48",2025-06-08,NA,NA,NA
"TER-NFSB-TE48",2025-06-09,NA,NA,NA
"TER-NFSB-TE48",2025-06-10,NA,NA,NA
"TER-NFSB-TE48",2025-06-11,NA,NA,NA
"TER-NFSB-TE48",2025-06-12,NA,NA,NA
"TER-NFSB-TE49",2023-08-09,NA,NA,NA
"TER-NFSB-TE49",2023-08-10,NA,NA,NA
"TER-NFSB-TE49",2023-08-11,NA,NA,NA
"TER-NFSB-TE49",2023-08-12,NA,NA,NA
"TER-NFSB-TE49",2023-08-13,NA,NA,NA
"TER-NFSB-TE49",2023-08-14,NA,NA,NA
"TER-NFSB-TE49",2023-08-15,NA,NA,NA
"TER-NFSB-TE49",2023-08-16,NA,NA,NA
"TER-NFSB-TE49",2023-08-17,NA,NA,NA
"TER-NFSB-TE49",2023-08-18,NA,NA,NA
"TER-NFSB-TE49",2023-08-19,NA,NA,NA
"TER-NFSB-TE49",2023-08-20,NA,NA,NA
"TER-NFSB-TE49",2023-08-21,NA,NA,NA
"TER-NFSB-TE49",2023-08-22,NA,NA,NA
"TER-NFSB-TE49",2023-08-23,NA,NA,NA
"TER-NFSB-TE49",2023-08-24,NA,NA,NA
"TER-NFSB-TE49",2023-08-25,NA,NA,NA
"TER-NFSB-TE49",2023-08-26,NA,NA,NA
"TER-NFSB-TE49",2023-08-27,NA,NA,NA
"TER-NFSB-TE49",2023-08-28,NA,NA,NA
"TER-NFSB-TE49",2023-08-29,NA,NA,NA
"TER-NFSB-TE49",2023-08-30,NA,NA,NA
"TER-NFSB-TE49",2023-08-31,NA,NA,NA
"TER-NFSB-TE49",2023-09-01,NA,NA,NA
"TER-NFSB-TE49",2023-09-02,NA,NA,NA
"TER-NFSB-TE49",2023-09-03,NA,NA,NA
"TER-NFSB-TE49",2023-09-04,NA,NA,NA
"TER-NFSB-TE49",2023-09-05,NA,NA,NA
"TER-NFSB-TE49",2023-09-06,NA,NA,NA
"TER-NFSB-TE49",2023-09-07,NA,NA,NA
"TER-NFSB-TE49",2023-09-08,NA,NA,NA
"TER-NFSB-TE49",2023-09-09,NA,NA,NA
"TER-NFSB-TE49",2023-09-10,NA,NA,NA
"TER-NFSB-TE49",2023-09-11,NA,NA,NA
"TER-NFSB-TE49",2023-09-12,15.4166666666667,16.5625,16.1458333333333
"TER-NFSB-TE49",2023-09-13,16.9166666666667,17.4375,17.25
"TER-NFSB-TE49",2023-09-14,17.2083333333333,17.3541666666667,17.3125
"TER-NFSB-TE49",2023-09-15,13.625,13.1875,13.2083333333333
"TER-NFSB-TE49",2023-09-16,11.5,11.9583333333333,12.2083333333333
"TER-NFSB-TE49",2023-09-17,11.8958333333333,12.1041666666667,12
"TER-NFSB-TE49",2023-09-18,12.7291666666667,13.6041666666667,14.0208333333333
"TER-NFSB-TE49",2023-09-19,14.5416666666667,15,14.9166666666667
"TER-NFSB-TE49",2023-09-20,17.7291666666667,17.7083333333333,17.6666666666667
"TER-NFSB-TE49",2023-09-21,12.9375,12.625,12.5625
"TER-NFSB-TE49",2023-09-22,14.5416666666667,16.0625,16.4791666666667
"TER-NFSB-TE49",2023-09-23,16.5,16.7708333333333,16.7083333333333
"TER-NFSB-TE49",2023-09-24,13.75,14.2291666666667,14.4166666666667
"TER-NFSB-TE49",2023-09-25,13.9166666666667,14.4583333333333,14.2291666666667
"TER-NFSB-TE49",2023-09-26,14.8125,14.8333333333333,14.7916666666667
"TER-NFSB-TE49",2023-09-27,15.1666666666667,15.125,15.1666666666667
"TER-NFSB-TE49",2023-09-28,15.4375,15.1875,15.0833333333333
"TER-NFSB-TE49",2023-09-29,16.9375,17.0416666666667,16.9791666666667
"TER-NFSB-TE49",2023-09-30,14.2708333333333,13.7916666666667,13.5833333333333
"TER-NFSB-TE49",2023-10-01,13.3958333333333,13.1041666666667,13.1458333333333
"TER-NFSB-TE49",2023-10-02,12.2916666666667,11.6875,11.75
"TER-NFSB-TE49",2023-10-03,13.2291666666667,13.4791666666667,13.5833333333333
"TER-NFSB-TE49",2023-10-04,16.5208333333333,16.6666666666667,16.7083333333333
"TER-NFSB-TE49",2023-10-05,16.4166666666667,16.375,16.3333333333333
"TER-NFSB-TE49",2023-10-06,14.4583333333333,14.3125,14.25
"TER-NFSB-TE49",2023-10-07,12.3541666666667,12.3958333333333,12.125
"TER-NFSB-TE49",2023-10-08,13.0833333333333,13.125,12.9375
"TER-NFSB-TE49",2023-10-09,13.5625,13.5416666666667,13.375
"TER-NFSB-TE49",2023-10-10,14.3541666666667,14.375,14.3125
"TER-NFSB-TE49",2023-10-11,13.9583333333333,13.9166666666667,13.875
"TER-NFSB-TE49",2023-10-12,13.6041666666667,13.6666666666667,13.4375
"TER-NFSB-TE49",2023-10-13,13.1041666666667,12.8958333333333,12.75
"TER-NFSB-TE49",2023-10-14,14.3333333333333,14.3958333333333,14.3125
"TER-NFSB-TE49",2023-10-15,16.5416666666667,16.5625,16.5625
"TER-NFSB-TE49",2023-10-16,14.125,13.8541666666667,13.8541666666667
"TER-NFSB-TE49",2023-10-17,14.0208333333333,14,13.8541666666667
"TER-NFSB-TE49",2023-10-18,15.75,15.8958333333333,15.7916666666667
"TER-NFSB-TE49",2023-10-19,NA,10.375,10.4166666666667
"TER-NFSB-TE49",2023-10-20,15.9166666666667,10.6458333333333,10.5833333333333
"TER-NFSB-TE49",2023-10-21,12.4166666666667,9.85416666666667,9.91666666666667
"TER-NFSB-TE49",2023-10-22,10.4375,10.375,10.3125
"TER-NFSB-TE49",2023-10-23,11.5833333333333,12.7916666666667,12.6666666666667
"TER-NFSB-TE49",2023-10-24,9.16666666666667,16.25,16.2708333333333
"TER-NFSB-TE49",2023-10-25,NA,14.9791666666667,15.0416666666667
"TER-NFSB-TE49",2023-10-26,NA,9.25,9.25
"TER-NFSB-TE49",2023-10-27,NA,11.0208333333333,10.9375
"TER-NFSB-TE49",2023-10-28,NA,10.3541666666667,10.2916666666667
"TER-NFSB-TE49",2023-10-29,NA,8.08333333333333,7.91666666666667
"TER-NFSB-TE49",2023-10-30,NA,9.10416666666667,9.1875
"TER-NFSB-TE49",2023-10-31,NA,11.2708333333333,11.1875
"TER-NFSB-TE49",2023-11-01,NA,13.1458333333333,13.1041666666667
"TER-NFSB-TE49",2023-11-02,NA,9.27083333333333,9.79166666666667
"TER-NFSB-TE49",2023-11-03,NA,13.0208333333333,13.2083333333333
"TER-NFSB-TE49",2023-11-04,NA,7.5,7.66666666666667
"TER-NFSB-TE49",2023-11-05,NA,6.8125,6.91666666666667
"TER-NFSB-TE49",2023-11-06,NA,7.0625,7.60416666666667
"TER-NFSB-TE49",2023-11-07,NA,11.9375,11.9375
"TER-NFSB-TE49",2023-11-08,NA,15.4791666666667,15.5625
"TER-NFSB-TE49",2023-11-09,NA,14.9791666666667,14.9791666666667
"TER-NFSB-TE49",2023-11-10,NA,15.8125,15.8125
"TER-NFSB-TE49",2023-11-11,NA,13.3958333333333,13.5833333333333
"TER-NFSB-TE49",2023-11-12,NA,13.7916666666667,13.8541666666667
"TER-NFSB-TE49",2023-11-13,NA,10.7916666666667,10.5833333333333
"TER-NFSB-TE49",2023-11-14,NA,12.4583333333333,12.4791666666667
"TER-NFSB-TE49",2023-11-15,NA,15.1666666666667,15.2291666666667
"TER-NFSB-TE49",2023-11-16,NA,15.2708333333333,15.2083333333333
"TER-NFSB-TE49",2023-11-17,NA,13.0625,13
"TER-NFSB-TE49",2023-11-18,NA,9.9375,10.125
"TER-NFSB-TE49",2023-11-19,NA,8.52083333333333,8.54166666666667
"TER-NFSB-TE49",2023-11-20,NA,9.875,9.79166666666667
"TER-NFSB-TE49",2023-11-21,NA,12.5208333333333,12.4375
"TER-NFSB-TE49",2023-11-22,NA,11.3333333333333,11.375
"TER-NFSB-TE49",2023-11-23,NA,11.25,11.5208333333333
"TER-NFSB-TE49",2023-11-24,NA,14.1875,14.25
"TER-NFSB-TE49",2023-11-25,NA,15.125,15.125
"TER-NFSB-TE49",2023-11-26,NA,14.75,14.6875
"TER-NFSB-TE49",2023-11-27,NA,12.9375,12.8541666666667
"TER-NFSB-TE49",2023-11-28,NA,12.4375,12.375
"TER-NFSB-TE49",2023-11-29,NA,11.2708333333333,11.375
"TER-NFSB-TE49",2023-11-30,NA,5.75,5.85416666666667
"TER-NFSB-TE49",2023-12-01,NA,5.83333333333333,6.3125
"TER-NFSB-TE49",2023-12-02,NA,8.0625,8.08333333333333
"TER-NFSB-TE49",2023-12-03,NA,5.52083333333333,5.5625
"TER-NFSB-TE49",2023-12-04,NA,6.22916666666667,6.97916666666667
"TER-NFSB-TE49",2023-12-05,NA,11.9583333333333,11.75
"TER-NFSB-TE49",2023-12-06,NA,14,13.4166666666667
"TER-NFSB-TE49",2023-12-07,NA,NA,10.0625
"TER-NFSB-TE49",2023-12-08,NA,NA,NA
"TER-NFSB-TE49",2023-12-09,13.125,17.375,13.0625
"TER-NFSB-TE49",2023-12-10,10.8125,17.625,10.6041666666667
"TER-NFSB-TE49",2023-12-11,8.66666666666667,16.75,8.3125
"TER-NFSB-TE49",2023-12-12,6.83333333333333,11.7291666666667,6.625
"TER-NFSB-TE49",2023-12-13,6.47916666666667,12.125,6.35416666666667
"TER-NFSB-TE49",2023-12-14,7.6875,11.9791666666667,7.85416666666667
"TER-NFSB-TE49",2023-12-15,12.7083333333333,14.25,13
"TER-NFSB-TE49",2023-12-16,14.2083333333333,16.8958333333333,14.4375
"TER-NFSB-TE49",2023-12-17,14.0833333333333,15.6041666666667,14.3125
"TER-NFSB-TE49",2023-12-18,11.8125,12.4791666666667,11.7291666666667
"TER-NFSB-TE49",2023-12-19,8,17.7291666666667,8.02083333333333
"TER-NFSB-TE49",2023-12-20,9.64583333333333,15.5625,9.79166666666667
"TER-NFSB-TE49",2023-12-21,8.02083333333333,14,7.89583333333333
"TER-NFSB-TE49",2023-12-22,6.70833333333333,14.9583333333333,7.29166666666667
"TER-NFSB-TE49",2023-12-23,7.47916666666667,14.3125,8.45833333333333
"TER-NFSB-TE49",2023-12-24,8.375,16,8.9375
"TER-NFSB-TE49",2023-12-25,10.625,16,10.8125
"TER-NFSB-TE49",2023-12-26,8.375,16.0625,7.97916666666667
"TER-NFSB-TE49",2023-12-27,5.79166666666667,13.2291666666667,5.625
"TER-NFSB-TE49",2023-12-28,7.375,12.8333333333333,7.3125
"TER-NFSB-TE49",2023-12-29,NA,11.375,7.75
"TER-NFSB-TE49",2023-12-30,NA,15.3333333333333,6.85416666666667
"TER-NFSB-TE49",2023-12-31,NA,16.6875,8.04166666666667
"TER-NFSB-TE49",2024-01-01,NA,16.2708333333333,11.4583333333333
"TER-NFSB-TE49",2024-01-02,NA,12.8333333333333,9.10416666666667
"TER-NFSB-TE49",2024-01-03,NA,12.75,8.47916666666667
"TER-NFSB-TE49",2024-01-04,NA,13.1041666666667,8.79166666666667
"TER-NFSB-TE49",2024-01-05,NA,14.1458333333333,10.3125
"TER-NFSB-TE49",2024-01-06,NA,14.1666666666667,9.45833333333333
"TER-NFSB-TE49",2024-01-07,NA,13.625,8.375
"TER-NFSB-TE49",2024-01-08,NA,13.25,8.04166666666667
"TER-NFSB-TE49",2024-01-09,NA,13.8125,10.8125
"TER-NFSB-TE49",2024-01-10,NA,14.7708333333333,11.6041666666667
"TER-NFSB-TE49",2024-01-11,NA,16.25,9.20833333333333
"TER-NFSB-TE49",2024-01-12,NA,13.3958333333333,9.5625
"TER-NFSB-TE49",2024-01-13,NA,15,9.4375
"TER-NFSB-TE49",2024-01-14,NA,14.3333333333333,NA
"TER-NFSB-TE49",2024-01-15,NA,9.66666666666667,NA
"TER-NFSB-TE49",2024-01-16,NA,10.8958333333333,NA
"TER-NFSB-TE49",2024-01-17,NA,9.79166666666667,NA
"TER-NFSB-TE49",2024-01-18,NA,10.5416666666667,NA
"TER-NFSB-TE49",2024-01-19,NA,14.6041666666667,NA
"TER-NFSB-TE49",2024-01-20,NA,16.1666666666667,NA
"TER-NFSB-TE49",2024-01-21,NA,12.625,NA
"TER-NFSB-TE49",2024-01-22,NA,9.8125,NA
"TER-NFSB-TE49",2024-01-23,NA,11.4791666666667,NA
"TER-NFSB-TE49",2024-01-24,NA,8.9375,NA
"TER-NFSB-TE49",2024-01-25,NA,7.83333333333333,NA
"TER-NFSB-TE49",2024-01-26,NA,10.7708333333333,NA
"TER-NFSB-TE49",2024-01-27,NA,11.1458333333333,NA
"TER-NFSB-TE49",2024-01-28,NA,12.5833333333333,NA
"TER-NFSB-TE49",2024-01-29,NA,9.875,NA
"TER-NFSB-TE49",2024-01-30,NA,11.7708333333333,NA
"TER-NFSB-TE49",2024-01-31,NA,7.02083333333333,NA
"TER-NFSB-TE49",2024-02-01,NA,6.60416666666667,NA
"TER-NFSB-TE49",2024-02-02,NA,8.4375,NA
"TER-NFSB-TE49",2024-02-03,NA,13.75,NA
"TER-NFSB-TE49",2024-02-04,NA,15.4791666666667,NA
"TER-NFSB-TE49",2024-02-05,NA,15.1666666666667,NA
"TER-NFSB-TE49",2024-02-06,NA,15.3333333333333,NA
"TER-NFSB-TE49",2024-02-07,NA,13.0833333333333,NA
"TER-NFSB-TE49",2024-02-08,NA,12.7916666666667,NA
"TER-NFSB-TE49",2024-02-09,NA,10.6458333333333,NA
"TER-NFSB-TE49",2024-02-10,NA,14.4166666666667,NA
"TER-NFSB-TE49",2024-02-11,NA,15.0833333333333,NA
"TER-NFSB-TE49",2024-02-12,NA,14.9791666666667,NA
"TER-NFSB-TE49",2024-02-13,NA,11.3541666666667,NA
"TER-NFSB-TE49",2024-02-14,NA,NA,NA
"TER-NFSB-TE49",2024-02-15,10.9791666666667,NA,11.0625
"TER-NFSB-TE49",2024-02-16,12.3333333333333,NA,12.3333333333333
"TER-NFSB-TE49",2024-02-17,10.1666666666667,NA,10.5
"TER-NFSB-TE49",2024-02-18,8.95833333333333,NA,10.5625
"TER-NFSB-TE49",2024-02-19,10.375,NA,10.8958333333333
"TER-NFSB-TE49",2024-02-20,9.5625,NA,9.66666666666667
"TER-NFSB-TE49",2024-02-21,NA,NA,NA
"TER-NFSB-TE49",2024-02-22,7.22916666666667,NA,6.70833333333333
"TER-NFSB-TE49",2024-02-23,6.60416666666667,NA,6.9375
"TER-NFSB-TE49",2024-02-24,8.375,NA,9.20833333333333
"TER-NFSB-TE49",2024-02-25,10.5416666666667,NA,10.5625
"TER-NFSB-TE49",2024-02-26,8.08333333333333,NA,7.89583333333333
"TER-NFSB-TE49",2024-02-27,7.45833333333333,NA,7.66666666666667
"TER-NFSB-TE49",2024-02-28,8.58333333333333,NA,8.875
"TER-NFSB-TE49",2024-02-29,5.91666666666667,NA,5.75
"TER-NFSB-TE49",2024-03-01,6.10416666666667,NA,6.33333333333333
"TER-NFSB-TE49",2024-03-02,6.5625,NA,6.5
"TER-NFSB-TE49",2024-03-03,6.5625,NA,6.47916666666667
"TER-NFSB-TE49",2024-03-04,NA,NA,NA
"TER-NFSB-TE49",2024-03-05,6.60416666666667,6.5,6.47916666666667
"TER-NFSB-TE49",2024-03-06,4.45833333333333,4.20833333333333,4.20833333333333
"TER-NFSB-TE49",2024-03-07,7.02083333333333,7.08333333333333,7.125
"TER-NFSB-TE49",2024-03-08,8.0625,7.8125,7.875
"TER-NFSB-TE49",2024-03-09,8.54166666666667,8.5625,8.5625
"TER-NFSB-TE49",2024-03-10,8.47916666666667,8.4375,8.4375
"TER-NFSB-TE49",2024-03-11,9.9375,9.83333333333333,9.91666666666667
"TER-NFSB-TE49",2024-03-12,9.5,9.29166666666667,9.41666666666667
"TER-NFSB-TE49",2024-03-13,10.8958333333333,10.875,10.8541666666667
"TER-NFSB-TE49",2024-03-14,10.7291666666667,10.6458333333333,10.6875
"TER-NFSB-TE49",2024-03-15,10.875,10.5833333333333,10.625
"TER-NFSB-TE49",2024-03-16,7.79166666666667,7.625,7.6875
"TER-NFSB-TE49",2024-03-17,NA,NA,NA
"TER-NFSB-TE49",2024-03-18,10.4791666666667,10.3541666666667,10.4583333333333
"TER-NFSB-TE49",2024-03-19,6.5625,6.375,6.4375
"TER-NFSB-TE49",2024-03-20,7.4375,8.08333333333333,8.08333333333333
"TER-NFSB-TE49",2024-03-21,8.75,8.77083333333333,8.79166666666667
"TER-NFSB-TE49",2024-03-22,9.79166666666667,9.6875,9.75
"TER-NFSB-TE49",2024-03-23,7.64583333333333,7.27083333333333,7.27083333333333
"TER-NFSB-TE49",2024-03-24,7.27083333333333,7.1875,7.0625
"TER-NFSB-TE49",2024-03-25,6.22916666666667,5.97916666666667,6
"TER-NFSB-TE49",2024-03-26,7.9375,7.85416666666667,7.9375
"TER-NFSB-TE49",2024-03-27,6.625,6.33333333333333,6.3125
"TER-NFSB-TE49",2024-03-28,3.16666666666667,2.9375,2.95833333333333
"TER-NFSB-TE49",2024-03-29,7.02083333333333,6.91666666666667,6.97916666666667
"TER-NFSB-TE49",2024-03-30,7.08333333333333,6.8125,6.85416666666667
"TER-NFSB-TE49",2024-03-31,5.02083333333333,5.08333333333333,4.89583333333333
"TER-NFSB-TE49",2024-04-01,9.52083333333333,9.4375,9.41666666666667
"TER-NFSB-TE49",2024-04-02,9.5625,9.5,9.54166666666667
"TER-NFSB-TE49",2024-04-03,NA,NA,NA
"TER-NFSB-TE49",2024-04-04,7.02083333333333,NA,6.72916666666667
"TER-NFSB-TE49",2024-04-05,5.5625,NA,5.3125
"TER-NFSB-TE49",2024-04-06,7.125,NA,7.10416666666667
"TER-NFSB-TE49",2024-04-07,10.3333333333333,NA,10.2291666666667
"TER-NFSB-TE49",2024-04-08,10.125,NA,10.0208333333333
"TER-NFSB-TE49",2024-04-09,11.6041666666667,NA,11.5625
"TER-NFSB-TE49",2024-04-10,12.3125,NA,12.2916666666667
"TER-NFSB-TE49",2024-04-11,12.2708333333333,NA,12.0625
"TER-NFSB-TE49",2024-04-12,10.375,NA,10.2291666666667
"TER-NFSB-TE49",2024-04-13,10.0833333333333,NA,9.9375
"TER-NFSB-TE49",2024-04-14,8.875,NA,8.85416666666667
"TER-NFSB-TE49",2024-04-15,10.6875,NA,10.625
"TER-NFSB-TE49",2024-04-16,11.2083333333333,NA,11.1458333333333
"TER-NFSB-TE49",2024-04-17,11.0416666666667,NA,10.8541666666667
"TER-NFSB-TE49",2024-04-18,10.75,NA,10.5
"TER-NFSB-TE49",2024-04-19,10.5208333333333,NA,10.2708333333333
"TER-NFSB-TE49",2024-04-20,10.0625,NA,10.2708333333333
"TER-NFSB-TE49",2024-04-21,11.1041666666667,NA,10.7916666666667
"TER-NFSB-TE49",2024-04-22,10.0833333333333,NA,9.72916666666667
"TER-NFSB-TE49",2024-04-23,10.125,NA,9.95833333333333
"TER-NFSB-TE49",2024-04-24,9.04166666666667,NA,8.77083333333333
"TER-NFSB-TE49",2024-04-25,10.1041666666667,NA,9.54166666666667
"TER-NFSB-TE49",2024-04-26,7.5,NA,7.125
"TER-NFSB-TE49",2024-04-27,6.5625,NA,6.54166666666667
"TER-NFSB-TE49",2024-04-28,7.58333333333333,NA,7.70833333333333
"TER-NFSB-TE49",2024-04-29,9.10416666666667,NA,9.20833333333333
"TER-NFSB-TE49",2024-04-30,9.9375,NA,11.0625
"TER-NFSB-TE49",2024-05-01,10.3125,NA,10.3541666666667
"TER-NFSB-TE49",2024-05-02,11.8958333333333,NA,11.8541666666667
"TER-NFSB-TE49",2024-05-03,11.7708333333333,NA,11.5416666666667
"TER-NFSB-TE49",2024-05-04,12.7291666666667,NA,12.2291666666667
"TER-NFSB-TE49",2024-05-05,12.6875,NA,13.25
"TER-NFSB-TE49",2024-05-06,13.4791666666667,NA,13.4791666666667
"TER-NFSB-TE49",2024-05-07,12.3125,NA,12.125
"TER-NFSB-TE49",2024-05-08,11.7083333333333,NA,11.4166666666667
"TER-NFSB-TE49",2024-05-09,11.125,NA,10.7083333333333
"TER-NFSB-TE49",2024-05-10,11.9791666666667,NA,12.3333333333333
"TER-NFSB-TE49",2024-05-11,13.9375,NA,13.9583333333333
"TER-NFSB-TE49",2024-05-12,13.1458333333333,NA,13.3333333333333
"TER-NFSB-TE49",2024-05-13,NA,NA,NA
"TER-NFSB-TE49",2024-05-14,8.02083333333333,8.25,7.97916666666667
"TER-NFSB-TE49",2024-05-15,9.83333333333333,9.79166666666667,9.54166666666667
"TER-NFSB-TE49",2024-05-16,10.9166666666667,10.9166666666667,10.7083333333333
"TER-NFSB-TE49",2024-05-17,9.5625,9.66666666666667,9.20833333333333
"TER-NFSB-TE49",2024-05-18,8.35416666666667,8.79166666666667,8.5625
"TER-NFSB-TE49",2024-05-19,11,11.8958333333333,11.5625
"TER-NFSB-TE49",2024-05-20,12.7916666666667,13,12.6458333333333
"TER-NFSB-TE49",2024-05-21,13.7291666666667,14.1041666666667,13.7083333333333
"TER-NFSB-TE49",2024-05-22,13.4583333333333,13.8333333333333,13.4166666666667
"TER-NFSB-TE49",2024-05-23,14.5625,14.6458333333333,14.5416666666667
"TER-NFSB-TE49",2024-05-24,12.875,12.6875,12.4166666666667
"TER-NFSB-TE49",2024-05-25,11.5625,11.6666666666667,11.0416666666667
"TER-NFSB-TE49",2024-05-26,11.375,12.1458333333333,11.7916666666667
"TER-NFSB-TE49",2024-05-27,12.9583333333333,13.9583333333333,13.3125
"TER-NFSB-TE49",2024-05-28,13.1041666666667,13.5416666666667,13.1666666666667
"TER-NFSB-TE49",2024-05-29,14.7291666666667,14.75,14.6875
"TER-NFSB-TE49",2024-05-30,13.5625,13.3125,12.9583333333333
"TER-NFSB-TE49",2024-05-31,11.5208333333333,11.5625,11.2916666666667
"TER-NFSB-TE49",2024-06-01,11.9166666666667,12.5,11.9166666666667
"TER-NFSB-TE49",2024-06-02,12.125,12.25,12.0625
"TER-NFSB-TE49",2024-06-03,12.3125,12.6041666666667,12.0416666666667
"TER-NFSB-TE49",2024-06-04,12.4583333333333,13.1458333333333,12.5416666666667
"TER-NFSB-TE49",2024-06-05,10.9791666666667,11.1041666666667,11.1458333333333
"TER-NFSB-TE49",2024-06-06,10.6666666666667,10.6875,10.4166666666667
"TER-NFSB-TE49",2024-06-07,11.6041666666667,12.0416666666667,11.4166666666667
"TER-NFSB-TE49",2024-06-08,12.2083333333333,12.75,12.3541666666667
"TER-NFSB-TE49",2024-06-09,12.3541666666667,12.9375,12.625
"TER-NFSB-TE49",2024-06-10,11.875,12.5,12
"TER-NFSB-TE49",2024-06-11,12.1041666666667,12.7916666666667,12.7291666666667
"TER-NFSB-TE49",2024-06-12,15.375,16.125,NA
"TER-NFSB-TE49",2024-06-13,15.2916666666667,15.3958333333333,15.2291666666667
"TER-NFSB-TE49",2024-06-14,12.9375,12.9583333333333,12.7708333333333
"TER-NFSB-TE49",2024-06-15,14.4791666666667,16.3333333333333,15.9375
"TER-NFSB-TE49",2024-06-16,14.9375,15.125,14.875
"TER-NFSB-TE49",2024-06-17,12.6458333333333,12.5,12.2916666666667
"TER-NFSB-TE49",2024-06-18,11.5625,11.6875,11.2916666666667
"TER-NFSB-TE49",2024-06-19,11.1458333333333,11.75,11.1666666666667
"TER-NFSB-TE49",2024-06-20,13.1666666666667,13.7291666666667,13.5
"TER-NFSB-TE49",2024-06-21,13.9583333333333,15.5416666666667,14.7083333333333
"TER-NFSB-TE49",2024-06-22,13.4166666666667,13.7083333333333,13.5625
"TER-NFSB-TE49",2024-06-23,14.5625,15.0416666666667,14.6875
"TER-NFSB-TE49",2024-06-24,14.4375,14.4583333333333,14.1875
"TER-NFSB-TE49",2024-06-25,13.0833333333333,13.125,12.6875
"TER-NFSB-TE49",2024-06-26,14.6666666666667,15.0625,14.3541666666667
"TER-NFSB-TE49",2024-06-27,15.1458333333333,15.1666666666667,15.0416666666667
"TER-NFSB-TE49",2024-06-28,14.7708333333333,14.9166666666667,14.5416666666667
"TER-NFSB-TE49",2024-06-29,15.0625,15.1041666666667,14.8125
"TER-NFSB-TE49",2024-06-30,14.1041666666667,14.1875,13.9166666666667
"TER-NFSB-TE49",2024-07-01,14.1666666666667,14.5833333333333,14.625
"TER-NFSB-TE49",2024-07-02,15.8333333333333,16.2916666666667,16.0625
"TER-NFSB-TE49",2024-07-03,15.3958333333333,15.2083333333333,14.75
"TER-NFSB-TE49",2024-07-04,15.2291666666667,14.9375,14.3333333333333
"TER-NFSB-TE49",2024-07-05,15.5,16.2708333333333,15.5208333333333
"TER-NFSB-TE49",2024-07-06,16.0625,16.1875,15.9791666666667
"TER-NFSB-TE49",2024-07-07,17.125,17.4583333333333,17.1666666666667
"TER-NFSB-TE49",2024-07-08,17.7291666666667,17.9166666666667,17.75
"TER-NFSB-TE49",2024-07-09,18.25,18.3333333333333,18.2083333333333
"TER-NFSB-TE49",2024-07-10,15.7708333333333,15.75,15.5208333333333
"TER-NFSB-TE49",2024-07-11,15.3125,15.9583333333333,14.9583333333333
"TER-NFSB-TE49",2024-07-12,16.4583333333333,16.6458333333333,16.4166666666667
"TER-NFSB-TE49",2024-07-13,15.3125,15.25,15
"TER-NFSB-TE49",2024-07-14,14.6875,15.3125,14.9166666666667
"TER-NFSB-TE49",2024-07-15,16.5208333333333,16.8125,16.5833333333333
"TER-NFSB-TE49",2024-07-16,18.2083333333333,18.2083333333333,17.8125
"TER-NFSB-TE49",2024-07-17,16.2916666666667,16.2291666666667,16.0416666666667
"TER-NFSB-TE49",2024-07-18,14.6875,14.6458333333333,14.3541666666667
"TER-NFSB-TE49",2024-07-19,16.7291666666667,17.5833333333333,17.1666666666667
"TER-NFSB-TE49",2024-07-20,18.6666666666667,19.25,18.8125
"TER-NFSB-TE49",2024-07-21,18.0208333333333,18.2083333333333,18.0416666666667
"TER-NFSB-TE49",2024-07-22,17.0625,17.3541666666667,17.0208333333333
"TER-NFSB-TE49",2024-07-23,16.6875,16.7916666666667,16.375
"TER-NFSB-TE49",2024-07-24,16.75,17.75,17.4791666666667
"TER-NFSB-TE49",2024-07-25,18.4375,19.8541666666667,19.5
"TER-NFSB-TE49",2024-07-26,18.8541666666667,19.0416666666667,18.7083333333333
"TER-NFSB-TE49",2024-07-27,18.1875,18,17.7916666666667
"TER-NFSB-TE49",2024-07-28,18.3333333333333,18.9583333333333,18.6458333333333
"TER-NFSB-TE49",2024-07-29,20.1041666666667,20.3333333333333,20.0416666666667
"TER-NFSB-TE49",2024-07-30,17.9375,17.9166666666667,17.5625
"TER-NFSB-TE49",2024-07-31,16.6666666666667,16.4583333333333,16.375
"TER-NFSB-TE49",2024-08-01,18.6041666666667,18.2708333333333,17.9791666666667
"TER-NFSB-TE49",2024-08-02,17.375,17.5208333333333,17.375
"TER-NFSB-TE49",2024-08-03,17.4375,18.2291666666667,17.9791666666667
"TER-NFSB-TE49",2024-08-04,19.2291666666667,20.0833333333333,19.7916666666667
"TER-NFSB-TE49",2024-08-05,19.375,19.875,19.5416666666667
"TER-NFSB-TE49",2024-08-06,18.0208333333333,18,17.875
"TER-NFSB-TE49",2024-08-07,17,17.4166666666667,16.5416666666667
"TER-NFSB-TE49",2024-08-08,17.7916666666667,18.6041666666667,18.0833333333333
"TER-NFSB-TE49",2024-08-09,17.4583333333333,18.8333333333333,18.3541666666667
"TER-NFSB-TE49",2024-08-10,17.2708333333333,17.5833333333333,17.3333333333333
"TER-NFSB-TE49",2024-08-11,15.2291666666667,15.25,15.1041666666667
"TER-NFSB-TE49",2024-08-12,16.1041666666667,16.5833333333333,16.25
"TER-NFSB-TE49",2024-08-13,18.7083333333333,19.1041666666667,18.7916666666667
"TER-NFSB-TE49",2024-08-14,19.3541666666667,20.4791666666667,20.0833333333333
"TER-NFSB-TE49",2024-08-15,18.9583333333333,19.5416666666667,19.0833333333333
"TER-NFSB-TE49",2024-08-16,19.2083333333333,19.7291666666667,19.1666666666667
"TER-NFSB-TE49",2024-08-17,18.8125,19.9791666666667,19.0833333333333
"TER-NFSB-TE49",2024-08-18,17.9166666666667,19.4166666666667,18.9583333333333
"TER-NFSB-TE49",2024-08-19,19.5208333333333,20.3333333333333,19.5
"TER-NFSB-TE49",2024-08-20,17.8125,18.25,17.875
"TER-NFSB-TE49",2024-08-21,17.6666666666667,18.125,17.9791666666667
"TER-NFSB-TE49",2024-08-22,18.625,20.2291666666667,19.375
"TER-NFSB-TE49",2024-08-23,19.4791666666667,19.7083333333333,19.4375
"TER-NFSB-TE49",2024-08-24,16.7916666666667,16.8125,16.3125
"TER-NFSB-TE49",2024-08-25,16.5208333333333,18.6875,17.8541666666667
"TER-NFSB-TE49",2024-08-26,18.7916666666667,19.2291666666667,18.8541666666667
"TER-NFSB-TE49",2024-08-27,16.25,16.2916666666667,16
"TER-NFSB-TE49",2024-08-28,16.5416666666667,17.5416666666667,16.5833333333333
"TER-NFSB-TE49",2024-08-29,16.125,17.2291666666667,16.3958333333333
"TER-NFSB-TE49",2024-08-30,17.5208333333333,19.3958333333333,18.375
"TER-NFSB-TE49",2024-08-31,18.3958333333333,19.7291666666667,18.7291666666667
"TER-NFSB-TE49",2024-09-01,15.5,15.3958333333333,15.0833333333333
"TER-NFSB-TE49",2024-09-02,14.25,14.4375,14.1875
"TER-NFSB-TE49",2024-09-03,14.2083333333333,14.7708333333333,14.4375
"TER-NFSB-TE49",2024-09-04,14.125,14.7291666666667,14.5416666666667
"TER-NFSB-TE49",2024-09-05,14.2916666666667,15.1041666666667,14.5208333333333
"TER-NFSB-TE49",2024-09-06,13.3958333333333,13.9166666666667,13.625
"TER-NFSB-TE49",2024-09-07,14.1875,14.3958333333333,14.25
"TER-NFSB-TE49",2024-09-08,15.2083333333333,15.2916666666667,15.0833333333333
"TER-NFSB-TE49",2024-09-09,14.1875,14.0833333333333,13.8541666666667
"TER-NFSB-TE49",2024-09-10,15.3333333333333,15.3333333333333,15
"TER-NFSB-TE49",2024-09-11,15.25,15.0416666666667,14.875
"TER-NFSB-TE49",2024-09-12,14.9791666666667,16.1875,15.9375
"TER-NFSB-TE49",2024-09-13,15.125,15.9375,16.1666666666667
"TER-NFSB-TE49",2024-09-14,15.25,15.9166666666667,15.875
"TER-NFSB-TE49",2024-09-15,15.25,16.3958333333333,16.5625
"TER-NFSB-TE49",2024-09-16,15.1875,15.25,15.1041666666667
"TER-NFSB-TE49",2024-09-17,15.625,15.6875,15.4791666666667
"TER-NFSB-TE49",2024-09-18,13.9166666666667,14.2083333333333,14.0208333333333
"TER-NFSB-TE49",2024-09-19,13.2291666666667,13.3958333333333,13.2291666666667
"TER-NFSB-TE49",2024-09-20,14.5416666666667,14.6458333333333,14.5416666666667
"TER-NFSB-TE49",2024-09-21,13.5833333333333,14.6875,14.8958333333333
"TER-NFSB-TE49",2024-09-22,15.8125,16.2916666666667,16.1458333333333
"TER-NFSB-TE49",2024-09-23,16.7291666666667,17.5208333333333,17.5625
"TER-NFSB-TE49",2024-09-24,18.1666666666667,18.375,18.2291666666667
"TER-NFSB-TE49",2024-09-25,18.0625,18.0625,18
"TER-NFSB-TE49",2024-09-26,14.6666666666667,14.6666666666667,14.4166666666667
"TER-NFSB-TE49",2024-09-27,16.5625,16.625,16.5
"TER-NFSB-TE49",2024-09-28,17.0208333333333,17.0833333333333,17
"TER-NFSB-TE49",2024-09-29,18.1458333333333,18.25,18.1666666666667
"TER-NFSB-TE49",2024-09-30,18.5625,18.625,18.5208333333333
"TER-NFSB-TE49",2024-10-01,18.9791666666667,19,18.9375
"TER-NFSB-TE49",2024-10-02,18.8541666666667,18.8958333333333,18.7291666666667
"TER-NFSB-TE49",2024-10-03,18.5208333333333,18.5833333333333,18.4583333333333
"TER-NFSB-TE49",2024-10-04,18.125,18.1666666666667,18.0833333333333
"TER-NFSB-TE49",2024-10-05,15.5416666666667,15.5,15.2916666666667
"TER-NFSB-TE49",2024-10-06,11.8333333333333,11.625,11.5
"TER-NFSB-TE49",2024-10-07,14,14.1666666666667,13.9375
"TER-NFSB-TE49",2024-10-08,16.375,16.4166666666667,NA
"TER-NFSB-TE49",2024-10-09,15.5625,15.5625,NA
"TER-NFSB-TE49",2024-10-10,15,14.9583333333333,NA
"TER-NFSB-TE49",2024-10-11,10.1875,10.0833333333333,NA
"TER-NFSB-TE49",2024-10-12,12.25,12.8125,NA
"TER-NFSB-TE49",2024-10-13,16.8541666666667,17.0625,NA
"TER-NFSB-TE49",2024-10-14,14.8958333333333,15.0208333333333,NA
"TER-NFSB-TE49",2024-10-15,12.5416666666667,12.4583333333333,NA
"TER-NFSB-TE49",2024-10-16,10.75,11.0625,NA
"TER-NFSB-TE49",2024-10-17,11.25,11.9583333333333,NA
"TER-NFSB-TE49",2024-10-18,13.7916666666667,14.4375,NA
"TER-NFSB-TE49",2024-10-19,15.4583333333333,15.8958333333333,NA
"TER-NFSB-TE49",2024-10-20,11.2291666666667,NA,NA
"TER-NFSB-TE49",2024-10-21,9.3125,NA,NA
"TER-NFSB-TE49",2024-10-22,11.5625,NA,NA
"TER-NFSB-TE49",2024-10-23,15.1458333333333,NA,NA
"TER-NFSB-TE49",2024-10-24,8.85416666666667,NA,NA
"TER-NFSB-TE49",2024-10-25,NA,NA,NA
"TER-NFSB-TE49",2024-10-26,NA,NA,NA
"TER-NFSB-TE49",2024-10-27,NA,NA,NA
"TER-NFSB-TE49",2024-10-28,NA,NA,NA
"TER-NFSB-TE49",2024-10-29,NA,NA,NA
"TER-NFSB-TE49",2024-10-30,NA,NA,NA
"TER-NFSB-TE49",2024-10-31,NA,NA,NA
"TER-NFSB-TE49",2024-11-01,NA,NA,NA
"TER-NFSB-TE49",2024-11-02,NA,NA,NA
"TER-NFSB-TE49",2024-11-03,NA,NA,NA
"TER-NFSB-TE49",2024-11-04,NA,NA,NA
"TER-NFSB-TE49",2024-11-05,NA,NA,NA
"TER-NFSB-TE49",2024-11-06,NA,NA,NA
"TER-NFSB-TE49",2024-11-07,NA,NA,NA
"TER-NFSB-TE49",2024-11-08,NA,NA,NA
"TER-NFSB-TE49",2024-11-09,NA,NA,NA
"TER-NFSB-TE49",2024-11-10,NA,NA,NA
"TER-NFSB-TE49",2024-11-11,NA,NA,NA
"TER-NFSB-TE49",2024-11-12,NA,NA,NA
"TER-NFSB-TE49",2024-11-13,NA,NA,NA
"TER-NFSB-TE49",2024-11-14,NA,NA,NA
"TER-NFSB-TE49",2024-11-15,NA,NA,NA
"TER-NFSB-TE49",2024-11-16,NA,NA,NA
"TER-NFSB-TE49",2024-11-17,NA,NA,NA
"TER-NFSB-TE49",2024-11-18,NA,NA,NA
"TER-NFSB-TE49",2024-11-19,NA,NA,NA
"TER-NFSB-TE49",2024-11-20,NA,NA,NA
"TER-NFSB-TE49",2024-11-21,NA,NA,NA
"TER-NFSB-TE49",2024-11-22,NA,NA,NA
"TER-NFSB-TE49",2024-11-23,NA,NA,NA
"TER-NFSB-TE49",2024-11-24,NA,NA,NA
"TER-NFSB-TE49",2024-11-25,NA,NA,NA
"TER-NFSB-TE49",2024-11-26,NA,NA,NA
"TER-NFSB-TE49",2024-11-27,NA,NA,NA
"TER-NFSB-TE49",2024-11-28,NA,NA,NA
"TER-NFSB-TE49",2024-11-29,NA,NA,NA
"TER-NFSB-TE49",2024-11-30,NA,NA,NA
"TER-NFSB-TE49",2024-12-01,NA,NA,NA
"TER-NFSB-TE49",2024-12-02,NA,NA,NA
"TER-NFSB-TE49",2024-12-03,NA,NA,NA
"TER-NFSB-TE49",2024-12-04,NA,NA,NA
"TER-NFSB-TE49",2024-12-05,NA,NA,NA
"TER-NFSB-TE49",2024-12-06,NA,NA,NA
"TER-NFSB-TE49",2024-12-07,NA,NA,NA
"TER-NFSB-TE49",2024-12-08,NA,NA,NA
"TER-NFSB-TE49",2024-12-09,NA,NA,NA
"TER-NFSB-TE49",2024-12-10,NA,NA,NA
"TER-NFSB-TE49",2024-12-11,NA,NA,NA
"TER-NFSB-TE49",2024-12-12,NA,NA,NA
"TER-NFSB-TE49",2024-12-13,NA,NA,NA
"TER-NFSB-TE49",2024-12-14,NA,NA,NA
"TER-NFSB-TE49",2024-12-15,NA,NA,NA
"TER-NFSB-TE49",2024-12-16,NA,NA,NA
"TER-NFSB-TE49",2024-12-17,NA,NA,NA
"TER-NFSB-TE49",2024-12-18,NA,NA,NA
"TER-NFSB-TE49",2024-12-19,NA,NA,NA
"TER-NFSB-TE49",2024-12-20,NA,NA,NA
"TER-NFSB-TE49",2024-12-21,NA,NA,NA
"TER-NFSB-TE49",2024-12-22,NA,NA,NA
"TER-NFSB-TE49",2024-12-23,NA,NA,NA
"TER-NFSB-TE49",2024-12-24,NA,NA,NA
"TER-NFSB-TE49",2024-12-25,NA,NA,NA
"TER-NFSB-TE49",2024-12-26,NA,NA,NA
"TER-NFSB-TE49",2024-12-27,NA,NA,NA
"TER-NFSB-TE49",2024-12-28,NA,NA,NA
"TER-NFSB-TE49",2024-12-29,NA,NA,NA
"TER-NFSB-TE49",2024-12-30,NA,NA,NA
"TER-NFSB-TE49",2024-12-31,NA,NA,NA
"TER-NFSB-TE49",2025-01-01,NA,NA,NA
"TER-NFSB-TE49",2025-01-02,NA,NA,NA
"TER-NFSB-TE49",2025-01-03,NA,NA,NA
"TER-NFSB-TE49",2025-01-04,NA,NA,NA
"TER-NFSB-TE49",2025-01-05,NA,NA,NA
"TER-NFSB-TE49",2025-01-06,NA,NA,NA
"TER-NFSB-TE49",2025-01-07,NA,NA,NA
"TER-NFSB-TE49",2025-01-08,NA,NA,NA
"TER-NFSB-TE49",2025-01-09,NA,NA,NA
"TER-NFSB-TE49",2025-01-10,NA,NA,NA
"TER-NFSB-TE49",2025-01-11,NA,NA,NA
"TER-NFSB-TE49",2025-01-12,NA,NA,NA
"TER-NFSB-TE49",2025-01-13,NA,NA,NA
"TER-NFSB-TE49",2025-01-14,NA,NA,NA
"TER-NFSB-TE49",2025-01-15,NA,NA,NA
"TER-NFSB-TE49",2025-01-16,NA,NA,NA
"TER-NFSB-TE49",2025-01-17,NA,NA,NA
"TER-NFSB-TE49",2025-01-18,NA,NA,NA
"TER-NFSB-TE49",2025-01-19,NA,NA,NA
"TER-NFSB-TE49",2025-01-20,NA,NA,NA
"TER-NFSB-TE49",2025-01-21,NA,NA,NA
"TER-NFSB-TE49",2025-01-22,NA,NA,NA
"TER-NFSB-TE49",2025-01-23,NA,NA,NA
"TER-NFSB-TE49",2025-01-24,NA,NA,NA
"TER-NFSB-TE49",2025-01-25,NA,NA,NA
"TER-NFSB-TE49",2025-01-26,NA,NA,NA
"TER-NFSB-TE49",2025-01-27,NA,NA,NA
"TER-NFSB-TE49",2025-01-28,NA,NA,NA
"TER-NFSB-TE49",2025-01-29,NA,NA,NA
"TER-NFSB-TE49",2025-01-30,NA,NA,NA
"TER-NFSB-TE49",2025-01-31,NA,NA,NA
"TER-NFSB-TE49",2025-02-01,NA,NA,NA
"TER-NFSB-TE49",2025-02-02,NA,NA,NA
"TER-NFSB-TE49",2025-02-03,NA,NA,NA
"TER-NFSB-TE49",2025-02-04,NA,NA,NA
"TER-NFSB-TE49",2025-02-05,NA,NA,NA
"TER-NFSB-TE49",2025-02-06,NA,NA,NA
"TER-NFSB-TE49",2025-02-07,NA,NA,NA
"TER-NFSB-TE49",2025-02-08,NA,NA,NA
"TER-NFSB-TE49",2025-02-09,NA,NA,NA
"TER-NFSB-TE49",2025-02-10,NA,NA,NA
"TER-NFSB-TE49",2025-02-11,NA,NA,NA
"TER-NFSB-TE49",2025-02-12,NA,NA,NA
"TER-NFSB-TE49",2025-02-13,NA,NA,NA
"TER-NFSB-TE49",2025-02-14,NA,NA,NA
"TER-NFSB-TE49",2025-02-15,NA,NA,NA
"TER-NFSB-TE49",2025-02-16,NA,NA,NA
"TER-NFSB-TE49",2025-02-17,NA,NA,NA
"TER-NFSB-TE49",2025-02-18,NA,NA,NA
"TER-NFSB-TE49",2025-02-19,NA,NA,NA
"TER-NFSB-TE49",2025-02-20,NA,NA,NA
"TER-NFSB-TE49",2025-02-21,NA,NA,NA
"TER-NFSB-TE49",2025-02-22,NA,NA,NA
"TER-NFSB-TE49",2025-02-23,NA,NA,NA
"TER-NFSB-TE49",2025-02-24,NA,NA,NA
"TER-NFSB-TE49",2025-02-25,NA,NA,NA
"TER-NFSB-TE49",2025-02-26,NA,NA,NA
"TER-NFSB-TE49",2025-02-27,NA,NA,NA
"TER-NFSB-TE49",2025-02-28,NA,NA,NA
"TER-NFSB-TE49",2025-03-01,NA,NA,NA
"TER-NFSB-TE49",2025-03-02,NA,NA,NA
"TER-NFSB-TE49",2025-03-03,NA,NA,NA
"TER-NFSB-TE49",2025-03-04,NA,NA,NA
"TER-NFSB-TE49",2025-03-05,NA,NA,NA
"TER-NFSB-TE49",2025-03-06,NA,NA,NA
"TER-NFSB-TE49",2025-03-07,NA,NA,NA
"TER-NFSB-TE49",2025-03-08,NA,NA,NA
"TER-NFSB-TE49",2025-03-09,NA,NA,NA
"TER-NFSB-TE49",2025-03-10,NA,NA,NA
"TER-NFSB-TE49",2025-03-11,NA,NA,NA
"TER-NFSB-TE49",2025-03-12,NA,NA,NA
"TER-NFSB-TE49",2025-03-13,NA,NA,NA
"TER-NFSB-TE49",2025-03-14,NA,NA,NA
"TER-NFSB-TE49",2025-03-15,NA,NA,NA
"TER-NFSB-TE49",2025-03-16,NA,NA,NA
"TER-NFSB-TE49",2025-03-17,NA,NA,NA
"TER-NFSB-TE49",2025-03-18,NA,NA,NA
"TER-NFSB-TE49",2025-03-19,NA,NA,NA
"TER-NFSB-TE49",2025-03-20,NA,NA,NA
"TER-NFSB-TE49",2025-03-21,NA,NA,NA
"TER-NFSB-TE49",2025-03-22,NA,NA,NA
"TER-NFSB-TE49",2025-03-23,NA,NA,NA
"TER-NFSB-TE49",2025-03-24,NA,NA,NA
"TER-NFSB-TE49",2025-03-25,NA,NA,NA
"TER-NFSB-TE49",2025-03-26,NA,NA,NA
"TER-NFSB-TE49",2025-03-27,NA,NA,NA
"TER-NFSB-TE49",2025-03-28,NA,NA,NA
"TER-NFSB-TE49",2025-03-29,NA,NA,NA
"TER-NFSB-TE49",2025-03-30,NA,NA,NA
"TER-NFSB-TE49",2025-03-31,NA,NA,NA
"TER-NFSB-TE49",2025-04-01,NA,NA,NA
"TER-NFSB-TE49",2025-04-02,NA,NA,NA
"TER-NFSB-TE49",2025-04-03,NA,NA,NA
"TER-NFSB-TE49",2025-04-04,NA,NA,NA
"TER-NFSB-TE49",2025-04-05,NA,NA,NA
"TER-NFSB-TE49",2025-04-06,NA,NA,NA
"TER-NFSB-TE49",2025-04-07,NA,NA,NA
"TER-NFSB-TE49",2025-04-08,NA,NA,NA
"TER-NFSB-TE49",2025-04-09,NA,NA,NA
"TER-NFSB-TE49",2025-04-10,NA,NA,NA
"TER-NFSB-TE49",2025-04-11,NA,NA,NA
"TER-NFSB-TE49",2025-04-12,NA,NA,NA
"TER-NFSB-TE49",2025-04-13,NA,NA,NA
"TER-NFSB-TE49",2025-04-14,NA,NA,NA
"TER-NFSB-TE49",2025-04-15,NA,NA,NA
"TER-NFSB-TE49",2025-04-16,NA,NA,NA
"TER-NFSB-TE49",2025-04-17,NA,NA,NA
"TER-NFSB-TE49",2025-04-18,NA,NA,NA
"TER-NFSB-TE49",2025-04-19,NA,NA,NA
"TER-NFSB-TE49",2025-04-20,NA,NA,NA
"TER-NFSB-TE49",2025-04-21,NA,NA,NA
"TER-NFSB-TE49",2025-04-22,NA,NA,NA
"TER-NFSB-TE49",2025-04-23,NA,NA,NA
"TER-NFSB-TE49",2025-04-24,NA,NA,NA
"TER-NFSB-TE49",2025-04-25,NA,NA,NA
"TER-NFSB-TE49",2025-04-26,NA,NA,NA
"TER-NFSB-TE49",2025-04-27,NA,NA,NA
"TER-NFSB-TE49",2025-04-28,NA,NA,NA
"TER-NFSB-TE49",2025-04-29,NA,NA,NA
"TER-NFSB-TE49",2025-04-30,NA,NA,NA
"TER-NFSB-TE49",2025-05-01,NA,NA,NA
"TER-NFSB-TE49",2025-05-02,NA,NA,NA
"TER-NFSB-TE49",2025-05-03,NA,NA,NA
"TER-NFSB-TE49",2025-05-04,NA,NA,NA
"TER-NFSB-TE49",2025-05-05,NA,NA,NA
"TER-NFSB-TE49",2025-05-06,NA,NA,NA
"TER-NFSB-TE49",2025-05-07,NA,NA,NA
"TER-NFSB-TE49",2025-05-08,NA,NA,NA
"TER-NFSB-TE49",2025-05-09,NA,NA,NA
"TER-NFSB-TE49",2025-05-10,NA,NA,NA
"TER-NFSB-TE49",2025-05-11,NA,NA,NA
"TER-NFSB-TE49",2025-05-12,NA,NA,NA
"TER-NFSB-TE49",2025-05-13,NA,NA,NA
"TER-NFSB-TE49",2025-05-14,NA,NA,NA
"TER-NFSB-TE49",2025-05-15,NA,NA,NA
"TER-NFSB-TE49",2025-05-16,NA,NA,NA
"TER-NFSB-TE49",2025-05-17,NA,NA,NA
"TER-NFSB-TE49",2025-05-18,NA,NA,NA
"TER-NFSB-TE49",2025-05-19,NA,NA,NA
"TER-NFSB-TE49",2025-05-20,NA,NA,NA
"TER-NFSB-TE49",2025-05-21,NA,NA,NA
"TER-NFSB-TE49",2025-05-22,NA,NA,NA
"TER-NFSB-TE49",2025-05-23,NA,NA,NA
"TER-NFSB-TE49",2025-05-24,NA,NA,NA
"TER-NFSB-TE49",2025-05-25,NA,NA,NA
"TER-NFSB-TE49",2025-05-26,NA,NA,NA
"TER-NFSB-TE49",2025-05-27,NA,NA,NA
"TER-NFSB-TE49",2025-05-28,NA,NA,NA
"TER-NFSB-TE49",2025-05-29,NA,NA,NA
"TER-NFSB-TE49",2025-05-30,NA,NA,NA
"TER-NFSB-TE49",2025-05-31,NA,NA,NA
"TER-NFSB-TE49",2025-06-01,NA,NA,NA
"TER-NFSB-TE49",2025-06-02,NA,NA,NA
"TER-NFSB-TE49",2025-06-03,NA,NA,NA
"TER-NFSB-TE49",2025-06-04,NA,NA,NA
"TER-NFSB-TE49",2025-06-05,NA,NA,NA
"TER-NFSB-TE49",2025-06-06,NA,NA,NA
"TER-NFSB-TE49",2025-06-07,NA,NA,NA
"TER-NFSB-TE49",2025-06-08,NA,NA,NA
"TER-NFSB-TE49",2025-06-09,NA,NA,NA
"TER-NFSB-TE49",2025-06-10,NA,NA,NA
"TER-NFSB-TE49",2025-06-11,NA,NA,NA
"TER-NFSB-TE49",2025-06-12,NA,NA,NA
"TER-NFTB-T-15",2023-08-09,NA,NA,NA
"TER-NFTB-T-15",2023-08-10,NA,NA,NA
"TER-NFTB-T-15",2023-08-11,NA,NA,NA
"TER-NFTB-T-15",2023-08-12,NA,NA,NA
"TER-NFTB-T-15",2023-08-13,NA,NA,NA
"TER-NFTB-T-15",2023-08-14,NA,NA,NA
"TER-NFTB-T-15",2023-08-15,NA,NA,NA
"TER-NFTB-T-15",2023-08-16,NA,NA,NA
"TER-NFTB-T-15",2023-08-17,NA,NA,NA
"TER-NFTB-T-15",2023-08-18,NA,NA,NA
"TER-NFTB-T-15",2023-08-19,NA,NA,NA
"TER-NFTB-T-15",2023-08-20,NA,NA,NA
"TER-NFTB-T-15",2023-08-21,NA,NA,NA
"TER-NFTB-T-15",2023-08-22,NA,NA,NA
"TER-NFTB-T-15",2023-08-23,NA,NA,NA
"TER-NFTB-T-15",2023-08-24,NA,NA,NA
"TER-NFTB-T-15",2023-08-25,NA,NA,NA
"TER-NFTB-T-15",2023-08-26,NA,NA,NA
"TER-NFTB-T-15",2023-08-27,NA,NA,NA
"TER-NFTB-T-15",2023-08-28,NA,NA,NA
"TER-NFTB-T-15",2023-08-29,NA,NA,NA
"TER-NFTB-T-15",2023-08-30,NA,NA,NA
"TER-NFTB-T-15",2023-08-31,NA,NA,NA
"TER-NFTB-T-15",2023-09-01,NA,NA,NA
"TER-NFTB-T-15",2023-09-02,NA,NA,NA
"TER-NFTB-T-15",2023-09-03,NA,NA,NA
"TER-NFTB-T-15",2023-09-04,NA,NA,NA
"TER-NFTB-T-15",2023-09-05,NA,NA,NA
"TER-NFTB-T-15",2023-09-06,NA,NA,NA
"TER-NFTB-T-15",2023-09-07,NA,NA,NA
"TER-NFTB-T-15",2023-09-08,NA,NA,NA
"TER-NFTB-T-15",2023-09-09,NA,NA,NA
"TER-NFTB-T-15",2023-09-10,NA,NA,NA
"TER-NFTB-T-15",2023-09-11,NA,NA,NA
"TER-NFTB-T-15",2023-09-12,NA,NA,NA
"TER-NFTB-T-15",2023-09-13,NA,NA,NA
"TER-NFTB-T-15",2023-09-14,NA,NA,NA
"TER-NFTB-T-15",2023-09-15,NA,NA,NA
"TER-NFTB-T-15",2023-09-16,NA,NA,NA
"TER-NFTB-T-15",2023-09-17,NA,NA,NA
"TER-NFTB-T-15",2023-09-18,NA,NA,NA
"TER-NFTB-T-15",2023-09-19,NA,NA,NA
"TER-NFTB-T-15",2023-09-20,NA,NA,NA
"TER-NFTB-T-15",2023-09-21,NA,NA,NA
"TER-NFTB-T-15",2023-09-22,NA,NA,NA
"TER-NFTB-T-15",2023-09-23,NA,NA,NA
"TER-NFTB-T-15",2023-09-24,NA,NA,NA
"TER-NFTB-T-15",2023-09-25,NA,NA,NA
"TER-NFTB-T-15",2023-09-26,NA,NA,NA
"TER-NFTB-T-15",2023-09-27,NA,NA,NA
"TER-NFTB-T-15",2023-09-28,NA,NA,NA
"TER-NFTB-T-15",2023-09-29,NA,NA,NA
"TER-NFTB-T-15",2023-09-30,NA,NA,NA
"TER-NFTB-T-15",2023-10-01,NA,NA,NA
"TER-NFTB-T-15",2023-10-02,NA,NA,NA
"TER-NFTB-T-15",2023-10-03,NA,NA,NA
"TER-NFTB-T-15",2023-10-04,NA,NA,NA
"TER-NFTB-T-15",2023-10-05,NA,NA,NA
"TER-NFTB-T-15",2023-10-06,NA,NA,NA
"TER-NFTB-T-15",2023-10-07,NA,NA,NA
"TER-NFTB-T-15",2023-10-08,NA,NA,NA
"TER-NFTB-T-15",2023-10-09,NA,NA,NA
"TER-NFTB-T-15",2023-10-10,NA,NA,NA
"TER-NFTB-T-15",2023-10-11,NA,NA,NA
"TER-NFTB-T-15",2023-10-12,NA,NA,NA
"TER-NFTB-T-15",2023-10-13,NA,NA,NA
"TER-NFTB-T-15",2023-10-14,NA,NA,NA
"TER-NFTB-T-15",2023-10-15,NA,NA,NA
"TER-NFTB-T-15",2023-10-16,NA,NA,NA
"TER-NFTB-T-15",2023-10-17,NA,NA,NA
"TER-NFTB-T-15",2023-10-18,NA,NA,NA
"TER-NFTB-T-15",2023-10-19,NA,NA,NA
"TER-NFTB-T-15",2023-10-20,NA,NA,NA
"TER-NFTB-T-15",2023-10-21,NA,NA,NA
"TER-NFTB-T-15",2023-10-22,NA,NA,NA
"TER-NFTB-T-15",2023-10-23,NA,NA,NA
"TER-NFTB-T-15",2023-10-24,NA,NA,NA
"TER-NFTB-T-15",2023-10-25,NA,NA,NA
"TER-NFTB-T-15",2023-10-26,NA,NA,NA
"TER-NFTB-T-15",2023-10-27,NA,NA,NA
"TER-NFTB-T-15",2023-10-28,NA,NA,NA
"TER-NFTB-T-15",2023-10-29,NA,NA,NA
"TER-NFTB-T-15",2023-10-30,NA,NA,NA
"TER-NFTB-T-15",2023-10-31,NA,NA,NA
"TER-NFTB-T-15",2023-11-01,NA,NA,NA
"TER-NFTB-T-15",2023-11-02,NA,NA,NA
"TER-NFTB-T-15",2023-11-03,NA,NA,NA
"TER-NFTB-T-15",2023-11-04,NA,NA,NA
"TER-NFTB-T-15",2023-11-05,NA,NA,NA
"TER-NFTB-T-15",2023-11-06,NA,NA,NA
"TER-NFTB-T-15",2023-11-07,NA,NA,NA
"TER-NFTB-T-15",2023-11-08,NA,NA,NA
"TER-NFTB-T-15",2023-11-09,NA,NA,NA
"TER-NFTB-T-15",2023-11-10,NA,NA,NA
"TER-NFTB-T-15",2023-11-11,NA,NA,NA
"TER-NFTB-T-15",2023-11-12,NA,NA,NA
"TER-NFTB-T-15",2023-11-13,NA,NA,NA
"TER-NFTB-T-15",2023-11-14,NA,NA,NA
"TER-NFTB-T-15",2023-11-15,NA,NA,NA
"TER-NFTB-T-15",2023-11-16,NA,NA,NA
"TER-NFTB-T-15",2023-11-17,NA,NA,NA
"TER-NFTB-T-15",2023-11-18,11.9166666666667,11.8541666666667,11.8541666666667
"TER-NFTB-T-15",2023-11-19,10.5833333333333,10.1875,10.1458333333333
"TER-NFTB-T-15",2023-11-20,11.8958333333333,12,11.9791666666667
"TER-NFTB-T-15",2023-11-21,13.9375,14.4583333333333,14.4791666666667
"TER-NFTB-T-15",2023-11-22,13.2083333333333,13.25,13.2708333333333
"TER-NFTB-T-15",2023-11-23,13.2916666666667,13.3333333333333,13.4166666666667
"TER-NFTB-T-15",2023-11-24,14.3333333333333,15.5208333333333,15.7083333333333
"TER-NFTB-T-15",2023-11-25,14.8125,16.0208333333333,16.2083333333333
"TER-NFTB-T-15",2023-11-26,15.75,16.0416666666667,16.125
"TER-NFTB-T-15",2023-11-27,13.8125,13.7291666666667,13.75
"TER-NFTB-T-15",2023-11-28,14,14.0208333333333,14.0416666666667
"TER-NFTB-T-15",2023-11-29,13.1458333333333,12.9375,12.8958333333333
"TER-NFTB-T-15",2023-11-30,8.3125,8.04166666666667,8.04166666666667
"TER-NFTB-T-15",2023-12-01,7.625,7.45833333333333,7.60416666666667
"TER-NFTB-T-15",2023-12-02,9.85416666666667,9.79166666666667,9.85416666666667
"TER-NFTB-T-15",2023-12-03,7.77083333333333,7.85416666666667,7.89583333333333
"TER-NFTB-T-15",2023-12-04,8.22916666666667,8.27083333333333,8.4375
"TER-NFTB-T-15",2023-12-05,12.4791666666667,13.1041666666667,13.1875
"TER-NFTB-T-15",2023-12-06,13.8541666666667,14.2916666666667,14.3125
"TER-NFTB-T-15",2023-12-07,11.5,11.6458333333333,11.7083333333333
"TER-NFTB-T-15",2023-12-08,14.5416666666667,14.9375,14.9583333333333
"TER-NFTB-T-15",2023-12-09,14.25,14.375,14.4375
"TER-NFTB-T-15",2023-12-10,12.5416666666667,12.4791666666667,12.4583333333333
"TER-NFTB-T-15",2023-12-11,9.85416666666667,9.72916666666667,9.72916666666667
"TER-NFTB-T-15",2023-12-12,8.625,8.5,8.47916666666667
"TER-NFTB-T-15",2023-12-13,NA,7.91666666666667,8
"TER-NFTB-T-15",2023-12-14,NA,9.20833333333333,9.27083333333333
"TER-NFTB-T-15",2023-12-15,NA,13.8541666666667,14
"TER-NFTB-T-15",2023-12-16,NA,15.2708333333333,15.4166666666667
"TER-NFTB-T-15",2023-12-17,NA,15.3125,15.4375
"TER-NFTB-T-15",2023-12-18,NA,13.4375,13.4166666666667
"TER-NFTB-T-15",2023-12-19,NA,9.77083333333333,9.6875
"TER-NFTB-T-15",2023-12-20,NA,11.8125,11.7916666666667
"TER-NFTB-T-15",2023-12-21,NA,9.9375,9.89583333333333
"TER-NFTB-T-15",2023-12-22,NA,8.66666666666667,8.8125
"TER-NFTB-T-15",2023-12-23,NA,8.95833333333333,9.20833333333333
"TER-NFTB-T-15",2023-12-24,NA,10.4791666666667,10.6666666666667
"TER-NFTB-T-15",2023-12-25,NA,12.4583333333333,12.5
"TER-NFTB-T-15",2023-12-26,NA,9.625,9.625
"TER-NFTB-T-15",2023-12-27,NA,7.375,7.41666666666667
"TER-NFTB-T-15",2023-12-28,NA,7.91666666666667,8.04166666666667
"TER-NFTB-T-15",2023-12-29,NA,8.54166666666667,8.77083333333333
"TER-NFTB-T-15",2023-12-30,NA,7.29166666666667,7.625
"TER-NFTB-T-15",2023-12-31,NA,7.20833333333333,7.5625
"TER-NFTB-T-15",2024-01-01,NA,12.6666666666667,12.8333333333333
"TER-NFTB-T-15",2024-01-02,NA,10.5416666666667,10.625
"TER-NFTB-T-15",2024-01-03,NA,10.0833333333333,10.3541666666667
"TER-NFTB-T-15",2024-01-04,NA,10.0833333333333,10.125
"TER-NFTB-T-15",2024-01-05,NA,11.6875,11.8125
"TER-NFTB-T-15",2024-01-06,NA,10.8125,10.8333333333333
"TER-NFTB-T-15",2024-01-07,NA,10.25,10.2916666666667
"TER-NFTB-T-15",2024-01-08,NA,9.8125,9.91666666666667
"TER-NFTB-T-15",2024-01-09,NA,12.0833333333333,12.1666666666667
"TER-NFTB-T-15",2024-01-10,NA,13.2708333333333,13.3958333333333
"TER-NFTB-T-15",2024-01-11,NA,10.9375,11
"TER-NFTB-T-15",2024-01-12,NA,11.6041666666667,11.6458333333333
"TER-NFTB-T-15",2024-01-13,NA,11.25,11.2291666666667
"TER-NFTB-T-15",2024-01-14,NA,9.89583333333333,9.85416666666667
"TER-NFTB-T-15",2024-01-15,NA,8.9375,9
"TER-NFTB-T-15",2024-01-16,NA,8.64583333333333,8.625
"TER-NFTB-T-15",2024-01-17,NA,7.8125,7.72916666666667
"TER-NFTB-T-15",2024-01-18,NA,7.1875,7.16666666666667
"TER-NFTB-T-15",2024-01-19,NA,11,11.125
"TER-NFTB-T-15",2024-01-20,NA,10.875,11.0416666666667
"TER-NFTB-T-15",2024-01-21,NA,13.5208333333333,13.6875
"TER-NFTB-T-15",2024-01-22,NA,12.9791666666667,13.0625
"TER-NFTB-T-15",2024-01-23,NA,NA,NA
"TER-NFTB-T-15",2024-01-24,12.2708333333333,12.2291666666667,12.2291666666667
"TER-NFTB-T-15",2024-01-25,10.125,9.91666666666667,9.9375
"TER-NFTB-T-15",2024-01-26,11.8333333333333,12.0208333333333,12.125
"TER-NFTB-T-15",2024-01-27,11.7083333333333,11.5833333333333,11.5833333333333
"TER-NFTB-T-15",2024-01-28,7.20833333333333,7.0625,7.125
"TER-NFTB-T-15",2024-01-29,9.83333333333333,10,10.0625
"TER-NFTB-T-15",2024-01-30,11.0416666666667,11.0833333333333,11.0833333333333
"TER-NFTB-T-15",2024-01-31,8.89583333333333,9.08333333333333,9.1875
"TER-NFTB-T-15",2024-02-01,11.125,11.5833333333333,11.7291666666667
"TER-NFTB-T-15",2024-02-02,11.625,12.3333333333333,12.4166666666667
"TER-NFTB-T-15",2024-02-03,11.2708333333333,11.3541666666667,11.4166666666667
"TER-NFTB-T-15",2024-02-04,11.2916666666667,11.4583333333333,11.5416666666667
"TER-NFTB-T-15",2024-02-05,12.8333333333333,13,13.0208333333333
"TER-NFTB-T-15",2024-02-06,13.5208333333333,13.7083333333333,13.8125
"TER-NFTB-T-15",2024-02-07,12.0416666666667,11.9166666666667,11.9375
"TER-NFTB-T-15",2024-02-08,10.4791666666667,10.5416666666667,10.5625
"TER-NFTB-T-15",2024-02-09,9.35416666666667,9.25,9.27083333333333
"TER-NFTB-T-15",2024-02-10,11.7291666666667,12.2291666666667,12.3333333333333
"TER-NFTB-T-15",2024-02-11,12.1041666666667,12.1041666666667,12.1041666666667
"TER-NFTB-T-15",2024-02-12,11.5416666666667,11.3958333333333,11.4166666666667
"TER-NFTB-T-15",2024-02-13,10.9166666666667,10.7708333333333,10.7708333333333
"TER-NFTB-T-15",2024-02-14,8.91666666666667,8.79166666666667,8.77083333333333
"TER-NFTB-T-15",2024-02-15,12.375,12.5833333333333,12.6666666666667
"TER-NFTB-T-15",2024-02-16,13.7291666666667,13.8333333333333,13.875
"TER-NFTB-T-15",2024-02-17,12.3125,12.2916666666667,12.375
"TER-NFTB-T-15",2024-02-18,9.25,9.39583333333333,9.45833333333333
"TER-NFTB-T-15",2024-02-19,11.8541666666667,12.1875,12.375
"TER-NFTB-T-15",2024-02-20,11.7083333333333,11.75,11.8541666666667
"TER-NFTB-T-15",2024-02-21,12.125,12.5,12.6041666666667
"TER-NFTB-T-15",2024-02-22,9,8.89583333333333,8.89583333333333
"TER-NFTB-T-15",2024-02-23,NA,NA,NA
"TER-NFTB-T-15",2024-02-24,10,10.3125,10.3541666666667
"TER-NFTB-T-15",2024-02-25,11.6458333333333,11.9583333333333,11.9583333333333
"TER-NFTB-T-15",2024-02-26,9.79166666666667,9.6875,9.66666666666667
"TER-NFTB-T-15",2024-02-27,9.22916666666667,9.64583333333333,9.625
"TER-NFTB-T-15",2024-02-28,10.1041666666667,10.625,10.75
"TER-NFTB-T-15",2024-02-29,8.25,8.22916666666667,8.22916666666667
"TER-NFTB-T-15",2024-03-01,8.25,8.5,8.6875
"TER-NFTB-T-15",2024-03-02,7.9375,8.125,8.25
"TER-NFTB-T-15",2024-03-03,8.3125,8.58333333333333,8.5
"TER-NFTB-T-15",2024-03-04,6.91666666666667,7,7.02083333333333
"TER-NFTB-T-15",2024-03-05,8.22916666666667,8.27083333333333,8.29166666666667
"TER-NFTB-T-15",2024-03-06,6.08333333333333,6.10416666666667,6.0625
"TER-NFTB-T-15",2024-03-07,8.58333333333333,8.70833333333333,8.72916666666667
"TER-NFTB-T-15",2024-03-08,9.39583333333333,9.54166666666667,9.5
"TER-NFTB-T-15",2024-03-09,9.9375,10.125,10.0625
"TER-NFTB-T-15",2024-03-10,10,10.375,10.4166666666667
"TER-NFTB-T-15",2024-03-11,11.4375,11.4375,11.4375
"TER-NFTB-T-15",2024-03-12,10.6875,10.8541666666667,10.9375
"TER-NFTB-T-15",2024-03-13,NA,NA,NA
"TER-NFTB-T-15",2024-03-14,12.1875,12.3125,12.3541666666667
"TER-NFTB-T-15",2024-03-15,12.1666666666667,12.1666666666667,12.2083333333333
"TER-NFTB-T-15",2024-03-16,10,9.91666666666667,10
"TER-NFTB-T-15",2024-03-17,10.3125,10.4791666666667,10.5833333333333
"TER-NFTB-T-15",2024-03-18,11.6875,11.6458333333333,11.7083333333333
"TER-NFTB-T-15",2024-03-19,8.04166666666667,7.97916666666667,8.0625
"TER-NFTB-T-15",2024-03-20,7.0625,7.8125,8.14583333333333
"TER-NFTB-T-15",2024-03-21,9.97916666666667,10.5625,10.7291666666667
"TER-NFTB-T-15",2024-03-22,11.2083333333333,11.5,11.6041666666667
"TER-NFTB-T-15",2024-03-23,9.41666666666667,9.22916666666667,9.20833333333333
"TER-NFTB-T-15",2024-03-24,9.29166666666667,9.25,9.375
"TER-NFTB-T-15",2024-03-25,8.39583333333333,8.22916666666667,8.33333333333333
"TER-NFTB-T-15",2024-03-26,9.5,9.52083333333333,9.5625
"TER-NFTB-T-15",2024-03-27,8.39583333333333,8.41666666666667,8.5
"TER-NFTB-T-15",2024-03-28,4.77083333333333,4.75,4.625
"TER-NFTB-T-15",2024-03-29,8.52083333333333,8.5,8.5
"TER-NFTB-T-15",2024-03-30,8.45833333333333,8.3125,8.3125
"TER-NFTB-T-15",2024-03-31,6.875,7.02083333333333,7.16666666666667
"TER-NFTB-T-15",2024-04-01,10.4583333333333,11.0416666666667,11.1666666666667
"TER-NFTB-T-15",2024-04-02,10.9166666666667,11.125,11.1875
"TER-NFTB-T-15",2024-04-03,11.5208333333333,11.5833333333333,11.6041666666667
"TER-NFTB-T-15",2024-04-04,8.58333333333333,8.4375,8.39583333333333
"TER-NFTB-T-15",2024-04-05,NA,NA,NA
"TER-NFTB-T-15",2024-04-06,8.47916666666667,8.79166666666667,8.95833333333333
"TER-NFTB-T-15",2024-04-07,11.4791666666667,11.6041666666667,11.7708333333333
"TER-NFTB-T-15",2024-04-08,10.3125,10.9166666666667,11.0833333333333
"TER-NFTB-T-15",2024-04-09,12.6875,13,13.0833333333333
"TER-NFTB-T-15",2024-04-10,13.4166666666667,13.625,13.6458333333333
"TER-NFTB-T-15",2024-04-11,13,13.3958333333333,13.4791666666667
"TER-NFTB-T-15",2024-04-12,10.8125,11.1875,11.375
"TER-NFTB-T-15",2024-04-13,11.4583333333333,11.4791666666667,11.5625
"TER-NFTB-T-15",2024-04-14,10.8958333333333,10.4583333333333,10.4791666666667
"TER-NFTB-T-15",2024-04-15,11.8958333333333,12.1458333333333,12.3541666666667
"TER-NFTB-T-15",2024-04-16,12.6666666666667,12.7916666666667,12.9583333333333
"TER-NFTB-T-15",2024-04-17,NA,12.5833333333333,12.6458333333333
"TER-NFTB-T-15",2024-04-18,NA,12.3958333333333,12.4166666666667
"TER-NFTB-T-15",2024-04-19,NA,11.8125,11.8958333333333
"TER-NFTB-T-15",2024-04-20,NA,10.5625,10.75
"TER-NFTB-T-15",2024-04-21,NA,12.5416666666667,12.6458333333333
"TER-NFTB-T-15",2024-04-22,NA,11.2083333333333,11.2291666666667
"TER-NFTB-T-15",2024-04-23,NA,11.5416666666667,11.5625
"TER-NFTB-T-15",2024-04-24,NA,10.7916666666667,10.8541666666667
"TER-NFTB-T-15",2024-04-25,NA,11.25,11.4166666666667
"TER-NFTB-T-15",2024-04-26,NA,9.60416666666667,9.60416666666667
"TER-NFTB-T-15",2024-04-27,NA,9.39583333333333,9.5625
"TER-NFTB-T-15",2024-04-28,NA,9.58333333333333,9.89583333333333
"TER-NFTB-T-15",2024-04-29,NA,9.58333333333333,9.95833333333333
"TER-NFTB-T-15",2024-04-30,NA,9.70833333333333,10.0625
"TER-NFTB-T-15",2024-05-01,NA,11.6041666666667,11.7708333333333
"TER-NFTB-T-15",2024-05-02,NA,13.2291666666667,13.375
"TER-NFTB-T-15",2024-05-03,NA,12.8333333333333,12.9166666666667
"TER-NFTB-T-15",2024-05-04,NA,13.4583333333333,13.75
"TER-NFTB-T-15",2024-05-05,NA,12.9375,13.4375
"TER-NFTB-T-15",2024-05-06,NA,14.625,14.7291666666667
"TER-NFTB-T-15",2024-05-07,NA,13.8333333333333,13.9583333333333
"TER-NFTB-T-15",2024-05-08,NA,12.875,13.0625
"TER-NFTB-T-15",2024-05-09,NA,12.0625,12.5833333333333
"TER-NFTB-T-15",2024-05-10,NA,12.9375,13.3541666666667
"TER-NFTB-T-15",2024-05-11,NA,14.6666666666667,15.0416666666667
"TER-NFTB-T-15",2024-05-12,NA,14.1875,14.5833333333333
"TER-NFTB-T-15",2024-05-13,NA,NA,NA
"TER-NFTB-T-15",2024-05-14,8.02083333333333,10.4166666666667,10.5416666666667
"TER-NFTB-T-15",2024-05-15,11.2291666666667,11.5625,11.6875
"TER-NFTB-T-15",2024-05-16,10.25,12.5208333333333,12.625
"TER-NFTB-T-15",2024-05-17,12.2291666666667,11,11.2083333333333
"TER-NFTB-T-15",2024-05-18,13.375,10.2083333333333,10.4791666666667
"TER-NFTB-T-15",2024-05-19,13.2916666666667,11.4583333333333,11.7916666666667
"TER-NFTB-T-15",2024-05-20,10.9375,13.6875,13.9375
"TER-NFTB-T-15",2024-05-21,11.5625,13.8333333333333,14.1666666666667
"TER-NFTB-T-15",2024-05-22,10.875,14.3125,14.6875
"TER-NFTB-T-15",2024-05-23,11.6666666666667,15.5625,15.6875
"TER-NFTB-T-15",2024-05-24,12.4583333333333,13.6666666666667,13.8125
"TER-NFTB-T-15",2024-05-25,NA,12.2708333333333,12.5833333333333
"TER-NFTB-T-15",2024-05-26,NA,10.875,11.3125
"TER-NFTB-T-15",2024-05-27,NA,14.1875,14.6041666666667
"TER-NFTB-T-15",2024-05-28,NA,15,15.3333333333333
"TER-NFTB-T-15",2024-05-29,NA,15.8125,15.8958333333333
"TER-NFTB-T-15",2024-05-30,NA,14.25,14.3958333333333
"TER-NFTB-T-15",2024-05-31,NA,13.375,13.4583333333333
"TER-NFTB-T-15",2024-06-01,NA,13.6666666666667,13.8541666666667
"TER-NFTB-T-15",2024-06-02,NA,14.0208333333333,14.1041666666667
"TER-NFTB-T-15",2024-06-03,NA,13.3333333333333,13.4166666666667
"TER-NFTB-T-15",2024-06-04,NA,12.0416666666667,12.2083333333333
"TER-NFTB-T-15",2024-06-05,NA,11.9166666666667,12.0625
"TER-NFTB-T-15",2024-06-06,NA,12.3125,12.4375
"TER-NFTB-T-15",2024-06-07,NA,13.3958333333333,13.5833333333333
"TER-NFTB-T-15",2024-06-08,NA,13.8541666666667,14.1666666666667
"TER-NFTB-T-15",2024-06-09,NA,13.7291666666667,13.9166666666667
"TER-NFTB-T-15",2024-06-10,NA,13.6875,13.8958333333333
"TER-NFTB-T-15",2024-06-11,NA,12.8541666666667,13.1458333333333
"TER-NFTB-T-15",2024-06-12,7.89583333333333,14,14.625
"TER-NFTB-T-15",2024-06-13,11.0416666666667,16.6875,16.8333333333333
"TER-NFTB-T-15",2024-06-14,10.2916666666667,14.625,14.875
"TER-NFTB-T-15",2024-06-15,12.0833333333333,15.1666666666667,15.6666666666667
"TER-NFTB-T-15",2024-06-16,13.3333333333333,16.1458333333333,16.3333333333333
"TER-NFTB-T-15",2024-06-17,13.375,14.375,14.5625
"TER-NFTB-T-15",2024-06-18,10.9583333333333,13.4583333333333,13.7291666666667
"TER-NFTB-T-15",2024-06-19,11.625,13.0416666666667,13.25
"TER-NFTB-T-15",2024-06-20,10.9166666666667,12.9791666666667,13.4375
"TER-NFTB-T-15",2024-06-21,11.5625,13.8958333333333,14.6458333333333
"TER-NFTB-T-15",2024-06-22,12.3958333333333,14.125,14.6458333333333
"TER-NFTB-T-15",2024-06-23,NA,15.7083333333333,16.2291666666667
"TER-NFTB-T-15",2024-06-24,NA,15.5208333333333,15.6666666666667
"TER-NFTB-T-15",2024-06-25,NA,14.0416666666667,14.2708333333333
"TER-NFTB-T-15",2024-06-26,NA,13.6875,14.1458333333333
"TER-NFTB-T-15",2024-06-27,NA,16.9583333333333,17.2916666666667
"TER-NFTB-T-15",2024-06-28,NA,16.2083333333333,16.5
"TER-NFTB-T-15",2024-06-29,NA,16.5,16.7291666666667
"TER-NFTB-T-15",2024-06-30,NA,15.75,15.9166666666667
"TER-NFTB-T-15",2024-07-01,NA,16.375,16.7291666666667
"TER-NFTB-T-15",2024-07-02,NA,17.9375,18.3541666666667
"TER-NFTB-T-15",2024-07-03,NA,16.3958333333333,16.7916666666667
"TER-NFTB-T-15",2024-07-04,NA,15.5416666666667,15.9166666666667
"TER-NFTB-T-15",2024-07-05,NA,15.6458333333333,16.1666666666667
"TER-NFTB-T-15",2024-07-06,NA,18.0416666666667,18.25
"TER-NFTB-T-15",2024-07-07,NA,18.9583333333333,19.2916666666667
"TER-NFTB-T-15",2024-07-08,NA,18.5833333333333,18.6458333333333
"TER-NFTB-T-15",2024-07-09,NA,19.3541666666667,19.5208333333333
"TER-NFTB-T-15",2024-07-10,NA,17.5833333333333,17.8333333333333
"TER-NFTB-T-15",2024-07-11,NA,16.2291666666667,16.3333333333333
"TER-NFTB-T-15",2024-07-12,NA,17.7708333333333,18
"TER-NFTB-T-15",2024-07-13,NA,16.5416666666667,16.5625
"TER-NFTB-T-15",2024-07-14,NA,15.5,15.8333333333333
"TER-NFTB-T-15",2024-07-15,NA,17.6458333333333,17.875
"TER-NFTB-T-15",2024-07-16,NA,18.75,18.9791666666667
"TER-NFTB-T-15",2024-07-17,NA,17.3125,17.3333333333333
"TER-NFTB-T-15",2024-07-18,NA,16.0625,16.1875
"TER-NFTB-T-15",2024-07-19,NA,17.0625,17.6666666666667
"TER-NFTB-T-15",2024-07-20,NA,19.3541666666667,19.875
"TER-NFTB-T-15",2024-07-21,NA,18.6875,19.0625
"TER-NFTB-T-15",2024-07-22,NA,17.9791666666667,18.375
"TER-NFTB-T-15",2024-07-23,NA,17.9375,18.2916666666667
"TER-NFTB-T-15",2024-07-24,NA,16.4583333333333,16.875
"TER-NFTB-T-15",2024-07-25,NA,16.5,17.0833333333333
"TER-NFTB-T-15",2024-07-26,NA,19.4375,19.8541666666667
"TER-NFTB-T-15",2024-07-27,NA,18.6875,18.8333333333333
"TER-NFTB-T-15",2024-07-28,NA,19.6666666666667,20.0208333333333
"TER-NFTB-T-15",2024-07-29,NA,20.2708333333333,20.625
"TER-NFTB-T-15",2024-07-30,NA,18.5208333333333,18.875
"TER-NFTB-T-15",2024-07-31,NA,17.9166666666667,18.0625
"TER-NFTB-T-15",2024-08-01,NA,18.625,18.9583333333333
"TER-NFTB-T-15",2024-08-02,NA,17.4583333333333,17.8125
"TER-NFTB-T-15",2024-08-03,NA,16.4166666666667,16.8541666666667
"TER-NFTB-T-15",2024-08-04,NA,19.4791666666667,20.0416666666667
"TER-NFTB-T-15",2024-08-05,NA,19.8958333333333,20.4583333333333
"TER-NFTB-T-15",2024-08-06,NA,18.7291666666667,18.8958333333333
"TER-NFTB-T-15",2024-08-07,NA,17.5416666666667,17.7083333333333
"TER-NFTB-T-15",2024-08-08,NA,18.4166666666667,18.8125
"TER-NFTB-T-15",2024-08-09,NA,16.4583333333333,16.7916666666667
"TER-NFTB-T-15",2024-08-10,NA,18.125,18.4791666666667
"TER-NFTB-T-15",2024-08-11,NA,16.875,17
"TER-NFTB-T-15",2024-08-12,NA,15.8125,16.1458333333333
"TER-NFTB-T-15",2024-08-13,NA,20.375,20.6875
"TER-NFTB-T-15",2024-08-14,NA,19.5416666666667,19.9583333333333
"TER-NFTB-T-15",2024-08-15,NA,18.8958333333333,19.2916666666667
"TER-NFTB-T-15",2024-08-16,NA,18.625,19.0833333333333
"TER-NFTB-T-15",2024-08-17,NA,18.6458333333333,18.9166666666667
"TER-NFTB-T-15",2024-08-18,NA,16.8333333333333,17.2916666666667
"TER-NFTB-T-15",2024-08-19,NA,18.7916666666667,19.2291666666667
"TER-NFTB-T-15",2024-08-20,NA,18.0208333333333,18.2083333333333
"TER-NFTB-T-15",2024-08-21,NA,16.9375,17.1875
"TER-NFTB-T-15",2024-08-22,NA,18.1458333333333,18.6458333333333
"TER-NFTB-T-15",2024-08-23,NA,NA,NA
"TER-NFTB-T-15",2024-08-24,NA,17.3958333333333,17.5833333333333
"TER-NFTB-T-15",2024-08-25,NA,15.8958333333333,16.5416666666667
"TER-NFTB-T-15",2024-08-26,NA,19.5833333333333,19.875
"TER-NFTB-T-15",2024-08-27,NA,17.5208333333333,17.7291666666667
"TER-NFTB-T-15",2024-08-28,NA,16.7916666666667,17.2083333333333
"TER-NFTB-T-15",2024-08-29,NA,15.7916666666667,16.3125
"TER-NFTB-T-15",2024-08-30,NA,18.5208333333333,19.2083333333333
"TER-NFTB-T-15",2024-08-31,NA,19.4583333333333,19.8541666666667
"TER-NFTB-T-15",2024-09-01,NA,16.8958333333333,16.875
"TER-NFTB-T-15",2024-09-02,NA,15.9791666666667,16.125
"TER-NFTB-T-15",2024-09-03,NA,16.5,16.8333333333333
"TER-NFTB-T-15",2024-09-04,NA,16.5,16.7916666666667
"TER-NFTB-T-15",2024-09-05,NA,16.5208333333333,16.8125
"TER-NFTB-T-15",2024-09-06,NA,15.9791666666667,16.25
"TER-NFTB-T-15",2024-09-07,NA,16.2083333333333,16.375
"TER-NFTB-T-15",2024-09-08,NA,16.7083333333333,16.8125
"TER-NFTB-T-15",2024-09-09,NA,15.4791666666667,15.5833333333333
"TER-NFTB-T-15",2024-09-10,NA,16.5208333333333,16.5625
"TER-NFTB-T-15",2024-09-11,NA,NA,NA
"TER-NFTB-T-15",2024-09-12,NA,17.1458333333333,17.5
"TER-NFTB-T-15",2024-09-13,NA,16.8958333333333,17.2708333333333
"TER-NFTB-T-15",2024-09-14,NA,15.375,15.7708333333333
"TER-NFTB-T-15",2024-09-15,NA,15.75,16.25
"TER-NFTB-T-15",2024-09-16,NA,16.7916666666667,16.8958333333333
"TER-NFTB-T-15",2024-09-17,NA,17.2916666666667,17.5416666666667
"TER-NFTB-T-15",2024-09-18,NA,15.6666666666667,15.8541666666667
"TER-NFTB-T-15",2024-09-19,NA,15.625,15.8125
"TER-NFTB-T-15",2024-09-20,NA,15.75,15.8333333333333
"TER-NFTB-T-15",2024-09-21,NA,14.0416666666667,14.4583333333333
"TER-NFTB-T-15",2024-09-22,NA,16.9583333333333,17.3958333333333
"TER-NFTB-T-15",2024-09-23,NA,17.8125,18.2708333333333
"TER-NFTB-T-15",2024-09-24,NA,19.3125,19.5416666666667
"TER-NFTB-T-15",2024-09-25,NA,18.9791666666667,19.0833333333333
"TER-NFTB-T-15",2024-09-26,NA,15.875,15.9791666666667
"TER-NFTB-T-15",2024-09-27,NA,17.6458333333333,17.8958333333333
"TER-NFTB-T-15",2024-09-28,NA,18.4375,18.5416666666667
"TER-NFTB-T-15",2024-09-29,NA,19.1875,19.2291666666667
"TER-NFTB-T-15",2024-09-30,NA,19.5625,19.7083333333333
"TER-NFTB-T-15",2024-10-01,NA,19.9583333333333,20.0208333333333
"TER-NFTB-T-15",2024-10-02,NA,19.8333333333333,19.9166666666667
"TER-NFTB-T-15",2024-10-03,NA,19.6666666666667,19.7916666666667
"TER-NFTB-T-15",2024-10-04,NA,19.1458333333333,19.1875
"TER-NFTB-T-15",2024-10-05,NA,16.4166666666667,16.4375
"TER-NFTB-T-15",2024-10-06,NA,13.375,13.4166666666667
"TER-NFTB-T-15",2024-10-07,NA,15.6041666666667,15.8125
"TER-NFTB-T-15",2024-10-08,NA,17.7083333333333,17.7916666666667
"TER-NFTB-T-15",2024-10-09,NA,16.9791666666667,17.1666666666667
"TER-NFTB-T-15",2024-10-10,NA,16.0833333333333,16.125
"TER-NFTB-T-15",2024-10-11,NA,12.4375,12.5208333333333
"TER-NFTB-T-15",2024-10-12,NA,14.375,14.6666666666667
"TER-NFTB-T-15",2024-10-13,NA,17.375,17.5
"TER-NFTB-T-15",2024-10-14,NA,15.8333333333333,15.8541666666667
"TER-NFTB-T-15",2024-10-15,NA,13.8541666666667,13.8125
"TER-NFTB-T-15",2024-10-16,NA,12.9791666666667,13.0833333333333
"TER-NFTB-T-15",2024-10-17,NA,11.8541666666667,12.1458333333333
"TER-NFTB-T-15",2024-10-18,NA,15.5625,15.7916666666667
"TER-NFTB-T-15",2024-10-19,NA,16.6666666666667,16.75
"TER-NFTB-T-15",2024-10-20,NA,12.2083333333333,12.1458333333333
"TER-NFTB-T-15",2024-10-21,NA,9.25,9.33333333333333
"TER-NFTB-T-15",2024-10-22,NA,12.1875,12.4791666666667
"TER-NFTB-T-15",2024-10-23,NA,15.9375,16.1041666666667
"TER-NFTB-T-15",2024-10-24,NA,11.1041666666667,11.3125
"TER-NFTB-T-15",2024-10-25,NA,11.4166666666667,11.625
"TER-NFTB-T-15",2024-10-26,NA,11.9583333333333,12.1458333333333
"TER-NFTB-T-15",2024-10-27,NA,12.3333333333333,12.375
"TER-NFTB-T-15",2024-10-28,NA,12.3333333333333,12.5625
"TER-NFTB-T-15",2024-10-29,NA,13.5,13.6458333333333
"TER-NFTB-T-15",2024-10-30,NA,14.4583333333333,14.5625
"TER-NFTB-T-15",2024-10-31,NA,15.125,15.2083333333333
"TER-NFTB-T-15",2024-11-01,NA,16.875,16.8958333333333
"TER-NFTB-T-15",2024-11-02,NA,14.7916666666667,14.75
"TER-NFTB-T-15",2024-11-03,NA,14.6041666666667,14.625
"TER-NFTB-T-15",2024-11-04,NA,13.9791666666667,14.0208333333333
"TER-NFTB-T-15",2024-11-05,NA,14.875,14.9583333333333
"TER-NFTB-T-15",2024-11-06,NA,10.1875,10.0416666666667
"TER-NFTB-T-15",2024-11-07,NA,10.5416666666667,10.6041666666667
"TER-NFTB-T-15",2024-11-08,NA,15.1875,15.375
"TER-NFTB-T-15",2024-11-09,NA,15.7083333333333,15.9583333333333
"TER-NFTB-T-15",2024-11-10,NA,15.0833333333333,15.1666666666667
"TER-NFTB-T-15",2024-11-11,NA,15.9583333333333,16.0833333333333
"TER-NFTB-T-15",2024-11-12,NA,16.5208333333333,16.6041666666667
"TER-NFTB-T-15",2024-11-13,NA,14.7291666666667,14.75
"TER-NFTB-T-15",2024-11-14,NA,11.8125,11.625
"TER-NFTB-T-15",2024-11-15,NA,11.4166666666667,11.3125
"TER-NFTB-T-15",2024-11-16,NA,11.7291666666667,11.7916666666667
"TER-NFTB-T-15",2024-11-17,NA,12.4166666666667,12.5
"TER-NFTB-T-15",2024-11-18,NA,13.25,13.3541666666667
"TER-NFTB-T-15",2024-11-19,NA,13.375,13.375
"TER-NFTB-T-15",2024-11-20,NA,12.7708333333333,12.8333333333333
"TER-NFTB-T-15",2024-11-21,NA,13.8333333333333,13.9375
"TER-NFTB-T-15",2024-11-22,NA,15.375,15.4375
"TER-NFTB-T-15",2024-11-23,NA,13.4375,13.4166666666667
"TER-NFTB-T-15",2024-11-24,NA,9,8.9375
"TER-NFTB-T-15",2024-11-25,NA,11.8125,11.9375
"TER-NFTB-T-15",2024-11-26,NA,14.2291666666667,14.3958333333333
"TER-NFTB-T-15",2024-11-27,NA,12.9791666666667,12.9375
"TER-NFTB-T-15",2024-11-28,NA,11.8541666666667,11.8125
"TER-NFTB-T-15",2024-11-29,NA,11.75,11.7708333333333
"TER-NFTB-T-15",2024-11-30,NA,10.1875,10.2916666666667
"TER-NFTB-T-15",2024-12-01,NA,12.1041666666667,12.2916666666667
"TER-NFTB-T-15",2024-12-02,NA,13.5,13.6041666666667
"TER-NFTB-T-15",2024-12-03,NA,11.9166666666667,12.0833333333333
"TER-NFTB-T-15",2024-12-04,NA,12.7708333333333,12.9791666666667
"TER-NFTB-T-15",2024-12-05,NA,13.125,13.2708333333333
"TER-NFTB-T-15",2024-12-06,NA,13.8125,13.9791666666667
"TER-NFTB-T-15",2024-12-07,NA,13.1875,13.2916666666667
"TER-NFTB-T-15",2024-12-08,NA,13.2916666666667,13.2916666666667
"TER-NFTB-T-15",2024-12-09,NA,11.75,11.7291666666667
"TER-NFTB-T-15",2024-12-10,NA,11.25,11.2916666666667
"TER-NFTB-T-15",2024-12-11,NA,12.3125,12.3125
"TER-NFTB-T-15",2024-12-12,NA,9.83333333333333,9.83333333333333
"TER-NFTB-T-15",2024-12-13,NA,9.1875,9.14583333333333
"TER-NFTB-T-15",2024-12-14,NA,9.14583333333333,9
"TER-NFTB-T-15",2024-12-15,NA,NA,NA
"TER-NFTB-T-15",2024-12-16,NA,11.5833333333333,11.6041666666667
"TER-NFTB-T-15",2024-12-17,NA,10.6041666666667,10.6666666666667
"TER-NFTB-T-15",2024-12-18,NA,9.77083333333333,9.83333333333333
"TER-NFTB-T-15",2024-12-19,NA,8.625,8.58333333333333
"TER-NFTB-T-15",2024-12-20,NA,7.29166666666667,7.35416666666667
"TER-NFTB-T-15",2024-12-21,NA,9.10416666666667,9.04166666666667
"TER-NFTB-T-15",2024-12-22,NA,9.85416666666667,9.91666666666667
"TER-NFTB-T-15",2024-12-23,NA,10.1666666666667,10.1458333333333
"TER-NFTB-T-15",2024-12-24,NA,9.625,9.625
"TER-NFTB-T-15",2024-12-25,NA,9.97916666666667,9.97916666666667
"TER-NFTB-T-15",2024-12-26,NA,10.7916666666667,10.8958333333333
"TER-NFTB-T-15",2024-12-27,NA,12.2291666666667,12.3958333333333
"TER-NFTB-T-15",2024-12-28,NA,11.4791666666667,11.5625
"TER-NFTB-T-15",2024-12-29,NA,11.1875,11.2916666666667
"TER-NFTB-T-15",2024-12-30,NA,11.6666666666667,11.875
"TER-NFTB-T-15",2024-12-31,NA,13.25,13.2916666666667
"TER-NFTB-T-15",2025-01-01,NA,14.3125,14.3958333333333
"TER-NFTB-T-15",2025-01-02,NA,14.4166666666667,14.4791666666667
"TER-NFTB-T-15",2025-01-03,NA,14.0833333333333,14.0833333333333
"TER-NFTB-T-15",2025-01-04,NA,11.9166666666667,11.875
"TER-NFTB-T-15",2025-01-05,NA,11.5833333333333,11.5833333333333
"TER-NFTB-T-15",2025-01-06,NA,14.0208333333333,14.0833333333333
"TER-NFTB-T-15",2025-01-07,NA,11.3541666666667,11.3541666666667
"TER-NFTB-T-15",2025-01-08,NA,12.3333333333333,12.5
"TER-NFTB-T-15",2025-01-09,NA,14.8125,14.8541666666667
"TER-NFTB-T-15",2025-01-10,NA,14.75,14.7916666666667
"TER-NFTB-T-15",2025-01-11,NA,14.4791666666667,14.4791666666667
"TER-NFTB-T-15",2025-01-12,NA,12.9791666666667,12.9166666666667
"TER-NFTB-T-15",2025-01-13,NA,13.9583333333333,13.9791666666667
"TER-NFTB-T-15",2025-01-14,NA,13.8541666666667,13.875
"TER-NFTB-T-15",2025-01-15,NA,13.7291666666667,13.8125
"TER-NFTB-T-15",2025-01-16,NA,14.4791666666667,14.4791666666667
"TER-NFTB-T-15",2025-01-17,NA,13.4166666666667,13.3333333333333
"TER-NFTB-T-15",2025-01-18,NA,9.4375,9.39583333333333
"TER-NFTB-T-15",2025-01-19,NA,10.25,10.2916666666667
"TER-NFTB-T-15",2025-01-20,NA,9.5625,9.5625
"TER-NFTB-T-15",2025-01-21,NA,8.5625,8.39583333333333
"TER-NFTB-T-15",2025-01-22,NA,7.33333333333333,7.16666666666667
"TER-NFTB-T-15",2025-01-23,NA,11.3125,11.4791666666667
"TER-NFTB-T-15",2025-01-24,NA,9.3125,9.20833333333333
"TER-NFTB-T-15",2025-01-25,NA,10.5208333333333,10.5208333333333
"TER-NFTB-T-15",2025-01-26,NA,10.2708333333333,10.0625
"TER-NFTB-T-15",2025-01-27,NA,8.35416666666667,8.39583333333333
"TER-NFTB-T-15",2025-01-28,NA,10.8333333333333,10.8958333333333
"TER-NFTB-T-15",2025-01-29,NA,10.4375,10.4166666666667
"TER-NFTB-T-15",2025-01-30,NA,11.375,11.4375
"TER-NFTB-T-15",2025-01-31,NA,12.7083333333333,12.7916666666667
"TER-NFTB-T-15",2025-02-01,NA,10,9.79166666666667
"TER-NFTB-T-15",2025-02-02,NA,10.25,10.3541666666667
"TER-NFTB-T-15",2025-02-03,NA,12.1458333333333,12.125
"TER-NFTB-T-15",2025-02-04,NA,9.14583333333333,9.04166666666667
"TER-NFTB-T-15",2025-02-05,NA,13.375,13.4791666666667
"TER-NFTB-T-15",2025-02-06,NA,12.6875,12.7291666666667
"TER-NFTB-T-15",2025-02-07,NA,12.2083333333333,12.1875
"TER-NFTB-T-15",2025-02-08,NA,9.625,9.64583333333333
"TER-NFTB-T-15",2025-02-09,NA,10.1875,10.1666666666667
"TER-NFTB-T-15",2025-02-10,NA,9.9375,9.875
"TER-NFTB-T-15",2025-02-11,NA,11.6666666666667,11.75
"TER-NFTB-T-15",2025-02-12,NA,11.6666666666667,11.7291666666667
"TER-NFTB-T-15",2025-02-13,NA,6.5,6.39583333333333
"TER-NFTB-T-15",2025-02-14,NA,4.52083333333333,4.45833333333333
"TER-NFTB-T-15",2025-02-15,NA,8.4375,8.41666666666667
"TER-NFTB-T-15",2025-02-16,NA,9.89583333333333,9.875
"TER-NFTB-T-15",2025-02-17,NA,7.52083333333333,7.27083333333333
"TER-NFTB-T-15",2025-02-18,NA,10.2708333333333,10.3333333333333
"TER-NFTB-T-15",2025-02-19,NA,12.2916666666667,12.3958333333333
"TER-NFTB-T-15",2025-02-20,NA,9.95833333333333,9.89583333333333
"TER-NFTB-T-15",2025-02-21,NA,8.60416666666667,8.64583333333333
"TER-NFTB-T-15",2025-02-22,NA,12.0833333333333,12.1666666666667
"TER-NFTB-T-15",2025-02-23,NA,12.4583333333333,12.5
"TER-NFTB-T-15",2025-02-24,NA,9.02083333333333,8.83333333333333
"TER-NFTB-T-15",2025-02-25,NA,9.875,10.0208333333333
"TER-NFTB-T-15",2025-02-26,NA,9.4375,9.39583333333333
"TER-NFTB-T-15",2025-02-27,NA,6.95833333333333,7.14583333333333
"TER-NFTB-T-15",2025-02-28,NA,9.125,9.25
"TER-NFTB-T-15",2025-03-01,NA,8.22916666666667,8.4375
"TER-NFTB-T-15",2025-03-02,NA,8.14583333333333,8.29166666666667
"TER-NFTB-T-15",2025-03-03,NA,7.54166666666667,7.8125
"TER-NFTB-T-15",2025-03-04,NA,10.3333333333333,10.5416666666667
"TER-NFTB-T-15",2025-03-05,NA,10.5833333333333,10.7291666666667
"TER-NFTB-T-15",2025-03-06,NA,6.75,6.64583333333333
"TER-NFTB-T-15",2025-03-07,NA,4.60416666666667,4.6875
"TER-NFTB-T-15",2025-03-08,NA,6.0625,6.20833333333333
"TER-NFTB-T-15",2025-03-09,NA,8.29166666666667,8.1875
"TER-NFTB-T-15",2025-03-10,NA,11.5833333333333,11.75
"TER-NFTB-T-15",2025-03-11,NA,8.77083333333333,8.6875
"TER-NFTB-T-15",2025-03-12,NA,6.04166666666667,6.02083333333333
"TER-NFTB-T-15",2025-03-13,NA,7,7.04166666666667
"TER-NFTB-T-15",2025-03-14,NA,10.0208333333333,10.125
"TER-NFTB-T-15",2025-03-15,NA,10.6041666666667,10.7291666666667
"TER-NFTB-T-15",2025-03-16,NA,7.52083333333333,7.47916666666667
"TER-NFTB-T-15",2025-03-17,NA,8.52083333333333,8.60416666666667
"TER-NFTB-T-15",2025-03-18,NA,5.22916666666667,5
"TER-NFTB-T-15",2025-03-19,NA,6.875,6.89583333333333
"TER-NFTB-T-15",2025-03-20,NA,8.625,8.72916666666667
"TER-NFTB-T-15",2025-03-21,NA,8.64583333333333,8.6875
"TER-NFTB-T-15",2025-03-22,NA,5.79166666666667,6.0625
"TER-NFTB-T-15",2025-03-23,NA,7.77083333333333,8.1875
"TER-NFTB-T-15",2025-03-24,NA,9.35416666666667,9.8125
"TER-NFTB-T-15",2025-03-25,NA,10.1458333333333,10.3333333333333
"TER-NFTB-T-15",2025-03-26,NA,8.22916666666667,8.27083333333333
"TER-NFTB-T-15",2025-03-27,NA,8.75,9.02083333333333
"TER-NFTB-T-15",2025-03-28,NA,9.47916666666667,9.70833333333333
"TER-NFTB-T-15",2025-03-29,NA,9.875,10.125
"TER-NFTB-T-15",2025-03-30,NA,9.70833333333333,9.91666666666667
"TER-NFTB-T-15",2025-03-31,NA,8.79166666666667,8.77083333333333
"TER-NFTB-T-15",2025-04-01,NA,4.52083333333333,4.70833333333333
"TER-NFTB-T-15",2025-04-02,NA,6.16666666666667,6.35416666666667
"TER-NFTB-T-15",2025-04-03,NA,9.33333333333333,9.4375
"TER-NFTB-T-15",2025-04-04,NA,7.9375,7.875
"TER-NFTB-T-15",2025-04-05,NA,6.77083333333333,6.75
"TER-NFTB-T-15",2025-04-06,NA,10.1875,10.1875
"TER-NFTB-T-15",2025-04-07,NA,9.8125,9.77083333333333
"TER-NFTB-T-15",2025-04-08,NA,9.47916666666667,9.60416666666667
"TER-NFTB-T-15",2025-04-09,NA,9.6875,9.72916666666667
"TER-NFTB-T-15",2025-04-10,NA,10.125,10.1666666666667
"TER-NFTB-T-15",2025-04-11,NA,9.60416666666667,9.58333333333333
"TER-NFTB-T-15",2025-04-12,NA,10,9.95833333333333
"TER-NFTB-T-15",2025-04-13,NA,11.0416666666667,11.125
"TER-NFTB-T-15",2025-04-14,NA,8.8125,8.83333333333333
"TER-NFTB-T-15",2025-04-15,NA,10.0416666666667,10.3125
"TER-NFTB-T-15",2025-04-16,NA,12.1458333333333,12.3125
"TER-NFTB-T-15",2025-04-17,NA,10.8333333333333,10.8958333333333
"TER-NFTB-T-15",2025-04-18,NA,9.72916666666667,9.54166666666667
"TER-NFTB-T-15",2025-04-19,NA,9.375,9.66666666666667
"TER-NFTB-T-15",2025-04-20,NA,11.2291666666667,11.1875
"TER-NFTB-T-15",2025-04-21,NA,11.2291666666667,11.7291666666667
"TER-NFTB-T-15",2025-04-22,NA,12.6458333333333,13.0833333333333
"TER-NFTB-T-15",2025-04-23,NA,12.1041666666667,12.125
"TER-NFTB-T-15",2025-04-24,NA,9.97916666666667,10.1666666666667
"TER-NFTB-T-15",2025-04-25,NA,9.25,9.66666666666667
"TER-NFTB-T-15",2025-04-26,NA,11.375,11.7083333333333
"TER-NFTB-T-15",2025-04-27,NA,10.3333333333333,10.1041666666667
"TER-NFTB-T-15",2025-04-28,NA,6.1875,6.35416666666667
"TER-NFTB-T-15",2025-04-29,NA,7.4375,7.5625
"TER-NFTB-T-15",2025-04-30,NA,10.0208333333333,10
"TER-NFTB-T-15",2025-05-01,NA,10.5,10.4791666666667
"TER-NFTB-T-15",2025-05-02,NA,10.2916666666667,10.2291666666667
"TER-NFTB-T-15",2025-05-03,NA,11.1666666666667,11.375
"TER-NFTB-T-15",2025-05-04,NA,10.8541666666667,10.8333333333333
"TER-NFTB-T-15",2025-05-05,NA,10.4791666666667,10.5833333333333
"TER-NFTB-T-15",2025-05-06,NA,11.4166666666667,11.4583333333333
"TER-NFTB-T-15",2025-05-07,NA,8.29166666666667,8.125
"TER-NFTB-T-15",2025-05-08,NA,9.52083333333333,9.625
"TER-NFTB-T-15",2025-05-09,NA,9.66666666666667,9.625
"TER-NFTB-T-15",2025-05-10,NA,10.6875,11.1875
"TER-NFTB-T-15",2025-05-11,NA,11.4375,11.7291666666667
"TER-NFTB-T-15",2025-05-12,NA,10.6875,10.7708333333333
"TER-NFTB-T-15",2025-05-13,NA,10.625,10.9375
"TER-NFTB-T-15",2025-05-14,NA,12.6458333333333,12.9166666666667
"TER-NFTB-T-15",2025-05-15,NA,12.6458333333333,12.625
"TER-NFTB-T-15",2025-05-16,NA,9.08333333333333,9.10416666666667
"TER-NFTB-T-15",2025-05-17,NA,10.5,10.9375
"TER-NFTB-T-15",2025-05-18,NA,13.4166666666667,13.6041666666667
"TER-NFTB-T-15",2025-05-19,NA,14.4583333333333,14.7083333333333
"TER-NFTB-T-15",2025-05-20,NA,15.7083333333333,16.0208333333333
"TER-NFTB-T-15",2025-05-21,NA,15.7291666666667,16.1041666666667
"TER-NFTB-T-15",2025-05-22,NA,14.7708333333333,15.0416666666667
"TER-NFTB-T-15",2025-05-23,NA,13.6666666666667,14.0625
"TER-NFTB-T-15",2025-05-24,NA,13.4375,13.7083333333333
"TER-NFTB-T-15",2025-05-25,NA,14.2291666666667,14.5625
"TER-NFTB-T-15",2025-05-26,NA,12.6458333333333,13.3333333333333
"TER-NFTB-T-15",2025-05-27,NA,13.8958333333333,14.25
"TER-NFTB-T-15",2025-05-28,NA,14.2916666666667,14.3958333333333
"TER-NFTB-T-15",2025-05-29,NA,14.3125,14.4166666666667
"TER-NFTB-T-15",2025-05-30,NA,12.5,12.4583333333333
"TER-NFTB-T-15",2025-05-31,NA,12,12.4791666666667
"TER-NFTB-T-15",2025-06-01,NA,13.2083333333333,13.6458333333333
"TER-NFTB-T-15",2025-06-02,NA,13.9583333333333,14.4791666666667
"TER-NFTB-T-15",2025-06-03,NA,14.875,15.1666666666667
"TER-NFTB-T-15",2025-06-04,NA,14.2708333333333,14.3333333333333
"TER-NFTB-T-15",2025-06-05,NA,14.0208333333333,14.0833333333333
"TER-NFTB-T-15",2025-06-06,NA,14.8958333333333,14.9166666666667
"TER-NFTB-T-15",2025-06-07,NA,15.3541666666667,15.3125
"TER-NFTB-T-15",2025-06-08,NA,14.4791666666667,14.5625
"TER-NFTB-T-15",2025-06-09,NA,14.1458333333333,14.1458333333333
"TER-NFTB-T-15",2025-06-10,NA,14.8333333333333,14.8333333333333
"TER-NFTB-T-15",2025-06-11,NA,15.8125,15.9166666666667
"TER-NFTB-T-15",2025-06-12,NA,15.0625,15.2083333333333
"TER-NFTB-T-18",2023-08-09,15.0416666666667,19,11.6458333333333
"TER-NFTB-T-18",2023-08-10,12.1458333333333,17.9583333333333,11.4791666666667
"TER-NFTB-T-18",2023-08-11,16.25,17.4791666666667,7.5625
"TER-NFTB-T-18",2023-08-12,16.9791666666667,18.125,11.1666666666667
"TER-NFTB-T-18",2023-08-13,17.0625,19.4375,9
"TER-NFTB-T-18",2023-08-14,18.25,18.6458333333333,13.3541666666667
"TER-NFTB-T-18",2023-08-15,17.2291666666667,18.8125,14.1041666666667
"TER-NFTB-T-18",2023-08-16,16.5208333333333,20.3125,13.3541666666667
"TER-NFTB-T-18",2023-08-17,16.6875,20.7083333333333,12.2708333333333
"TER-NFTB-T-18",2023-08-18,14.6875,18.1041666666667,13.375
"TER-NFTB-T-18",2023-08-19,12.9583333333333,17.8125,12.5208333333333
"TER-NFTB-T-18",2023-08-20,16.2083333333333,16.8541666666667,11.8541666666667
"TER-NFTB-T-18",2023-08-21,17.5833333333333,16.2291666666667,10.4166666666667
"TER-NFTB-T-18",2023-08-22,17.5208333333333,14.7708333333333,13.5625
"TER-NFTB-T-18",2023-08-23,17.3125,15.1458333333333,13.5416666666667
"TER-NFTB-T-18",2023-08-24,15.3541666666667,15.3541666666667,13.9583333333333
"TER-NFTB-T-18",2023-08-25,12.9166666666667,17.1875,13.4791666666667
"TER-NFTB-T-18",2023-08-26,16.5833333333333,17.3333333333333,14.5833333333333
"TER-NFTB-T-18",2023-08-27,17.3333333333333,17,14.4375
"TER-NFTB-T-18",2023-08-28,14.0208333333333,18.0625,15.125
"TER-NFTB-T-18",2023-08-29,NA,18,12.9583333333333
"TER-NFTB-T-18",2023-08-30,NA,17.5208333333333,12.4166666666667
"TER-NFTB-T-18",2023-08-31,NA,17.2083333333333,9.75
"TER-NFTB-T-18",2023-09-01,NA,18.3125,13.5
"TER-NFTB-T-18",2023-09-02,NA,18.0625,9.125
"TER-NFTB-T-18",2023-09-03,NA,18.4583333333333,13.3541666666667
"TER-NFTB-T-18",2023-09-04,NA,17.7916666666667,9.66666666666667
"TER-NFTB-T-18",2023-09-05,NA,16.3958333333333,15.1666666666667
"TER-NFTB-T-18",2023-09-06,NA,15.7291666666667,11.0208333333333
"TER-NFTB-T-18",2023-09-07,NA,15.5,13.6875
"TER-NFTB-T-18",2023-09-08,NA,15.1666666666667,8.95833333333333
"TER-NFTB-T-18",2023-09-09,NA,15.5833333333333,9.66666666666667
"TER-NFTB-T-18",2023-09-10,NA,15.4166666666667,6.8125
"TER-NFTB-T-18",2023-09-11,NA,16.4166666666667,12.5416666666667
"TER-NFTB-T-18",2023-09-12,NA,17.5,12.6041666666667
"TER-NFTB-T-18",2023-09-13,NA,17.9583333333333,16.5833333333333
"TER-NFTB-T-18",2023-09-14,NA,18.4375,11.1666666666667
"TER-NFTB-T-18",2023-09-15,NA,15.0208333333333,16.4791666666667
"TER-NFTB-T-18",2023-09-16,NA,13.9375,13.7708333333333
"TER-NFTB-T-18",2023-09-17,NA,13.8125,16.1458333333333
"TER-NFTB-T-18",2023-09-18,NA,14.7708333333333,11.6875
"TER-NFTB-T-18",2023-09-19,NA,16,13.6041666666667
"TER-NFTB-T-18",2023-09-20,NA,18.6458333333333,13.1458333333333
"TER-NFTB-T-18",2023-09-21,NA,14.25,14.875
"TER-NFTB-T-18",2023-09-22,NA,16.5625,14.1666666666667
"TER-NFTB-T-18",2023-09-23,NA,17.8541666666667,15
"TER-NFTB-T-18",2023-09-24,NA,15.1666666666667,14.1875
"TER-NFTB-T-18",2023-09-25,NA,15.7708333333333,15.0833333333333
"TER-NFTB-T-18",2023-09-26,NA,16.1041666666667,14.3125
"TER-NFTB-T-18",2023-09-27,NA,16.1875,12.9166666666667
"TER-NFTB-T-18",2023-09-28,NA,15.8541666666667,10.2708333333333
"TER-NFTB-T-18",2023-09-29,NA,17.9583333333333,12.75
"TER-NFTB-T-18",2023-09-30,NA,15.1666666666667,8.33333333333333
"TER-NFTB-T-18",2023-10-01,NA,14.7083333333333,NA
"TER-NFTB-T-18",2023-10-02,NA,13.2708333333333,NA
"TER-NFTB-T-18",2023-10-03,NA,14.5833333333333,NA
"TER-NFTB-T-18",2023-10-04,NA,17.8958333333333,NA
"TER-NFTB-T-18",2023-10-05,NA,17.6041666666667,NA
"TER-NFTB-T-18",2023-10-06,NA,15.7083333333333,NA
"TER-NFTB-T-18",2023-10-07,NA,14.2083333333333,NA
"TER-NFTB-T-18",2023-10-08,NA,14.9375,NA
"TER-NFTB-T-18",2023-10-09,NA,14.9375,NA
"TER-NFTB-T-18",2023-10-10,NA,15.6875,NA
"TER-NFTB-T-18",2023-10-11,NA,15.2083333333333,NA
"TER-NFTB-T-18",2023-10-12,NA,14.4166666666667,NA
"TER-NFTB-T-18",2023-10-13,NA,14.1458333333333,NA
"TER-NFTB-T-18",2023-10-14,NA,15.6458333333333,NA
"TER-NFTB-T-18",2023-10-15,NA,17.6666666666667,NA
"TER-NFTB-T-18",2023-10-16,NA,15.1041666666667,NA
"TER-NFTB-T-18",2023-10-17,NA,15.4583333333333,NA
"TER-NFTB-T-18",2023-10-18,NA,16.875,NA
"TER-NFTB-T-18",2023-10-19,NA,12.25,NA
"TER-NFTB-T-18",2023-10-20,NA,11.8125,NA
"TER-NFTB-T-18",2023-10-21,NA,11.5416666666667,NA
"TER-NFTB-T-18",2023-10-22,NA,11.6875,NA
"TER-NFTB-T-18",2023-10-23,NA,13.8125,NA
"TER-NFTB-T-18",2023-10-24,NA,17.0625,NA
"TER-NFTB-T-18",2023-10-25,NA,16.2291666666667,NA
"TER-NFTB-T-18",2023-10-26,NA,10.9583333333333,NA
"TER-NFTB-T-18",2023-10-27,NA,12.25,NA
"TER-NFTB-T-18",2023-10-28,NA,11.9583333333333,NA
"TER-NFTB-T-18",2023-10-29,NA,9.95833333333333,NA
"TER-NFTB-T-18",2023-10-30,NA,11.0208333333333,NA
"TER-NFTB-T-18",2023-10-31,NA,12.7916666666667,NA
"TER-NFTB-T-18",2023-11-01,NA,14.5,NA
"TER-NFTB-T-18",2023-11-02,NA,12,NA
"TER-NFTB-T-18",2023-11-03,NA,14.75,NA
"TER-NFTB-T-18",2023-11-04,NA,9.77083333333333,NA
"TER-NFTB-T-18",2023-11-05,NA,8.39583333333333,NA
"TER-NFTB-T-18",2023-11-06,NA,9.22916666666667,NA
"TER-NFTB-T-18",2023-11-07,NA,13.125,NA
"TER-NFTB-T-18",2023-11-08,NA,15.5,NA
"TER-NFTB-T-18",2023-11-09,NA,15.6666666666667,NA
"TER-NFTB-T-18",2023-11-10,NA,16.6666666666667,NA
"TER-NFTB-T-18",2023-11-11,NA,15.1041666666667,NA
"TER-NFTB-T-18",2023-11-12,NA,15.0208333333333,NA
"TER-NFTB-T-18",2023-11-13,NA,12.3333333333333,NA
"TER-NFTB-T-18",2023-11-14,NA,13.4791666666667,NA
"TER-NFTB-T-18",2023-11-15,NA,16.4791666666667,NA
"TER-NFTB-T-18",2023-11-16,NA,16.375,NA
"TER-NFTB-T-18",2023-11-17,NA,14.4583333333333,NA
"TER-NFTB-T-18",2023-11-18,NA,12.0625,NA
"TER-NFTB-T-18",2023-11-19,NA,10.2916666666667,NA
"TER-NFTB-T-18",2023-11-20,NA,11.5625,NA
"TER-NFTB-T-18",2023-11-21,NA,14.3333333333333,NA
"TER-NFTB-T-18",2023-11-22,NA,13.2291666666667,NA
"TER-NFTB-T-18",2023-11-23,NA,NA,NA
"TER-NFTB-T-18",2023-11-24,14.7916666666667,15.4791666666667,NA
"TER-NFTB-T-18",2023-11-25,15.5416666666667,16.0416666666667,NA
"TER-NFTB-T-18",2023-11-26,15.6875,15.8541666666667,NA
"TER-NFTB-T-18",2023-11-27,13.9583333333333,13.75,NA
"TER-NFTB-T-18",2023-11-28,14.0208333333333,13.9166666666667,NA
"TER-NFTB-T-18",2023-11-29,13.0833333333333,12.7916666666667,NA
"TER-NFTB-T-18",2023-11-30,NA,NA,NA
"TER-NFTB-T-18",2023-12-01,8.70833333333333,8.5,NA
"TER-NFTB-T-18",2023-12-02,9.83333333333333,9.5625,NA
"TER-NFTB-T-18",2023-12-03,7.625,7.47916666666667,NA
"TER-NFTB-T-18",2023-12-04,8.6875,8.77083333333333,NA
"TER-NFTB-T-18",2023-12-05,12.2083333333333,13.0625,NA
"TER-NFTB-T-18",2023-12-06,13.5833333333333,14.0208333333333,NA
"TER-NFTB-T-18",2023-12-07,11.3958333333333,11.4166666666667,NA
"TER-NFTB-T-18",2023-12-08,14.0208333333333,14.7083333333333,NA
"TER-NFTB-T-18",2023-12-09,13.9583333333333,14.1875,NA
"TER-NFTB-T-18",2023-12-10,12.5833333333333,12.2916666666667,NA
"TER-NFTB-T-18",2023-12-11,10,9.52083333333333,NA
"TER-NFTB-T-18",2023-12-12,8.70833333333333,8.27083333333333,NA
"TER-NFTB-T-18",2023-12-13,8.41666666666667,8.29166666666667,NA
"TER-NFTB-T-18",2023-12-14,9.39583333333333,9.47916666666667,NA
"TER-NFTB-T-18",2023-12-15,12.9583333333333,13.75,NA
"TER-NFTB-T-18",2023-12-16,NA,15,NA
"TER-NFTB-T-18",2023-12-17,NA,15.0625,NA
"TER-NFTB-T-18",2023-12-18,NA,13.3125,NA
"TER-NFTB-T-18",2023-12-19,NA,9.6875,NA
"TER-NFTB-T-18",2023-12-20,NA,11.5416666666667,NA
"TER-NFTB-T-18",2023-12-21,NA,9.60416666666667,NA
"TER-NFTB-T-18",2023-12-22,NA,9.27083333333333,NA
"TER-NFTB-T-18",2023-12-23,NA,9.625,NA
"TER-NFTB-T-18",2023-12-24,NA,10.5625,NA
"TER-NFTB-T-18",2023-12-25,NA,12.2083333333333,NA
"TER-NFTB-T-18",2023-12-26,NA,9.5625,NA
"TER-NFTB-T-18",2023-12-27,NA,6.97916666666667,NA
"TER-NFTB-T-18",2023-12-28,NA,8.125,NA
"TER-NFTB-T-18",2023-12-29,NA,9.14583333333333,NA
"TER-NFTB-T-18",2023-12-30,NA,8.1875,NA
"TER-NFTB-T-18",2023-12-31,NA,9.0625,NA
"TER-NFTB-T-18",2024-01-01,NA,12.6458333333333,NA
"TER-NFTB-T-18",2024-01-02,NA,10.0625,NA
"TER-NFTB-T-18",2024-01-03,NA,9.875,NA
"TER-NFTB-T-18",2024-01-04,NA,9.95833333333333,NA
"TER-NFTB-T-18",2024-01-05,NA,11.5208333333333,NA
"TER-NFTB-T-18",2024-01-06,NA,10.6041666666667,NA
"TER-NFTB-T-18",2024-01-07,NA,9.89583333333333,NA
"TER-NFTB-T-18",2024-01-08,NA,9.60416666666667,NA
"TER-NFTB-T-18",2024-01-09,NA,11.875,NA
"TER-NFTB-T-18",2024-01-10,NA,13.0625,NA
"TER-NFTB-T-18",2024-01-11,NA,10.8125,NA
"TER-NFTB-T-18",2024-01-12,NA,11.4583333333333,NA
"TER-NFTB-T-18",2024-01-13,NA,11,NA
"TER-NFTB-T-18",2024-01-14,NA,9.6875,NA
"TER-NFTB-T-18",2024-01-15,NA,9,NA
"TER-NFTB-T-18",2024-01-16,NA,8.54166666666667,NA
"TER-NFTB-T-18",2024-01-17,NA,7.95833333333333,NA
"TER-NFTB-T-18",2024-01-18,7.04166666666667,6.9375,NA
"TER-NFTB-T-18",2024-01-19,10.1875,10.8958333333333,NA
"TER-NFTB-T-18",2024-01-20,10.1458333333333,10.4375,NA
"TER-NFTB-T-18",2024-01-21,12.5833333333333,13.375,NA
"TER-NFTB-T-18",2024-01-22,12.3125,12.8125,NA
"TER-NFTB-T-18",2024-01-23,12.5,NA,NA
"TER-NFTB-T-18",2024-01-24,12.0416666666667,12.1666666666667,NA
"TER-NFTB-T-18",2024-01-25,10.0416666666667,9.83333333333333,NA
"TER-NFTB-T-18",2024-01-26,11.625,11.9583333333333,NA
"TER-NFTB-T-18",2024-01-27,11.4375,11.5,NA
"TER-NFTB-T-18",2024-01-28,7.27083333333333,6.89583333333333,NA
"TER-NFTB-T-18",2024-01-29,9.66666666666667,9.875,NA
"TER-NFTB-T-18",2024-01-30,10.7708333333333,10.8333333333333,NA
"TER-NFTB-T-18",2024-01-31,9.91666666666667,9.97916666666667,NA
"TER-NFTB-T-18",2024-02-01,11.2708333333333,11.5625,NA
"TER-NFTB-T-18",2024-02-02,11.9166666666667,12.2083333333333,NA
"TER-NFTB-T-18",2024-02-03,11.1666666666667,11.1041666666667,NA
"TER-NFTB-T-18",2024-02-04,11.2291666666667,11.2916666666667,NA
"TER-NFTB-T-18",2024-02-05,12.4166666666667,12.75,NA
"TER-NFTB-T-18",2024-02-06,13,13.4583333333333,NA
"TER-NFTB-T-18",2024-02-07,11.9166666666667,11.875,NA
"TER-NFTB-T-18",2024-02-08,10.2291666666667,10.1666666666667,NA
"TER-NFTB-T-18",2024-02-09,9.20833333333333,9.0625,NA
"TER-NFTB-T-18",2024-02-10,11.6041666666667,12.0833333333333,NA
"TER-NFTB-T-18",2024-02-11,11.75,11.9166666666667,NA
"TER-NFTB-T-18",2024-02-12,11.1875,11.2083333333333,NA
"TER-NFTB-T-18",2024-02-13,10.6875,10.6041666666667,NA
"TER-NFTB-T-18",2024-02-14,8.70833333333333,8.52083333333333,NA
"TER-NFTB-T-18",2024-02-15,11.625,12.3333333333333,12.4375
"TER-NFTB-T-18",2024-02-16,13.1041666666667,13.5625,NA
"TER-NFTB-T-18",2024-02-17,12.25,12.3333333333333,NA
"TER-NFTB-T-18",2024-02-18,10.4791666666667,10.75,NA
"TER-NFTB-T-18",2024-02-19,12.0416666666667,12.2708333333333,NA
"TER-NFTB-T-18",2024-02-20,11.4791666666667,11.5208333333333,NA
"TER-NFTB-T-18",2024-02-21,12,12.2083333333333,NA
"TER-NFTB-T-18",2024-02-22,8.77083333333333,8.77083333333333,NA
"TER-NFTB-T-18",2024-02-23,8.72916666666667,8.83333333333333,NA
"TER-NFTB-T-18",2024-02-24,9.79166666666667,9.95833333333333,10.0416666666667
"TER-NFTB-T-18",2024-02-25,11.5208333333333,11.7916666666667,11.8125
"TER-NFTB-T-18",2024-02-26,9.39583333333333,9.45833333333333,9.35416666666667
"TER-NFTB-T-18",2024-02-27,9.4375,9.95833333333333,9.89583333333333
"TER-NFTB-T-18",2024-02-28,9.8125,10.1666666666667,10.3125
"TER-NFTB-T-18",2024-02-29,8.10416666666667,8.0625,8.0625
"TER-NFTB-T-18",2024-03-01,8.08333333333333,8.52083333333333,8.47916666666667
"TER-NFTB-T-18",2024-03-02,7.8125,8.29166666666667,8.29166666666667
"TER-NFTB-T-18",2024-03-03,8.0625,8.33333333333333,8.29166666666667
"TER-NFTB-T-18",2024-03-04,6.47916666666667,6.66666666666667,6.75
"TER-NFTB-T-18",2024-03-05,7.9375,8.14583333333333,8.08333333333333
"TER-NFTB-T-18",2024-03-06,5.83333333333333,5.79166666666667,5.72916666666667
"TER-NFTB-T-18",2024-03-07,7.9375,8.1875,8.22916666666667
"TER-NFTB-T-18",2024-03-08,9.125,9.4375,9.39583333333333
"TER-NFTB-T-18",2024-03-09,9.33333333333333,9.66666666666667,9.60416666666667
"TER-NFTB-T-18",2024-03-10,9.6875,10.1666666666667,10.1666666666667
"TER-NFTB-T-18",2024-03-11,10.7708333333333,11.1458333333333,11.1458333333333
"TER-NFTB-T-18",2024-03-12,10.5208333333333,11,11.0625
"TER-NFTB-T-18",2024-03-13,NA,NA,NA
"TER-NFTB-T-18",2024-03-14,11.6875,12.0625,12.0833333333333
"TER-NFTB-T-18",2024-03-15,11.8333333333333,11.9583333333333,12
"TER-NFTB-T-18",2024-03-16,9.9375,10.0416666666667,10.1875
"TER-NFTB-T-18",2024-03-17,9.97916666666667,10.2083333333333,10.3125
"TER-NFTB-T-18",2024-03-18,11.2083333333333,11.4583333333333,11.4375
"TER-NFTB-T-18",2024-03-19,8.22916666666667,8.58333333333333,8.375
"TER-NFTB-T-18",2024-03-20,9.25,9.97916666666667,9.9375
"TER-NFTB-T-18",2024-03-21,10.0208333333333,10.3125,10.4166666666667
"TER-NFTB-T-18",2024-03-22,11.1041666666667,11.2916666666667,11.2708333333333
"TER-NFTB-T-18",2024-03-23,9.20833333333333,9.04166666666667,8.97916666666667
"TER-NFTB-T-18",2024-03-24,9.0625,9.1875,9.125
"TER-NFTB-T-18",2024-03-25,7.9375,8.02083333333333,8.04166666666667
"TER-NFTB-T-18",2024-03-26,8.95833333333333,9.22916666666667,9.20833333333333
"TER-NFTB-T-18",2024-03-27,8.1875,8.25,8.33333333333333
"TER-NFTB-T-18",2024-03-28,4.83333333333333,4.75,4.625
"TER-NFTB-T-18",2024-03-29,8.0625,8.25,8.25
"TER-NFTB-T-18",2024-03-30,8.1875,8.125,8.14583333333333
"TER-NFTB-T-18",2024-03-31,6.64583333333333,6.85416666666667,7.0625
"TER-NFTB-T-18",2024-04-01,10.1875,10.75,10.8541666666667
"TER-NFTB-T-18",2024-04-02,10.3958333333333,10.9375,10.9791666666667
"TER-NFTB-T-18",2024-04-03,10.9375,11.3541666666667,11.3125
"TER-NFTB-T-18",2024-04-04,8.58333333333333,8.45833333333333,8.33333333333333
"TER-NFTB-T-18",2024-04-05,NA,NA,NA
"TER-NFTB-T-18",2024-04-06,8.375,8.66666666666667,8.5625
"TER-NFTB-T-18",2024-04-07,11.1666666666667,11.5,11.5
"TER-NFTB-T-18",2024-04-08,10.5833333333333,11.0416666666667,11.0416666666667
"TER-NFTB-T-18",2024-04-09,12.125,12.75,12.8333333333333
"TER-NFTB-T-18",2024-04-10,12.8333333333333,13.2916666666667,13.3125
"TER-NFTB-T-18",2024-04-11,13.0208333333333,13.3333333333333,13.25
"TER-NFTB-T-18",2024-04-12,12,12.1458333333333,11.9583333333333
"TER-NFTB-T-18",2024-04-13,11.375,11.3958333333333,11.3333333333333
"TER-NFTB-T-18",2024-04-14,10.3333333333333,10.3333333333333,10.3125
"TER-NFTB-T-18",2024-04-15,11.8958333333333,12.1458333333333,12.125
"TER-NFTB-T-18",2024-04-16,12.5833333333333,12.6875,12.6666666666667
"TER-NFTB-T-18",2024-04-17,12.4166666666667,12.5416666666667,12.4583333333333
"TER-NFTB-T-18",2024-04-18,12.3541666666667,12.3333333333333,12.375
"TER-NFTB-T-18",2024-04-19,11.75,11.7708333333333,11.7083333333333
"TER-NFTB-T-18",2024-04-20,11.2916666666667,11.4583333333333,11.3958333333333
"TER-NFTB-T-18",2024-04-21,12.4375,12.6041666666667,12.5
"TER-NFTB-T-18",2024-04-22,11.1875,11.2708333333333,11.1875
"TER-NFTB-T-18",2024-04-23,11.4166666666667,11.3958333333333,11.3333333333333
"TER-NFTB-T-18",2024-04-24,10.6458333333333,10.6875,10.625
"TER-NFTB-T-18",2024-04-25,11.5,11.5833333333333,11.3958333333333
"TER-NFTB-T-18",2024-04-26,9.47916666666667,9.375,9.35416666666667
"TER-NFTB-T-18",2024-04-27,8.91666666666667,9.04166666666667,9.10416666666667
"TER-NFTB-T-18",2024-04-28,9.4375,9.70833333333333,9.60416666666667
"TER-NFTB-T-18",2024-04-29,10.2291666666667,10.6458333333333,10.7083333333333
"TER-NFTB-T-18",2024-04-30,11.2291666666667,11.5625,11.5833333333333
"TER-NFTB-T-18",2024-05-01,11.4166666666667,11.6875,11.6875
"TER-NFTB-T-18",2024-05-02,12.6458333333333,13.1041666666667,13.0833333333333
"TER-NFTB-T-18",2024-05-03,12.5833333333333,12.7708333333333,12.75
"TER-NFTB-T-18",2024-05-04,13.6041666666667,13.7708333333333,13.7708333333333
"TER-NFTB-T-18",2024-05-05,12.9375,13.4166666666667,13.5625
"TER-NFTB-T-18",2024-05-06,14.0208333333333,14.5208333333333,14.5
"TER-NFTB-T-18",2024-05-07,13.7291666666667,13.7916666666667,13.7291666666667
"TER-NFTB-T-18",2024-05-08,12.9791666666667,12.875,13.0416666666667
"TER-NFTB-T-18",2024-05-09,12.3541666666667,12.7291666666667,12.6875
"TER-NFTB-T-18",2024-05-10,13.4166666666667,13.8958333333333,13.7083333333333
"TER-NFTB-T-18",2024-05-11,14.3958333333333,14.9166666666667,15.1666666666667
"TER-NFTB-T-18",2024-05-12,14.7291666666667,15.2083333333333,15.1875
"TER-NFTB-T-18",2024-05-13,NA,NA,NA
"TER-NFTB-T-18",2024-05-14,10.1875,10,10.2291666666667
"TER-NFTB-T-18",2024-05-15,11.2708333333333,11.375,11.3958333333333
"TER-NFTB-T-18",2024-05-16,12.4166666666667,12.5833333333333,12.5416666666667
"TER-NFTB-T-18",2024-05-17,11.0833333333333,11,11.0625
"TER-NFTB-T-18",2024-05-18,10.0833333333333,10.3333333333333,10.4166666666667
"TER-NFTB-T-18",2024-05-19,11.9583333333333,12.25,12.2708333333333
"TER-NFTB-T-18",2024-05-20,13.2291666666667,13.7083333333333,13.8541666666667
"TER-NFTB-T-18",2024-05-21,13.7083333333333,14.0833333333333,14.1666666666667
"TER-NFTB-T-18",2024-05-22,14.25,14.7291666666667,14.75
"TER-NFTB-T-18",2024-05-23,14.9375,15.375,15.4166666666667
"TER-NFTB-T-18",2024-05-24,13.7291666666667,13.8333333333333,13.7916666666667
"TER-NFTB-T-18",2024-05-25,12.7708333333333,12.8958333333333,13.0416666666667
"TER-NFTB-T-18",2024-05-26,12.5833333333333,12.7916666666667,12.875
"TER-NFTB-T-18",2024-05-27,14.25,14.5,14.5416666666667
"TER-NFTB-T-18",2024-05-28,14.4583333333333,14.8958333333333,14.8958333333333
"TER-NFTB-T-18",2024-05-29,15.2708333333333,15.7291666666667,15.7291666666667
"TER-NFTB-T-18",2024-05-30,14.4583333333333,14.3541666666667,14.3333333333333
"TER-NFTB-T-18",2024-05-31,13.5416666666667,13.3541666666667,13.2708333333333
"TER-NFTB-T-18",2024-06-01,13.8333333333333,13.8541666666667,13.875
"TER-NFTB-T-18",2024-06-02,13.9583333333333,14,14
"TER-NFTB-T-18",2024-06-03,13.5416666666667,13.5625,13.5625
"TER-NFTB-T-18",2024-06-04,13.2083333333333,13.1041666666667,13.1041666666667
"TER-NFTB-T-18",2024-06-05,12.7083333333333,12.7083333333333,12.6041666666667
"TER-NFTB-T-18",2024-06-06,12.1875,12.1458333333333,12.2291666666667
"TER-NFTB-T-18",2024-06-07,12.9791666666667,13.0833333333333,13.0833333333333
"TER-NFTB-T-18",2024-06-08,13.75,14.0208333333333,14.1041666666667
"TER-NFTB-T-18",2024-06-09,13.6041666666667,13.6875,13.7291666666667
"TER-NFTB-T-18",2024-06-10,13.4166666666667,13.5625,13.5833333333333
"TER-NFTB-T-18",2024-06-11,13.25,14.1666666666667,14.375
"TER-NFTB-T-18",2024-06-12,10.2291666666667,15.8125,16.3125
"TER-NFTB-T-18",2024-06-13,11.0416666666667,16.375,16.4583333333333
"TER-NFTB-T-18",2024-06-14,12.4166666666667,14.5625,14.6875
"TER-NFTB-T-18",2024-06-15,11.3333333333333,15.6666666666667,15.9583333333333
"TER-NFTB-T-18",2024-06-16,10.2291666666667,16.3958333333333,16.5416666666667
"TER-NFTB-T-18",2024-06-17,11.4375,14,14.1041666666667
"TER-NFTB-T-18",2024-06-18,13.125,13.3125,13.3958333333333
"TER-NFTB-T-18",2024-06-19,13.6041666666667,13.4166666666667,13.4583333333333
"TER-NFTB-T-18",2024-06-20,14.0833333333333,14.375,14.5
"TER-NFTB-T-18",2024-06-21,14.8125,16.0416666666667,16.3125
"TER-NFTB-T-18",2024-06-22,14.3333333333333,15.125,15.2083333333333
"TER-NFTB-T-18",2024-06-23,12.7708333333333,15.9583333333333,16.0833333333333
"TER-NFTB-T-18",2024-06-24,12.3958333333333,15.5208333333333,15.5625
"TER-NFTB-T-18",2024-06-25,14.0416666666667,13.9166666666667,14.1875
"TER-NFTB-T-18",2024-06-26,14.3333333333333,15.2083333333333,15.5625
"TER-NFTB-T-18",2024-06-27,15.1666666666667,16.875,16.9583333333333
"TER-NFTB-T-18",2024-06-28,14.6875,16.0208333333333,16.1666666666667
"TER-NFTB-T-18",2024-06-29,13.6666666666667,16.25,16.2708333333333
"TER-NFTB-T-18",2024-06-30,13.75,15.5833333333333,15.5625
"TER-NFTB-T-18",2024-07-01,13.9791666666667,16.25,16.4583333333333
"TER-NFTB-T-18",2024-07-02,13.5833333333333,17.6458333333333,18.0416666666667
"TER-NFTB-T-18",2024-07-03,13.3958333333333,16.4791666666667,16.5833333333333
"TER-NFTB-T-18",2024-07-04,12.6666666666667,15.3125,15.5208333333333
"TER-NFTB-T-18",2024-07-05,12.2708333333333,17.3333333333333,17.875
"TER-NFTB-T-18",2024-07-06,12.7708333333333,17.9791666666667,18.2916666666667
"TER-NFTB-T-18",2024-07-07,13.7083333333333,19.2291666666667,19.5416666666667
"TER-NFTB-T-18",2024-07-08,13.7083333333333,18.2708333333333,18.3333333333333
"TER-NFTB-T-18",2024-07-09,13.3333333333333,19.0208333333333,19.1666666666667
"TER-NFTB-T-18",2024-07-10,NA,17.6458333333333,17.8125
"TER-NFTB-T-18",2024-07-11,NA,16.0416666666667,16.0833333333333
"TER-NFTB-T-18",2024-07-12,NA,17.7083333333333,17.875
"TER-NFTB-T-18",2024-07-13,NA,16.2916666666667,16.3958333333333
"TER-NFTB-T-18",2024-07-14,NA,16.125,16.4166666666667
"TER-NFTB-T-18",2024-07-15,NA,17.75,17.8125
"TER-NFTB-T-18",2024-07-16,NA,18.875,19
"TER-NFTB-T-18",2024-07-17,NA,17.2291666666667,17.2708333333333
"TER-NFTB-T-18",2024-07-18,NA,15.9791666666667,16.1458333333333
"TER-NFTB-T-18",2024-07-19,NA,17.625,17.8125
"TER-NFTB-T-18",2024-07-20,NA,19.5833333333333,19.8125
"TER-NFTB-T-18",2024-07-21,NA,18.9375,19.0625
"TER-NFTB-T-18",2024-07-22,NA,17.9791666666667,18.0625
"TER-NFTB-T-18",2024-07-23,NA,18.3125,18.4375
"TER-NFTB-T-18",2024-07-24,NA,18.2291666666667,18.2916666666667
"TER-NFTB-T-18",2024-07-25,NA,19.5,19.6041666666667
"TER-NFTB-T-18",2024-07-26,NA,19.7708333333333,19.7916666666667
"TER-NFTB-T-18",2024-07-27,NA,18.4583333333333,18.5416666666667
"TER-NFTB-T-18",2024-07-28,NA,19.7708333333333,20.0625
"TER-NFTB-T-18",2024-07-29,NA,20.7083333333333,20.8541666666667
"TER-NFTB-T-18",2024-07-30,NA,19.0625,19.2291666666667
"TER-NFTB-T-18",2024-07-31,NA,18,18.125
"TER-NFTB-T-18",2024-08-01,NA,18.6458333333333,18.75
"TER-NFTB-T-18",2024-08-02,NA,18.8333333333333,18.7916666666667
"TER-NFTB-T-18",2024-08-03,NA,18.4375,18.625
"TER-NFTB-T-18",2024-08-04,NA,20.5625,20.6875
"TER-NFTB-T-18",2024-08-05,NA,20.9791666666667,21.0833333333333
"TER-NFTB-T-18",2024-08-06,NA,18.8541666666667,18.9583333333333
"TER-NFTB-T-18",2024-08-07,NA,17.6875,17.75
"TER-NFTB-T-18",2024-08-08,NA,18.6666666666667,18.7291666666667
"TER-NFTB-T-18",2024-08-09,NA,18.625,18.6666666666667
"TER-NFTB-T-18",2024-08-10,NA,18.8958333333333,18.8541666666667
"TER-NFTB-T-18",2024-08-11,NA,16.6666666666667,16.7916666666667
"TER-NFTB-T-18",2024-08-12,NA,17.2291666666667,17.2916666666667
"TER-NFTB-T-18",2024-08-13,NA,20.4166666666667,20.6458333333333
"TER-NFTB-T-18",2024-08-14,NA,20.2083333333333,20.2708333333333
"TER-NFTB-T-18",2024-08-15,NA,20.0833333333333,20.2291666666667
"TER-NFTB-T-18",2024-08-16,NA,20.3958333333333,20.3541666666667
"TER-NFTB-T-18",2024-08-17,NA,19.875,19.8541666666667
"TER-NFTB-T-18",2024-08-18,NA,19.4166666666667,19.4166666666667
"TER-NFTB-T-18",2024-08-19,NA,20.3541666666667,20.4375
"TER-NFTB-T-18",2024-08-20,NA,18.9583333333333,18.9791666666667
"TER-NFTB-T-18",2024-08-21,NA,18.2083333333333,18.2083333333333
"TER-NFTB-T-18",2024-08-22,NA,19.5416666666667,19.5416666666667
"TER-NFTB-T-18",2024-08-23,NA,20.75,20.9375
"TER-NFTB-T-18",2024-08-24,NA,17.6041666666667,17.5625
"TER-NFTB-T-18",2024-08-25,NA,18.5833333333333,18.4583333333333
"TER-NFTB-T-18",2024-08-26,NA,19.9166666666667,20.0208333333333
"TER-NFTB-T-18",2024-08-27,NA,17.6041666666667,17.6875
"TER-NFTB-T-18",2024-08-28,NA,17.8333333333333,17.7708333333333
"TER-NFTB-T-18",2024-08-29,NA,17.7708333333333,17.7708333333333
"TER-NFTB-T-18",2024-08-30,NA,19.6666666666667,19.5833333333333
"TER-NFTB-T-18",2024-08-31,NA,20.0833333333333,20.0208333333333
"TER-NFTB-T-18",2024-09-01,NA,16.8333333333333,16.8333333333333
"TER-NFTB-T-18",2024-09-02,NA,15.8541666666667,15.9166666666667
"TER-NFTB-T-18",2024-09-03,NA,16.3333333333333,16.5208333333333
"TER-NFTB-T-18",2024-09-04,NA,16.25,16.375
"TER-NFTB-T-18",2024-09-05,NA,16.5625,16.7083333333333
"TER-NFTB-T-18",2024-09-06,NA,15.7083333333333,15.7708333333333
"TER-NFTB-T-18",2024-09-07,NA,16.1666666666667,16.2083333333333
"TER-NFTB-T-18",2024-09-08,NA,16.6041666666667,16.6666666666667
"TER-NFTB-T-18",2024-09-09,NA,15.4166666666667,15.3958333333333
"TER-NFTB-T-18",2024-09-10,NA,16.2916666666667,16.3958333333333
"TER-NFTB-T-18",2024-09-11,NA,16.6041666666667,16.3333333333333
"TER-NFTB-T-18",2024-09-12,17.0625,17.8333333333333,17.375
"TER-NFTB-T-18",2024-09-13,17.1666666666667,17.7708333333333,17.5208333333333
"TER-NFTB-T-18",2024-09-14,17.0625,17.2291666666667,17.25
"TER-NFTB-T-18",2024-09-15,17.1666666666667,17.9791666666667,17.6041666666667
"TER-NFTB-T-18",2024-09-16,16.7916666666667,16.7916666666667,16.7708333333333
"TER-NFTB-T-18",2024-09-17,17.0208333333333,17.4166666666667,17.5625
"TER-NFTB-T-18",2024-09-18,15.5625,16.0208333333333,15.7708333333333
"TER-NFTB-T-18",2024-09-19,15.1458333333333,15.4583333333333,15.4375
"TER-NFTB-T-18",2024-09-20,15.8333333333333,16.2083333333333,16
"TER-NFTB-T-18",2024-09-21,15.4166666666667,15.9166666666667,16.2291666666667
"TER-NFTB-T-18",2024-09-22,17.0833333333333,17.5625,17.5208333333333
"TER-NFTB-T-18",2024-09-23,17.9166666666667,18.7083333333333,18.9375
"TER-NFTB-T-18",2024-09-24,18.875,19.2291666666667,19.2708333333333
"TER-NFTB-T-18",2024-09-25,18.8333333333333,19.0416666666667,19.0416666666667
"TER-NFTB-T-18",2024-09-26,15.9166666666667,15.7291666666667,15.7083333333333
"TER-NFTB-T-18",2024-09-27,17.6666666666667,17.8333333333333,17.7708333333333
"TER-NFTB-T-18",2024-09-28,18.1666666666667,18.2708333333333,18.3333333333333
"TER-NFTB-T-18",2024-09-29,18.7291666666667,18.9583333333333,19.0416666666667
"TER-NFTB-T-18",2024-09-30,19.25,19.5625,19.5416666666667
"TER-NFTB-T-18",2024-10-01,19.625,19.8958333333333,19.8958333333333
"TER-NFTB-T-18",2024-10-02,19.5625,19.75,19.7291666666667
"TER-NFTB-T-18",2024-10-03,19.5833333333333,19.625,19.625
"TER-NFTB-T-18",2024-10-04,19.1875,19.0625,19.0625
"TER-NFTB-T-18",2024-10-05,16.7708333333333,16.7916666666667,16.9791666666667
"TER-NFTB-T-18",2024-10-06,13.6666666666667,13.375,13.375
"TER-NFTB-T-18",2024-10-07,15.2916666666667,15.375,15.3958333333333
"TER-NFTB-T-18",2024-10-08,17.3333333333333,17.6041666666667,17.7916666666667
"TER-NFTB-T-18",2024-10-09,16.9166666666667,16.8958333333333,16.7708333333333
"TER-NFTB-T-18",2024-10-10,16.3333333333333,16.0208333333333,15.9583333333333
"TER-NFTB-T-18",2024-10-11,12.3125,12.1458333333333,12.1041666666667
"TER-NFTB-T-18",2024-10-12,14.0416666666667,14.3958333333333,14.4375
"TER-NFTB-T-18",2024-10-13,17.1458333333333,17.3125,17.2916666666667
"TER-NFTB-T-18",2024-10-14,15.8333333333333,15.75,15.7083333333333
"TER-NFTB-T-18",2024-10-15,13.8333333333333,13.5625,13.6875
"TER-NFTB-T-18",2024-10-16,12.4375,12.75,12.7708333333333
"TER-NFTB-T-18",2024-10-17,13.3125,13.5,13.5
"TER-NFTB-T-18",2024-10-18,NA,15.4791666666667,15.5208333333333
"TER-NFTB-T-18",2024-10-19,NA,16.5833333333333,16.5833333333333
"TER-NFTB-T-18",2024-10-20,NA,12.2291666666667,12.1666666666667
"TER-NFTB-T-18",2024-10-21,NA,11.0208333333333,11.0625
"TER-NFTB-T-18",2024-10-22,NA,13.2083333333333,13.2083333333333
"TER-NFTB-T-18",2024-10-23,NA,16,16.1041666666667
"TER-NFTB-T-18",2024-10-24,NA,10.9375,11.1458333333333
"TER-NFTB-T-18",2024-10-25,NA,11.2083333333333,11.5
"TER-NFTB-T-18",2024-10-26,NA,11.8333333333333,11.875
"TER-NFTB-T-18",2024-10-27,NA,12.1875,12.1666666666667
"TER-NFTB-T-18",2024-10-28,NA,12.25,12.2916666666667
"TER-NFTB-T-18",2024-10-29,NA,13.2083333333333,13.2291666666667
"TER-NFTB-T-18",2024-10-30,NA,14.4375,14.4166666666667
"TER-NFTB-T-18",2024-10-31,NA,14.9375,14.9583333333333
"TER-NFTB-T-18",2024-11-01,NA,16.7083333333333,16.8333333333333
"TER-NFTB-T-18",2024-11-02,NA,14.7708333333333,14.75
"TER-NFTB-T-18",2024-11-03,NA,14.5,14.3958333333333
"TER-NFTB-T-18",2024-11-04,NA,14.0416666666667,14.1666666666667
"TER-NFTB-T-18",2024-11-05,NA,14.5625,14.5625
"TER-NFTB-T-18",2024-11-06,NA,10.1458333333333,10
"TER-NFTB-T-18",2024-11-07,NA,11.0625,10.6875
"TER-NFTB-T-18",2024-11-08,NA,NA,15.1041666666667
"TER-NFTB-T-18",2024-11-09,NA,NA,15.75
"TER-NFTB-T-18",2024-11-10,NA,NA,15.0625
"TER-NFTB-T-18",2024-11-11,NA,NA,15.8541666666667
"TER-NFTB-T-18",2024-11-12,NA,NA,16.4375
"TER-NFTB-T-18",2024-11-13,NA,NA,14.5625
"TER-NFTB-T-18",2024-11-14,NA,NA,11.4375
"TER-NFTB-T-18",2024-11-15,NA,NA,11.0416666666667
"TER-NFTB-T-18",2024-11-16,NA,NA,11.375
"TER-NFTB-T-18",2024-11-17,NA,NA,12.1041666666667
"TER-NFTB-T-18",2024-11-18,NA,NA,13.1458333333333
"TER-NFTB-T-18",2024-11-19,NA,NA,13
"TER-NFTB-T-18",2024-11-20,NA,NA,13.2291666666667
"TER-NFTB-T-18",2024-11-21,NA,NA,13.8125
"TER-NFTB-T-18",2024-11-22,NA,NA,15.2083333333333
"TER-NFTB-T-18",2024-11-23,NA,NA,13.4375
"TER-NFTB-T-18",2024-11-24,NA,NA,8.79166666666667
"TER-NFTB-T-18",2024-11-25,NA,NA,11.7083333333333
"TER-NFTB-T-18",2024-11-26,NA,NA,14.1458333333333
"TER-NFTB-T-18",2024-11-27,NA,NA,12.7916666666667
"TER-NFTB-T-18",2024-11-28,NA,NA,11.5625
"TER-NFTB-T-18",2024-11-29,NA,NA,11.625
"TER-NFTB-T-18",2024-11-30,NA,NA,10.1458333333333
"TER-NFTB-T-18",2024-12-01,NA,NA,11.8333333333333
"TER-NFTB-T-18",2024-12-02,NA,NA,13.4583333333333
"TER-NFTB-T-18",2024-12-03,NA,NA,12.4583333333333
"TER-NFTB-T-18",2024-12-04,NA,NA,12.9583333333333
"TER-NFTB-T-18",2024-12-05,NA,NA,12.9583333333333
"TER-NFTB-T-18",2024-12-06,NA,NA,13.8541666666667
"TER-NFTB-T-18",2024-12-07,NA,NA,13.2708333333333
"TER-NFTB-T-18",2024-12-08,NA,NA,13.2291666666667
"TER-NFTB-T-18",2024-12-09,NA,NA,11.6458333333333
"TER-NFTB-T-18",2024-12-10,NA,NA,11.1458333333333
"TER-NFTB-T-18",2024-12-11,NA,NA,12.0625
"TER-NFTB-T-18",2024-12-12,NA,NA,10.0625
"TER-NFTB-T-18",2024-12-13,NA,NA,8.97916666666667
"TER-NFTB-T-18",2024-12-14,NA,NA,9
"TER-NFTB-T-18",2024-12-15,NA,NA,NA
"TER-NFTB-T-18",2024-12-16,NA,NA,11.7708333333333
"TER-NFTB-T-18",2024-12-17,NA,NA,10.5
"TER-NFTB-T-18",2024-12-18,NA,NA,9.79166666666667
"TER-NFTB-T-18",2024-12-19,NA,NA,8.64583333333333
"TER-NFTB-T-18",2024-12-20,NA,NA,8.16666666666667
"TER-NFTB-T-18",2024-12-21,NA,NA,9.02083333333333
"TER-NFTB-T-18",2024-12-22,NA,NA,9.8125
"TER-NFTB-T-18",2024-12-23,NA,NA,9.97916666666667
"TER-NFTB-T-18",2024-12-24,NA,NA,9.5625
"TER-NFTB-T-18",2024-12-25,NA,NA,10.0625
"TER-NFTB-T-18",2024-12-26,NA,NA,11.1041666666667
"TER-NFTB-T-18",2024-12-27,NA,NA,12.2916666666667
"TER-NFTB-T-18",2024-12-28,NA,NA,11.6458333333333
"TER-NFTB-T-18",2024-12-29,NA,NA,11.1458333333333
"TER-NFTB-T-18",2024-12-30,NA,NA,11.5625
"TER-NFTB-T-18",2024-12-31,NA,NA,13.1666666666667
"TER-NFTB-T-18",2025-01-01,NA,NA,14.2083333333333
"TER-NFTB-T-18",2025-01-02,NA,NA,14.2291666666667
"TER-NFTB-T-18",2025-01-03,NA,NA,13.8541666666667
"TER-NFTB-T-18",2025-01-04,NA,NA,11.6875
"TER-NFTB-T-18",2025-01-05,NA,NA,11.25
"TER-NFTB-T-18",2025-01-06,NA,NA,13.7708333333333
"TER-NFTB-T-18",2025-01-07,NA,NA,11.0416666666667
"TER-NFTB-T-18",2025-01-08,NA,NA,12.1666666666667
"TER-NFTB-T-18",2025-01-09,NA,NA,14.5625
"TER-NFTB-T-18",2025-01-10,NA,NA,14.6041666666667
"TER-NFTB-T-18",2025-01-11,NA,NA,14.2083333333333
"TER-NFTB-T-18",2025-01-12,NA,NA,12.7291666666667
"TER-NFTB-T-18",2025-01-13,NA,NA,13.7916666666667
"TER-NFTB-T-18",2025-01-14,NA,NA,13.75
"TER-NFTB-T-18",2025-01-15,NA,NA,13.625
"TER-NFTB-T-18",2025-01-16,NA,NA,14.2083333333333
"TER-NFTB-T-18",2025-01-17,NA,NA,13.2083333333333
"TER-NFTB-T-18",2025-01-18,NA,NA,9.41666666666667
"TER-NFTB-T-18",2025-01-19,NA,NA,10.0625
"TER-NFTB-T-18",2025-01-20,NA,NA,9.35416666666667
"TER-NFTB-T-18",2025-01-21,NA,NA,8.35416666666667
"TER-NFTB-T-18",2025-01-22,NA,NA,7.20833333333333
"TER-NFTB-T-18",2025-01-23,NA,NA,11.25
"TER-NFTB-T-18",2025-01-24,NA,NA,9.16666666666667
"TER-NFTB-T-18",2025-01-25,NA,NA,10.3333333333333
"TER-NFTB-T-18",2025-01-26,NA,NA,10
"TER-NFTB-T-18",2025-01-27,NA,NA,7.9375
"TER-NFTB-T-18",2025-01-28,NA,NA,10.6666666666667
"TER-NFTB-T-18",2025-01-29,NA,NA,10.3541666666667
"TER-NFTB-T-18",2025-01-30,NA,NA,11.1875
"TER-NFTB-T-18",2025-01-31,NA,NA,12.4791666666667
"TER-NFTB-T-18",2025-02-01,NA,NA,10.2916666666667
"TER-NFTB-T-18",2025-02-02,NA,NA,10.5625
"TER-NFTB-T-18",2025-02-03,NA,NA,12.1458333333333
"TER-NFTB-T-18",2025-02-04,NA,NA,8.75
"TER-NFTB-T-18",2025-02-05,NA,NA,13.1458333333333
"TER-NFTB-T-18",2025-02-06,NA,NA,12.4166666666667
"TER-NFTB-T-18",2025-02-07,NA,NA,12.1458333333333
"TER-NFTB-T-18",2025-02-08,NA,NA,9.41666666666667
"TER-NFTB-T-18",2025-02-09,NA,NA,9.97916666666667
"TER-NFTB-T-18",2025-02-10,NA,NA,9.83333333333333
"TER-NFTB-T-18",2025-02-11,NA,NA,11.5
"TER-NFTB-T-18",2025-02-12,NA,NA,11.4791666666667
"TER-NFTB-T-18",2025-02-13,NA,NA,6.29166666666667
"TER-NFTB-T-18",2025-02-14,NA,NA,4.4375
"TER-NFTB-T-18",2025-02-15,NA,NA,8.25
"TER-NFTB-T-18",2025-02-16,NA,NA,9.875
"TER-NFTB-T-18",2025-02-17,NA,NA,7.4375
"TER-NFTB-T-18",2025-02-18,NA,NA,10
"TER-NFTB-T-18",2025-02-19,NA,NA,12.1041666666667
"TER-NFTB-T-18",2025-02-20,NA,NA,9.70833333333333
"TER-NFTB-T-18",2025-02-21,NA,NA,8.35416666666667
"TER-NFTB-T-18",2025-02-22,NA,NA,11.8958333333333
"TER-NFTB-T-18",2025-02-23,NA,NA,12.4583333333333
"TER-NFTB-T-18",2025-02-24,NA,NA,9.20833333333333
"TER-NFTB-T-18",2025-02-25,NA,NA,10.1875
"TER-NFTB-T-18",2025-02-26,NA,NA,9.25
"TER-NFTB-T-18",2025-02-27,NA,NA,7.02083333333333
"TER-NFTB-T-18",2025-02-28,NA,NA,9
"TER-NFTB-T-18",2025-03-01,NA,NA,7.91666666666667
"TER-NFTB-T-18",2025-03-02,NA,NA,7.8125
"TER-NFTB-T-18",2025-03-03,NA,NA,8.70833333333333
"TER-NFTB-T-18",2025-03-04,NA,NA,11.2291666666667
"TER-NFTB-T-18",2025-03-05,NA,NA,10.625
"TER-NFTB-T-18",2025-03-06,NA,NA,6.375
"TER-NFTB-T-18",2025-03-07,NA,NA,4.25
"TER-NFTB-T-18",2025-03-08,NA,NA,5.72916666666667
"TER-NFTB-T-18",2025-03-09,NA,NA,8
"TER-NFTB-T-18",2025-03-10,NA,NA,11.6458333333333
"TER-NFTB-T-18",2025-03-11,NA,NA,8.54166666666667
"TER-NFTB-T-18",2025-03-12,NA,NA,5.64583333333333
"TER-NFTB-T-18",2025-03-13,NA,NA,6.8125
"TER-NFTB-T-18",2025-03-14,NA,NA,9.75
"TER-NFTB-T-18",2025-03-15,NA,NA,10.6041666666667
"TER-NFTB-T-18",2025-03-16,NA,NA,6.9375
"TER-NFTB-T-18",2025-03-17,NA,NA,8.16666666666667
"TER-NFTB-T-18",2025-03-18,NA,NA,5.02083333333333
"TER-NFTB-T-18",2025-03-19,NA,NA,6.54166666666667
"TER-NFTB-T-18",2025-03-20,NA,NA,8.35416666666667
"TER-NFTB-T-18",2025-03-21,NA,NA,8.5
"TER-NFTB-T-18",2025-03-22,NA,NA,7.75
"TER-NFTB-T-18",2025-03-23,NA,NA,8.83333333333333
"TER-NFTB-T-18",2025-03-24,NA,NA,10.5208333333333
"TER-NFTB-T-18",2025-03-25,NA,NA,10.1458333333333
"TER-NFTB-T-18",2025-03-26,NA,NA,7.875
"TER-NFTB-T-18",2025-03-27,NA,NA,8.45833333333333
"TER-NFTB-T-18",2025-03-28,NA,NA,9.25
"TER-NFTB-T-18",2025-03-29,NA,NA,9.6875
"TER-NFTB-T-18",2025-03-30,NA,NA,9.625
"TER-NFTB-T-18",2025-03-31,NA,NA,9.125
"TER-NFTB-T-18",2025-04-01,NA,NA,4
"TER-NFTB-T-18",2025-04-02,NA,NA,5.875
"TER-NFTB-T-18",2025-04-03,NA,NA,9.04166666666667
"TER-NFTB-T-18",2025-04-04,NA,NA,7.72916666666667
"TER-NFTB-T-18",2025-04-05,NA,NA,6.45833333333333
"TER-NFTB-T-18",2025-04-06,NA,NA,9.95833333333333
"TER-NFTB-T-18",2025-04-07,NA,NA,9.4375
"TER-NFTB-T-18",2025-04-08,NA,NA,9.4375
"TER-NFTB-T-18",2025-04-09,NA,NA,9.4375
"TER-NFTB-T-18",2025-04-10,NA,NA,9.875
"TER-NFTB-T-18",2025-04-11,NA,NA,9.35416666666667
"TER-NFTB-T-18",2025-04-12,NA,NA,9.79166666666667
"TER-NFTB-T-18",2025-04-13,NA,NA,10.9166666666667
"TER-NFTB-T-18",2025-04-14,NA,NA,8.77083333333333
"TER-NFTB-T-18",2025-04-15,NA,NA,10.5416666666667
"TER-NFTB-T-18",2025-04-16,NA,NA,12.0208333333333
"TER-NFTB-T-18",2025-04-17,NA,NA,10.5625
"TER-NFTB-T-18",2025-04-18,NA,NA,9.45833333333333
"TER-NFTB-T-18",2025-04-19,NA,NA,10.6666666666667
"TER-NFTB-T-18",2025-04-20,NA,NA,11.0833333333333
"TER-NFTB-T-18",2025-04-21,NA,NA,11.9375
"TER-NFTB-T-18",2025-04-22,NA,NA,12.6458333333333
"TER-NFTB-T-18",2025-04-23,NA,NA,12.0416666666667
"TER-NFTB-T-18",2025-04-24,NA,NA,10.1458333333333
"TER-NFTB-T-18",2025-04-25,NA,NA,10.375
"TER-NFTB-T-18",2025-04-26,NA,NA,11.2708333333333
"TER-NFTB-T-18",2025-04-27,NA,NA,10.1875
"TER-NFTB-T-18",2025-04-28,NA,NA,5.875
"TER-NFTB-T-18",2025-04-29,NA,NA,7.1875
"TER-NFTB-T-18",2025-04-30,NA,NA,9.79166666666667
"TER-NFTB-T-18",2025-05-01,NA,NA,10.4166666666667
"TER-NFTB-T-18",2025-05-02,NA,NA,10.0833333333333
"TER-NFTB-T-18",2025-05-03,NA,NA,11.375
"TER-NFTB-T-18",2025-05-04,NA,NA,10.9583333333333
"TER-NFTB-T-18",2025-05-05,NA,NA,11.0833333333333
"TER-NFTB-T-18",2025-05-06,NA,NA,11.125
"TER-NFTB-T-18",2025-05-07,NA,NA,8.41666666666667
"TER-NFTB-T-18",2025-05-08,NA,NA,9.39583333333333
"TER-NFTB-T-18",2025-05-09,NA,NA,9.41666666666667
"TER-NFTB-T-18",2025-05-10,NA,NA,10.75
"TER-NFTB-T-18",2025-05-11,NA,NA,11.4375
"TER-NFTB-T-18",2025-05-12,NA,NA,10.7291666666667
"TER-NFTB-T-18",2025-05-13,NA,NA,11.8541666666667
"TER-NFTB-T-18",2025-05-14,NA,NA,12.6666666666667
"TER-NFTB-T-18",2025-05-15,NA,NA,12.3958333333333
"TER-NFTB-T-18",2025-05-16,NA,NA,9.22916666666667
"TER-NFTB-T-18",2025-05-17,NA,NA,10.9166666666667
"TER-NFTB-T-18",2025-05-18,NA,NA,13.4791666666667
"TER-NFTB-T-18",2025-05-19,NA,NA,14.4583333333333
"TER-NFTB-T-18",2025-05-20,NA,NA,15.8125
"TER-NFTB-T-18",2025-05-21,NA,NA,15.875
"TER-NFTB-T-18",2025-05-22,NA,NA,14.8125
"TER-NFTB-T-18",2025-05-23,NA,NA,14.8958333333333
"TER-NFTB-T-18",2025-05-24,NA,NA,14.2083333333333
"TER-NFTB-T-18",2025-05-25,NA,NA,14.625
"TER-NFTB-T-18",2025-05-26,NA,NA,15.2916666666667
"TER-NFTB-T-18",2025-05-27,NA,NA,13.9583333333333
"TER-NFTB-T-18",2025-05-28,NA,NA,14.1458333333333
"TER-NFTB-T-18",2025-05-29,NA,NA,14.2708333333333
"TER-NFTB-T-18",2025-05-30,NA,NA,12.4166666666667
"TER-NFTB-T-18",2025-05-31,NA,NA,13.2291666666667
"TER-NFTB-T-18",2025-06-01,NA,NA,13.6666666666667
"TER-NFTB-T-18",2025-06-02,NA,NA,14.8125
"TER-NFTB-T-18",2025-06-03,NA,NA,14.875
"TER-NFTB-T-18",2025-06-04,NA,NA,14.625
"TER-NFTB-T-18",2025-06-05,NA,NA,14.0416666666667
"TER-NFTB-T-18",2025-06-06,NA,NA,14.9583333333333
"TER-NFTB-T-18",2025-06-07,NA,NA,15.5416666666667
"TER-NFTB-T-18",2025-06-08,NA,NA,14.8333333333333
"TER-NFTB-T-18",2025-06-09,NA,NA,14.1041666666667
"TER-NFTB-T-18",2025-06-10,NA,NA,14.875
"TER-NFTB-T-18",2025-06-11,NA,NA,15.625
"TER-NFTB-T-18",2025-06-12,NA,NA,14.9791666666667
"TER-PRIBS-T06",2023-08-09,NA,NA,NA
"TER-PRIBS-T06",2023-08-10,NA,NA,NA
"TER-PRIBS-T06",2023-08-11,NA,NA,NA
"TER-PRIBS-T06",2023-08-12,NA,NA,NA
"TER-PRIBS-T06",2023-08-13,NA,NA,NA
"TER-PRIBS-T06",2023-08-14,NA,NA,NA
"TER-PRIBS-T06",2023-08-15,NA,NA,NA
"TER-PRIBS-T06",2023-08-16,NA,NA,NA
"TER-PRIBS-T06",2023-08-17,NA,NA,NA
"TER-PRIBS-T06",2023-08-18,NA,NA,NA
"TER-PRIBS-T06",2023-08-19,NA,NA,NA
"TER-PRIBS-T06",2023-08-20,NA,NA,NA
"TER-PRIBS-T06",2023-08-21,NA,NA,NA
"TER-PRIBS-T06",2023-08-22,NA,NA,NA
"TER-PRIBS-T06",2023-08-23,NA,NA,NA
"TER-PRIBS-T06",2023-08-24,NA,NA,NA
"TER-PRIBS-T06",2023-08-25,NA,NA,NA
"TER-PRIBS-T06",2023-08-26,NA,NA,NA
"TER-PRIBS-T06",2023-08-27,NA,NA,NA
"TER-PRIBS-T06",2023-08-28,NA,NA,NA
"TER-PRIBS-T06",2023-08-29,NA,NA,NA
"TER-PRIBS-T06",2023-08-30,NA,NA,NA
"TER-PRIBS-T06",2023-08-31,NA,NA,NA
"TER-PRIBS-T06",2023-09-01,NA,NA,NA
"TER-PRIBS-T06",2023-09-02,NA,NA,NA
"TER-PRIBS-T06",2023-09-03,NA,NA,NA
"TER-PRIBS-T06",2023-09-04,NA,NA,NA
"TER-PRIBS-T06",2023-09-05,NA,NA,NA
"TER-PRIBS-T06",2023-09-06,NA,NA,NA
"TER-PRIBS-T06",2023-09-07,NA,NA,NA
"TER-PRIBS-T06",2023-09-08,NA,NA,NA
"TER-PRIBS-T06",2023-09-09,NA,NA,NA
"TER-PRIBS-T06",2023-09-10,NA,NA,NA
"TER-PRIBS-T06",2023-09-11,NA,NA,NA
"TER-PRIBS-T06",2023-09-12,NA,NA,NA
"TER-PRIBS-T06",2023-09-13,NA,NA,NA
"TER-PRIBS-T06",2023-09-14,NA,NA,NA
"TER-PRIBS-T06",2023-09-15,NA,NA,NA
"TER-PRIBS-T06",2023-09-16,NA,NA,NA
"TER-PRIBS-T06",2023-09-17,NA,NA,NA
"TER-PRIBS-T06",2023-09-18,NA,NA,NA
"TER-PRIBS-T06",2023-09-19,NA,NA,NA
"TER-PRIBS-T06",2023-09-20,NA,NA,NA
"TER-PRIBS-T06",2023-09-21,NA,NA,NA
"TER-PRIBS-T06",2023-09-22,NA,NA,NA
"TER-PRIBS-T06",2023-09-23,NA,NA,NA
"TER-PRIBS-T06",2023-09-24,NA,NA,NA
"TER-PRIBS-T06",2023-09-25,NA,NA,NA
"TER-PRIBS-T06",2023-09-26,NA,NA,NA
"TER-PRIBS-T06",2023-09-27,NA,NA,NA
"TER-PRIBS-T06",2023-09-28,NA,NA,NA
"TER-PRIBS-T06",2023-09-29,NA,NA,NA
"TER-PRIBS-T06",2023-09-30,NA,NA,NA
"TER-PRIBS-T06",2023-10-01,NA,NA,NA
"TER-PRIBS-T06",2023-10-02,NA,NA,NA
"TER-PRIBS-T06",2023-10-03,NA,NA,NA
"TER-PRIBS-T06",2023-10-04,NA,NA,NA
"TER-PRIBS-T06",2023-10-05,NA,NA,NA
"TER-PRIBS-T06",2023-10-06,NA,NA,NA
"TER-PRIBS-T06",2023-10-07,NA,NA,NA
"TER-PRIBS-T06",2023-10-08,NA,NA,NA
"TER-PRIBS-T06",2023-10-09,NA,NA,NA
"TER-PRIBS-T06",2023-10-10,NA,NA,NA
"TER-PRIBS-T06",2023-10-11,NA,NA,NA
"TER-PRIBS-T06",2023-10-12,NA,NA,NA
"TER-PRIBS-T06",2023-10-13,NA,NA,NA
"TER-PRIBS-T06",2023-10-14,NA,NA,NA
"TER-PRIBS-T06",2023-10-15,NA,NA,NA
"TER-PRIBS-T06",2023-10-16,NA,NA,NA
"TER-PRIBS-T06",2023-10-17,NA,NA,NA
"TER-PRIBS-T06",2023-10-18,NA,NA,NA
"TER-PRIBS-T06",2023-10-19,NA,NA,NA
"TER-PRIBS-T06",2023-10-20,NA,NA,NA
"TER-PRIBS-T06",2023-10-21,NA,NA,NA
"TER-PRIBS-T06",2023-10-22,NA,NA,NA
"TER-PRIBS-T06",2023-10-23,NA,NA,NA
"TER-PRIBS-T06",2023-10-24,NA,NA,NA
"TER-PRIBS-T06",2023-10-25,NA,NA,NA
"TER-PRIBS-T06",2023-10-26,NA,NA,NA
"TER-PRIBS-T06",2023-10-27,NA,NA,NA
"TER-PRIBS-T06",2023-10-28,NA,NA,NA
"TER-PRIBS-T06",2023-10-29,NA,NA,NA
"TER-PRIBS-T06",2023-10-30,NA,NA,NA
"TER-PRIBS-T06",2023-10-31,NA,NA,NA
"TER-PRIBS-T06",2023-11-01,NA,NA,NA
"TER-PRIBS-T06",2023-11-02,NA,NA,NA
"TER-PRIBS-T06",2023-11-03,NA,NA,NA
"TER-PRIBS-T06",2023-11-04,NA,NA,NA
"TER-PRIBS-T06",2023-11-05,NA,NA,NA
"TER-PRIBS-T06",2023-11-06,NA,NA,NA
"TER-PRIBS-T06",2023-11-07,NA,NA,NA
"TER-PRIBS-T06",2023-11-08,NA,NA,NA
"TER-PRIBS-T06",2023-11-09,NA,NA,NA
"TER-PRIBS-T06",2023-11-10,NA,NA,NA
"TER-PRIBS-T06",2023-11-11,NA,NA,NA
"TER-PRIBS-T06",2023-11-12,NA,NA,NA
"TER-PRIBS-T06",2023-11-13,NA,NA,NA
"TER-PRIBS-T06",2023-11-14,NA,NA,NA
"TER-PRIBS-T06",2023-11-15,NA,NA,NA
"TER-PRIBS-T06",2023-11-16,NA,NA,NA
"TER-PRIBS-T06",2023-11-17,NA,NA,NA
"TER-PRIBS-T06",2023-11-18,NA,NA,NA
"TER-PRIBS-T06",2023-11-19,NA,NA,NA
"TER-PRIBS-T06",2023-11-20,NA,NA,NA
"TER-PRIBS-T06",2023-11-21,NA,NA,NA
"TER-PRIBS-T06",2023-11-22,NA,NA,NA
"TER-PRIBS-T06",2023-11-23,NA,NA,NA
"TER-PRIBS-T06",2023-11-24,NA,NA,NA
"TER-PRIBS-T06",2023-11-25,NA,NA,NA
"TER-PRIBS-T06",2023-11-26,NA,NA,NA
"TER-PRIBS-T06",2023-11-27,NA,NA,NA
"TER-PRIBS-T06",2023-11-28,NA,NA,NA
"TER-PRIBS-T06",2023-11-29,NA,NA,NA
"TER-PRIBS-T06",2023-11-30,NA,NA,NA
"TER-PRIBS-T06",2023-12-01,NA,NA,NA
"TER-PRIBS-T06",2023-12-02,NA,NA,NA
"TER-PRIBS-T06",2023-12-03,NA,NA,NA
"TER-PRIBS-T06",2023-12-04,NA,NA,NA
"TER-PRIBS-T06",2023-12-05,NA,NA,NA
"TER-PRIBS-T06",2023-12-06,NA,NA,NA
"TER-PRIBS-T06",2023-12-07,NA,NA,NA
"TER-PRIBS-T06",2023-12-08,NA,NA,NA
"TER-PRIBS-T06",2023-12-09,NA,NA,NA
"TER-PRIBS-T06",2023-12-10,NA,NA,NA
"TER-PRIBS-T06",2023-12-11,NA,NA,NA
"TER-PRIBS-T06",2023-12-12,NA,NA,NA
"TER-PRIBS-T06",2023-12-13,NA,NA,NA
"TER-PRIBS-T06",2023-12-14,NA,NA,NA
"TER-PRIBS-T06",2023-12-15,NA,NA,NA
"TER-PRIBS-T06",2023-12-16,NA,NA,NA
"TER-PRIBS-T06",2023-12-17,NA,NA,NA
"TER-PRIBS-T06",2023-12-18,NA,NA,NA
"TER-PRIBS-T06",2023-12-19,NA,NA,NA
"TER-PRIBS-T06",2023-12-20,NA,NA,NA
"TER-PRIBS-T06",2023-12-21,NA,NA,NA
"TER-PRIBS-T06",2023-12-22,NA,NA,NA
"TER-PRIBS-T06",2023-12-23,NA,NA,NA
"TER-PRIBS-T06",2023-12-24,NA,NA,NA
"TER-PRIBS-T06",2023-12-25,NA,NA,NA
"TER-PRIBS-T06",2023-12-26,NA,NA,NA
"TER-PRIBS-T06",2023-12-27,NA,NA,NA
"TER-PRIBS-T06",2023-12-28,NA,NA,NA
"TER-PRIBS-T06",2023-12-29,NA,NA,NA
"TER-PRIBS-T06",2023-12-30,NA,NA,NA
"TER-PRIBS-T06",2023-12-31,NA,NA,NA
"TER-PRIBS-T06",2024-01-01,NA,NA,NA
"TER-PRIBS-T06",2024-01-02,NA,NA,NA
"TER-PRIBS-T06",2024-01-03,NA,NA,NA
"TER-PRIBS-T06",2024-01-04,NA,NA,NA
"TER-PRIBS-T06",2024-01-05,NA,NA,NA
"TER-PRIBS-T06",2024-01-06,NA,NA,NA
"TER-PRIBS-T06",2024-01-07,NA,NA,NA
"TER-PRIBS-T06",2024-01-08,NA,NA,NA
"TER-PRIBS-T06",2024-01-09,NA,NA,NA
"TER-PRIBS-T06",2024-01-10,NA,NA,NA
"TER-PRIBS-T06",2024-01-11,NA,NA,NA
"TER-PRIBS-T06",2024-01-12,NA,NA,NA
"TER-PRIBS-T06",2024-01-13,NA,NA,NA
"TER-PRIBS-T06",2024-01-14,NA,NA,NA
"TER-PRIBS-T06",2024-01-15,NA,NA,NA
"TER-PRIBS-T06",2024-01-16,NA,NA,NA
"TER-PRIBS-T06",2024-01-17,NA,NA,NA
"TER-PRIBS-T06",2024-01-18,NA,NA,NA
"TER-PRIBS-T06",2024-01-19,NA,NA,NA
"TER-PRIBS-T06",2024-01-20,NA,NA,NA
"TER-PRIBS-T06",2024-01-21,NA,NA,NA
"TER-PRIBS-T06",2024-01-22,NA,NA,NA
"TER-PRIBS-T06",2024-01-23,NA,NA,NA
"TER-PRIBS-T06",2024-01-24,NA,NA,NA
"TER-PRIBS-T06",2024-01-25,NA,NA,NA
"TER-PRIBS-T06",2024-01-26,NA,NA,NA
"TER-PRIBS-T06",2024-01-27,NA,NA,NA
"TER-PRIBS-T06",2024-01-28,NA,NA,NA
"TER-PRIBS-T06",2024-01-29,NA,NA,NA
"TER-PRIBS-T06",2024-01-30,NA,NA,NA
"TER-PRIBS-T06",2024-01-31,NA,NA,NA
"TER-PRIBS-T06",2024-02-01,NA,NA,NA
"TER-PRIBS-T06",2024-02-02,NA,NA,NA
"TER-PRIBS-T06",2024-02-03,NA,NA,NA
"TER-PRIBS-T06",2024-02-04,NA,NA,NA
"TER-PRIBS-T06",2024-02-05,NA,NA,NA
"TER-PRIBS-T06",2024-02-06,NA,NA,NA
"TER-PRIBS-T06",2024-02-07,NA,NA,NA
"TER-PRIBS-T06",2024-02-08,NA,NA,NA
"TER-PRIBS-T06",2024-02-09,NA,NA,NA
"TER-PRIBS-T06",2024-02-10,NA,NA,NA
"TER-PRIBS-T06",2024-02-11,NA,NA,NA
"TER-PRIBS-T06",2024-02-12,NA,NA,NA
"TER-PRIBS-T06",2024-02-13,NA,NA,NA
"TER-PRIBS-T06",2024-02-14,NA,NA,NA
"TER-PRIBS-T06",2024-02-15,NA,NA,NA
"TER-PRIBS-T06",2024-02-16,NA,NA,NA
"TER-PRIBS-T06",2024-02-17,NA,NA,NA
"TER-PRIBS-T06",2024-02-18,NA,NA,NA
"TER-PRIBS-T06",2024-02-19,NA,NA,NA
"TER-PRIBS-T06",2024-02-20,NA,NA,NA
"TER-PRIBS-T06",2024-02-21,NA,NA,NA
"TER-PRIBS-T06",2024-02-22,NA,NA,NA
"TER-PRIBS-T06",2024-02-23,NA,NA,NA
"TER-PRIBS-T06",2024-02-24,NA,NA,NA
"TER-PRIBS-T06",2024-02-25,NA,NA,NA
"TER-PRIBS-T06",2024-02-26,NA,NA,NA
"TER-PRIBS-T06",2024-02-27,NA,NA,NA
"TER-PRIBS-T06",2024-02-28,NA,NA,NA
"TER-PRIBS-T06",2024-02-29,NA,NA,NA
"TER-PRIBS-T06",2024-03-01,NA,NA,NA
"TER-PRIBS-T06",2024-03-02,NA,NA,NA
"TER-PRIBS-T06",2024-03-03,NA,NA,NA
"TER-PRIBS-T06",2024-03-04,NA,NA,NA
"TER-PRIBS-T06",2024-03-05,NA,NA,NA
"TER-PRIBS-T06",2024-03-06,NA,NA,NA
"TER-PRIBS-T06",2024-03-07,NA,NA,NA
"TER-PRIBS-T06",2024-03-08,NA,NA,NA
"TER-PRIBS-T06",2024-03-09,NA,NA,NA
"TER-PRIBS-T06",2024-03-10,NA,NA,NA
"TER-PRIBS-T06",2024-03-11,NA,NA,NA
"TER-PRIBS-T06",2024-03-12,NA,NA,NA
"TER-PRIBS-T06",2024-03-13,NA,NA,NA
"TER-PRIBS-T06",2024-03-14,NA,NA,NA
"TER-PRIBS-T06",2024-03-15,NA,NA,NA
"TER-PRIBS-T06",2024-03-16,NA,NA,NA
"TER-PRIBS-T06",2024-03-17,NA,NA,NA
"TER-PRIBS-T06",2024-03-18,NA,NA,NA
"TER-PRIBS-T06",2024-03-19,NA,NA,NA
"TER-PRIBS-T06",2024-03-20,NA,NA,NA
"TER-PRIBS-T06",2024-03-21,NA,NA,NA
"TER-PRIBS-T06",2024-03-22,NA,NA,NA
"TER-PRIBS-T06",2024-03-23,NA,NA,NA
"TER-PRIBS-T06",2024-03-24,NA,NA,NA
"TER-PRIBS-T06",2024-03-25,NA,NA,NA
"TER-PRIBS-T06",2024-03-26,NA,NA,NA
"TER-PRIBS-T06",2024-03-27,NA,NA,NA
"TER-PRIBS-T06",2024-03-28,NA,NA,NA
"TER-PRIBS-T06",2024-03-29,NA,NA,NA
"TER-PRIBS-T06",2024-03-30,NA,NA,NA
"TER-PRIBS-T06",2024-03-31,NA,NA,NA
"TER-PRIBS-T06",2024-04-01,NA,NA,NA
"TER-PRIBS-T06",2024-04-02,NA,NA,NA
"TER-PRIBS-T06",2024-04-03,NA,NA,NA
"TER-PRIBS-T06",2024-04-04,NA,NA,NA
"TER-PRIBS-T06",2024-04-05,NA,NA,NA
"TER-PRIBS-T06",2024-04-06,NA,NA,NA
"TER-PRIBS-T06",2024-04-07,NA,NA,NA
"TER-PRIBS-T06",2024-04-08,NA,NA,NA
"TER-PRIBS-T06",2024-04-09,NA,NA,NA
"TER-PRIBS-T06",2024-04-10,15.1458333333333,15.3125,15.2291666666667
"TER-PRIBS-T06",2024-04-11,15.2708333333333,15.1041666666667,15.1666666666667
"TER-PRIBS-T06",2024-04-12,14.0416666666667,14.0208333333333,13.9791666666667
"TER-PRIBS-T06",2024-04-13,13.4375,13.5416666666667,13.4166666666667
"TER-PRIBS-T06",2024-04-14,12.4583333333333,12.6666666666667,12.5416666666667
"TER-PRIBS-T06",2024-04-15,13.6041666666667,13.5625,13.5625
"TER-PRIBS-T06",2024-04-16,14.3541666666667,14.2708333333333,14.2916666666667
"TER-PRIBS-T06",2024-04-17,14.4166666666667,14.4375,14.3125
"TER-PRIBS-T06",2024-04-18,14.4166666666667,14.3541666666667,14.2708333333333
"TER-PRIBS-T06",2024-04-19,14.125,14.1041666666667,14
"TER-PRIBS-T06",2024-04-20,13.7916666666667,13.7291666666667,13.6875
"TER-PRIBS-T06",2024-04-21,14.6041666666667,14.4791666666667,14.4791666666667
"TER-PRIBS-T06",2024-04-22,13.4583333333333,13.625,13.4583333333333
"TER-PRIBS-T06",2024-04-23,13.75,13.7708333333333,13.7291666666667
"TER-PRIBS-T06",2024-04-24,13.4166666666667,13.375,13.375
"TER-PRIBS-T06",2024-04-25,13.25,13.0416666666667,13.1875
"TER-PRIBS-T06",2024-04-26,12,11.9583333333333,12.0208333333333
"TER-PRIBS-T06",2024-04-27,11.7291666666667,11.5208333333333,11.7708333333333
"TER-PRIBS-T06",2024-04-28,12.375,12.0416666666667,12.3125
"TER-PRIBS-T06",2024-04-29,12.3125,12.2916666666667,12.3333333333333
"TER-PRIBS-T06",2024-04-30,12.875,12.7083333333333,12.8541666666667
"TER-PRIBS-T06",2024-05-01,13.6875,13.5208333333333,13.5208333333333
"TER-PRIBS-T06",2024-05-02,14.9583333333333,14.8958333333333,14.9583333333333
"TER-PRIBS-T06",2024-05-03,14.7291666666667,14.5625,14.6041666666667
"TER-PRIBS-T06",2024-05-04,15.4166666666667,15.0625,15.125
"TER-PRIBS-T06",2024-05-05,15.0625,14.75,14.8125
"TER-PRIBS-T06",2024-05-06,16.1458333333333,15.9583333333333,16.0625
"TER-PRIBS-T06",2024-05-07,15.625,15.5625,15.6041666666667
"TER-PRIBS-T06",2024-05-08,15.0208333333333,14.9166666666667,14.9166666666667
"TER-PRIBS-T06",2024-05-09,14.75,14.4583333333333,14.5625
"TER-PRIBS-T06",2024-05-10,15.1875,14.875,14.9166666666667
"TER-PRIBS-T06",2024-05-11,16.0416666666667,15.7291666666667,15.75
"TER-PRIBS-T06",2024-05-12,16,15.7083333333333,15.75
"TER-PRIBS-T06",2024-05-13,15.0208333333333,15.0208333333333,15.1041666666667
"TER-PRIBS-T06",2024-05-14,13.375,13.25,13.6666666666667
"TER-PRIBS-T06",2024-05-15,13.5416666666667,13.5625,13.6875
"TER-PRIBS-T06",2024-05-16,14.125,14.1666666666667,14.1458333333333
"TER-PRIBS-T06",2024-05-17,13.5,13.4375,13.5208333333333
"TER-PRIBS-T06",2024-05-18,12.9375,12.8541666666667,13
"TER-PRIBS-T06",2024-05-19,13.6875,13.5208333333333,13.7083333333333
"TER-PRIBS-T06",2024-05-20,15.5,15.1458333333333,15.3333333333333
"TER-PRIBS-T06",2024-05-21,15.75,15.5208333333333,15.6041666666667
"TER-PRIBS-T06",2024-05-22,16.25,16,16.1666666666667
"TER-PRIBS-T06",2024-05-23,17.1666666666667,17.0208333333333,17.125
"TER-PRIBS-T06",2024-05-24,16.1875,16.125,16.1666666666667
"TER-PRIBS-T06",2024-05-25,15.1041666666667,14.9166666666667,15.0208333333333
"TER-PRIBS-T06",2024-05-26,14.4791666666667,14.5,14.5416666666667
"TER-PRIBS-T06",2024-05-27,16.2916666666667,15.7708333333333,15.9375
"TER-PRIBS-T06",2024-05-28,17.0625,16.4166666666667,16.7708333333333
"TER-PRIBS-T06",2024-05-29,17.4166666666667,17.2916666666667,17.3333333333333
"TER-PRIBS-T06",2024-05-30,16.5416666666667,16.4166666666667,16.4166666666667
"TER-PRIBS-T06",2024-05-31,15.4583333333333,15.625,15.375
"TER-PRIBS-T06",2024-06-01,15.7291666666667,15.6875,15.5
"TER-PRIBS-T06",2024-06-02,15.9166666666667,15.9375,15.8333333333333
"TER-PRIBS-T06",2024-06-03,15.4166666666667,15.5416666666667,15.3958333333333
"TER-PRIBS-T06",2024-06-04,15.375,15.4166666666667,15.4166666666667
"TER-PRIBS-T06",2024-06-05,14.625,14.8958333333333,14.8125
"TER-PRIBS-T06",2024-06-06,14.8125,14.7291666666667,14.7916666666667
"TER-PRIBS-T06",2024-06-07,15.2083333333333,15.1666666666667,15.1458333333333
"TER-PRIBS-T06",2024-06-08,15.5208333333333,15.5,15.4791666666667
"TER-PRIBS-T06",2024-06-09,16.1458333333333,15.875,15.8958333333333
"TER-PRIBS-T06",2024-06-10,15.6458333333333,15.6458333333333,15.6875
"TER-PRIBS-T06",2024-06-11,15.625,15.4375,15.5416666666667
"TER-PRIBS-T06",2024-06-12,16.875,16.25,16.4583333333333
"TER-PRIBS-T06",2024-06-13,18.1666666666667,18.0833333333333,17.9166666666667
"TER-PRIBS-T06",2024-06-14,16.9375,16.7708333333333,16.875
"TER-PRIBS-T06",2024-06-15,17.2083333333333,16.75,16.9583333333333
"TER-PRIBS-T06",2024-06-16,18.0625,17.9375,17.8333333333333
"TER-PRIBS-T06",2024-06-17,17.0208333333333,16.75,16.8125
"TER-PRIBS-T06",2024-06-18,15.8333333333333,15.7291666666667,16.0208333333333
"TER-PRIBS-T06",2024-06-19,15.3541666666667,15.4375,15.6041666666667
"TER-PRIBS-T06",2024-06-20,15.9375,15.7916666666667,15.8333333333333
"TER-PRIBS-T06",2024-06-21,16.875,16.4166666666667,16.625
"TER-PRIBS-T06",2024-06-22,17.4583333333333,17.125,17.0833333333333
"TER-PRIBS-T06",2024-06-23,18.2291666666667,17.6666666666667,17.875
"TER-PRIBS-T06",2024-06-24,17.3958333333333,17.4375,17.4791666666667
"TER-PRIBS-T06",2024-06-25,NA,NA,NA
"TER-PRIBS-T06",2024-06-26,NA,NA,NA
"TER-PRIBS-T06",2024-06-27,NA,NA,NA
"TER-PRIBS-T06",2024-06-28,18.2291666666667,18.4375,18.5
"TER-PRIBS-T06",2024-06-29,18.3541666666667,18.625,18.3958333333333
"TER-PRIBS-T06",2024-06-30,17.7916666666667,18,17.9166666666667
"TER-PRIBS-T06",2024-07-01,18.125,18.3333333333333,18.4375
"TER-PRIBS-T06",2024-07-02,19.2916666666667,19.7916666666667,19.875
"TER-PRIBS-T06",2024-07-03,18.75,18.9166666666667,19.0416666666667
"TER-PRIBS-T06",2024-07-04,17.7083333333333,17.7916666666667,17.8958333333333
"TER-PRIBS-T06",2024-07-05,17.8333333333333,18,18.0833333333333
"TER-PRIBS-T06",2024-07-06,19.7708333333333,20.1041666666667,20.0625
"TER-PRIBS-T06",2024-07-07,20.6875,20.9166666666667,20.875
"TER-PRIBS-T06",2024-07-08,20.7916666666667,21,20.9166666666667
"TER-PRIBS-T06",2024-07-09,21.8333333333333,22.0625,22.1041666666667
"TER-PRIBS-T06",2024-07-10,20.0833333333333,20.125,20.1458333333333
"TER-PRIBS-T06",2024-07-11,19.0208333333333,19.125,19.1041666666667
"TER-PRIBS-T06",2024-07-12,19.8333333333333,20.25,20.1458333333333
"TER-PRIBS-T06",2024-07-13,18.6875,19.125,19.1458333333333
"TER-PRIBS-T06",2024-07-14,18.0833333333333,18.7291666666667,18.75
"TER-PRIBS-T06",2024-07-15,19.875,20.375,20.3541666666667
"TER-PRIBS-T06",2024-07-16,20.8125,21.5833333333333,21.6666666666667
"TER-PRIBS-T06",2024-07-17,19.2083333333333,19.2291666666667,19.125
"TER-PRIBS-T06",2024-07-18,17.9791666666667,18.3541666666667,18.4166666666667
"TER-PRIBS-T06",2024-07-19,18.8541666666667,19.3333333333333,19.4791666666667
"TER-PRIBS-T06",2024-07-20,NA,NA,NA
"TER-PRIBS-T06",2024-07-21,21.1666666666667,21.5625,21.625
"TER-PRIBS-T06",2024-07-22,19.9375,20.25,20.2708333333333
"TER-PRIBS-T06",2024-07-23,20.0833333333333,20.3541666666667,20.375
"TER-PRIBS-T06",2024-07-24,19.7291666666667,19.875,20.0416666666667
"TER-PRIBS-T06",2024-07-25,20.8958333333333,21.4375,21.625
"TER-PRIBS-T06",2024-07-26,22.375,22.8541666666667,22.8125
"TER-PRIBS-T06",2024-07-27,21.0416666666667,21.1875,21.1666666666667
"TER-PRIBS-T06",2024-07-28,21.8958333333333,22.1875,22.2083333333333
"TER-PRIBS-T06",2024-07-29,22.0208333333333,22.1875,22.2916666666667
"TER-PRIBS-T06",2024-07-30,20.4166666666667,20.5833333333333,20.6041666666667
"TER-PRIBS-T06",2024-07-31,19.8125,20,19.9583333333333
"TER-PRIBS-T06",2024-08-01,20.4375,20.8125,20.8958333333333
"TER-PRIBS-T06",2024-08-02,20.0833333333333,20.375,20.5625
"TER-PRIBS-T06",2024-08-03,20.0625,20.3541666666667,20.5416666666667
"TER-PRIBS-T06",2024-08-04,21.8125,22.5833333333333,22.5416666666667
"TER-PRIBS-T06",2024-08-05,22.5208333333333,23.1041666666667,23.0625
"TER-PRIBS-T06",2024-08-06,21,21.1458333333333,21.1458333333333
"TER-PRIBS-T06",2024-08-07,19.625,19.9166666666667,19.8958333333333
"TER-PRIBS-T06",2024-08-08,20.125,20.4166666666667,20.5416666666667
"TER-PRIBS-T06",2024-08-09,20.0416666666667,20.4791666666667,20.5625
"TER-PRIBS-T06",2024-08-10,21.1666666666667,21.625,21.625
"TER-PRIBS-T06",2024-08-11,19.125,19.3125,19.4791666666667
"TER-PRIBS-T06",2024-08-12,18.8125,19.25,19.2291666666667
"TER-PRIBS-T06",2024-08-13,21.9375,22.3333333333333,22.3125
"TER-PRIBS-T06",2024-08-14,22,22.4375,22.5
"TER-PRIBS-T06",2024-08-15,21.4375,21.7083333333333,21.75
"TER-PRIBS-T06",2024-08-16,21.3333333333333,21.6041666666667,21.6041666666667
"TER-PRIBS-T06",2024-08-17,21.1041666666667,21.3541666666667,21.375
"TER-PRIBS-T06",2024-08-18,20.8541666666667,21.0208333333333,21.2083333333333
"TER-PRIBS-T06",2024-08-19,21.8125,22.1666666666667,22.1666666666667
"TER-PRIBS-T06",2024-08-20,20.8541666666667,20.75,20.7083333333333
"TER-PRIBS-T06",2024-08-21,20.1458333333333,20.5,20.6666666666667
"TER-PRIBS-T06",2024-08-22,21.0208333333333,21.7291666666667,21.8333333333333
"TER-PRIBS-T06",2024-08-23,22.6666666666667,23.0833333333333,23.0833333333333
"TER-PRIBS-T06",2024-08-24,19.6041666666667,19.6875,19.7916666666667
"TER-PRIBS-T06",2024-08-25,19.75,20.375,20.4166666666667
"TER-PRIBS-T06",2024-08-26,22.0208333333333,22.7291666666667,22.6041666666667
"TER-PRIBS-T06",2024-08-27,20.3958333333333,20.7083333333333,20.7291666666667
"TER-PRIBS-T06",2024-08-28,19.5416666666667,19.7708333333333,19.7916666666667
"TER-PRIBS-T06",2024-08-29,19.3333333333333,19.6041666666667,19.6666666666667
"TER-PRIBS-T06",2024-08-30,21.2916666666667,21.8125,21.8958333333333
"TER-PRIBS-T06",2024-08-31,22.0625,22.5625,22.5625
"TER-PRIBS-T06",2024-09-01,18.8541666666667,18.9375,19
"TER-PRIBS-T06",2024-09-02,18.25,18.5208333333333,18.625
"TER-PRIBS-T06",2024-09-03,18.3541666666667,18.875,19
"TER-PRIBS-T06",2024-09-04,18.3125,18.875,18.9166666666667
"TER-PRIBS-T06",2024-09-05,18.6875,19.1875,19.2708333333333
"TER-PRIBS-T06",2024-09-06,18.4375,18.8125,18.8333333333333
"TER-PRIBS-T06",2024-09-07,18.3958333333333,18.5416666666667,18.5208333333333
"TER-PRIBS-T06",2024-09-08,18.4583333333333,18.5833333333333,18.5625
"TER-PRIBS-T06",2024-09-09,17.4166666666667,17.6666666666667,17.7291666666667
"TER-PRIBS-T06",2024-09-10,18.0625,18.0625,18.0625
"TER-PRIBS-T06",2024-09-11,18.25,18.5208333333333,18.625
"TER-PRIBS-T06",2024-09-12,18.5208333333333,19.2083333333333,19.25
"TER-PRIBS-T06",2024-09-13,19.0625,19.6666666666667,19.6458333333333
"TER-PRIBS-T06",2024-09-14,18.5416666666667,18.8333333333333,18.8541666666667
"TER-PRIBS-T06",2024-09-15,19.1666666666667,19.6458333333333,19.6041666666667
"TER-PRIBS-T06",2024-09-16,18.75,18.9583333333333,18.9791666666667
"TER-PRIBS-T06",2024-09-17,19.25,19.75,19.8333333333333
"TER-PRIBS-T06",2024-09-18,17.75,18.125,18.0833333333333
"TER-PRIBS-T06",2024-09-19,17.6458333333333,18.125,18.0833333333333
"TER-PRIBS-T06",2024-09-20,17.7291666666667,17.8333333333333,17.7291666666667
"TER-PRIBS-T06",2024-09-21,17.3333333333333,17.7291666666667,17.8541666666667
"TER-PRIBS-T06",2024-09-22,19.0625,19.5416666666667,19.5
"TER-PRIBS-T06",2024-09-23,20.2708333333333,21.2916666666667,21.4166666666667
"TER-PRIBS-T06",2024-09-24,21.7708333333333,22.6041666666667,22.5833333333333
"TER-PRIBS-T06",2024-09-25,20.8125,NA,21.125
"TER-PRIBS-T06",2024-09-26,18,NA,18.4375
"TER-PRIBS-T06",2024-09-27,20.125,NA,20.6458333333333
"TER-PRIBS-T06",2024-09-28,20.4791666666667,NA,20.8958333333333
"TER-PRIBS-T06",2024-09-29,20.8125,NA,21.2291666666667
"TER-PRIBS-T06",2024-09-30,21.7916666666667,NA,22.6041666666667
"TER-PRIBS-T06",2024-10-01,22.3541666666667,NA,22.8333333333333
"TER-PRIBS-T06",2024-10-02,22.3125,NA,22.8125
"TER-PRIBS-T06",2024-10-03,22.4791666666667,NA,22.9166666666667
"TER-PRIBS-T06",2024-10-04,21.125,NA,21.25
"TER-PRIBS-T06",2024-10-05,18.3958333333333,NA,18.3333333333333
"TER-PRIBS-T06",2024-10-06,16.5208333333333,NA,16.9791666666667
"TER-PRIBS-T06",2024-10-07,17.8125,NA,18.1041666666667
"TER-PRIBS-T06",2024-10-08,19.7916666666667,NA,19.7916666666667
"TER-PRIBS-T06",2024-10-09,18.9375,NA,18.8541666666667
"TER-PRIBS-T06",2024-10-10,18.0625,NA,17.9166666666667
"TER-PRIBS-T06",2024-10-11,14.9166666666667,NA,14.8125
"TER-PRIBS-T06",2024-10-12,16.25,NA,16.1666666666667
"TER-PRIBS-T06",2024-10-13,18.8541666666667,NA,18.9375
"TER-PRIBS-T06",2024-10-14,17.6875,NA,17.5
"TER-PRIBS-T06",2024-10-15,16.1041666666667,NA,15.9791666666667
"TER-PRIBS-T06",2024-10-16,15.2083333333333,NA,15.0833333333333
"TER-PRIBS-T06",2024-10-17,15.3958333333333,NA,15.1666666666667
"TER-PRIBS-T06",2024-10-18,17.3541666666667,NA,17.3333333333333
"TER-PRIBS-T06",2024-10-19,18.2916666666667,NA,18.2916666666667
"TER-PRIBS-T06",2024-10-20,15.0625,NA,14.8958333333333
"TER-PRIBS-T06",2024-10-21,13.5625,NA,13.25
"TER-PRIBS-T06",2024-10-22,15.2083333333333,NA,15.0833333333333
"TER-PRIBS-T06",2024-10-23,17.8333333333333,NA,17.875
"TER-PRIBS-T06",2024-10-24,13.9375,NA,13.6666666666667
"TER-PRIBS-T06",2024-10-25,13.7916666666667,NA,13.8541666666667
"TER-PRIBS-T06",2024-10-26,14.3125,NA,14.0833333333333
"TER-PRIBS-T06",2024-10-27,14.7083333333333,NA,14.3541666666667
"TER-PRIBS-T06",2024-10-28,14.5208333333333,NA,14.2916666666667
"TER-PRIBS-T06",2024-10-29,15.0625,NA,15.0416666666667
"TER-PRIBS-T06",2024-10-30,15.8541666666667,NA,15.7708333333333
"TER-PRIBS-T06",2024-10-31,16.5208333333333,NA,16.4791666666667
"TER-PRIBS-T06",2024-11-01,18.2708333333333,NA,18.375
"TER-PRIBS-T06",2024-11-02,16.6458333333333,NA,16.3541666666667
"TER-PRIBS-T06",2024-11-03,16.4583333333333,NA,16.3541666666667
"TER-PRIBS-T06",2024-11-04,16.0208333333333,NA,15.7916666666667
"TER-PRIBS-T06",2024-11-05,16.6041666666667,NA,16.4791666666667
"TER-PRIBS-T06",2024-11-06,13.25,NA,12.9375
"TER-PRIBS-T06",2024-11-07,12.9583333333333,NA,12.8333333333333
"TER-PRIBS-T06",2024-11-08,16.4375,NA,16.6041666666667
"TER-PRIBS-T06",2024-11-09,17.5208333333333,NA,17.5625
"TER-PRIBS-T06",2024-11-10,17.0416666666667,NA,17.0625
"TER-PRIBS-T06",2024-11-11,17.3958333333333,NA,17.3958333333333
"TER-PRIBS-T06",2024-11-12,17.8958333333333,NA,17.875
"TER-PRIBS-T06",2024-11-13,16.6041666666667,NA,16.5
"TER-PRIBS-T06",2024-11-14,14.6458333333333,NA,14.9583333333333
"TER-PRIBS-T06",2024-11-15,13.6666666666667,NA,13.9166666666667
"TER-PRIBS-T06",2024-11-16,13.9375,NA,14.1666666666667
"TER-PRIBS-T06",2024-11-17,14.3125,NA,14.3125
"TER-PRIBS-T06",2024-11-18,15.0833333333333,NA,15.0833333333333
"TER-PRIBS-T06",2024-11-19,14.9166666666667,NA,14.8125
"TER-PRIBS-T06",2024-11-20,14.9791666666667,NA,14.6875
"TER-PRIBS-T06",2024-11-21,15.7083333333333,NA,15.5625
"TER-PRIBS-T06",2024-11-22,16.875,NA,16.8333333333333
"TER-PRIBS-T06",2024-11-23,15.4583333333333,NA,15.2291666666667
"TER-PRIBS-T06",2024-11-24,12.1666666666667,NA,11.5416666666667
"TER-PRIBS-T06",2024-11-25,13.8125,NA,13.7708333333333
"TER-PRIBS-T06",2024-11-26,15.7291666666667,NA,15.7083333333333
"TER-PRIBS-T06",2024-11-27,14.9166666666667,NA,14.6041666666667
"TER-PRIBS-T06",2024-11-28,13.9166666666667,NA,13.7708333333333
"TER-PRIBS-T06",2024-11-29,13.75,NA,13.4791666666667
"TER-PRIBS-T06",2024-11-30,12.5625,NA,12.3541666666667
"TER-PRIBS-T06",2024-12-01,13.75,NA,13.7291666666667
"TER-PRIBS-T06",2024-12-02,15.375,NA,15.3541666666667
"TER-PRIBS-T06",2024-12-03,14.2083333333333,NA,14.0208333333333
"TER-PRIBS-T06",2024-12-04,14.4791666666667,NA,14.2083333333333
"TER-PRIBS-T06",2024-12-05,15,NA,14.7916666666667
"TER-PRIBS-T06",2024-12-06,15.7083333333333,NA,15.6666666666667
"TER-PRIBS-T06",2024-12-07,14.9375,NA,14.8125
"TER-PRIBS-T06",2024-12-08,15.0208333333333,NA,14.8541666666667
"TER-PRIBS-T06",2024-12-09,14.125,NA,14.0208333333333
"TER-PRIBS-T06",2024-12-10,13.7708333333333,NA,13.625
"TER-PRIBS-T06",2024-12-11,14.1875,NA,14.1666666666667
"TER-PRIBS-T06",2024-12-12,12.5416666666667,NA,12.8958333333333
"TER-PRIBS-T06",2024-12-13,11.8125,NA,12.1666666666667
"TER-PRIBS-T06",2024-12-14,11.4583333333333,NA,11.5625
"TER-PRIBS-T06",2024-12-15,12.6875,NA,12.7083333333333
"TER-PRIBS-T06",2024-12-16,13.7708333333333,NA,13.7291666666667
"TER-PRIBS-T06",2024-12-17,12.75,NA,12.4583333333333
"TER-PRIBS-T06",2024-12-18,12.1666666666667,NA,12.0208333333333
"TER-PRIBS-T06",2024-12-19,11.2083333333333,NA,11.5833333333333
"TER-PRIBS-T06",2024-12-20,10.4583333333333,NA,10.4166666666667
"TER-PRIBS-T06",2024-12-21,11.3125,NA,11.2916666666667
"TER-PRIBS-T06",2024-12-22,11.625,NA,11.3333333333333
"TER-PRIBS-T06",2024-12-23,12,NA,11.8541666666667
"TER-PRIBS-T06",2024-12-24,12.0833333333333,NA,12
"TER-PRIBS-T06",2024-12-25,11.9583333333333,NA,11.8125
"TER-PRIBS-T06",2024-12-26,12.8541666666667,NA,12.6041666666667
"TER-PRIBS-T06",2024-12-27,13.6875,NA,13.7083333333333
"TER-PRIBS-T06",2024-12-28,13.6875,NA,13.5625
"TER-PRIBS-T06",2024-12-29,13.0208333333333,NA,12.9375
"TER-PRIBS-T06",2024-12-30,13.5208333333333,NA,13.4583333333333
"TER-PRIBS-T06",2024-12-31,14.8333333333333,NA,14.875
"TER-PRIBS-T06",2025-01-01,15.7708333333333,NA,15.8125
"TER-PRIBS-T06",2025-01-02,15.8333333333333,NA,15.9375
"TER-PRIBS-T06",2025-01-03,15.6458333333333,NA,15.6666666666667
"TER-PRIBS-T06",2025-01-04,14.0833333333333,NA,13.8125
"TER-PRIBS-T06",2025-01-05,13.2708333333333,NA,13.0625
"TER-PRIBS-T06",2025-01-06,15.25,NA,15.3333333333333
"TER-PRIBS-T06",2025-01-07,13.6875,NA,13.3541666666667
"TER-PRIBS-T06",2025-01-08,13.8125,NA,13.7083333333333
"TER-PRIBS-T06",2025-01-09,15.9791666666667,NA,16.0625
"TER-PRIBS-T06",2025-01-10,16.1041666666667,NA,16.1458333333333
"TER-PRIBS-T06",2025-01-11,16.0208333333333,NA,15.9791666666667
"TER-PRIBS-T06",2025-01-12,14.8125,NA,14.6458333333333
"TER-PRIBS-T06",2025-01-13,15.25,NA,15.1875
"TER-PRIBS-T06",2025-01-14,15.5416666666667,NA,15.3958333333333
"TER-PRIBS-T06",2025-01-15,15.375,NA,15.2291666666667
"TER-PRIBS-T06",2025-01-16,16,NA,15.9791666666667
"TER-PRIBS-T06",2025-01-17,15.4166666666667,NA,15.4166666666667
"TER-PRIBS-T06",2025-01-18,12.6875,NA,12.8333333333333
"TER-PRIBS-T06",2025-01-19,12.2916666666667,NA,11.9791666666667
"TER-PRIBS-T06",2025-01-20,11.7083333333333,NA,11.375
"TER-PRIBS-T06",2025-01-21,10.9583333333333,NA,10.75
"TER-PRIBS-T06",2025-01-22,10.1041666666667,NA,9.6875
"TER-PRIBS-T06",2025-01-23,12.75,NA,12.7708333333333
"TER-PRIBS-T06",2025-01-24,11.9583333333333,NA,11.7083333333333
"TER-PRIBS-T06",2025-01-25,12.375,NA,12.3958333333333
"TER-PRIBS-T06",2025-01-26,12.5625,NA,12.375
"TER-PRIBS-T06",2025-01-27,10.4375,NA,10.3958333333333
"TER-PRIBS-T06",2025-01-28,12.3125,NA,12.3125
"TER-PRIBS-T06",2025-01-29,12.5625,NA,12.5208333333333
"TER-PRIBS-T06",2025-01-30,13.1666666666667,NA,13.0833333333333
"TER-PRIBS-T06",2025-01-31,13.9791666666667,NA,13.8958333333333
"TER-PRIBS-T06",2025-02-01,13.1041666666667,NA,13
"TER-PRIBS-T06",2025-02-02,12.2083333333333,NA,12.2291666666667
"TER-PRIBS-T06",2025-02-03,13.9375,NA,13.9375
"TER-PRIBS-T06",2025-02-04,11.4583333333333,NA,11.75
"TER-PRIBS-T06",2025-02-05,14.6458333333333,NA,14.625
"TER-PRIBS-T06",2025-02-06,14.5,NA,14.25
"TER-PRIBS-T06",2025-02-07,14.25,NA,14.125
"TER-PRIBS-T06",2025-02-08,11.8333333333333,NA,11.625
"TER-PRIBS-T06",2025-02-09,12.0833333333333,NA,12.0208333333333
"TER-PRIBS-T06",2025-02-10,12.25,NA,12.0416666666667
"TER-PRIBS-T06",2025-02-11,13.0625,NA,12.9791666666667
"TER-PRIBS-T06",2025-02-12,NA,NA,NA
"TER-PRIBS-T06",2025-02-13,NA,NA,NA
"TER-PRIBS-T06",2025-02-14,NA,NA,NA
"TER-PRIBS-T06",2025-02-15,NA,NA,NA
"TER-PRIBS-T06",2025-02-16,NA,NA,NA
"TER-PRIBS-T06",2025-02-17,NA,NA,NA
"TER-PRIBS-T06",2025-02-18,NA,NA,NA
"TER-PRIBS-T06",2025-02-19,NA,NA,NA
"TER-PRIBS-T06",2025-02-20,NA,NA,NA
"TER-PRIBS-T06",2025-02-21,NA,NA,NA
"TER-PRIBS-T06",2025-02-22,NA,NA,NA
"TER-PRIBS-T06",2025-02-23,NA,NA,NA
"TER-PRIBS-T06",2025-02-24,NA,NA,NA
"TER-PRIBS-T06",2025-02-25,NA,NA,NA
"TER-PRIBS-T06",2025-02-26,NA,NA,NA
"TER-PRIBS-T06",2025-02-27,NA,NA,NA
"TER-PRIBS-T06",2025-02-28,NA,NA,NA
"TER-PRIBS-T06",2025-03-01,NA,NA,NA
"TER-PRIBS-T06",2025-03-02,NA,NA,NA
"TER-PRIBS-T06",2025-03-03,NA,NA,NA
"TER-PRIBS-T06",2025-03-04,NA,NA,NA
"TER-PRIBS-T06",2025-03-05,NA,NA,NA
"TER-PRIBS-T06",2025-03-06,NA,NA,NA
"TER-PRIBS-T06",2025-03-07,NA,NA,NA
"TER-PRIBS-T06",2025-03-08,NA,NA,NA
"TER-PRIBS-T06",2025-03-09,NA,NA,NA
"TER-PRIBS-T06",2025-03-10,NA,NA,NA
"TER-PRIBS-T06",2025-03-11,NA,NA,NA
"TER-PRIBS-T06",2025-03-12,NA,NA,NA
"TER-PRIBS-T06",2025-03-13,NA,NA,NA
"TER-PRIBS-T06",2025-03-14,NA,NA,NA
"TER-PRIBS-T06",2025-03-15,NA,NA,NA
"TER-PRIBS-T06",2025-03-16,NA,NA,NA
"TER-PRIBS-T06",2025-03-17,NA,NA,NA
"TER-PRIBS-T06",2025-03-18,NA,NA,NA
"TER-PRIBS-T06",2025-03-19,NA,NA,NA
"TER-PRIBS-T06",2025-03-20,NA,NA,NA
"TER-PRIBS-T06",2025-03-21,NA,NA,NA
"TER-PRIBS-T06",2025-03-22,NA,NA,NA
"TER-PRIBS-T06",2025-03-23,NA,NA,NA
"TER-PRIBS-T06",2025-03-24,NA,NA,NA
"TER-PRIBS-T06",2025-03-25,NA,NA,NA
"TER-PRIBS-T06",2025-03-26,NA,NA,NA
"TER-PRIBS-T06",2025-03-27,NA,NA,NA
"TER-PRIBS-T06",2025-03-28,NA,NA,NA
"TER-PRIBS-T06",2025-03-29,NA,NA,NA
"TER-PRIBS-T06",2025-03-30,NA,NA,NA
"TER-PRIBS-T06",2025-03-31,NA,NA,NA
"TER-PRIBS-T06",2025-04-01,NA,NA,NA
"TER-PRIBS-T06",2025-04-02,NA,NA,NA
"TER-PRIBS-T06",2025-04-03,NA,NA,NA
"TER-PRIBS-T06",2025-04-04,NA,NA,NA
"TER-PRIBS-T06",2025-04-05,NA,NA,NA
"TER-PRIBS-T06",2025-04-06,NA,NA,NA
"TER-PRIBS-T06",2025-04-07,NA,NA,NA
"TER-PRIBS-T06",2025-04-08,NA,NA,NA
"TER-PRIBS-T06",2025-04-09,NA,NA,NA
"TER-PRIBS-T06",2025-04-10,NA,NA,NA
"TER-PRIBS-T06",2025-04-11,NA,NA,NA
"TER-PRIBS-T06",2025-04-12,NA,NA,NA
"TER-PRIBS-T06",2025-04-13,NA,NA,NA
"TER-PRIBS-T06",2025-04-14,NA,NA,NA
"TER-PRIBS-T06",2025-04-15,NA,NA,NA
"TER-PRIBS-T06",2025-04-16,NA,NA,NA
"TER-PRIBS-T06",2025-04-17,NA,NA,NA
"TER-PRIBS-T06",2025-04-18,NA,NA,NA
"TER-PRIBS-T06",2025-04-19,NA,NA,NA
"TER-PRIBS-T06",2025-04-20,NA,NA,NA
"TER-PRIBS-T06",2025-04-21,NA,NA,NA
"TER-PRIBS-T06",2025-04-22,NA,NA,NA
"TER-PRIBS-T06",2025-04-23,NA,NA,NA
"TER-PRIBS-T06",2025-04-24,NA,NA,NA
"TER-PRIBS-T06",2025-04-25,NA,NA,NA
"TER-PRIBS-T06",2025-04-26,NA,NA,NA
"TER-PRIBS-T06",2025-04-27,NA,NA,NA
"TER-PRIBS-T06",2025-04-28,NA,NA,NA
"TER-PRIBS-T06",2025-04-29,NA,NA,NA
"TER-PRIBS-T06",2025-04-30,NA,NA,NA
"TER-PRIBS-T06",2025-05-01,NA,NA,NA
"TER-PRIBS-T06",2025-05-02,NA,NA,NA
"TER-PRIBS-T06",2025-05-03,NA,NA,NA
"TER-PRIBS-T06",2025-05-04,NA,NA,NA
"TER-PRIBS-T06",2025-05-05,NA,NA,NA
"TER-PRIBS-T06",2025-05-06,NA,NA,NA
"TER-PRIBS-T06",2025-05-07,NA,NA,NA
"TER-PRIBS-T06",2025-05-08,NA,NA,NA
"TER-PRIBS-T06",2025-05-09,NA,NA,NA
"TER-PRIBS-T06",2025-05-10,NA,NA,NA
"TER-PRIBS-T06",2025-05-11,NA,NA,NA
"TER-PRIBS-T06",2025-05-12,NA,NA,NA
"TER-PRIBS-T06",2025-05-13,NA,NA,NA
"TER-PRIBS-T06",2025-05-14,NA,NA,NA
"TER-PRIBS-T06",2025-05-15,NA,NA,NA
"TER-PRIBS-T06",2025-05-16,NA,NA,NA
"TER-PRIBS-T06",2025-05-17,NA,NA,NA
"TER-PRIBS-T06",2025-05-18,NA,NA,NA
"TER-PRIBS-T06",2025-05-19,NA,NA,NA
"TER-PRIBS-T06",2025-05-20,NA,NA,NA
"TER-PRIBS-T06",2025-05-21,NA,NA,NA
"TER-PRIBS-T06",2025-05-22,NA,NA,NA
"TER-PRIBS-T06",2025-05-23,NA,NA,NA
"TER-PRIBS-T06",2025-05-24,NA,NA,NA
"TER-PRIBS-T06",2025-05-25,NA,NA,NA
"TER-PRIBS-T06",2025-05-26,NA,NA,NA
"TER-PRIBS-T06",2025-05-27,NA,NA,NA
"TER-PRIBS-T06",2025-05-28,NA,NA,NA
"TER-PRIBS-T06",2025-05-29,NA,NA,NA
"TER-PRIBS-T06",2025-05-30,NA,NA,NA
"TER-PRIBS-T06",2025-05-31,NA,NA,NA
"TER-PRIBS-T06",2025-06-01,NA,NA,NA
"TER-PRIBS-T06",2025-06-02,NA,NA,NA
"TER-PRIBS-T06",2025-06-03,NA,NA,NA
"TER-PRIBS-T06",2025-06-04,NA,NA,NA
"TER-PRIBS-T06",2025-06-05,NA,NA,NA
"TER-PRIBS-T06",2025-06-06,NA,NA,NA
"TER-PRIBS-T06",2025-06-07,NA,NA,NA
"TER-PRIBS-T06",2025-06-08,NA,NA,NA
"TER-PRIBS-T06",2025-06-09,NA,NA,NA
"TER-PRIBS-T06",2025-06-10,NA,NA,NA
"TER-PRIBS-T06",2025-06-11,NA,NA,NA
"TER-PRIBS-T06",2025-06-12,NA,NA,NA
"TER-PRIBS-T09",2023-08-09,NA,NA,NA
"TER-PRIBS-T09",2023-08-10,NA,NA,NA
"TER-PRIBS-T09",2023-08-11,NA,NA,NA
"TER-PRIBS-T09",2023-08-12,NA,NA,NA
"TER-PRIBS-T09",2023-08-13,NA,NA,NA
"TER-PRIBS-T09",2023-08-14,NA,NA,NA
"TER-PRIBS-T09",2023-08-15,NA,NA,NA
"TER-PRIBS-T09",2023-08-16,NA,NA,NA
"TER-PRIBS-T09",2023-08-17,NA,NA,NA
"TER-PRIBS-T09",2023-08-18,NA,NA,NA
"TER-PRIBS-T09",2023-08-19,NA,NA,NA
"TER-PRIBS-T09",2023-08-20,NA,NA,NA
"TER-PRIBS-T09",2023-08-21,NA,NA,NA
"TER-PRIBS-T09",2023-08-22,NA,NA,NA
"TER-PRIBS-T09",2023-08-23,NA,NA,NA
"TER-PRIBS-T09",2023-08-24,NA,NA,NA
"TER-PRIBS-T09",2023-08-25,NA,NA,NA
"TER-PRIBS-T09",2023-08-26,NA,NA,NA
"TER-PRIBS-T09",2023-08-27,NA,NA,NA
"TER-PRIBS-T09",2023-08-28,NA,NA,NA
"TER-PRIBS-T09",2023-08-29,NA,NA,NA
"TER-PRIBS-T09",2023-08-30,NA,NA,NA
"TER-PRIBS-T09",2023-08-31,NA,NA,NA
"TER-PRIBS-T09",2023-09-01,NA,NA,NA
"TER-PRIBS-T09",2023-09-02,NA,NA,NA
"TER-PRIBS-T09",2023-09-03,NA,NA,NA
"TER-PRIBS-T09",2023-09-04,NA,NA,NA
"TER-PRIBS-T09",2023-09-05,NA,NA,NA
"TER-PRIBS-T09",2023-09-06,NA,NA,NA
"TER-PRIBS-T09",2023-09-07,NA,NA,NA
"TER-PRIBS-T09",2023-09-08,NA,NA,NA
"TER-PRIBS-T09",2023-09-09,NA,NA,NA
"TER-PRIBS-T09",2023-09-10,NA,NA,NA
"TER-PRIBS-T09",2023-09-11,NA,NA,NA
"TER-PRIBS-T09",2023-09-12,NA,NA,NA
"TER-PRIBS-T09",2023-09-13,NA,NA,NA
"TER-PRIBS-T09",2023-09-14,NA,NA,NA
"TER-PRIBS-T09",2023-09-15,NA,NA,NA
"TER-PRIBS-T09",2023-09-16,NA,NA,NA
"TER-PRIBS-T09",2023-09-17,NA,NA,NA
"TER-PRIBS-T09",2023-09-18,NA,NA,NA
"TER-PRIBS-T09",2023-09-19,NA,NA,NA
"TER-PRIBS-T09",2023-09-20,NA,NA,NA
"TER-PRIBS-T09",2023-09-21,NA,NA,NA
"TER-PRIBS-T09",2023-09-22,NA,NA,NA
"TER-PRIBS-T09",2023-09-23,NA,NA,NA
"TER-PRIBS-T09",2023-09-24,NA,NA,NA
"TER-PRIBS-T09",2023-09-25,NA,NA,NA
"TER-PRIBS-T09",2023-09-26,NA,NA,NA
"TER-PRIBS-T09",2023-09-27,NA,NA,NA
"TER-PRIBS-T09",2023-09-28,NA,NA,NA
"TER-PRIBS-T09",2023-09-29,NA,NA,NA
"TER-PRIBS-T09",2023-09-30,NA,NA,NA
"TER-PRIBS-T09",2023-10-01,NA,NA,NA
"TER-PRIBS-T09",2023-10-02,NA,NA,NA
"TER-PRIBS-T09",2023-10-03,NA,NA,NA
"TER-PRIBS-T09",2023-10-04,NA,NA,NA
"TER-PRIBS-T09",2023-10-05,NA,NA,NA
"TER-PRIBS-T09",2023-10-06,NA,NA,NA
"TER-PRIBS-T09",2023-10-07,NA,NA,NA
"TER-PRIBS-T09",2023-10-08,NA,NA,NA
"TER-PRIBS-T09",2023-10-09,NA,NA,NA
"TER-PRIBS-T09",2023-10-10,NA,NA,NA
"TER-PRIBS-T09",2023-10-11,NA,NA,NA
"TER-PRIBS-T09",2023-10-12,NA,NA,NA
"TER-PRIBS-T09",2023-10-13,NA,NA,NA
"TER-PRIBS-T09",2023-10-14,NA,NA,NA
"TER-PRIBS-T09",2023-10-15,NA,NA,NA
"TER-PRIBS-T09",2023-10-16,NA,NA,NA
"TER-PRIBS-T09",2023-10-17,NA,NA,NA
"TER-PRIBS-T09",2023-10-18,NA,NA,NA
"TER-PRIBS-T09",2023-10-19,NA,NA,NA
"TER-PRIBS-T09",2023-10-20,NA,NA,NA
"TER-PRIBS-T09",2023-10-21,NA,NA,NA
"TER-PRIBS-T09",2023-10-22,NA,NA,NA
"TER-PRIBS-T09",2023-10-23,NA,NA,NA
"TER-PRIBS-T09",2023-10-24,NA,NA,NA
"TER-PRIBS-T09",2023-10-25,NA,NA,NA
"TER-PRIBS-T09",2023-10-26,NA,NA,NA
"TER-PRIBS-T09",2023-10-27,NA,NA,NA
"TER-PRIBS-T09",2023-10-28,NA,NA,NA
"TER-PRIBS-T09",2023-10-29,NA,NA,NA
"TER-PRIBS-T09",2023-10-30,NA,NA,NA
"TER-PRIBS-T09",2023-10-31,NA,NA,NA
"TER-PRIBS-T09",2023-11-01,NA,NA,NA
"TER-PRIBS-T09",2023-11-02,NA,NA,NA
"TER-PRIBS-T09",2023-11-03,NA,NA,NA
"TER-PRIBS-T09",2023-11-04,NA,NA,NA
"TER-PRIBS-T09",2023-11-05,NA,NA,NA
"TER-PRIBS-T09",2023-11-06,NA,NA,NA
"TER-PRIBS-T09",2023-11-07,NA,NA,NA
"TER-PRIBS-T09",2023-11-08,NA,NA,NA
"TER-PRIBS-T09",2023-11-09,NA,NA,NA
"TER-PRIBS-T09",2023-11-10,NA,NA,NA
"TER-PRIBS-T09",2023-11-11,NA,NA,NA
"TER-PRIBS-T09",2023-11-12,NA,NA,NA
"TER-PRIBS-T09",2023-11-13,NA,NA,NA
"TER-PRIBS-T09",2023-11-14,NA,NA,NA
"TER-PRIBS-T09",2023-11-15,NA,NA,NA
"TER-PRIBS-T09",2023-11-16,NA,NA,NA
"TER-PRIBS-T09",2023-11-17,NA,NA,NA
"TER-PRIBS-T09",2023-11-18,NA,NA,NA
"TER-PRIBS-T09",2023-11-19,NA,NA,NA
"TER-PRIBS-T09",2023-11-20,NA,NA,NA
"TER-PRIBS-T09",2023-11-21,NA,NA,NA
"TER-PRIBS-T09",2023-11-22,NA,NA,NA
"TER-PRIBS-T09",2023-11-23,NA,NA,NA
"TER-PRIBS-T09",2023-11-24,NA,NA,NA
"TER-PRIBS-T09",2023-11-25,NA,NA,NA
"TER-PRIBS-T09",2023-11-26,NA,NA,NA
"TER-PRIBS-T09",2023-11-27,NA,NA,NA
"TER-PRIBS-T09",2023-11-28,NA,NA,NA
"TER-PRIBS-T09",2023-11-29,NA,NA,NA
"TER-PRIBS-T09",2023-11-30,NA,NA,NA
"TER-PRIBS-T09",2023-12-01,NA,NA,NA
"TER-PRIBS-T09",2023-12-02,NA,NA,NA
"TER-PRIBS-T09",2023-12-03,NA,NA,NA
"TER-PRIBS-T09",2023-12-04,NA,NA,NA
"TER-PRIBS-T09",2023-12-05,NA,NA,NA
"TER-PRIBS-T09",2023-12-06,NA,NA,NA
"TER-PRIBS-T09",2023-12-07,NA,NA,NA
"TER-PRIBS-T09",2023-12-08,NA,NA,NA
"TER-PRIBS-T09",2023-12-09,NA,NA,NA
"TER-PRIBS-T09",2023-12-10,NA,NA,NA
"TER-PRIBS-T09",2023-12-11,NA,NA,NA
"TER-PRIBS-T09",2023-12-12,NA,NA,NA
"TER-PRIBS-T09",2023-12-13,NA,NA,NA
"TER-PRIBS-T09",2023-12-14,NA,NA,NA
"TER-PRIBS-T09",2023-12-15,NA,NA,NA
"TER-PRIBS-T09",2023-12-16,NA,NA,NA
"TER-PRIBS-T09",2023-12-17,NA,NA,NA
"TER-PRIBS-T09",2023-12-18,NA,NA,NA
"TER-PRIBS-T09",2023-12-19,NA,NA,NA
"TER-PRIBS-T09",2023-12-20,NA,NA,NA
"TER-PRIBS-T09",2023-12-21,NA,NA,NA
"TER-PRIBS-T09",2023-12-22,NA,NA,NA
"TER-PRIBS-T09",2023-12-23,NA,NA,NA
"TER-PRIBS-T09",2023-12-24,NA,NA,NA
"TER-PRIBS-T09",2023-12-25,NA,NA,NA
"TER-PRIBS-T09",2023-12-26,NA,NA,NA
"TER-PRIBS-T09",2023-12-27,NA,NA,NA
"TER-PRIBS-T09",2023-12-28,NA,NA,NA
"TER-PRIBS-T09",2023-12-29,NA,NA,NA
"TER-PRIBS-T09",2023-12-30,NA,NA,NA
"TER-PRIBS-T09",2023-12-31,NA,NA,NA
"TER-PRIBS-T09",2024-01-01,NA,NA,NA
"TER-PRIBS-T09",2024-01-02,NA,NA,NA
"TER-PRIBS-T09",2024-01-03,NA,NA,NA
"TER-PRIBS-T09",2024-01-04,NA,NA,NA
"TER-PRIBS-T09",2024-01-05,NA,NA,NA
"TER-PRIBS-T09",2024-01-06,NA,NA,NA
"TER-PRIBS-T09",2024-01-07,NA,NA,NA
"TER-PRIBS-T09",2024-01-08,NA,NA,NA
"TER-PRIBS-T09",2024-01-09,NA,NA,NA
"TER-PRIBS-T09",2024-01-10,NA,NA,NA
"TER-PRIBS-T09",2024-01-11,NA,NA,NA
"TER-PRIBS-T09",2024-01-12,NA,NA,NA
"TER-PRIBS-T09",2024-01-13,NA,NA,NA
"TER-PRIBS-T09",2024-01-14,NA,NA,NA
"TER-PRIBS-T09",2024-01-15,NA,NA,NA
"TER-PRIBS-T09",2024-01-16,NA,NA,NA
"TER-PRIBS-T09",2024-01-17,NA,NA,NA
"TER-PRIBS-T09",2024-01-18,NA,NA,NA
"TER-PRIBS-T09",2024-01-19,NA,NA,NA
"TER-PRIBS-T09",2024-01-20,NA,NA,NA
"TER-PRIBS-T09",2024-01-21,NA,NA,NA
"TER-PRIBS-T09",2024-01-22,NA,NA,NA
"TER-PRIBS-T09",2024-01-23,NA,NA,NA
"TER-PRIBS-T09",2024-01-24,NA,NA,NA
"TER-PRIBS-T09",2024-01-25,NA,NA,NA
"TER-PRIBS-T09",2024-01-26,NA,NA,NA
"TER-PRIBS-T09",2024-01-27,NA,NA,NA
"TER-PRIBS-T09",2024-01-28,NA,NA,NA
"TER-PRIBS-T09",2024-01-29,NA,NA,NA
"TER-PRIBS-T09",2024-01-30,NA,NA,NA
"TER-PRIBS-T09",2024-01-31,NA,NA,NA
"TER-PRIBS-T09",2024-02-01,NA,NA,NA
"TER-PRIBS-T09",2024-02-02,NA,NA,NA
"TER-PRIBS-T09",2024-02-03,NA,NA,NA
"TER-PRIBS-T09",2024-02-04,NA,NA,NA
"TER-PRIBS-T09",2024-02-05,NA,NA,NA
"TER-PRIBS-T09",2024-02-06,NA,NA,NA
"TER-PRIBS-T09",2024-02-07,NA,NA,NA
"TER-PRIBS-T09",2024-02-08,NA,NA,NA
"TER-PRIBS-T09",2024-02-09,NA,NA,NA
"TER-PRIBS-T09",2024-02-10,NA,NA,NA
"TER-PRIBS-T09",2024-02-11,NA,NA,NA
"TER-PRIBS-T09",2024-02-12,NA,NA,NA
"TER-PRIBS-T09",2024-02-13,NA,NA,NA
"TER-PRIBS-T09",2024-02-14,NA,NA,NA
"TER-PRIBS-T09",2024-02-15,NA,NA,NA
"TER-PRIBS-T09",2024-02-16,NA,NA,NA
"TER-PRIBS-T09",2024-02-17,NA,NA,NA
"TER-PRIBS-T09",2024-02-18,NA,NA,NA
"TER-PRIBS-T09",2024-02-19,NA,NA,NA
"TER-PRIBS-T09",2024-02-20,NA,NA,NA
"TER-PRIBS-T09",2024-02-21,NA,NA,NA
"TER-PRIBS-T09",2024-02-22,NA,NA,NA
"TER-PRIBS-T09",2024-02-23,NA,NA,NA
"TER-PRIBS-T09",2024-02-24,NA,NA,NA
"TER-PRIBS-T09",2024-02-25,NA,NA,NA
"TER-PRIBS-T09",2024-02-26,NA,NA,NA
"TER-PRIBS-T09",2024-02-27,NA,NA,NA
"TER-PRIBS-T09",2024-02-28,NA,NA,NA
"TER-PRIBS-T09",2024-02-29,NA,NA,NA
"TER-PRIBS-T09",2024-03-01,NA,NA,NA
"TER-PRIBS-T09",2024-03-02,NA,NA,NA
"TER-PRIBS-T09",2024-03-03,NA,NA,NA
"TER-PRIBS-T09",2024-03-04,NA,NA,NA
"TER-PRIBS-T09",2024-03-05,NA,NA,NA
"TER-PRIBS-T09",2024-03-06,NA,NA,NA
"TER-PRIBS-T09",2024-03-07,NA,NA,NA
"TER-PRIBS-T09",2024-03-08,NA,NA,NA
"TER-PRIBS-T09",2024-03-09,NA,NA,NA
"TER-PRIBS-T09",2024-03-10,NA,NA,NA
"TER-PRIBS-T09",2024-03-11,NA,NA,NA
"TER-PRIBS-T09",2024-03-12,NA,NA,NA
"TER-PRIBS-T09",2024-03-13,NA,NA,NA
"TER-PRIBS-T09",2024-03-14,NA,NA,NA
"TER-PRIBS-T09",2024-03-15,NA,NA,NA
"TER-PRIBS-T09",2024-03-16,NA,NA,NA
"TER-PRIBS-T09",2024-03-17,NA,NA,NA
"TER-PRIBS-T09",2024-03-18,NA,NA,NA
"TER-PRIBS-T09",2024-03-19,NA,NA,NA
"TER-PRIBS-T09",2024-03-20,NA,NA,NA
"TER-PRIBS-T09",2024-03-21,NA,NA,NA
"TER-PRIBS-T09",2024-03-22,NA,NA,NA
"TER-PRIBS-T09",2024-03-23,NA,NA,NA
"TER-PRIBS-T09",2024-03-24,NA,NA,NA
"TER-PRIBS-T09",2024-03-25,NA,NA,NA
"TER-PRIBS-T09",2024-03-26,12.9166666666667,13.1458333333333,13.1875
"TER-PRIBS-T09",2024-03-27,12.0416666666667,12.3333333333333,12.3958333333333
"TER-PRIBS-T09",2024-03-28,7.95833333333333,8.5625,8.45833333333333
"TER-PRIBS-T09",2024-03-29,11.1041666666667,11.6041666666667,11.5833333333333
"TER-PRIBS-T09",2024-03-30,11.0416666666667,11.375,11.25
"TER-PRIBS-T09",2024-03-31,9.79166666666667,10.6458333333333,11.0625
"TER-PRIBS-T09",2024-04-01,13.9791666666667,14.3958333333333,14.6458333333333
"TER-PRIBS-T09",2024-04-02,14.2291666666667,14.4791666666667,14.5625
"TER-PRIBS-T09",2024-04-03,14.4791666666667,14.6666666666667,14.75
"TER-PRIBS-T09",2024-04-04,11.9583333333333,12.2083333333333,12.1666666666667
"TER-PRIBS-T09",2024-04-05,9.75,9.8125,9.64583333333333
"TER-PRIBS-T09",2024-04-06,12.0208333333333,12.5,12.6875
"TER-PRIBS-T09",2024-04-07,14.6875,14.8541666666667,15.0625
"TER-PRIBS-T09",2024-04-08,13.75,13.8541666666667,13.8125
"TER-PRIBS-T09",2024-04-09,15.7708333333333,15.8541666666667,15.8541666666667
"TER-PRIBS-T09",2024-04-10,15.7083333333333,15.7291666666667,15.6666666666667
"TER-PRIBS-T09",2024-04-11,15.5416666666667,15.4791666666667,15.5625
"TER-PRIBS-T09",2024-04-12,14.2083333333333,14.3541666666667,14.5833333333333
"TER-PRIBS-T09",2024-04-13,13.7708333333333,13.6458333333333,13.625
"TER-PRIBS-T09",2024-04-14,12.8541666666667,12.9375,12.9583333333333
"TER-PRIBS-T09",2024-04-15,14.5,14.6041666666667,14.6666666666667
"TER-PRIBS-T09",2024-04-16,15.0833333333333,15.0833333333333,15.0625
"TER-PRIBS-T09",2024-04-17,14.9166666666667,14.9375,14.9791666666667
"TER-PRIBS-T09",2024-04-18,15.0625,15.1666666666667,15.2708333333333
"TER-PRIBS-T09",2024-04-19,14.8541666666667,15.125,15.3958333333333
"TER-PRIBS-T09",2024-04-20,14.6875,14.8958333333333,15.0625
"TER-PRIBS-T09",2024-04-21,15.6875,15.875,15.8541666666667
"TER-PRIBS-T09",2024-04-22,14.1875,14.25,14.3125
"TER-PRIBS-T09",2024-04-23,14.4166666666667,14.4791666666667,14.4166666666667
"TER-PRIBS-T09",2024-04-24,14.1666666666667,14.3333333333333,14.4375
"TER-PRIBS-T09",2024-04-25,14.1041666666667,14.1458333333333,14.4791666666667
"TER-PRIBS-T09",2024-04-26,12.875,13.1458333333333,13.1875
"TER-PRIBS-T09",2024-04-27,12.6458333333333,12.9166666666667,13.0625
"TER-PRIBS-T09",2024-04-28,12.7291666666667,12.9791666666667,13.2291666666667
"TER-PRIBS-T09",2024-04-29,12.6458333333333,12.9166666666667,13.25
"TER-PRIBS-T09",2024-04-30,13.6875,14.1041666666667,14.4375
"TER-PRIBS-T09",2024-05-01,15.2708333333333,15.3958333333333,15.4583333333333
"TER-PRIBS-T09",2024-05-02,15.875,15.8541666666667,15.875
"TER-PRIBS-T09",2024-05-03,15.4375,15.5625,15.6666666666667
"TER-PRIBS-T09",2024-05-04,16.5625,16.875,16.9791666666667
"TER-PRIBS-T09",2024-05-05,15.6041666666667,15.875,16.125
"TER-PRIBS-T09",2024-05-06,17.1041666666667,17,17.125
"TER-PRIBS-T09",2024-05-07,16.6458333333333,16.625,16.7291666666667
"TER-PRIBS-T09",2024-05-08,15.5833333333333,15.6041666666667,15.6875
"TER-PRIBS-T09",2024-05-09,15.1666666666667,15.4166666666667,15.6666666666667
"TER-PRIBS-T09",2024-05-10,16.3958333333333,16.7291666666667,16.7708333333333
"TER-PRIBS-T09",2024-05-11,16.875,17.2291666666667,17.5625
"TER-PRIBS-T09",2024-05-12,17.375,17.5625,17.8333333333333
"TER-PRIBS-T09",2024-05-13,15.5208333333333,15.625,15.6041666666667
"TER-PRIBS-T09",2024-05-14,13.6666666666667,13.8333333333333,13.9375
"TER-PRIBS-T09",2024-05-15,14.375,14.5,14.5208333333333
"TER-PRIBS-T09",2024-05-16,14.6875,14.8541666666667,14.75
"TER-PRIBS-T09",2024-05-17,13.7708333333333,14.0208333333333,14.125
"TER-PRIBS-T09",2024-05-18,13.4375,13.625,13.9375
"TER-PRIBS-T09",2024-05-19,14.5,14.8333333333333,15
"TER-PRIBS-T09",2024-05-20,16.5833333333333,16.875,17.0416666666667
"TER-PRIBS-T09",2024-05-21,17.2083333333333,NA,NA
"TER-PRIBS-T09",2024-05-22,17.7083333333333,17.8125,17.8541666666667
"TER-PRIBS-T09",2024-05-23,17.6875,17.7708333333333,17.7916666666667
"TER-PRIBS-T09",2024-05-24,16.8333333333333,17.1041666666667,17.4166666666667
"TER-PRIBS-T09",2024-05-25,15.2083333333333,15.4375,15.6458333333333
"TER-PRIBS-T09",2024-05-26,14.75,14.8541666666667,15.2916666666667
"TER-PRIBS-T09",2024-05-27,17.125,17.6666666666667,17.8333333333333
"TER-PRIBS-T09",2024-05-28,18.0625,18.4791666666667,18.5
"TER-PRIBS-T09",2024-05-29,17.8958333333333,17.9375,17.9375
"TER-PRIBS-T09",2024-05-30,16.9791666666667,17.1458333333333,17.1666666666667
"TER-PRIBS-T09",2024-05-31,16.25,16.6666666666667,16.7291666666667
"TER-PRIBS-T09",2024-06-01,16.6666666666667,17.3958333333333,17.4583333333333
"TER-PRIBS-T09",2024-06-02,16.7708333333333,17.125,17.2291666666667
"TER-PRIBS-T09",2024-06-03,15.8333333333333,15.7083333333333,15.7291666666667
"TER-PRIBS-T09",2024-06-04,15.7291666666667,15.5416666666667,15.7708333333333
"TER-PRIBS-T09",2024-06-05,14.8125,14.5416666666667,14.7083333333333
"TER-PRIBS-T09",2024-06-06,14.75,15.7916666666667,15.9791666666667
"TER-PRIBS-T09",2024-06-07,15.75,16.3333333333333,16.4791666666667
"TER-PRIBS-T09",2024-06-08,16.9166666666667,17.1875,17.3958333333333
"TER-PRIBS-T09",2024-06-09,16.4791666666667,16.5833333333333,16.75
"TER-PRIBS-T09",2024-06-10,16.1041666666667,16.1875,16.5
"TER-PRIBS-T09",2024-06-11,16.125,16.3125,16.6458333333333
"TER-PRIBS-T09",2024-06-12,17.4583333333333,18.1041666666667,18.4166666666667
"TER-PRIBS-T09",2024-06-13,19,19.7708333333333,19.875
"TER-PRIBS-T09",2024-06-14,17.2916666666667,17.4583333333333,17.6041666666667
"TER-PRIBS-T09",2024-06-15,17.5625,17.9375,18.125
"TER-PRIBS-T09",2024-06-16,19.0416666666667,19.6875,19.9791666666667
"TER-PRIBS-T09",2024-06-17,17.3333333333333,17.7083333333333,17.7083333333333
"TER-PRIBS-T09",2024-06-18,16.3125,16.9166666666667,17.0833333333333
"TER-PRIBS-T09",2024-06-19,16.1458333333333,16.125,16.3958333333333
"TER-PRIBS-T09",2024-06-20,16.7083333333333,17.0208333333333,17.1875
"TER-PRIBS-T09",2024-06-21,17.9375,18.5416666666667,18.75
"TER-PRIBS-T09",2024-06-22,18.4791666666667,19.1875,19.3125
"TER-PRIBS-T09",2024-06-23,19.125,19.6458333333333,19.6458333333333
"TER-PRIBS-T09",2024-06-24,17.9583333333333,17.7916666666667,17.8958333333333
"TER-PRIBS-T09",2024-06-25,16.6041666666667,16.9583333333333,17.1458333333333
"TER-PRIBS-T09",2024-06-26,NA,NA,NA
"TER-PRIBS-T09",2024-06-27,19.4166666666667,19.6875,19.8958333333333
"TER-PRIBS-T09",2024-06-28,18.8125,19.0625,19.1875
"TER-PRIBS-T09",2024-06-29,18.5833333333333,19.1458333333333,19.3541666666667
"TER-PRIBS-T09",2024-06-30,18.625,18.9166666666667,18.9791666666667
"TER-PRIBS-T09",2024-07-01,18.6875,18.9375,19.0833333333333
"TER-PRIBS-T09",2024-07-02,20.1458333333333,20.5625,20.7708333333333
"TER-PRIBS-T09",2024-07-03,19.25,19.6041666666667,19.625
"TER-PRIBS-T09",2024-07-04,18.0833333333333,18.1875,18.3541666666667
"TER-PRIBS-T09",2024-07-05,18.5208333333333,18.75,19.0208333333333
"TER-PRIBS-T09",2024-07-06,20.3125,20.6666666666667,20.8958333333333
"TER-PRIBS-T09",2024-07-07,21.6041666666667,22.125,22.4166666666667
"TER-PRIBS-T09",2024-07-08,21.625,22.375,22.5
"TER-PRIBS-T09",2024-07-09,23,23.5833333333333,23.6875
"TER-PRIBS-T09",2024-07-10,21.0833333333333,21.25,21.3125
"TER-PRIBS-T09",2024-07-11,19.6041666666667,19.5833333333333,19.6041666666667
"TER-PRIBS-T09",2024-07-12,20.7708333333333,21.25,21.4166666666667
"TER-PRIBS-T09",2024-07-13,18.7708333333333,19.2291666666667,19.3958333333333
"TER-PRIBS-T09",2024-07-14,18.2708333333333,19.1458333333333,19.4166666666667
"TER-PRIBS-T09",2024-07-15,20.6041666666667,21.2083333333333,21.25
"TER-PRIBS-T09",2024-07-16,21.6041666666667,22.1458333333333,22.375
"TER-PRIBS-T09",2024-07-17,19.7708333333333,20.0208333333333,20.0833333333333
"TER-PRIBS-T09",2024-07-18,18.8541666666667,19.3125,19.5208333333333
"TER-PRIBS-T09",2024-07-19,NA,19.8541666666667,20.1458333333333
"TER-PRIBS-T09",2024-07-20,21.1666666666667,21.8125,22.1875
"TER-PRIBS-T09",2024-07-21,21.2291666666667,21.6041666666667,21.7291666666667
"TER-PRIBS-T09",2024-07-22,20.9583333333333,21.2083333333333,21.3125
"TER-PRIBS-T09",2024-07-23,20.625,20.8958333333333,21.0833333333333
"TER-PRIBS-T09",2024-07-24,20.2916666666667,20.5,20.7083333333333
"TER-PRIBS-T09",2024-07-25,21.2916666666667,21.875,22.1458333333333
"TER-PRIBS-T09",2024-07-26,23.1458333333333,23.625,23.7083333333333
"TER-PRIBS-T09",2024-07-27,21.1041666666667,21.3541666666667,21.4791666666667
"TER-PRIBS-T09",2024-07-28,22.2708333333333,22.8958333333333,23.125
"TER-PRIBS-T09",2024-07-29,22.1875,22.625,22.9166666666667
"TER-PRIBS-T09",2024-07-30,21.125,21.4583333333333,21.625
"TER-PRIBS-T09",2024-07-31,20.1458333333333,20.4166666666667,20.7291666666667
"TER-PRIBS-T09",2024-08-01,20.0625,20.6041666666667,20.9583333333333
"TER-PRIBS-T09",2024-08-02,20.3541666666667,20.7708333333333,21.0208333333333
"TER-PRIBS-T09",2024-08-03,20.0208333333333,20.5625,20.9375
"TER-PRIBS-T09",2024-08-04,22.1041666666667,22.9583333333333,23.25
"TER-PRIBS-T09",2024-08-05,23.1666666666667,24,24.3333333333333
"TER-PRIBS-T09",2024-08-06,21.4166666666667,21.75,21.8958333333333
"TER-PRIBS-T09",2024-08-07,19.8541666666667,20.1875,20.4791666666667
"TER-PRIBS-T09",2024-08-08,20.7708333333333,21.1875,21.5833333333333
"TER-PRIBS-T09",2024-08-09,20.5208333333333,21.0833333333333,21.4583333333333
"TER-PRIBS-T09",2024-08-10,21.4791666666667,21.9166666666667,22.125
"TER-PRIBS-T09",2024-08-11,19.5833333333333,20.25,20.6041666666667
"TER-PRIBS-T09",2024-08-12,19.1875,19.8541666666667,20.4166666666667
"TER-PRIBS-T09",2024-08-13,22.625,23.2708333333333,23.75
"TER-PRIBS-T09",2024-08-14,21.5625,21.9583333333333,22.3333333333333
"TER-PRIBS-T09",2024-08-15,21.7708333333333,22.1458333333333,22.5208333333333
"TER-PRIBS-T09",2024-08-16,21.7916666666667,22.0625,22.2916666666667
"TER-PRIBS-T09",2024-08-17,21.625,21.9375,22.2083333333333
"TER-PRIBS-T09",2024-08-18,21.2291666666667,21.5833333333333,21.9375
"TER-PRIBS-T09",2024-08-19,22.3333333333333,22.9375,23.375
"TER-PRIBS-T09",2024-08-20,21.2083333333333,21.5,21.6666666666667
"TER-PRIBS-T09",2024-08-21,20.2708333333333,20.7916666666667,21.1875
"TER-PRIBS-T09",2024-08-22,21.0833333333333,22,22.4166666666667
"TER-PRIBS-T09",2024-08-23,23.4166666666667,24.0208333333333,24.375
"TER-PRIBS-T09",2024-08-24,19.8958333333333,20.3125,20.7291666666667
"TER-PRIBS-T09",2024-08-25,20.3333333333333,20.9791666666667,21.25
"TER-PRIBS-T09",2024-08-26,22.5625,23.4583333333333,23.6458333333333
"TER-PRIBS-T09",2024-08-27,20.0625,20.625,20.9375
"TER-PRIBS-T09",2024-08-28,19.5625,20.0833333333333,20.5208333333333
"TER-PRIBS-T09",2024-08-29,19.5416666666667,20.1041666666667,20.2083333333333
"TER-PRIBS-T09",2024-08-30,21.75,22.5833333333333,22.8333333333333
"TER-PRIBS-T09",2024-08-31,22.5208333333333,23.1458333333333,23.3125
"TER-PRIBS-T09",2024-09-01,19.5416666666667,20.1875,20.4166666666667
"TER-PRIBS-T09",2024-09-02,18.8541666666667,19.75,20.0625
"TER-PRIBS-T09",2024-09-03,19.625,20.4791666666667,20.8333333333333
"TER-PRIBS-T09",2024-09-04,19.6875,20.2916666666667,20.5625
"TER-PRIBS-T09",2024-09-05,19.9375,20.5208333333333,20.6666666666667
"TER-PRIBS-T09",2024-09-06,19.3333333333333,20,20.1041666666667
"TER-PRIBS-T09",2024-09-07,19.0625,19.3958333333333,19.5833333333333
"TER-PRIBS-T09",2024-09-08,19.125,19.8125,20.0833333333333
"TER-PRIBS-T09",2024-09-09,18.25,18.6666666666667,18.9166666666667
"TER-PRIBS-T09",2024-09-10,18.75,19.0625,19.25
"TER-PRIBS-T09",2024-09-11,18.8125,19.4583333333333,19.875
"TER-PRIBS-T09",2024-09-12,19.625,20.4166666666667,20.5833333333333
"TER-PRIBS-T09",2024-09-13,19.5208333333333,20.2083333333333,20.3958333333333
"TER-PRIBS-T09",2024-09-14,19.5,20.0833333333333,20.375
"TER-PRIBS-T09",2024-09-15,19.8333333333333,20.2708333333333,20.4166666666667
"TER-PRIBS-T09",2024-09-16,20.1458333333333,20.6041666666667,20.6666666666667
"TER-PRIBS-T09",2024-09-17,20.375,21,21.25
"TER-PRIBS-T09",2024-09-18,18.75,19.1458333333333,19.4791666666667
"TER-PRIBS-T09",2024-09-19,18.0833333333333,18.5,18.9375
"TER-PRIBS-T09",2024-09-20,18.2291666666667,18.6666666666667,19.0833333333333
"TER-PRIBS-T09",2024-09-21,17.5416666666667,18.25,18.75
"TER-PRIBS-T09",2024-09-22,20.0833333333333,20.7291666666667,21.0208333333333
"TER-PRIBS-T09",2024-09-23,21.2708333333333,22.0625,22.375
"TER-PRIBS-T09",2024-09-24,22.3541666666667,22.9375,23.0625
"TER-PRIBS-T09",2024-09-25,21.3541666666667,21.8541666666667,21.8333333333333
"TER-PRIBS-T09",2024-09-26,18.6458333333333,18.9583333333333,NA
"TER-PRIBS-T09",2024-09-27,20.625,21.1875,NA
"TER-PRIBS-T09",2024-09-28,21.4375,22.0416666666667,NA
"TER-PRIBS-T09",2024-09-29,21.5833333333333,21.8958333333333,NA
"TER-PRIBS-T09",2024-09-30,22.3541666666667,22.8958333333333,NA
"TER-PRIBS-T09",2024-10-01,23,23.4166666666667,NA
"TER-PRIBS-T09",2024-10-02,22.8125,23.1875,NA
"TER-PRIBS-T09",2024-10-03,22.8125,23.2083333333333,NA
"TER-PRIBS-T09",2024-10-04,21.6666666666667,21.875,NA
"TER-PRIBS-T09",2024-10-05,18.8541666666667,19.6458333333333,NA
"TER-PRIBS-T09",2024-10-06,16.3958333333333,17.2083333333333,NA
"TER-PRIBS-T09",2024-10-07,17.75,18.4375,NA
"TER-PRIBS-T09",2024-10-08,20.7916666666667,21.4583333333333,NA
"TER-PRIBS-T09",2024-10-09,19.4583333333333,19.7291666666667,NA
"TER-PRIBS-T09",2024-10-10,18.3958333333333,19,NA
"TER-PRIBS-T09",2024-10-11,16.0208333333333,16.6458333333333,NA
"TER-PRIBS-T09",2024-10-12,17.2083333333333,17.7083333333333,NA
"TER-PRIBS-T09",2024-10-13,19.1041666666667,19.2291666666667,NA
"TER-PRIBS-T09",2024-10-14,17.875,18.0416666666667,NA
"TER-PRIBS-T09",2024-10-15,16.3541666666667,17.3333333333333,NA
"TER-PRIBS-T09",2024-10-16,16.1875,16.875,NA
"TER-PRIBS-T09",2024-10-17,15.6875,16.3125,NA
"TER-PRIBS-T09",2024-10-18,18.3333333333333,18.9583333333333,NA
"TER-PRIBS-T09",2024-10-19,19.4166666666667,19.6666666666667,NA
"TER-PRIBS-T09",2024-10-20,14.7291666666667,15,NA
"TER-PRIBS-T09",2024-10-21,12.6041666666667,13.0625,NA
"TER-PRIBS-T09",2024-10-22,16.1666666666667,16.875,NA
"TER-PRIBS-T09",2024-10-23,18.2708333333333,18.4791666666667,NA
"TER-PRIBS-T09",2024-10-24,14.75,15.375,NA
"TER-PRIBS-T09",2024-10-25,14.625,15.1875,NA
"TER-PRIBS-T09",2024-10-26,14.7083333333333,15.0625,NA
"TER-PRIBS-T09",2024-10-27,15.0833333333333,15.3541666666667,NA
"TER-PRIBS-T09",2024-10-28,15.1666666666667,15.5208333333333,NA
"TER-PRIBS-T09",2024-10-29,15.8333333333333,16.0625,NA
"TER-PRIBS-T09",2024-10-30,17,17.2916666666667,NA
"TER-PRIBS-T09",2024-10-31,17.9791666666667,18.3333333333333,NA
"TER-PRIBS-T09",2024-11-01,19,19.0416666666667,NA
"TER-PRIBS-T09",2024-11-02,17.1458333333333,17.4791666666667,NA
"TER-PRIBS-T09",2024-11-03,16.8125,17.0833333333333,NA
"TER-PRIBS-T09",2024-11-04,16.6875,17.3125,NA
"TER-PRIBS-T09",2024-11-05,17.125,17.375,NA
"TER-PRIBS-T09",2024-11-06,13.1041666666667,13.6041666666667,NA
"TER-PRIBS-T09",2024-11-07,13.6041666666667,14.2708333333333,NA
"TER-PRIBS-T09",2024-11-08,17.5625,17.9375,NA
"TER-PRIBS-T09",2024-11-09,18.5625,19.1041666666667,NA
"TER-PRIBS-T09",2024-11-10,18.0208333333333,18.3958333333333,NA
"TER-PRIBS-T09",2024-11-11,18.7291666666667,19.0833333333333,NA
"TER-PRIBS-T09",2024-11-12,18.8541666666667,18.9791666666667,NA
"TER-PRIBS-T09",2024-11-13,17.0625,17.25,NA
"TER-PRIBS-T09",2024-11-14,14.9166666666667,15.2916666666667,NA
"TER-PRIBS-T09",2024-11-15,14.8541666666667,15.125,NA
"TER-PRIBS-T09",2024-11-16,15.1875,15.4583333333333,NA
"TER-PRIBS-T09",2024-11-17,15.5833333333333,15.8125,NA
"TER-PRIBS-T09",2024-11-18,15.875,16.0833333333333,NA
"TER-PRIBS-T09",2024-11-19,15.9375,16.3125,NA
"TER-PRIBS-T09",2024-11-20,16.2708333333333,16.4791666666667,NA
"TER-PRIBS-T09",2024-11-21,17,17.25,NA
"TER-PRIBS-T09",2024-11-22,17.8541666666667,17.9375,NA
"TER-PRIBS-T09",2024-11-23,15.7291666666667,16.2916666666667,NA
"TER-PRIBS-T09",2024-11-24,12.5,13.1666666666667,NA
"TER-PRIBS-T09",2024-11-25,14.6666666666667,15.1041666666667,NA
"TER-PRIBS-T09",2024-11-26,16.5,17.1458333333333,NA
"TER-PRIBS-T09",2024-11-27,15.3333333333333,16.0208333333333,NA
"TER-PRIBS-T09",2024-11-28,14.75,15.5,NA
"TER-PRIBS-T09",2024-11-29,14.4375,15.0416666666667,NA
"TER-PRIBS-T09",2024-11-30,12.8541666666667,13.5,NA
"TER-PRIBS-T09",2024-12-01,14.2916666666667,14.8125,NA
"TER-PRIBS-T09",2024-12-02,15.875,16.375,NA
"TER-PRIBS-T09",2024-12-03,14.3541666666667,14.6875,NA
"TER-PRIBS-T09",2024-12-04,15.5833333333333,16.25,NA
"TER-PRIBS-T09",2024-12-05,16.2291666666667,16.6458333333333,NA
"TER-PRIBS-T09",2024-12-06,17.0208333333333,17.4166666666667,NA
"TER-PRIBS-T09",2024-12-07,15.7291666666667,16.1458333333333,NA
"TER-PRIBS-T09",2024-12-08,16.0833333333333,16.3125,NA
"TER-PRIBS-T09",2024-12-09,15.0208333333333,15.625,NA
"TER-PRIBS-T09",2024-12-10,14.5,14.8333333333333,NA
"TER-PRIBS-T09",2024-12-11,14.4583333333333,14.5,NA
"TER-PRIBS-T09",2024-12-12,12.0833333333333,12.2916666666667,NA
"TER-PRIBS-T09",2024-12-13,11.7916666666667,12.2083333333333,NA
"TER-PRIBS-T09",2024-12-14,12.875,13.6458333333333,NA
"TER-PRIBS-T09",2024-12-15,14.0416666666667,14.3333333333333,NA
"TER-PRIBS-T09",2024-12-16,14.0833333333333,14.625,NA
"TER-PRIBS-T09",2024-12-17,13.2708333333333,14.0416666666667,NA
"TER-PRIBS-T09",2024-12-18,12.6666666666667,12.9791666666667,NA
"TER-PRIBS-T09",2024-12-19,10.8333333333333,11.1041666666667,NA
"TER-PRIBS-T09",2024-12-20,9.95833333333333,10.4166666666667,NA
"TER-PRIBS-T09",2024-12-21,12.4375,13.1458333333333,NA
"TER-PRIBS-T09",2024-12-22,13.0416666666667,13.5625,NA
"TER-PRIBS-T09",2024-12-23,13.2916666666667,13.7291666666667,NA
"TER-PRIBS-T09",2024-12-24,13.2916666666667,13.6875,NA
"TER-PRIBS-T09",2024-12-25,12.6666666666667,13.125,NA
"TER-PRIBS-T09",2024-12-26,13.8125,14.0208333333333,NA
"TER-PRIBS-T09",2024-12-27,15.125,15.4583333333333,NA
"TER-PRIBS-T09",2024-12-28,14.6875,14.9791666666667,NA
"TER-PRIBS-T09",2024-12-29,14.4375,14.7291666666667,NA
"TER-PRIBS-T09",2024-12-30,14.9791666666667,15.2083333333333,NA
"TER-PRIBS-T09",2024-12-31,15.9791666666667,16.2916666666667,NA
"TER-PRIBS-T09",2025-01-01,16.5208333333333,16.5833333333333,NA
"TER-PRIBS-T09",2025-01-02,16.6875,16.7916666666667,NA
"TER-PRIBS-T09",2025-01-03,16.2083333333333,16.3125,NA
"TER-PRIBS-T09",2025-01-04,14.4583333333333,14.7083333333333,NA
"TER-PRIBS-T09",2025-01-05,14.375,14.7708333333333,NA
"TER-PRIBS-T09",2025-01-06,16.3333333333333,16.5833333333333,NA
"TER-PRIBS-T09",2025-01-07,14.3333333333333,14.5625,NA
"TER-PRIBS-T09",2025-01-08,14.9791666666667,15.3125,NA
"TER-PRIBS-T09",2025-01-09,16.9375,17.1458333333333,NA
"TER-PRIBS-T09",2025-01-10,16.7708333333333,16.8125,NA
"TER-PRIBS-T09",2025-01-11,16.7708333333333,16.8333333333333,NA
"TER-PRIBS-T09",2025-01-12,15.8541666666667,15.7916666666667,NA
"TER-PRIBS-T09",2025-01-13,16.375,16.4583333333333,NA
"TER-PRIBS-T09",2025-01-14,16.3541666666667,16.4375,NA
"TER-PRIBS-T09",2025-01-15,16.2916666666667,16.3958333333333,NA
"TER-PRIBS-T09",2025-01-16,16.5,16.6041666666667,NA
"TER-PRIBS-T09",2025-01-17,15.7291666666667,15.7708333333333,NA
"TER-PRIBS-T09",2025-01-18,11.6875,11.9166666666667,NA
"TER-PRIBS-T09",2025-01-19,12.6875,12.8541666666667,NA
"TER-PRIBS-T09",2025-01-20,11.9583333333333,11.9583333333333,NA
"TER-PRIBS-T09",2025-01-21,11.7916666666667,12.1666666666667,NA
"TER-PRIBS-T09",2025-01-22,10.8541666666667,11.1875,NA
"TER-PRIBS-T09",2025-01-23,13.8333333333333,13.9166666666667,NA
"TER-PRIBS-T09",2025-01-24,12.2291666666667,12.5625,NA
"TER-PRIBS-T09",2025-01-25,13.125,13.375,NA
"TER-PRIBS-T09",2025-01-26,13.625,13.9166666666667,NA
"TER-PRIBS-T09",2025-01-27,11.7916666666667,12.2916666666667,NA
"TER-PRIBS-T09",2025-01-28,13.4791666666667,13.8958333333333,NA
"TER-PRIBS-T09",2025-01-29,13.2916666666667,13.5208333333333,NA
"TER-PRIBS-T09",2025-01-30,14.2916666666667,14.4791666666667,NA
"TER-PRIBS-T09",2025-01-31,15.2291666666667,15.2083333333333,NA
"TER-PRIBS-T09",2025-02-01,13.2916666666667,NA,NA
"TER-PRIBS-T09",2025-02-02,12.9791666666667,NA,NA
"TER-PRIBS-T09",2025-02-03,14.4583333333333,NA,NA
"TER-PRIBS-T09",2025-02-04,11.375,NA,NA
"TER-PRIBS-T09",2025-02-05,15.6041666666667,NA,NA
"TER-PRIBS-T09",2025-02-06,15.625,NA,NA
"TER-PRIBS-T09",2025-02-07,14.7708333333333,NA,NA
"TER-PRIBS-T09",2025-02-08,12,NA,NA
"TER-PRIBS-T09",2025-02-09,12.6666666666667,NA,NA
"TER-PRIBS-T09",2025-02-10,12.7291666666667,NA,NA
"TER-PRIBS-T09",2025-02-11,14.1666666666667,NA,NA
"TER-PRIBS-T09",2025-02-12,NA,NA,NA
"TER-PRIBS-T09",2025-02-13,NA,NA,NA
"TER-PRIBS-T09",2025-02-14,NA,NA,NA
"TER-PRIBS-T09",2025-02-15,NA,NA,NA
"TER-PRIBS-T09",2025-02-16,NA,NA,NA
"TER-PRIBS-T09",2025-02-17,NA,NA,NA
"TER-PRIBS-T09",2025-02-18,NA,NA,NA
"TER-PRIBS-T09",2025-02-19,NA,NA,NA
"TER-PRIBS-T09",2025-02-20,NA,NA,NA
"TER-PRIBS-T09",2025-02-21,NA,NA,NA
"TER-PRIBS-T09",2025-02-22,NA,NA,NA
"TER-PRIBS-T09",2025-02-23,NA,NA,NA
"TER-PRIBS-T09",2025-02-24,NA,NA,NA
"TER-PRIBS-T09",2025-02-25,NA,NA,NA
"TER-PRIBS-T09",2025-02-26,NA,NA,NA
"TER-PRIBS-T09",2025-02-27,NA,NA,NA
"TER-PRIBS-T09",2025-02-28,NA,NA,NA
"TER-PRIBS-T09",2025-03-01,NA,NA,NA
"TER-PRIBS-T09",2025-03-02,NA,NA,NA
"TER-PRIBS-T09",2025-03-03,NA,NA,NA
"TER-PRIBS-T09",2025-03-04,NA,NA,NA
"TER-PRIBS-T09",2025-03-05,NA,NA,NA
"TER-PRIBS-T09",2025-03-06,NA,NA,NA
"TER-PRIBS-T09",2025-03-07,NA,NA,NA
"TER-PRIBS-T09",2025-03-08,NA,NA,NA
"TER-PRIBS-T09",2025-03-09,NA,NA,NA
"TER-PRIBS-T09",2025-03-10,NA,NA,NA
"TER-PRIBS-T09",2025-03-11,NA,NA,NA
"TER-PRIBS-T09",2025-03-12,NA,NA,NA
"TER-PRIBS-T09",2025-03-13,NA,NA,NA
"TER-PRIBS-T09",2025-03-14,NA,NA,NA
"TER-PRIBS-T09",2025-03-15,NA,NA,NA
"TER-PRIBS-T09",2025-03-16,NA,NA,NA
"TER-PRIBS-T09",2025-03-17,NA,NA,NA
"TER-PRIBS-T09",2025-03-18,NA,NA,NA
"TER-PRIBS-T09",2025-03-19,NA,NA,NA
"TER-PRIBS-T09",2025-03-20,NA,NA,NA
"TER-PRIBS-T09",2025-03-21,NA,NA,NA
"TER-PRIBS-T09",2025-03-22,NA,NA,NA
"TER-PRIBS-T09",2025-03-23,NA,NA,NA
"TER-PRIBS-T09",2025-03-24,NA,NA,NA
"TER-PRIBS-T09",2025-03-25,NA,NA,NA
"TER-PRIBS-T09",2025-03-26,NA,NA,NA
"TER-PRIBS-T09",2025-03-27,NA,NA,NA
"TER-PRIBS-T09",2025-03-28,NA,NA,NA
"TER-PRIBS-T09",2025-03-29,NA,NA,NA
"TER-PRIBS-T09",2025-03-30,NA,NA,NA
"TER-PRIBS-T09",2025-03-31,NA,NA,NA
"TER-PRIBS-T09",2025-04-01,NA,NA,NA
"TER-PRIBS-T09",2025-04-02,NA,NA,NA
"TER-PRIBS-T09",2025-04-03,NA,NA,NA
"TER-PRIBS-T09",2025-04-04,NA,NA,NA
"TER-PRIBS-T09",2025-04-05,NA,NA,NA
"TER-PRIBS-T09",2025-04-06,NA,NA,NA
"TER-PRIBS-T09",2025-04-07,NA,NA,NA
"TER-PRIBS-T09",2025-04-08,NA,NA,NA
"TER-PRIBS-T09",2025-04-09,NA,NA,NA
"TER-PRIBS-T09",2025-04-10,NA,NA,NA
"TER-PRIBS-T09",2025-04-11,NA,NA,NA
"TER-PRIBS-T09",2025-04-12,NA,NA,NA
"TER-PRIBS-T09",2025-04-13,NA,NA,NA
"TER-PRIBS-T09",2025-04-14,NA,NA,NA
"TER-PRIBS-T09",2025-04-15,NA,NA,NA
"TER-PRIBS-T09",2025-04-16,NA,NA,NA
"TER-PRIBS-T09",2025-04-17,NA,NA,NA
"TER-PRIBS-T09",2025-04-18,NA,NA,NA
"TER-PRIBS-T09",2025-04-19,NA,NA,NA
"TER-PRIBS-T09",2025-04-20,NA,NA,NA
"TER-PRIBS-T09",2025-04-21,NA,NA,NA
"TER-PRIBS-T09",2025-04-22,NA,NA,NA
"TER-PRIBS-T09",2025-04-23,NA,NA,NA
"TER-PRIBS-T09",2025-04-24,NA,NA,NA
"TER-PRIBS-T09",2025-04-25,NA,NA,NA
"TER-PRIBS-T09",2025-04-26,NA,NA,NA
"TER-PRIBS-T09",2025-04-27,NA,NA,NA
"TER-PRIBS-T09",2025-04-28,NA,NA,NA
"TER-PRIBS-T09",2025-04-29,NA,NA,NA
"TER-PRIBS-T09",2025-04-30,NA,NA,NA
"TER-PRIBS-T09",2025-05-01,NA,NA,NA
"TER-PRIBS-T09",2025-05-02,NA,NA,NA
"TER-PRIBS-T09",2025-05-03,NA,NA,NA
"TER-PRIBS-T09",2025-05-04,NA,NA,NA
"TER-PRIBS-T09",2025-05-05,NA,NA,NA
"TER-PRIBS-T09",2025-05-06,NA,NA,NA
"TER-PRIBS-T09",2025-05-07,NA,NA,NA
"TER-PRIBS-T09",2025-05-08,NA,NA,NA
"TER-PRIBS-T09",2025-05-09,NA,NA,NA
"TER-PRIBS-T09",2025-05-10,NA,NA,NA
"TER-PRIBS-T09",2025-05-11,NA,NA,NA
"TER-PRIBS-T09",2025-05-12,NA,NA,NA
"TER-PRIBS-T09",2025-05-13,NA,NA,NA
"TER-PRIBS-T09",2025-05-14,NA,NA,NA
"TER-PRIBS-T09",2025-05-15,NA,NA,NA
"TER-PRIBS-T09",2025-05-16,NA,NA,NA
"TER-PRIBS-T09",2025-05-17,NA,NA,NA
"TER-PRIBS-T09",2025-05-18,NA,NA,NA
"TER-PRIBS-T09",2025-05-19,NA,NA,NA
"TER-PRIBS-T09",2025-05-20,NA,NA,NA
"TER-PRIBS-T09",2025-05-21,NA,NA,NA
"TER-PRIBS-T09",2025-05-22,NA,NA,NA
"TER-PRIBS-T09",2025-05-23,NA,NA,NA
"TER-PRIBS-T09",2025-05-24,NA,NA,NA
"TER-PRIBS-T09",2025-05-25,NA,NA,NA
"TER-PRIBS-T09",2025-05-26,NA,NA,NA
"TER-PRIBS-T09",2025-05-27,NA,NA,NA
"TER-PRIBS-T09",2025-05-28,NA,NA,NA
"TER-PRIBS-T09",2025-05-29,NA,NA,NA
"TER-PRIBS-T09",2025-05-30,NA,NA,NA
"TER-PRIBS-T09",2025-05-31,NA,NA,NA
"TER-PRIBS-T09",2025-06-01,NA,NA,NA
"TER-PRIBS-T09",2025-06-02,NA,NA,NA
"TER-PRIBS-T09",2025-06-03,NA,NA,NA
"TER-PRIBS-T09",2025-06-04,NA,NA,NA
"TER-PRIBS-T09",2025-06-05,NA,NA,NA
"TER-PRIBS-T09",2025-06-06,NA,NA,NA
"TER-PRIBS-T09",2025-06-07,NA,NA,NA
"TER-PRIBS-T09",2025-06-08,NA,NA,NA
"TER-PRIBS-T09",2025-06-09,NA,NA,NA
"TER-PRIBS-T09",2025-06-10,NA,NA,NA
"TER-PRIBS-T09",2025-06-11,NA,NA,NA
"TER-PRIBS-T09",2025-06-12,NA,NA,NA
"TER-PRIBS-T15",2023-08-09,NA,NA,NA
"TER-PRIBS-T15",2023-08-10,NA,NA,NA
"TER-PRIBS-T15",2023-08-11,NA,NA,NA
"TER-PRIBS-T15",2023-08-12,NA,NA,NA
"TER-PRIBS-T15",2023-08-13,NA,NA,NA
"TER-PRIBS-T15",2023-08-14,NA,NA,NA
"TER-PRIBS-T15",2023-08-15,NA,NA,NA
"TER-PRIBS-T15",2023-08-16,NA,NA,NA
"TER-PRIBS-T15",2023-08-17,NA,NA,NA
"TER-PRIBS-T15",2023-08-18,NA,NA,NA
"TER-PRIBS-T15",2023-08-19,NA,NA,NA
"TER-PRIBS-T15",2023-08-20,NA,NA,NA
"TER-PRIBS-T15",2023-08-21,NA,NA,NA
"TER-PRIBS-T15",2023-08-22,NA,NA,NA
"TER-PRIBS-T15",2023-08-23,NA,NA,NA
"TER-PRIBS-T15",2023-08-24,NA,NA,NA
"TER-PRIBS-T15",2023-08-25,NA,NA,NA
"TER-PRIBS-T15",2023-08-26,NA,NA,NA
"TER-PRIBS-T15",2023-08-27,NA,NA,NA
"TER-PRIBS-T15",2023-08-28,NA,NA,NA
"TER-PRIBS-T15",2023-08-29,NA,NA,NA
"TER-PRIBS-T15",2023-08-30,NA,NA,NA
"TER-PRIBS-T15",2023-08-31,NA,NA,NA
"TER-PRIBS-T15",2023-09-01,NA,NA,NA
"TER-PRIBS-T15",2023-09-02,NA,NA,NA
"TER-PRIBS-T15",2023-09-03,NA,NA,NA
"TER-PRIBS-T15",2023-09-04,NA,NA,NA
"TER-PRIBS-T15",2023-09-05,NA,NA,NA
"TER-PRIBS-T15",2023-09-06,NA,NA,NA
"TER-PRIBS-T15",2023-09-07,NA,NA,NA
"TER-PRIBS-T15",2023-09-08,NA,NA,NA
"TER-PRIBS-T15",2023-09-09,NA,NA,NA
"TER-PRIBS-T15",2023-09-10,NA,NA,NA
"TER-PRIBS-T15",2023-09-11,NA,NA,NA
"TER-PRIBS-T15",2023-09-12,NA,NA,NA
"TER-PRIBS-T15",2023-09-13,NA,NA,NA
"TER-PRIBS-T15",2023-09-14,NA,NA,NA
"TER-PRIBS-T15",2023-09-15,NA,NA,NA
"TER-PRIBS-T15",2023-09-16,NA,NA,NA
"TER-PRIBS-T15",2023-09-17,NA,NA,NA
"TER-PRIBS-T15",2023-09-18,NA,NA,NA
"TER-PRIBS-T15",2023-09-19,NA,NA,NA
"TER-PRIBS-T15",2023-09-20,NA,NA,NA
"TER-PRIBS-T15",2023-09-21,NA,NA,NA
"TER-PRIBS-T15",2023-09-22,NA,NA,NA
"TER-PRIBS-T15",2023-09-23,NA,NA,NA
"TER-PRIBS-T15",2023-09-24,NA,NA,NA
"TER-PRIBS-T15",2023-09-25,NA,NA,NA
"TER-PRIBS-T15",2023-09-26,NA,NA,NA
"TER-PRIBS-T15",2023-09-27,NA,NA,NA
"TER-PRIBS-T15",2023-09-28,NA,NA,NA
"TER-PRIBS-T15",2023-09-29,NA,NA,NA
"TER-PRIBS-T15",2023-09-30,NA,NA,NA
"TER-PRIBS-T15",2023-10-01,NA,NA,NA
"TER-PRIBS-T15",2023-10-02,NA,NA,NA
"TER-PRIBS-T15",2023-10-03,NA,NA,NA
"TER-PRIBS-T15",2023-10-04,NA,NA,NA
"TER-PRIBS-T15",2023-10-05,NA,NA,NA
"TER-PRIBS-T15",2023-10-06,NA,NA,NA
"TER-PRIBS-T15",2023-10-07,NA,NA,NA
"TER-PRIBS-T15",2023-10-08,NA,NA,NA
"TER-PRIBS-T15",2023-10-09,NA,NA,NA
"TER-PRIBS-T15",2023-10-10,NA,NA,NA
"TER-PRIBS-T15",2023-10-11,NA,NA,NA
"TER-PRIBS-T15",2023-10-12,NA,NA,NA
"TER-PRIBS-T15",2023-10-13,NA,NA,NA
"TER-PRIBS-T15",2023-10-14,NA,NA,NA
"TER-PRIBS-T15",2023-10-15,NA,NA,NA
"TER-PRIBS-T15",2023-10-16,NA,NA,NA
"TER-PRIBS-T15",2023-10-17,NA,NA,NA
"TER-PRIBS-T15",2023-10-18,NA,NA,NA
"TER-PRIBS-T15",2023-10-19,NA,NA,NA
"TER-PRIBS-T15",2023-10-20,NA,NA,NA
"TER-PRIBS-T15",2023-10-21,NA,NA,NA
"TER-PRIBS-T15",2023-10-22,NA,NA,NA
"TER-PRIBS-T15",2023-10-23,NA,NA,NA
"TER-PRIBS-T15",2023-10-24,NA,NA,NA
"TER-PRIBS-T15",2023-10-25,NA,NA,NA
"TER-PRIBS-T15",2023-10-26,NA,NA,NA
"TER-PRIBS-T15",2023-10-27,NA,NA,NA
"TER-PRIBS-T15",2023-10-28,NA,NA,NA
"TER-PRIBS-T15",2023-10-29,NA,NA,NA
"TER-PRIBS-T15",2023-10-30,NA,NA,NA
"TER-PRIBS-T15",2023-10-31,NA,NA,NA
"TER-PRIBS-T15",2023-11-01,NA,NA,NA
"TER-PRIBS-T15",2023-11-02,NA,NA,NA
"TER-PRIBS-T15",2023-11-03,NA,NA,NA
"TER-PRIBS-T15",2023-11-04,NA,NA,NA
"TER-PRIBS-T15",2023-11-05,NA,NA,NA
"TER-PRIBS-T15",2023-11-06,NA,NA,NA
"TER-PRIBS-T15",2023-11-07,NA,NA,NA
"TER-PRIBS-T15",2023-11-08,NA,NA,NA
"TER-PRIBS-T15",2023-11-09,NA,NA,NA
"TER-PRIBS-T15",2023-11-10,NA,NA,NA
"TER-PRIBS-T15",2023-11-11,NA,NA,NA
"TER-PRIBS-T15",2023-11-12,NA,NA,NA
"TER-PRIBS-T15",2023-11-13,NA,NA,NA
"TER-PRIBS-T15",2023-11-14,NA,NA,NA
"TER-PRIBS-T15",2023-11-15,NA,NA,NA
"TER-PRIBS-T15",2023-11-16,NA,NA,NA
"TER-PRIBS-T15",2023-11-17,NA,NA,NA
"TER-PRIBS-T15",2023-11-18,NA,NA,NA
"TER-PRIBS-T15",2023-11-19,NA,NA,NA
"TER-PRIBS-T15",2023-11-20,NA,NA,NA
"TER-PRIBS-T15",2023-11-21,NA,NA,NA
"TER-PRIBS-T15",2023-11-22,NA,NA,NA
"TER-PRIBS-T15",2023-11-23,NA,NA,NA
"TER-PRIBS-T15",2023-11-24,NA,NA,NA
"TER-PRIBS-T15",2023-11-25,NA,NA,NA
"TER-PRIBS-T15",2023-11-26,NA,NA,NA
"TER-PRIBS-T15",2023-11-27,NA,NA,NA
"TER-PRIBS-T15",2023-11-28,NA,NA,NA
"TER-PRIBS-T15",2023-11-29,NA,NA,NA
"TER-PRIBS-T15",2023-11-30,NA,NA,NA
"TER-PRIBS-T15",2023-12-01,NA,NA,NA
"TER-PRIBS-T15",2023-12-02,NA,NA,NA
"TER-PRIBS-T15",2023-12-03,NA,NA,NA
"TER-PRIBS-T15",2023-12-04,NA,NA,NA
"TER-PRIBS-T15",2023-12-05,NA,NA,NA
"TER-PRIBS-T15",2023-12-06,NA,NA,NA
"TER-PRIBS-T15",2023-12-07,NA,NA,NA
"TER-PRIBS-T15",2023-12-08,NA,NA,NA
"TER-PRIBS-T15",2023-12-09,NA,NA,NA
"TER-PRIBS-T15",2023-12-10,NA,NA,NA
"TER-PRIBS-T15",2023-12-11,NA,NA,NA
"TER-PRIBS-T15",2023-12-12,NA,NA,NA
"TER-PRIBS-T15",2023-12-13,NA,NA,NA
"TER-PRIBS-T15",2023-12-14,NA,NA,NA
"TER-PRIBS-T15",2023-12-15,NA,NA,NA
"TER-PRIBS-T15",2023-12-16,NA,NA,NA
"TER-PRIBS-T15",2023-12-17,NA,NA,NA
"TER-PRIBS-T15",2023-12-18,NA,NA,NA
"TER-PRIBS-T15",2023-12-19,NA,NA,NA
"TER-PRIBS-T15",2023-12-20,NA,NA,NA
"TER-PRIBS-T15",2023-12-21,NA,NA,NA
"TER-PRIBS-T15",2023-12-22,NA,NA,NA
"TER-PRIBS-T15",2023-12-23,NA,NA,NA
"TER-PRIBS-T15",2023-12-24,NA,NA,NA
"TER-PRIBS-T15",2023-12-25,NA,NA,NA
"TER-PRIBS-T15",2023-12-26,NA,NA,NA
"TER-PRIBS-T15",2023-12-27,NA,NA,NA
"TER-PRIBS-T15",2023-12-28,NA,NA,NA
"TER-PRIBS-T15",2023-12-29,NA,NA,NA
"TER-PRIBS-T15",2023-12-30,NA,NA,NA
"TER-PRIBS-T15",2023-12-31,NA,NA,NA
"TER-PRIBS-T15",2024-01-01,NA,NA,NA
"TER-PRIBS-T15",2024-01-02,NA,NA,NA
"TER-PRIBS-T15",2024-01-03,NA,NA,NA
"TER-PRIBS-T15",2024-01-04,NA,NA,NA
"TER-PRIBS-T15",2024-01-05,NA,NA,NA
"TER-PRIBS-T15",2024-01-06,NA,NA,NA
"TER-PRIBS-T15",2024-01-07,NA,NA,NA
"TER-PRIBS-T15",2024-01-08,NA,NA,NA
"TER-PRIBS-T15",2024-01-09,NA,NA,NA
"TER-PRIBS-T15",2024-01-10,NA,NA,NA
"TER-PRIBS-T15",2024-01-11,NA,NA,NA
"TER-PRIBS-T15",2024-01-12,NA,NA,NA
"TER-PRIBS-T15",2024-01-13,NA,NA,NA
"TER-PRIBS-T15",2024-01-14,NA,NA,NA
"TER-PRIBS-T15",2024-01-15,NA,NA,NA
"TER-PRIBS-T15",2024-01-16,NA,NA,NA
"TER-PRIBS-T15",2024-01-17,NA,NA,NA
"TER-PRIBS-T15",2024-01-18,NA,NA,NA
"TER-PRIBS-T15",2024-01-19,NA,NA,NA
"TER-PRIBS-T15",2024-01-20,NA,NA,NA
"TER-PRIBS-T15",2024-01-21,NA,NA,NA
"TER-PRIBS-T15",2024-01-22,NA,NA,NA
"TER-PRIBS-T15",2024-01-23,NA,NA,NA
"TER-PRIBS-T15",2024-01-24,NA,NA,NA
"TER-PRIBS-T15",2024-01-25,NA,NA,NA
"TER-PRIBS-T15",2024-01-26,NA,NA,NA
"TER-PRIBS-T15",2024-01-27,NA,NA,NA
"TER-PRIBS-T15",2024-01-28,NA,NA,NA
"TER-PRIBS-T15",2024-01-29,NA,NA,NA
"TER-PRIBS-T15",2024-01-30,NA,NA,NA
"TER-PRIBS-T15",2024-01-31,NA,NA,NA
"TER-PRIBS-T15",2024-02-01,NA,NA,NA
"TER-PRIBS-T15",2024-02-02,NA,NA,NA
"TER-PRIBS-T15",2024-02-03,NA,NA,NA
"TER-PRIBS-T15",2024-02-04,NA,NA,NA
"TER-PRIBS-T15",2024-02-05,NA,NA,NA
"TER-PRIBS-T15",2024-02-06,NA,NA,NA
"TER-PRIBS-T15",2024-02-07,NA,NA,NA
"TER-PRIBS-T15",2024-02-08,NA,NA,NA
"TER-PRIBS-T15",2024-02-09,NA,NA,NA
"TER-PRIBS-T15",2024-02-10,NA,NA,NA
"TER-PRIBS-T15",2024-02-11,NA,NA,NA
"TER-PRIBS-T15",2024-02-12,NA,NA,NA
"TER-PRIBS-T15",2024-02-13,NA,NA,NA
"TER-PRIBS-T15",2024-02-14,NA,NA,NA
"TER-PRIBS-T15",2024-02-15,NA,NA,NA
"TER-PRIBS-T15",2024-02-16,NA,NA,NA
"TER-PRIBS-T15",2024-02-17,NA,NA,NA
"TER-PRIBS-T15",2024-02-18,NA,NA,NA
"TER-PRIBS-T15",2024-02-19,NA,NA,NA
"TER-PRIBS-T15",2024-02-20,NA,NA,NA
"TER-PRIBS-T15",2024-02-21,NA,NA,NA
"TER-PRIBS-T15",2024-02-22,NA,NA,NA
"TER-PRIBS-T15",2024-02-23,NA,NA,NA
"TER-PRIBS-T15",2024-02-24,NA,NA,NA
"TER-PRIBS-T15",2024-02-25,NA,NA,NA
"TER-PRIBS-T15",2024-02-26,NA,NA,NA
"TER-PRIBS-T15",2024-02-27,NA,NA,NA
"TER-PRIBS-T15",2024-02-28,NA,NA,NA
"TER-PRIBS-T15",2024-02-29,NA,NA,NA
"TER-PRIBS-T15",2024-03-01,NA,NA,NA
"TER-PRIBS-T15",2024-03-02,NA,NA,NA
"TER-PRIBS-T15",2024-03-03,NA,NA,NA
"TER-PRIBS-T15",2024-03-04,NA,NA,NA
"TER-PRIBS-T15",2024-03-05,NA,NA,NA
"TER-PRIBS-T15",2024-03-06,NA,NA,NA
"TER-PRIBS-T15",2024-03-07,NA,NA,NA
"TER-PRIBS-T15",2024-03-08,NA,NA,NA
"TER-PRIBS-T15",2024-03-09,NA,NA,NA
"TER-PRIBS-T15",2024-03-10,NA,NA,NA
"TER-PRIBS-T15",2024-03-11,NA,NA,NA
"TER-PRIBS-T15",2024-03-12,NA,NA,NA
"TER-PRIBS-T15",2024-03-13,NA,NA,NA
"TER-PRIBS-T15",2024-03-14,NA,NA,NA
"TER-PRIBS-T15",2024-03-15,NA,NA,NA
"TER-PRIBS-T15",2024-03-16,NA,NA,NA
"TER-PRIBS-T15",2024-03-17,NA,NA,NA
"TER-PRIBS-T15",2024-03-18,NA,NA,NA
"TER-PRIBS-T15",2024-03-19,NA,NA,NA
"TER-PRIBS-T15",2024-03-20,NA,NA,NA
"TER-PRIBS-T15",2024-03-21,NA,NA,NA
"TER-PRIBS-T15",2024-03-22,NA,NA,NA
"TER-PRIBS-T15",2024-03-23,NA,NA,NA
"TER-PRIBS-T15",2024-03-24,NA,NA,NA
"TER-PRIBS-T15",2024-03-25,NA,NA,NA
"TER-PRIBS-T15",2024-03-26,NA,NA,NA
"TER-PRIBS-T15",2024-03-27,NA,NA,NA
"TER-PRIBS-T15",2024-03-28,NA,NA,NA
"TER-PRIBS-T15",2024-03-29,NA,NA,NA
"TER-PRIBS-T15",2024-03-30,NA,NA,NA
"TER-PRIBS-T15",2024-03-31,NA,NA,NA
"TER-PRIBS-T15",2024-04-01,NA,NA,NA
"TER-PRIBS-T15",2024-04-02,NA,NA,NA
"TER-PRIBS-T15",2024-04-03,NA,NA,NA
"TER-PRIBS-T15",2024-04-04,NA,NA,NA
"TER-PRIBS-T15",2024-04-05,NA,NA,NA
"TER-PRIBS-T15",2024-04-06,NA,NA,NA
"TER-PRIBS-T15",2024-04-07,NA,NA,NA
"TER-PRIBS-T15",2024-04-08,NA,NA,NA
"TER-PRIBS-T15",2024-04-09,14.3333333333333,NA,15.3541666666667
"TER-PRIBS-T15",2024-04-10,14.7708333333333,NA,15.375
"TER-PRIBS-T15",2024-04-11,14.875,NA,15.3958333333333
"TER-PRIBS-T15",2024-04-12,13.4583333333333,NA,14.4791666666667
"TER-PRIBS-T15",2024-04-13,13.0416666666667,NA,13.6041666666667
"TER-PRIBS-T15",2024-04-14,11.9166666666667,NA,12.6458333333333
"TER-PRIBS-T15",2024-04-15,13.5833333333333,NA,14.6458333333333
"TER-PRIBS-T15",2024-04-16,14.3541666666667,NA,15.2291666666667
"TER-PRIBS-T15",2024-04-17,14.0625,NA,15.125
"TER-PRIBS-T15",2024-04-18,14.0833333333333,NA,15.375
"TER-PRIBS-T15",2024-04-19,13.7083333333333,NA,NA
"TER-PRIBS-T15",2024-04-20,13.2708333333333,NA,NA
"TER-PRIBS-T15",2024-04-21,14.2083333333333,NA,NA
"TER-PRIBS-T15",2024-04-22,13.0208333333333,NA,NA
"TER-PRIBS-T15",2024-04-23,13.3541666666667,NA,NA
"TER-PRIBS-T15",2024-04-24,12.5833333333333,NA,NA
"TER-PRIBS-T15",2024-04-25,12.8333333333333,NA,NA
"TER-PRIBS-T15",2024-04-26,11.4375,NA,NA
"TER-PRIBS-T15",2024-04-27,10.875,NA,NA
"TER-PRIBS-T15",2024-04-28,11.2708333333333,NA,NA
"TER-PRIBS-T15",2024-04-29,11.6666666666667,NA,NA
"TER-PRIBS-T15",2024-04-30,12.2916666666667,NA,NA
"TER-PRIBS-T15",2024-05-01,13.0833333333333,NA,NA
"TER-PRIBS-T15",2024-05-02,14.4583333333333,NA,NA
"TER-PRIBS-T15",2024-05-03,14.2291666666667,NA,NA
"TER-PRIBS-T15",2024-05-04,14.8958333333333,NA,NA
"TER-PRIBS-T15",2024-05-05,14.2916666666667,NA,NA
"TER-PRIBS-T15",2024-05-06,15.7291666666667,NA,NA
"TER-PRIBS-T15",2024-05-07,15.2083333333333,NA,NA
"TER-PRIBS-T15",2024-05-08,14.4583333333333,NA,NA
"TER-PRIBS-T15",2024-05-09,13.8333333333333,NA,NA
"TER-PRIBS-T15",2024-05-10,14.625,NA,NA
"TER-PRIBS-T15",2024-05-11,15.3541666666667,NA,NA
"TER-PRIBS-T15",2024-05-12,15.5208333333333,NA,NA
"TER-PRIBS-T15",2024-05-13,14.5,NA,NA
"TER-PRIBS-T15",2024-05-14,12.2083333333333,NA,NA
"TER-PRIBS-T15",2024-05-15,12.9375,NA,NA
"TER-PRIBS-T15",2024-05-16,13.6875,NA,NA
"TER-PRIBS-T15",2024-05-17,12.375,NA,NA
"TER-PRIBS-T15",2024-05-18,11.9375,NA,NA
"TER-PRIBS-T15",2024-05-19,12.8958333333333,NA,NA
"TER-PRIBS-T15",2024-05-20,15,NA,NA
"TER-PRIBS-T15",2024-05-21,15.2291666666667,NA,NA
"TER-PRIBS-T15",2024-05-22,15.7708333333333,NA,NA
"TER-PRIBS-T15",2024-05-23,16.6458333333333,NA,NA
"TER-PRIBS-T15",2024-05-24,15.75,NA,NA
"TER-PRIBS-T15",2024-05-25,14.5833333333333,NA,NA
"TER-PRIBS-T15",2024-05-26,13.8958333333333,NA,NA
"TER-PRIBS-T15",2024-05-27,15.7708333333333,NA,NA
"TER-PRIBS-T15",2024-05-28,16.5833333333333,NA,NA
"TER-PRIBS-T15",2024-05-29,17.0625,NA,17.3125
"TER-PRIBS-T15",2024-05-30,15.8958333333333,NA,16.2291666666667
"TER-PRIBS-T15",2024-05-31,14.9583333333333,NA,15.2916666666667
"TER-PRIBS-T15",2024-06-01,15.2916666666667,NA,16.375
"TER-PRIBS-T15",2024-06-02,15.5833333333333,NA,16
"TER-PRIBS-T15",2024-06-03,15.0625,NA,14.9166666666667
"TER-PRIBS-T15",2024-06-04,14.875,NA,15.75
"TER-PRIBS-T15",2024-06-05,14.0833333333333,NA,14.2916666666667
"TER-PRIBS-T15",2024-06-06,14.125,NA,14.875
"TER-PRIBS-T15",2024-06-07,14.6458333333333,NA,15.125
"TER-PRIBS-T15",2024-06-08,15.4583333333333,NA,15.8333333333333
"TER-PRIBS-T15",2024-06-09,15.3541666666667,NA,15.8125
"TER-PRIBS-T15",2024-06-10,15.1458333333333,NA,15.6458333333333
"TER-PRIBS-T15",2024-06-11,15.1041666666667,NA,16.0625
"TER-PRIBS-T15",2024-06-12,16.6666666666667,NA,18.0416666666667
"TER-PRIBS-T15",2024-06-13,18.0625,NA,18.6875
"TER-PRIBS-T15",2024-06-14,16.25,NA,16.7291666666667
"TER-PRIBS-T15",2024-06-15,16.7083333333333,NA,17.6458333333333
"TER-PRIBS-T15",2024-06-16,18.0625,NA,18.8958333333333
"TER-PRIBS-T15",2024-06-17,16.2083333333333,NA,16.6875
"TER-PRIBS-T15",2024-06-18,15.5,NA,16.0625
"TER-PRIBS-T15",2024-06-19,15.0625,NA,15.6041666666667
"TER-PRIBS-T15",2024-06-20,15.5416666666667,NA,16.2708333333333
"TER-PRIBS-T15",2024-06-21,16.375,NA,17.8541666666667
"TER-PRIBS-T15",2024-06-22,17.0416666666667,NA,18.2708333333333
"TER-PRIBS-T15",2024-06-23,18.1666666666667,NA,19
"TER-PRIBS-T15",2024-06-24,17.0625,NA,17.25
"TER-PRIBS-T15",2024-06-25,15.875,NA,16.5
"TER-PRIBS-T15",2024-06-26,NA,NA,NA
"TER-PRIBS-T15",2024-06-27,18.2708333333333,NA,18.7916666666667
"TER-PRIBS-T15",2024-06-28,17.625,NA,18.0833333333333
"TER-PRIBS-T15",2024-06-29,17.7291666666667,NA,18.3541666666667
"TER-PRIBS-T15",2024-06-30,17.3958333333333,NA,17.8125
"TER-PRIBS-T15",2024-07-01,17.5416666666667,NA,18.2083333333333
"TER-PRIBS-T15",2024-07-02,18.9791666666667,NA,19.9166666666667
"TER-PRIBS-T15",2024-07-03,17.9375,NA,18.3958333333333
"TER-PRIBS-T15",2024-07-04,16.8125,NA,17.375
"TER-PRIBS-T15",2024-07-05,17.75,NA,18.8541666666667
"TER-PRIBS-T15",2024-07-06,19.5625,NA,20.125
"TER-PRIBS-T15",2024-07-07,20.6458333333333,NA,21.3125
"TER-PRIBS-T15",2024-07-08,20.5416666666667,NA,20.875
"TER-PRIBS-T15",2024-07-09,21.8333333333333,NA,22.3958333333333
"TER-PRIBS-T15",2024-07-10,19.7083333333333,NA,20.125
"TER-PRIBS-T15",2024-07-11,18.3125,NA,18.3958333333333
"TER-PRIBS-T15",2024-07-12,19.75,NA,20.2708333333333
"TER-PRIBS-T15",2024-07-13,18.3333333333333,NA,18.8125
"TER-PRIBS-T15",2024-07-14,18.2291666666667,NA,18.9375
"TER-PRIBS-T15",2024-07-15,19.8541666666667,NA,20.625
"TER-PRIBS-T15",2024-07-16,21.1458333333333,NA,22.0416666666667
"TER-PRIBS-T15",2024-07-17,18.8958333333333,NA,18.9583333333333
"TER-PRIBS-T15",2024-07-18,18.0416666666667,NA,18.5208333333333
"TER-PRIBS-T15",2024-07-19,NA,NA,20.125
"TER-PRIBS-T15",2024-07-20,NA,21.8125,22.1875
"TER-PRIBS-T15",2024-07-21,NA,20.9166666666667,21.2916666666667
"TER-PRIBS-T15",2024-07-22,NA,19.875,20.1666666666667
"TER-PRIBS-T15",2024-07-23,NA,20.125,20.5208333333333
"TER-PRIBS-T15",2024-07-24,NA,20.0208333333333,20.4375
"TER-PRIBS-T15",2024-07-25,NA,21.3958333333333,22.1041666666667
"TER-PRIBS-T15",2024-07-26,NA,22.5625,22.8333333333333
"TER-PRIBS-T15",2024-07-27,NA,20.2291666666667,20.4583333333333
"TER-PRIBS-T15",2024-07-28,NA,21.875,22.3333333333333
"TER-PRIBS-T15",2024-07-29,NA,21.9583333333333,22.25
"TER-PRIBS-T15",2024-07-30,NA,20.6458333333333,20.8541666666667
"TER-PRIBS-T15",2024-07-31,NA,19.7291666666667,20.0625
"TER-PRIBS-T15",2024-08-01,NA,21.0208333333333,21.3541666666667
"TER-PRIBS-T15",2024-08-02,NA,20.3125,20.8125
"TER-PRIBS-T15",2024-08-03,NA,20.375,21.0416666666667
"TER-PRIBS-T15",2024-08-04,NA,22.2708333333333,22.875
"TER-PRIBS-T15",2024-08-05,NA,22.7291666666667,23.0833333333333
"TER-PRIBS-T15",2024-08-06,NA,20.7291666666667,20.8333333333333
"TER-PRIBS-T15",2024-08-07,NA,19.6041666666667,19.875
"TER-PRIBS-T15",2024-08-08,NA,20.2916666666667,20.5625
"TER-PRIBS-T15",2024-08-09,NA,20.875,21.5416666666667
"TER-PRIBS-T15",2024-08-10,NA,21.1875,21.6041666666667
"TER-PRIBS-T15",2024-08-11,NA,19.1875,19.5833333333333
"TER-PRIBS-T15",2024-08-12,NA,19.4166666666667,19.9166666666667
"TER-PRIBS-T15",2024-08-13,NA,22.125,22.4166666666667
"TER-PRIBS-T15",2024-08-14,NA,22.4166666666667,22.6875
"TER-PRIBS-T15",2024-08-15,NA,21.7291666666667,22.125
"TER-PRIBS-T15",2024-08-16,NA,21.4166666666667,21.9166666666667
"TER-PRIBS-T15",2024-08-17,NA,21.2916666666667,21.625
"TER-PRIBS-T15",2024-08-18,NA,21,21.5625
"TER-PRIBS-T15",2024-08-19,NA,22.1666666666667,22.6458333333333
"TER-PRIBS-T15",2024-08-20,NA,20.7708333333333,21.0416666666667
"TER-PRIBS-T15",2024-08-21,NA,20.625,21.1666666666667
"TER-PRIBS-T15",2024-08-22,NA,21.8333333333333,22.1875
"TER-PRIBS-T15",2024-08-23,NA,22.7291666666667,22.9583333333333
"TER-PRIBS-T15",2024-08-24,NA,19.375,19.6666666666667
"TER-PRIBS-T15",2024-08-25,NA,20.1666666666667,20.6041666666667
"TER-PRIBS-T15",2024-08-26,NA,22.125,22.5833333333333
"TER-PRIBS-T15",2024-08-27,NA,19.9583333333333,20.3125
"TER-PRIBS-T15",2024-08-28,NA,19.6666666666667,20.1666666666667
"TER-PRIBS-T15",2024-08-29,NA,19.75,20.1875
"TER-PRIBS-T15",2024-08-30,NA,21.2083333333333,21.7083333333333
"TER-PRIBS-T15",2024-08-31,NA,22.0833333333333,22.4166666666667
"TER-PRIBS-T15",2024-09-01,NA,19.2916666666667,19.5
"TER-PRIBS-T15",2024-09-02,NA,18.6666666666667,18.9166666666667
"TER-PRIBS-T15",2024-09-03,NA,19.1458333333333,19.3541666666667
"TER-PRIBS-T15",2024-09-04,NA,19.2291666666667,19.3958333333333
"TER-PRIBS-T15",2024-09-05,NA,19.25,19.5208333333333
"TER-PRIBS-T15",2024-09-06,NA,18.6458333333333,18.875
"TER-PRIBS-T15",2024-09-07,NA,18.4375,18.6041666666667
"TER-PRIBS-T15",2024-09-08,NA,18.375,18.6458333333333
"TER-PRIBS-T15",2024-09-09,NA,18,18.1458333333333
"TER-PRIBS-T15",2024-09-10,NA,18.1041666666667,18.2083333333333
"TER-PRIBS-T15",2024-09-11,NA,18.4583333333333,18.7083333333333
"TER-PRIBS-T15",2024-09-12,NA,19.1875,19.375
"TER-PRIBS-T15",2024-09-13,NA,18.625,19.1666666666667
"TER-PRIBS-T15",2024-09-14,NA,19.1041666666667,19.75
"TER-PRIBS-T15",2024-09-15,NA,19.0833333333333,19.5208333333333
"TER-PRIBS-T15",2024-09-16,NA,18.8333333333333,19.0208333333333
"TER-PRIBS-T15",2024-09-17,NA,19.4791666666667,19.8333333333333
"TER-PRIBS-T15",2024-09-18,NA,18.2708333333333,18.4791666666667
"TER-PRIBS-T15",2024-09-19,NA,17.9791666666667,18.1875
"TER-PRIBS-T15",2024-09-20,NA,17.5833333333333,18.0208333333333
"TER-PRIBS-T15",2024-09-21,NA,18.0416666666667,18.6875
"TER-PRIBS-T15",2024-09-22,NA,19.5833333333333,19.9791666666667
"TER-PRIBS-T15",2024-09-23,NA,21.0625,21.4791666666667
"TER-PRIBS-T15",2024-09-24,NA,21.8541666666667,22.125
"TER-PRIBS-T15",2024-09-25,NA,20.625,20.9375
"TER-PRIBS-T15",2024-09-26,NA,NA,NA
"TER-PRIBS-T15",2024-09-27,NA,NA,20.5208333333333
"TER-PRIBS-T15",2024-09-28,NA,NA,21.0416666666667
"TER-PRIBS-T15",2024-09-29,NA,NA,21.1666666666667
"TER-PRIBS-T15",2024-09-30,NA,NA,22.3333333333333
"TER-PRIBS-T15",2024-10-01,NA,NA,22.6666666666667
"TER-PRIBS-T15",2024-10-02,NA,NA,22.5833333333333
"TER-PRIBS-T15",2024-10-03,NA,NA,22.5208333333333
"TER-PRIBS-T15",2024-10-04,NA,NA,21.1666666666667
"TER-PRIBS-T15",2024-10-05,NA,NA,18.4166666666667
"TER-PRIBS-T15",2024-10-06,NA,NA,16.4791666666667
"TER-PRIBS-T15",2024-10-07,NA,NA,17.9375
"TER-PRIBS-T15",2024-10-08,NA,19.8958333333333,20.1875
"TER-PRIBS-T15",2024-10-09,NA,19.2083333333333,19.3958333333333
"TER-PRIBS-T15",2024-10-10,NA,18.0416666666667,18.0208333333333
"TER-PRIBS-T15",2024-10-11,NA,15.2916666666667,15.3958333333333
"TER-PRIBS-T15",2024-10-12,NA,16.7708333333333,17.0625
"TER-PRIBS-T15",2024-10-13,NA,18.5,18.5208333333333
"TER-PRIBS-T15",2024-10-14,NA,17.2291666666667,17.2083333333333
"TER-PRIBS-T15",2024-10-15,NA,16.0833333333333,16.1666666666667
"TER-PRIBS-T15",2024-10-16,NA,15.6041666666667,15.75
"TER-PRIBS-T15",2024-10-17,NA,15.9166666666667,16.2916666666667
"TER-PRIBS-T15",2024-10-18,NA,17.9791666666667,18.2708333333333
"TER-PRIBS-T15",2024-10-19,NA,18.6875,18.8333333333333
"TER-PRIBS-T15",2024-10-20,NA,14.5833333333333,14.6875
"TER-PRIBS-T15",2024-10-21,NA,13.9583333333333,14.5208333333333
"TER-PRIBS-T15",2024-10-22,NA,15.7708333333333,16.0208333333333
"TER-PRIBS-T15",2024-10-23,NA,17.5833333333333,17.625
"TER-PRIBS-T15",2024-10-24,NA,14.1666666666667,14.25
"TER-PRIBS-T15",2024-10-25,NA,14.1458333333333,14.2916666666667
"TER-PRIBS-T15",2024-10-26,NA,14.25,14.3958333333333
"TER-PRIBS-T15",2024-10-27,NA,14.6666666666667,14.9375
"TER-PRIBS-T15",2024-10-28,NA,15.125,15.2083333333333
"TER-PRIBS-T15",2024-10-29,NA,15.0833333333333,15.1041666666667
"TER-PRIBS-T15",2024-10-30,NA,15.8958333333333,15.9375
"TER-PRIBS-T15",2024-10-31,NA,16.8333333333333,17.0416666666667
"TER-PRIBS-T15",2024-11-01,NA,18.1875,18.2083333333333
"TER-PRIBS-T15",2024-11-02,NA,16.2291666666667,16.1041666666667
"TER-PRIBS-T15",2024-11-03,NA,16.1666666666667,16.2083333333333
"TER-PRIBS-T15",2024-11-04,NA,16.4791666666667,16.6458333333333
"TER-PRIBS-T15",2024-11-05,NA,16.6458333333333,16.75
"TER-PRIBS-T15",2024-11-06,NA,12.625,12.5208333333333
"TER-PRIBS-T15",2024-11-07,NA,13.1875,13.1875
"TER-PRIBS-T15",2024-11-08,NA,17,17.1875
"TER-PRIBS-T15",2024-11-09,NA,18.125,18.4166666666667
"TER-PRIBS-T15",2024-11-10,NA,17.25,17.3958333333333
"TER-PRIBS-T15",2024-11-11,NA,17.6666666666667,17.8125
"TER-PRIBS-T15",2024-11-12,NA,17.875,17.9166666666667
"TER-PRIBS-T15",2024-11-13,NA,16.125,16.1666666666667
"TER-PRIBS-T15",2024-11-14,NA,14.2916666666667,14.2708333333333
"TER-PRIBS-T15",2024-11-15,NA,13.9375,13.9791666666667
"TER-PRIBS-T15",2024-11-16,NA,14.3125,14.5208333333333
"TER-PRIBS-T15",2024-11-17,NA,14.6666666666667,14.7291666666667
"TER-PRIBS-T15",2024-11-18,NA,15.0208333333333,15.0416666666667
"TER-PRIBS-T15",2024-11-19,NA,15.0208333333333,14.9375
"TER-PRIBS-T15",2024-11-20,NA,15.0625,15.2916666666667
"TER-PRIBS-T15",2024-11-21,NA,15.7916666666667,16.0416666666667
"TER-PRIBS-T15",2024-11-22,NA,16.875,17
"TER-PRIBS-T15",2024-11-23,NA,15.2291666666667,15.2708333333333
"TER-PRIBS-T15",2024-11-24,NA,12.25,12.25
"TER-PRIBS-T15",2024-11-25,NA,14,14.2083333333333
"TER-PRIBS-T15",2024-11-26,NA,16.3958333333333,16.7291666666667
"TER-PRIBS-T15",2024-11-27,NA,14.8541666666667,15
"TER-PRIBS-T15",2024-11-28,NA,14.3333333333333,14.4166666666667
"TER-PRIBS-T15",2024-11-29,NA,14.125,14.25
"TER-PRIBS-T15",2024-11-30,NA,12.375,12.2916666666667
"TER-PRIBS-T15",2024-12-01,NA,14.25,14.3125
"TER-PRIBS-T15",2024-12-02,NA,15.6666666666667,15.7708333333333
"TER-PRIBS-T15",2024-12-03,NA,14.3333333333333,14.5
"TER-PRIBS-T15",2024-12-04,NA,15.1875,15.4583333333333
"TER-PRIBS-T15",2024-12-05,NA,15.2083333333333,15.3125
"TER-PRIBS-T15",2024-12-06,NA,16.0833333333333,16.2708333333333
"TER-PRIBS-T15",2024-12-07,NA,14.7291666666667,14.7916666666667
"TER-PRIBS-T15",2024-12-08,NA,15.1458333333333,15.1875
"TER-PRIBS-T15",2024-12-09,NA,14,14.0833333333333
"TER-PRIBS-T15",2024-12-10,NA,13.6875,13.7916666666667
"TER-PRIBS-T15",2024-12-11,NA,13.6458333333333,13.6666666666667
"TER-PRIBS-T15",2024-12-12,NA,11.9791666666667,12
"TER-PRIBS-T15",2024-12-13,NA,11.2916666666667,11.4583333333333
"TER-PRIBS-T15",2024-12-14,NA,12.4791666666667,12.5625
"TER-PRIBS-T15",2024-12-15,NA,13.375,13.375
"TER-PRIBS-T15",2024-12-16,NA,13.4791666666667,13.6458333333333
"TER-PRIBS-T15",2024-12-17,NA,12.875,13.1875
"TER-PRIBS-T15",2024-12-18,NA,11.8125,11.8125
"TER-PRIBS-T15",2024-12-19,NA,10.5208333333333,10.4375
"TER-PRIBS-T15",2024-12-20,NA,10.5,10.6875
"TER-PRIBS-T15",2024-12-21,NA,11.6458333333333,11.8125
"TER-PRIBS-T15",2024-12-22,NA,12,12.0416666666667
"TER-PRIBS-T15",2024-12-23,NA,12.4166666666667,12.5416666666667
"TER-PRIBS-T15",2024-12-24,NA,12.0416666666667,12.25
"TER-PRIBS-T15",2024-12-25,NA,11.5833333333333,11.8125
"TER-PRIBS-T15",2024-12-26,NA,12.9166666666667,13.1875
"TER-PRIBS-T15",2024-12-27,NA,14.1666666666667,14.2291666666667
"TER-PRIBS-T15",2024-12-28,NA,13.8333333333333,13.9375
"TER-PRIBS-T15",2024-12-29,NA,13.5,13.5625
"TER-PRIBS-T15",2024-12-30,NA,13.9583333333333,14.1041666666667
"TER-PRIBS-T15",2024-12-31,NA,15.0833333333333,15.1666666666667
"TER-PRIBS-T15",2025-01-01,NA,15.6458333333333,15.6875
"TER-PRIBS-T15",2025-01-02,NA,15.9375,16.0208333333333
"TER-PRIBS-T15",2025-01-03,NA,15.3333333333333,15.3541666666667
"TER-PRIBS-T15",2025-01-04,NA,13.7083333333333,13.8125
"TER-PRIBS-T15",2025-01-05,NA,13.4583333333333,13.4791666666667
"TER-PRIBS-T15",2025-01-06,NA,15.2916666666667,15.4375
"TER-PRIBS-T15",2025-01-07,NA,13.4791666666667,13.5416666666667
"TER-PRIBS-T15",2025-01-08,NA,14.1458333333333,14.3333333333333
"TER-PRIBS-T15",2025-01-09,NA,16.0208333333333,16.2083333333333
"TER-PRIBS-T15",2025-01-10,NA,16,16.0625
"TER-PRIBS-T15",2025-01-11,NA,15.9375,16.0416666666667
"TER-PRIBS-T15",2025-01-12,NA,14.7083333333333,14.8333333333333
"TER-PRIBS-T15",2025-01-13,NA,15.4166666666667,15.6875
"TER-PRIBS-T15",2025-01-14,NA,15.6458333333333,15.8541666666667
"TER-PRIBS-T15",2025-01-15,NA,15.4791666666667,15.6041666666667
"TER-PRIBS-T15",2025-01-16,NA,15.8125,15.8541666666667
"TER-PRIBS-T15",2025-01-17,NA,14.7083333333333,14.7708333333333
"TER-PRIBS-T15",2025-01-18,NA,NA,12
"TER-PRIBS-T15",2025-01-19,NA,NA,12.0416666666667
"TER-PRIBS-T15",2025-01-20,NA,NA,11.3958333333333
"TER-PRIBS-T15",2025-01-21,NA,NA,10.9791666666667
"TER-PRIBS-T15",2025-01-22,NA,NA,10.1041666666667
"TER-PRIBS-T15",2025-01-23,NA,NA,13.2916666666667
"TER-PRIBS-T15",2025-01-24,NA,NA,11.3958333333333
"TER-PRIBS-T15",2025-01-25,NA,NA,12.625
"TER-PRIBS-T15",2025-01-26,NA,NA,12.8333333333333
"TER-PRIBS-T15",2025-01-27,NA,NA,10.9375
"TER-PRIBS-T15",2025-01-28,NA,NA,13.3958333333333
"TER-PRIBS-T15",2025-01-29,NA,NA,12.4583333333333
"TER-PRIBS-T15",2025-01-30,NA,NA,13.8125
"TER-PRIBS-T15",2025-01-31,NA,NA,14.5208333333333
"TER-PRIBS-T15",2025-02-01,NA,NA,12.625
"TER-PRIBS-T15",2025-02-02,NA,NA,12.3125
"TER-PRIBS-T15",2025-02-03,NA,NA,13.8125
"TER-PRIBS-T15",2025-02-04,NA,NA,10.375
"TER-PRIBS-T15",2025-02-05,NA,NA,14.8125
"TER-PRIBS-T15",2025-02-06,NA,NA,15.0625
"TER-PRIBS-T15",2025-02-07,NA,NA,13.8958333333333
"TER-PRIBS-T15",2025-02-08,NA,NA,11.2916666666667
"TER-PRIBS-T15",2025-02-09,NA,NA,11.8958333333333
"TER-PRIBS-T15",2025-02-10,NA,NA,11.6041666666667
"TER-PRIBS-T15",2025-02-11,NA,NA,13.7916666666667
"TER-PRIBS-T15",2025-02-12,NA,NA,NA
"TER-PRIBS-T15",2025-02-13,NA,NA,NA
"TER-PRIBS-T15",2025-02-14,NA,NA,NA
"TER-PRIBS-T15",2025-02-15,NA,NA,NA
"TER-PRIBS-T15",2025-02-16,NA,NA,NA
"TER-PRIBS-T15",2025-02-17,NA,NA,NA
"TER-PRIBS-T15",2025-02-18,NA,NA,NA
"TER-PRIBS-T15",2025-02-19,NA,NA,NA
"TER-PRIBS-T15",2025-02-20,NA,NA,NA
"TER-PRIBS-T15",2025-02-21,NA,NA,NA
"TER-PRIBS-T15",2025-02-22,NA,NA,NA
"TER-PRIBS-T15",2025-02-23,NA,NA,NA
"TER-PRIBS-T15",2025-02-24,NA,NA,NA
"TER-PRIBS-T15",2025-02-25,NA,NA,NA
"TER-PRIBS-T15",2025-02-26,NA,NA,NA
"TER-PRIBS-T15",2025-02-27,NA,NA,NA
"TER-PRIBS-T15",2025-02-28,NA,NA,NA
"TER-PRIBS-T15",2025-03-01,NA,NA,NA
"TER-PRIBS-T15",2025-03-02,NA,NA,NA
"TER-PRIBS-T15",2025-03-03,NA,NA,NA
"TER-PRIBS-T15",2025-03-04,NA,NA,NA
"TER-PRIBS-T15",2025-03-05,NA,NA,NA
"TER-PRIBS-T15",2025-03-06,NA,NA,NA
"TER-PRIBS-T15",2025-03-07,NA,NA,NA
"TER-PRIBS-T15",2025-03-08,NA,NA,NA
"TER-PRIBS-T15",2025-03-09,NA,NA,NA
"TER-PRIBS-T15",2025-03-10,NA,NA,NA
"TER-PRIBS-T15",2025-03-11,NA,NA,NA
"TER-PRIBS-T15",2025-03-12,NA,NA,NA
"TER-PRIBS-T15",2025-03-13,NA,NA,NA
"TER-PRIBS-T15",2025-03-14,NA,NA,NA
"TER-PRIBS-T15",2025-03-15,NA,NA,NA
"TER-PRIBS-T15",2025-03-16,NA,NA,NA
"TER-PRIBS-T15",2025-03-17,NA,NA,NA
"TER-PRIBS-T15",2025-03-18,NA,NA,NA
"TER-PRIBS-T15",2025-03-19,NA,NA,NA
"TER-PRIBS-T15",2025-03-20,NA,NA,NA
"TER-PRIBS-T15",2025-03-21,NA,NA,NA
"TER-PRIBS-T15",2025-03-22,NA,NA,NA
"TER-PRIBS-T15",2025-03-23,NA,NA,NA
"TER-PRIBS-T15",2025-03-24,NA,NA,NA
"TER-PRIBS-T15",2025-03-25,NA,NA,NA
"TER-PRIBS-T15",2025-03-26,NA,NA,NA
"TER-PRIBS-T15",2025-03-27,NA,NA,NA
"TER-PRIBS-T15",2025-03-28,NA,NA,NA
"TER-PRIBS-T15",2025-03-29,NA,NA,NA
"TER-PRIBS-T15",2025-03-30,NA,NA,NA
"TER-PRIBS-T15",2025-03-31,NA,NA,NA
"TER-PRIBS-T15",2025-04-01,NA,NA,NA
"TER-PRIBS-T15",2025-04-02,NA,NA,NA
"TER-PRIBS-T15",2025-04-03,NA,NA,NA
"TER-PRIBS-T15",2025-04-04,NA,NA,NA
"TER-PRIBS-T15",2025-04-05,NA,NA,NA
"TER-PRIBS-T15",2025-04-06,NA,NA,NA
"TER-PRIBS-T15",2025-04-07,NA,NA,NA
"TER-PRIBS-T15",2025-04-08,NA,NA,NA
"TER-PRIBS-T15",2025-04-09,NA,NA,NA
"TER-PRIBS-T15",2025-04-10,NA,NA,NA
"TER-PRIBS-T15",2025-04-11,NA,NA,NA
"TER-PRIBS-T15",2025-04-12,NA,NA,NA
"TER-PRIBS-T15",2025-04-13,NA,NA,NA
"TER-PRIBS-T15",2025-04-14,NA,NA,NA
"TER-PRIBS-T15",2025-04-15,NA,NA,NA
"TER-PRIBS-T15",2025-04-16,NA,NA,NA
"TER-PRIBS-T15",2025-04-17,NA,NA,NA
"TER-PRIBS-T15",2025-04-18,NA,NA,NA
"TER-PRIBS-T15",2025-04-19,NA,NA,NA
"TER-PRIBS-T15",2025-04-20,NA,NA,NA
"TER-PRIBS-T15",2025-04-21,NA,NA,NA
"TER-PRIBS-T15",2025-04-22,NA,NA,NA
"TER-PRIBS-T15",2025-04-23,NA,NA,NA
"TER-PRIBS-T15",2025-04-24,NA,NA,NA
"TER-PRIBS-T15",2025-04-25,NA,NA,NA
"TER-PRIBS-T15",2025-04-26,NA,NA,NA
"TER-PRIBS-T15",2025-04-27,NA,NA,NA
"TER-PRIBS-T15",2025-04-28,NA,NA,NA
"TER-PRIBS-T15",2025-04-29,NA,NA,NA
"TER-PRIBS-T15",2025-04-30,NA,NA,NA
"TER-PRIBS-T15",2025-05-01,NA,NA,NA
"TER-PRIBS-T15",2025-05-02,NA,NA,NA
"TER-PRIBS-T15",2025-05-03,NA,NA,NA
"TER-PRIBS-T15",2025-05-04,NA,NA,NA
"TER-PRIBS-T15",2025-05-05,NA,NA,NA
"TER-PRIBS-T15",2025-05-06,NA,NA,NA
"TER-PRIBS-T15",2025-05-07,NA,NA,NA
"TER-PRIBS-T15",2025-05-08,NA,NA,NA
"TER-PRIBS-T15",2025-05-09,NA,NA,NA
"TER-PRIBS-T15",2025-05-10,NA,NA,NA
"TER-PRIBS-T15",2025-05-11,NA,NA,NA
"TER-PRIBS-T15",2025-05-12,NA,NA,NA
"TER-PRIBS-T15",2025-05-13,NA,NA,NA
"TER-PRIBS-T15",2025-05-14,NA,NA,NA
"TER-PRIBS-T15",2025-05-15,NA,NA,NA
"TER-PRIBS-T15",2025-05-16,NA,NA,NA
"TER-PRIBS-T15",2025-05-17,NA,NA,NA
"TER-PRIBS-T15",2025-05-18,NA,NA,NA
"TER-PRIBS-T15",2025-05-19,NA,NA,NA
"TER-PRIBS-T15",2025-05-20,NA,NA,NA
"TER-PRIBS-T15",2025-05-21,NA,NA,NA
"TER-PRIBS-T15",2025-05-22,NA,NA,NA
"TER-PRIBS-T15",2025-05-23,NA,NA,NA
"TER-PRIBS-T15",2025-05-24,NA,NA,NA
"TER-PRIBS-T15",2025-05-25,NA,NA,NA
"TER-PRIBS-T15",2025-05-26,NA,NA,NA
"TER-PRIBS-T15",2025-05-27,NA,NA,NA
"TER-PRIBS-T15",2025-05-28,NA,NA,NA
"TER-PRIBS-T15",2025-05-29,NA,NA,NA
"TER-PRIBS-T15",2025-05-30,NA,NA,NA
"TER-PRIBS-T15",2025-05-31,NA,NA,NA
"TER-PRIBS-T15",2025-06-01,NA,NA,NA
"TER-PRIBS-T15",2025-06-02,NA,NA,NA
"TER-PRIBS-T15",2025-06-03,NA,NA,NA
"TER-PRIBS-T15",2025-06-04,NA,NA,NA
"TER-PRIBS-T15",2025-06-05,NA,NA,NA
"TER-PRIBS-T15",2025-06-06,NA,NA,NA
"TER-PRIBS-T15",2025-06-07,NA,NA,NA
"TER-PRIBS-T15",2025-06-08,NA,NA,NA
"TER-PRIBS-T15",2025-06-09,NA,NA,NA
"TER-PRIBS-T15",2025-06-10,NA,NA,NA
"TER-PRIBS-T15",2025-06-11,NA,NA,NA
"TER-PRIBS-T15",2025-06-12,NA,NA,NA
"TER-PRIBS-T27",2023-08-09,NA,NA,NA
"TER-PRIBS-T27",2023-08-10,NA,NA,NA
"TER-PRIBS-T27",2023-08-11,NA,NA,NA
"TER-PRIBS-T27",2023-08-12,NA,NA,NA
"TER-PRIBS-T27",2023-08-13,NA,NA,NA
"TER-PRIBS-T27",2023-08-14,NA,NA,NA
"TER-PRIBS-T27",2023-08-15,NA,NA,NA
"TER-PRIBS-T27",2023-08-16,NA,NA,NA
"TER-PRIBS-T27",2023-08-17,NA,NA,NA
"TER-PRIBS-T27",2023-08-18,NA,NA,NA
"TER-PRIBS-T27",2023-08-19,NA,NA,NA
"TER-PRIBS-T27",2023-08-20,NA,NA,NA
"TER-PRIBS-T27",2023-08-21,NA,NA,NA
"TER-PRIBS-T27",2023-08-22,NA,NA,NA
"TER-PRIBS-T27",2023-08-23,NA,NA,NA
"TER-PRIBS-T27",2023-08-24,NA,NA,NA
"TER-PRIBS-T27",2023-08-25,NA,NA,NA
"TER-PRIBS-T27",2023-08-26,NA,NA,NA
"TER-PRIBS-T27",2023-08-27,NA,NA,NA
"TER-PRIBS-T27",2023-08-28,NA,NA,NA
"TER-PRIBS-T27",2023-08-29,NA,NA,NA
"TER-PRIBS-T27",2023-08-30,NA,NA,NA
"TER-PRIBS-T27",2023-08-31,NA,NA,NA
"TER-PRIBS-T27",2023-09-01,NA,NA,NA
"TER-PRIBS-T27",2023-09-02,NA,NA,NA
"TER-PRIBS-T27",2023-09-03,NA,NA,NA
"TER-PRIBS-T27",2023-09-04,NA,NA,NA
"TER-PRIBS-T27",2023-09-05,NA,NA,NA
"TER-PRIBS-T27",2023-09-06,NA,NA,NA
"TER-PRIBS-T27",2023-09-07,NA,NA,NA
"TER-PRIBS-T27",2023-09-08,NA,NA,NA
"TER-PRIBS-T27",2023-09-09,NA,NA,NA
"TER-PRIBS-T27",2023-09-10,NA,NA,NA
"TER-PRIBS-T27",2023-09-11,NA,NA,NA
"TER-PRIBS-T27",2023-09-12,NA,NA,NA
"TER-PRIBS-T27",2023-09-13,NA,NA,NA
"TER-PRIBS-T27",2023-09-14,NA,NA,NA
"TER-PRIBS-T27",2023-09-15,NA,NA,NA
"TER-PRIBS-T27",2023-09-16,NA,NA,NA
"TER-PRIBS-T27",2023-09-17,NA,NA,NA
"TER-PRIBS-T27",2023-09-18,NA,NA,NA
"TER-PRIBS-T27",2023-09-19,NA,NA,NA
"TER-PRIBS-T27",2023-09-20,NA,NA,NA
"TER-PRIBS-T27",2023-09-21,NA,NA,NA
"TER-PRIBS-T27",2023-09-22,NA,NA,NA
"TER-PRIBS-T27",2023-09-23,NA,NA,NA
"TER-PRIBS-T27",2023-09-24,NA,NA,NA
"TER-PRIBS-T27",2023-09-25,NA,NA,NA
"TER-PRIBS-T27",2023-09-26,NA,NA,NA
"TER-PRIBS-T27",2023-09-27,NA,NA,NA
"TER-PRIBS-T27",2023-09-28,NA,NA,NA
"TER-PRIBS-T27",2023-09-29,NA,NA,NA
"TER-PRIBS-T27",2023-09-30,NA,NA,NA
"TER-PRIBS-T27",2023-10-01,NA,NA,NA
"TER-PRIBS-T27",2023-10-02,NA,NA,NA
"TER-PRIBS-T27",2023-10-03,NA,NA,NA
"TER-PRIBS-T27",2023-10-04,NA,NA,NA
"TER-PRIBS-T27",2023-10-05,NA,NA,NA
"TER-PRIBS-T27",2023-10-06,NA,NA,NA
"TER-PRIBS-T27",2023-10-07,NA,NA,NA
"TER-PRIBS-T27",2023-10-08,NA,NA,NA
"TER-PRIBS-T27",2023-10-09,NA,NA,NA
"TER-PRIBS-T27",2023-10-10,NA,NA,NA
"TER-PRIBS-T27",2023-10-11,NA,NA,NA
"TER-PRIBS-T27",2023-10-12,NA,NA,NA
"TER-PRIBS-T27",2023-10-13,NA,NA,NA
"TER-PRIBS-T27",2023-10-14,NA,NA,NA
"TER-PRIBS-T27",2023-10-15,NA,NA,NA
"TER-PRIBS-T27",2023-10-16,NA,NA,NA
"TER-PRIBS-T27",2023-10-17,NA,NA,NA
"TER-PRIBS-T27",2023-10-18,NA,NA,NA
"TER-PRIBS-T27",2023-10-19,NA,NA,NA
"TER-PRIBS-T27",2023-10-20,NA,NA,NA
"TER-PRIBS-T27",2023-10-21,NA,NA,NA
"TER-PRIBS-T27",2023-10-22,NA,NA,NA
"TER-PRIBS-T27",2023-10-23,NA,NA,NA
"TER-PRIBS-T27",2023-10-24,NA,NA,NA
"TER-PRIBS-T27",2023-10-25,NA,NA,NA
"TER-PRIBS-T27",2023-10-26,NA,NA,NA
"TER-PRIBS-T27",2023-10-27,NA,NA,NA
"TER-PRIBS-T27",2023-10-28,NA,NA,NA
"TER-PRIBS-T27",2023-10-29,NA,NA,NA
"TER-PRIBS-T27",2023-10-30,NA,NA,NA
"TER-PRIBS-T27",2023-10-31,NA,NA,NA
"TER-PRIBS-T27",2023-11-01,NA,NA,NA
"TER-PRIBS-T27",2023-11-02,NA,NA,NA
"TER-PRIBS-T27",2023-11-03,NA,NA,NA
"TER-PRIBS-T27",2023-11-04,NA,NA,NA
"TER-PRIBS-T27",2023-11-05,NA,NA,NA
"TER-PRIBS-T27",2023-11-06,NA,NA,NA
"TER-PRIBS-T27",2023-11-07,NA,NA,NA
"TER-PRIBS-T27",2023-11-08,NA,NA,NA
"TER-PRIBS-T27",2023-11-09,NA,NA,NA
"TER-PRIBS-T27",2023-11-10,NA,NA,NA
"TER-PRIBS-T27",2023-11-11,NA,NA,NA
"TER-PRIBS-T27",2023-11-12,NA,NA,NA
"TER-PRIBS-T27",2023-11-13,NA,NA,NA
"TER-PRIBS-T27",2023-11-14,NA,NA,NA
"TER-PRIBS-T27",2023-11-15,NA,NA,NA
"TER-PRIBS-T27",2023-11-16,NA,NA,NA
"TER-PRIBS-T27",2023-11-17,NA,NA,NA
"TER-PRIBS-T27",2023-11-18,NA,NA,NA
"TER-PRIBS-T27",2023-11-19,NA,NA,NA
"TER-PRIBS-T27",2023-11-20,NA,NA,NA
"TER-PRIBS-T27",2023-11-21,NA,NA,NA
"TER-PRIBS-T27",2023-11-22,NA,NA,NA
"TER-PRIBS-T27",2023-11-23,NA,NA,NA
"TER-PRIBS-T27",2023-11-24,NA,NA,NA
"TER-PRIBS-T27",2023-11-25,NA,NA,NA
"TER-PRIBS-T27",2023-11-26,NA,NA,NA
"TER-PRIBS-T27",2023-11-27,NA,NA,NA
"TER-PRIBS-T27",2023-11-28,NA,NA,NA
"TER-PRIBS-T27",2023-11-29,NA,NA,NA
"TER-PRIBS-T27",2023-11-30,NA,NA,NA
"TER-PRIBS-T27",2023-12-01,NA,NA,NA
"TER-PRIBS-T27",2023-12-02,NA,NA,NA
"TER-PRIBS-T27",2023-12-03,NA,NA,NA
"TER-PRIBS-T27",2023-12-04,NA,NA,NA
"TER-PRIBS-T27",2023-12-05,NA,NA,NA
"TER-PRIBS-T27",2023-12-06,NA,NA,NA
"TER-PRIBS-T27",2023-12-07,NA,NA,NA
"TER-PRIBS-T27",2023-12-08,NA,NA,NA
"TER-PRIBS-T27",2023-12-09,NA,NA,NA
"TER-PRIBS-T27",2023-12-10,NA,NA,NA
"TER-PRIBS-T27",2023-12-11,NA,NA,NA
"TER-PRIBS-T27",2023-12-12,NA,NA,NA
"TER-PRIBS-T27",2023-12-13,NA,NA,NA
"TER-PRIBS-T27",2023-12-14,NA,NA,NA
"TER-PRIBS-T27",2023-12-15,NA,NA,NA
"TER-PRIBS-T27",2023-12-16,NA,NA,NA
"TER-PRIBS-T27",2023-12-17,NA,NA,NA
"TER-PRIBS-T27",2023-12-18,NA,NA,NA
"TER-PRIBS-T27",2023-12-19,NA,NA,NA
"TER-PRIBS-T27",2023-12-20,NA,NA,NA
"TER-PRIBS-T27",2023-12-21,NA,NA,NA
"TER-PRIBS-T27",2023-12-22,NA,NA,NA
"TER-PRIBS-T27",2023-12-23,NA,NA,NA
"TER-PRIBS-T27",2023-12-24,NA,NA,NA
"TER-PRIBS-T27",2023-12-25,NA,NA,NA
"TER-PRIBS-T27",2023-12-26,NA,NA,NA
"TER-PRIBS-T27",2023-12-27,NA,NA,NA
"TER-PRIBS-T27",2023-12-28,NA,NA,NA
"TER-PRIBS-T27",2023-12-29,NA,NA,NA
"TER-PRIBS-T27",2023-12-30,NA,NA,NA
"TER-PRIBS-T27",2023-12-31,NA,NA,NA
"TER-PRIBS-T27",2024-01-01,NA,NA,NA
"TER-PRIBS-T27",2024-01-02,NA,NA,NA
"TER-PRIBS-T27",2024-01-03,NA,NA,NA
"TER-PRIBS-T27",2024-01-04,NA,NA,NA
"TER-PRIBS-T27",2024-01-05,NA,NA,NA
"TER-PRIBS-T27",2024-01-06,NA,NA,NA
"TER-PRIBS-T27",2024-01-07,NA,NA,NA
"TER-PRIBS-T27",2024-01-08,NA,NA,NA
"TER-PRIBS-T27",2024-01-09,NA,NA,NA
"TER-PRIBS-T27",2024-01-10,NA,NA,NA
"TER-PRIBS-T27",2024-01-11,NA,NA,NA
"TER-PRIBS-T27",2024-01-12,NA,NA,NA
"TER-PRIBS-T27",2024-01-13,NA,NA,NA
"TER-PRIBS-T27",2024-01-14,NA,NA,NA
"TER-PRIBS-T27",2024-01-15,NA,NA,NA
"TER-PRIBS-T27",2024-01-16,NA,NA,NA
"TER-PRIBS-T27",2024-01-17,NA,NA,NA
"TER-PRIBS-T27",2024-01-18,NA,NA,NA
"TER-PRIBS-T27",2024-01-19,NA,NA,NA
"TER-PRIBS-T27",2024-01-20,NA,NA,NA
"TER-PRIBS-T27",2024-01-21,NA,NA,NA
"TER-PRIBS-T27",2024-01-22,NA,NA,NA
"TER-PRIBS-T27",2024-01-23,NA,NA,NA
"TER-PRIBS-T27",2024-01-24,NA,NA,NA
"TER-PRIBS-T27",2024-01-25,NA,NA,NA
"TER-PRIBS-T27",2024-01-26,NA,NA,NA
"TER-PRIBS-T27",2024-01-27,NA,NA,NA
"TER-PRIBS-T27",2024-01-28,NA,NA,NA
"TER-PRIBS-T27",2024-01-29,NA,NA,NA
"TER-PRIBS-T27",2024-01-30,NA,NA,NA
"TER-PRIBS-T27",2024-01-31,NA,NA,NA
"TER-PRIBS-T27",2024-02-01,NA,NA,NA
"TER-PRIBS-T27",2024-02-02,NA,NA,NA
"TER-PRIBS-T27",2024-02-03,NA,NA,NA
"TER-PRIBS-T27",2024-02-04,NA,NA,NA
"TER-PRIBS-T27",2024-02-05,NA,NA,NA
"TER-PRIBS-T27",2024-02-06,NA,NA,NA
"TER-PRIBS-T27",2024-02-07,NA,NA,NA
"TER-PRIBS-T27",2024-02-08,NA,NA,NA
"TER-PRIBS-T27",2024-02-09,NA,NA,NA
"TER-PRIBS-T27",2024-02-10,NA,NA,NA
"TER-PRIBS-T27",2024-02-11,NA,NA,NA
"TER-PRIBS-T27",2024-02-12,NA,NA,NA
"TER-PRIBS-T27",2024-02-13,NA,NA,NA
"TER-PRIBS-T27",2024-02-14,NA,NA,NA
"TER-PRIBS-T27",2024-02-15,NA,NA,NA
"TER-PRIBS-T27",2024-02-16,NA,NA,NA
"TER-PRIBS-T27",2024-02-17,NA,NA,NA
"TER-PRIBS-T27",2024-02-18,NA,NA,NA
"TER-PRIBS-T27",2024-02-19,NA,NA,NA
"TER-PRIBS-T27",2024-02-20,NA,NA,NA
"TER-PRIBS-T27",2024-02-21,NA,NA,NA
"TER-PRIBS-T27",2024-02-22,NA,NA,NA
"TER-PRIBS-T27",2024-02-23,NA,NA,NA
"TER-PRIBS-T27",2024-02-24,NA,NA,NA
"TER-PRIBS-T27",2024-02-25,NA,NA,NA
"TER-PRIBS-T27",2024-02-26,NA,NA,NA
"TER-PRIBS-T27",2024-02-27,NA,NA,NA
"TER-PRIBS-T27",2024-02-28,NA,NA,NA
"TER-PRIBS-T27",2024-02-29,NA,NA,NA
"TER-PRIBS-T27",2024-03-01,NA,NA,NA
"TER-PRIBS-T27",2024-03-02,NA,NA,NA
"TER-PRIBS-T27",2024-03-03,NA,NA,NA
"TER-PRIBS-T27",2024-03-04,NA,NA,NA
"TER-PRIBS-T27",2024-03-05,NA,NA,NA
"TER-PRIBS-T27",2024-03-06,NA,NA,NA
"TER-PRIBS-T27",2024-03-07,NA,NA,NA
"TER-PRIBS-T27",2024-03-08,NA,NA,NA
"TER-PRIBS-T27",2024-03-09,NA,NA,NA
"TER-PRIBS-T27",2024-03-10,NA,NA,NA
"TER-PRIBS-T27",2024-03-11,NA,NA,NA
"TER-PRIBS-T27",2024-03-12,NA,NA,NA
"TER-PRIBS-T27",2024-03-13,NA,NA,NA
"TER-PRIBS-T27",2024-03-14,NA,NA,NA
"TER-PRIBS-T27",2024-03-15,NA,NA,NA
"TER-PRIBS-T27",2024-03-16,NA,NA,NA
"TER-PRIBS-T27",2024-03-17,NA,NA,NA
"TER-PRIBS-T27",2024-03-18,NA,NA,NA
"TER-PRIBS-T27",2024-03-19,NA,NA,NA
"TER-PRIBS-T27",2024-03-20,NA,NA,NA
"TER-PRIBS-T27",2024-03-21,NA,NA,NA
"TER-PRIBS-T27",2024-03-22,NA,NA,NA
"TER-PRIBS-T27",2024-03-23,NA,NA,NA
"TER-PRIBS-T27",2024-03-24,NA,NA,NA
"TER-PRIBS-T27",2024-03-25,NA,NA,NA
"TER-PRIBS-T27",2024-03-26,NA,NA,NA
"TER-PRIBS-T27",2024-03-27,NA,NA,NA
"TER-PRIBS-T27",2024-03-28,NA,NA,NA
"TER-PRIBS-T27",2024-03-29,NA,NA,NA
"TER-PRIBS-T27",2024-03-30,NA,NA,NA
"TER-PRIBS-T27",2024-03-31,NA,NA,NA
"TER-PRIBS-T27",2024-04-01,NA,NA,NA
"TER-PRIBS-T27",2024-04-02,NA,NA,NA
"TER-PRIBS-T27",2024-04-03,NA,NA,NA
"TER-PRIBS-T27",2024-04-04,NA,NA,NA
"TER-PRIBS-T27",2024-04-05,NA,NA,NA
"TER-PRIBS-T27",2024-04-06,NA,NA,NA
"TER-PRIBS-T27",2024-04-07,NA,NA,NA
"TER-PRIBS-T27",2024-04-08,NA,NA,NA
"TER-PRIBS-T27",2024-04-09,NA,NA,NA
"TER-PRIBS-T27",2024-04-10,NA,NA,NA
"TER-PRIBS-T27",2024-04-11,NA,NA,NA
"TER-PRIBS-T27",2024-04-12,NA,NA,NA
"TER-PRIBS-T27",2024-04-13,NA,NA,NA
"TER-PRIBS-T27",2024-04-14,NA,NA,NA
"TER-PRIBS-T27",2024-04-15,NA,NA,NA
"TER-PRIBS-T27",2024-04-16,NA,NA,NA
"TER-PRIBS-T27",2024-04-17,NA,NA,NA
"TER-PRIBS-T27",2024-04-18,NA,NA,NA
"TER-PRIBS-T27",2024-04-19,14.5208333333333,14.8125,14.8541666666667
"TER-PRIBS-T27",2024-04-20,13.8541666666667,14.6666666666667,14.7291666666667
"TER-PRIBS-T27",2024-04-21,14.6666666666667,15.2083333333333,15.2916666666667
"TER-PRIBS-T27",2024-04-22,13.5833333333333,13.7916666666667,13.8333333333333
"TER-PRIBS-T27",2024-04-23,14.0625,14.3541666666667,14.3333333333333
"TER-PRIBS-T27",2024-04-24,13.4791666666667,13.9791666666667,14.1458333333333
"TER-PRIBS-T27",2024-04-25,13.3125,13.7291666666667,13.8125
"TER-PRIBS-T27",2024-04-26,11.9583333333333,12.6875,12.7083333333333
"TER-PRIBS-T27",2024-04-27,11.6666666666667,12.6458333333333,12.8125
"TER-PRIBS-T27",2024-04-28,12.3541666666667,12.9791666666667,13.1666666666667
"TER-PRIBS-T27",2024-04-29,12.3333333333333,12.9583333333333,13.0416666666667
"TER-PRIBS-T27",2024-04-30,13,13.6875,13.875
"TER-PRIBS-T27",2024-05-01,14.375,15.1666666666667,15.1666666666667
"TER-PRIBS-T27",2024-05-02,15.4583333333333,16,16.0833333333333
"TER-PRIBS-T27",2024-05-03,14.8541666666667,15.7291666666667,15.875
"TER-PRIBS-T27",2024-05-04,15.4375,16.2083333333333,16.4583333333333
"TER-PRIBS-T27",2024-05-05,14.8958333333333,15.7916666666667,16.0833333333333
"TER-PRIBS-T27",2024-05-06,16.5,16.9166666666667,16.9791666666667
"TER-PRIBS-T27",2024-05-07,15.875,16.2916666666667,16.4791666666667
"TER-PRIBS-T27",2024-05-08,15.0625,15.2083333333333,15.2083333333333
"TER-PRIBS-T27",2024-05-09,14.5416666666667,15.2291666666667,15.5
"TER-PRIBS-T27",2024-05-10,14.9166666666667,16.125,16.3333333333333
"TER-PRIBS-T27",2024-05-11,16,16.9166666666667,16.9583333333333
"TER-PRIBS-T27",2024-05-12,16.0833333333333,16.8125,16.9166666666667
"TER-PRIBS-T27",2024-05-13,15.25,15.6041666666667,15.6875
"TER-PRIBS-T27",2024-05-14,13.1875,13.9166666666667,13.9375
"TER-PRIBS-T27",2024-05-15,13.8541666666667,14.1875,14.2083333333333
"TER-PRIBS-T27",2024-05-16,14.3541666666667,14.4583333333333,14.3958333333333
"TER-PRIBS-T27",2024-05-17,13.3541666666667,13.9375,14.0833333333333
"TER-PRIBS-T27",2024-05-18,12.6666666666667,13.5625,13.7291666666667
"TER-PRIBS-T27",2024-05-19,13.6458333333333,14.6875,14.8333333333333
"TER-PRIBS-T27",2024-05-20,15.8125,16.7083333333333,16.7916666666667
"TER-PRIBS-T27",2024-05-21,16.125,16.5,16.5
"TER-PRIBS-T27",2024-05-22,16.6666666666667,17.5208333333333,17.7083333333333
"TER-PRIBS-T27",2024-05-23,17.5208333333333,17.7708333333333,17.7916666666667
"TER-PRIBS-T27",2024-05-24,16.3958333333333,16.5625,16.6041666666667
"TER-PRIBS-T27",2024-05-25,14.6666666666667,15.6041666666667,15.7708333333333
"TER-PRIBS-T27",2024-05-26,14.3125,15.125,15.2708333333333
"TER-PRIBS-T27",2024-05-27,16.375,17.75,17.8333333333333
"TER-PRIBS-T27",2024-05-28,17.2916666666667,18.3333333333333,18.3958333333333
"TER-PRIBS-T27",2024-05-29,17.8125,17.9375,17.9166666666667
"TER-PRIBS-T27",2024-05-30,16.375,16.875,17
"TER-PRIBS-T27",2024-05-31,15.5,15.9583333333333,15.875
"TER-PRIBS-T27",2024-06-01,15.6458333333333,16.7916666666667,17.0208333333333
"TER-PRIBS-T27",2024-06-02,16.0416666666667,16.4583333333333,16.6041666666667
"TER-PRIBS-T27",2024-06-03,15.5416666666667,15.5,15.4791666666667
"TER-PRIBS-T27",2024-06-04,15.2916666666667,15.625,15.9166666666667
"TER-PRIBS-T27",2024-06-05,14.6666666666667,14.7291666666667,14.7083333333333
"TER-PRIBS-T27",2024-06-06,14.5208333333333,15.5625,15.8333333333333
"TER-PRIBS-T27",2024-06-07,15.3541666666667,15.8958333333333,16.0208333333333
"TER-PRIBS-T27",2024-06-08,15.9375,16.4375,16.5416666666667
"TER-PRIBS-T27",2024-06-09,16.2291666666667,17.0208333333333,17.1666666666667
"TER-PRIBS-T27",2024-06-10,15.8958333333333,16.4583333333333,16.5416666666667
"TER-PRIBS-T27",2024-06-11,15.6666666666667,16.3541666666667,16.4166666666667
"TER-PRIBS-T27",2024-06-12,16.7708333333333,17.7708333333333,17.8541666666667
"TER-PRIBS-T27",2024-06-13,18.4583333333333,18.9375,18.9375
"TER-PRIBS-T27",2024-06-14,16.7291666666667,17.25,17.375
"TER-PRIBS-T27",2024-06-15,16.9375,18.1666666666667,18.1875
"TER-PRIBS-T27",2024-06-16,18.3958333333333,19.1666666666667,19.2291666666667
"TER-PRIBS-T27",2024-06-17,17.25,17.8541666666667,17.8958333333333
"TER-PRIBS-T27",2024-06-18,16.1458333333333,16.7708333333333,16.8125
"TER-PRIBS-T27",2024-06-19,15.6666666666667,16.2083333333333,16.2083333333333
"TER-PRIBS-T27",2024-06-20,16.1875,17.1041666666667,17.1458333333333
"TER-PRIBS-T27",2024-06-21,17.0416666666667,18.1041666666667,18.3541666666667
"TER-PRIBS-T27",2024-06-22,17.9375,18.875,17.9791666666667
"TER-PRIBS-T27",2024-06-23,18.7083333333333,19.5625,17.6875
"TER-PRIBS-T27",2024-06-24,17.6666666666667,17.7708333333333,17.5833333333333
"TER-PRIBS-T27",2024-06-25,16.2083333333333,17.0416666666667,16.5208333333333
"TER-PRIBS-T27",2024-06-26,NA,NA,NA
"TER-PRIBS-T27",2024-06-27,19.2083333333333,19.3333333333333,19.4166666666667
"TER-PRIBS-T27",2024-06-28,18.9375,19.1875,19.3125
"TER-PRIBS-T27",2024-06-29,18.9375,19.25,19.2708333333333
"TER-PRIBS-T27",2024-06-30,18.375,18.7083333333333,18.7291666666667
"TER-PRIBS-T27",2024-07-01,19.0208333333333,19.125,19.2083333333333
"TER-PRIBS-T27",2024-07-02,20.1458333333333,20.4791666666667,20.5833333333333
"TER-PRIBS-T27",2024-07-03,19.6666666666667,19.8541666666667,19.75
"TER-PRIBS-T27",2024-07-04,18.375,18.4375,18.5
"TER-PRIBS-T27",2024-07-05,18.5833333333333,18.6666666666667,18.625
"TER-PRIBS-T27",2024-07-06,20.4375,20.6458333333333,20.7083333333333
"TER-PRIBS-T27",2024-07-07,21.3958333333333,21.75,21.7916666666667
"TER-PRIBS-T27",2024-07-08,21.4375,21.7083333333333,21.7708333333333
"TER-PRIBS-T27",2024-07-09,22.2916666666667,22.6875,22.8541666666667
"TER-PRIBS-T27",2024-07-10,20.8333333333333,20.8958333333333,20.9166666666667
"TER-PRIBS-T27",2024-07-11,19.6041666666667,19.6875,19.6666666666667
"TER-PRIBS-T27",2024-07-12,20.4166666666667,20.9791666666667,21.0416666666667
"TER-PRIBS-T27",2024-07-13,19.4166666666667,19.875,20.0416666666667
"TER-PRIBS-T27",2024-07-14,19.1041666666667,19.6666666666667,19.7083333333333
"TER-PRIBS-T27",2024-07-15,20.6666666666667,21.25,21.3333333333333
"TER-PRIBS-T27",2024-07-16,21.6666666666667,22.375,22.4791666666667
"TER-PRIBS-T27",2024-07-17,19.6041666666667,19.7708333333333,19.7083333333333
"TER-PRIBS-T27",2024-07-18,18.875,19.0208333333333,19.2291666666667
"TER-PRIBS-T27",2024-07-19,19.7916666666667,20.0625,20.3541666666667
"TER-PRIBS-T27",2024-07-20,21.7708333333333,22.2083333333333,22.4791666666667
"TER-PRIBS-T27",2024-07-21,21.7291666666667,21.9375,22.0208333333333
"TER-PRIBS-T27",2024-07-22,20.5416666666667,20.8333333333333,20.8125
"TER-PRIBS-T27",2024-07-23,20.8125,20.9375,21.0208333333333
"TER-PRIBS-T27",2024-07-24,20.4791666666667,20.5833333333333,20.6666666666667
"TER-PRIBS-T27",2024-07-25,21.4791666666667,21.8541666666667,22.0833333333333
"TER-PRIBS-T27",2024-07-26,22.8541666666667,23.375,23.375
"TER-PRIBS-T27",2024-07-27,21.7916666666667,21.7291666666667,22.0208333333333
"TER-PRIBS-T27",2024-07-28,22.3125,22.6458333333333,22.8958333333333
"TER-PRIBS-T27",2024-07-29,22.3958333333333,22.6666666666667,22.8333333333333
"TER-PRIBS-T27",2024-07-30,20.9583333333333,21.0833333333333,21.3125
"TER-PRIBS-T27",2024-07-31,20.4583333333333,20.7291666666667,20.9583333333333
"TER-PRIBS-T27",2024-08-01,21.0208333333333,21.5,21.6041666666667
"TER-PRIBS-T27",2024-08-02,20.6666666666667,20.8958333333333,20.9583333333333
"TER-PRIBS-T27",2024-08-03,20.6041666666667,20.8958333333333,21.125
"TER-PRIBS-T27",2024-08-04,22.2291666666667,22.8541666666667,23.125
"TER-PRIBS-T27",2024-08-05,22.9583333333333,23.6458333333333,23.9375
"TER-PRIBS-T27",2024-08-06,21.5625,21.7916666666667,21.8541666666667
"TER-PRIBS-T27",2024-08-07,20.5,20.7083333333333,20.75
"TER-PRIBS-T27",2024-08-08,21.0625,21.2708333333333,21.375
"TER-PRIBS-T27",2024-08-09,20.625,20.9166666666667,21
"TER-PRIBS-T27",2024-08-10,21.7708333333333,22.2708333333333,22.375
"TER-PRIBS-T27",2024-08-11,19.5625,20.1041666666667,20.3125
"TER-PRIBS-T27",2024-08-12,19.4375,19.8541666666667,20.0208333333333
"TER-PRIBS-T27",2024-08-13,22.4791666666667,22.9166666666667,22.9583333333333
"TER-PRIBS-T27",2024-08-14,22.7916666666667,23,23.1875
"TER-PRIBS-T27",2024-08-15,22.3333333333333,22.3333333333333,22.3125
"TER-PRIBS-T27",2024-08-16,22.1875,22.1666666666667,22.1875
"TER-PRIBS-T27",2024-08-17,21.8541666666667,22,22
"TER-PRIBS-T27",2024-08-18,21.3958333333333,21.4583333333333,21.5208333333333
"TER-PRIBS-T27",2024-08-19,22.5208333333333,22.7708333333333,22.875
"TER-PRIBS-T27",2024-08-20,21.375,21.375,21.3958333333333
"TER-PRIBS-T27",2024-08-21,20.75,21.1875,21.3125
"TER-PRIBS-T27",2024-08-22,21.5208333333333,22.2083333333333,22.4791666666667
"TER-PRIBS-T27",2024-08-23,22.8333333333333,23.4375,23.5625
"TER-PRIBS-T27",2024-08-24,20.2291666666667,20.5,20.5416666666667
"TER-PRIBS-T27",2024-08-25,20.4166666666667,21.0625,21.2291666666667
"TER-PRIBS-T27",2024-08-26,22.4166666666667,23.1458333333333,23.25
"TER-PRIBS-T27",2024-08-27,20,20.3333333333333,20.4166666666667
"TER-PRIBS-T27",2024-08-28,19.8333333333333,20.1666666666667,20.2291666666667
"TER-PRIBS-T27",2024-08-29,19.75,20.0416666666667,20.25
"TER-PRIBS-T27",2024-08-30,21.5208333333333,22.3333333333333,22.5416666666667
"TER-PRIBS-T27",2024-08-31,22.3333333333333,23.0208333333333,23.0833333333333
"TER-PRIBS-T27",2024-09-01,19.375,19.7708333333333,19.9375
"TER-PRIBS-T27",2024-09-02,18.875,19.5625,19.6875
"TER-PRIBS-T27",2024-09-03,19.2916666666667,19.9583333333333,20.1875
"TER-PRIBS-T27",2024-09-04,19.2708333333333,19.8125,19.9375
"TER-PRIBS-T27",2024-09-05,19.3125,19.8333333333333,19.9583333333333
"TER-PRIBS-T27",2024-09-06,19.0833333333333,19.5833333333333,19.7083333333333
"TER-PRIBS-T27",2024-09-07,18.8541666666667,19.0416666666667,19.1666666666667
"TER-PRIBS-T27",2024-09-08,18.8333333333333,19,19.0625
"TER-PRIBS-T27",2024-09-09,17.8958333333333,18.3541666666667,18.4375
"TER-PRIBS-T27",2024-09-10,18.3958333333333,18.4791666666667,18.5
"TER-PRIBS-T27",2024-09-11,18.6875,19.3333333333333,19.4375
"TER-PRIBS-T27",2024-09-12,18.8125,19.5833333333333,19.7708333333333
"TER-PRIBS-T27",2024-09-13,19.4166666666667,20.1041666666667,20.3541666666667
"TER-PRIBS-T27",2024-09-14,19.1666666666667,19.625,19.8541666666667
"TER-PRIBS-T27",2024-09-15,19.6041666666667,20.2708333333333,20.4583333333333
"TER-PRIBS-T27",2024-09-16,19.2291666666667,19.625,19.6458333333333
"TER-PRIBS-T27",2024-09-17,19.6875,20.4166666666667,20.4166666666667
"TER-PRIBS-T27",2024-09-18,18.375,18.7708333333333,18.9166666666667
"TER-PRIBS-T27",2024-09-19,18.1458333333333,18.5833333333333,18.7916666666667
"TER-PRIBS-T27",2024-09-20,18.2083333333333,18.3541666666667,18.3958333333333
"TER-PRIBS-T27",2024-09-21,17.6875,18.1875,18.3541666666667
"TER-PRIBS-T27",2024-09-22,19.5625,20.2291666666667,20.375
"TER-PRIBS-T27",2024-09-23,20.5416666666667,21.6666666666667,21.9375
"TER-PRIBS-T27",2024-09-24,22.1875,23.1041666666667,23.1875
"TER-PRIBS-T27",2024-09-25,21.1666666666667,21.3958333333333,21.2708333333333
"TER-PRIBS-T27",2024-09-26,NA,NA,NA
"TER-PRIBS-T27",2024-09-27,20.7083333333333,21.5,21.6666666666667
"TER-PRIBS-T27",2024-09-28,21.1041666666667,21.6041666666667,21.6458333333333
"TER-PRIBS-T27",2024-09-29,21.1666666666667,21.7291666666667,21.8333333333333
"TER-PRIBS-T27",2024-09-30,22.0833333333333,23.0208333333333,23.3541666666667
"TER-PRIBS-T27",2024-10-01,22.7916666666667,23.4583333333333,23.5833333333333
"TER-PRIBS-T27",2024-10-02,22.8333333333333,23.4166666666667,23.3958333333333
"TER-PRIBS-T27",2024-10-03,23.0416666666667,23.5625,23.6458333333333
"TER-PRIBS-T27",2024-10-04,21.5208333333333,21.75,21.7291666666667
"TER-PRIBS-T27",2024-10-05,18.5833333333333,18.8125,18.9791666666667
"TER-PRIBS-T27",2024-10-06,16.4791666666667,17.125,17.25
"TER-PRIBS-T27",2024-10-07,18.1666666666667,18.5625,18.6458333333333
"TER-PRIBS-T27",2024-10-08,20.4166666666667,21,21.2291666666667
"TER-PRIBS-T27",2024-10-09,19.625,20.0416666666667,20.25
"TER-PRIBS-T27",2024-10-10,18.2916666666667,18.4791666666667,18.5
"TER-PRIBS-T27",2024-10-11,15.625,16.3125,16.4583333333333
"TER-PRIBS-T27",2024-10-12,17.1041666666667,17.5833333333333,17.7083333333333
"TER-PRIBS-T27",2024-10-13,19.0208333333333,19.2291666666667,19.1666666666667
"TER-PRIBS-T27",2024-10-14,17.9791666666667,17.9375,17.9166666666667
"TER-PRIBS-T27",2024-10-15,16.25,17.0416666666667,17.25
"TER-PRIBS-T27",2024-10-16,15.1041666666667,16.25,16.4166666666667
"TER-PRIBS-T27",2024-10-17,15.7083333333333,16.3333333333333,16.5416666666667
"TER-PRIBS-T27",2024-10-18,17.7291666666667,18.75,18.9375
"TER-PRIBS-T27",2024-10-19,18.6041666666667,19.5,19.5833333333333
"TER-PRIBS-T27",2024-10-20,15.375,14.9166666666667,15.0625
"TER-PRIBS-T27",2024-10-21,13.8958333333333,13.7291666666667,13.8541666666667
"TER-PRIBS-T27",2024-10-22,15.6041666666667,16.4791666666667,16.7916666666667
"TER-PRIBS-T27",2024-10-23,18.1666666666667,18.3541666666667,18.3958333333333
"TER-PRIBS-T27",2024-10-24,13.9166666666667,14.6666666666667,15.0208333333333
"TER-PRIBS-T27",2024-10-25,14.0416666666667,14.3958333333333,14.6458333333333
"TER-PRIBS-T27",2024-10-26,14.7083333333333,14.8125,14.9583333333333
"TER-PRIBS-T27",2024-10-27,15.25,15.375,15.4375
"TER-PRIBS-T27",2024-10-28,15.1041666666667,15.4166666666667,15.5
"TER-PRIBS-T27",2024-10-29,15.5833333333333,15.5625,15.6041666666667
"TER-PRIBS-T27",2024-10-30,16.4791666666667,16.4791666666667,16.6041666666667
"TER-PRIBS-T27",2024-10-31,17.0208333333333,17.6458333333333,17.9375
"TER-PRIBS-T27",2024-11-01,18.6458333333333,18.7291666666667,18.7708333333333
"TER-PRIBS-T27",2024-11-02,16.9375,16.9375,17.2083333333333
"TER-PRIBS-T27",2024-11-03,16.8125,16.7083333333333,16.7916666666667
"TER-PRIBS-T27",2024-11-04,16.4166666666667,16.75,17.0625
"TER-PRIBS-T27",2024-11-05,16.875,17.2291666666667,17.3333333333333
"TER-PRIBS-T27",2024-11-06,13.6041666666667,13.0833333333333,13.25
"TER-PRIBS-T27",2024-11-07,13.3541666666667,13.6875,13.8541666666667
"TER-PRIBS-T27",2024-11-08,16.8541666666667,17.6458333333333,17.9583333333333
"TER-PRIBS-T27",2024-11-09,17.8333333333333,18.9791666666667,19.25
"TER-PRIBS-T27",2024-11-10,17.4791666666667,18.1458333333333,18.3333333333333
"TER-PRIBS-T27",2024-11-11,17.5833333333333,18.9166666666667,19.0416666666667
"TER-PRIBS-T27",2024-11-12,18.2916666666667,18.5625,18.5625
"TER-PRIBS-T27",2024-11-13,17.0833333333333,16.9375,17
"TER-PRIBS-T27",2024-11-14,14.8958333333333,15,15.0833333333333
"TER-PRIBS-T27",2024-11-15,14.0625,14.5416666666667,14.7083333333333
"TER-PRIBS-T27",2024-11-16,14.375,15.2083333333333,15.375
"TER-PRIBS-T27",2024-11-17,14.75,15.5625,15.5833333333333
"TER-PRIBS-T27",2024-11-18,15.6458333333333,15.8958333333333,15.875
"TER-PRIBS-T27",2024-11-19,15.5416666666667,15.5208333333333,15.6041666666667
"TER-PRIBS-T27",2024-11-20,15.3125,15.6875,15.9166666666667
"TER-PRIBS-T27",2024-11-21,15.9791666666667,16.7291666666667,16.8541666666667
"TER-PRIBS-T27",2024-11-22,17.2083333333333,17.8541666666667,18.0208333333333
"TER-PRIBS-T27",2024-11-23,15.8125,15.875,16.0416666666667
"TER-PRIBS-T27",2024-11-24,12.3125,12.8333333333333,13.1041666666667
"TER-PRIBS-T27",2024-11-25,14.25,14.875,15.0416666666667
"TER-PRIBS-T27",2024-11-26,16.2083333333333,17.2291666666667,17.3958333333333
"TER-PRIBS-T27",2024-11-27,15.3125,15.4791666666667,15.7916666666667
"TER-PRIBS-T27",2024-11-28,14.2291666666667,15.0416666666667,15.375
"TER-PRIBS-T27",2024-11-29,14.25,14.7708333333333,15.0416666666667
"TER-PRIBS-T27",2024-11-30,13.1041666666667,12.8125,13
"TER-PRIBS-T27",2024-12-01,14.3125,14.5625,14.8333333333333
"TER-PRIBS-T27",2024-12-02,15.8958333333333,16.0833333333333,16.1875
"TER-PRIBS-T27",2024-12-03,14.7916666666667,14.4375,14.6458333333333
"TER-PRIBS-T27",2024-12-04,15.0625,15.6041666666667,16.0208333333333
"TER-PRIBS-T27",2024-12-05,15.3333333333333,16,16.2291666666667
"TER-PRIBS-T27",2024-12-06,16.0208333333333,16.875,17.0416666666667
"TER-PRIBS-T27",2024-12-07,15.5833333333333,15.5,15.8125
"TER-PRIBS-T27",2024-12-08,15.5625,15.7083333333333,15.9583333333333
"TER-PRIBS-T27",2024-12-09,14.6041666666667,14.5625,14.6666666666667
"TER-PRIBS-T27",2024-12-10,14.2916666666667,14.5,14.625
"TER-PRIBS-T27",2024-12-11,14.7708333333333,14.6458333333333,14.7291666666667
"TER-PRIBS-T27",2024-12-12,13.2291666666667,12.375,12.3333333333333
"TER-PRIBS-T27",2024-12-13,12.3333333333333,11.8541666666667,12.0208333333333
"TER-PRIBS-T27",2024-12-14,12.0833333333333,12.5,12.9166666666667
"TER-PRIBS-T27",2024-12-15,13.375,13.7916666666667,13.9375
"TER-PRIBS-T27",2024-12-16,14.3125,14.0833333333333,14.2708333333333
"TER-PRIBS-T27",2024-12-17,13.1458333333333,13.7916666666667,14.1458333333333
"TER-PRIBS-T27",2024-12-18,12.5833333333333,12.4166666666667,12.4791666666667
"TER-PRIBS-T27",2024-12-19,11.8541666666667,10.9375,10.9375
"TER-PRIBS-T27",2024-12-20,11.3541666666667,10.4583333333333,10.6458333333333
"TER-PRIBS-T27",2024-12-21,12.1458333333333,11.7083333333333,12.0625
"TER-PRIBS-T27",2024-12-22,12.2916666666667,11.9375,12.1875
"TER-PRIBS-T27",2024-12-23,12.8125,12.5416666666667,12.7291666666667
"TER-PRIBS-T27",2024-12-24,12.6875,12.5,12.7083333333333
"TER-PRIBS-T27",2024-12-25,12.5416666666667,12.2083333333333,12.4166666666667
"TER-PRIBS-T27",2024-12-26,13.375,13.4583333333333,13.6041666666667
"TER-PRIBS-T27",2024-12-27,14.0625,14.4375,14.6875
"TER-PRIBS-T27",2024-12-28,13.9166666666667,14.3125,14.625
"TER-PRIBS-T27",2024-12-29,13.5,13.5416666666667,13.7083333333333
"TER-PRIBS-T27",2024-12-30,13.7916666666667,14.7083333333333,14.8541666666667
"TER-PRIBS-T27",2024-12-31,15.0208333333333,16.0208333333333,16.2708333333333
"TER-PRIBS-T27",2025-01-01,16.25,16.3541666666667,16.5208333333333
"TER-PRIBS-T27",2025-01-02,16.125,16.7291666666667,17.0625
"TER-PRIBS-T27",2025-01-03,16.0625,16.0208333333333,16.1666666666667
"TER-PRIBS-T27",2025-01-04,14.7708333333333,14.4166666666667,14.6041666666667
"TER-PRIBS-T27",2025-01-05,13.8958333333333,13.9375,14.4166666666667
"TER-PRIBS-T27",2025-01-06,15.6041666666667,16.2708333333333,16.4791666666667
"TER-PRIBS-T27",2025-01-07,14.2291666666667,14.0833333333333,14.4375
"TER-PRIBS-T27",2025-01-08,14.25,14.8333333333333,14.9791666666667
"TER-PRIBS-T27",2025-01-09,16.3958333333333,16.875,16.9166666666667
"TER-PRIBS-T27",2025-01-10,16.6041666666667,16.6458333333333,16.7291666666667
"TER-PRIBS-T27",2025-01-11,16.3958333333333,16.8125,16.8958333333333
"TER-PRIBS-T27",2025-01-12,15.375,15.375,15.6458333333333
"TER-PRIBS-T27",2025-01-13,15.7291666666667,16.2291666666667,16.375
"TER-PRIBS-T27",2025-01-14,15.9583333333333,16.4583333333333,16.5625
"TER-PRIBS-T27",2025-01-15,15.6458333333333,16.2916666666667,16.4791666666667
"TER-PRIBS-T27",2025-01-16,16.375,16.5,16.5208333333333
"TER-PRIBS-T27",2025-01-17,15.875,15.4166666666667,15.5208333333333
"TER-PRIBS-T27",2025-01-18,13.2916666666667,11.8333333333333,12.0416666666667
"TER-PRIBS-T27",2025-01-19,12.6458333333333,12.3958333333333,12.6041666666667
"TER-PRIBS-T27",2025-01-20,12.0625,12,12.1458333333333
"TER-PRIBS-T27",2025-01-21,11.3958333333333,11.6041666666667,11.875
"TER-PRIBS-T27",2025-01-22,10.5208333333333,10.6458333333333,10.8125
"TER-PRIBS-T27",2025-01-23,13.1458333333333,14.1875,14.3958333333333
"TER-PRIBS-T27",2025-01-24,12.6875,12.0833333333333,12.2916666666667
"TER-PRIBS-T27",2025-01-25,12.9791666666667,13,13.3541666666667
"TER-PRIBS-T27",2025-01-26,13.25,13.1666666666667,13.4583333333333
"TER-PRIBS-T27",2025-01-27,11.2291666666667,11.625,11.9166666666667
"TER-PRIBS-T27",2025-01-28,12.7083333333333,13.8125,14.1041666666667
"TER-PRIBS-T27",2025-01-29,13.2083333333333,12.9375,13.1666666666667
"TER-PRIBS-T27",2025-01-30,13.5833333333333,14.25,14.3958333333333
"TER-PRIBS-T27",2025-01-31,14.375,15.0833333333333,15.1666666666667
"TER-PRIBS-T27",2025-02-01,13.8125,13.0416666666667,13.1875
"TER-PRIBS-T27",2025-02-02,12.8958333333333,12.75,12.8541666666667
"TER-PRIBS-T27",2025-02-03,14.4166666666667,14.3333333333333,14.3958333333333
"TER-PRIBS-T27",2025-02-04,12.2083333333333,11.25,11.1875
"TER-PRIBS-T27",2025-02-05,14.9583333333333,15.4583333333333,15.7291666666667
"TER-PRIBS-T27",2025-02-06,14.8333333333333,15.5625,15.8958333333333
"TER-PRIBS-T27",2025-02-07,14.6875,14.625,14.7291666666667
"TER-PRIBS-T27",2025-02-08,12.375,12,11.9375
"TER-PRIBS-T27",2025-02-09,12.625,12.5833333333333,12.6041666666667
"TER-PRIBS-T27",2025-02-10,12.9583333333333,12.375,12.3333333333333
"TER-PRIBS-T27",2025-02-11,13.6875,14.1875,14.5416666666667
"TER-PRIBS-T27",2025-02-12,NA,NA,NA
"TER-PRIBS-T27",2025-02-13,NA,NA,NA
"TER-PRIBS-T27",2025-02-14,NA,NA,NA
"TER-PRIBS-T27",2025-02-15,NA,NA,NA
"TER-PRIBS-T27",2025-02-16,NA,NA,NA
"TER-PRIBS-T27",2025-02-17,NA,NA,NA
"TER-PRIBS-T27",2025-02-18,NA,NA,NA
"TER-PRIBS-T27",2025-02-19,NA,NA,NA
"TER-PRIBS-T27",2025-02-20,NA,NA,NA
"TER-PRIBS-T27",2025-02-21,NA,NA,NA
"TER-PRIBS-T27",2025-02-22,NA,NA,NA
"TER-PRIBS-T27",2025-02-23,NA,NA,NA
"TER-PRIBS-T27",2025-02-24,NA,NA,NA
"TER-PRIBS-T27",2025-02-25,NA,NA,NA
"TER-PRIBS-T27",2025-02-26,NA,NA,NA
"TER-PRIBS-T27",2025-02-27,NA,NA,NA
"TER-PRIBS-T27",2025-02-28,NA,NA,NA
"TER-PRIBS-T27",2025-03-01,NA,NA,NA
"TER-PRIBS-T27",2025-03-02,NA,NA,NA
"TER-PRIBS-T27",2025-03-03,NA,NA,NA
"TER-PRIBS-T27",2025-03-04,NA,NA,NA
"TER-PRIBS-T27",2025-03-05,NA,NA,NA
"TER-PRIBS-T27",2025-03-06,NA,NA,NA
"TER-PRIBS-T27",2025-03-07,NA,NA,NA
"TER-PRIBS-T27",2025-03-08,NA,NA,NA
"TER-PRIBS-T27",2025-03-09,NA,NA,NA
"TER-PRIBS-T27",2025-03-10,NA,NA,NA
"TER-PRIBS-T27",2025-03-11,NA,NA,NA
"TER-PRIBS-T27",2025-03-12,NA,NA,NA
"TER-PRIBS-T27",2025-03-13,NA,NA,NA
"TER-PRIBS-T27",2025-03-14,NA,NA,NA
"TER-PRIBS-T27",2025-03-15,NA,NA,NA
"TER-PRIBS-T27",2025-03-16,NA,NA,NA
"TER-PRIBS-T27",2025-03-17,NA,NA,NA
"TER-PRIBS-T27",2025-03-18,NA,NA,NA
"TER-PRIBS-T27",2025-03-19,NA,NA,NA
"TER-PRIBS-T27",2025-03-20,NA,NA,NA
"TER-PRIBS-T27",2025-03-21,NA,NA,NA
"TER-PRIBS-T27",2025-03-22,NA,NA,NA
"TER-PRIBS-T27",2025-03-23,NA,NA,NA
"TER-PRIBS-T27",2025-03-24,NA,NA,NA
"TER-PRIBS-T27",2025-03-25,NA,NA,NA
"TER-PRIBS-T27",2025-03-26,NA,NA,NA
"TER-PRIBS-T27",2025-03-27,NA,NA,NA
"TER-PRIBS-T27",2025-03-28,NA,NA,NA
"TER-PRIBS-T27",2025-03-29,NA,NA,NA
"TER-PRIBS-T27",2025-03-30,NA,NA,NA
"TER-PRIBS-T27",2025-03-31,NA,NA,NA
"TER-PRIBS-T27",2025-04-01,NA,NA,NA
"TER-PRIBS-T27",2025-04-02,NA,NA,NA
"TER-PRIBS-T27",2025-04-03,NA,NA,NA
"TER-PRIBS-T27",2025-04-04,NA,NA,NA
"TER-PRIBS-T27",2025-04-05,NA,NA,NA
"TER-PRIBS-T27",2025-04-06,NA,NA,NA
"TER-PRIBS-T27",2025-04-07,NA,NA,NA
"TER-PRIBS-T27",2025-04-08,NA,NA,NA
"TER-PRIBS-T27",2025-04-09,NA,NA,NA
"TER-PRIBS-T27",2025-04-10,NA,NA,NA
"TER-PRIBS-T27",2025-04-11,NA,NA,NA
"TER-PRIBS-T27",2025-04-12,NA,NA,NA
"TER-PRIBS-T27",2025-04-13,NA,NA,NA
"TER-PRIBS-T27",2025-04-14,NA,NA,NA
"TER-PRIBS-T27",2025-04-15,NA,NA,NA
"TER-PRIBS-T27",2025-04-16,NA,NA,NA
"TER-PRIBS-T27",2025-04-17,NA,NA,NA
"TER-PRIBS-T27",2025-04-18,NA,NA,NA
"TER-PRIBS-T27",2025-04-19,NA,NA,NA
"TER-PRIBS-T27",2025-04-20,NA,NA,NA
"TER-PRIBS-T27",2025-04-21,NA,NA,NA
"TER-PRIBS-T27",2025-04-22,NA,NA,NA
"TER-PRIBS-T27",2025-04-23,NA,NA,NA
"TER-PRIBS-T27",2025-04-24,NA,NA,NA
"TER-PRIBS-T27",2025-04-25,NA,NA,NA
"TER-PRIBS-T27",2025-04-26,NA,NA,NA
"TER-PRIBS-T27",2025-04-27,NA,NA,NA
"TER-PRIBS-T27",2025-04-28,NA,NA,NA
"TER-PRIBS-T27",2025-04-29,NA,NA,NA
"TER-PRIBS-T27",2025-04-30,NA,NA,NA
"TER-PRIBS-T27",2025-05-01,NA,NA,NA
"TER-PRIBS-T27",2025-05-02,NA,NA,NA
"TER-PRIBS-T27",2025-05-03,NA,NA,NA
"TER-PRIBS-T27",2025-05-04,NA,NA,NA
"TER-PRIBS-T27",2025-05-05,NA,NA,NA
"TER-PRIBS-T27",2025-05-06,NA,NA,NA
"TER-PRIBS-T27",2025-05-07,NA,NA,NA
"TER-PRIBS-T27",2025-05-08,NA,NA,NA
"TER-PRIBS-T27",2025-05-09,NA,NA,NA
"TER-PRIBS-T27",2025-05-10,NA,NA,NA
"TER-PRIBS-T27",2025-05-11,NA,NA,NA
"TER-PRIBS-T27",2025-05-12,NA,NA,NA
"TER-PRIBS-T27",2025-05-13,NA,NA,NA
"TER-PRIBS-T27",2025-05-14,NA,NA,NA
"TER-PRIBS-T27",2025-05-15,NA,NA,NA
"TER-PRIBS-T27",2025-05-16,NA,NA,NA
"TER-PRIBS-T27",2025-05-17,NA,NA,NA
"TER-PRIBS-T27",2025-05-18,NA,NA,NA
"TER-PRIBS-T27",2025-05-19,NA,NA,NA
"TER-PRIBS-T27",2025-05-20,NA,NA,NA
"TER-PRIBS-T27",2025-05-21,NA,NA,NA
"TER-PRIBS-T27",2025-05-22,NA,NA,NA
"TER-PRIBS-T27",2025-05-23,NA,NA,NA
"TER-PRIBS-T27",2025-05-24,NA,NA,NA
"TER-PRIBS-T27",2025-05-25,NA,NA,NA
"TER-PRIBS-T27",2025-05-26,NA,NA,NA
"TER-PRIBS-T27",2025-05-27,NA,NA,NA
"TER-PRIBS-T27",2025-05-28,NA,NA,NA
"TER-PRIBS-T27",2025-05-29,NA,NA,NA
"TER-PRIBS-T27",2025-05-30,NA,NA,NA
"TER-PRIBS-T27",2025-05-31,NA,NA,NA
"TER-PRIBS-T27",2025-06-01,NA,NA,NA
"TER-PRIBS-T27",2025-06-02,NA,NA,NA
"TER-PRIBS-T27",2025-06-03,NA,NA,NA
"TER-PRIBS-T27",2025-06-04,NA,NA,NA
"TER-PRIBS-T27",2025-06-05,NA,NA,NA
"TER-PRIBS-T27",2025-06-06,NA,NA,NA
"TER-PRIBS-T27",2025-06-07,NA,NA,NA
"TER-PRIBS-T27",2025-06-08,NA,NA,NA
"TER-PRIBS-T27",2025-06-09,NA,NA,NA
"TER-PRIBS-T27",2025-06-10,NA,NA,NA
"TER-PRIBS-T27",2025-06-11,NA,NA,NA
"TER-PRIBS-T27",2025-06-12,NA,NA,NA
"TER-PRIBS-T28",2023-08-09,NA,NA,NA
"TER-PRIBS-T28",2023-08-10,NA,NA,NA
"TER-PRIBS-T28",2023-08-11,NA,NA,NA
"TER-PRIBS-T28",2023-08-12,NA,NA,NA
"TER-PRIBS-T28",2023-08-13,NA,NA,NA
"TER-PRIBS-T28",2023-08-14,NA,NA,NA
"TER-PRIBS-T28",2023-08-15,NA,NA,NA
"TER-PRIBS-T28",2023-08-16,NA,NA,NA
"TER-PRIBS-T28",2023-08-17,NA,NA,NA
"TER-PRIBS-T28",2023-08-18,NA,NA,NA
"TER-PRIBS-T28",2023-08-19,NA,NA,NA
"TER-PRIBS-T28",2023-08-20,NA,NA,NA
"TER-PRIBS-T28",2023-08-21,NA,NA,NA
"TER-PRIBS-T28",2023-08-22,NA,NA,NA
"TER-PRIBS-T28",2023-08-23,NA,NA,NA
"TER-PRIBS-T28",2023-08-24,NA,NA,NA
"TER-PRIBS-T28",2023-08-25,NA,NA,NA
"TER-PRIBS-T28",2023-08-26,NA,NA,NA
"TER-PRIBS-T28",2023-08-27,NA,NA,NA
"TER-PRIBS-T28",2023-08-28,NA,NA,NA
"TER-PRIBS-T28",2023-08-29,NA,NA,NA
"TER-PRIBS-T28",2023-08-30,NA,NA,NA
"TER-PRIBS-T28",2023-08-31,NA,NA,NA
"TER-PRIBS-T28",2023-09-01,NA,NA,NA
"TER-PRIBS-T28",2023-09-02,NA,NA,NA
"TER-PRIBS-T28",2023-09-03,NA,NA,NA
"TER-PRIBS-T28",2023-09-04,NA,NA,NA
"TER-PRIBS-T28",2023-09-05,NA,NA,NA
"TER-PRIBS-T28",2023-09-06,NA,NA,NA
"TER-PRIBS-T28",2023-09-07,NA,NA,NA
"TER-PRIBS-T28",2023-09-08,NA,NA,NA
"TER-PRIBS-T28",2023-09-09,NA,NA,NA
"TER-PRIBS-T28",2023-09-10,NA,NA,NA
"TER-PRIBS-T28",2023-09-11,NA,NA,NA
"TER-PRIBS-T28",2023-09-12,NA,NA,NA
"TER-PRIBS-T28",2023-09-13,NA,NA,NA
"TER-PRIBS-T28",2023-09-14,NA,NA,NA
"TER-PRIBS-T28",2023-09-15,NA,NA,NA
"TER-PRIBS-T28",2023-09-16,NA,NA,NA
"TER-PRIBS-T28",2023-09-17,NA,NA,NA
"TER-PRIBS-T28",2023-09-18,NA,NA,NA
"TER-PRIBS-T28",2023-09-19,NA,NA,NA
"TER-PRIBS-T28",2023-09-20,NA,NA,NA
"TER-PRIBS-T28",2023-09-21,NA,NA,NA
"TER-PRIBS-T28",2023-09-22,NA,NA,NA
"TER-PRIBS-T28",2023-09-23,NA,NA,NA
"TER-PRIBS-T28",2023-09-24,NA,NA,NA
"TER-PRIBS-T28",2023-09-25,NA,NA,NA
"TER-PRIBS-T28",2023-09-26,NA,NA,NA
"TER-PRIBS-T28",2023-09-27,NA,NA,NA
"TER-PRIBS-T28",2023-09-28,NA,NA,NA
"TER-PRIBS-T28",2023-09-29,NA,NA,NA
"TER-PRIBS-T28",2023-09-30,NA,NA,NA
"TER-PRIBS-T28",2023-10-01,NA,NA,NA
"TER-PRIBS-T28",2023-10-02,NA,NA,NA
"TER-PRIBS-T28",2023-10-03,NA,NA,NA
"TER-PRIBS-T28",2023-10-04,NA,NA,NA
"TER-PRIBS-T28",2023-10-05,NA,NA,NA
"TER-PRIBS-T28",2023-10-06,NA,NA,NA
"TER-PRIBS-T28",2023-10-07,NA,NA,NA
"TER-PRIBS-T28",2023-10-08,NA,NA,NA
"TER-PRIBS-T28",2023-10-09,NA,NA,NA
"TER-PRIBS-T28",2023-10-10,NA,NA,NA
"TER-PRIBS-T28",2023-10-11,NA,NA,NA
"TER-PRIBS-T28",2023-10-12,NA,NA,NA
"TER-PRIBS-T28",2023-10-13,NA,NA,NA
"TER-PRIBS-T28",2023-10-14,NA,NA,NA
"TER-PRIBS-T28",2023-10-15,NA,NA,NA
"TER-PRIBS-T28",2023-10-16,NA,NA,NA
"TER-PRIBS-T28",2023-10-17,NA,NA,NA
"TER-PRIBS-T28",2023-10-18,NA,NA,NA
"TER-PRIBS-T28",2023-10-19,NA,NA,NA
"TER-PRIBS-T28",2023-10-20,NA,NA,NA
"TER-PRIBS-T28",2023-10-21,NA,NA,NA
"TER-PRIBS-T28",2023-10-22,NA,NA,NA
"TER-PRIBS-T28",2023-10-23,NA,NA,NA
"TER-PRIBS-T28",2023-10-24,NA,NA,NA
"TER-PRIBS-T28",2023-10-25,NA,NA,NA
"TER-PRIBS-T28",2023-10-26,NA,NA,NA
"TER-PRIBS-T28",2023-10-27,NA,NA,NA
"TER-PRIBS-T28",2023-10-28,NA,NA,NA
"TER-PRIBS-T28",2023-10-29,NA,NA,NA
"TER-PRIBS-T28",2023-10-30,NA,NA,NA
"TER-PRIBS-T28",2023-10-31,NA,NA,NA
"TER-PRIBS-T28",2023-11-01,NA,NA,NA
"TER-PRIBS-T28",2023-11-02,NA,NA,NA
"TER-PRIBS-T28",2023-11-03,NA,NA,NA
"TER-PRIBS-T28",2023-11-04,NA,NA,NA
"TER-PRIBS-T28",2023-11-05,NA,NA,NA
"TER-PRIBS-T28",2023-11-06,NA,NA,NA
"TER-PRIBS-T28",2023-11-07,NA,NA,NA
"TER-PRIBS-T28",2023-11-08,NA,NA,NA
"TER-PRIBS-T28",2023-11-09,NA,NA,NA
"TER-PRIBS-T28",2023-11-10,NA,NA,NA
"TER-PRIBS-T28",2023-11-11,NA,NA,NA
"TER-PRIBS-T28",2023-11-12,NA,NA,NA
"TER-PRIBS-T28",2023-11-13,NA,NA,NA
"TER-PRIBS-T28",2023-11-14,NA,NA,NA
"TER-PRIBS-T28",2023-11-15,NA,NA,NA
"TER-PRIBS-T28",2023-11-16,NA,NA,NA
"TER-PRIBS-T28",2023-11-17,NA,NA,NA
"TER-PRIBS-T28",2023-11-18,NA,NA,NA
"TER-PRIBS-T28",2023-11-19,NA,NA,NA
"TER-PRIBS-T28",2023-11-20,NA,NA,NA
"TER-PRIBS-T28",2023-11-21,NA,NA,NA
"TER-PRIBS-T28",2023-11-22,NA,NA,NA
"TER-PRIBS-T28",2023-11-23,NA,NA,NA
"TER-PRIBS-T28",2023-11-24,NA,NA,NA
"TER-PRIBS-T28",2023-11-25,NA,NA,NA
"TER-PRIBS-T28",2023-11-26,NA,NA,NA
"TER-PRIBS-T28",2023-11-27,NA,NA,NA
"TER-PRIBS-T28",2023-11-28,NA,NA,NA
"TER-PRIBS-T28",2023-11-29,NA,NA,NA
"TER-PRIBS-T28",2023-11-30,NA,NA,NA
"TER-PRIBS-T28",2023-12-01,NA,NA,NA
"TER-PRIBS-T28",2023-12-02,NA,NA,NA
"TER-PRIBS-T28",2023-12-03,NA,NA,NA
"TER-PRIBS-T28",2023-12-04,NA,NA,NA
"TER-PRIBS-T28",2023-12-05,NA,NA,NA
"TER-PRIBS-T28",2023-12-06,NA,NA,NA
"TER-PRIBS-T28",2023-12-07,NA,NA,NA
"TER-PRIBS-T28",2023-12-08,NA,NA,NA
"TER-PRIBS-T28",2023-12-09,NA,NA,NA
"TER-PRIBS-T28",2023-12-10,NA,NA,NA
"TER-PRIBS-T28",2023-12-11,NA,NA,NA
"TER-PRIBS-T28",2023-12-12,NA,NA,NA
"TER-PRIBS-T28",2023-12-13,NA,NA,NA
"TER-PRIBS-T28",2023-12-14,NA,NA,NA
"TER-PRIBS-T28",2023-12-15,NA,NA,NA
"TER-PRIBS-T28",2023-12-16,NA,NA,NA
"TER-PRIBS-T28",2023-12-17,NA,NA,NA
"TER-PRIBS-T28",2023-12-18,NA,NA,NA
"TER-PRIBS-T28",2023-12-19,NA,NA,NA
"TER-PRIBS-T28",2023-12-20,NA,NA,NA
"TER-PRIBS-T28",2023-12-21,NA,NA,NA
"TER-PRIBS-T28",2023-12-22,NA,NA,NA
"TER-PRIBS-T28",2023-12-23,NA,NA,NA
"TER-PRIBS-T28",2023-12-24,NA,NA,NA
"TER-PRIBS-T28",2023-12-25,NA,NA,NA
"TER-PRIBS-T28",2023-12-26,NA,NA,NA
"TER-PRIBS-T28",2023-12-27,NA,NA,NA
"TER-PRIBS-T28",2023-12-28,NA,NA,NA
"TER-PRIBS-T28",2023-12-29,NA,NA,NA
"TER-PRIBS-T28",2023-12-30,NA,NA,NA
"TER-PRIBS-T28",2023-12-31,NA,NA,NA
"TER-PRIBS-T28",2024-01-01,NA,NA,NA
"TER-PRIBS-T28",2024-01-02,NA,NA,NA
"TER-PRIBS-T28",2024-01-03,NA,NA,NA
"TER-PRIBS-T28",2024-01-04,NA,NA,NA
"TER-PRIBS-T28",2024-01-05,NA,NA,NA
"TER-PRIBS-T28",2024-01-06,NA,NA,NA
"TER-PRIBS-T28",2024-01-07,NA,NA,NA
"TER-PRIBS-T28",2024-01-08,NA,NA,NA
"TER-PRIBS-T28",2024-01-09,NA,NA,NA
"TER-PRIBS-T28",2024-01-10,NA,NA,NA
"TER-PRIBS-T28",2024-01-11,NA,NA,NA
"TER-PRIBS-T28",2024-01-12,NA,NA,NA
"TER-PRIBS-T28",2024-01-13,NA,NA,NA
"TER-PRIBS-T28",2024-01-14,NA,NA,NA
"TER-PRIBS-T28",2024-01-15,NA,NA,NA
"TER-PRIBS-T28",2024-01-16,NA,NA,NA
"TER-PRIBS-T28",2024-01-17,NA,NA,NA
"TER-PRIBS-T28",2024-01-18,NA,NA,NA
"TER-PRIBS-T28",2024-01-19,NA,NA,NA
"TER-PRIBS-T28",2024-01-20,NA,NA,NA
"TER-PRIBS-T28",2024-01-21,NA,NA,NA
"TER-PRIBS-T28",2024-01-22,NA,NA,NA
"TER-PRIBS-T28",2024-01-23,NA,NA,NA
"TER-PRIBS-T28",2024-01-24,NA,NA,NA
"TER-PRIBS-T28",2024-01-25,NA,NA,NA
"TER-PRIBS-T28",2024-01-26,NA,NA,NA
"TER-PRIBS-T28",2024-01-27,NA,NA,NA
"TER-PRIBS-T28",2024-01-28,NA,NA,NA
"TER-PRIBS-T28",2024-01-29,NA,NA,NA
"TER-PRIBS-T28",2024-01-30,NA,NA,NA
"TER-PRIBS-T28",2024-01-31,NA,NA,NA
"TER-PRIBS-T28",2024-02-01,NA,NA,NA
"TER-PRIBS-T28",2024-02-02,NA,NA,NA
"TER-PRIBS-T28",2024-02-03,NA,NA,NA
"TER-PRIBS-T28",2024-02-04,NA,NA,NA
"TER-PRIBS-T28",2024-02-05,NA,NA,NA
"TER-PRIBS-T28",2024-02-06,NA,NA,NA
"TER-PRIBS-T28",2024-02-07,NA,NA,NA
"TER-PRIBS-T28",2024-02-08,NA,NA,NA
"TER-PRIBS-T28",2024-02-09,NA,NA,NA
"TER-PRIBS-T28",2024-02-10,NA,NA,NA
"TER-PRIBS-T28",2024-02-11,NA,NA,NA
"TER-PRIBS-T28",2024-02-12,NA,NA,NA
"TER-PRIBS-T28",2024-02-13,NA,NA,NA
"TER-PRIBS-T28",2024-02-14,NA,NA,NA
"TER-PRIBS-T28",2024-02-15,NA,NA,NA
"TER-PRIBS-T28",2024-02-16,NA,NA,NA
"TER-PRIBS-T28",2024-02-17,NA,NA,NA
"TER-PRIBS-T28",2024-02-18,NA,NA,NA
"TER-PRIBS-T28",2024-02-19,NA,NA,NA
"TER-PRIBS-T28",2024-02-20,NA,NA,NA
"TER-PRIBS-T28",2024-02-21,NA,NA,NA
"TER-PRIBS-T28",2024-02-22,NA,NA,NA
"TER-PRIBS-T28",2024-02-23,NA,NA,NA
"TER-PRIBS-T28",2024-02-24,NA,NA,NA
"TER-PRIBS-T28",2024-02-25,NA,NA,NA
"TER-PRIBS-T28",2024-02-26,NA,NA,NA
"TER-PRIBS-T28",2024-02-27,NA,NA,NA
"TER-PRIBS-T28",2024-02-28,NA,NA,NA
"TER-PRIBS-T28",2024-02-29,NA,NA,NA
"TER-PRIBS-T28",2024-03-01,NA,NA,NA
"TER-PRIBS-T28",2024-03-02,NA,NA,NA
"TER-PRIBS-T28",2024-03-03,NA,NA,NA
"TER-PRIBS-T28",2024-03-04,NA,NA,NA
"TER-PRIBS-T28",2024-03-05,NA,NA,NA
"TER-PRIBS-T28",2024-03-06,NA,NA,NA
"TER-PRIBS-T28",2024-03-07,NA,NA,NA
"TER-PRIBS-T28",2024-03-08,NA,NA,NA
"TER-PRIBS-T28",2024-03-09,NA,NA,NA
"TER-PRIBS-T28",2024-03-10,NA,NA,NA
"TER-PRIBS-T28",2024-03-11,NA,NA,NA
"TER-PRIBS-T28",2024-03-12,NA,NA,NA
"TER-PRIBS-T28",2024-03-13,NA,NA,NA
"TER-PRIBS-T28",2024-03-14,NA,NA,NA
"TER-PRIBS-T28",2024-03-15,NA,NA,NA
"TER-PRIBS-T28",2024-03-16,NA,NA,NA
"TER-PRIBS-T28",2024-03-17,NA,NA,NA
"TER-PRIBS-T28",2024-03-18,NA,NA,NA
"TER-PRIBS-T28",2024-03-19,NA,NA,NA
"TER-PRIBS-T28",2024-03-20,NA,NA,NA
"TER-PRIBS-T28",2024-03-21,NA,NA,NA
"TER-PRIBS-T28",2024-03-22,NA,NA,NA
"TER-PRIBS-T28",2024-03-23,NA,NA,NA
"TER-PRIBS-T28",2024-03-24,NA,NA,NA
"TER-PRIBS-T28",2024-03-25,NA,NA,NA
"TER-PRIBS-T28",2024-03-26,NA,NA,NA
"TER-PRIBS-T28",2024-03-27,NA,NA,NA
"TER-PRIBS-T28",2024-03-28,NA,NA,NA
"TER-PRIBS-T28",2024-03-29,NA,NA,NA
"TER-PRIBS-T28",2024-03-30,NA,NA,NA
"TER-PRIBS-T28",2024-03-31,NA,NA,NA
"TER-PRIBS-T28",2024-04-01,NA,NA,NA
"TER-PRIBS-T28",2024-04-02,NA,NA,NA
"TER-PRIBS-T28",2024-04-03,NA,NA,NA
"TER-PRIBS-T28",2024-04-04,NA,NA,NA
"TER-PRIBS-T28",2024-04-05,NA,NA,NA
"TER-PRIBS-T28",2024-04-06,NA,NA,NA
"TER-PRIBS-T28",2024-04-07,NA,NA,NA
"TER-PRIBS-T28",2024-04-08,NA,NA,NA
"TER-PRIBS-T28",2024-04-09,NA,NA,NA
"TER-PRIBS-T28",2024-04-10,NA,NA,NA
"TER-PRIBS-T28",2024-04-11,NA,NA,NA
"TER-PRIBS-T28",2024-04-12,NA,NA,NA
"TER-PRIBS-T28",2024-04-13,NA,NA,NA
"TER-PRIBS-T28",2024-04-14,NA,NA,NA
"TER-PRIBS-T28",2024-04-15,NA,NA,NA
"TER-PRIBS-T28",2024-04-16,NA,NA,NA
"TER-PRIBS-T28",2024-04-17,NA,NA,NA
"TER-PRIBS-T28",2024-04-18,NA,NA,NA
"TER-PRIBS-T28",2024-04-19,NA,NA,NA
"TER-PRIBS-T28",2024-04-20,NA,NA,NA
"TER-PRIBS-T28",2024-04-21,13.5208333333333,13.7291666666667,13.6666666666667
"TER-PRIBS-T28",2024-04-22,12.2083333333333,12.2708333333333,12.1458333333333
"TER-PRIBS-T28",2024-04-23,12.7291666666667,12.8125,12.6666666666667
"TER-PRIBS-T28",2024-04-24,11.8125,11.8541666666667,11.8333333333333
"TER-PRIBS-T28",2024-04-25,12.1875,12.1666666666667,12.1666666666667
"TER-PRIBS-T28",2024-04-26,10.6875,10.8125,10.7708333333333
"TER-PRIBS-T28",2024-04-27,10.4166666666667,10.6875,10.7083333333333
"TER-PRIBS-T28",2024-04-28,10.9583333333333,11.125,11.1666666666667
"TER-PRIBS-T28",2024-04-29,11.6875,11.9375,11.9583333333333
"TER-PRIBS-T28",2024-04-30,12.4166666666667,12.75,12.875
"TER-PRIBS-T28",2024-05-01,13.4583333333333,14.1041666666667,14.1041666666667
"TER-PRIBS-T28",2024-05-02,14.2708333333333,14.6875,14.5208333333333
"TER-PRIBS-T28",2024-05-03,13.9583333333333,14.3125,14.3958333333333
"TER-PRIBS-T28",2024-05-04,14.7291666666667,14.7083333333333,14.6666666666667
"TER-PRIBS-T28",2024-05-05,14.2083333333333,14.4166666666667,14.4583333333333
"TER-PRIBS-T28",2024-05-06,15.4791666666667,15.7916666666667,15.7083333333333
"TER-PRIBS-T28",2024-05-07,14.8541666666667,14.9791666666667,15.1666666666667
"TER-PRIBS-T28",2024-05-08,14.1666666666667,14,13.9166666666667
"TER-PRIBS-T28",2024-05-09,13.9791666666667,13.4375,13.4583333333333
"TER-PRIBS-T28",2024-05-10,14.4583333333333,14.3333333333333,14.7708333333333
"TER-PRIBS-T28",2024-05-11,15.3333333333333,15.5625,15.7291666666667
"TER-PRIBS-T28",2024-05-12,15.375,15.5208333333333,15.4375
"TER-PRIBS-T28",2024-05-13,14.0416666666667,13.8541666666667,13.7708333333333
"TER-PRIBS-T28",2024-05-14,12.125,11.7916666666667,11.7708333333333
"TER-PRIBS-T28",2024-05-15,12.5625,12.5416666666667,12.4166666666667
"TER-PRIBS-T28",2024-05-16,13.2291666666667,13.1875,13.0416666666667
"TER-PRIBS-T28",2024-05-17,12.4166666666667,12.0833333333333,12.2083333333333
"TER-PRIBS-T28",2024-05-18,11.9375,11.6041666666667,11.8958333333333
"TER-PRIBS-T28",2024-05-19,13.5625,13.875,13.9583333333333
"TER-PRIBS-T28",2024-05-20,14.8125,15.2916666666667,15.2708333333333
"TER-PRIBS-T28",2024-05-21,15.0208333333333,15.4166666666667,15.25
"TER-PRIBS-T28",2024-05-22,15.7708333333333,16.4166666666667,16.4166666666667
"TER-PRIBS-T28",2024-05-23,16.5,16.8333333333333,16.75
"TER-PRIBS-T28",2024-05-24,15.375,15.0416666666667,14.9791666666667
"TER-PRIBS-T28",2024-05-25,14.3541666666667,13.8125,14.125
"TER-PRIBS-T28",2024-05-26,13.875,13.5416666666667,13.7708333333333
"TER-PRIBS-T28",2024-05-27,15.1666666666667,15.875,16.1666666666667
"TER-PRIBS-T28",2024-05-28,16.0833333333333,17.1458333333333,17.125
"TER-PRIBS-T28",2024-05-29,16.7291666666667,17.1458333333333,17.0625
"TER-PRIBS-T28",2024-05-30,15.5416666666667,15.2291666666667,15.375
"TER-PRIBS-T28",2024-05-31,14.3125,14.0625,13.9583333333333
"TER-PRIBS-T28",2024-06-01,14.7083333333333,14.7708333333333,15.3541666666667
"TER-PRIBS-T28",2024-06-02,15,15.25,15.2083333333333
"TER-PRIBS-T28",2024-06-03,14.5208333333333,14.3541666666667,14.2291666666667
"TER-PRIBS-T28",2024-06-04,14.6666666666667,14.5208333333333,14.5
"TER-PRIBS-T28",2024-06-05,13.8958333333333,13.6666666666667,13.6041666666667
"TER-PRIBS-T28",2024-06-06,13.6875,13.5625,13.9375
"TER-PRIBS-T28",2024-06-07,14.3333333333333,14.4583333333333,14.6458333333333
"TER-PRIBS-T28",2024-06-08,14.6458333333333,14.9166666666667,14.9791666666667
"TER-PRIBS-T28",2024-06-09,15.1458333333333,15.6041666666667,15.7291666666667
"TER-PRIBS-T28",2024-06-10,14.625,14.9166666666667,14.8958333333333
"TER-PRIBS-T28",2024-06-11,14.9166666666667,15.1666666666667,15.2083333333333
"TER-PRIBS-T28",2024-06-12,16.0833333333333,16.25,16.7916666666667
"TER-PRIBS-T28",2024-06-13,17.2291666666667,17.4166666666667,17.7291666666667
"TER-PRIBS-T28",2024-06-14,15.8333333333333,16.0416666666667,15.5833333333333
"TER-PRIBS-T28",2024-06-15,16.25,16.2708333333333,16.8125
"TER-PRIBS-T28",2024-06-16,17.1666666666667,17.25,17.625
"TER-PRIBS-T28",2024-06-17,16.0208333333333,16,15.8333333333333
"TER-PRIBS-T28",2024-06-18,14.7708333333333,14.75,14.8958333333333
"TER-PRIBS-T28",2024-06-19,14.3333333333333,14.4166666666667,14.5416666666667
"TER-PRIBS-T28",2024-06-20,15.1458333333333,15.1458333333333,15.5625
"TER-PRIBS-T28",2024-06-21,16.1041666666667,16.375,16.8125
"TER-PRIBS-T28",2024-06-22,16.6041666666667,17.2708333333333,17.3333333333333
"TER-PRIBS-T28",2024-06-23,17.6666666666667,18.3333333333333,18.375
"TER-PRIBS-T28",2024-06-24,16.4166666666667,16.7083333333333,16.5625
"TER-PRIBS-T28",2024-06-25,15.1041666666667,15.4583333333333,15.5208333333333
"TER-PRIBS-T28",2024-06-26,15.8541666666667,16.1458333333333,16.125
"TER-PRIBS-T28",2024-06-27,17.6458333333333,17.9166666666667,17.8958333333333
"TER-PRIBS-T28",2024-06-28,17.2291666666667,17.4166666666667,17.375
"TER-PRIBS-T28",2024-06-29,17.2708333333333,17.6041666666667,17.6041666666667
"TER-PRIBS-T28",2024-06-30,16.75,16.9791666666667,16.8958333333333
"TER-PRIBS-T28",2024-07-01,17.125,17.3333333333333,17.2708333333333
"TER-PRIBS-T28",2024-07-02,18.3333333333333,18.7916666666667,18.8125
"TER-PRIBS-T28",2024-07-03,17.5,17.7916666666667,17.6875
"TER-PRIBS-T28",2024-07-04,16.375,16.625,16.5625
"TER-PRIBS-T28",2024-07-05,16.7916666666667,17.125,17.1458333333333
"TER-PRIBS-T28",2024-07-06,18.75,19.1041666666667,19.0625
"TER-PRIBS-T28",2024-07-07,19.6041666666667,19.8541666666667,19.8125
"TER-PRIBS-T28",2024-07-08,19.75,20.0625,20
"TER-PRIBS-T28",2024-07-09,20.25,20.4375,20.4375
"TER-PRIBS-T28",2024-07-10,18.5208333333333,18.75,18.6041666666667
"TER-PRIBS-T28",2024-07-11,17.875,18.0833333333333,18.0416666666667
"TER-PRIBS-T28",2024-07-12,19.0208333333333,19.3958333333333,19.4791666666667
"TER-PRIBS-T28",2024-07-13,17.7291666666667,17.8958333333333,17.875
"TER-PRIBS-T28",2024-07-14,17.125,17.4791666666667,17.5833333333333
"TER-PRIBS-T28",2024-07-15,18.9791666666667,19.6458333333333,19.5
"TER-PRIBS-T28",2024-07-16,19.9583333333333,20.4583333333333,20.375
"TER-PRIBS-T28",2024-07-17,18.5625,18.6041666666667,18.4583333333333
"TER-PRIBS-T28",2024-07-18,17.3333333333333,17.4375,17.3541666666667
"TER-PRIBS-T28",2024-07-19,18.0833333333333,18.625,18.5833333333333
"TER-PRIBS-T28",2024-07-20,20.125,20.7708333333333,20.6666666666667
"TER-PRIBS-T28",2024-07-21,19.8958333333333,20.375,20.3333333333333
"TER-PRIBS-T28",2024-07-22,19.0625,19.4166666666667,19.375
"TER-PRIBS-T28",2024-07-23,19.1041666666667,19.375,19.3125
"TER-PRIBS-T28",2024-07-24,19.0625,19.4166666666667,19.5208333333333
"TER-PRIBS-T28",2024-07-25,20.25,20.9375,21.0208333333333
"TER-PRIBS-T28",2024-07-26,21.3125,21.875,21.8958333333333
"TER-PRIBS-T28",2024-07-27,19.9375,20.0208333333333,19.9791666666667
"TER-PRIBS-T28",2024-07-28,20.5625,21.0625,21.1041666666667
"TER-PRIBS-T28",2024-07-29,21.1458333333333,21.5625,21.4791666666667
"TER-PRIBS-T28",2024-07-30,19.4375,19.6666666666667,19.4583333333333
"TER-PRIBS-T28",2024-07-31,19.2083333333333,19.3958333333333,19.3333333333333
"TER-PRIBS-T28",2024-08-01,19.7083333333333,20.1666666666667,20.125
"TER-PRIBS-T28",2024-08-02,19.2916666666667,19.5833333333333,19.6041666666667
"TER-PRIBS-T28",2024-08-03,19.3541666666667,19.7083333333333,19.7916666666667
"TER-PRIBS-T28",2024-08-04,20.7291666666667,21.375,21.4791666666667
"TER-PRIBS-T28",2024-08-05,21.3333333333333,21.9375,21.9375
"TER-PRIBS-T28",2024-08-06,20.2291666666667,20.4166666666667,20.375
"TER-PRIBS-T28",2024-08-07,19.0208333333333,19.1041666666667,19.0833333333333
"TER-PRIBS-T28",2024-08-08,19.3958333333333,19.7291666666667,19.7708333333333
"TER-PRIBS-T28",2024-08-09,19.6458333333333,20.1875,20.125
"TER-PRIBS-T28",2024-08-10,20.1875,20.7291666666667,20.7083333333333
"TER-PRIBS-T28",2024-08-11,18.1875,18.5416666666667,18.5416666666667
"TER-PRIBS-T28",2024-08-12,17.9166666666667,18.375,18.375
"TER-PRIBS-T28",2024-08-13,20.8333333333333,21.3541666666667,21.3125
"TER-PRIBS-T28",2024-08-14,21.2708333333333,21.75,21.7916666666667
"TER-PRIBS-T28",2024-08-15,20.625,21.1041666666667,21.0416666666667
"TER-PRIBS-T28",2024-08-16,20.7916666666667,21.125,21.2291666666667
"TER-PRIBS-T28",2024-08-17,20.625,21.0208333333333,21.0208333333333
"TER-PRIBS-T28",2024-08-18,20.1458333333333,20.5208333333333,20.5208333333333
"TER-PRIBS-T28",2024-08-19,21.0208333333333,21.5416666666667,21.5208333333333
"TER-PRIBS-T28",2024-08-20,20.125,20.2916666666667,20.1666666666667
"TER-PRIBS-T28",2024-08-21,19.5625,19.875,20.0416666666667
"TER-PRIBS-T28",2024-08-22,20.1875,20.9166666666667,21.1041666666667
"TER-PRIBS-T28",2024-08-23,21.7291666666667,22.0208333333333,22
"TER-PRIBS-T28",2024-08-24,18.7083333333333,19.0208333333333,19.0625
"TER-PRIBS-T28",2024-08-25,18.6875,19.3333333333333,19.4166666666667
"TER-PRIBS-T28",2024-08-26,20.9166666666667,21.6041666666667,21.5416666666667
"TER-PRIBS-T28",2024-08-27,19.25,19.625,19.6041666666667
"TER-PRIBS-T28",2024-08-28,18.75,19.1041666666667,19.125
"TER-PRIBS-T28",2024-08-29,18.4791666666667,18.8958333333333,18.9583333333333
"TER-PRIBS-T28",2024-08-30,19.9375,20.8958333333333,20.9583333333333
"TER-PRIBS-T28",2024-08-31,20.8958333333333,21.4375,21.4583333333333
"TER-PRIBS-T28",2024-09-01,17.9583333333333,18.2916666666667,18.3541666666667
"TER-PRIBS-T28",2024-09-02,17.5625,17.9375,18.0208333333333
"TER-PRIBS-T28",2024-09-03,17.625,18.0208333333333,18.125
"TER-PRIBS-T28",2024-09-04,17.7708333333333,18.125,18.2083333333333
"TER-PRIBS-T28",2024-09-05,17.8333333333333,18.25,18.2708333333333
"TER-PRIBS-T28",2024-09-06,17.375,17.7291666666667,17.8125
"TER-PRIBS-T28",2024-09-07,17.3333333333333,17.6041666666667,17.6041666666667
"TER-PRIBS-T28",2024-09-08,17.4375,17.7916666666667,17.7291666666667
"TER-PRIBS-T28",2024-09-09,16.7083333333333,17,17
"TER-PRIBS-T28",2024-09-10,17.25,17.5208333333333,17.5
"TER-PRIBS-T28",2024-09-11,17.3958333333333,17.8125,18
"TER-PRIBS-T28",2024-09-12,17.7708333333333,18.4375,18.4791666666667
"TER-PRIBS-T28",2024-09-13,17.8541666666667,18.5625,18.6458333333333
"TER-PRIBS-T28",2024-09-14,18.0208333333333,18.5416666666667,18.5833333333333
"TER-PRIBS-T28",2024-09-15,18.0208333333333,18.625,18.6875
"TER-PRIBS-T28",2024-09-16,17.8958333333333,18.4375,18.4166666666667
"TER-PRIBS-T28",2024-09-17,18.0833333333333,18.5416666666667,18.5416666666667
"TER-PRIBS-T28",2024-09-18,16.6666666666667,17.0208333333333,17.1666666666667
"TER-PRIBS-T28",2024-09-19,16.3125,16.7083333333333,16.6875
"TER-PRIBS-T28",2024-09-20,16.9583333333333,17.125,17
"TER-PRIBS-T28",2024-09-21,16.5208333333333,17.0625,17.1875
"TER-PRIBS-T28",2024-09-22,18.0833333333333,18.6666666666667,18.75
"TER-PRIBS-T28",2024-09-23,18.8958333333333,19.6875,19.7291666666667
"TER-PRIBS-T28",2024-09-24,20.5833333333333,21.1875,21.1666666666667
"TER-PRIBS-T28",2024-09-25,20.0833333333333,20.2291666666667,20.1458333333333
"TER-PRIBS-T28",2024-09-26,16.8125,16.9583333333333,16.9583333333333
"TER-PRIBS-T28",2024-09-27,19.1458333333333,19.875,19.9583333333333
"TER-PRIBS-T28",2024-09-28,19.6041666666667,20.1458333333333,20.0833333333333
"TER-PRIBS-T28",2024-09-29,20.0625,20.5416666666667,20.3125
"TER-PRIBS-T28",2024-09-30,20.6666666666667,21.2083333333333,21.25
"TER-PRIBS-T28",2024-10-01,21.1458333333333,21.625,21.5833333333333
"TER-PRIBS-T28",2024-10-02,21.1458333333333,21.5833333333333,21.5833333333333
"TER-PRIBS-T28",2024-10-03,21.25,21.6666666666667,21.6458333333333
"TER-PRIBS-T28",2024-10-04,20.25,20.3333333333333,20.2916666666667
"TER-PRIBS-T28",2024-10-05,17.8125,17.8333333333333,17.6666666666667
"TER-PRIBS-T28",2024-10-06,14.9166666666667,15.125,15.0416666666667
"TER-PRIBS-T28",2024-10-07,16.7708333333333,17.125,17.125
"TER-PRIBS-T28",2024-10-08,18.9166666666667,19.3125,19.25
"TER-PRIBS-T28",2024-10-09,18.0208333333333,18.625,18.6666666666667
"TER-PRIBS-T28",2024-10-10,17.2708333333333,17.5,17.1875
"TER-PRIBS-T28",2024-10-11,13.7291666666667,14.0208333333333,13.8958333333333
"TER-PRIBS-T28",2024-10-12,15.5416666666667,16.125,16.1041666666667
"TER-PRIBS-T28",2024-10-13,18.3125,18.6041666666667,18.5416666666667
"TER-PRIBS-T28",2024-10-14,16.8541666666667,16.9791666666667,16.9166666666667
"TER-PRIBS-T28",2024-10-15,15.0208333333333,15.2083333333333,15.0625
"TER-PRIBS-T28",2024-10-16,14.0208333333333,14.5208333333333,14.5208333333333
"TER-PRIBS-T28",2024-10-17,14.5416666666667,14.9583333333333,14.9583333333333
"TER-PRIBS-T28",2024-10-18,16.625,17.25,17.2083333333333
"TER-PRIBS-T28",2024-10-19,17.6458333333333,18.125,18.0416666666667
"TER-PRIBS-T28",2024-10-20,13.6041666666667,13.7708333333333,13.5
"TER-PRIBS-T28",2024-10-21,12.625,12.9166666666667,12.8958333333333
"TER-PRIBS-T28",2024-10-22,14.9583333333333,15.4166666666667,15.4375
"TER-PRIBS-T28",2024-10-23,17.2708333333333,17.4375,17.3333333333333
"TER-PRIBS-T28",2024-10-24,12.3541666666667,12.7708333333333,12.8958333333333
"TER-PRIBS-T28",2024-10-25,12.6041666666667,12.8541666666667,12.9166666666667
"TER-PRIBS-T28",2024-10-26,13.1875,13.6041666666667,13.6041666666667
"TER-PRIBS-T28",2024-10-27,13.875,14.1875,14.2291666666667
"TER-PRIBS-T28",2024-10-28,13.8333333333333,14.1041666666667,14.3125
"TER-PRIBS-T28",2024-10-29,14.1041666666667,14.3333333333333,14.125
"TER-PRIBS-T28",2024-10-30,15.1458333333333,15.4791666666667,15.4166666666667
"TER-PRIBS-T28",2024-10-31,15.9583333333333,16.4583333333333,16.3125
"TER-PRIBS-T28",2024-11-01,17.6041666666667,17.7708333333333,17.6875
"TER-PRIBS-T28",2024-11-02,15.4375,15.8541666666667,15.8958333333333
"TER-PRIBS-T28",2024-11-03,15.5625,15.7708333333333,15.6875
"TER-PRIBS-T28",2024-11-04,15.1666666666667,15.5,15.4583333333333
"TER-PRIBS-T28",2024-11-05,15.8125,16.2708333333333,16.2083333333333
"TER-PRIBS-T28",2024-11-06,11.7083333333333,11.9166666666667,11.5416666666667
"TER-PRIBS-T28",2024-11-07,12.0416666666667,12.4583333333333,12.4166666666667
"TER-PRIBS-T28",2024-11-08,15.8958333333333,16.4166666666667,16.3541666666667
"TER-PRIBS-T28",2024-11-09,16.9791666666667,17.75,17.8333333333333
"TER-PRIBS-T28",2024-11-10,16.3958333333333,16.7916666666667,16.8541666666667
"TER-PRIBS-T28",2024-11-11,17.1875,17.5625,17.5416666666667
"TER-PRIBS-T28",2024-11-12,17.2291666666667,17.4583333333333,17.25
"TER-PRIBS-T28",2024-11-13,15.3958333333333,15.6458333333333,15.5
"TER-PRIBS-T28",2024-11-14,13.0208333333333,13.3125,13.2083333333333
"TER-PRIBS-T28",2024-11-15,12.4583333333333,12.7708333333333,12.5625
"TER-PRIBS-T28",2024-11-16,13.25,13.5833333333333,13.625
"TER-PRIBS-T28",2024-11-17,13.6666666666667,13.8958333333333,13.9166666666667
"TER-PRIBS-T28",2024-11-18,14.2291666666667,14.6041666666667,14.4375
"TER-PRIBS-T28",2024-11-19,13.6875,13.9791666666667,14
"TER-PRIBS-T28",2024-11-20,13.8541666666667,14.3541666666667,14.5
"TER-PRIBS-T28",2024-11-21,14.8125,15.4166666666667,15.6041666666667
"TER-PRIBS-T28",2024-11-22,16.5,16.8333333333333,16.7708333333333
"TER-PRIBS-T28",2024-11-23,14.625,14.75,14.6041666666667
"TER-PRIBS-T28",2024-11-24,10.4166666666667,10.7708333333333,10.7916666666667
"TER-PRIBS-T28",2024-11-25,13.1458333333333,13.75,13.7291666666667
"TER-PRIBS-T28",2024-11-26,15.2708333333333,15.875,15.8541666666667
"TER-PRIBS-T28",2024-11-27,13.9583333333333,14.1666666666667,13.9375
"TER-PRIBS-T28",2024-11-28,12.9583333333333,13.4375,13.3958333333333
"TER-PRIBS-T28",2024-11-29,12.9583333333333,13.3333333333333,13.25
"TER-PRIBS-T28",2024-11-30,11.4583333333333,11.6666666666667,11.625
"TER-PRIBS-T28",2024-12-01,13.1666666666667,13.5833333333333,13.4583333333333
"TER-PRIBS-T28",2024-12-02,14.5625,14.875,14.75
"TER-PRIBS-T28",2024-12-03,13.1666666666667,13.2916666666667,13.1875
"TER-PRIBS-T28",2024-12-04,13.6041666666667,14.1875,14.2916666666667
"TER-PRIBS-T28",2024-12-05,14.0833333333333,14.6458333333333,14.7291666666667
"TER-PRIBS-T28",2024-12-06,15,15.625,15.6458333333333
"TER-PRIBS-T28",2024-12-07,14.0416666666667,14.4166666666667,14.3541666666667
"TER-PRIBS-T28",2024-12-08,14.3541666666667,14.6666666666667,14.75
"TER-PRIBS-T28",2024-12-09,13.25,13.5625,13.4375
"TER-PRIBS-T28",2024-12-10,12.9583333333333,13.3541666666667,13.3333333333333
"TER-PRIBS-T28",2024-12-11,13.1458333333333,13.4791666666667,13.2708333333333
"TER-PRIBS-T28",2024-12-12,11.1458333333333,11.25,11.0833333333333
"TER-PRIBS-T28",2024-12-13,10.25,10.5416666666667,10.4375
"TER-PRIBS-T28",2024-12-14,10.5208333333333,10.9166666666667,11.0208333333333
"TER-PRIBS-T28",2024-12-15,12.2291666666667,12.5625,12.5
"TER-PRIBS-T28",2024-12-16,13.125,13.2291666666667,13.125
"TER-PRIBS-T28",2024-12-17,11.75,12.4166666666667,12.4583333333333
"TER-PRIBS-T28",2024-12-18,11.1041666666667,11.3541666666667,11.2083333333333
"TER-PRIBS-T28",2024-12-19,9.70833333333333,9.85416666666667,9.75
"TER-PRIBS-T28",2024-12-20,9.1875,9.85416666666667,9.91666666666667
"TER-PRIBS-T28",2024-12-21,10.5416666666667,10.8541666666667,10.8125
"TER-PRIBS-T28",2024-12-22,10.9583333333333,11.375,11.3541666666667
"TER-PRIBS-T28",2024-12-23,11.3333333333333,11.7291666666667,11.7708333333333
"TER-PRIBS-T28",2024-12-24,10.9166666666667,11.2083333333333,11.2083333333333
"TER-PRIBS-T28",2024-12-25,10.9583333333333,11.25,11.2708333333333
"TER-PRIBS-T28",2024-12-26,11.6875,12.0416666666667,12.0833333333333
"TER-PRIBS-T28",2024-12-27,13.3958333333333,13.875,13.8125
"TER-PRIBS-T28",2024-12-28,13.0625,13.9791666666667,14.1875
"TER-PRIBS-T28",2024-12-29,12.4583333333333,12.9583333333333,12.9375
"TER-PRIBS-T28",2024-12-30,13.2083333333333,13.6041666666667,13.6875
"TER-PRIBS-T28",2024-12-31,14.4375,14.625,14.5833333333333
"TER-PRIBS-T28",2025-01-01,15.0833333333333,15.375,15.25
"TER-PRIBS-T28",2025-01-02,15.0833333333333,15.5416666666667,15.5208333333333
"TER-PRIBS-T28",2025-01-03,14.8958333333333,15.1458333333333,15.0208333333333
"TER-PRIBS-T28",2025-01-04,13.4166666666667,13.5625,13.3958333333333
"TER-PRIBS-T28",2025-01-05,12.2291666666667,12.4791666666667,12.4375
"TER-PRIBS-T28",2025-01-06,14.6041666666667,15.1041666666667,15.0208333333333
"TER-PRIBS-T28",2025-01-07,12.6875,12.9791666666667,12.9166666666667
"TER-PRIBS-T28",2025-01-08,13.1041666666667,13.5,13.4375
"TER-PRIBS-T28",2025-01-09,15.4791666666667,15.8958333333333,15.8333333333333
"TER-PRIBS-T28",2025-01-10,15.5625,15.9375,15.8541666666667
"TER-PRIBS-T28",2025-01-11,15.2708333333333,15.5,15.4583333333333
"TER-PRIBS-T28",2025-01-12,13.7916666666667,14.1875,14.1458333333333
"TER-PRIBS-T28",2025-01-13,14.8541666666667,15.2916666666667,15.2291666666667
"TER-PRIBS-T28",2025-01-14,15.0208333333333,15.3333333333333,15.3333333333333
"TER-PRIBS-T28",2025-01-15,14.875,15.2083333333333,15.125
"TER-PRIBS-T28",2025-01-16,15.4166666666667,15.5208333333333,15.4791666666667
"TER-PRIBS-T28",2025-01-17,14.5416666666667,14.6458333333333,14.4791666666667
"TER-PRIBS-T28",2025-01-18,10.8125,10.9166666666667,10.75
"TER-PRIBS-T28",2025-01-19,11.2916666666667,11.4375,11.2708333333333
"TER-PRIBS-T28",2025-01-20,10.7083333333333,10.8333333333333,10.6666666666667
"TER-PRIBS-T28",2025-01-21,9.75,9.9375,9.89583333333333
"TER-PRIBS-T28",2025-01-22,8.4375,8.64583333333333,8.77083333333333
"TER-PRIBS-T28",2025-01-23,11.9583333333333,12.4583333333333,12.4791666666667
"TER-PRIBS-T28",2025-01-24,10.9791666666667,11.0625,10.875
"TER-PRIBS-T28",2025-01-25,11.2708333333333,11.7083333333333,11.6458333333333
"TER-PRIBS-T28",2025-01-26,11.6666666666667,11.8958333333333,11.8541666666667
"TER-PRIBS-T28",2025-01-27,9.22916666666667,9.66666666666667,9.83333333333333
"TER-PRIBS-T28",2025-01-28,11.7291666666667,12.1875,12.2291666666667
"TER-PRIBS-T28",2025-01-29,11.4583333333333,11.6666666666667,11.5
"TER-PRIBS-T28",2025-01-30,12.6666666666667,13.1875,13.3333333333333
"TER-PRIBS-T28",2025-01-31,13.6458333333333,13.9791666666667,14
"TER-PRIBS-T28",2025-02-01,11.8958333333333,12.0625,11.9791666666667
"TER-PRIBS-T28",2025-02-02,11.3125,11.7291666666667,11.6875
"TER-PRIBS-T28",2025-02-03,13.3541666666667,13.5416666666667,13.375
"TER-PRIBS-T28",2025-02-04,9.79166666666667,9.95833333333333,9.77083333333333
"TER-PRIBS-T28",2025-02-05,14.1666666666667,14.4375,14.4583333333333
"TER-PRIBS-T28",2025-02-06,13.8125,14.3333333333333,14.3958333333333
"TER-PRIBS-T28",2025-02-07,13.3541666666667,13.5208333333333,13.3541666666667
"TER-PRIBS-T28",2025-02-08,10.9583333333333,11.0833333333333,11
"TER-PRIBS-T28",2025-02-09,11.3125,11.5208333333333,11.375
"TER-PRIBS-T28",2025-02-10,11.125,11.1875,11.0625
"TER-PRIBS-T28",2025-02-11,12.5,13,13.0208333333333
"TER-PRIBS-T28",2025-02-12,NA,NA,NA
"TER-PRIBS-T28",2025-02-13,NA,NA,NA
"TER-PRIBS-T28",2025-02-14,NA,NA,NA
"TER-PRIBS-T28",2025-02-15,NA,NA,NA
"TER-PRIBS-T28",2025-02-16,NA,NA,NA
"TER-PRIBS-T28",2025-02-17,NA,NA,NA
"TER-PRIBS-T28",2025-02-18,NA,NA,NA
"TER-PRIBS-T28",2025-02-19,NA,NA,NA
"TER-PRIBS-T28",2025-02-20,NA,NA,NA
"TER-PRIBS-T28",2025-02-21,NA,NA,NA
"TER-PRIBS-T28",2025-02-22,NA,NA,NA
"TER-PRIBS-T28",2025-02-23,NA,NA,NA
"TER-PRIBS-T28",2025-02-24,NA,NA,NA
"TER-PRIBS-T28",2025-02-25,NA,NA,NA
"TER-PRIBS-T28",2025-02-26,NA,NA,NA
"TER-PRIBS-T28",2025-02-27,NA,NA,NA
"TER-PRIBS-T28",2025-02-28,NA,NA,NA
"TER-PRIBS-T28",2025-03-01,NA,NA,NA
"TER-PRIBS-T28",2025-03-02,NA,NA,NA
"TER-PRIBS-T28",2025-03-03,NA,NA,NA
"TER-PRIBS-T28",2025-03-04,NA,NA,NA
"TER-PRIBS-T28",2025-03-05,NA,NA,NA
"TER-PRIBS-T28",2025-03-06,NA,NA,NA
"TER-PRIBS-T28",2025-03-07,NA,NA,NA
"TER-PRIBS-T28",2025-03-08,NA,NA,NA
"TER-PRIBS-T28",2025-03-09,NA,NA,NA
"TER-PRIBS-T28",2025-03-10,NA,NA,NA
"TER-PRIBS-T28",2025-03-11,NA,NA,NA
"TER-PRIBS-T28",2025-03-12,NA,NA,NA
"TER-PRIBS-T28",2025-03-13,NA,NA,NA
"TER-PRIBS-T28",2025-03-14,NA,NA,NA
"TER-PRIBS-T28",2025-03-15,NA,NA,NA
"TER-PRIBS-T28",2025-03-16,NA,NA,NA
"TER-PRIBS-T28",2025-03-17,NA,NA,NA
"TER-PRIBS-T28",2025-03-18,NA,NA,NA
"TER-PRIBS-T28",2025-03-19,NA,NA,NA
"TER-PRIBS-T28",2025-03-20,NA,NA,NA
"TER-PRIBS-T28",2025-03-21,NA,NA,NA
"TER-PRIBS-T28",2025-03-22,NA,NA,NA
"TER-PRIBS-T28",2025-03-23,NA,NA,NA
"TER-PRIBS-T28",2025-03-24,NA,NA,NA
"TER-PRIBS-T28",2025-03-25,NA,NA,NA
"TER-PRIBS-T28",2025-03-26,NA,NA,NA
"TER-PRIBS-T28",2025-03-27,NA,NA,NA
"TER-PRIBS-T28",2025-03-28,NA,NA,NA
"TER-PRIBS-T28",2025-03-29,NA,NA,NA
"TER-PRIBS-T28",2025-03-30,NA,NA,NA
"TER-PRIBS-T28",2025-03-31,NA,NA,NA
"TER-PRIBS-T28",2025-04-01,NA,NA,NA
"TER-PRIBS-T28",2025-04-02,NA,NA,NA
"TER-PRIBS-T28",2025-04-03,NA,NA,NA
"TER-PRIBS-T28",2025-04-04,NA,NA,NA
"TER-PRIBS-T28",2025-04-05,NA,NA,NA
"TER-PRIBS-T28",2025-04-06,NA,NA,NA
"TER-PRIBS-T28",2025-04-07,NA,NA,NA
"TER-PRIBS-T28",2025-04-08,NA,NA,NA
"TER-PRIBS-T28",2025-04-09,NA,NA,NA
"TER-PRIBS-T28",2025-04-10,NA,NA,NA
"TER-PRIBS-T28",2025-04-11,NA,NA,NA
"TER-PRIBS-T28",2025-04-12,NA,NA,NA
"TER-PRIBS-T28",2025-04-13,NA,NA,NA
"TER-PRIBS-T28",2025-04-14,NA,NA,NA
"TER-PRIBS-T28",2025-04-15,NA,NA,NA
"TER-PRIBS-T28",2025-04-16,NA,NA,NA
"TER-PRIBS-T28",2025-04-17,NA,NA,NA
"TER-PRIBS-T28",2025-04-18,NA,NA,NA
"TER-PRIBS-T28",2025-04-19,NA,NA,NA
"TER-PRIBS-T28",2025-04-20,NA,NA,NA
"TER-PRIBS-T28",2025-04-21,NA,NA,NA
"TER-PRIBS-T28",2025-04-22,NA,NA,NA
"TER-PRIBS-T28",2025-04-23,NA,NA,NA
"TER-PRIBS-T28",2025-04-24,NA,NA,NA
"TER-PRIBS-T28",2025-04-25,NA,NA,NA
"TER-PRIBS-T28",2025-04-26,NA,NA,NA
"TER-PRIBS-T28",2025-04-27,NA,NA,NA
"TER-PRIBS-T28",2025-04-28,NA,NA,NA
"TER-PRIBS-T28",2025-04-29,NA,NA,NA
"TER-PRIBS-T28",2025-04-30,NA,NA,NA
"TER-PRIBS-T28",2025-05-01,NA,NA,NA
"TER-PRIBS-T28",2025-05-02,NA,NA,NA
"TER-PRIBS-T28",2025-05-03,NA,NA,NA
"TER-PRIBS-T28",2025-05-04,NA,NA,NA
"TER-PRIBS-T28",2025-05-05,NA,NA,NA
"TER-PRIBS-T28",2025-05-06,NA,NA,NA
"TER-PRIBS-T28",2025-05-07,NA,NA,NA
"TER-PRIBS-T28",2025-05-08,NA,NA,NA
"TER-PRIBS-T28",2025-05-09,NA,NA,NA
"TER-PRIBS-T28",2025-05-10,NA,NA,NA
"TER-PRIBS-T28",2025-05-11,NA,NA,NA
"TER-PRIBS-T28",2025-05-12,NA,NA,NA
"TER-PRIBS-T28",2025-05-13,NA,NA,NA
"TER-PRIBS-T28",2025-05-14,NA,NA,NA
"TER-PRIBS-T28",2025-05-15,NA,NA,NA
"TER-PRIBS-T28",2025-05-16,NA,NA,NA
"TER-PRIBS-T28",2025-05-17,NA,NA,NA
"TER-PRIBS-T28",2025-05-18,NA,NA,NA
"TER-PRIBS-T28",2025-05-19,NA,NA,NA
"TER-PRIBS-T28",2025-05-20,NA,NA,NA
"TER-PRIBS-T28",2025-05-21,NA,NA,NA
"TER-PRIBS-T28",2025-05-22,NA,NA,NA
"TER-PRIBS-T28",2025-05-23,NA,NA,NA
"TER-PRIBS-T28",2025-05-24,NA,NA,NA
"TER-PRIBS-T28",2025-05-25,NA,NA,NA
"TER-PRIBS-T28",2025-05-26,NA,NA,NA
"TER-PRIBS-T28",2025-05-27,NA,NA,NA
"TER-PRIBS-T28",2025-05-28,NA,NA,NA
"TER-PRIBS-T28",2025-05-29,NA,NA,NA
"TER-PRIBS-T28",2025-05-30,NA,NA,NA
"TER-PRIBS-T28",2025-05-31,NA,NA,NA
"TER-PRIBS-T28",2025-06-01,NA,NA,NA
"TER-PRIBS-T28",2025-06-02,NA,NA,NA
"TER-PRIBS-T28",2025-06-03,NA,NA,NA
"TER-PRIBS-T28",2025-06-04,NA,NA,NA
"TER-PRIBS-T28",2025-06-05,NA,NA,NA
"TER-PRIBS-T28",2025-06-06,NA,NA,NA
"TER-PRIBS-T28",2025-06-07,NA,NA,NA
"TER-PRIBS-T28",2025-06-08,NA,NA,NA
"TER-PRIBS-T28",2025-06-09,NA,NA,NA
"TER-PRIBS-T28",2025-06-10,NA,NA,NA
"TER-PRIBS-T28",2025-06-11,NA,NA,NA
"TER-PRIBS-T28",2025-06-12,NA,NA,NA
